time,dpt,mtw,awa,aws,cog,hdg,rot,sog,stw,pitch,yaw,roll,lng,lat,tws,twa,twd,vmg,dist,cum_dist
2026-09-30T17:24:08+03:00,27.71,289.0,-121.22111723136307,8.70912,211.9943841984046,194.100912256469,-1.7056380603249477,5.90976,5.67648,-0.40107045659157625,,2.165780465594512,24.788859,59.47886,12.811360157418752,144.45487569494125,67.53950850346334,-4.808523047217205,0.003433887794780351,0.003433887794780351
2026-09-30T17:24:10+03:00,27.75,289.0,-122.59621593967704,6.8623199999999995,214.99668304489012,189.3281738230292,-2.3082177734640346,6.2208000000000006,5.754239999999999,-0.4526366581533504,,4.0164341438670705,24.788796,59.478811,11.479736042662328,149.76022715321272,65.2364558916774,-5.374307214392369,0.0035175484804053653,0.006951436275185716
2026-09-30T17:24:12+03:00,27.75,289.0,-103.60839460904155,8.32032,202.99894681485068,187.46033141090274,-0.7162545396930421,5.851439999999999,5.346,-0.5213915935690492,,6.233780811023356,24.788745,59.478761,11.241758306513134,133.99929827035638,68.9996485444943,-4.064700223109632,0.003384682295021862,0.010336118570207577
2026-09-30T17:24:14+03:00,27.82,289.0,-114.07060394813041,9.50616,204.99856951985726,186.50922147098555,-0.25788830358838355,5.98752,5.13216,0.12032113697747288,,5.1222426884695595,24.7887,59.47871,13.139525252548532,138.65686245947808,66.34170706037918,-4.495232491152907,0.0033592028119998254,0.013695321382207403
2026-09-30T17:24:16+03:00,27.63,289.0,-112.111088288783,9.719999999999999,201.99627067337175,185.86177916248775,0.32962261953876265,6.0264,5.346,0.08021409131831525,,4.388856710702106,24.788657,59.478658,13.22470359060148,137.08332713241143,64.91294354096033,-4.413402584774247,0.0033900407147698436,0.017085362096977245
2026-09-30T17:24:18+03:00,27.67,289.0,-113.4460799514378,9.17568,203.9958933783783,188.71510898223923,1.1217940670866386,5.87088,5.57928,0.27501974166279514,,4.142484858795853,24.788616,59.478607,12.709367183684783,138.52041536885838,65.47547800951992,-4.398415007839487,0.003311147422414332,0.02039650951939158
2026-09-30T17:24:20+03:00,27.78,289.0,-102.8635494753715,9.020159999999999,203.9958933783783,188.2682019020372,0.26075309256403767,6.0652800000000004,5.346,0.09740282517223994,,0.5958761069360561,24.78858,59.478559,11.937796519724374,132.55457139034573,71.44132198803257,-4.101901076858219,0.0030873766423288474,0.023483886161720424
2026-09-30T17:24:22+03:00,27.93,289.0,-113.11376443026192,7.52328,205.99551608338487,188.9500216782429,-1.6624370425720836,5.7348,5.3654399999999995,-0.09740282517223994,,8.015679553880217,24.788529,59.47851,11.106805203869401,141.46560633149443,64.52990975189044,-4.485957441820646,0.003331430550640163,0.026815316712360586
2026-09-30T17:24:24+03:00,27.78,289.0,-102.39945366131553,8.378639999999999,206.9981922248638,185.70135097985113,-0.15263595662285132,6.0264,5.1710400000000005,0.2119943841984046,,5.849899088285706,24.788482,59.478463,11.322695879509817,133.72002512133741,73.27816710352639,-4.165056259302792,0.0031685110780528243,0.02998382779041341
2026-09-30T17:24:26+03:00,27.78,289.0,-105.67677224946384,8.57304,202.99894681485068,184.99088331388887,-0.2790304462287109,6.0264,5.5598399999999994,0.0,,10.021031836838098,24.788438,59.47841,11.736059519806869,135.30650706611607,67.69243974873461,-4.2840433367410276,0.003457286794660794,0.033441114585074205
2026-09-30T17:24:28+03:00,27.86,289.0,-101.37385920803135,11.21688,200.9993241098441,182.0573394028191,-1.0061138882497256,5.98752,6.0652800000000004,-0.31512678732195276,,7.603149941386025,24.788399,59.478355,13.71709008826539,126.7100229627433,74.28930114710082,-3.579132260332242,0.003513759684400835,0.03695487426947504
2026-09-30T17:24:30+03:00,27.93,289.01,-103.57974671928503,10.303199999999999,200.9993241098441,183.69026911894193,-0.7054829331445825,6.18192,6.10416,-0.3036676314193363,,8.81782046706337,24.78836,59.478301,13.201604899783522,130.65622452271785,70.34309958712626,-4.027638207008153,0.0034572679236993353,0.04041214219317437
2026-09-30T17:24:32+03:00,27.78,289.01,-102.77187622815056,11.4696,198.9997014048375,180.89423507870353,-0.8273510561689087,6.55128,6.492959999999999,-0.418259190445501,,8.181837314468156,24.788317,59.478248,14.411579160731986,129.08887397325896,69.91082743157855,-4.13074646631567,0.0034455444084822715,0.04385768660165664
2026-09-30T17:24:34+03:00,27.82,289.0,-101.76920008667163,10.45872,196.99434912187962,182.14328307208868,1.9227317689000163,6.62904,5.90976,-0.13178029288008933,,11.035167134219655,24.788283,59.478194,13.476348553814526,130.55657880797258,66.43777031390704,-4.310192674343384,0.003407722915235033,0.04726540951689168
2026-09-30T17:24:36+03:00,27.93,289.0,-92.21226406388949,12.51936,195.99740255835198,180.90569423460613,-1.0609459492437452,6.5124,6.6095999999999995,-0.5213915935690492,,6.932789321082962,24.788251,59.478133,14.333185443196157,119.21413102812443,76.78327153022755,-3.1785392109994226,0.003794467779911996,0.051059877296803675
2026-09-30T17:24:38+03:00,27.93,289.0,-95.02548683798184,10.16712,197.9970252633586,182.4985169050698,0.018563832562238675,6.318,6.35688,-0.1546986046853223,,8.078704911344607,24.788218,59.478077,12.431469398438487,125.44135478810438,72.55567047525423,-3.6636146295527245,0.003513544216960686,0.05457342151376436
2026-09-30T17:24:40+03:00,27.78,289.01,-96.3948559683445,11.4696,196.99434912187962,183.7418353205037,1.441504516769638,6.25968,5.87088,-0.05156620156177409,,2.9163551772158907,24.788181,59.47802,13.664865862988062,123.47494250143431,73.51940662044531,-3.4526657466662805,0.003607518046031238,0.0581809395597956
2026-09-30T17:24:42+03:00,27.93,289.0,-100.2222140398184,9.583919999999999,201.99627067337175,185.12839318472032,0.2936408700045469,6.37632,5.7153599999999996,0.5271211715203573,,4.789927167293682,24.788147,59.477967,12.417687441488397,130.57589147670188,71.42037919666987,-4.14750717699464,0.0033505231913731922,0.06153146275116879
2026-09-30T17:24:44+03:00,28.05,289.0,-96.2516165195618,9.5256,201.99627067337175,183.3178465521069,0.40594059785018827,6.43464,6.1624799999999995,-0.20053522829578813,,7.8036851696818115,24.788102,59.477912,12.061957376336105,128.27688906343369,73.71938160993807,-3.9860177464562416,0.0035799745808878735,0.06511143733205667
2026-09-30T17:24:46+03:00,28.05,289.02,-106.34140329181558,11.39184,201.99627067337175,183.59859587172102,-0.698149073366908,6.10416,6.25968,-0.06302535746439056,,8.130271112906382,24.788054,59.477854,14.3584478197067,130.41768572517543,71.57858494819632,-3.957662274443593,0.003781667484286246,0.06889310481634292
2026-09-30T17:24:48+03:00,27.93,289.0,-99.71801118010328,11.72232,197.9970252633586,184.31479311563453,0.4193478102562495,6.2208000000000006,6.1236,0.09740282517223994,,4.543555315387428,24.788021,59.477802,14.16790613468617,125.36189335080408,72.63513191255453,-3.6002190348057974,0.0032839337045304277,0.07217703852087334
2026-09-30T17:24:50+03:00,28.08,288.99,-98.45750403081547,10.12824,201.99627067337175,183.5527592481105,-1.907777570447102,6.59016,6.045839999999999,-0.2119943841984046,,8.697499330085895,24.78798,59.477743,12.870319051109572,128.88681211083622,73.10945856253554,-4.137196420013104,0.0037607395659442905,0.07593777808681763
2026-09-30T17:24:52+03:00,28.08,289.0,-100.8410084585597,9.79776,202.99894681485068,179.9144772490298,0.5747912600752418,6.27912,6.201359999999999,-0.47555496995858326,,9.843414920347545,24.787941,59.47769,12.59229276136369,130.16505749757084,72.83388931727984,-4.0499806460045535,0.003400907010230744,0.07933868509704838
2026-09-30T17:24:54+03:00,27.93,289.0,-99.20234916448553,11.35296,196.99434912187962,179.01493351067444,-1.0796816691445232,6.318,6.045839999999999,-0.1432394487827058,,8.03859786568545,24.787898,59.477631,13.847329957121989,125.97099558675615,71.02335353512348,-3.7110392580393503,0.0037814987714133116,0.08312018386846169
2026-09-30T17:24:56+03:00,28.05,289.01,-95.1343488190567,10.692,194.99472641687308,176.31630229560824,-0.7260521179897792,6.43464,6.14304,-0.320856365273261,,9.448074041707274,24.787862,59.477574,12.962921167627192,124.76430524308611,70.23042117378697,-3.669043878985841,0.0035980815232758466,0.08671826539173753
2026-09-30T17:24:58+03:00,28.08,289.0,-90.69392590679281,11.81952,193.99777985334543,175.13600923763875,-1.1385244347044587,6.78456,6.454079999999999,-0.6073352628386726,,11.997736230039438,24.787834,59.477515,13.699404176802666,120.37743082698177,73.62034902636367,-3.4309111166226596,0.003647911226382579,0.09036617661812012
2026-09-30T17:25:00+03:00,28.08,289.0,-97.00792080913448,13.64688,189.9985344433323,175.27351910847014,1.3834065963433726,6.97896,6.648479999999999,-0.3323155211758775,,10.69712203509247,24.787814,59.477455,16.068082537980874,122.54480360198852,67.45373084134377,-3.7543940015672543,0.0036577783142257114,0.09402395493234583
2026-09-30T17:25:02+03:00,27.93,289.0,-95.91930099838592,13.64688,189.9985344433323,177.51951366538296,0.605501797894254,7.03728,6.53184,-0.17188733853924698,,7.643256987045181,24.787787,59.477396,15.98651804433661,121.88632805615566,68.11220638717663,-3.717342792103673,0.0036408798151837994,0.09766483474752963
2026-09-30T17:25:05+03:00,28.2,289.0,-93.94832618313589,12.636,191.99815714833886,175.41102897930153,-2.142862153789279,7.503839999999999,7.03728,-0.5786873730821314,,9.803307874688386,24.787711,59.477261,15.133866128593008,123.59527499161123,68.40288215672763,-4.152046201411011,0.004058625360521003,0.10172346010805063
2026-09-30T17:25:07+03:00,28.08,289.0,-92.95137961960826,11.4696,189.9985344433323,176.06993044370196,2.077659556703391,7.13448,6.27912,-0.2578310078088704,,8.668851440329355,24.787692,59.477203,13.815900312210404,123.996394717902,66.00213972543028,-3.989178397947639,0.0035341688123287376,0.10525762892037936
2026-09-30T17:25:09+03:00,28.08,288.99,-94.89370654510174,12.5388,189.9985344433323,178.4362461375923,1.143509167522097,6.62904,6.59016,0.1776169164905552,,3.707036934496426,24.787671,59.477143,14.674713896219385,121.64287200752102,68.35566243581127,-3.4777473189371793,0.003662998552954326,0.10892062747333368
2026-09-30T17:25:11+03:00,28.08,289.0,-98.1939434450553,10.90584,197.9970252633586,179.46757016882776,-0.17079871872849842,6.804,6.1624799999999995,0.1546986046853223,,5.970220225263178,24.787641,59.477084,13.652227656149735,127.75115500407367,70.24587025928494,-4.16563482291861,0.0036627011548000343,0.11258332862813372
2026-09-30T17:25:13+03:00,28.38,289.01,-98.85857448740704,10.886399999999998,194.99472641687308,178.17841512978342,0.1373952792723714,6.7068,6.454079999999999,0.017188733853924696,,7.270834420210147,24.78761,59.477025,13.637531608754125,127.93157276820712,67.06315364866596,-4.122803630665276,0.0036704537984369916,0.11625378242657071
2026-09-30T17:25:15+03:00,28.23,289.01,-94.74473751836774,11.664,198.9997014048375,176.12722622321505,-1.1697506345390887,6.97896,6.47352,-0.492743703812508,,11.820119313548883,24.787571,59.476963,14.079115091099863,124.3483856623374,74.6513157425001,-3.9376930905312344,0.003912239705277134,0.12016602213184785
2026-09-30T17:25:17+03:00,28.23,289.0,-97.68974058534016,11.91672,193.99777985334543,175.84647690360094,0.6796998323636957,6.454079999999999,6.27912,-0.38961130068895977,,11.464885480567773,24.787542,59.476903,14.291473542650131,124.2758529776672,69.72192687567824,-3.6347948585644336,0.0037135351574333415,0.1238795572892812
2026-09-30T17:25:19+03:00,28.2,289.01,-96.96781376347532,13.19976,192.9951037118665,177.4679474638212,0.7562469937931736,6.72624,6.24024,-0.3380450991271857,,8.325076763250863,24.787518,59.476843,15.52472986199114,122.43917244888414,70.55593126298237,-3.607981548267389,0.003680133027346745,0.12755969031662795
2026-09-30T17:25:21+03:00,28.27,289.01,-99.2424562101447,12.38328,191.99815714833886,181.52448865334745,2.328786958309231,6.82344,6.318,0.13750987083139757,,5.0133807073947025,24.787492,59.476783,15.06809165292298,125.79135110178265,66.20680604655621,-3.990588148325948,0.0036927735441196186,0.13125246386074757
2026-09-30T17:25:23+03:00,28.38,289.01,-93.99989238469766,11.60568,195.99740255835198,180.26398150405961,-2.1300851949578616,6.97896,6.492959999999999,0.05156620156177409,,1.5412564689019144,24.787461,59.476721,13.95339811790221,123.93003476744218,72.0673677909098,-3.895516795883585,0.003844963389228173,0.13509742724997575
2026-09-30T17:25:25+03:00,28.23,289.01,-103.68287912240858,8.30088,198.9997014048375,182.9626127191258,-0.988925154395801,6.43464,5.890319999999999,-0.2119943841984046,,9.791848718785769,24.787424,59.476667,11.64382844334478,136.15837482806012,62.84132657677739,-4.641030417921482,0.0034367398147432523,0.138534167064719
2026-09-30T17:25:27+03:00,28.23,289.01,-110.30054165616957,10.653120000000001,201.99627067337175,179.16963211535975,-2.3987451050947044,6.045839999999999,6.1624799999999995,-0.02864788975654116,,9.006896539456541,24.787384,59.476609,13.954658689615057,134.2755352507202,67.72073542265156,-4.2206591123046096,0.0036939226467782374,0.14222808971149722
2026-09-30T17:25:29+03:00,28.23,289.0,-86.47695653462995,10.63368,198.9997014048375,164.15813788293215,-10.207644190712209,6.55128,6.84288,-1.753250853100319,,13.567640588697895,24.78734,59.476556,12.14218647091457,119.060399962302,79.93930144253551,-3.1821621161711664,0.0034573154367350044,0.14568540514823222
2026-09-30T17:25:31+03:00,28.38,289.01,-53.19383821548044,12.16944,186.9962355968468,128.2737911738887,-21.471650668307113,7.44552,6.55128,-6.182214609461583,,25.250250031415376,24.787323,59.476488,9.744896204020598,90.9095506250342,96.08668497181259,-0.11819008308086097,0.004120141113720259,0.14980554626195247
2026-09-30T17:25:33+03:00,28.31,289.01,-32.41838856403679,18.42912,150.99729732877717,82.15068866585743,-21.846594249440724,6.045839999999999,4.859999999999999,-3.105431249609062,,23.78920765383178,24.787371,59.476433,13.713998957016203,46.08899007651311,104.90830725226405,4.193033543178161,0.0036161310762328033,0.15342167733818526
2026-09-30T17:25:35+03:00,28.23,289.0,-18.650212747043106,19.984319999999997,99.99832398418258,58.43023594744136,-3.9837182537651006,4.87944,4.02408,-0.34377467707849396,,3.3919101471744737,24.787452,59.476421,15.44015640222344,24.450474059273688,75.54784992490889,4.441848833989983,0.0025758407796307365,0.155997518117816
2026-09-30T17:25:37+03:00,28.23,289.01,-10.445457120769717,17.24328,62.99670957463401,69.04714389121551,11.519889428900331,3.7908,3.57696,-0.3552338329811104,,-7.0932175037195915,24.78752,59.476434,13.53276434106539,13.356511309674431,49.64019826495958,3.68826454417258,0.002218116782352715,0.1582156349001687
2026-09-30T17:25:39+03:00,28.23,289.0,-31.387064532801308,15.22152,58.99746416462087,102.87457211573931,15.600666733160594,3.402,3.42144,-0.32658594322456924,,-1.1459155902616465,24.787575,59.476448,12.444123518101925,39.572770161792874,19.424694002827998,2.6223163440030404,0.0018781267227048104,0.16009376162287353
2026-09-30T17:25:41+03:00,28.23,289.01,-49.99100414069913,12.985919999999998,102.99489325271679,127.23673756470191,10.260929265659373,2.916,3.73248,0.5213915935690492,,7.0702991919143585,24.78762,59.476444,11.333457671338513,61.35671174748721,41.63818150522958,1.3977993467300018,0.0013946525427593773,0.16148841416563292
2026-09-30T17:25:43+03:00,28.08,289.01,-72.56554126885358,13.06368,145.99537577728506,136.2608228380124,2.3277556342779957,3.38256,3.7519199999999997,1.32926208470351,,11.89460382691589,24.787659,59.476422,12.474866569215019,87.55809129936279,58.437284477922276,0.1441188588724031,0.0017793808906678885,0.16326779505630082
2026-09-30T17:25:47+03:00,28.23,289.01,-70.55445940794436,14.52168,146.99805191876402,141.25701481155315,3.185759932486403,4.60728,4.78224,0.716197243913529,,11.092462913732737,24.787699,59.476389,13.695223151784678,89.04967313503894,57.948378783725076,0.07641437542214102,0.002329302914942621,0.16559709797124345
2026-09-30T17:25:49+03:00,28.12,289.01,-80.18587994409351,14.132879999999998,152.99692003378374,151.70203541678808,5.535918216554014,5.1710400000000005,5.1710400000000005,0.8307888029396938,,9.190243033898403,24.787748,59.47635,14.197325891785137,101.21830452828107,51.77861550550267,-1.006014100207465,0.0027808199103171727,0.16837791788156062
2026-09-30T17:25:51+03:00,28.05,289.0,-82.01934488851215,13.84128,163.9977097002955,159.76355159427877,0.6580420277077504,5.773680000000001,5.851439999999999,0.8823550045014679,,9.01262611740785,24.787777,59.476296,14.23818043611938,105.69630510056531,58.30140459973019,-1.5620019368014053,0.0033643903410853467,0.17174230822264597
2026-09-30T17:25:53+03:00,27.93,289.01,-78.46700655870104,12.94704,175.99544593033497,159.96981640052581,0.6474423084978302,6.39576,6.27912,0.20053522829578813,,8.537071147449266,24.787791,59.476231,13.244635044940233,106.7056221118944,69.28982381844057,-1.8384900197104195,0.003930309180363781,0.17567261740300974
2026-09-30T17:25:55+03:00,28.05,289.01,-74.00939491258323,12.88872,172.99887666180075,160.4109939027766,0.43963051620388066,6.74568,6.25968,0.0,,7.236456952502297,24.787808,59.476169,12.795355940921386,104.46021590266444,68.5386607591363,-1.6844482200378765,0.0037626422407887766,0.17943525964379853
2026-09-30T17:25:59+03:00,28.05,289.01,-68.42305641005771,12.130560000000001,174.99849936680735,155.67836251499597,-1.9406653478876112,6.76512,6.43464,-0.5213915935690492,,10.548153008358458,24.787829,59.476031,11.51341352958136,101.54416808315875,73.4543312836486,-1.3538579902410854,0.004092907416928891,0.18352816706072742
2026-09-30T17:26:01+03:00,28.01,289.01,-62.09187277386212,12.577679999999999,168.99963125178763,150.120671902227,-0.6588441686209336,6.1624799999999995,6.92064,-0.045836623610465865,,7.723471078363497,24.787847,59.475974,11.11829848154364,91.41952456878349,77.58010668300415,-0.15266214962346994,0.0034699282259515315,0.18699809528667893
2026-09-30T17:26:03+03:00,27.93,289.01,-64.32640817487233,13.549679999999999,160.99541085381,149.5018774834857,0.37110476390623426,6.29856,6.59016,0.18907607239317165,,7.528665428019017,24.787877,59.47591,12.219518755138353,92.0084035239949,68.9870073298151,-0.22073981334615014,0.003954414562166449,0.19095250984884538
2026-09-30T17:26:05+03:00,28.08,289.02,-61.29546143863027,12.908159999999999,165.99733240530213,151.8510044435221,-0.4360208820945565,6.9984,6.5124,-0.22918311805232927,,13.080626462836694,24.787907,59.475847,11.34998924376924,94.03525252850376,71.96207987679837,-0.49247904856890096,0.0038959664537877663,0.19484847630263313
2026-09-30T17:26:06+03:00,27.93,289.01,-64.0284701214043,12.88872,166.99427896882975,156.44612596047128,0.6580420277077504,6.74568,6.454079999999999,0.2578310078088704,,11.144029115294511,24.787933,59.475783,11.63933875834282,95.42984303171748,71.56443593711226,-0.6383224366938615,0.0039279295704106034,0.19877640587304374
2026-09-30T17:26:08+03:00,27.93,289.01,-68.44024514391164,13.083120000000001,170.9992539567942,158.0561373647889,-0.9600480815212075,6.35688,6.454079999999999,0.045836623610465865,,12.943116592005296,24.787956,59.475723,12.265983967486111,97.25590171909488,73.74335223769933,-0.8028812504090957,0.003674181554220792,0.20245058742726452
2026-09-30T17:26:10+03:00,27.78,289.02,-67.90739439443996,12.81096,172.99887666180075,158.52596275679616,-0.6468120549231864,6.84288,6.47352,0.1546986046853223,,9.602772646392598,24.78797,59.475664,12.04176583226145,99.67928401220647,73.31959264959428,-1.1505137750472125,0.003572017757396102,0.20602260518466062
2026-09-30T17:26:12+03:00,27.78,289.03,-68.72099446352574,12.344399999999998,171.99620052032182,161.61993485050263,0.6614797744785355,6.59016,6.454079999999999,0.37242256683503505,,6.170755453558966,24.787982,59.475603,11.694778886264134,100.3956396328137,71.60056088750812,-1.189156756818959,0.003684827203552165,0.2097074323882128
2026-09-30T17:26:14+03:00,27.78,289.02,-69.0361212508477,10.57536,179.99469134034814,162.78876875256952,0.4002683156783931,6.006959999999999,6.1624799999999995,-0.44117750225073393,,7.883899261000128,24.787989,59.475544,10.12251936628594,102.68791702745368,77.30677431289446,-1.3193715253238552,0.0035527883138471487,0.21326022070205994
2026-09-30T17:26:16+03:00,27.78,289.02,-61.83977134400456,10.71144,178.99774477682047,161.1214615687388,-0.04818575057050223,6.0652800000000004,6.47352,-0.9568395178684748,,8.565719037205808,24.787988,59.475487,9.497411529572625,96.10546741102785,82.89227736579262,-0.6450968418449928,0.0034262758494386664,0.2166864965514986
2026-09-30T17:26:18+03:00,27.63,289.02,-79.35509114115384,11.99448,176.99812207181392,161.79755176699317,2.401036936275228,6.27912,6.10416,0.3552338329811104,,8.594366926962348,24.787993,59.475431,12.468774855514827,109.01964947599448,67.97847259581944,-2.046317480780745,0.003369491498236659,0.22005598804973525
2026-09-30T17:26:20+03:00,27.56,289.02,-73.81458926223877,11.780639999999998,177.99506863534154,162.70855466125118,0.21680722967750352,5.87088,6.14304,-0.06302535746439056,,7.207809062745755,24.788,59.475377,11.60572986952199,102.88017959517134,75.1148890401702,-1.3086948994430665,0.003252844222452044,0.22330883227218729
2026-09-30T17:26:22+03:00,27.52,289.02,-73.02963708290955,10.4004,179.99469134034814,164.71390694420907,-1.4076427110774064,5.90976,6.18192,-0.4239887683968092,,11.665420708863563,24.788002,59.475321,10.354409896721847,106.11550955204218,73.87918178830596,-1.6403999718847488,0.0033665858624362718,0.22667541813462355
2026-09-30T17:26:24+03:00,27.63,289.026,-78.10031356981733,11.64456,180.99736748182707,163.19556878711236,-0.4815710268074569,6.6095999999999995,5.87088,-0.005729577951308233,,12.026384119795981,24.788007,59.475259,12.146688411092326,110.27176816615602,70.72559931567105,-2.2900510838723975,0.00372980334473287,0.2304052214793564
2026-09-30T17:26:26+03:00,27.48,289.026,-76.40435849623007,12.8304,175.99544593033497,165.96295493759422,0.41837378200452713,6.43464,6.43464,0.37242256683503505,,8.9782486497,24.78801,59.475197,12.930961555619577,105.32981080803745,70.66563512229752,-1.7011571155507736,0.0037278036965613017,0.23413302517591772
2026-09-30T17:26:28+03:00,27.3,289.026,-71.24773834005266,13.62744,180.99736748182707,163.7112308027301,-0.20534807377488706,6.29856,6.35688,-0.320856365273261,,5.019110285346011,24.788018,59.475136,13.0457723200157,98.45277927015624,82.54458821167083,-0.9258521440169795,0.0036746961239264688,0.23780772129984418
2026-09-30T17:26:30+03:00,27.33,289.027,-78.6388938972403,11.21688,178.99774477682047,164.68525905445253,-0.9106591195809304,6.53184,6.10416,0.26929016371148695,,1.449583221680983,24.788022,59.475076,11.815979790104716,111.45641031169296,67.5413344651275,-2.389303140931603,0.0036085299002634502,0.24141625120010762
2026-09-30T17:26:32+03:00,27.33,289.025,-68.94444800362676,10.244879999999998,182.99699018683364,156.78417105959846,-5.228526359466328,6.804,5.851439999999999,-1.088619810748564,,9.91216985576324,24.788013,59.475014,10.05807657945588,108.09091739156266,74.90607279527099,-2.1128171936277997,0.003736793844103178,0.2451530450442108
2026-09-30T17:26:34+03:00,27.18,289.032,-50.317590083923704,10.089360000000001,174.99849936680735,144.10461505335334,-5.145390183392845,6.27912,5.307119999999999,-0.18907607239317165,,14.077573026364327,24.788019,59.474952,7.766443345816899,88.79552211117144,86.20297725563591,0.13199059724813791,0.0037311775652190318,0.24888422260942983
2026-09-30T17:26:36+03:00,27.11,289.023,-54.87260455521374,10.983600000000001,162.99503355881663,137.61873281247242,-3.802033336929117,6.2208000000000006,5.42376,-0.31512678732195276,,10.863279795680409,24.788055,59.474897,8.983755315143842,89.36780537481624,73.62722818400039,0.06863815377662219,0.003483831817918846,0.25236805442734866
2026-09-30T17:26:38+03:00,27.03,289.018,-43.03529650781094,12.75264,150.99729732877717,131.71153794467364,-3.1846140168961417,5.81256,5.90976,0.05156620156177409,,8.961059915846075,24.788102,59.474852,9.383714153639234,68.0423402079876,82.95495712078956,2.1734401342016256,0.0030618821307180273,0.2554299365580667
2026-09-30T17:26:40+03:00,27.03,289.022,-41.34507101217501,13.7052,146.99805191876402,126.72107554908418,-2.163545930193502,5.69592,5.67648,-0.5042028597151245,,8.107352801101149,24.788157,59.47481,10.15205183364047,63.099709502752276,83.89834241601174,2.5770576637173144,0.0030319490146965577,0.25846188557276323
2026-09-30T17:26:42+03:00,27.03,289.023,-53.61209740592594,13.68576,139.99650766226534,125.52359375726076,0.5040882681560983,5.87088,5.50152,-0.492743703812508,,8.771983843452904,24.788222,59.474771,11.24433973071718,78.4666059062879,61.52990175597745,1.1738180922843497,0.00307136077027077,0.261533246343034
2026-09-30T17:26:44+03:00,27.03,289.023,-40.376772338403924,12.441600000000001,140.99918380374427,121.11754831270473,-2.529952440179663,5.90976,5.52096,-0.6990085100596044,,10.221567065133888,24.788288,59.474731,8.814362640102575,66.1199179212629,74.87926588248138,2.3924111290407057,0.003137003218566667,0.2646702495616007
2026-09-30T17:26:46+03:00,27.03,289.015,-44.983353011255744,14.3856,139.99650766226534,119.46742986272797,-0.043602088209455644,5.38488,5.6376,-0.7792226013779195,,12.037843275698597,24.788349,59.474692,11.24094851635715,64.77708625207025,75.2194214101951,2.2947187740935684,0.00299391247824483,0.2676641620398455
2026-09-30T17:26:48+03:00,27.03,289.019,-43.78014164148101,16.524,134.99458611077327,116.5281563737068,1.324506535003924,5.3654399999999995,5.79312,-0.641712730546522,,9.900710699860626,24.788419,59.474656,13.183610680316574,60.1349815245358,74.85960458623747,2.6717657531188252,0.003041302695611607,0.2707054647354571
2026-09-30T17:26:50+03:00,27.03,289.019,-42.70871056458638,15.88248,129.99839413723248,112.93571099823657,-6.056622260768906,5.79312,5.6181600000000005,-0.5557690612768985,,8.565719037205808,24.788498,59.47462,12.271703411209556,61.383278209811564,68.61511592742092,2.7746036846483584,0.0032402844997620824,0.2739457492352192
2026-09-30T17:26:52+03:00,27.03,289.019,-39.97570188181234,17.009999999999998,129.99839413723248,107.72179506254608,-2.6805830445195564,5.773680000000001,5.13216,-0.5385803274229739,,8.863657090673835,24.788573,59.474586,13.120786821234526,56.397697899598825,73.60069623763366,3.195298940213594,0.0030691180149066332,0.2770148672501258
2026-09-30T17:26:54+03:00,27.03,289.015,-38.00472706656231,16.58232,125.99914872721935,103.45325948882146,-0.9163886975322388,5.307119999999999,5.13216,-0.3036676314193363,,5.941572335506637,24.788655,59.474556,12.82384624365724,52.76747037060265,73.2316783566167,3.2110795716913842,0.0030852774869808406,0.28010014473710665
2026-09-30T17:26:56+03:00,27.03,289.014,-35.770191665552105,16.1352,116.99798176571409,99.92956904876688,-4.534789061121926,5.09328,4.957199999999999,-0.5099324376664327,,6.485882240880918,24.788746,59.474533,12.36640443833194,49.70096271037502,67.29701905533906,3.294216178821417,0.003103191114214476,0.2832033358513211
2026-09-30T17:26:58+03:00,27.03,289.01,-26.041368304230726,17.06832,115.99530562423517,87.66254265501594,-6.758094489347573,5.19048,4.859999999999999,-0.46982539200727513,,5.57487934662291,24.788839,59.47451,12.612352587952818,36.45039008321601,79.54491554101917,4.175074652200716,0.003157975832404564,0.2863613116837257
2026-09-30T17:27:00+03:00,27.18,289.02,-24.95274849348216,17.398799999999998,101.99794668918915,81.07352801101149,0.05706659639502999,4.45176,4.41288,-0.2807493196141034,,3.2658594322456924,24.78891,59.474499,13.493917701118397,32.95307735562335,69.0448693335658,3.7355444745853132,0.0022662281005517053,0.2886275397842774
2026-09-30T17:27:02+03:00,27.18,289.02,-21.303007338498816,16.893359999999998,89.9944808811984,86.20150027743236,3.9479083915694244,4.257359999999999,4.21848,-0.20626480624709637,,1.7246029633437776,24.78898,59.474496,13.019098467110366,28.125995003143515,61.868485878054884,3.754621461334696,0.0021446955855848426,0.29077223536986224
2026-09-30T17:27:04+03:00,27.18,289.02,-20.328979086776414,15.6492,93.99945586916286,101.98648753328652,10.781518718315242,3.46032,3.46032,-0.836518380891002,,5.849899088285706,24.789038,59.474494,12.462527641786446,25.864402577121325,68.13505329204153,3.1136962398818753,0.0017748173685833578,0.2925470527384456
2026-09-30T17:27:06+03:00,27.18,289.02,-55.01584400399645,13.49136,117.99492832924174,124.85896271490898,14.255075351295856,3.12984,3.61584,-0.8995437383553924,,9.59704306844129,24.789091,59.474482,11.974655703933903,67.38120792269305,50.613720406548694,1.2037305167267776,0.0017715765143034782,0.2943186292527491
2026-09-30T17:27:07+03:00,27.18,289.02,-70.38257206940513,15.590879999999999,131.99801684223905,143.42852485509897,2.229837147090138,3.9851999999999994,4.00464,0.08021409131831525,,7.288023154064072,24.789142,59.47446,14.738951049484601,85.13785783143172,46.86015901080734,0.3377798753068296,0.0020427949863550364,0.2963614242391041
2026-09-30T17:27:09+03:00,27.15,289.02,-69.28249310275395,13.471919999999999,157.9988415852758,149.89148878417467,3.2111992585902116,5.346,4.68504,-0.1546986046853223,,7.482828804408551,24.789177,59.474415,12.614120423736809,92.63615072600277,65.36269085927304,-0.24588006812037758,0.002908264657568133,0.29926968889667227
2026-09-30T17:27:11+03:00,27.03,289.02,-84.76381272718878,12.966479999999999,161.99808699528896,162.98357440291397,9.302943832200638,5.65704,4.91832,-0.320856365273261,,6.611932955809701,24.789212,59.474364,13.66540485066163,109.10946833100888,52.888618664280074,-1.8519680996218661,0.003246391628205129,0.3025160805248774
2026-09-30T17:27:13+03:00,27.03,289.01,-94.3723149515327,13.083120000000001,167.99695511030868,179.26130536258066,6.039433526914982,6.201359999999999,5.346,0.12605071492878112,,3.6898482006425017,24.789231,59.474313,14.899517742848134,118.89168366146063,49.10527144884804,-2.996219992674041,0.003119893501592034,0.3056359740264694
2026-09-30T17:27:15+03:00,26.88,289.01,-97.77568425460979,11.58624,187.99891173832572,186.48630315918035,2.7972372516081925,6.337439999999999,5.90976,0.03437746770784939,,3.850276383279132,24.789214,59.474261,13.938176227119568,124.55154914092302,63.4473625974027,-3.594263098757903,0.003168399960469374,0.3088043739869388
2026-09-30T17:27:17+03:00,26.88,289.01,-106.58204556577054,9.75888,198.9997014048375,194.49052355715796,5.324153015473662,6.8623199999999995,5.87088,0.1546986046853223,,2.733008682774027,24.789175,59.474203,13.436935163899797,135.8875705342236,63.112130870613896,-4.926976349583667,0.0036839708571812014,0.31248834484411997
2026-09-30T17:27:19+03:00,26.73,289.01,-108.45561755584832,10.75032,206.9981922248638,199.50390426455266,1.2975775186327754,7.2122399999999995,5.9292,0.44117750225073393,,-0.6703606203030631,24.789119,59.474143,14.719904456950465,136.15068485042136,70.84750737444244,-5.201209470644645,0.003991195454240372,0.31647954029836034
2026-09-30T17:27:21+03:00,26.58,289.01,-117.30781549061955,8.43696,211.9943841984046,200.3748001131515,0.6960291295249241,6.29856,5.773680000000001,0.38961130068895977,,0.5042028597151245,24.789068,59.474094,12.633801880748262,143.60245942406797,68.39192477433662,-5.069832311887226,0.0033315256669937815,0.31981106596535414
2026-09-30T17:27:23+03:00,26.58,289.01,-120.36741011661815,7.776,210.99743763487695,201.44623119004612,-0.6615943660375616,6.1624799999999995,5.7153599999999996,0.4068000345428845,,1.2146705256773451,24.789006,59.474049,12.11994320234456,146.3882548169665,64.60918281791044,-5.132161302306795,0.003301395594072973,0.32311246155942713
2026-09-30T17:27:25+03:00,26.58,289.01,-128.93312915382396,8.262,209.99476149339802,204.2823722759437,-1.0747542321063983,6.0264,5.598719999999999,0.46982539200727513,,1.730332541295086,24.788948,59.474003,12.928868805983964,150.1921719228702,59.80258957052783,-5.229092490278955,0.0032833805600331178,0.32639584211946027
2026-09-30T17:27:27+03:00,26.4,289.01,-130.25093208262487,7.85376,215.99935918636905,201.59520021678017,-0.7895931374697874,6.006959999999999,5.773680000000001,0.22345354010102106,,3.019487580339438,24.788886,59.473962,12.598847374581887,151.59045968944986,64.40889949691919,-5.283537990173768,0.003107471838050462,0.3295033139575107
2026-09-30T17:27:29+03:00,26.32,289.0,-125.68445845543219,9.50616,208.9978149298704,201.67541430809845,-3.8409371712185,5.98752,5.98752,0.12605071492878112,,2.4121523175007655,24.788829,59.473919,13.87878848914049,146.1970630647876,62.80075186508279,-4.9753653872295365,0.0031158877468774673,0.3326192017043882
2026-09-30T17:27:31+03:00,26.28,289.01,-135.55079168758496,10.36152,209.99476149339802,198.65019714980772,-3.4306993899048304,5.9292,6.006959999999999,0.1604281826366305,,2.4064227395494577,24.788771,59.473875,15.173353313081378,151.43194880057453,58.562812692823485,-5.207318495541781,0.003182810563927945,0.33580201226831613
2026-09-30T17:27:33+03:00,26.36,289.01,-118.25319585258543,8.57304,207.99513878839142,196.0604279158164,-1.5508821598601121,6.006959999999999,5.98752,0.06875493541569878,,4.388856710702106,24.788712,59.473827,12.583147044383919,143.11987388005883,64.87526490833258,-4.804924503944243,0.0034013101060800972,0.3392033223743962
2026-09-30T17:27:35+03:00,26.13,289.01,-102.19891843301973,9.89496,205.99551608338487,195.18380248926624,-0.05208186357739183,6.0264,6.045839999999999,0.12605071492878112,,2.910625599264582,24.788658,59.473782,12.626501584383917,130.00656998754792,75.98894609583695,-3.874224588854049,0.003167690285667862,0.3423710126600641
2026-09-30T17:27:37+03:00,26.13,289.01,-85.89826916154782,9.48672,208.9978149298704,193.99205027539415,3.778656658887779,6.006959999999999,5.26824,0.1604281826366305,,0.7448451336700701,24.788604,59.473736,10.859522743054402,119.38436116643652,89.61345376343388,-2.9474106645735807,0.003219168585799834,0.34559018124586394
2026-09-30T17:27:39+03:00,26.1,289.0,-91.98881052378847,8.553600000000001,211.9943841984046,195.57914336790648,-0.6941956645805055,5.7348,5.404319999999999,1.403746598070517,,0.7448451336700701,24.788557,59.473686,10.462156520285196,125.20617792044607,86.78820627795852,-3.306229313278337,0.003330376758101964,0.3489205580039659
2026-09-30T17:27:41+03:00,26.02,289.01,-95.85054606297022,7.29,213.99973648136248,195.2239095349254,-0.8129125197316119,5.754239999999999,5.38488,0.8594366926962348,,2.0282705947631143,24.788507,59.473639,9.736904592308871,131.85824342418312,82.14149305717936,-3.8397464157340897,0.0032111212604501015,0.35213167926441596
2026-09-30T17:27:43+03:00,25.95,289.01,-110.50107688446538,8.59248,209.99476149339802,193.2242868299188,-3.295595941812982,5.42376,5.38488,0.6990085100596044,,4.136755280844544,24.788459,59.473595,11.657244096217855,136.33740966612342,73.6573518272746,-3.923646067241811,0.0030236197574536623,0.35515529902186965
2026-09-30T17:27:45+03:00,25.98,289.01,-101.1905127135895,8.67024,208.9978149298704,188.1478807650597,-0.32910695752314484,5.81256,5.443199999999999,0.10886198107485642,,3.941949630500064,24.788407,59.473546,11.336662859287047,131.3874720570258,77.6103428728446,-3.8429614588811223,0.0033459156681451218,0.3585012146900148
2026-09-30T17:27:48+03:00,25.98,289.01,-99.82114358322683,9.60336,200.9993241098441,194.13528972417683,2.956748701772613,5.5598399999999994,5.2488,0.25210142985756223,,2.2402649789615188,24.78837,59.473502,11.889121735192768,127.25908941856912,73.74023469127499,-3.3660397695025948,0.002875889634697567,0.3613771043247124
2026-09-30T17:27:50+03:00,25.98,289.01,-111.45218682438255,10.16712,207.99513878839142,188.56041037755392,-7.136762296149534,5.6376,5.5404,-0.03437746770784939,,2.9220847551671985,24.788321,59.473455,13.307072924402966,134.67481831657716,73.32032047181426,-3.9636964146911144,0.003196723859382949,0.36457382818409534
2026-09-30T17:27:52+03:00,25.98,289.0,-89.88032583770706,8.125919999999999,208.9978149298704,173.01033581770338,-6.517624102731166,6.1236,5.326560000000001,-0.25210142985756223,,8.605826082864965,24.788269,59.473405,10.164702907959843,126.92491507459387,82.07289985527653,-3.678862382791383,0.0033989488725142763,0.36797277705660963
2026-09-30T17:27:54+03:00,25.91,289.0,-79.42384607656952,11.236320000000001,191.99815714833886,165.37853798656081,-1.602964023437504,5.38488,5.52096,-0.12605071492878112,,6.972896366742118,24.788246,59.473354,11.534336542688811,106.74163720456643,85.25651994377243,-1.5511496833637972,0.0031448934386223773,0.37111767049523203
2026-09-30T17:27:56+03:00,25.98,289.01,-85.30239305461177,12.2472,176.99812207181392,172.9301217263851,2.224336752256882,5.7348,5.67648,0.045836623610465865,,3.718496090399043,24.788251,59.473302,13.091132269229648,111.18928509974153,65.8088369720724,-2.0728446621087975,0.003129326902678557,0.37424699739791056
2026-09-30T17:27:58+03:00,25.98,289.015,-91.33563863733933,12.7332,185.99928903331917,175.71469661072086,-2.3228281972398706,6.08472,5.773680000000001,-0.06875493541569878,,4.377397554799489,24.788241,59.47325,14.239736482465174,116.62497316070686,69.37431587261231,-2.7268598131742,0.0031404773761286413,0.3773874747740392
2026-09-30T17:28:00+03:00,25.8,289.003,-76.08350213095682,11.702879999999999,195.99740255835198,162.7314729730564,-7.966978141294097,6.045839999999999,6.045839999999999,-0.418259190445501,,6.170755453558966,24.788221,59.473198,11.809994297360035,105.8785736791234,90.11882887922857,-1.6541390847076989,0.0031846890238957488,0.38057216379793496
2026-09-30T17:28:02+03:00,25.68,289.003,-68.23970991561585,13.724639999999999,180.99736748182707,158.46866697728308,1.0436426238307945,4.91832,4.97664,-0.11459155902616464,,4.417504600458647,24.788218,59.473149,12.747793225255291,89.23708463625842,91.76028284556865,0.06548738922229459,0.0029467019715237286,0.3835188657694587
2026-09-30T17:28:04+03:00,25.68,288.999,-70.51435236228522,13.10256,174.99849936680735,160.846441827076,2.557339822786916,5.46264,5.38488,0.2119943841984046,,3.460665082590172,24.788233,59.473096,12.400288448170722,95.05219664134475,79.9463027254626,-0.4810577940868876,0.003218458824616219,0.38673732459407495
2026-09-30T17:28:06+03:00,25.68,289.005,-70.0101495025701,12.072239999999999,174.99849936680735,161.0412474774205,-1.4670584344324729,5.5404,5.48208,-0.045836623610465865,,6.732254092787173,24.788239,59.473038,11.4326382719365,97.10186545346832,77.89663391333903,-0.6849806241921074,0.0034910571160998655,0.3902283817101748
2026-09-30T17:28:08+03:00,25.53,288.992,-63.20914047436723,12.0528,182.99699018683364,150.84259872409183,-6.5816234884472795,6.006959999999999,5.5598399999999994,-0.3666929888837269,,9.59704306844129,24.788227,59.472977,10.77434398607796,93.0556695208525,89.94132066598114,-0.3202083087773234,0.0036848300340696113,0.39391321174424443
2026-09-30T17:28:10+03:00,25.46,288.997,-56.88941599407424,13.66632,166.99427896882975,142.44303744747396,-2.0855663742761967,5.773680000000001,5.50152,-0.3036676314193363,,9.155865566190554,24.788243,59.472925,11.571471758456804,81.59377741318286,85.40050155564688,0.8440569769770445,0.003163545176918702,0.3970767569211631
2026-09-30T17:28:12+03:00,25.53,289.004,-61.3126501724842,13.5108,160.99541085381,135.28106500833866,-8.254545658670258,5.7348,5.26824,-0.9396507840145503,,10.072598038399873,24.788273,59.472877,11.876134041766313,86.37545120040596,74.61995965340404,0.3625433070945103,0.0030270714261152855,0.4001038283472784
2026-09-30T17:28:14+03:00,25.53,288.992,-33.157504119755544,14.2884,159.99846429028239,105.59612164261073,-21.65058538772647,5.90976,5.5404,-3.019487580339438,,13.728068771334526,24.788305,59.472829,9.88436311302197,52.24497886798275,107.75348542229963,3.618466679865873,0.003046104601974252,0.40314993294925267
2026-09-30T17:28:16+03:00,25.53,289.005,-5.174245405566142,16.8156,134.99458611077327,56.87179074468552,-22.103393933218356,5.326560000000001,3.8491199999999997,-1.707414229489853,,9.132947254385321,24.788367,59.472794,11.520764870653831,7.5639707208860045,127.43061538988727,5.280210996728894,0.002830040647571935,0.4059799735968246
2026-09-30T17:28:18+03:00,25.46,289.004,28.056447275328907,14.58,75.99712194615239,15.149004103258967,-18.835930219146302,3.6547199999999997,3.7908,-0.8995437383553924,,0.21772396214971285,24.788445,59.472798,11.48414326723475,36.66492494681242,112.66204689296481,2.931602017337076,0.002393567680650078,0.40837354127747466
2026-09-30T17:28:20+03:00,25.53,288.986,63.92360525051845,11.780639999999998,33.99931556306306,340.3827669313195,-13.417582942153132,3.3047999999999997,3.7908,0.6818197762056798,,-10.3017811564522,24.788485,59.472822,10.746068572716286,79.95900909910546,113.95832466216851,0.5762007712997997,0.001890114421638024,0.41026365569911266
2026-09-30T17:28:22+03:00,25.53,288.993,93.24758520531398,13.122,354.99892028510675,324.70091207858883,-3.149319816716083,3.8296799999999998,3.36312,1.501149423242757,,-13.092085618739311,24.788476,59.472856,13.8761333225825,109.24221188841351,104.24113217352027,-1.2621182023194057,0.0020620528368614386,0.4123257085359741
2026-09-30T17:28:24+03:00,25.53,288.997,84.36673938078623,13.5108,337.99926250357527,324.55194305185483,2.383905498200816,5.42376,4.62672,1.380828286265284,,-12.221189770140459,24.788439,59.472903,14.056052039524184,106.94859974729737,84.94786225087262,-1.5811002517075416,0.003042551862887455,0.41536826039886154
2026-09-30T17:28:26+03:00,25.57,288.996,79.43930234266115,13.95792,330.99771824707665,325.1077121131317,0.9203994020981544,5.773680000000001,5.09328,1.065701498943331,,-10.084057194302488,24.788392,59.472947,14.093219711913338,103.18878613531686,74.18650438239354,-1.3173246647419843,0.003008954696214926,0.41837721509507647
2026-09-30T17:28:28+03:00,25.53,288.997,88.18836787430881,12.71376,335.9996397985687,318.7765284769361,-2.837516184605889,5.5598399999999994,5.22936,1.0370536091867901,,-10.496586806796682,24.78835,59.472996,13.714306238111433,112.09213876929752,88.09177856786619,-2.091039899682168,0.003212320753827049,0.4215895358489035
2026-09-30T17:28:30+03:00,25.61,288.992,80.30446861330869,13.84128,329.99504210559763,321.9850921296687,-0.5182976214753426,6.201359999999999,5.890319999999999,0.813600069085769,,-10.015302258886791,24.788301,59.473045,14.181911170614327,105.83720859513222,75.83225070072984,-1.6923825598999338,0.0033034509411088552,0.42489298679001236
2026-09-30T17:28:32+03:00,25.68,288.996,80.96909965566044,12.48048,327.995419400591,322.69555979563097,-1.328001577554222,6.25968,6.18192,0.7620338675239948,,-11.304457297931144,24.788245,59.473095,13.05451018764971,109.23468342304761,77.23010282363862,-2.062178057143309,0.0034576871879652108,0.42835067397797755
2026-09-30T17:28:36+03:00,25.68,289.001,68.02598306365515,13.296959999999999,333.9942875156107,325.13636000288824,4.028580849123844,6.454079999999999,6.045839999999999,0.47555496995858326,,-11.040896712170964,24.788196,59.473144,12.419309995269186,96.8373887926069,70.83167630821765,-0.7683705524164869,0.0033034489565518283,0.43165412293452937
2026-09-30T17:28:38+03:00,25.76,289.003,53.851007212118574,13.49136,329.99504210559763,340.97291346030426,1.9151687260042896,6.6679200000000005,5.94864,0.5786873730821314,,-9.9522769014224,24.788145,59.473199,10.970245674237436,83.24450758458184,53.2395496901795,0.7843647207687116,0.0036542676741310757,0.43530839060866044
2026-09-30T17:28:40+03:00,25.83,288.992,54.04581286246305,12.28608,347.9973760286081,349.10318457321057,8.802866268610455,6.24024,5.7348,0.7448451336700701,,-14.71355617895954,24.788115,59.473256,9.992939152555552,84.4101006039904,72.40747663259845,0.6078458708024634,0.003546458967570035,0.4388548495762305
2026-09-30T17:28:42+03:00,25.83,288.992,45.88116428184881,13.471919999999999,349.9969987336147,2.7100903709687945,3.994547156093074,6.24024,6.25968,0.8594366926962348,,-11.76855311198711,24.7881,59.47331,10.167867173973837,72.02264544248612,62.019644176100826,1.9259943944526432,0.0032779657609412417,0.44213281533717175
2026-09-30T17:28:44+03:00,25.98,289.007,39.6703017826307,14.3856,10.995060088560496,1.822005788516018,-4.132400801601549,5.94864,6.0264,1.065701498943331,,-12.885820812492215,24.78812,59.473363,10.516311076409824,60.83799203653166,71.83305212509215,2.898657638196901,0.0032437016112071035,0.4453765169483789
2026-09-30T17:28:46+03:00,25.98,288.997,56.57828631694129,14.32728,11.997736230039438,351.9565143929621,-7.879602077536647,5.98752,6.37632,1.873571990077792,,-17.561156420759733,24.788141,59.473416,12.108725316489949,80.95361229922547,92.9513485292649,0.9414421031892901,0.003249587180588451,0.4486261041289673
2026-09-30T17:28:48+03:00,25.98,288.997,41.526685038854566,14.6772,357.99548955364094,359.14140514390266,12.390326911263077,6.4152,5.87088,-0.08594366926962349,,-21.033280659252522,24.788147,59.473477,10.751465687708793,64.82891038016437,62.824399933805296,2.7285300474471312,0.003671143929651995,0.4522972480586193
2026-09-30T17:28:50+03:00,26.13,288.997,23.67904972052942,16.485120000000002,1.9996227050065731,18.168491683598404,3.4749317316889297,6.201359999999999,5.890319999999999,0.06302535746439056,,-11.390400967200765,24.788147,59.473535,11.08915397790998,36.65799619722199,38.65761890222856,4.974815023706536,0.003486247551861152,0.4557834956104805
2026-09-30T17:28:52+03:00,25.98,288.993,32.69740541588858,16.05744,27.99471787009202,21.88125819604614,1.0913127123856792,5.890319999999999,5.48208,0.911002894258009,,-4.996191973540778,24.788197,59.473581,11.547580640770063,48.69234345836233,76.68706132845435,3.8882123359704974,0.0031583715699276746,0.45894186718040814
2026-09-30T17:28:54+03:00,26.06,288.997,22.38416510353376,15.14376,31.999692858056477,17.710125447493745,-1.767918572655668,5.50152,5.7348,0.6875493541569879,,-7.500017538262475,24.788254,59.473626,10.272679662412958,34.15190574672417,66.15159860478065,4.55279441463065,0.0032163168194340374,0.46215818399984215
2026-09-30T17:28:56+03:00,26.13,288.997,25.323438592554886,14.774399999999998,25.99509516508545,18.008063500961775,1.57574852816879,5.5404,4.91832,0.7505747116213785,,-12.307133439410084,24.788294,59.47367,10.04978821925908,38.962471598002395,64.95756676308784,4.307982320568001,0.002913083184071678,0.46507126718391384
2026-09-30T17:28:58+03:00,26.21,288.997,30.159202383459032,15.96024,22.998525896551243,15.704773164535865,-5.428717813085036,5.443199999999999,5.7348,0.5500394833255903,,-12.960305325859222,24.788336,59.473713,11.58136988383757,43.81733627915432,66.81586217570556,3.9275451498314338,0.0028852370791941184,0.467956504263108
2026-09-30T17:29:00+03:00,26.1,288.997,33.4136026598021,14.79384,25.99509516508545,5.9644906473118695,3.1113327148989094,5.13216,4.93776,0.8594366926962348,,-20.00195662801704,24.788374,59.473754,10.8832921351515,48.46467286186487,74.45976802695031,3.4030414263026847,0.0027238457391056516,0.47068035000221364
2026-09-30T17:29:02+03:00,26.28,288.993,29.139337508126168,15.66864,9.998113525032863,9.849144498298852,3.5738242471285098,5.5404,5.443199999999999,0.962569095819783,,-26.447731823238804,24.788393,59.473803,11.16042360397743,43.1280403655465,53.12615389057936,4.043537927951842,0.003001859274429432,0.47368220927664306
2026-09-30T17:29:04+03:00,26.28,288.992,27.036582399996043,17.90424,10.995060088560496,22.752154044644993,10.725254262833394,5.6181600000000005,5.0544,0.888084582452776,,-26.61388958382674,24.788412,59.47385,13.150405969967576,38.234478468280656,49.22953855684115,4.412978248812473,0.002884003143331922,0.476566212419975
2026-09-30T17:29:06+03:00,26.28,288.997,26.165686551397194,20.74248,39.998183678082775,29.41565320201646,-3.4031974157385507,5.03496,5.20992,0.865166270647543,,-17.595533888467582,24.788451,59.473892,16.374710966003608,33.95846456983625,73.95664824791902,4.176210969848367,0.002791231173574199,0.4793574435935492
2026-09-30T17:29:08+03:00,26.28,288.988,22.046120004406575,18.545759999999998,41.99780638308934,24.74604717170026,-1.8007490543166642,5.13216,5.98752,0.7219268218648373,,-13.802553284701533,24.788516,59.473928,13.922764676328649,29.99914796942153,71.99695435251087,4.4446190953006415,0.0029360775363419726,0.48229352112989116
2026-09-30T17:29:08+03:00,26.43,288.981,31.809320833435805,17.554319999999997,34.996262126590686,15.20629988277205,-8.631666479425366,5.326560000000001,5.28768,0.8995437383553924,,-6.073352628386726,24.788568,59.473964,13.326869733084154,43.971055898623064,78.96731802521376,3.8334753168837095,0.0026838031995921195,0.48497732432948326
2026-09-30T17:29:11+03:00,26.43,288.993,39.99688772585526,17.22384,25.99509516508545,354.90724703788584,-6.4435406598207505,4.93776,5.67648,1.0313240312354817,,-13.246784223424633,24.788606,59.474007,13.810733055124679,53.282266009424674,79.27736117451012,2.9521547727630875,0.002833070603717782,0.48781039493320105
2026-09-30T17:29:13+03:00,26.58,288.993,32.51405892144671,15.99912,355.9958668486344,14.518750528615062,18.25500831066316,5.42376,5.87088,0.6187944187412892,,-21.78958494882521,24.788599,59.474061,11.791550374068589,46.82812564099481,42.823992489629234,3.7108779268356247,0.003252844791819515,0.4910632397250206
2026-09-30T17:29:15+03:00,26.58,288.988,19.192790184655074,21.88944,6.995814678547352,42.02645427284588,10.406403249843091,5.28768,4.00464,0.9682986737710912,,-16.14022108883529,24.788606,59.474113,16.984849111610572,25.06700829215748,32.062822970704836,4.789648801642884,0.0031328990301188768,0.49419613875513946
2026-09-30T17:29:17+03:00,26.58,288.988,17.502564689019145,18.72072,51.995919908122204,41.9004035579171,-8.455023591186531,4.548959999999999,4.33512,-0.1604281826366305,,2.125673419935354,24.788671,59.474136,14.447282970905224,22.936359586055914,74.93227949417812,4.1893114172113215,0.0024185487743811937,0.49661468752952065
2026-09-30T17:29:19+03:00,26.73,288.988,2.2848056503444796,17.515439999999998,60.99708686962744,25.760182469081812,-8.93103692738122,4.5684000000000005,4.723920000000001,-0.02864788975654116,,-4.738360965731908,24.788747,59.474156,12.9519524485697,3.090513046112193,64.08759991573963,4.5617557689782355,0.0026132343499643937,0.49922792187948506
2026-09-30T17:29:21+03:00,26.7,288.993,31.230633460353676,14.91048,28.997394011570965,2.114214264032738,-9.365052457192819,3.9851999999999994,4.49064,0.813600069085769,,-18.73571990077792,24.788784,59.474189,11.686896265591145,41.41415817312563,70.41155218469659,2.988691303498032,0.0022826594317602402,0.5015105813112453
2026-09-30T17:29:23+03:00,26.77,288.986,29.930019265406703,14.9688,1.9996227050065731,5.339966650619273,3.362345524945723,4.35456,3.6935999999999996,0.7047380880109125,,-29.364087000454685,24.788788,59.474237,11.40386643987734,40.913190874463,42.91281357946957,3.290752801408931,0.002887753751974567,0.5043983350632198
2026-09-30T17:29:25+03:00,27.07,288.988,29.706565725305676,16.54344,0.0,15.825094301513339,10.526781682600078,4.89888,4.52952,0.2864788975654116,,-36.07915235938794,24.788788,59.474283,12.525906051658405,40.88194126318652,40.88194126318652,3.7038462120647315,0.0027649549551353146,0.5071632900183551
2026-09-30T17:29:27+03:00,27.03,288.992,21.05490301883025,22.43376,11.997736230039438,53.92678767771308,27.938854485066766,4.82112,4.31568,0.07448451336700701,,-28.83123625098302,24.788803,59.474334,18.017957516259447,26.571203339686008,38.568939569725444,4.311909285091032,0.0030995114878143706,0.5102628015061695
2026-09-30T17:29:29+03:00,27.0,288.99,8.839442826641097,20.606399999999997,85.99523547118525,91.69616553273696,10.410643137527058,3.4992,3.57696,-0.5156620156177408,,-1.948056503444799,24.78885,59.474355,17.157188585285432,10.63539378014022,96.63062925132547,3.4390890903350164,0.0019110975042054008,0.5121738990103749
2026-09-30T17:29:31+03:00,26.88,289.001,-42.2446147505304,14.15232,99.99832398418258,117.23862403966905,15.244917238163865,3.51864,2.74104,-2.039729750665731,,11.384671389249457,24.788905,59.474344,11.787346206475842,53.82177426247816,46.17654972170442,2.0770495107108276,0.001804643667288903,0.5139785426776639
2026-09-30T17:29:33+03:00,26.88,289.003,-76.74813317330857,15.7464,109.99643750921543,152.6989819803157,18.145458780234147,3.81024,3.2464799999999996,-1.1229972784564135,,6.904141431326419,24.788958,59.474328,15.328414997887837,90.75006286754036,19.24637464167506,-0.049878681040520935,0.001882327260134827,0.5158608699377987
2026-09-30T17:29:35+03:00,26.73,288.999,-106.39296949337738,15.96024,148.99767462377056,185.31173967916214,9.509609708904327,3.6352800000000003,2.74104,0.48701412586119974,,2.9278143331185067,24.788994,59.474297,17.340522811117488,117.99534596618255,31.00232865758801,-1.706399853923211,0.0021633364861930984,0.5180242064239917
2026-09-30T17:29:37+03:00,26.73,288.997,-118.5224860162969,13.238639999999998,199.99664796836515,194.36447284222916,3.5589846402346215,5.1710400000000005,4.84056,0.45836623610465854,,3.40336930307709,24.788976,59.474254,16.351718170970862,134.65479628487648,65.34185168348867,-3.6343811559162225,0.0026424080241025643,0.5206666144480943
2026-09-30T17:29:39+03:00,26.73,288.997,-112.15692491239344,10.90584,202.99894681485068,197.69908720989056,0.7587107123122362,5.20992,5.326560000000001,0.045836623610465865,,4.440422912263879,24.788937,59.474212,13.745480533113696,132.70776083357416,70.29118598127653,-3.533676220084901,0.0027912257312137463,0.523457840179308
2026-09-30T17:29:41+03:00,26.73,288.996,-129.00761366719095,11.450159999999999,204.99856951985726,212.9798716060296,12.889774221278616,5.773680000000001,5.1127199999999995,-1.208940947726037,,-0.888084582452776,24.788893,59.474163,15.737324624229618,145.57167244782136,59.4268970720359,-4.762327988532598,0.0032371603824954444,0.5266950005618034
2026-09-30T17:29:42+03:00,26.51,288.997,-163.17308699084197,9.136800000000001,212.99706033988352,258.65606703385885,24.525515716354402,5.50152,4.16016,-1.3178029288008932,,-7.45418091465201,24.788847,59.474124,14.490547685603705,169.48294326798782,43.5141170718957,-5.409097837443952,0.002732691948990254,0.5294276925107937
2026-09-30T17:29:44+03:00,26.58,289.001,79.93204604647364,5.87088,230.99939426289401,299.8402733478624,15.55001726407103,4.4712,2.6827199999999998,1.0542423430407146,,-16.62723521469649,24.788786,59.474096,6.729120361403719,120.79284170291041,351.7922359658044,-2.2889662132177993,0.002510159444254638,0.5319378519550483
2026-09-30T17:29:46+03:00,26.66,288.997,71.68718337454109,9.31176,274.9968233509899,330.0122308394516,11.361409302767147,3.9074399999999994,3.44088,1.604281826366305,,-21.858339884240905,24.788716,59.4741,8.89450314497415,96.33634508945023,11.333168440440147,-0.43124383267489097,0.0021506086891298036,0.534088460644178
2026-09-30T17:29:48+03:00,26.58,288.985,58.97897947853944,13.74408,312.9953843240661,347.9744577168029,6.7533962354275,4.41288,4.00464,1.501149423242757,,-20.534807377488704,24.788667,59.474129,12.077250477773267,77.22690447357097,30.222288797637077,0.975646157728378,0.0022970547595229447,0.5363855154037009
2026-09-30T17:29:50+03:00,26.58,288.997,48.55687718510977,15.97968,346.9946998871292,356.05889220609885,1.8125519848963596,4.64616,4.29624,1.3349916626548182,,-8.130271112906382,24.78865,59.474173,13.366229768911982,63.66069298522862,50.655392872357766,2.061436653199808,0.002695185414776173,0.5390807008184771
2026-09-30T17:29:52+03:00,26.73,289.001,53.524421268894,17.26272,1.9996227050065731,354.92443577173975,0.300000701530499,4.6655999999999995,4.31568,1.4209353319244415,,-13.183758865960243,24.788657,59.474218,14.966941731851076,68.0411642723474,70.04078697735397,1.7446561418301116,0.0027132768799517605,0.5417939776984289
2026-09-30T17:29:54+03:00,26.73,288.997,37.286797354886474,12.985919999999998,349.9969987336147,2.2631832907667517,2.78698130707535,4.859999999999999,4.41288,0.8938141604040842,,-22.82090898006069,24.788646,59.474261,9.582741411306646,55.1798464888622,45.17684522247691,2.775071506556318,0.002606358616086362,0.5444003363145152
2026-09-30T17:29:56+03:00,26.85,289.001,39.52133275589668,14.21064,356.9985429901134,7.660445720899108,3.99689628305311,4.68504,4.7628,0.4239887683968092,,-23.30792310592189,24.788644,59.474299,11.008082849174873,55.2354204781346,52.233963468247964,2.6714370794416125,0.002284909239721629,0.5466852455542368
2026-09-30T17:29:58+03:00,26.88,288.993,34.93194081689879,16.17408,9.998113525032863,15.315161863846905,2.648039041756126,4.93776,4.6655999999999995,0.7849521793292279,,-17.137167652362923,24.788655,59.474343,12.451206198577268,48.05695403994852,58.055067564981385,3.300357126793949,0.002665976418014913,0.5493512219722517
2026-09-30T17:30:00+03:00,26.88,289.001,34.66838023113861,17.126640000000002,15.996981640052585,18.17995083950102,2.131632181004715,5.09328,4.6655999999999995,0.7047380880109125,,-16.254812647861456,24.788683,59.47439,13.258053782516683,47.29067220199303,63.287653842045614,3.4546664213978833,0.002951565211358404,0.5523027871836101
2026-09-30T17:30:02+03:00,27.03,288.997,26.62978236545316,16.426799999999997,17.996604345059158,22.929770961135546,0.8658538200017001,4.84056,4.996079999999999,0.7677634454753031,,-16.673071838306953,24.788708,59.474431,12.292706084110517,36.79570333485884,54.792307679918,3.8762056785549435,0.002579903569683232,0.5548826907532933
2026-09-30T17:30:04+03:00,27.11,288.999,30.686323554979385,17.06832,29.994340575098594,23.800666809734395,0.5082135642810401,4.21848,5.1710400000000005,0.7792226013779195,,-17.320514146804786,24.788742,59.474468,13.61186168328959,39.78642358764097,69.78076416273956,3.2416284296853592,0.002454302671767521,0.5573369934250608
2026-09-30T17:30:06+03:00,27.03,288.999,27.580892305370327,16.34904,27.99471787009202,25.3992190581494,-0.5689470905649074,4.58784,4.957199999999999,0.1546986046853223,,-19.847258023331715,24.788782,59.474507,12.464897152311302,37.392685478339644,65.38740334843166,3.6450028800058,0.002643219708997678,0.5599802131340585
2026-09-30T17:30:09+03:00,27.18,288.994,26.641241521355774,16.3296,24.99814860155782,24.522593631599232,1.204758355821582,4.82112,4.957199999999999,0.3609634109324186,,-22.213573717222015,24.78882,59.474548,12.213178369945457,36.8366424466835,61.834791048241314,3.858574293872257,0.0027238341259057273,0.5627040472599643
2026-09-30T17:30:11+03:00,27.3,289.004,26.475083760767834,17.398799999999998,23.995472460078876,29.31252079889292,0.9558654896167524,4.93776,5.52096,0.6302535746439055,,-18.24297619696541,24.788855,59.474586,13.164224291855108,36.101193178240095,60.09666563831897,3.9895995421895663,0.002521681549784768,0.565225728809749
2026-09-30T17:30:13+03:00,27.22,288.997,24.767669531277985,17.2044,31.999692858056477,30.802211066233056,2.069695443351073,5.07384,5.20992,0.5156620156177408,,-19.159708669174726,24.788904,59.474626,12.77536046179661,34.3453939747086,66.34508683276508,4.189223952061822,0.0028317159232025975,0.5680574447329516
2026-09-30T17:30:15+03:00,27.45,288.993,17.760395696828017,16.912799999999997,32.996639421584106,33.43208734588354,-0.27650943193013533,4.93776,5.26824,0.45836623610465854,,-20.54626653339132,24.788954,59.474664,12.302918604397847,24.792543805917063,57.78918322750117,4.482656814316123,0.0027472289628215642,0.5708046736957731
2026-09-30T17:30:17+03:00,27.48,288.999,19.42770288065871,15.921359999999998,37.998560973076195,34.6639466054148,0.4785916462727766,4.859999999999999,4.89888,0.48701412586119974,,-19.858717179234336,24.789012,59.474701,11.452736306571769,27.541926322335144,65.54048729541134,4.3092293710235126,0.0028428158004901297,0.5736474894962633
2026-09-30T17:30:19+03:00,27.33,288.993,20.436108600088957,16.54344,41.99780638308934,36.33698336719681,-0.10508045962699297,4.996079999999999,5.03496,0.45836623610465854,,-16.581398591086025,24.789073,59.47474,11.989389013465054,28.80228725741651,70.80009364050585,4.378002191483796,0.0029939121690414476,0.5766414016653048
2026-09-30T17:30:21+03:00,27.33,288.993,15.972767376019846,16.69896,43.99742908809592,36.801079181252774,-2.0359482292178677,4.97664,5.307119999999999,0.3781521447863433,,-15.578722449607081,24.789141,59.474778,11.992902081507683,22.52969665664571,66.52712574474162,4.596828119916892,0.00308657790598921,0.579727979571294
2026-09-30T17:30:23+03:00,27.33,289.008,18.276057712445755,15.6492,35.99893826806962,37.459980645653225,1.1291279268643133,4.93776,5.1710400000000005,0.44117750225073393,,-16.208976024250987,24.789195,59.474812,11.069357277797662,26.317370811956977,62.3163090800266,4.425971346836993,0.0026257303025472556,0.5823537098738412
2026-09-30T17:30:25+03:00,27.26,289.011,22.30968059016675,15.70752,38.995507536603824,37.935535615611805,-0.48151373102794387,4.52952,4.957199999999999,0.44117750225073393,,-17.54396768690581,24.789254,59.474851,11.644702475400097,30.801052516760308,69.79656005336413,3.8906334262652593,0.002956313918917399,0.5853100237927585
2026-09-30T17:30:27+03:00,27.33,289.003,19.765747979785896,15.47424,37.998560973076195,37.49435811336107,-0.2012227776499451,4.7628,5.0544,0.4640958140559668,,-19.469105878545374,24.789304,59.474885,11.109427588573405,28.101957324719848,66.10051829779604,4.201317198730274,0.0025508253946846136,0.5878608491874432
2026-09-30T17:30:29+03:00,27.33,289.001,18.344812647861456,15.86304,35.99893826806962,38.82362019806458,0.4665022367955163,4.62672,4.93776,0.4812845479098915,,-21.136413062376068,24.789355,59.47492,11.563507058221557,25.57926773872478,61.5782060067944,4.173249694565585,0.0026172764792152365,0.5904781256666585
2026-09-30T17:30:31+03:00,27.33,289.005,20.986148083414548,15.785279999999998,38.995507536603824,36.66929888837269,-0.04532096159484812,4.74336,4.97664,0.590146528984748,,-21.050469393106447,24.789404,59.474952,11.482917463786245,29.493787829660505,68.48929536626433,4.12866361739957,0.0024367025487123887,0.5929148282153709
2026-09-30T17:30:33+03:00,27.18,289.001,20.40746071033242,15.8436,36.99588483159726,36.13071856094972,-0.5590922164886573,4.78224,5.09328,0.5271211715203573,,-19.171167825077347,24.789457,59.474986,11.48323072604381,28.757197744409183,65.75308257600645,4.192428765559405,0.002606664845129991,0.5955214930605008
2026-09-30T17:30:35+03:00,27.18,289.001,22.269573544507594,15.824160000000001,37.998560973076195,32.257523865865345,-2.5506362165838854,4.723920000000001,5.09328,0.5500394833255903,,-18.930525551122404,24.789506,59.47502,11.591664140270758,31.153806529976094,69.15236750305229,4.042643957943897,0.0025326701711856177,0.5980541632316865
2026-09-30T17:30:37+03:00,27.18,289.007,18.923500020943585,15.27984,36.99588483159726,30.72199697491474,-2.633084843303211,4.957199999999999,5.1127199999999995,0.5042028597151245,,-17.349162036561328,24.789558,59.475058,10.711890029384065,27.555097478812684,64.55098231040995,4.394886911912977,0.0027816094791000166,0.6008357727107865
2026-09-30T17:30:39+03:00,27.03,289.007,23.810830013409507,15.22152,29.994340575098594,24.425190806426997,-2.89125962578916,4.91832,4.97664,0.5672282171795151,,-18.46642973706643,24.789605,59.475098,10.904142543462,34.30277844464973,64.29711901974832,4.062881355718719,0.002799928376250519,0.603635701087037
2026-09-30T17:30:41+03:00,27.18,289.004,18.79744930601481,15.24096,25.99509516508545,25.336193700685005,0.4516626299016279,4.84056,5.26824,0.5099324376664327,,-20.953066567934208,24.789645,59.475139,10.772097372295537,27.122839293252724,53.11793445833817,4.308249155289808,0.002750386287715177,0.6063860873747522
2026-09-30T17:30:43+03:00,27.03,289.001,26.996475354336884,15.24096,26.997771306564392,25.198683829853607,0.04171132748552394,5.346,4.996079999999999,0.20626480624709637,,-18.884688927511935,24.789686,59.475184,10.754852904947542,40.03707364102965,67.03484494759404,4.093049225900633,0.0029804306988883674,0.6093665180736405
2026-09-30T17:30:45+03:00,27.03,289.001,27.328790875512766,17.08776,27.99471787009202,21.48591731740587,-3.394488457252562,5.20992,5.3654399999999995,0.4469070802020421,,-22.104711736147163,24.789734,59.475226,12.686844855477498,38.195812346824255,66.19053021691627,4.094487014215714,0.002919015123530506,0.612285533197171
2026-09-30T17:30:47+03:00,27.03,289.001,22.372705947631143,16.524,23.995472460078876,19.801421399721253,-0.11894603826915891,5.22936,5.346,0.09167324722093173,,-28.086391117312957,24.789777,59.475271,11.856537640720429,32.03716529632794,56.032637756406814,4.4329503414030595,0.003006583098318537,0.6152921162954896
2026-09-30T17:30:49+03:00,27.03,289.005,25.415111839775815,16.97112,20.99890319154467,23.49699917831506,2.3142911260924213,5.26824,5.22936,-0.1776169164905552,,-34.07952965438136,24.789811,59.475316,12.420258415665774,35.90373957029371,56.90264276183838,4.267292140684553,0.002897177042946401,0.6181892933384361
2026-09-30T17:30:51+03:00,27.03,289.007,25.569810444461133,18.176399999999997,24.99814860155782,28.527568619563688,2.316984027729536,5.404319999999999,5.13216,-0.08594366926962349,,-35.128042419470766,24.789845,59.475363,13.504351819757265,35.51620002176091,60.514348623318725,4.398853266396687,0.0030097196540009898,0.6211990129924371
2026-09-30T17:30:53+03:00,27.03,288.997,22.722210202660943,18.156959999999998,30.99701671657754,32.91069575231449,1.3212406755716783,5.50152,5.598719999999999,0.09167324722093173,,-31.95385623444601,24.789894,59.475411,13.253887656361528,31.948442025369758,62.9454587419473,4.6681750793456445,0.003249926099706231,0.6244489390921433
2026-09-30T17:30:55+03:00,27.0,289.003,29.09923046246701,18.50688,37.998560973076195,30.962639248869685,-3.4395802357293586,5.22936,5.832,0.49847328176381617,,-22.734965310791065,24.789955,59.475455,14.167699317245784,39.440112180065114,77.43867315314131,4.038577288325722,0.0032346147964623334,0.6276835538886056
2026-09-30T17:30:57+03:00,26.88,289.011,26.320385156082516,17.534879999999998,37.998560973076195,23.285004794116656,-1.4874557319391302,5.6376,5.773680000000001,0.3781521447863433,,-27.513433322182134,24.790021,59.475497,12.729573543988039,37.64492099432721,75.6434819674034,4.4639138872124065,0.003230036640053893,0.6309135905286596
2026-09-30T17:30:59+03:00,26.88,289.004,14.763826428293811,17.86536,23.995472460078876,31.01420545043146,6.062982092294858,5.42376,5.48208,-1.0599719209920229,,-28.20671225429043,24.790065,59.475544,12.69612736374112,21.01372576056079,45.00919822063966,5.063050396092632,0.0031281593520485216,0.6340417498807082
2026-09-30T17:31:01+03:00,26.85,289.005,22.281032700410208,18.468,32.996639421584106,35.48327625245188,-0.16873607066602744,5.96808,5.6181600000000005,0.7964113352318443,,-22.11044131409847,24.790111,59.47559,13.141798443210744,32.19581088342386,65.19245030500797,5.050381017683325,0.0031011509050939477,0.6371429007858022
2026-09-30T17:31:03+03:00,26.73,288.994,20.52778184730989,17.14608,44.99437565162355,34.88740014551583,0.07402614713090236,5.7348,5.28768,0.320856365273261,,-20.867122898664583,24.790183,59.475631,11.9459068788836,30.21909759378562,75.21347324540918,4.955481336319696,0.0033022634288035657,0.6404451642146057
2026-09-30T17:31:05+03:00,26.73,289.003,19.97201278603299,17.515439999999998,38.995507536603824,33.73002539935156,-1.1480928298831437,5.38488,5.52096,0.34377467707849396,,-19.365973475421825,24.79024,59.475666,12.589487693975704,28.372725861179333,67.36823339778316,4.738020651925365,0.002730197283682715,0.6431753614982885
2026-09-30T17:31:07+03:00,26.58,289.015,22.15498198548143,18.176399999999997,37.998560973076195,33.65554088598456,1.2150143003544236,5.46264,5.151599999999999,0.3609634109324186,,-19.469105878545374,24.790308,59.475707,13.277860629315025,31.08036246873985,69.07892344181604,4.678445638470868,0.0032222651544239283,0.6463976266527124
2026-09-30T17:31:08+03:00,26.58,289.01,20.779883277167453,18.64296,37.998560973076195,34.979073392736765,-0.12123786944968219,5.28768,5.52096,0.41252961249419273,,-18.77009736848577,24.790372,59.475746,13.82709093842327,28.577393828575623,66.57595480165182,4.6434913363785295,0.0030516895190962007,0.6494493161718086
2026-09-30T17:31:10+03:00,26.58,289.005,17.491105533116528,18.545759999999998,36.99588483159726,34.606650825901724,-0.27278520626178493,5.1710400000000005,5.46264,0.3781521447863433,,-21.955742709413148,24.790429,59.475781,13.702238973595502,24.00397804936526,60.99986288096252,4.723834063029455,0.002730193508030605,0.6521795096798392
2026-09-30T17:31:12+03:00,26.58,289.015,20.774153699216146,18.31248,34.996262126590686,35.867157975189535,0.3982629633954352,5.90976,5.22936,0.3495042550298022,,-20.00195662801704,24.790486,59.475825,12.957602023584808,30.083592600876017,65.07985472746671,5.1136857749597615,0.0031658724110369646,0.6553453820908761
2026-09-30T17:31:14+03:00,26.43,289.019,20.75696496536222,17.96256,34.996262126590686,33.27738874119821,-0.4012996397096286,5.443199999999999,5.07384,0.4354479242994257,,-26.96339383885654,24.790547,59.475871,13.016410909524973,29.279876491728487,64.27613861831918,4.747782756979279,0.0033336131211064188,0.6586789952119826
2026-09-30T17:31:19+03:00,26.58,289.007,18.04687459439343,17.496,34.996262126590686,36.64065099861614,1.5927080789046624,5.50152,5.20992,0.13750987083139757,,-25.966447275328907,24.790607,59.475911,12.382986336867045,25.95794230073855,60.95420442732924,4.946502391989167,0.0030225683094307313,0.6617015635214133
2026-09-30T17:31:21+03:00,26.43,289.015,25.42657099567843,17.7876,38.995507536603824,35.30565933596132,-1.213180835410005,5.22936,5.3654399999999995,0.2807493196141034,,-24.259033045839058,24.790664,59.47595,13.256299854564617,35.177881752378994,74.17338928898282,4.274308184015956,0.0029194787499362655,0.6646210422713495
2026-09-30T17:31:23+03:00,26.28,289.015,21.73099321708462,17.84592,37.998560973076195,35.40306216113357,0.5677438791951327,5.307119999999999,5.2488,0.37242256683503505,,-23.153224501236565,24.79072,59.475991,13.064577585324207,30.381300722938732,68.37986169601493,4.578339777453879,0.002999350415633159,0.6676203926869827
2026-09-30T17:31:25+03:00,26.28,289.018,22.258114388604977,18.5652,31.999692858056477,35.552031187867584,-0.37414144022042756,5.46264,5.20992,0.4354479242994257,,-23.14176534533395,24.790779,59.476029,13.667134938835751,30.965896972615923,62.9655898306724,4.684070158341541,0.0029088433156095965,0.6705292360025923
2026-09-30T17:31:27+03:00,26.28,289.016,20.63664382838475,18.0792,36.99588483159726,35.082205795860304,-1.0108694379493113,5.57928,5.851439999999999,0.7047380880109125,,-21.7151004354582,24.790841,59.476071,13.007407318246756,29.331526768315285,66.32741159991255,4.864015521422004,0.0031552839038363075,0.6736845199064286
2026-09-30T17:31:29+03:00,26.13,289.012,22.046120004406575,17.573759999999996,38.995507536603824,34.325901506287614,-0.020340001727144223,5.42376,5.754239999999999,0.2864788975654116,,-22.54015966044659,24.790902,59.476109,12.710669003415232,31.262681348762953,70.25818888536678,4.636213933898824,0.0029470379543652075,0.6766315578607939
2026-09-30T17:31:31+03:00,26.13,289.012,25.569810444461133,17.45712,38.995507536603824,34.44049306531378,0.9664079130471596,5.2488,5.598719999999999,0.3380450991271857,,-20.299894681485068,24.790959,59.476148,12.922512891761393,35.666470825257875,74.6619783618617,4.2642556730171135,0.002919472671579115,0.679551030532373
2026-09-30T17:31:33+03:00,26.13,289.01,26.19433444115373,16.95168,37.998560973076195,33.1971746498799,-1.209571201300681,5.50152,5.832,0.544309905374282,,-19.234193182541738,24.79102,59.476185,12.258115357753312,37.62084044340557,75.61940141648176,4.357576073896264,0.0029006976200236776,0.6824517281523966
2026-09-30T17:31:35+03:00,25.98,289.021,25.52970339880198,17.08776,35.99893826806962,31.489760420390045,-1.2114046662450995,5.6181600000000005,5.87088,0.31512678732195276,,-20.082170719335352,24.791082,59.476223,12.259631733341458,36.920657260481846,72.91959552855147,4.491539884323692,0.0029664193611887613,0.6854181475135854
2026-09-30T17:31:37+03:00,25.98,289.016,24.171793424341928,17.06832,33.99931556306306,30.64178288359643,0.6831948749139937,5.773680000000001,5.7348,0.1432394487827058,,-25.01533733541174,24.791142,59.476264,12.035353799527298,35.50039108552312,69.49970664858617,4.700419600653851,0.0030705857919958064,0.6884887333055812
2026-09-30T17:31:39+03:00,25.98,289.015,24.83069488874237,16.407359999999997,32.996639421584106,32.88204786255794,-0.08474045789984876,5.832,5.7348,0.3495042550298022,,-21.697911701604276,24.791195,59.476309,11.381142062310442,37.25722732093081,70.25386674251492,4.6418383563195125,0.0031518471032751503,0.6916405804088563
2026-09-30T17:31:41+03:00,25.83,289.012,29.821157284331846,16.485120000000002,36.99588483159726,30.727726552866052,-1.7157794132987632,5.94864,6.006959999999999,0.16615776058793874,,-20.61502146880702,24.791257,59.476355,11.704201111001842,44.46140098859581,81.45728582019308,4.245678067877814,0.0033507477864600107,0.6949913281953164
2026-09-30T17:31:43+03:00,25.98,289.022,27.580892305370327,15.86304,36.99588483159726,31.99396328010517,1.2178217935505646,5.754239999999999,6.18192,-0.11459155902616464,,-22.29378780854033,24.79132,59.476397,11.087572106368105,41.48445940357877,78.48034423517603,4.310704991726092,0.0031736799911126234,0.698165008186429
2026-09-30T17:31:45+03:00,25.98,289.025,28.262712081576005,17.5932,33.99931556306306,31.277766036191643,-0.6159296297656349,5.851439999999999,5.94864,0.05729577951308232,,-26.64826705153459,24.791383,59.476439,12.744178742187593,40.81982058519239,74.81913614825544,4.428188219769104,0.003173678542090704,0.7013386867285197
2026-09-30T17:31:47+03:00,25.83,289.023,28.852858610560755,17.107200000000002,35.99893826806962,32.21168724225489,0.8584626644445125,5.754239999999999,5.7348,-0.12032113697747288,,-28.006177025994642,24.791445,59.476483,12.382639170496683,41.811496612312595,77.81043488038222,4.288878145167698,0.0032522537726021603,0.7045909405011219
2026-09-30T17:31:49+03:00,25.83,289.016,22.89409754120019,17.76816,34.996262126590686,34.996262126590686,2.4665260122586807,5.22936,5.7348,-0.664631042351755,,-35.54057203196496,24.791498,59.476523,13.109551757203256,31.821478068397795,66.81774019498849,4.443361552663146,0.0028980352207365807,0.7074889757218585
2026-09-30T17:31:51+03:00,25.98,288.999,20.229843793841862,18.040319999999998,39.998183678082775,41.379011964348045,3.6294011532561994,5.346,5.22936,-0.38388172273765153,,-28.544757353417612,24.791557,59.476562,13.154633379176937,28.30816910579074,68.3063527838735,4.706670524085395,0.0029562583363894174,0.710445234058248
2026-09-30T17:31:53+03:00,25.83,289.016,20.940311459804086,17.61264,48.999350639587995,43.7052206125792,-2.4015525982908454,5.851439999999999,5.81256,0.320856365273261,,-17.904931097838226,24.791635,59.476604,12.326365608838586,30.708293478742206,79.7076441183302,5.03094150007641,0.0034703472155574377,0.7139155812738054
2026-09-30T17:31:55+03:00,25.83,289.018,26.091202038030186,16.54344,55.99516531813535,35.36868469342571,-2.8466262135484692,5.52096,5.890319999999999,0.41252961249419273,,-10.932034731096108,24.791718,59.476637,11.836814037454584,37.92850688317557,93.92367220131092,4.354813754296667,0.003217886917403498,0.7171334681912089
2026-09-30T17:31:57+03:00,25.83,289.01,16.270705429487876,17.126640000000002,41.99780638308934,32.91069575231449,-1.341179606842231,6.006959999999999,5.98752,0.05156620156177409,,-16.75328592962527,24.791794,59.476673,11.484257427307373,24.69769005740531,66.69549644049465,5.4574734755282055,0.0031725992813796127,0.7203060674725885
2026-09-30T17:31:59+03:00,25.83,289.015,13.04495304290134,17.70984,28.997394011570965,28.865613718690874,-2.2600893186730455,5.307119999999999,5.5598399999999994,0.5099324376664327,,-19.715477730451628,24.791849,59.476719,12.596766306854157,18.50178417637173,47.49917818794269,5.032814996048329,0.003234835013382652,0.7235409024859711
2026-09-30T17:32:01+03:00,25.76,289.022,22.60188906568347,17.86536,28.997394011570965,25.221602141658835,1.5400532575321397,5.87088,4.996079999999999,0.3552338329811104,,-23.869421745150095,24.7919,59.476766,12.648259180265317,32.877919337971576,61.87531334954254,4.930536047942442,0.003225678636947268,0.7267665811229184
2026-09-30T17:32:03+03:00,25.83,289.015,24.73902164152144,18.701279999999997,24.99814860155782,24.4309203843783,-0.8865375964059229,5.7153599999999996,5.773680000000001,0.6245239966925973,,-25.10701058263267,24.791947,59.476814,13.720536583817108,34.778248718958764,59.77639732051658,4.69440130034252,0.0032222505010727066,0.7299888316239911
2026-09-30T17:32:05+03:00,25.83,289.019,23.421218712720552,19.12896,25.99509516508545,27.41603049700989,2.8237079017432363,5.65704,5.90976,-0.005729577951308233,,-27.794182641796233,24.791992,59.476864,14.118234987340543,32.5857159372147,58.580811102300146,4.766546600298025,0.0033044740476064808,0.7332933056715976
2026-09-30T17:32:07+03:00,25.83,289.019,23.67904972052942,18.62352,26.997771306564392,30.492813856862416,0.6326027016039419,5.48208,5.326560000000001,0.05156620156177409,,-30.45843638915456,24.792033,59.476913,13.780000289108491,32.87277982338534,59.87055112994973,4.6042774105188125,0.0032001986656877853,0.7364935043372853
2026-09-30T17:32:09+03:00,25.91,289.029,25.730238627097766,18.195839999999997,33.99931556306306,32.06271821552087,0.3313987887036682,5.26824,5.598719999999999,0.45836623610465854,,-24.568430255209698,24.792087,59.476958,13.643030033025253,35.380902940920976,69.38021850398403,4.2953058023864115,0.003167610767351898,0.7396611151046373
2026-09-30T17:32:11+03:00,25.83,289.03,25.833371030221315,18.23472,40.9951302416104,28.458813684147987,-2.66075870480803,5.65704,5.346,0.418259190445501,,-22.92404138318424,24.79215,59.476998,13.372191531498887,36.45627035269479,77.45140059430518,4.5500172980273454,0.0027815564310666023,0.7424426715357039
2026-09-30T17:32:14+03:00,25.83,289.02,25.690131581438607,18.0792,29.994340575098594,25.605483864396493,0.037528735581068916,5.67648,5.890319999999999,0.395340878640268,,-26.87172059163561,24.792305,59.477122,13.19531423070016,36.43806687267667,66.43240744777526,4.56672450900349,0.003199805944469843,0.7456424774801738
2026-09-30T17:32:16+03:00,25.83,289.02,27.231388050340527,18.545759999999998,28.997394011570965,25.192954251902297,-1.1232264615744658,5.7153599999999996,5.6181600000000005,0.4469070802020421,,-25.307545810928463,24.792355,59.477165,13.715504140817398,38.223821744973975,67.22121575654494,4.489985163749166,0.003001693195943088,0.7486441706761169
2026-09-30T17:32:18+03:00,25.98,289.02,29.700836147354373,17.86536,30.99701671657754,23.1761428130418,0.09774659984931845,5.851439999999999,5.5404,0.5614986392282068,,-23.708993562513463,24.792406,59.477215,13.107318740738977,42.479831505678504,73.47684822225605,4.315525376408701,0.003384716130612781,0.7520288868067296
2026-09-30T17:32:20+03:00,25.98,289.03,25.03695969498947,17.06832,25.99509516508545,23.044362520161712,0.4124150209351666,6.045839999999999,6.2208000000000006,0.41252961249419273,,-25.972176853280214,24.79246,59.477269,11.869625277234528,37.48534311885973,63.480438283945176,4.797428707090975,0.0036404444832368846,0.7556693312899665
2026-09-30T17:32:22+03:00,25.98,289.03,23.707697610285962,18.50688,23.995472460078876,24.68875139218717,0.16873607066602744,6.2208000000000006,6.006959999999999,0.09740282517223994,,-30.67043077335297,24.792506,59.47732,13.052943116361492,34.75502492982284,58.75049738990171,5.110990276521786,0.0033718259102353647,0.7590411572002018
2026-09-30T17:32:24+03:00,26.13,289.02,25.334897748457497,19.77048,29.994340575098594,27.146740333298407,0.9352390089920428,5.9292,5.6181600000000005,0.07448451336700701,,-32.429411204404595,24.792557,59.477373,14.633167262594542,35.319519077672794,65.31385965277138,4.837875495937822,0.0035457973052532453,0.7625869545054551
2026-09-30T17:32:26+03:00,26.02,289.02,27.867371202935736,19.26504,33.99931556306306,28.052013649605104,1.5871503882918934,5.81256,5.3654399999999995,0.12605071492878112,,-31.512678732195283,24.792619,59.477421,14.385452175213196,38.75407099979489,72.75338656285794,4.532866835682944,0.003450582140256634,0.7660375366457117
2026-09-30T17:32:28+03:00,25.98,289.02,21.650779125766306,19.342799999999997,32.996639421584106,29.558892650799173,0.5004213382672611,6.006959999999999,5.851439999999999,0.16615776058793874,,-30.613134993839886,24.792683,59.477468,13.936974920089108,30.800800295655932,63.79743971724004,5.159694779528509,0.0034348393994740527,0.7694723760451858
2026-09-30T17:32:30+03:00,25.98,289.02,22.21800734294582,18.50688,32.996639421584106,28.808317939177794,-0.08983978227651308,6.27912,5.46264,0.25210142985756223,,-29.742239145241033,24.792742,59.477517,12.914117338093943,32.812434576252826,65.80907399783693,5.277280249571395,0.0034523420964639928,0.7729247181416498
2026-09-30T17:32:32+03:00,26.1,289.01,14.964361656589599,19.342799999999997,34.996262126590686,29.83391239246197,0.3872621737289234,5.9292,6.0264,0.2578310078088704,,-29.46148982562693,24.792803,59.477562,13.70049391269107,21.380554513013607,56.37681663960429,5.521150066282511,0.0032838775612258073,0.7762085957028756
2026-09-30T17:32:34+03:00,25.98,289.03,25.00831180523293,20.74248,33.99931556306306,29.04323063518143,-2.0835037262137255,6.492959999999999,5.773680000000001,0.320856365273261,,-24.614266878820168,24.792865,59.477609,15.109675336641926,35.4750602550948,69.47437581815785,5.287660212743771,0.003400477621769145,0.7796090733246447
2026-09-30T17:32:36+03:00,25.98,289.02,20.07514518915654,19.09008,36.99588483159726,24.545511943404467,-1.7727314181347669,6.337439999999999,6.318,0.46982539200727513,,-20.437404552316465,24.79293,59.477656,13.316561258018712,29.47689217911079,66.47277701070806,5.51708515686643,0.0034522884439018714,0.7830613617685466
2026-09-30T17:32:38+03:00,25.95,289.03,16.482699813686278,18.390240000000002,26.997771306564392,25.382030324295467,0.5554252865998199,6.1236,6.62904,0.32658594322456924,,-21.680722967750356,24.792986,59.477703,12.638280718720026,24.384350629621167,51.382121936185555,5.577353198193063,0.003302035468738599,0.7863633972372852
2026-09-30T17:32:40+03:00,25.91,289.02,18.97506622250536,18.3708,30.99701671657754,26.293033218553475,-0.5991419663683017,6.1236,6.27912,0.29793805346802804,,-23.130306189431334,24.793042,59.477758,12.73655659870174,27.969112864653823,58.966129581231364,5.408366877673596,0.003721771953386397,0.7900851691906716
2026-09-30T17:32:42+03:00,25.98,289.02,21.249708669174726,17.90424,32.996639421584106,22.855286447768535,-1.1380087726888413,5.98752,5.98752,0.4068000345428845,,-24.625726034722785,24.793098,59.477806,12.513416982007145,31.236432968554425,64.23307239013853,5.1195372872911316,0.0033536024767368993,0.7934387716674085
2026-09-30T17:32:44+03:00,25.83,289.03,24.183252580244545,18.97344,25.99509516508545,24.425190806426997,0.683424058032046,6.10416,5.79312,0.2578310078088704,,-26.63680789563197,24.793142,59.477854,13.63622294839289,34.7499401758208,60.74503534090624,5.0154680055976915,0.0031825089621496496,0.7966212806295582
2026-09-30T17:32:46+03:00,25.83,289.03,23.793641279555583,18.35136,29.994340575098594,26.997771306564392,1.9298364455596384,6.0264,6.08472,0.3036676314193363,,-27.05506708607747,24.793191,59.477907,13.065389519316113,34.51821848331406,64.51255905841265,4.965428447667753,0.003519406597000002,0.8001406872265582
2026-09-30T17:32:48+03:00,25.98,289.02,24.905179402109383,18.545759999999998,30.99701671657754,27.81137137565016,0.4560171091446223,5.79312,5.67648,0.3552338329811104,,-26.109686724111615,24.793245,59.477953,13.513400079928806,35.30586288825111,66.30287960482866,4.727640422367086,0.0032190643489439607,0.8033597515755021
2026-09-30T17:32:50+03:00,25.87,289.02,22.000283380796105,18.215279999999996,30.99701671657754,28.441624950294067,-0.5621861885823637,5.890319999999999,5.79312,0.4354479242994257,,-24.711669703992406,24.793307,59.477998,12.943356696300608,31.815995065316656,62.8130117818942,5.005273216543704,0.003301270184052904,0.806661021759555
2026-09-30T17:32:52+03:00,25.87,289.02,22.097686205968348,18.545759999999998,29.994340575098594,27.461867120620358,0.264477318232388,6.045839999999999,5.96808,0.38388172273765153,,-26.15552334772208,24.793369,59.478046,13.142317269420975,32.063273521303415,62.057614096402006,5.123621911610285,0.003450562932065774,0.8101115846916208
2026-09-30T17:32:54+03:00,25.83,289.02,19.542294439684873,17.94312,32.996639421584106,31.484030842438735,3.1384336186085973,5.6181600000000005,5.832,0.14896902673401402,,-29.621918008263563,24.793425,59.478091,12.787442487786162,27.99330052397181,60.98993994555592,4.9608492195192,0.00319977974505881,0.8133113644366796
2026-09-30T17:32:56+03:00,25.83,289.03,20.63664382838475,19.61496,33.99931556306306,36.36563125695336,0.6170755453558967,6.1624799999999995,6.10416,0.5328507494716656,,-23.875151323101406,24.793488,59.478135,14.01718593797478,29.550304251025864,63.54961981408892,5.360883243486319,0.003270059565411701,0.8165814240020913
2026-09-30T17:32:58+03:00,25.68,289.03,21.83412562020817,19.20672,41.99780638308934,36.182284762511486,0.16054277419565666,5.79312,5.598719999999999,0.418259190445501,,-22.402649789615186,24.793556,59.478172,13.996007812244741,30.68960078656133,72.68740716965067,4.98176412210857,0.003042223986841135,0.8196236479889325
2026-09-30T17:33:00+03:00,25.68,289.03,18.41929716122846,18.93456,38.995507536603824,37.40841444409145,1.3440443958178852,5.96808,5.79312,0.2578310078088704,,-22.95268927294078,24.79363,59.478217,13.405520035946598,26.505791696008913,65.50129923261274,5.340770656008468,0.0035240833702455806,0.8231477313591781
2026-09-30T17:33:02+03:00,25.65,289.04,18.94641833274882,19.12896,41.99780638308934,38.880915977577665,0.5545085541276108,5.6376,5.94864,0.3666929888837269,,-21.262463777304852,24.793706,59.47826,13.91768389901881,26.503786037127327,68.50159242021667,5.045115725702498,0.003473159372501699,0.8266208907316798
2026-09-30T17:33:04+03:00,25.53,289.03,23.140469393106446,18.83736,39.998183678082775,37.86678068019611,-0.05420180741937588,5.773680000000001,5.754239999999999,0.49847328176381617,,-22.643292063570133,24.793771,59.478298,13.717165686779614,32.66162040499884,72.65980408308161,4.860702261442997,0.0030255987086089766,0.8296464894402887
2026-09-30T17:33:06+03:00,25.68,289.04,20.33297619696541,18.93456,42.99475294661698,38.33660607220338,-0.025553917662834717,5.7348,5.6181600000000005,0.5328507494716656,,-21.801044104727822,24.79384,59.478336,13.702767442636015,28.694769376471413,71.6895223230884,5.030509214426014,0.003107043897187735,0.8327535333374765
2026-09-30T17:33:08+03:00,25.53,289.04,16.362378676708808,18.545759999999998,43.99742908809592,38.05585675258928,-0.3946533292861111,5.443199999999999,5.69592,0.5500394833255903,,-22.07033426843931,24.793911,59.478378,13.410967876039885,22.9279457691091,66.92537485720501,5.0131627190628825,0.003327277367608163,0.8360808107050847
2026-09-30T17:33:10+03:00,25.42,289.04,19.611049375100574,17.009999999999998,40.9951302416104,37.190690481941736,-0.34308712772433697,5.69592,5.87088,0.6760901982543714,,-21.205167997791765,24.793981,59.478419,11.80037176382137,28.934444716374657,69.92957495798505,4.9849201340377425,0.0032618240417328468,0.8393426347468175
2026-09-30T17:33:12+03:00,25.38,289.04,19.72564093412674,16.77672,38.995507536603824,37.22506794964959,0.41814459888647476,5.52096,5.69592,0.8708958485988514,,-21.84688072833829,24.794052,59.478463,11.728704705599005,28.867330335499986,67.86283787210381,4.834925228849792,0.003419382485039471,0.842762017231857
2026-09-30T17:33:14+03:00,25.38,289.03,22.09195662801704,17.04888,38.995507536603824,36.56616648524914,-0.8114801252437849,5.3654399999999995,5.57928,0.6760901982543714,,-23.94963583646841,24.794111,59.4785,12.244780867351228,31.57743495834373,70.57294249494755,4.570996638650519,0.002861804400426564,0.8456238216322836
2026-09-30T17:33:16+03:00,25.23,289.03,18.17292530932221,17.04888,40.9951302416104,37.91261730380657,2.296815913340931,5.598719999999999,5.7348,0.23491269600363757,,-24.895016198434266,24.794179,59.478537,11.85869025247787,26.640372961029072,67.63550320263947,5.004351517107299,0.003042208682532869,0.8486660303148165
2026-09-30T17:33:18+03:00,25.35,289.03,21.593483346253223,17.496,41.99780638308934,39.22469065465616,-0.38313687760398146,5.5404,5.890319999999999,0.45836623610465854,,-23.8063963876857,24.794243,59.478576,12.511693142910234,30.97253613902575,72.97034252211509,4.750416957157062,0.003051584725457591,0.8517176150402741
2026-09-30T17:33:20+03:00,25.23,289.04,22.498756662559924,17.84592,42.99475294661698,38.43400889737562,0.622862419086718,5.46264,5.5404,0.44117750225073393,,-25.479433149467706,24.794313,59.478611,12.968629047486312,31.774458366874086,74.76921131349107,4.643940584021914,0.002998657004557253,0.8547162720448314
2026-09-30T17:33:22+03:00,25.23,289.03,21.70234532732808,18.52632,42.99475294661698,40.02683156783931,-0.28258278455852204,5.42376,5.5598399999999994,0.4812845479098915,,-25.433596525857244,24.794382,59.478648,13.635320555008875,30.160690339830325,73.15544328644731,4.68948980887634,0.003063114325470273,0.8577793863703016
2026-09-30T17:33:24+03:00,25.23,289.03,21.547646722642757,18.0792,44.99437565162355,39.3908484152441,-0.9957433521578576,5.38488,5.50152,0.4239887683968092,,-24.448109118232228,24.794448,59.478681,13.219435205934698,30.151846534673183,75.14622218629674,4.656290943747238,0.0028273021577567945,0.8606066885280584
2026-09-30T17:33:26+03:00,25.23,289.02,23.9426103062896,17.45712,42.99475294661698,38.72048779494103,-0.014725015334862158,5.6181600000000005,5.7153599999999996,0.49847328176381617,,-24.385083760767834,24.794521,59.478716,12.53154164230429,34.42530101544165,77.42005396205863,4.634217572397436,0.003064584679629605,0.863671273207688
2026-09-30T17:33:28+03:00,25.23,289.03,21.415866429762666,17.35992,40.9951302416104,39.03561458226299,0.1448437306090721,5.5598399999999994,6.006959999999999,0.45836623610465854,,-25.702886689568732,24.794594,59.478755,12.351929458764193,30.87557992292153,71.87071016453193,4.771920072085145,0.0032343620549315447,0.8669056352626195
2026-09-30T17:33:30+03:00,25.08,289.03,17.800502742487176,17.96256,41.99780638308934,39.36220052548756,0.732813019972323,5.46264,6.1236,0.4068000345428845,,-27.645213615062218,24.794658,59.478791,12.870234709693142,25.255810770057735,67.25361715314708,4.940476509167018,0.0029153403675543582,0.8698209756301739
2026-09-30T17:33:32+03:00,25.23,289.04,19.158412716947225,18.0792,41.99780638308934,40.599789362970135,1.581821880797177,5.7348,5.7153599999999996,0.4297183463481174,,-27.06079666402878,24.794727,59.478831,12.80113070840766,27.612822229695865,69.6106286127852,5.081605568671118,0.003196437121688899,0.8730174127518628
2026-09-30T17:33:34+03:00,25.08,289.04,22.011742536698723,17.82648,44.99437565162355,40.58833020706752,-1.290988503988771,5.50152,5.65704,0.5213915935690492,,-22.82090898006069,24.794797,59.478868,12.89194550732187,31.215215911420216,76.20959156304377,4.705046567538776,0.0030841753565219445,0.8761015881083848
2026-09-30T17:33:36+03:00,25.08,289.03,18.058333750296043,17.37936,44.99437565162355,36.14790729480364,-1.4174402893741438,5.5598399999999994,5.98752,0.6073352628386726,,-20.139466498848435,24.79487,59.478903,12.215581026004354,26.169122724884858,71.16349837650841,4.98993511326241,0.0030645757091003764,0.8791661638174851
2026-09-30T17:33:38+03:00,25.08,289.03,15.176356040788002,16.465680000000003,40.9951302416104,33.850346536329035,-0.5396689472337225,5.42376,5.90976,0.5786873730821314,,-21.79531452677652,24.79494,59.47894,11.320474967200557,22.381760731576748,63.376890973187145,5.015173487454166,0.0030841722003494927,0.8822503360178346
2026-09-30T17:33:40+03:00,25.08,289.02,21.36430022820089,16.465680000000003,35.99893826806962,31.569974511708363,-1.0964693325418564,5.65704,5.598719999999999,0.4297183463481174,,-25.324734544782388,24.795,59.478983,11.38544106413756,31.792699267004025,67.79163753507365,4.808256766649204,0.0031677958805925725,0.8854181318984272
2026-09-30T17:33:42+03:00,25.12,289.03,23.352463777304852,16.64064,32.996639421584106,31.031394184285386,0.03586715797518954,5.90976,5.69592,0.3781521447863433,,-27.628024881208297,24.795056,59.479026,11.457024945643845,35.15058212302651,68.14722154461062,4.832066626030747,0.0030987983877626144,0.8885169302861898
2026-09-30T17:33:44+03:00,25.23,289.02,20.72258749765437,16.99056,32.996639421584106,31.810616785663306,-0.034606650825901725,6.0264,5.443199999999999,0.3781521447863433,,-27.57645867964652,24.795112,59.479074,11.552548372223278,31.359403776569508,64.35604319815361,5.146061909029646,0.0033535697657124854,0.8918705000519023
2026-09-30T17:33:46+03:00,25.01,289.03,25.323438592554886,17.06832,35.99893826806962,31.335061815704726,-0.1695382115792106,5.98752,5.52096,0.5099324376664327,,-25.616943020299104,24.795175,59.479122,11.934186632608753,37.71526158247451,73.71419985054413,4.736491257022929,0.003467367140537686,0.8953378671924399
2026-09-30T17:33:48+03:00,24.93,289.02,24.108768066877534,17.47656,35.99893826806962,30.653242039499048,-1.0776763168615653,5.6376,5.69592,0.5042028597151245,,-22.86101602571985,24.795239,59.479165,12.543901451383498,34.687038420664436,70.68597668873406,4.635645158020281,0.0032399197839991668,0.8985777869764391
2026-09-30T17:33:50+03:00,25.08,289.04,22.481567928706,16.79616,36.99588483159726,27.868667155163244,-1.5004045781090867,5.5598399999999994,5.5404,0.45836623610465854,,-24.132982330910274,24.795302,59.479208,11.85110817207519,32.81597490068992,69.81185973228719,4.6725759062234475,0.003221603467978106,0.9017993904444171
2026-09-30T17:33:52+03:00,25.08,289.05,20.103793078913082,17.08776,24.99814860155782,28.567675665222847,1.7814403766207556,5.94864,5.96808,0.26356058576017866,,-28.91145034230134,24.795355,59.479255,11.681893191068319,30.184176385558146,55.18232498711596,5.14208585352957,0.0032555282584694357,0.9050549187028866
2026-09-30T17:33:54+03:00,25.08,289.04,20.384542398527184,18.11808,28.997394011570965,31.86791256517639,1.440530488517916,5.90976,5.404319999999999,0.1546986046853223,,-30.75064486467128,24.795407,59.479301,12.745737347270138,29.67872474801834,58.6761187595893,5.134490674689607,0.0031881990058572635,0.9082431177087439
2026-09-30T17:33:56+03:00,25.08,289.04,19.960553630130377,18.31248,35.99893826806962,33.82742822452381,0.6933362278878092,5.754239999999999,5.57928,0.26356058576017866,,-29.077608102889275,24.795461,59.479341,13.052567645811129,28.616152387469413,64.61509065553903,5.051348026020133,0.002915111611049778,0.9111582293197936
2026-09-30T17:33:58+03:00,25.08,289.04,19.101116937434142,18.83736,36.99588483159726,32.916425330265795,-1.3523522838472821,5.81256,5.81256,0.3666929888837269,,-25.7544528911305,24.795519,59.479382,13.479698100944782,27.213029783106805,64.20891461470407,5.169181686406544,0.0030344636621016234,0.9141926929818952
2026-09-30T17:34:00+03:00,24.97,289.04,21.301274870736503,19.187279999999998,35.99893826806962,30.057365932562988,-3.0661836406426004,5.65704,5.94864,0.47555496995858326,,-20.689505982174023,24.795586,59.479428,14.06762439248911,29.701286559915445,65.70022482798507,4.913820284484552,0.003439168115511489,0.9176318610974067
2026-09-30T17:34:02+03:00,25.08,289.04,15.846716661091067,19.59552,33.99931556306306,24.883557042531656,-2.2582558537286266,5.42376,5.57928,0.6703606203030631,,-23.20479070279834,24.795648,59.479468,14.453964461691722,21.727898320964783,55.72721388402784,5.038415005757721,0.003059832357457926,0.9206916934548646
2026-09-30T17:34:04+03:00,24.93,289.04,18.150006997516975,19.65384,22.998525896551243,22.408379367566496,-0.7263958926668577,5.7153599999999996,5.65704,-0.31512678732195276,,-34.933236769126296,24.795692,59.479512,14.33384934295536,25.28498640070191,48.283512297253154,5.167797089421366,0.0029662476218248655,0.9236579410766894
2026-09-30T17:34:06+03:00,25.01,289.04,17.892175989708104,19.945439999999998,13.99735893504601,24.304869669449523,3.2959970122695736,5.81256,4.859999999999999,-0.9453803619658584,,-42.330121904265226,24.795723,59.479562,14.524196454008097,24.954655634036584,38.95201456908259,5.269910830871952,0.0031508423786545292,0.9268087834553439
2026-09-30T17:34:08+03:00,25.31,289.04,21.627860813961075,20.9952,18.999280486538098,31.787698473858068,3.9993600015721724,5.67648,5.598719999999999,-0.3380450991271857,,-38.79497230830804,24.795753,59.479609,15.856991796581417,29.209741647861506,48.2090221343996,4.954653790217181,0.002969781205108733,0.9297785646604526
2026-09-30T17:34:10+03:00,25.27,289.04,25.2661428130418,20.8008,28.997394011570965,36.846915804863244,0.966006842590568,5.69592,5.3654399999999995,0.3323155211758775,,-28.07493196141034,24.795803,59.479656,15.837491499504695,34.09631255854808,63.09370657011904,4.716770929328958,0.0032109930305100273,0.9329895576909626
2026-09-30T17:34:12+03:00,25.08,289.04,24.61297092659266,20.2176,39.998183678082775,31.506949154243973,-3.733221105733905,5.832,5.48208,0.6760901982543714,,-23.233438592554887,24.79587,59.479694,15.11196490870697,33.86225625313392,73.86043993121669,4.842773366740598,0.003065928310360618,0.9360554860013232
2026-09-30T17:34:14+03:00,25.08,289.05,22.670644001099173,19.22616,35.99893826806962,29.10052641469451,0.626357461637016,5.346,5.404319999999999,0.045836623610465865,,-28.52183904161238,24.79593,59.479728,14.440975194273706,30.873953652695263,66.87289192076489,4.5884625519099735,0.0027442696904764643,0.9387997556917996
2026-09-30T17:34:16+03:00,25.08,289.05,23.736345500042503,19.6344,26.997771306564392,30.819399800086984,-0.2845308410619668,5.151599999999999,5.67648,0.41252961249419273,,-27.473326276522975,24.795977,59.479769,15.062016161182058,31.649687705304387,58.647459011868776,4.385413896339987,0.002851609649922599,0.9416513653417222
2026-09-30T17:34:18+03:00,24.93,289.04,25.821911874318697,19.09008,32.996639421584106,30.492813856862416,1.1661982962092776,5.48208,5.3654399999999995,0.26356058576017866,,-27.501974166279513,24.796028,59.479814,14.355363613783078,35.39694952789051,68.39358894947462,4.468764855001173,0.0031208627976329418,0.9447722281393551
2026-09-30T17:34:20+03:00,25.05,289.03,24.45827232190734,19.22616,36.99588483159726,32.16585061864442,1.3253659716966202,5.20992,5.0544,0.08594366926962349,,-27.99471787009202,24.796084,59.479852,14.643507199113362,32.92906585220916,69.92495068380643,4.37291617053562,0.002852922779106382,0.9476251509184616
2026-09-30T17:34:22+03:00,25.08,289.04,26.572486585940077,20.2176,35.99893826806962,34.25141699292061,1.0595135547559185,5.598719999999999,5.443199999999999,0.5042028597151245,,-21.474458161503254,24.796145,59.479893,15.415087782272982,35.92272018822689,71.92165845629651,4.533894154892945,0.003088773597864909,0.9507139245163264
2026-09-30T17:34:24+03:00,24.93,289.04,25.243224501236565,19.964879999999997,37.998560973076195,33.4091690340783,-1.2361564429947511,5.7153599999999996,5.7153599999999996,0.46982539200727513,,-20.013415783919655,24.796209,59.479935,14.994728512355072,34.598122225279894,72.59668319835609,4.7046270364052845,0.0031921476136125408,0.9539060721299389
2026-09-30T17:34:26+03:00,24.93,289.04,22.114874939822272,18.77904,34.996262126590686,30.550109636375495,-0.39413766727049326,5.832,5.65704,0.37242256683503505,,-27.685320660721377,24.79626,59.479977,13.555084686114975,31.436245214563343,66.43250734115404,4.975985085952082,0.0029659373366962938,0.9568720094666352
2026-09-30T17:34:28+03:00,24.93,289.05,20.51059311345597,18.273600000000002,32.996639421584106,32.53827318547945,2.2872475181622463,5.832,5.94864,-0.11459155902616464,,-32.18876893044965,24.796317,59.480027,12.97324598013815,29.573005485483662,62.56964490706777,5.072251073490706,0.003472706751845595,0.9603447162184808
2026-09-30T17:34:30+03:00,25.08,289.04,18.923500020943585,18.8568,32.996639421584106,34.113907122089216,0.6248104755901627,5.87088,5.151599999999999,0.1776169164905552,,-32.46951825006375,24.796373,59.480076,13.43878347557189,27.068363085002176,60.06500250658628,5.227808499843265,0.0034053945199434485,0.9637501107384243
2026-09-30T17:34:32+03:00,24.97,289.04,23.09463276949598,18.798479999999998,36.99588483159726,34.65248744951219,0.48615468916850346,5.96808,5.57928,0.320856365273261,,-28.87134329664218,24.796431,59.480123,13.513012410531116,33.07084629971814,70.06673113131541,5.001230033337899,0.0033339861703645703,0.9670840969087889
2026-09-30T17:34:34+03:00,25.05,289.05,23.512891959941484,18.876240000000003,41.99780638308934,32.068447793472174,-1.758808543713088,5.832,6.0652800000000004,0.5500394833255903,,-23.456892132655902,24.7965,59.48017,13.72709161482448,33.271496765390566,75.2693031484799,4.876020794938331,0.003523796027745444,0.9706078929365344
2026-09-30T17:34:36+03:00,24.93,289.04,22.132063673676196,18.156959999999998,35.99893826806962,29.621918008263563,-0.3741987359999407,6.10416,6.43464,0.641712730546522,,-20.139466498848435,24.796567,59.480218,12.712308710145605,32.554438685688496,68.55337695375812,5.145077789432391,0.003536511582756978,0.9741444045192914
2026-09-30T17:34:38+03:00,24.93,289.05,19.33602963343778,18.817919999999997,29.994340575098594,28.590593977028078,-2.27355382685862,6.08472,6.337439999999999,0.5844169510334397,,-17.372080348366563,24.79663,59.480266,13.230714357147109,28.09478102367288,58.08912159877147,5.367756018814411,0.0034673310149444083,0.9776117355342359
2026-09-30T17:34:40+03:00,25.08,289.04,21.158035421953794,17.32104,29.994340575098594,26.172712081576005,-0.010026761414789406,5.94864,6.1236,0.693278932108296,,-19.18262698097996,24.796684,59.480311,11.967589882846305,31.493462731013466,61.487803306112056,5.072403985117158,0.003167525613998216,0.9807792611482341
2026-09-30T17:34:42+03:00,25.05,289.05,26.07974288212757,17.04888,25.99509516508545,25.24452045346407,-0.4555587429085175,5.890319999999999,6.39576,0.6474423084978302,,-21.342677868623163,24.796733,59.480361,12.040060595837868,38.49965138021079,64.49474654529624,4.609834789325138,0.003357007566311158,0.9841362687145453
2026-09-30T17:34:44+03:00,25.08,289.05,18.820367617820036,17.515439999999998,26.997771306564392,24.637185190625402,-0.8759951729755157,5.87088,6.10416,0.7219268218648373,,-23.411055509045436,24.796782,59.480408,12.107500786191125,27.82002430774557,54.81779561430996,5.192311499784548,0.003196580757240725,0.987332849471786
2026-09-30T17:34:46+03:00,25.08,289.05,17.892175989708104,18.23472,22.998525896551243,22.356813166004724,-1.5511686387576777,5.890319999999999,5.5404,0.29793805346802804,,-26.321681108310017,24.796831,59.480453,12.758272855322517,26.046645125105783,49.045171021657026,5.292080638830602,0.003090848092733866,0.9904236975645199
2026-09-30T17:34:48+03:00,25.05,289.05,23.512891959941484,19.828799999999998,23.995472460078876,22.700587843083216,1.6443315762459496,5.96808,5.7348,0.6474423084978302,,-27.30716851593504,24.796883,59.480506,14.55235372023284,32.92973593342688,56.925208393505756,5.009235432207889,0.0035592414072143745,0.9939829389717343
2026-09-30T17:34:50+03:00,25.08,289.06,15.88682370675022,19.303919999999998,27.99471787009202,25.863314872205365,0.12759770097563433,6.1624799999999995,6.0264,0.6990085100596044,,-24.17881895452074,24.796941,59.480554,13.482765704513277,23.074259043257086,51.068976913349104,5.669467226669407,0.0033850573037513877,0.9973679962754857
2026-09-30T17:34:52+03:00,25.08,289.05,22.034660848503957,18.156959999999998,31.999692858056477,24.585618989063626,-0.8786307788331175,5.832,6.1236,0.7792226013779195,,-20.72388344988188,24.797,59.480598,12.937305525670618,31.771405469166552,63.77109832722303,4.958107309226682,0.0031996965107140194,1.0005676927861997
2026-09-30T17:34:54+03:00,25.08,289.04,21.140846688099874,18.83736,28.997394011570965,24.499675319793997,1.8044159842055014,5.94864,5.7153599999999996,0.7964113352318443,,-19.457646722642757,24.797053,59.480646,13.461154542521173,30.311794658820702,59.30918867039166,5.135411374471414,0.003307790472036755,1.0038754832582364
2026-09-30T17:34:56+03:00,25.08,289.05,26.90480210711595,17.573759999999996,26.997771306564392,26.132605035916846,0.7408917248836674,5.96808,6.0652800000000004,0.739115555718762,,-19.39462136517837,24.797104,59.480696,12.545782587282336,39.33561831355564,66.33338962012003,4.615989481646703,0.003384642334993582,1.00726012559323
2026-09-30T17:34:58+03:00,25.08,289.06,21.478891787227056,17.67096,28.997394011570965,25.359112012490233,-1.5106032268624154,5.69592,6.0264,0.7104676659622208,,-20.208221434264136,24.797156,59.480742,12.545185896181758,31.048619132502097,60.04601314407306,4.879865253439861,0.0031881652909035085,1.0104482908841337
2026-09-30T17:35:00+03:00,25.08,289.05,26.29173726632597,18.23472,26.997771306564392,22.700587843083216,0.6820489593237319,5.79312,5.9292,0.7333859777674538,,-23.62877947119515,24.797204,59.48079,13.29095239721486,37.42343629543615,64.42120760200054,4.600699591121691,0.0032358814329926126,1.0136841723171264
2026-09-30T17:35:02+03:00,25.08,289.05,18.430756317131078,19.38168,20.99890319154467,37.54019473697154,9.773915139798174,5.50152,5.22936,0.6875493541569879,,-27.06079666402878,24.797242,59.480838,14.268762174099464,25.43248296309318,46.43138615463785,4.968378532104053,0.0031096031239953017,1.0167937754411216
2026-09-30T17:35:04+03:00,25.23,289.05,16.024333577581622,21.36456,42.99475294661698,60.89395446650389,12.91103095547797,5.20992,5.03496,0.27501974166279514,,-16.993928203580218,24.797301,59.480876,16.420176978542674,21.04907231248805,64.04382525910503,4.862278457449033,0.0029086832952712233,1.0197024587363928
2026-09-30T17:35:07+03:00,25.08,289.05,-8.715124579474631,17.90424,69.99825383113267,88.28133707375724,9.896814586853736,4.7628,4.704479999999999,-0.29793805346802804,,2.3319382261824506,24.797377,59.480893,13.21614969601955,11.845317242231545,58.15293658890113,4.6613777909579515,0.002534918180511283,1.022237376916904
2026-09-30T17:35:09+03:00,25.08,289.07,-18.91950291075459,15.4548,108.99949094568781,92.39517404279657,0.2042021581846254,4.5684000000000005,4.33512,-0.6875493541569879,,12.473291199998021,24.797448,59.480888,11.23131466842343,26.498105302919498,82.50138564276831,4.088485542883838,0.002187960604098023,1.024425337521002
2026-09-30T17:35:11+03:00,25.08,289.06,-22.471841240565695,15.765839999999999,103.99756939419571,93.98799671326024,0.08703228908037204,4.510079999999999,4.0824,-1.065701498943331,,16.66161268240434,24.797523,59.480874,11.725635374527194,30.926022587567104,73.0715468066286,3.8688890394775295,0.002439081154573515,1.0268644186755755
2026-09-30T17:35:13+03:00,25.08,289.06,-23.52608358360641,15.96024,107.99681480420887,95.50633487035694,1.1828140722680713,4.31568,4.33512,-1.2547775713365028,,18.73571990077792,24.797598,59.480861,12.126272465269379,31.693230329278805,76.30358447493006,3.672096406720124,0.0024190022225936423,1.0292834208981692
2026-09-30T17:35:15+03:00,24.93,289.07,-25.680404893298302,14.79384,106.99986824068124,99.78632959998417,1.172844606632795,4.91832,4.45176,-0.8995437383553924,,25.67423879981219,24.79768,59.480849,10.578268211234684,37.304193936698425,69.69567430398281,3.9121749572617963,0.0026048464470548854,1.031888267345224
2026-09-30T17:35:17+03:00,25.08,289.06,-20.07114807896755,15.765839999999999,110.99911365069438,95.23131512869413,-2.4189705152628225,5.01552,4.68504,-0.9281916281119336,,23.62304989324384,24.797765,59.480834,11.188124918925118,28.921083367790516,82.07803028290387,4.3900176099912676,0.002746757319758794,1.034635024664983
2026-09-30T17:35:19+03:00,25.05,289.06,-26.511193696238,16.465680000000003,103.99756939419571,96.02772646392597,1.4573181519152487,5.09328,4.957199999999999,-0.3781521447863433,,18.12265505998794,24.797857,59.48082,12.123061587772252,37.320170219987034,66.67739917420867,4.050482369162323,0.0029316076641736225,1.0375666323291566
2026-09-30T17:35:21+03:00,25.01,289.06,-22.729672248374566,17.28216,103.99756939419571,96.58349552520286,0.5298140731574723,5.2488,4.957199999999999,-0.5156620156177408,,19.537860813961075,24.797946,59.480808,12.605207883281885,31.988227086903834,72.00934230729187,4.451806272616094,0.002810787332560498,1.040377419661717
2026-09-30T17:35:23+03:00,24.93,289.05,-22.529137020078778,17.67096,106.99986824068124,98.04453790278647,1.0860415006704756,5.3654399999999995,5.01552,-1.380828286265284,,25.63986133210434,24.798037,59.480793,12.880104336366403,31.71336140111515,75.28650683956609,4.564318352621559,0.002920377315188536,1.0432977969769055
2026-09-30T17:35:25+03:00,24.78,289.07,-22.529137020078778,17.34048,102.99489325271679,97.55179419897395,-1.3160840554155009,4.996079999999999,5.09328,-2.194428355351053,,31.36370970546126,24.798133,59.480778,12.868848339618333,31.083734296033185,71.91115895668361,4.278711302272157,0.0030659065491702013,1.0463637035260758
2026-09-30T17:35:27+03:00,24.78,289.05,-23.377114556872396,18.62352,108.99949094568781,96.36004198510184,0.06503070974734843,5.22936,4.89888,-2.3090199143772177,,31.56424493375705,24.798223,59.480765,13.978277535437787,31.913550888537713,77.0859400571501,4.43892489644965,0.002856159692388225,1.049219863218464
2026-09-30T17:35:29+03:00,24.78,289.06,-20.999339707079482,19.12896,112.99873635570096,96.35431240715054,0.8555405796893453,5.5404,4.97664,-2.194428355351053,,30.418329343495408,24.79831,59.480752,14.097044297294836,29.09585540230796,83.902880953393,4.841242523012425,0.0027681946810560526,1.05198805789952
2026-09-30T17:35:31+03:00,24.78,289.05,-21.87596513362964,18.5652,104.99451595772337,97.79243647292891,0.7004982003269445,5.3654399999999995,4.91832,-2.337667804133759,,33.73002539935156,24.798398,59.480742,13.732408322118651,30.246794633416698,74.74772132430667,4.635008781233449,0.002752574783964443,1.0547406326834845
2026-09-30T17:35:33+03:00,24.78,289.06,-20.79307490083238,17.554319999999997,110.99911365069438,96.06783350958514,-1.2686431499786686,5.598719999999999,4.82112,-3.437746770784939,,34.89312972346713,24.798496,59.480727,12.479536277974674,29.957118692910228,81.04199495778415,4.85072748754261,0.0031243116469892073,1.0578649443304737
2026-09-30T17:35:35+03:00,24.63,289.07,-21.858776399775717,17.515439999999998,107.99681480420887,93.27752904729802,-1.8218339011774787,5.52096,5.754239999999999,-2.389234005695533,,30.710537819012128,24.798593,59.480713,12.560750711420146,31.277584656478524,76.71923014773034,4.718554780718044,0.0030781271390017658,1.0609430714694754
2026-09-30T17:35:37+03:00,24.63,289.04,-24.17352589210424,17.90424,97.99870127917599,92.86499943480383,2.637095547869127,5.5598399999999994,5.03496,-0.8422479588423101,,20.580644001099174,24.798685,59.480704,13.032362657426937,34.234767684136585,63.763933595039404,4.596538473744344,0.0028598760483345203,1.06380294751781
2026-09-30T17:35:39+03:00,24.52,289.07,-27.81180789118497,17.06832,92.99677972768393,98.05026748073777,1.593911290274437,5.38488,5.598719999999999,-0.985487407625016,,17.435105705830953,24.79879,59.480699,12.559337737391528,39.35132850547083,53.6454512222131,4.163979534316445,0.003219123422187356,1.0670220709399973
2026-09-30T17:35:41+03:00,24.33,289.07,-22.42600461695523,18.42912,105.9971920992023,100.86921983278143,-0.098835219660067,5.598719999999999,5.42376,-1.5641747807071475,,21.674993389799045,24.798881,59.480686,13.424808268978717,31.580529136994983,74.41666296220731,4.769577289721057,0.0028855378183508243,1.0699076087583481
2026-09-30T17:35:43+03:00,24.33,289.07,-22.168173609146358,17.67096,107.99681480420887,101.45363678381487,1.6879336644554053,5.79312,5.6376,-1.8277353664673262,,25.863314872205365,24.798982,59.480668,12.498695791292114,32.24043224548194,75.75638255872693,4.899918901509414,0.0032673053223960568,1.0731749140807443
2026-09-30T17:35:45+03:00,24.33,289.07,-21.555108768356384,16.7184,108.99949094568781,101.24164239961647,-1.362092566364506,5.754239999999999,5.19048,-1.770439586954244,,25.152847206243138,24.799088,59.480648,11.561514013725123,32.09122819317676,76.90826275251105,4.875010926727128,0.0034516997662729794,1.0766266138470173
2026-09-30T17:35:47+03:00,24.18,289.07,-23.14220186086876,16.3296,110.99911365069438,100.62857755882649,-0.006760901982543714,5.98752,5.03496,-1.6329297161228462,,23.94963583646841,24.79918,59.480634,11.076727484445396,35.40780660688594,75.59130704380844,4.880121353384773,0.0029316224780181455,1.0795582363250353
2026-09-30T17:35:49+03:00,24.18,289.06,-23.53181316155772,16.83504,104.99451595772337,100.83484236507357,1.8045305757645278,5.9292,5.6376,-2.3720452718416083,,19.93320169260134,24.799293,59.480619,11.642139942786423,35.26399871763604,69.73051724008732,4.841194886341387,0.003565157823857792,1.0831233941488931
2026-09-30T17:35:51+03:00,24.03,289.07,-22.511948286224854,17.94312,106.99986824068124,102.20994107338757,-1.0544715261587672,5.5404,5.404319999999999,-2.245994556912827,,18.747179056680537,24.79939,59.480604,12.999150724314092,31.903852435070633,75.0960158056106,4.703445871746236,0.003095108753569411,1.0862185029024625
2026-09-30T17:35:53+03:00,24.03,289.06,-13.837367267944188,17.35992,109.99643750921543,99.97540567237735,-0.34704053651073963,5.94864,5.57928,-2.1715100435458203,,18.426322691407275,24.799501,59.480582,11.67095923738337,20.839270708494467,89.15716680072096,5.559492257520303,0.0036371283441035095,1.089855631246566
2026-09-30T17:35:55+03:00,24.03,289.07,-20.426381911948653,18.29304,106.99986824068124,102.82300591417754,1.8279645495853785,5.7348,5.6181600000000005,-1.948056503444799,,16.959550735872366,24.799606,59.480564,13.07295663973609,29.2329836289683,77.76688461171294,5.0044220945194535,0.003382765452098617,1.0932383966986645
2026-09-30T17:35:57+03:00,23.92,289.07,-22.345790525636918,18.0792,110.99911365069438,99.03575488836279,-2.669639550632558,5.7153599999999996,5.79312,-1.9938931270552647,,17.612722622321506,24.799701,59.480547,12.976259173960887,31.985735474923217,79.01337817577117,4.847654045514643,0.0030745998220763574,1.0963129965207408
2026-09-30T17:35:59+03:00,23.88,289.08,-21.05090590864125,17.65152,106.99986824068124,96.47463354412801,-0.5145733958069924,5.79312,5.326560000000001,-2.131402997886662,,18.60393960789783,24.799805,59.480527,12.420572689382306,30.69539921511617,76.30446902556507,4.981464870357943,0.0033945502980440253,1.0997075468187847
2026-09-30T17:36:01+03:00,23.88,289.07,-18.822100085582353,16.95168,103.99756939419571,95.68395178684747,-0.14507291372712444,5.307119999999999,5.151599999999999,-2.1715100435458203,,18.815933992096234,24.799898,59.480515,12.050622894318597,26.990747272480945,77.00682212171476,4.729067575447075,0.002928987428628109,1.1026365342474127
2026-09-30T17:36:03+03:00,23.73,289.07,-15.504674451774886,18.50688,102.99489325271679,95.44330951289253,-0.41361823230494127,5.50152,5.07384,-2.165780465594512,,19.102412889661643,24.799997,59.480504,13.287205517989676,21.85928542111745,81.13560783159934,5.105966576756689,0.0030934207318020377,1.1057299549792148
2026-09-30T17:36:05+03:00,23.73,289.07,-19.687266356229895,17.554319999999997,102.99489325271679,95.21412639484019,-0.32205957664303575,5.3654399999999995,4.996079999999999,-1.9595156593474157,,17.58980431051627,24.800092,59.480494,12.632500714387971,27.913760987077836,75.08113226563896,4.741188331513615,0.002961477164923602,1.1086914321441383
2026-09-30T17:36:07+03:00,23.58,289.07,-18.39811131718554,17.7876,99.99832398418258,95.57508980577262,0.2042021581846254,5.79312,5.151599999999999,-1.8621128341751756,,16.79339297528443,24.800193,59.480483,12.4258448674343,26.859671942337428,73.13865204184515,5.1681336410638945,0.0031530879834827264,1.111844520127621
2026-09-30T17:36:09+03:00,23.43,289.07,-18.82782966353366,18.059759999999997,100.9952705477102,96.78403075349866,0.68479915674036,5.773680000000001,5.346,-1.7647100090029357,,15.916767548734269,24.800292,59.480472,12.73209832301412,27.24316008324547,73.75211046446474,5.133216045466286,0.003093423528834017,1.114937943656455
2026-09-30T17:36:11+03:00,23.43,289.08,-21.841587665921786,17.76816,99.99832398418258,98.60603654201469,2.1167352783313134,5.57928,5.307119999999999,-1.5870930925123803,,14.438536437296746,24.800397,59.480461,12.759357120260622,31.204222683859797,68.79410130032278,4.7721036881820265,0.0032725739959610415,1.1182105176524162
2026-09-30T17:36:13+03:00,23.32,289.07,-19.601322686960273,17.22384,103.99756939419571,100.74889869580396,2.189615509871954,5.598719999999999,5.1710400000000005,-2.165780465594512,,18.53518467248213,24.800493,59.480448,12.096275341845173,28.533934209349468,75.46363518484624,4.9186678625702,0.003032758936332972,1.1212432765887492
2026-09-30T17:36:15+03:00,23.28,289.07,-18.5069732982604,16.3296,110.99911365069438,100.18740005657575,-1.8339806064342523,5.307119999999999,4.996079999999999,-2.887707287459349,,24.717399281943713,24.800584,59.480429,11.421848774282399,26.98835767425666,84.01075597643772,4.729168026032238,0.0030033528867805,1.1242466294755298
2026-09-30T17:36:17+03:00,23.21,289.07,-20.78161574492977,17.94312,113.99568291922859,98.09610410434824,-1.6040526432482527,5.57928,5.07384,-2.7845748843358007,,24.155900642715505,24.800672,59.480415,12.879864074820441,29.622719885128163,84.37296303410042,4.850062496948034,0.0028148976546095075,1.1270615271301392
2026-09-30T17:36:19+03:00,23.13,289.07,-19.584133953106342,16.757279999999998,99.99832398418258,97.04186176130753,0.8255175912244902,4.97664,5.13216,-2.3720452718416083,,21.04473981515514,24.800762,59.480404,12.18327637050505,27.45374146608873,72.54458251809385,4.416187440728329,0.002825666109286117,1.1298871932394252
2026-09-30T17:36:21+03:00,23.1,289.07,-22.632269423202324,15.97968,102.99489325271679,100.26761414789407,-0.18231517041062792,4.996079999999999,4.859999999999999,-2.4064227395494577,,21.566131408724186,24.80086,59.480393,11.529752496710534,32.231086315566415,70.76380693715038,4.2262036816662425,0.003063618089362378,1.1329508113287876
2026-09-30T17:36:23+03:00,22.98,289.07,-20.076877656918853,16.69896,108.99949094568781,96.50328143388455,-2.0550277237957237,5.3654399999999995,4.7628,-2.9278143331185067,,24.79188379531072,24.800948,59.480376,11.804143952558999,29.053667678924484,79.94582326676333,4.69028100132835,0.0028739638172225724,1.1358247751460102
2026-09-30T17:36:25+03:00,22.91,289.08,-20.942043927566395,16.485120000000002,109.99643750921543,94.13696573999427,-0.6383895753347633,5.443199999999999,5.03496,-3.2257523865865347,,27.083714975834013,24.801038,59.480364,11.566283944818805,30.62561681660651,79.37082069260892,4.683951708221885,0.002840335222553171,1.1386651103685634
2026-09-30T17:36:27+03:00,22.83,289.08,-23.434410336385483,16.44624,109.99643750921543,93.87913473218539,0.33265929585295595,5.443199999999999,4.84056,-3.277318588148309,,27.30716851593504,24.801125,59.480353,11.654821462758637,34.138632603838744,75.85780490537668,4.505239351129621,0.0027367220955917516,1.1414018324641553
2026-09-30T17:36:29+03:00,22.83,289.07,-23.869858260684904,17.18496,99.99832398418258,94.03383333687071,1.0833485990333607,4.80168,4.84056,-2.9621918008263566,,25.330464122733694,24.801219,59.480347,12.940688849322141,32.50550504153185,67.49281894265073,4.049447935289763,0.0028919008769767367,1.144293733341132
2026-09-30T17:36:31+03:00,22.68,289.08,-23.738077967804816,17.80704,99.99832398418258,95.88448701514328,1.4021996120236637,4.93776,4.78224,-3.030946736242055,,25.009607757460433,24.801306,59.480339,13.434896003209285,32.24636564915161,67.75195833503096,4.176168133350126,0.0026988362045310527,1.146992569545663
2026-09-30T17:36:33+03:00,22.65,289.08,-22.139525719389816,17.65152,102.99489325271679,96.59495468110549,-0.5596078785042751,4.996079999999999,4.4712,-3.1398087173169116,,26.499298024800574,24.801407,59.480329,13.159202982794655,30.36572856354121,72.62916468917558,4.3106987539421056,0.0031410474524941685,1.1501336169981573
2026-09-30T17:36:35+03:00,22.53,289.08,-23.72088923395089,17.86536,103.99756939419571,97.94140549966292,1.4702097023056921,5.07384,4.74336,-1.8048170546620932,,26.785776922365987,24.801495,59.48032,13.376817847648777,32.49769636220114,71.49987303199457,4.279342858621214,0.0027401099689388676,1.1528737269670961
2026-09-30T17:36:37+03:00,22.53,289.08,-22.185362343000286,18.954,105.9971920992023,96.76684201964474,-0.9673246455193688,5.151599999999999,5.13216,-1.575633936609764,,23.84650343334486,24.801592,59.480307,14.316560376363471,29.99459580034005,76.00259629886224,4.461659402521562,0.003062275034824422,1.1559360020019205
2026-09-30T17:36:39+03:00,22.38,289.08,-22.712483514520645,19.10952,102.99489325271679,98.35966469010842,1.7875137292491423,5.5404,5.22936,-1.065701498943331,,21.835421572435674,24.8017,59.480291,14.161260197942598,31.400792233896226,71.59410101882057,4.728972923469958,0.003434091581448318,1.1593700935833688
2026-09-30T17:36:41+03:00,22.23,289.08,-21.40613974162236,17.107200000000002,104.99451595772337,100.78900574146313,0.17612722622321508,5.5598399999999994,5.0544,-1.1745634800181877,,20.620751046758325,24.801803,59.480278,12.10223032426329,31.058660627666427,73.93585533005694,4.762778806223875,0.0032397004350118662,1.1626097940183806
2026-09-30T17:36:43+03:00,22.2,289.08,-21.767103152554782,17.982,106.99986824068124,100.49106768799508,-0.4852379566962942,5.307119999999999,5.07384,-1.32926208470351,,21.13068348442476,24.801896,59.480262,13.200813864884786,30.341099126189363,76.65876911449188,4.58022194116139,0.0029972881304664994,1.1656070821488471
2026-09-30T17:36:45+03:00,22.08,289.08,-24.013097709467612,17.8848,106.99986824068124,98.80657177031046,-1.1424205477113483,5.754239999999999,5.326560000000001,-2.2861016025719847,,27.0035008845157,24.801992,59.480248,12.843842715772665,34.51789535736498,72.48197288331626,4.7412016812277935,0.003048815757228401,1.1686558979060755
2026-09-30T17:36:47+03:00,22.08,289.08,-18.91950291075459,18.77904,106.99986824068124,97.58617166668182,0.028877072874593488,5.96808,4.6655999999999995,-2.515284720624314,,31.100149119701083,24.802088,59.480231,13.275178696046076,27.301217025456197,79.69865121522504,5.30328059030881,0.0031034317453666484,1.1717593296514421
2026-09-30T17:36:49+03:00,22.08,289.08,-26.79767259380341,18.40968,108.99949094568781,99.36234083158736,1.31253171708569,5.22936,4.723920000000001,-2.6642537473583277,,32.50962529572291,24.802174,59.480218,13.942704791664886,36.53275089744878,72.46674004823903,4.2018782057026485,0.002738964993928858,1.174498294645371
2026-09-30T17:36:51+03:00,21.93,289.08,-30.21823063073442,17.90424,109.99643750921543,99.11596897968111,-0.7408344291041544,5.13216,6.84288,-2.6527945914557116,,33.25447042939298,24.802258,59.480205,13.714894350684562,41.07384381349053,68.9225936957249,3.8689476545717487,0.002680509987266179,1.1771788046326372
2026-09-30T17:36:53+03:00,21.93,289.08,-27.639920552645727,18.254160000000002,106.99986824068124,95.60946727348046,-1.6385447025151283,6.43464,5.22936,-2.2689128687180604,,28.372870014878366,24.802354,59.480187,12.903865724504843,41.01560124033034,65.9842670003509,4.855134787321932,0.003123741911546524,1.1803025465441839
2026-09-30T17:36:55+03:00,21.9,289.08,-24.179255470055548,17.82648,100.9952705477102,95.24277428459675,1.0036501697306632,5.851439999999999,5.2488,-1.4610423775835992,,23.63450904914646,24.802461,59.480176,12.716298028528158,35.04307052508537,65.95220002262484,4.790694716855153,0.0033324141085144914,1.1836349606526984
2026-09-30T17:36:57+03:00,21.78,289.07,-22.632269423202324,16.99056,97.99870127917599,97.96432381146816,1.5093427197131277,5.42376,5.307119999999999,-1.5126085791453732,,23.30219352797058,24.802567,59.480165,12.164849140730151,32.511490451588884,65.4872108275871,4.5737682675692355,0.0033025026727356663,1.186937463325434
2026-09-30T17:36:59+03:00,21.63,289.08,-23.468787804093328,15.901919999999999,104.99451595772337,99.9582169385234,2.0052949871783685,5.69592,5.26824,-1.065701498943331,,22.500052614787425,24.802671,59.480154,10.915486919677683,35.463097367508254,69.53141859021511,4.639266259563984,0.0032427129714468566,1.1901801762968809
2026-09-30T17:37:01+03:00,21.48,289.08,-23.45732864819071,15.68808,101.99794668918915,97.70076322570799,-3.540420807672383,5.96808,5.01552,-1.4610423775835992,,20.362920038949458,24.80277,59.480143,10.485885272771771,36.551998926058104,65.44594776313104,4.794258311567951,0.00309345228399738,1.1932736285808783
2026-09-30T17:37:03+03:00,21.48,289.08,-22.23119896661075,17.14608,105.9971920992023,95.95897152851028,1.087817669835381,6.045839999999999,5.67648,-1.1631043241155712,,19.085224155807722,24.802879,59.480128,11.77399196626851,33.43367430569896,72.56351779350334,5.04539970722854,0.0034472138710187144,1.196720842451897
2026-09-30T17:37:05+03:00,21.45,289.08,-25.342359794171124,17.398799999999998,100.9952705477102,97.33407023682425,-1.0520078076397044,5.773680000000001,5.57928,-1.8391945223699424,,16.730367617820036,24.802972,59.480119,12.428907341890266,36.8111269163779,64.1841436313323,4.622494955651937,0.0028899034537167435,1.1996107459056136
2026-09-30T17:37:07+03:00,21.22,289.08,-20.890477726004626,16.77672,102.99489325271679,95.93032363875372,0.41522251413130756,5.598719999999999,5.46264,-1.7990874767107847,,16.29491969352061,24.803072,59.48011,11.717365481180396,30.70040220820519,72.2944910445116,4.814052044448014,0.0031000597730107445,1.2027108056786242
2026-09-30T17:37:09+03:00,21.03,289.08,-17.28084361668044,17.72928,104.99451595772337,96.30274620558878,-0.5201310864197614,5.404319999999999,5.346,-2.6642537473583277,,22.225032873124633,24.803179,59.480096,12.671020383806631,24.559625405891893,80.43489055183147,4.915386974215202,0.0033728331851410813,1.2060836388637652
2026-09-30T17:37:11+03:00,21.03,289.08,-21.824398932067865,19.88712,105.9971920992023,96.29128704968616,0.11917522138721122,5.598719999999999,4.996079999999999,-3.3116960558561583,,26.951934682953922,24.803274,59.480082,14.83639886402109,29.889025048610847,76.10816705059145,4.854046670077074,0.003019502136919258,1.2091031410006845
2026-09-30T17:37:13+03:00,20.96,289.08,-22.632269423202324,20.64528,109.99643750921543,95.67822220889617,-1.1360034204058833,5.42376,4.97664,-3.5122312841519467,,28.61351228883331,24.803379,59.480064,15.777840594903356,30.23382703342881,79.76261047578662,4.686007537380797,0.003382810406114713,1.2124859514067992
2026-09-30T17:37:15+03:00,20.85,289.08,-17.98558170469135,20.625839999999997,104.99451595772337,94.68700522331986,-0.9214307261293898,5.6376,4.97664,-3.6153636872754946,,28.997394011570965,24.803476,59.480047,15.362668397949165,24.49181835983825,80.50269759788512,5.130331448841819,0.0031322858796509045,1.2156182372864501
2026-09-30T17:37:17+03:00,20.73,289.09,-20.712860809514066,20.450879999999998,102.99489325271679,96.3199349394427,2.8513244674685416,5.81256,5.1127199999999995,-3.409098881028398,,27.301438937983725,24.803576,59.480037,15.1541107040224,28.509675676124743,74.48521757659205,5.107708753570841,0.003111118192816874,1.218729355479267
2026-09-30T17:37:19+03:00,20.58,289.08,-22.924477898719047,19.22616,101.99794668918915,100.4395014864333,0.7102957786236817,5.69592,5.151599999999999,-3.495042550298022,,27.74834601818577,24.803681,59.480029,14.155066275888842,31.942182827343032,70.05576386184612,4.833457497033233,0.0032409978101677964,1.2219703532894348
2026-09-30T17:37:21+03:00,20.43,289.08,-22.23119896661075,18.798479999999998,107.99681480420887,100.81765363121966,-0.5591495122681704,6.1236,5.48208,-4.142484858795853,,30.98555756067492,24.8038,59.48001,13.33291809338911,32.23816266321677,75.7586521409921,5.179573874899167,0.003807777795053671,1.2257781310844884
2026-09-30T17:37:23+03:00,20.28,289.08,-24.259469561373862,19.51776,109.99643750921543,100.77181700760919,0.04388856710702106,6.201359999999999,5.46264,-4.497718691776963,,33.1284197144642,24.803904,59.479991,14.096205116025176,34.67316924393285,75.32326826528258,5.100063801266867,0.0033737793814738464,1.2291519104659623
2026-09-30T17:37:25+03:00,20.21,289.08,-22.511948286224854,19.01232,107.99681480420887,100.57128177931341,0.1681631128708966,5.754239999999999,5.19048,-4.9217074601737725,,35.23690440054563,24.804,59.479972,13.87261800541497,31.64999036766423,76.34682443654464,4.898408628695279,0.003145083669629588,1.232296994135592
2026-09-30T17:37:27+03:00,20.06,289.08,-32.378281518377634,18.48744,108.99949094568781,100.6514958706317,1.1138872495138334,5.754239999999999,5.98752,-3.964867942305297,,30.928261781161833,24.804094,59.479956,13.971840781519763,45.11938789109806,63.88010305458975,4.060374961541738,0.003026239435869041,1.235323233571461
2026-09-30T17:37:29+03:00,19.91,289.08,-31.129233524992433,18.798479999999998,107.99681480420887,102.47923123709904,0.3506501706200638,5.90976,5.6376,-3.162727029122144,,25.98936558713414,24.804193,59.479938,14.075281855543242,43.6655979932724,64.33121681093647,4.275013068119139,0.0032098259022865314,1.2385330594737476
2026-09-30T17:37:31+03:00,19.68,289.08,-28.470709355585413,18.77904,108.99949094568781,102.4505833473425,-0.747538035307185,6.37632,5.48208,-3.3174256338074666,,26.43627266733618,24.804297,59.479919,13.519993878112635,41.46338084171791,67.5361101039699,4.778280718165294,0.0033737857490062817,1.241906845222754
2026-09-30T17:37:33+03:00,19.65,289.08,-30.378658813371057,19.12896,110.99911365069438,102.27869600880325,-0.5302724393935769,6.08472,5.443199999999999,-3.466394660541481,,27.461867120620358,24.804401,59.479898,14.216666364992214,42.87894352952193,68.12017012117245,4.458840329188821,0.0034163543759614307,1.2453231995987153
2026-09-30T17:37:35+03:00,19.42,289.08,-27.98369522972422,18.798479999999998,110.99911365069438,103.81995247770517,0.8291845211133274,5.890319999999999,6.7068,-3.6382819990807276,,28.22963056609566,24.804509,59.47988,13.874913430666773,39.47377038524908,71.5253432654453,4.546830455195111,0.0034697159239816147,1.248792915522697
2026-09-30T17:37:37+03:00,19.23,289.08,-26.665892300923325,19.01232,114.99835906070751,101.92346217582214,-0.9458387282019629,6.35688,7.15392,-4.228428528065476,,31.24338856848379,24.804607,59.479857,13.633400482231869,38.7447118756763,76.25364718503121,4.957999286944903,0.0032954688833503947,1.2520883844060473
2026-09-30T17:37:39+03:00,19.08,289.08,-29.822889752094152,19.167839999999998,112.99873635570096,102.41047630168336,1.367077299182144,6.29856,7.03728,-4.085189079282769,,30.487084278911105,24.80472,59.479836,14.05687100480464,42.698661121102134,70.30007523459882,4.629003485263581,0.003673049731852181,1.2557614341378995
2026-09-30T17:37:41+03:00,18.93,289.08,-30.372929235419743,18.390240000000002,111.99606021422201,104.90857228845373,0.9293948394817083,6.35688,5.7153599999999996,-3.6898482006425017,,28.825506673031715,24.80483,59.479817,13.300053738642415,44.35797116835877,67.63808904586324,4.545078420290828,0.0035466755053413118,1.2593081096432408
2026-09-30T17:37:43+03:00,18.78,289.08,-29.009289683008387,18.215279999999996,112.99873635570096,105.229428653727,0.1585374219126988,6.74568,6.53184,-3.724225668350351,,28.682267224249014,24.804945,59.479793,12.742963277700225,43.884600836928286,69.11413551877267,4.861864191981955,0.0037952557334734035,1.2631033653767143
2026-09-30T17:37:45+03:00,18.63,289.07,-31.576140605194478,18.5652,111.99606021422201,105.36693852455839,0.5780571195074876,6.37632,5.754239999999999,-3.3059664779048505,,27.31862767183765,24.805044,59.479775,13.550704369947304,45.84049128093844,66.15556893328358,4.442116147219851,0.0032098396318836456,1.266313205008598
2026-09-30T17:37:47+03:00,18.37,289.08,-30.235419364588356,18.273600000000002,113.99568291922859,104.14080884297843,-1.2295674283507467,6.492959999999999,6.4152,-2.870518553605424,,24.196007688374664,24.805156,59.479751,13.079175475798698,44.71185913009003,69.28382378913855,4.614247147880521,0.003710720497195645,1.2700239255057935
2026-09-30T17:37:49+03:00,18.18,289.09,-27.95504733996767,18.215279999999996,106.99986824068124,103.43607075496752,-0.4637520393788883,6.6679200000000005,6.1624799999999995,-2.6642537473583277,,22.38546105576126,24.805278,59.479731,12.715581945412158,42.18550559263511,64.81436264804613,4.940758695941678,0.0039133080815254686,1.273937233587319
2026-09-30T17:37:51+03:00,18.03,289.08,-29.003560105057076,18.42912,109.99643750921543,102.15264529387446,0.09774659984931845,6.88176,6.318,-2.1886987773997446,,18.98782133063548,24.805393,59.479711,12.85114083051965,44.05248025007438,65.94395725914104,4.945943099816238,0.003710545830403833,1.2776477794177228
2026-09-30T17:37:53+03:00,17.88,289.08,-30.39011796927367,18.059759999999997,106.99986824068124,102.34172136626765,-0.3927052727826662,6.55128,6.18192,-1.4610423775835992,,12.788417987319976,24.805507,59.479694,12.843587026913994,45.34407424287056,61.655793997810676,4.604552203891042,0.0036268094428617693,1.2812745888605845
2026-09-30T17:37:55+03:00,17.7,289.08,-24.712106219527215,16.97112,107.99681480420887,104.30696660356637,1.9235339098131996,6.1624799999999995,5.890319999999999,-1.180293057969496,,10.084057194302488,24.80562,59.479676,11.661147745721944,37.47568288943799,70.52113191477088,4.890615831460012,0.003615064925399629,1.2848896537859842
2026-09-30T17:37:57+03:00,17.58,289.07,-17.38970559775529,17.34048,111.99606021422201,104.50177225391086,-0.723874878368282,5.96808,5.46264,-1.3750987083139758,,19.1367903573695,24.805718,59.479653,11.780986524944856,26.097943935089802,85.89811627913221,5.359594630537908,0.0032954852838216623,1.2881851390698058
2026-09-30T17:37:59+03:00,17.43,289.07,-19.675807200327277,17.6904,115.99530562423517,104.46739478620299,-1.1248880391803453,5.6181600000000005,5.20992,-1.403746598070517,,22.213573717222015,24.805815,59.479629,12.543719327008295,28.349230211227905,87.64607541300727,4.9443722625617275,0.0032936822997767907,1.2914788213695827
2026-09-30T17:38:01+03:00,17.28,289.07,-23.451599070239403,17.554319999999997,113.99568291922859,101.56249876488972,-0.3921896107670485,5.87088,5.48208,-1.5699043586584558,,21.692182123652966,24.805913,59.479608,12.390676734517434,34.32070203031029,79.6749808889183,4.848728254444608,0.003246892225749441,1.294725713595332
2026-09-30T17:38:03+03:00,17.28,289.07,-25.067340052508325,16.31016,108.99949094568781,101.83178892860123,-1.1986850031931953,5.832,5.50152,-2.097025530178813,,25.79455993678966,24.806014,59.47959,11.30091220339176,37.69696730290508,71.30252364278273,4.614604410674385,0.0032673981677829585,1.297993111763115
2026-09-30T17:38:05+03:00,17.1,289.08,-24.041745599224154,15.8436,110.99911365069438,101.59114665464625,0.5220218471436929,5.57928,4.957199999999999,-1.7818987428568602,,25.99509516508545,24.806102,59.479575,10.986043443531415,35.982482106526504,75.01663154416788,4.514734790933688,0.0028335106630820654,1.300826622426197
2026-09-30T17:38:07+03:00,16.98,289.06,-25.915317589301946,15.88248,110.99911365069438,100.31918034945583,-1.3941782028918324,5.443199999999999,5.832,-1.604281826366305,,23.898069634906637,24.806193,59.47956,11.24124226771827,38.13281456455107,72.86629908614331,4.281520435926105,0.00292047376294512,1.3037470961891422
2026-09-30T17:38:09+03:00,16.83,289.08,-18.610105701383947,16.07688,105.9971920992023,97.79243647292891,-1.216503990621764,6.08472,5.20992,-1.4667719555349077,,21.760937059068667,24.806302,59.479543,10.49157782639477,29.275980041071023,76.72121205813127,5.307545233497612,0.0034806456721794433,1.3072277418613216
2026-09-30T17:38:11+03:00,16.83,289.08,-23.89277657249014,15.940799999999998,103.99756939419571,98.37685342396234,1.0930315857710715,5.9292,5.46264,-1.432394487827058,,21.417162381990174,24.806401,59.479531,10.790331775714627,36.752138110133245,67.24543128406246,4.750661717406427,0.0031069076694921305,1.3103346495308137
2026-09-30T17:38:13+03:00,16.65,289.08,-18.461136674649932,16.34904,104.99451595772337,97.70076322570799,-1.0459344550113179,5.5598399999999994,5.13216,-1.8621128341751756,,23.961094992371027,24.806501,59.47952,11.21437946267057,27.493576605879127,77.50093935184424,4.9319260923640265,0.003123333646702964,1.3134579831775166
2026-09-30T17:38:15+03:00,16.53,289.08,-21.57802708016161,16.77672,108.99949094568781,97.7236815375132,0.5532480469783229,5.404319999999999,5.13216,-2.1199438419840457,,28.29838550151136,24.806594,59.479506,11.918043956757097,31.177922099433346,77.82156884625446,4.623740604611529,0.002960966247435414,1.316418949424952
2026-09-30T17:38:17+03:00,16.38,289.08,-23.417221602531555,17.28216,106.99986824068124,97.82108436268545,0.2962764758621487,5.6376,5.28768,-2.6069579678452457,,30.555839214326802,24.806694,59.47949,12.314437241039654,33.90013045381349,73.09973778686775,4.679270099246779,0.0032004647807882536,1.3196194142057402
2026-09-30T17:38:19+03:00,16.38,289.08,-23.806832903220517,16.87392,106.99986824068124,98.24507313108225,0.3339198030022438,5.7153599999999996,5.0544,-2.2861016025719847,,28.87707287459349,24.806797,59.479475,11.871201033859107,35.01291048684922,71.98695775383202,4.681010031483455,0.003270848948702924,1.3228902631544432
2026-09-30T17:38:21+03:00,16.38,289.07,-26.041368304230726,16.3296,106.99986824068124,100.19885921247837,-0.21967201865315764,5.52096,4.97664,-2.2803720246206765,,29.44430109177301,24.806896,59.479463,11.624640646345519,38.076204818062564,68.92366342261867,4.346051192279081,0.0031069135870538103,1.325997176741497
2026-09-30T17:38:23+03:00,16.23,289.08,-21.795751042311323,16.93224,109.99643750921543,97.79243647292891,-0.4954939012291359,5.7348,5.5404,-2.3319382261824506,,28.997394011570965,24.80699,59.479446,11.801093065571967,32.190825498973766,77.80561201024166,4.853237839869433,0.0030459153716371687,1.3290430921131342
2026-09-30T17:38:25+03:00,16.16,289.08,-23.520354005655104,17.16552,102.99489325271679,99.29358589617166,0.7265677800053969,5.67648,5.13216,-1.7188733853924696,,25.92634022966975,24.807091,59.479436,12.173288167515937,34.245104984823,68.74978826789379,4.692393102772039,0.003141127456154694,1.332184219569289
2026-09-30T17:38:27+03:00,16.08,289.07,-27.823267047087587,17.96256,104.99451595772337,99.1732647591942,-0.531704833881404,6.006959999999999,5.48208,-1.3464508185574346,,21.39424407018494,24.807195,59.479421,12.957035596964486,40.320131302840906,64.67438465488246,4.579952758592414,0.003300207440002247,1.3354844270092912
2026-09-30T17:38:29+03:00,16.08,289.07,-19.171604340612152,17.26272,104.99451595772337,98.70916894513825,0.27221224846665415,5.9292,5.42376,-1.673036761782004,,23.82358512153963,24.807298,59.479407,11.823787469814166,28.65024747980661,76.34426847791676,5.203245548061235,0.003254799187562308,1.3387392261968534
2026-09-30T17:38:31+03:00,15.93,289.08,-21.595215814015535,17.029439999999997,107.99681480420887,98.96699995294709,-0.7293179774220249,5.6181600000000005,5.22936,-2.790304462287109,,25.01533733541174,24.807398,59.479391,11.985348379323336,31.529751198257173,76.4670636059517,4.7887439530870015,0.003200473314263165,1.3419396995111166
2026-09-30T17:38:33+03:00,15.93,289.07,-28.178500880068697,17.35992,104.99451595772337,97.98151254532208,-0.38984048380701214,5.57928,5.326560000000001,-2.2631832907667517,,22.643292063570133,24.807499,59.479375,12.717784944612577,40.134618612151,64.85989734557236,4.265538521963536,0.003229602545317753,1.3451693020564344
2026-09-30T17:38:35+03:00,15.78,289.06,-23.760996279610048,16.97112,101.99794668918915,98.15912946181264,0.8702082992446942,5.773680000000001,5.5404,-1.8048170546620932,,18.5122663606769,24.8076,59.479363,11.916138690168548,35.0189451262066,66.97900156298255,4.728426504537193,0.0031663372327230435,1.3483356392891575
2026-09-30T17:38:37+03:00,15.78,289.08,-22.85572296330335,16.69896,106.99986824068124,96.77830117554736,-1.6463942243084204,5.832,5.346,-1.7131438074411613,,18.346108600088957,24.807702,59.479349,11.549179480655283,34.16686009682911,72.83300814385213,4.825429139442507,0.0032253263102921836,1.3515609655994496
2026-09-30T17:38:39+03:00,15.78,289.07,-22.60362153344579,17.06832,100.9952705477102,96.73246455193689,0.2934689826660077,5.46264,5.22936,-1.604281826366305,,17.263218367291703,24.807794,59.479338,12.207202922541889,32.507492032906214,68.48777851480399,4.606760015965436,0.0028851422746860936,1.3544461078741357
2026-09-30T17:38:41+03:00,15.63,289.07,-21.72126652894432,17.009999999999998,101.99794668918915,96.36577156305316,-0.089782486497,5.38488,5.151599999999999,-1.1745634800181877,,13.624936368210976,24.807888,59.479326,12.171730718553906,31.14483407343178,70.85311261575737,4.60871758071314,0.002958679472891013,1.3574047873470267
2026-09-30T17:38:43+03:00,15.63,289.07,-25.004314695043934,17.47656,104.99451595772337,98.58311823020944,1.1620157043048227,5.48208,5.26824,-0.9797578296737078,,11.619584085253097,24.807986,59.479312,12.721106775260475,35.49956770034211,69.49494825738125,4.463070420116689,0.0031076193656349575,1.3605124067126617
2026-09-30T17:38:45+03:00,15.63,289.07,-24.832427356504688,17.3016,108.99949094568781,99.36234083158736,-0.19606615749376774,5.46264,5.151599999999999,-1.0427831871380984,,12.398806686631014,24.808081,59.479295,12.555406039186416,35.3606509176939,73.63884002799391,4.4549218731921725,0.003074701201866189,1.3635871079145279
2026-09-30T17:38:47+03:00,15.48,289.07,-22.529137020078778,17.107200000000002,106.99986824068124,98.55447034045291,-0.5473465816884755,5.28768,4.87944,-0.9339212060632418,,12.146705256773451,24.808161,59.479281,12.389818451949251,31.940445677722266,75.05942256295897,4.487117031478574,0.002582976985238291,1.3661700848997662
2026-09-30T17:38:49+03:00,15.48,289.06,-24.024556865370226,14.754959999999999,106.99986824068124,96.82413779915782,0.1360774763435705,5.01552,5.01552,-1.1344564343590302,,12.839984188881749,24.808247,59.479267,10.37682197928289,35.37332890957089,71.62653933111035,4.089641776206751,0.0027567855217740856,1.3689268704215403
2026-09-30T17:38:51+03:00,15.48,289.06,-24.024556865370226,15.41592,105.9971920992023,103.94600319263394,4.2371947823309775,5.326560000000001,4.7628,-1.2433184154338865,,14.97138718676841,24.808336,59.479255,10.771353405234459,35.639279383750676,70.35791271545162,4.3289032642372085,0.0028109080607022054,1.3717377784822424
2026-09-30T17:38:53+03:00,15.33,289.07,-19.904990318379607,14.65776,113.99568291922859,104.74241452786579,-2.245020528661105,4.93776,4.80168,-1.9537860813961072,,20.87285247661589,24.808426,59.479241,10.155105354724963,29.433829143425726,84.56185377580286,4.300412776800872,0.0028733044312749837,1.3746110829135174
2026-09-30T17:38:55+03:00,15.33,289.06,-19.819046649109982,16.387919999999998,115.99530562423517,100.27334372584536,-1.2369585839079345,5.52096,5.1127199999999995,-2.870518553605424,,26.883179747538225,24.808521,59.479216,11.349408479069002,29.312354314963557,86.68295130927162,4.814076873766746,0.003266155515226563,1.3778772384287439
2026-09-30T17:38:57+03:00,15.48,289.06,-23.549001895411646,16.893359999999998,111.99606021422201,100.41085359667677,1.1615000422892048,5.3654399999999995,5.151599999999999,-2.7559269945792595,,27.513433322182134,24.80861,59.479199,12.165123226722628,33.69834646533286,78.29771374888915,4.463885837838456,0.0029026028760522704,1.3807798413047963
2026-09-30T17:38:59+03:00,15.33,289.06,-31.581870183145785,16.73784,108.99949094568781,100.54263388955685,-0.6218883908349956,5.09328,5.03496,-1.9938931270552647,,21.921365241705296,24.808699,59.479185,12.682595282955837,43.72311768815763,65.27637325753018,3.6808540173721553,0.0028441355515008127,1.383623976856297
2026-09-30T17:39:01+03:00,15.18,289.07,-26.07574577193857,18.09864,107.99681480420887,97.20801952189548,-2.256479684563721,5.1710400000000005,5.22936,-1.8850311459804083,,19.921742536698723,24.808792,59.479171,13.644594167355692,35.66503593701103,72.33177886719784,4.201157021234488,0.0029609932416550843,1.386584970097952
2026-09-30T17:39:03+03:00,15.18,289.07,-25.50278797680775,17.72928,104.99451595772337,95.89594617104589,2.2598028397754795,5.96808,5.3654399999999995,-1.7131438074411613,,18.351838178040268,24.808894,59.479157,12.607343669181608,37.263024657201356,67.73149130052201,4.749782316631368,0.003225343395803639,1.3898103134937556
2026-09-30T17:39:05+03:00,15.18,289.06,-25.932506323155867,16.368479999999998,103.99756939419571,97.14499416443108,-1.7472347962514456,5.22936,5.346,-1.7360621192463943,,19.400350943129673,24.808991,59.479145,11.887703051942779,37.02375541756044,66.97381397663527,4.175047408902425,0.003047590594386908,1.3928579040881426
2026-09-30T17:39:07+03:00,15.03,289.07,-19.847694538866524,17.35992,104.99451595772337,93.54108963305819,-0.46512713808720235,5.5598399999999994,5.22936,-1.873571990077792,,20.042063673676196,24.809096,59.479128,12.276341755690611,28.692923080035342,76.30159287768802,4.877122071922588,0.003364152655099571,1.3962220567432422
2026-09-30T17:39:09+03:00,15.03,289.06,-26.133041551451658,16.64064,101.99794668918915,94.61825028790415,-0.06967166788790811,5.28768,5.151599999999999,-1.707414229489853,,18.913336817268476,24.809189,59.479115,12.119387730297897,37.21255327212103,64.78539341706812,4.211094782235998,0.0029444793471452386,1.3991665360903873
2026-09-30T17:39:11+03:00,14.88,289.06,-24.5631371927932,16.85448,102.99489325271679,93.92497135579586,0.3407952965438137,5.48208,5.22936,-1.5469860468532228,,17.14862680826554,24.809292,59.479104,12.085311598174894,35.43223864104374,67.56265461167305,4.46680822591799,0.003212931008969761,1.402379467099357
2026-09-30T17:39:13+03:00,14.88,289.06,-20.048229767162315,15.318719999999999,100.9952705477102,97.32261108092165,1.2774094042441704,5.48208,5.19048,-1.4725015334862157,,16.4954549218164,24.809394,59.479096,10.341031755035138,30.51900874549287,70.47626180221734,4.722596635765915,0.0031505505866213173,1.4055300176859784
2026-09-30T17:39:15+03:00,14.73,289.07,-24.671999173868056,16.485120000000002,103.99756939419571,97.76951816112367,0.6579847319282374,5.50152,5.0544,-0.41252961249419273,,15.217759038674664,24.809484,59.479084,11.713147416762904,35.97855920635334,68.01901018784237,4.4520329586189,0.0028404359192847,1.408370453605263
2026-09-30T17:39:17+03:00,14.73,289.06,-24.534489303036658,16.524,103.99756939419571,101.7630339931855,1.4486091934292602,5.307119999999999,5.0544,-0.7219268218648373,,15.865201347172494,24.809581,59.479075,11.901851680133374,35.204884234961355,68.79268515923435,4.336425232974745,0.003010021674744418,1.4113804752800074
2026-09-30T17:39:19+03:00,14.58,289.06,-20.094066390772777,16.21296,105.9971920992023,98.45706751528067,-0.9445782210526752,5.67648,4.957199999999999,-0.38961130068895977,,14.810959004131782,24.809671,59.479059,11.055382518730974,30.254500145422185,75.74269195378011,4.903320348800668,0.0029107963687362,1.4142912716487437
2026-09-30T17:39:21+03:00,14.58,289.07,-23.377114556872396,16.271279999999997,105.9971920992023,100.16448174477051,-0.34492059266875563,4.78224,4.80168,-0.5042028597151245,,13.487426497379579,24.80976,59.479045,12.032161495096483,32.450687380836285,73.54650471836601,4.035510295315344,0.0028441463074856234,1.4171354179562292
2026-09-30T17:39:23+03:00,14.43,289.06,-28.419143154023644,16.77672,106.99986824068124,99.49412112446745,1.1491814496938921,5.01552,4.84056,-0.3495042550298022,,12.335781329166624,24.809847,59.479031,12.59389818281714,39.34475545886025,67.65511278182099,3.8787284219166733,0.002785887577468664,1.4199213055336979
2026-09-30T17:39:25+03:00,14.43,289.05,-24.013097709467612,15.901919999999999,104.99451595772337,101.96929879943261,0.3752873558106892,4.87944,4.62672,-0.7047380880109125,,15.572992871655774,24.809931,59.479018,11.615762568765343,33.85591294865981,71.13860300906356,4.0520880295883925,0.0026805961824691847,1.422601901716167
2026-09-30T17:39:27+03:00,14.32,289.04,-22.3343313697343,15.70752,110.99911365069438,102.22712980724148,0.4706275329204582,4.704479999999999,4.49064,-1.1459155902616465,,20.763990495541034,24.810019,59.479,11.495820082129871,31.280892247139207,79.71822140355518,4.0205993334480254,0.0028959814456657362,1.4254978831618328
2026-09-30T17:39:29+03:00,14.28,289.05,-29.284309424671182,15.12432,113.99568291922859,102.58236364022258,1.3821460891940849,4.74336,4.43232,-0.7219268218648373,,18.15703252769579,24.8101,59.478987,11.229453735322261,41.208421068016776,72.78726185121181,3.568515533705832,0.0025931351828610014,1.4280910183446938
2026-09-30T17:39:31+03:00,14.28,289.06,-24.299576607033025,15.1632,113.99568291922859,104.19810462249151,-0.5649363859989918,4.74336,4.35456,-1.088619810748564,,21.594779298480727,24.810179,59.478971,11.014407889283078,34.507215414283706,79.48846750494488,3.9087888275264935,0.0025962460821585226,1.4306872644268522
2026-09-30T17:39:33+03:00,14.28,289.06,-25.605920379931298,14.4828,111.99606021422201,101.72292694752636,-1.5280784396139055,4.45176,4.5684000000000005,-1.8621128341751756,,19.9045538028448,24.810255,59.478955,10.643590128114218,36.020069023263176,75.97599119095884,3.600632728455581,0.0025114130652624015,1.4331986774921146
2026-09-30T17:39:35+03:00,14.1,289.04,-20.099795968724084,15.53256,107.99681480420887,102.83446507008014,1.5920205295505054,4.78224,4.78224,-1.6959550735872368,,18.99355090858679,24.81034,59.478942,11.163216765482218,28.565643212818713,79.43117159139015,4.2000972547990285,0.00270981657421184,1.4359084940663265
2026-09-30T17:39:37+03:00,13.98,289.05,-18.66740148089703,15.02712,110.99911365069438,102.71414393310268,-1.228536104319511,4.6655999999999995,4.64616,-1.8277353664673262,,20.139466498848435,24.810412,59.478929,10.71157182469348,26.681308979898432,84.31780467079595,4.168797196175661,0.002332644655491793,1.4382411387218184
2026-09-30T17:39:39+03:00,13.98,289.06,-22.970314522329517,15.27984,114.99835906070751,100.3650169730663,-1.3880475544839324,5.3654399999999995,4.6655999999999995,-2.2517241348641353,,22.345354010102106,24.810502,59.478912,10.549723483102756,34.41826988700538,80.58008917370213,4.426130154579362,0.0029312161147234533,1.4411723548365418
2026-09-30T17:39:41+03:00,13.98,289.05,-19.968015675844,13.56912,110.99911365069438,96.11939971114691,-1.7379528799703259,4.78224,4.84056,-2.790304462287109,,25.559647240786024,24.810587,59.478898,9.220156569432493,30.170317266576888,80.8287963841175,4.13441520313811,0.0027277596158219353,1.4439001144523638
2026-09-30T17:39:43+03:00,13.83,289.05,-23.388573712775013,15.590879999999999,106.99986824068124,95.94751237260766,2.6828175799205667,4.78224,4.7628,-2.165780465594512,,21.176520108035223,24.810673,59.478885,11.361303222653644,33.00734987383791,73.99251836684333,4.0103897877674815,0.0027390642898523884,1.4466391787422161
2026-09-30T17:39:45+03:00,13.72,289.06,-17.773587320492947,14.094,104.99451595772337,99.20191264895072,0.502541282109245,4.548959999999999,4.82112,-1.4610423775835992,,15.42402384492176,24.810755,59.478873,9.860425560649094,25.869202007617105,79.12531395010626,4.093119824535461,0.002604987154448128,1.4492441658966644
2026-09-30T17:39:47+03:00,13.65,289.05,-22.110877829633278,14.2884,103.99756939419571,98.92689290728794,-2.0673463163910366,4.91832,4.45176,-1.5870930925123803,,15.767798522000255,24.810841,59.478859,9.906302558875058,32.88144157585006,71.11612781834565,4.130384271188579,0.0027568157180366698,1.452000981614701
2026-09-30T17:39:49+03:00,13.53,289.05,-22.311413057929066,13.471919999999999,110.99911365069438,98.09037452639693,1.0521223991987307,5.1710400000000005,4.859999999999999,-1.776169164905552,,17.52677895305188,24.81093,59.478845,8.907047689836602,35.044090357761746,75.95502329293264,4.233584341410433,0.00284416167370758,1.4548451432884086
2026-09-30T17:39:51+03:00,13.53,289.05,-20.55243262687744,13.66632,110.99911365069438,100.78900574146313,0.6660634368395819,4.80168,4.7628,-2.039729750665731,,19.9733087382605,24.811021,59.478828,9.323908016635999,30.96839598638266,80.03071766431172,4.117206576916208,0.002959852867010162,1.4578049961554187
2026-09-30T17:39:53+03:00,13.46,289.05,-24.03601602127284,14.73552,111.99606021422201,100.03270145189043,-0.2334230057362974,4.93776,4.60728,-2.3548565379876836,,22.9698780067947,24.811111,59.47881,10.421817400898563,35.16276503163286,76.83329518258915,4.036714263861186,0.0029527150364421434,1.4607577111918608
2026-09-30T17:39:55+03:00,13.38,289.05,-33.66743655742198,13.880159999999998,111.99606021422201,100.0785380755009,0.5369187498170945,4.78224,4.68504,-2.2058875112536693,,22.362542743956027,24.811204,59.47879,10.24887737584265,48.658945852073,63.33711436214901,3.1588598618400887,0.003082969449215135,1.463840680641076
2026-09-30T17:39:57+03:00,13.31,289.05,-29.6452728356036,14.424479999999999,108.99949094568781,100.4395014864333,-0.8448835646999119,4.74336,4.68504,-1.478231111437524,,16.948091579969752,24.81129,59.478773,10.565792654885255,42.475118862910534,66.52437208277728,3.4985631068857863,0.0028171032250146255,1.4666577838660906
2026-09-30T17:39:59+03:00,13.23,289.05,-25.966883790863715,13.860719999999999,109.99643750921543,100.56555220136211,0.9078516263847894,4.91832,4.74336,-1.283425461093044,,15.217759038674664,24.811379,59.478754,9.68146203666404,38.818965418093285,71.17747209112214,3.832013173611526,0.0029471051902613334,1.469604889056352
2026-09-30T17:40:01+03:00,13.23,289.06,-28.986371371203155,13.724639999999999,113.99568291922859,102.37036925602419,-0.6633705352024671,4.5684000000000005,4.60728,-1.6214705602202295,,18.397674801650734,24.811457,59.478735,9.977217694440302,41.80649020856765,72.18919271066093,3.405287612658388,0.002640763677516176,1.472245652733868
2026-09-30T17:40:03+03:00,13.08,289.06,-33.323661880343494,14.30784,113.99568291922859,101.05829590517459,0.9720801952189547,4.62672,4.704479999999999,-1.6787663397333121,,18.89041850546324,24.811531,59.478721,10.746752191947747,47.00462500886903,66.99105791035956,3.155142298846267,0.0024105890550543767,1.4746562417889224
2026-09-30T17:40:05+03:00,13.05,289.05,-23.07344692545306,14.24952,113.99568291922859,101.59114665464625,-1.5560960757958027,4.723920000000001,4.45176,-2.274642446669368,,22.734965310791065,24.811611,59.478704,10.075058128907616,33.662076573046875,80.33360634618171,3.9318186927286107,0.002647258301579773,1.4773035000905022
2026-09-30T17:40:07+03:00,12.93,289.05,-23.795373747317896,16.271279999999997,111.99606021422201,99.55141690398054,0.7556740359980427,4.723920000000001,4.60728,-2.0912959522275045,,21.875528618094826,24.811692,59.478686,12.099984828683942,32.85824125339579,79.13781896082622,3.9681661248852578,0.0026989745191253497,1.4800024746096274
2026-09-30T17:40:09+03:00,12.93,289.05,-28.132664256458227,15.37704,109.99643750921543,101.43644804996093,0.12925927858151373,5.01552,4.58784,-1.942326925493491,,20.368649616900765,24.811774,59.478672,11.20643556734687,40.31536999428275,69.68106751493268,3.824307901071336,0.0026408152202436527,1.4826432898298711
2026-09-30T17:40:11+03:00,12.78,289.05,-16.610482996377375,16.44624,126.99609529074696,99.89519158105902,-2.2128775963542653,4.58784,4.510079999999999,-2.9278143331185067,,27.438948808815123,24.811851,59.478651,12.121010308883069,22.822063958200204,104.17403133254676,4.22867569417143,0.002668006473330108,1.4853112963032014
2026-09-30T17:40:13+03:00,12.78,289.05,-25.5371654445156,16.56288,117.99492832924174,95.8214616576789,-0.03569527063665028,4.859999999999999,4.35456,-2.5095551426730056,,25.21587256370753,24.811931,59.478634,12.35658932768659,35.299146966104416,82.69578136313733,3.9664704993337363,0.0026472629705726184,1.487958559273774
2026-09-30T17:40:15+03:00,12.63,289.04,-29.6452728356036,16.485120000000002,106.99986824068124,94.95629538703135,-0.8706093697012859,4.82112,4.58784,-2.0110818609091896,,21.205167997791765,24.81202,59.478627,12.52418512945006,40.62167980129516,66.37818843938608,3.659350658580011,0.0027492272742007237,1.4907077865479748
2026-09-30T17:40:17+03:00,12.63,289.04,-28.132664256458227,15.7464,102.99489325271679,94.64116859970939,0.6387906457913548,4.859999999999999,4.58784,-1.8334649444186342,,19.600886171425465,24.812107,59.478618,11.687424831920442,39.43994141742624,63.55495183529055,3.753333819037419,0.002710323835196364,1.4934181103831712
2026-09-30T17:40:19+03:00,12.56,289.04,-20.752967855173228,15.86304,106.99986824068124,96.18815464656261,-0.2360013158143861,4.45176,4.49064,-1.8277353664673262,,20.173843966556287,24.812196,59.478608,11.805981741628514,28.431400077685595,78.56846816299564,3.9148233532497168,0.0027825380624922637,1.4962006484456634
2026-09-30T17:40:21+03:00,12.45,289.05,-25.783537296421855,14.754959999999999,107.99681480420887,97.86119140834461,0.757278317824409,4.58784,4.41288,-1.8964903018830246,,20.672317248320102,24.812272,59.478597,10.809668132409644,36.421991568166106,71.57482323604276,3.691678718788572,0.002412377229776365,1.4986130256754397
2026-09-30T17:40:23+03:00,12.33,289.04,-21.119660844056952,15.824160000000001,108.99949094568781,98.08464494844563,0.33477923969494006,4.6655999999999995,4.52952,-1.2204001036286536,,23.754830186123932,24.812349,59.478585,11.594467808418075,29.45642471110051,79.5430662345873,4.062477646311655,0.0024587068031844727,1.5010717324786242
2026-09-30T17:40:25+03:00,12.33,289.04,-27.17009516063844,14.696639999999999,107.99681480420887,97.849732252442,-0.7814571367789299,4.62672,4.45176,-0.8479775367936184,,20.763990495541034,24.812429,59.478572,10.789329107137164,38.46245186649372,69.53436293771514,3.6227955405202055,0.002564073190393882,1.5036358056690182
2026-09-30T17:40:27+03:00,12.18,289.05,-24.843886512407302,13.78296,101.99794668918915,98.40550131371889,1.9757876607291307,4.64616,4.4712,-0.5213915935690492,,18.95344386292763,24.812512,59.478559,9.763900800530868,36.37660135980951,65.62134532937964,3.740791015073654,0.0026514438228265633,1.506287249491845
2026-09-30T17:40:29+03:00,12.18,289.04,-24.333954074740873,14.59944,102.99489325271679,100.62857755882649,-0.6139242774826771,4.723920000000001,4.4712,-0.8537071147449266,,20.895770788421125,24.812598,59.478544,10.477594283827228,35.040479431636385,67.95441382108041,3.867693478827177,0.002775776725891441,1.5090630262177362
2026-09-30T17:40:31+03:00,12.03,289.04,-18.019959172399197,15.4548,110.99911365069438,98.28518017674142,-1.3166570132106319,4.7628,4.31568,-1.008405719430249,,21.697911701604276,24.812685,59.478526,11.02451793405377,25.700192820390754,85.29892083030363,4.291642686227285,0.0028677230795662706,1.5119307492973024
2026-09-30T17:40:33+03:00,12.03,289.04,-21.32019607235274,14.40504,103.99756939419571,97.98151254532208,0.7208382020540888,4.45176,4.52952,-0.5844169510334397,,19.268570650249586,24.812767,59.478515,10.384853981523252,30.286793910097913,73.7107754840978,3.844147362519268,0.002589014003675189,1.5145197633009777
2026-09-30T17:40:35+03:00,11.88,289.04,-20.79307490083238,13.93848,105.9971920992023,98.85240839392094,1.1243723771647274,4.6655999999999995,4.60728,-0.418259190445501,,16.69026057216088,24.812843,59.478507,9.718923472115911,30.60508081528809,75.3921112839142,4.015667379082718,0.0023693154320334787,1.5168890787330112
2026-09-30T17:40:37+03:00,11.88,289.04,-23.71515965599958,13.56912,109.99643750921543,99.35661125363605,-0.3566662274689374,4.7628,4.23792,-0.5958761069360561,,17.584074732564968,24.812931,59.478493,9.405635022250872,35.46622180376315,74.53021570545228,3.879099252202598,0.0028150435173609502,1.5197041222503722
2026-09-30T17:40:39+03:00,11.73,289.05,-29.834348907996777,14.171759999999999,105.9971920992023,99.15034644738897,-0.27662402348916143,4.5684000000000005,4.43232,-0.6531718864491385,,19.27430022820089,24.813008,59.478479,10.458749957993914,42.385215816313774,63.61197628288852,3.3743541310983187,0.002496626973782089,1.5222007492241543
2026-09-30T17:40:41+03:00,11.58,289.05,-23.617756830827343,14.32728,110.99911365069438,97.88983929810114,-0.48913406970318374,4.64616,4.548959999999999,-0.6302535746439055,,18.89041850546324,24.813087,59.478466,10.240876211265723,34.09018158386914,76.90893206682524,3.8477471191203607,0.002535023187627413,1.5247357724117816
2026-09-30T17:40:43+03:00,11.58,289.05,-24.82096820060207,13.95792,105.9971920992023,99.3852591433926,1.123341053133492,4.43232,4.101839999999999,-1.0198648753328654,,18.89614808341455,24.813165,59.478454,10.107765697691024,35.42835601628255,70.56883608291974,3.6116360889360073,0.0024879149601073555,1.527223687371889
2026-09-30T17:40:45+03:00,11.58,289.05,-19.435164926372334,15.29928,110.99911365069438,96.68089835037512,-2.514482579711131,4.393439999999999,4.04352,-0.6703606203030631,,19.961849582357882,24.813243,59.478438,11.251556363498215,26.900498372544888,84.0986152781495,3.9180416484360268,0.002567951431811236,1.5297916388037003
2026-09-30T17:40:47+03:00,11.43,289.05,-25.82937392003232,15.37704,102.99489325271679,95.40893204518468,1.7746221788586989,4.4712,4.29624,-0.4469070802020421,,17.738773337250286,24.81332,59.478427,11.518462366412516,35.566367202202485,67.42852605051431,3.637063341000192,0.002441760313689913,1.5322333991173902
2026-09-30T17:40:49+03:00,11.28,289.04,-25.519976710661677,15.12432,100.9952705477102,100.9093268784406,0.7999636735616554,4.35456,3.9851999999999994,-0.4812845479098915,,19.171167825077347,24.813395,59.478419,11.350723694231917,35.03352356205036,65.96174698565984,3.565584735673521,0.0023394383849556152,1.5345728375023457
2026-09-30T17:40:51+03:00,11.28,289.05,-18.39811131718554,15.04656,110.99911365069438,100.33063950535846,-0.7902806868239444,4.374,4.0824,-1.0255944532841736,,22.482863880933504,24.813468,59.478404,10.98323633303844,25.618868481163588,85.3802451695308,3.9439928660015076,0.0024039188986524373,1.5369767564009982
2026-09-30T17:40:53+03:00,11.28,289.04,-26.012720414474185,14.754959999999999,106.99986824068124,101.22445366576252,1.6991636372399692,4.4712,3.9074399999999994,-0.6302535746439055,,20.74680176168711,24.813548,59.478389,10.914309816271222,36.3630627610645,70.63680547961674,3.60055091522484,0.002603240307074123,1.5395799967080723
2026-09-30T17:40:55+03:00,11.13,289.05,-28.573841758708966,15.007679999999999,115.99530562423517,101.77449314908813,-0.672308676806508,3.7908,4.0629599999999995,-0.813600069085769,,18.655505809459605,24.813619,59.478378,11.818498614370407,37.39857971424519,78.59672590998998,3.011524017017318,0.0022659900439272497,1.5418459867519996
2026-09-30T17:40:57+03:00,11.06,289.05,-22.924477898719047,15.49368,108.99949094568781,100.62284798087516,0.8854489765951742,4.02408,4.0629599999999995,-0.8995437383553924,,20.047793251627503,24.81369,59.478366,11.891185752581677,30.499026871054696,78.50046407463311,3.4672993597671957,0.002284252972327285,1.5441302397243268
2026-09-30T17:40:59+03:00,10.98,289.04,-22.884370853059888,14.03568,109.99643750921543,103.13240312354819,0.9345514596378857,4.60728,3.9463199999999996,-1.260507149287811,,24.837720418921187,24.813772,59.478351,9.953607415728754,33.25410648715439,76.74233102206104,3.852823417384802,0.002660601270247712,1.5467908409945745
2026-09-30T17:41:01+03:00,10.98,289.04,-23.697970922145657,14.424479999999999,120.99722717572726,103.4303411770162,-0.11275809408174602,3.96576,3.96576,-1.0026761414789407,,23.43970339880198,24.813841,59.478335,10.910182121459421,32.09854089034391,88.89868628538335,3.3595358974439016,0.002315501050656197,1.5491063420452307
2026-09-30T17:41:03+03:00,10.98,289.04,-40.39969065020915,15.51312,112.99873635570096,105.82530476066304,0.7223851881009419,4.393439999999999,4.14072,-1.9938931270552647,,21.75520748111736,24.813906,59.478316,12.496078519839838,53.571281724099606,59.42745463160135,2.608922416071419,0.00228941593330109,1.5513957579785318
2026-09-30T17:41:05+03:00,10.83,289.04,-29.91456299931509,13.4136,121.9999033172062,104.63355254679094,-1.7910660675789536,4.80168,4.31568,-2.1543213096918956,,22.517241348641356,24.813982,59.478296,9.55653022607805,44.426158929376356,77.57374438782985,3.429134980225688,0.002612980667816111,1.554008738646348
2026-09-30T17:41:07+03:00,10.8,289.04,-23.067717347501755,13.58856,113.99568291922859,102.47350165914774,-0.8801777648799708,4.64616,4.393439999999999,-2.2517241348641353,,23.290734372067966,24.814052,59.478277,9.490137123058767,34.12707020509529,79.86861271413329,3.846069691457386,0.0024229008990783126,1.5564316395454263
2026-09-30T17:41:09+03:00,10.68,289.03,-22.48902997441962,14.98824,109.99643750921543,101.04110717132068,-0.6318005606907589,4.87944,4.6655999999999995,-2.6814424812122524,,25.783100780887047,24.814136,59.478258,10.64477076130738,32.58727551720827,77.40916199200716,4.111279659556779,0.002807057999909283,1.5592386975453356
2026-09-30T17:41:11+03:00,10.68,289.05,-29.610895367895754,14.85216,110.99911365069438,101.15569873034684,-0.4612310250803127,4.74336,4.45176,-2.9335439110698154,,28.052013649605104,24.814221,59.478239,10.981302943935479,41.934270934232046,69.06484271646234,3.5286422123666576,0.0028349724731453717,1.562073670018481
2026-09-30T17:41:13+03:00,10.68,289.04,-29.221284067206792,14.774399999999998,111.99606021422201,98.49717456093981,-1.7050078067503038,4.93776,4.5684000000000005,-2.9621918008263566,,28.189523520436502,24.814307,59.478223,10.7390514866269,42.192669939411076,69.80339027481094,3.6583396032611986,0.002795902051653802,1.5648695720701347
2026-09-30T17:41:15+03:00,10.53,289.04,-28.84886150037176,15.20208,108.99949094568781,96.64652088266728,-0.8043754485841627,5.22936,5.42376,-1.6386592940741544,,26.774317766463373,24.814395,59.478209,10.917282085436355,42.211709697084444,66.78778124860337,3.8732159488956834,0.0028150650701241524,1.5676846371402589
2026-09-30T17:41:17+03:00,10.53,289.03,-24.551678036890582,14.81328,107.99681480420887,93.51817132125296,-1.6560199152666184,5.09328,5.19048,-2.532473454478239,,24.877827464580342,24.814487,59.478195,10.398144695030021,36.29510339419733,71.70171141001154,4.105076078717357,0.0029318167297459155,1.5706164538700047
2026-09-30T17:41:19+03:00,10.53,289.04,-26.07574577193857,14.171759999999999,104.99451595772337,92.29777121762432,-0.1999622705006573,5.404319999999999,5.01552,-2.2803720246206765,,22.666210375375368,24.814581,59.478184,9.615579329881708,40.378689953389056,64.61582600433431,4.116899162794677,0.0029446975480045693,1.5735611514180092
2026-09-30T17:41:21+03:00,10.38,289.04,-27.817537469136276,14.171759999999999,103.99756939419571,93.59838541257129,0.4165976128396216,5.46264,4.87944,-0.9797578296737078,,19.910283380796105,24.814664,59.478175,9.682006995320885,43.0829410595627,60.91462833463301,3.9897247702823493,0.002590822756696919,1.576151974174706
2026-09-30T17:41:23+03:00,10.23,289.03,-24.087582222834616,14.81328,103.99756939419571,93.07126424105093,0.08210485204224698,5.307119999999999,4.87944,-2.194428355351053,,20.975984879739435,24.814757,59.478166,10.200901819375469,36.34680810256879,67.65076129162692,4.274589898013621,0.0028900646944855102,1.5790420388691917
2026-09-30T17:41:25+03:00,10.08,289.03,-22.64945815705625,15.22152,97.99870127917599,90.79089221643025,-1.2115192578041258,5.307119999999999,5.1710400000000005,-2.2975607584746007,,22.288058230589023,24.814844,59.478156,10.524044342206267,33.847233009132594,64.1514682700434,4.407698983517737,0.0027229935428996475,1.5817650324120913
2026-09-30T17:41:27+03:00,10.01,289.04,-26.981019088245272,14.89104,97.99870127917599,92.4925768679688,1.8402831421806913,5.50152,5.22936,-2.3090199143772177,,22.03595680073146,24.814946,59.47815,10.29546861300207,41.011502497843026,56.987198781332964,4.151325171441813,0.003134541490426196,1.5848995739025176
2026-09-30T17:41:29+03:00,9.93,289.04,-24.43708647786442,14.91048,98.99564784270365,96.80694906530388,1.77891936232218,5.5598399999999994,5.07384,-1.604281826366305,,26.28157406265086,24.815045,59.478141,10.113726423908965,37.58235529046763,61.413292552236015,4.406048131598531,0.0030701812109945035,1.5879697551135121
2026-09-30T17:41:31+03:00,9.78,289.03,-21.641052437626005,15.318719999999999,109.99643750921543,96.69808708422903,-0.8801777648799708,5.890319999999999,4.859999999999999,-2.045459328617039,,29.782346190900192,24.815142,59.478127,10.08043690758957,34.08568681529479,75.91075069392063,4.878365163619874,0.003078345195921388,1.5910481003094334
2026-09-30T17:41:33+03:00,9.63,289.03,-14.037902496239976,16.426799999999997,109.99643750921543,92.38944446484524,-3.607571461261716,5.890319999999999,4.97664,-3.409098881028398,,29.69067294367926,24.815235,59.478111,10.807254047077706,21.6349580988184,88.36147941039702,5.4753570140938645,0.002997459355805683,1.5940455596652392
2026-09-30T17:41:35+03:00,9.48,289.04,-19.53829732949588,16.2324,107.99681480420887,87.65108349911335,-1.3246784223424632,5.57928,5.19048,-3.420558036931015,,29.72505041138711,24.815331,59.478099,11.131881090575877,29.18771976933354,78.80909503487533,4.8708599626835,0.003018028826937669,1.5970635884921769
2026-09-30T17:41:37+03:00,9.33,289.04,-26.15595986325689,16.3296,97.99870127917599,87.81151168174996,0.1182584889150019,4.97664,5.1710400000000005,-2.5095551426730056,,24.14444148681289,24.815436,59.47809,12.06372662655683,36.63346699163043,61.36523428754556,3.993599711468471,0.003250640846877113,1.600314229339054
2026-09-30T17:41:39+03:00,9.18,289.04,-27.479492370009094,17.37936,94.99640243269049,87.16979895120346,-1.3124744213061768,5.28768,5.42376,-1.9652452372987235,,19.268570650249586,24.815534,59.478088,12.920718886193091,38.36436877073669,56.6320336619538,4.145961948203166,0.002994038389257911,1.603308267728312
2026-09-30T17:41:41+03:00,9.0,289.04,-17.30376192848567,19.47888,95.99907857416943,85.8863734901104,-0.16495454921816402,5.754239999999999,5.326560000000001,-1.8162762105647094,,17.92784940964346,24.815647,59.478088,14.089410783739686,24.281063884249136,71.7180146899203,5.245215506613576,0.0034495257287810222,1.606757793457093
2026-09-30T17:41:43+03:00,8.85,289.03,-17.30376192848567,15.99912,91.99983316415629,87.80578210379866,-0.3933355263573102,5.65704,5.346,-1.5412564689019144,,15.996981640052585,24.815759,59.478088,10.730850010607986,26.325069399600324,65.67476376455596,5.070362420267822,0.0034189989523969373,1.6101767924094899
2026-09-30T17:41:45+03:00,8.62,289.03,-19.773210025499516,16.465680000000003,93.99945586916286,88.00058775414314,0.061650258756076576,5.2488,5.307119999999999,-1.409476176021825,,14.839606893888323,24.815862,59.478086,11.662324133830523,28.530895154956823,65.46856071420603,4.611384102584798,0.0031465553366943357,1.6133233477461841
2026-09-30T17:41:47+03:00,8.47,289.03,-19.76748044754821,16.99056,88.99753431767077,86.7859172284658,1.6153972075918428,5.46264,5.19048,-1.277695883141736,,12.719663051904275,24.815962,59.478088,11.992972221251403,28.62903163517663,60.36850268249414,4.794779330869315,0.0030550438705839417,1.616378391616768
2026-09-30T17:41:49+03:00,8.43,289.03,-20.86182983624808,16.426799999999997,90.99715702267736,92.29204163967302,2.120115729322585,5.48208,5.1127199999999995,-0.962569095819783,,10.63409667762808,24.816063,59.478084,11.471456004461182,30.660325458790766,60.33683156388659,4.7157158694256465,0.0030925648862369904,1.619470956503005
2026-09-30T17:41:51+03:00,8.28,289.02,-19.744562135742974,15.41592,100.9952705477102,96.325664517394,0.5746766685162157,5.19048,5.03496,-1.0714310768946396,,13.252513801375942,24.816163,59.478074,10.675589644219869,29.19834307441505,71.79692747329516,4.530957810681894,0.003111292251331309,1.6225822487543362
2026-09-30T17:41:53+03:00,8.13,289.02,-19.320573367346167,14.59944,104.99451595772337,94.49792915092668,-0.45309502438945504,4.996079999999999,5.0544,-1.277695883141736,,14.94846887496318,24.816258,59.478061,10.021983778351506,28.81399411169565,76.18052184602772,4.377510283103443,0.0030034730621297644,1.625585721816466
2026-09-30T17:41:55+03:00,8.02,289.03,-30.619301087326004,13.860719999999999,98.99564784270365,94.53230661863452,0.03185645340927377,5.1710400000000005,4.957199999999999,-1.1229972784564135,,13.235325067522018,24.816352,59.478053,9.772285955227462,46.25467981516729,52.740968027536354,3.5755365615699217,0.0029095310280613153,1.6284952528445273
2026-09-30T17:41:57+03:00,7.98,289.04,-27.89775156045459,12.441600000000001,101.99794668918915,97.20801952189548,1.7289574425867722,5.28768,5.07384,-1.2204001036286536,,13.642125102064902,24.816446,59.478043,8.152890453133484,45.56331588166998,56.43463080751917,3.7020139289130607,0.0029317982442806302,1.631427051088808
2026-09-30T17:41:59+03:00,7.83,289.03,-26.167419019159503,13.802399999999999,105.9971920992023,96.51474058978718,-1.1299873635570097,4.93776,4.87944,-1.701684651538545,,17.784609960860752,24.816536,59.478032,9.620391320858223,39.24941750727655,66.74777459192575,3.8237967834240028,0.002825853680407125,1.6342529047692151
2026-09-30T17:42:01+03:00,7.72,289.02,-37.145290373866075,13.724639999999999,104.99451595772337,96.21107295836785,0.35867157975189534,5.19048,5.13216,-1.9595156593474157,,20.362920038949458,24.816628,59.478021,10.086578905764602,55.248565929731754,49.74595002799161,2.958663538678783,0.002885248858736001,1.6371381536279512
2026-09-30T17:42:03+03:00,7.68,289.02,-35.724355041941635,14.424479999999999,106.99986824068124,97.50022799741218,0.15441212578775684,5.1710400000000005,5.26824,-2.4064227395494577,,23.1073878776261,24.816722,59.47801,10.662850546530386,52.173288199365345,54.82658004131589,3.171271439847893,0.00294471195161202,1.6400828655795632
2026-09-30T17:42:05+03:00,7.68,289.03,-36.65827624800488,14.92992,107.99681480420887,96.2683687378809,-0.6635997183205196,5.346,5.09328,-2.910625599264582,,26.808695234171218,24.816821,59.477996,11.109670503670968,53.354513389263104,54.64230141494576,3.1908244480714534,0.0031371288701636853,1.6432199944497268
2026-09-30T17:42:07+03:00,7.68,289.04,-25.85802180978886,15.1632,108.99949094568781,94.08539953843247,-1.8168491683598407,5.7348,4.58784,-3.3174256338074666,,28.985934855668347,24.816914,59.477984,10.31055789235245,39.89720376567064,69.10228718001717,4.3997182352151265,0.0029291935992150665,1.6461491880489418
2026-09-30T17:42:09+03:00,7.53,289.04,-31.40425326665523,16.387919999999998,103.99756939419571,91.26644718638883,-1.2717371220723752,5.7153599999999996,5.598719999999999,-3.724225668350351,,30.45843638915456,24.817013,59.477973,11.888838695826536,45.911183820410514,58.08638557378519,3.9765909388025364,0.0030936419441523035,1.6492428299930941
2026-09-30T17:42:11+03:00,7.38,289.03,-31.352687065093452,17.04888,100.9952705477102,91.63886975322387,1.9164292331535773,5.50152,5.03496,-3.586715797518954,,29.323979954795536,24.81711,59.477964,12.67805996507944,44.40150073439014,56.593769813320066,3.9305849136368805,0.0030101174796959467,1.65225294747279
2026-09-30T17:42:13+03:00,7.27,289.04,-41.012755490999126,18.176399999999997,96.99602513769707,97.86119140834461,4.508146523648343,5.443199999999999,5.6181600000000005,-3.168456607073453,,25.702886689568732,24.81722,59.477957,14.51551811462662,55.258407660665256,41.73761747703182,3.1019500603703674,0.0033842157687001538,1.6556371632414901
2026-09-30T17:42:15+03:00,7.23,289.03,-30.023424980389944,17.8848,105.9971920992023,108.12286551913765,5.914757910694514,5.7153599999999996,5.48208,-3.3976397251257815,,25.909151495815827,24.817321,59.477948,13.24863484685859,42.488760720090085,63.50843137911221,4.2145627491380235,0.0031303152649138862,1.658767478506404
2026-09-30T17:42:17+03:00,7.23,289.01,-47.979922279789946,15.338159999999998,109.99643750921543,117.37040433254914,-1.619522503716785,5.598719999999999,7.5816,-2.3032903364259094,,21.732289169312125,24.817419,59.477929,12.314145170211715,67.72098067080825,42.27545683840718,2.1225718290461213,0.003202212413019151,1.661969690919423
2026-09-30T17:42:19+03:00,7.08,289.03,-35.1399380909082,17.16552,119.9945510342483,111.71531089460791,0.053800736962784305,6.37632,5.890319999999999,-1.2547775713365028,,12.267026393750927,24.81752,59.477896,12.50210710917436,52.21083234203137,67.78371869221694,3.9071388968920675,0.0036661611043443633,1.6656358520237673
2026-09-30T17:42:21+03:00,6.93,289.03,-28.224337503679163,14.40504,113.99568291922859,113.68055613190663,0.5718118795405616,5.890319999999999,5.6181600000000005,-0.9453803619658584,,9.826226186493619,24.81762,59.477872,9.626910595732683,45.04421263313205,68.95147028609654,4.1618699625448805,0.0033763893954738356,1.6690122414192412
2026-09-30T17:42:23+03:00,6.93,289.03,-31.278202551726448,13.49136,125.99914872721935,111.82417287568276,-0.1523494777252859,5.7153599999999996,5.20992,-1.1745634800181877,,12.232648926043076,24.817711,59.477845,9.103871519140789,50.30116807902721,75.69798064819214,3.650698383826195,0.003217276545824712,1.672229517965066
2026-09-30T17:42:25+03:00,6.93,289.03,-33.16323369770686,14.754959999999999,118.99760447072069,114.91814496938922,2.44309203843783,5.26824,5.6376,-1.3120733508495852,,14.134868805877408,24.817792,59.47782,10.738749896444492,48.7300129284325,70.26759154228819,3.4749734971630164,0.0028934874960842988,1.6751230054611501
2026-09-30T17:42:27+03:00,6.93,289.03,-33.67316613537329,13.62744,123.99952602221278,115.76612250618285,-0.08279240139640395,5.81256,5.346,-1.6443888720254627,,25.559647240786024,24.81788,59.477791,9.362325056220648,53.8080189795417,70.19150704267108,3.43227437392601,0.0032023602982217637,1.678325365759372
2026-09-30T17:42:29+03:00,6.93,289.03,-28.808754454712602,13.802399999999999,127.99877143222591,112.9586293100418,-2.5789403316633486,5.81256,5.13216,-3.506501706200638,,35.5634903437702,24.817961,59.47776,9.148579810636253,46.63718861119844,81.36158282102747,3.990995376676948,0.0030961649747403446,1.6814215307341123
2026-09-30T17:42:31+03:00,6.93,289.03,-35.477983190035374,15.396479999999999,127.99877143222591,106.51285411482004,-2.913834162917315,5.754239999999999,5.151599999999999,-2.3663156938903005,,32.56692107523599,24.818051,59.477726,11.219186712273462,52.796168063810285,75.20260336841562,3.479314941899491,0.0034241745032794345,1.6848457052373917
2026-09-30T17:42:33+03:00,6.93,289.03,-33.36376892600265,16.17408,115.99530562423517,101.42498889405833,-5.287025350349185,5.52096,5.851439999999999,-2.337667804133759,,28.836965828934332,24.818142,59.4777,11.954991696063908,48.07661616715518,67.91868945707999,3.688753631710241,0.003187389082084255,1.688033094319476
2026-09-30T17:42:35+03:00,6.78,289.02,-21.824398932067865,19.537200000000002,110.99911365069438,75.48145993053464,-17.264879944897583,6.2208000000000006,7.13448,-1.180293057969496,,13.739527927237141,24.818247,59.477682,13.95522153834445,31.36348359966408,79.6356300510303,5.31183337392275,0.0033830245635495027,1.6914161188830255
2026-09-30T17:42:37+03:00,6.71,289.02,-19.589863531057656,19.342799999999997,78.9994207926379,48.518066091678115,-13.472300411588126,5.50152,5.3654399999999995,-0.7620338675239948,,-1.105808544602489,24.818352,59.477686,14.279366014928831,27.011944623580604,51.9874761690573,4.901369416364562,0.0032143544737997768,1.6946304733568252
2026-09-30T17:42:39+03:00,6.63,289.03,25.816182296367394,15.96024,52.99859604960115,26.442002245287494,-5.293041407198058,4.97664,4.4712,0.7677634454753031,,-2.641335435553095,24.818433,59.477716,11.683066240391394,36.50669220252459,89.50528825212574,4.000160423103774,0.003060371762771689,1.697690845119597
2026-09-30T17:42:41+03:00,6.63,289.03,21.98882422489349,16.115759999999998,25.99509516508545,18.99355090858679,2.382415807933476,4.7628,4.58784,0.8307888029396938,,-9.356400794486342,24.818478,59.477756,11.834553616785302,30.65557292753863,56.65066809262407,4.097188638001893,0.002769080116915071,1.700459925236512
2026-09-30T17:42:43+03:00,6.63,289.04,27.36889792117192,15.629759999999997,16.99965778153153,20.563455267245246,-2.7191431041318608,4.16016,4.43232,1.2433184154338865,,-9.579854334587363,24.818502,59.477797,12.087524906811328,36.472546058405754,53.47220383993728,3.3453584866511026,0.002571015983703879,1.7030309412202158
2026-09-30T17:42:45+03:00,6.63,289.03,32.239039179783916,15.12432,19.996227050065727,18.976362174732866,2.754208121193867,4.393439999999999,4.4712,0.790681757280536,,-13.865578642165923,24.818534,59.477838,11.646472117793577,43.84830069726186,63.84452774732759,3.1684456413844346,0.0026509644723675774,1.7056819056925834
2026-09-30T17:42:47+03:00,6.63,289.02,24.05720186531576,15.435360000000001,15.996981640052585,24.53978236545316,1.249277176503247,4.374,4.257359999999999,0.693278932108296,,-12.438913732290171,24.818561,59.477879,11.579395806728112,32.9151423325651,48.91212397261768,3.6718692624410485,0.002598595924623383,1.7082805016172067
2026-09-30T17:42:49+03:00,6.63,289.02,29.133607930174854,13.549679999999999,23.995472460078876,22.49432303683612,-1.4875130277186432,4.23792,4.393439999999999,0.9969465635276323,,-14.782311114375238,24.818593,59.477914,10.061723122764782,40.96641680885827,64.96188926893714,3.200027927181011,0.002319506119411556,1.7106000077366181
2026-09-30T17:42:51+03:00,6.63,289.02,31.459816578405995,14.30784,15.996981640052585,21.543213096918954,1.305025969969476,4.35456,4.49064,0.6760901982543714,,-14.52448010656637,24.81862,59.477954,10.834411081644822,43.56821687918654,59.56519851923912,3.155115154424837,0.002541662802551972,1.7131416705391702
2026-09-30T17:42:53+03:00,6.63,289.02,35.298633805782515,14.618879999999999,24.99814860155782,16.95382115792106,-2.9161832898773508,4.45176,4.723920000000001,1.1516451682129547,,-16.226164758104915,24.818651,59.477993,11.282728981746068,48.47764472023482,73.47579332179264,2.9511261056171163,0.002528008052041778,1.715669678591212
2026-09-30T17:42:55+03:00,6.63,289.03,35.035073220022326,15.10488,16.99965778153153,18.787286102339696,2.853845481767117,4.58784,4.84056,0.5672282171795151,,-13.074896884885387,24.818677,59.478032,11.649974140565547,48.10121893362293,65.10087671515446,3.063836263137342,0.002474921109565054,1.7181445997007772
2026-09-30T17:42:57+03:00,6.63,289.04,33.264633633068094,15.66864,17.996604345059158,22.408379367566496,-0.08915223292235609,4.723920000000001,4.82112,0.8422479588423101,,-10.215837487182576,24.818707,59.478072,12.001790576225194,45.73255501144692,63.729159356506074,3.2973364159685965,0.002572818993251787,1.7207174186940288
2026-09-30T17:42:59+03:00,6.48,289.04,40.7818399051845,16.7184,25.99509516508545,22.660480797424057,0.487930858333409,4.52952,4.5684000000000005,0.6016056848873644,,-5.975949803214487,24.81874,59.478113,13.614006714215703,53.33350715052033,79.32860231560578,2.704830762202708,0.0026623616480253728,1.7233797803420543
2026-09-30T17:43:01+03:00,6.48,289.04,41.154262472019525,15.96024,23.995472460078876,19.509212924204533,-4.5141052847177034,4.68504,4.68504,0.6474423084978302,,-6.130648407899808,24.818773,59.47815,12.809276763050644,55.08202240481674,79.07749486489561,2.6817318079092245,0.00244150172682631,1.7258212820688805
2026-09-30T17:43:03+03:00,6.48,289.04,42.90178374716854,13.82184,24.99814860155782,15.624559073217549,3.656616648524914,4.43232,4.23792,0.8078704911344607,,-7.660445720899108,24.818798,59.478188,10.997092063010125,58.82626650861428,83.8244151101721,2.2943231843358474,0.0024082164784678,1.7282294985473483
2026-09-30T17:43:05+03:00,6.48,289.03,40.53546805327824,14.92992,10.995060088560496,20.706694716027954,0.1449010263885852,4.374,4.510079999999999,0.6130648407899808,,-6.818197762056796,24.818821,59.478227,11.94874963228515,54.298772165961935,65.29383225452243,2.5524853774888174,0.002447088317853639,1.7306765868652019
2026-09-30T17:43:07+03:00,6.48,289.03,32.61146174661896,14.58,24.99814860155782,19.53213123600976,-1.382890934327755,4.31568,4.276800000000001,1.0943493886998723,,-3.254400276343076,24.818853,59.478264,11.189121714480939,44.6090554895857,69.60720409114352,3.0723975996770485,0.002429064003335593,1.7331056508685374
2026-09-30T17:43:09+03:00,6.48,289.03,35.68251552852017,13.04424,22.998525896551243,11.258620674320678,-4.421916375481154,4.4712,4.52952,0.4068000345428845,,-4.0622707674775365,24.818885,59.478302,9.767092961248714,51.16960558938834,74.16813148593958,2.803519073751309,0.002484214187415056,1.7355898650559525
2026-09-30T17:43:11+03:00,6.41,289.03,44.815462782905485,13.64688,11.997736230039438,2.841870663848883,-4.40472764162723,4.52952,4.510079999999999,0.790681757280536,,-3.66120031088596,24.818911,59.478342,10.911225786273146,61.82857762252894,73.82631385256838,2.138436829145081,0.002531925160854376,1.738121790216807
2026-09-30T17:43:13+03:00,6.33,289.03,44.09926553899196,12.69432,3.9992454100131463,354.7697371670545,-2.716507498274259,4.393439999999999,4.510079999999999,0.5500394833255903,,-3.0481354700959793,24.818921,59.478384,10.01722434606355,61.870386111931424,65.86963152194457,2.0713652902133193,0.0025429134408586998,1.7406647036576657
2026-09-30T17:43:15+03:00,6.33,289.03,49.47933923527039,10.90584,358.9981656951199,347.61349430587046,-3.336734311503375,4.548959999999999,4.548959999999999,0.22918311805232927,,-2.727279104822719,24.818914,59.478425,8.669754725888671,72.98607126880817,71.98423696392808,1.3310446919572643,0.0024736631794996023,1.7431383668371654
2026-09-30T17:43:17+03:00,6.41,289.03,59.97592604206707,10.71144,348.9943225921357,341.9985079135884,-1.481726153987822,4.723920000000001,4.393439999999999,0.6875493541569879,,-4.543555315387428,24.818895,59.478466,9.295889491883074,86.07878150166363,75.07310409379932,0.32304414048500174,0.0025317486218525516,1.745670115459018
2026-09-30T17:43:19+03:00,6.37,289.01,61.648962803849074,11.430719999999999,338.9962090671029,343.906457371374,1.4334258118582934,4.64616,4.14072,0.865166270647543,,-8.032868287734141,24.818864,59.478506,10.09000584307344,85.55513658066192,64.55134564776483,0.3600760580595704,0.002583838154778499,1.7482539536137964
2026-09-30T17:43:21+03:00,6.48,289.03,59.04773441395514,11.68344,343.998130618595,344.1700179571342,-1.4124555565565053,4.6655999999999995,4.62672,0.8193296470370772,,-6.113459674045884,24.818838,59.478549,10.109339793672666,82.3631405159973,66.3612711345923,0.6200303909812482,0.0027037490295122335,1.7509577026433087
2026-09-30T17:43:23+03:00,6.33,289.04,59.58631474137812,12.71376,347.9973760286081,341.2250148901618,0.17154356386216849,4.87944,4.60728,0.3323155211758775,,-4.251346839870708,24.818818,59.478594,11.074223162629387,81.91881725825512,69.91619328686318,0.6859325365390074,0.002772894073482441,1.753730596716791
2026-09-30T17:43:25+03:00,6.48,289.03,57.632528659982015,12.013919999999999,344.9950771821226,338.60086818846264,0.8189285765804857,4.87944,4.84056,0.5099324376664327,,-6.033245582727568,24.818795,59.478637,10.265368850637538,81.30320602721675,66.29828320933933,0.7377982045048378,0.0026782966317556393,1.7564088933485467
2026-09-30T17:43:27+03:00,6.48,289.03,59.236810486348304,10.71144,338.9962090671029,338.125313218504,0.3327738874119821,5.01552,4.7628,0.6474423084978302,,-10.788795282313401,24.818759,59.478684,9.215871305442695,87.11851221230204,66.11472127940493,0.25213145511121693,0.0030312802449666935,1.7594401735935135
2026-09-30T17:43:29+03:00,6.48,289.03,58.910224543123746,11.89728,337.99926250357527,341.70629943807165,1.7001949612712048,5.2488,4.5684000000000005,0.6302535746439055,,-9.247538813411486,24.818728,59.478728,10.22755686289351,84.98125495133918,62.980517454914434,0.4591737157070479,0.002808941965633424,1.7622491155591469
2026-09-30T17:43:31+03:00,6.45,289.04,51.23831966632201,12.94704,344.9950771821226,341.712029016023,0.38210555357274595,5.20992,5.09328,0.8823550045014679,,-7.826603481487045,24.818705,59.478775,10.502703424950742,73.9940007926127,58.98907797473532,1.4365729423074451,0.0029110009291192372,1.7651601164882662
2026-09-30T17:43:33+03:00,6.48,289.02,49.93197589342374,12.655439999999999,345.9977533236015,341.4599275861654,-2.142804858009766,5.326560000000001,5.28768,0.6760901982543714,,-3.6841186226911935,24.81868,59.478823,10.08708446877145,73.76748071654679,59.7652340401483,1.4889657746431224,0.002984394611071192,1.7681445110993375
2026-09-30T17:43:35+03:00,6.37,289.04,54.02289455065781,11.8584,345.9977533236015,336.91064269282674,-2.591946473612818,5.307119999999999,5.443199999999999,0.5672282171795151,,-4.291453885529866,24.818661,59.478871,9.738817749441873,80.19045142425377,66.18820474785525,0.9041937718654418,0.002942890279855674,1.771087401379193
2026-09-30T17:43:37+03:00,6.33,289.04,50.671091449142494,11.21688,337.99926250357527,337.0768004534146,2.284497320745618,5.443199999999999,5.151599999999999,0.6187944187412892,,-6.239510388974665,24.818629,59.478918,8.834936547008837,79.13242777341553,57.13169027699081,1.0262590346994056,0.0029891776163006784,1.7740765789954938
2026-09-30T17:43:39+03:00,6.48,289.03,52.905626850152714,10.4976,337.99926250357527,341.1104233311356,2.5790549232223747,5.46264,4.957199999999999,0.45836623610465854,,-6.623392111712317,24.818596,59.478962,8.418287953993737,84.07648433317891,62.075746836754206,0.5637487079270675,0.002830091466316788,1.7769066704618106
2026-09-30T17:43:41+03:00,6.48,289.02,53.42128886577045,11.10024,345.9977533236015,341.28231066967487,-2.380353159871005,5.22936,5.13216,0.716197243913529,,-3.6898482006425017,24.818575,59.479009,9.020967714352523,81.16473107520314,67.16248439880462,0.8031989473564765,0.002896880759435214,1.7798035512212458
2026-09-30T17:43:43+03:00,6.63,289.03,44.769626159295015,12.266639999999999,344.9950771821226,339.11653020408033,0.36990155253645945,5.09328,5.13216,0.49847328176381617,,-5.821251198529164,24.818551,59.479058,9.364880102587268,67.29080885439167,52.285886036514285,1.966281254641502,0.0030350285485544336,1.7828385797698003
2026-09-30T17:43:45+03:00,6.71,289.04,41.354797700315316,12.655439999999999,341.9985079135884,339.19101471744733,-0.6487601114266311,5.42376,5.22936,0.590146528984748,,-7.471369648505934,24.81852,59.479101,9.302171345759806,64.0135553429275,46.012063256515944,2.376466508020117,0.0027524188621493276,1.7855909986319496
2026-09-30T17:43:47+03:00,6.78,289.04,47.1187531193314,12.966479999999999,342.99545447711597,338.60659776641387,1.1057512488229757,5.326560000000001,5.0544,0.29793805346802804,,-9.264727547265412,24.818492,59.479148,10.124457294974956,69.79440827525958,52.78986275237554,1.8397394326270669,0.0029515303452177285,1.7885425289771673
2026-09-30T17:43:49+03:00,6.78,289.04,49.467880079367774,12.344399999999998,342.99545447711597,338.3086597129459,-0.8160064918253184,5.20992,5.03496,0.395340878640268,,-10.433561449332291,24.818457,59.479195,9.794708670526239,73.31358906232335,56.3090435394393,1.49594173746587,0.003020341678522271,1.7915628706556894
2026-09-30T17:43:51+03:00,6.78,289.04,48.88346312833433,13.37472,344.9950771821226,336.8533469133136,-2.016238481065367,5.22936,4.996079999999999,0.7734930234266114,,-10.244485376939119,24.818432,59.479238,10.688482592138042,70.51211436956565,55.507191551688265,1.7445539450938177,0.00269494159565405,1.7942578122513435
2026-09-30T17:43:53+03:00,6.71,289.04,45.64052200789388,14.366159999999999,339.9988852085818,339.7639725125781,0.8763962434321073,5.443199999999999,5.3654399999999995,0.4812845479098915,,-10.04967972659464,24.818398,59.479285,11.254761282800551,65.87014979999948,45.86903500858125,2.225212695062602,0.0030096780954846003,1.7972674903468282
2026-09-30T17:43:55+03:00,6.63,289.04,50.917463301048755,14.191199999999998,342.99545447711597,342.0271558033449,-0.015527156248045309,5.52096,6.0652800000000004,0.5557690612768985,,-11.396130545152074,24.818372,59.479337,11.536140079780724,72.72511746433122,55.72057194144719,1.639483827193427,0.003224793205067238,1.8004922835518955
2026-09-30T17:43:57+03:00,6.63,289.04,47.24480383426018,13.82184,344.9950771821226,342.1073698946633,-0.8805788353365622,5.69592,5.773680000000001,0.8594366926962348,,-13.573370166649203,24.818347,59.47939,10.797911887333159,70.03290365122373,55.027980833346305,1.9450452851844622,0.00327583961835597,1.8037681231702514
2026-09-30T17:43:59+03:00,6.63,289.03,54.578663611934715,15.37704,346.9946998871292,340.3140119959038,0.16266271803764074,6.18192,5.94864,0.4239887683968092,,-13.728068771334526,24.81832,59.479444,12.824947668684489,77.7078955649128,64.70259545204198,1.3161044568288263,0.003348823076087829,1.8071169462463392
2026-09-30T17:44:01+03:00,6.63,289.03,56.566827161038674,14.58,344.9950771821226,339.15663724973956,2.635720449160813,6.37632,5.96808,0.49847328176381617,,-15.538615403947928,24.818287,59.479502,12.279706671701097,82.24620785166556,67.24128503378813,0.8602708468301201,0.0036288649090051306,1.8107458111553443
2026-09-30T17:44:03+03:00,6.63,289.04,54.37812838363892,14.113439999999999,341.9985079135884,343.2933925305841,1.0068587333833956,6.318,6.045839999999999,0.38961130068895977,,-16.730367617820036,24.818255,59.479558,11.62912952507503,80.58602226090805,62.58453017449648,1.0334140259940525,0.003504902288337169,1.8142507134436814
2026-09-30T17:44:05+03:00,6.63,289.04,57.982032915011814,12.75264,347.9973760286081,343.56841227224686,0.2663107831768067,6.59016,6.201359999999999,0.29793805346802804,,-17.37780992631787,24.818233,59.479614,10.814086039481257,89.09342740979075,77.09080343839884,0.10426961957132379,0.0034323700438232524,1.8176830834875046
2026-09-30T17:44:07+03:00,6.63,289.04,58.933142854928974,12.94704,352.9992975801002,342.38811921427737,-0.7926298137839809,6.37632,6.68736,0.20626480624709637,,-14.828147737985704,24.818211,59.479676,11.09417979263132,88.42543928892191,81.42473686902207,0.1752073078242792,0.0037867033600369167,1.8214697868475416
2026-09-30T17:44:09+03:00,6.63,289.03,50.47628579879802,12.091679999999998,347.9973760286081,339.8842936495557,-1.2817638834871645,6.62904,6.0264,0.17188733853924698,,-11.917522138721122,24.818183,59.479736,9.387781516951737,83.47943193720354,71.47680796581164,0.752792982306683,0.0037063597220467256,1.8251761465695884
2026-09-30T17:44:11+03:00,6.63,289.04,47.57711935543607,11.81952,343.998130618595,338.8586991962715,-0.3668648762222661,6.59016,5.96808,-0.011459155902616466,,-10.800254438216017,24.818144,59.479796,8.833973886826513,80.99134842308472,64.98947904167972,1.0319109952801093,0.003797871788107462,1.828974018357696
2026-09-30T17:44:13+03:00,6.63,289.04,44.4086627483626,11.52792,338.9962090671029,338.5550315648522,2.119485475747941,6.92064,6.24024,0.11459155902616464,,-12.08940947726037,24.818098,59.479855,8.17330913967809,80.74484611045091,59.74105517755379,1.1130558573715736,0.0038142233211389846,1.8327882416788348
2026-09-30T17:44:15+03:00,6.63,289.03,43.0163753061947,11.81952,346.9946998871292,340.1421246573645,-1.8080256183148258,6.37632,6.59016,0.05729577951308232,,-12.289944705556158,24.818067,59.47991,8.375612790771697,74.30581988452737,61.300519771656525,1.724811508651385,0.0034386889368210913,1.836226930615656
2026-09-30T17:44:17+03:00,6.63,289.03,49.192860337704985,12.5388,344.9950771821226,339.39727952369446,-0.7545281204077812,6.337439999999999,6.43464,0.011459155902616466,,-10.032490992740716,24.818045,59.479966,9.670727527552174,78.93003251188455,63.92510969400712,1.2168365155150764,0.0034323686737782614,1.8396592992894343
2026-09-30T17:44:19+03:00,6.63,289.04,52.05764931335909,12.636,342.99545447711597,333.5301917015548,-5.984601465920961,6.5124,6.10416,-0.10886198107485642,,-11.934710872575048,24.818018,59.480021,10.04410186987819,82.81025770314152,65.8057121802575,0.8150634113245988,0.0034071106533972878,1.8430664099428316
2026-09-30T17:44:21+03:00,6.67,289.04,62.68028683508456,11.664,337.99926250357527,321.6986132321033,-6.020468623896151,6.53184,6.47352,-0.1604281826366305,,-9.327752904729802,24.817981,59.480075,10.429795293682739,96.48838614994351,74.48764865351876,-0.7381097720610239,0.0034367029575423907,1.846503112900374
2026-09-30T17:44:23+03:00,6.78,289.03,79.43357276470984,12.441600000000001,328.99809554207,306.394910524159,-9.72458347363741,6.59016,6.47352,-0.4526366581533504,,-0.49847328176381617,24.81792,59.480131,12.967380016399199,109.40664012369824,78.40473566576827,-2.1897153736333044,0.0038467257743509224,1.8503498386747248
2026-09-30T17:44:25+03:00,6.78,289.03,86.32052546218233,14.132879999999998,313.99806046554505,288.9712639742307,-7.232560839495409,6.95952,6.78456,-0.6990085100596044,,1.4725015334862157,24.817838,59.48018,15.347605519976785,113.22632220709536,67.22438267264044,-2.7445850306474853,0.003865214691863213,1.854215053366588
2026-09-30T17:44:27+03:00,6.93,289.04,94.50236277665049,9.136800000000001,291.99648113252147,277.5980517408838,-4.275640250384255,6.10416,6.10416,-0.4812845479098915,,-0.4297183463481174,24.817735,59.480209,11.379727035237275,126.82940555479277,58.82588668731421,-3.6590439385866036,0.0035949416734054975,1.8578099950399936
2026-09-30T17:44:29+03:00,6.93,289.04,99.9340026744907,7.3094399999999995,281.99836760748855,274.25197821731985,0.42221259923190363,6.045839999999999,5.67648,0.1432394487827058,,-0.5099324376664327,24.817634,59.480223,10.258042827982091,135.42247506575836,57.42084267324691,-4.306460420096281,0.003195792158028599,1.8610057871980221
2026-09-30T17:44:31+03:00,7.08,289.03,105.60055526833453,7.73712,281.99836760748855,274.6129416282523,0.055748793466229095,5.90976,5.67648,0.12032113697747288,,-3.3575326794666243,24.817529,59.48023,10.926188879224764,136.9968357669188,58.99520337440731,-4.321902258493442,0.0032326080861304098,1.8642383952841526
2026-09-30T17:44:33+03:00,7.08,289.03,108.992465415509,8.00928,278.9960687610031,275.81042342007567,3.4525863776788275,5.98752,5.52096,0.045836623610465865,,-1.0542423430407146,24.81742,59.480237,11.45481336906378,138.61292263782804,57.60899139883111,-4.492197979847736,0.0033537057446225774,1.8675921010287753
2026-09-30T17:44:35+03:00,7.2,289.03,105.57763695652929,8.10648,283.9979903124951,278.2741419391382,-0.3558640865557543,5.773680000000001,5.6376,0.4068000345428845,,-6.044704738630185,24.817323,59.480246,11.143983677002288,135.51595034341597,59.513940655911085,-4.11920627337054,0.0030099214707849996,1.8706020224995603
2026-09-30T17:44:37+03:00,7.23,289.04,106.58604267595955,7.15392,284.9949368760228,276.56099813169703,1.5253855379767907,5.773680000000001,5.7348,0.38961130068895977,,-7.076028769865667,24.817221,59.48026,10.39687767062126,138.74176868527854,63.736705561301335,-4.340335509038933,0.0032252464883592256,1.8738272689879196
2026-09-30T17:44:39+03:00,7.23,289.04,105.31407637076911,9.136800000000001,284.9949368760228,280.1362547733134,0.1799087476710785,5.81256,5.52096,0.05156620156177409,,-5.689470905649074,24.817115,59.480276,12.054865486052584,133.02783335837304,58.02277023439581,-3.9662210047494453,0.003375531074381937,1.8772028000623016
2026-09-30T17:44:41+03:00,7.23,289.03,108.25907943774155,8.70912,288.9999118639872,277.1339559268279,-2.585643937866379,6.25968,6.0264,0.1604281826366305,,-4.60085109490051,24.817004,59.480294,12.214493032864278,137.38142424823735,66.38133611222457,-4.606358294000442,0.003556802208861132,1.8807596022711628
2026-09-30T17:44:43+03:00,7.23,289.04,111.28429659603229,9.00072,283.9979903124951,274.4066768220052,-1.0441009900668992,6.37632,5.94864,-0.045836623610465865,,-4.045082033623611,24.816895,59.480311,12.780303214714538,138.98720157984258,62.985191892337696,-4.811335240561807,0.003480574953528908,1.8842401772246917
2026-09-30T17:44:45+03:00,7.38,289.04,128.66210652235014,7.8732,282.99531417101616,271.5246991124971,-1.2233221883838206,6.492959999999999,6.37632,-0.2119943841984046,,-3.9877862541105293,24.816782,59.480323,12.962187217393202,151.68735373824936,74.68266790926555,-5.716224673159511,0.003523906980186003,1.8877640842048777
2026-09-30T17:44:47+03:00,7.38,289.04,121.44856788165312,6.92064,280.99569146600965,269.51934682953924,-1.3046821952923975,6.6679200000000005,6.43464,-0.21772396214971285,,-2.4121523175007655,24.816666,59.480334,11.853627313996338,150.12691991257702,71.12261137858667,-5.781959225850956,0.003602073593721794,1.8913661577985996
2026-09-30T17:44:49+03:00,7.53,289.04,135.7152169804106,6.8623199999999995,279.998744902482,265.94409018792294,-1.5578722449607083,6.4152,6.35688,-0.492743703812508,,-0.813600069085769,24.816551,59.480345,12.299457750234918,157.07253260746424,77.07127750994619,-5.908391213614186,0.003572070755694011,1.8949382285542937
2026-09-30T17:44:51+03:00,7.53,289.04,152.2679676817401,5.773680000000001,276.9964460559965,261.5380447433669,-2.8392923537707944,6.337439999999999,6.29856,-0.4812845479098915,,1.3178029288008932,24.816433,59.480351,11.758963584410083,166.79230663499305,83.78875269098955,-6.16980350985421,0.0036199286450174346,1.898558157199311
2026-09-30T17:44:53+03:00,7.68,289.03,129.54446152685162,6.76512,271.99452450450445,260.11710941144247,0.4180300073274486,6.337439999999999,5.98752,-0.3552338329811104,,0.911002894258009,24.816318,59.480354,11.854247101485559,153.89114886948124,65.8856733739857,-5.690765104152875,0.003514972402304194,1.9020731296016153
2026-09-30T17:44:55+03:00,7.83,289.04,155.31610315183607,6.72624,269.9949017994978,261.4406419181946,0.5098751418869196,6.53184,6.43464,-0.4297183463481174,,0.32658594322456924,24.8162,59.480353,12.951743740712862,167.4742332937234,77.46913509322121,-6.376372883826215,0.0036024195141016705,1.905675549115717
2026-09-30T17:44:57+03:00,7.98,289.04,133.28014635110458,6.6679200000000005,272.99720064598336,260.54109817983925,-0.8416750010471794,6.337439999999999,6.08472,-0.26929016371148695,,2.417881895452074,24.816083,59.480353,11.940057923682312,156.0112627095391,69.00846335552245,-5.790046109150165,0.0035713933431016803,1.9092469424588185
2026-09-30T17:44:59+03:00,8.13,289.04,137.99558900503126,6.6095999999999995,272.99720064598336,258.27791488907246,-0.9038982175983866,6.25968,6.006959999999999,-0.41252961249419273,,2.841870663848883,24.815967,59.480354,12.014984922094257,158.39972898368796,71.39692962967132,-5.8200923732900876,0.0035413787013274457,1.912788321160146
2026-09-30T17:45:01+03:00,8.28,289.03,147.2087503507349,7.056719999999999,270.9975779409768,256.95438238232026,0.1568758443068194,6.2208000000000006,5.7153599999999996,-0.29220847551671986,,2.016811438860498,24.815856,59.480355,12.739781945882912,162.5431387635628,73.54071670453959,-5.934289148453918,0.0033887779318658804,1.916177099092012
2026-09-30T17:45:03+03:00,8.55,289.02,143.3699331233584,7.950959999999999,269.9949017994978,257.56744722311026,0.9049868374091353,6.201359999999999,5.94864,-0.5328507494716656,,2.182969199448437,24.815746,59.480354,13.446651310996456,159.3416446154474,69.33654641494525,-5.8026169043257,0.003358258049503204,1.9195353571415152
2026-09-30T17:45:05+03:00,8.58,289.02,133.88175203599195,8.39808,269.9949017994978,256.07775695577016,0.12605071492878112,5.94864,5.346,-0.12605071492878112,,1.6157409822689215,24.815639,59.480354,13.235252084988456,152.7839665089868,62.77886830848462,-5.290056699230351,0.003266145952170721,1.922801503093686
2026-09-30T17:45:07+03:00,8.73,289.03,135.2969577899651,8.04816,267.99527909449125,256.5819598154853,0.7703417555533919,6.201359999999999,5.42376,0.38388172273765153,,0.7276563998161455,24.815531,59.480352,13.197627176731352,154.5980253432231,62.59330443771432,-5.60181567413464,0.0032988619205514135,1.9261003650142374
2026-09-30T17:45:09+03:00,8.88,289.03,133.6984055415501,8.43696,267.99527909449125,259.38372343367496,0.753783275274111,6.08472,5.5598399999999994,0.08594366926962349,,-3.030946736242055,24.815421,59.480348,13.384284434673027,152.88718636294269,60.88246545743391,-5.416075621101087,0.003366317601598899,1.9294666826158364
2026-09-30T17:45:11+03:00,9.03,289.03,136.7465410116461,10.43928,272.99720064598336,259.74468684460743,-0.39935158320618375,6.14304,5.598719999999999,0.1546986046853223,,-0.5099324376664327,24.81531,59.480348,15.496111811362395,152.50847000275172,65.50567064873508,-5.449362293243441,0.003388245468154098,1.9328549280839906
2026-09-30T17:45:13+03:00,9.18,289.03,141.94899779143395,10.12824,270.9975779409768,260.23170097046864,-0.7513768525345617,6.29856,6.2208000000000006,-0.09740282517223994,,1.380828286265284,24.815199,59.480351,15.579563462616324,156.378302258897,67.37588019987379,-5.770810289170097,0.003393040343250914,1.9362479684272416
2026-09-30T17:45:15+03:00,9.33,289.03,140.15563989267446,9.83664,272.99720064598336,256.74238799812184,-1.5150722976644357,6.72624,6.57072,-0.10313240312354818,,4.744090543683217,24.815071,59.480356,15.607722125107815,156.18413064632503,69.18133129230841,-6.15348628207504,0.003918706953995475,1.940166675381237
2026-09-30T17:45:16+03:00,9.48,289.03,150.8985985513774,9.078479999999999,272.99720064598336,257.04605562954123,0.40783135857411995,6.72624,6.5124,-0.7219268218648373,,2.097025530178813,24.814953,59.480356,15.309205289157596,163.2370071824634,76.23420782844676,-6.440415040760805,0.0036019177526324044,1.9437685931338693
2026-09-30T17:45:18+03:00,9.63,289.036,153.18470015394942,8.61192,265.9956563894847,255.92305835108485,-0.6996387636342482,6.804,6.53184,-0.739115555718762,,1.3349916626548182,24.814839,59.480354,15.001616575948647,164.9910251657361,70.9866815552208,-6.571883396936786,0.003481894838627095,1.9472504879724963
2026-09-30T17:45:20+03:00,9.71,289.033,147.87338139308667,8.39808,268.99795523597015,256.4559091005565,0.7284585407293287,6.78456,6.24024,-0.4297183463481174,,1.8449241003212509,24.814723,59.480351,14.596686629955123,162.18394640407766,71.18190164004784,-6.459197626855211,0.003545457283406219,1.9507959452559025
2026-09-30T17:45:22+03:00,9.82,289.037,136.37411844481105,7.42608,265.9956563894847,256.46163867850777,-0.058040624646752394,6.804,6.53184,-0.7219268218648373,,0.5213915935690492,24.814592,59.480349,13.213255701180238,157.18468328401303,63.18033967349771,-6.271651809612979,0.004000546540249728,1.9547964917961522
2026-09-30T17:45:24+03:00,9.97,289.043,140.0295891777457,8.49528,267.99527909449125,253.59684970285366,-1.0514921456240869,6.76512,6.47352,-0.739115555718762,,2.0225410168118056,24.814485,59.480347,14.353618261754953,157.65369726699623,65.64897636148748,-6.257078189782635,0.0032683581384411794,1.9580648499345934
2026-09-30T17:45:26+03:00,10.08,289.04,145.94251362349578,7.98984,264.998709825957,251.8034918040942,-0.8224236191307837,6.55128,6.39576,-0.3036676314193363,,1.753250853100319,24.814358,59.480345,13.909988755218768,161.2357050488538,66.2344148748108,-6.203078831331466,0.0038785049454499554,1.9619433548800433
2026-09-30T17:45:28+03:00,10.23,289.045,152.17629443451915,7.095599999999999,262.9990871209505,250.7492494610535,-0.31478301264487424,6.454079999999999,5.890319999999999,-0.19480565034447989,,-1.1459155902616465,24.814244,59.480338,13.153128426679547,165.4162539264618,68.41534104741231,-6.2461336712046975,0.0035051652653324593,1.9654485201453757
2026-09-30T17:45:30+03:00,10.38,289.041,133.98488443911552,7.98984,262.9990871209505,251.25918189871993,0.1426091952080619,6.454079999999999,5.65704,-0.4239887683968092,,-1.730332541295086,24.814132,59.480331,13.308497514019088,154.40734273886525,57.40642985981572,-5.820856612034755,0.003444565716972641,1.9688930858623483
2026-09-30T17:45:32+03:00,10.53,289.041,138.03569605069043,7.3094399999999995,261.99641097947153,251.26491147667122,0.7533822048175194,6.29856,5.96808,-0.49847328176381617,,-1.1860226359208041,24.814021,59.480323,12.710836034236369,157.38598612139575,59.38239710086725,-5.814302743388417,0.0034221995314145355,1.9723152853937629
2026-09-30T17:45:35+03:00,10.68,289.037,138.12736929791134,6.9984,264.998709825957,250.29661280290014,0.06503070974734843,6.35688,5.832,-0.5099324376664327,,0.22918311805232927,24.813903,59.480317,12.475646299767213,158.01084130122166,63.00955112717867,-5.8944469824396855,0.003619931616192145,1.9759352170099551
2026-09-30T17:45:37+03:00,10.72,289.037,150.09645763819427,6.9984,262.9990871209505,250.42839309578022,-0.1234724048506924,6.25968,5.94864,-0.5385803274229739,,0.6589014644004466,24.813787,59.48031,12.810623655704674,164.19576128119581,67.1948484021463,-6.023050623369967,0.003565783757387378,1.9795010007673426
2026-09-30T17:45:39+03:00,10.83,289.034,144.66481774035404,7.4844,263.9960336844781,249.59187471488926,-0.31249118146435095,6.27912,5.6376,-0.5786873730821314,,1.0026761414789407,24.813682,59.480303,13.119440750473663,160.7346844730349,64.73071815751302,-5.927494669083881,0.003232600559553288,1.982733601326896
2026-09-30T17:45:41+03:00,10.98,289.034,152.41693670847408,7.46496,263.9960336844781,248.92151409458614,0.11791471423792342,6.045839999999999,5.754239999999999,-0.5271211715203573,,0.7219268218648373,24.813573,59.480298,13.125637709024321,164.73154714969633,68.72758083417443,-5.832437332446471,0.003340746593176755,1.9860743479200726
2026-09-30T17:45:43+03:00,11.13,289.033,145.36955582836498,7.2122399999999995,261.99641097947153,251.2362635869147,1.1437383506401493,5.90976,5.69592,-0.4239887683968092,,-0.6531718864491385,24.813461,59.480289,12.533330573359965,160.9123400635463,62.908751043017844,-5.5848376407895985,0.003461311219271337,1.989535659139344
2026-09-30T17:45:45+03:00,11.17,289.033,139.23317784251387,6.53184,262.9990871209505,252.7144946983522,0.29020312323376196,5.851439999999999,5.65704,-0.38388172273765153,,-1.701684651538545,24.81336,59.480283,11.61029343188763,158.44701358772627,61.446100708676795,-5.442296984305716,0.0031040261127761905,1.9926396852521202
2026-09-30T17:45:47+03:00,11.28,289.032,142.4589302291004,6.88176,265.9956563894847,253.36766658480136,-0.19818610133575174,5.9292,4.91832,-0.395340878640268,,-0.6875493541569879,24.813251,59.48028,12.133479516744101,159.78191610524544,65.77757249473012,-5.56386636410952,0.003332085421020395,1.9959717706731406
2026-09-30T17:45:49+03:00,11.36,289.034,140.1785582044797,7.42608,265.9956563894847,253.4765285658762,-0.39539817441978115,5.7153599999999996,5.13216,-0.5213915935690492,,0.5099324376664327,24.813137,59.48028,12.369630197552867,157.3897163537462,63.385372743230846,-5.2760844464547665,0.0034798266757066626,1.9994515973488471
2026-09-30T17:45:51+03:00,11.43,289.037,142.26985415670723,7.387199999999999,264.998709825957,253.5338243453893,-0.5039163808175591,5.773680000000001,5.07384,-0.48701412586119974,,1.283425461093044,24.813039,59.480278,12.464835308186188,158.73610737575285,63.73481720170986,-5.3806076392566435,0.002993844588889186,2.0024454419377364
2026-09-30T17:45:53+03:00,11.58,289.038,142.91729646520503,8.63136,264.998709825957,255.2412385748791,1.047481441058171,5.890319999999999,5.7348,-0.005729577951308233,,0.12605071492878112,24.812931,59.480276,13.795486226947423,157.83619771618424,62.83490754214125,-5.455079002460072,0.0032988693334634776,2.0057443112712
2026-09-30T17:45:55+03:00,11.73,289.027,139.34203982358872,9.11736,267.99527909449125,256.4329907887512,1.3046821952923975,6.0264,5.48208,-0.2807493196141034,,-1.449583221680983,24.812817,59.480272,14.241048900447478,155.34659111850013,63.34187021299135,-5.477079619129549,0.0034881234204561288,2.009232434691656
2026-09-30T17:45:57+03:00,11.73,289.018,137.06166779896805,8.3592,268.99795523597015,257.6476613144286,-0.44295367141563946,6.1624799999999995,5.5404,-0.320856365273261,,-1.5240677350479896,24.812707,59.480269,13.537983678989518,155.12612008791285,64.124075323883,-5.590822857835112,0.0033625669814706157,2.0125950016731267
2026-09-30T17:45:59+03:00,11.88,289.029,138.43676650728202,9.87552,271.99452450450445,256.6679034847549,-1.2900717715165615,6.37632,5.7153599999999996,-0.544309905374282,,1.2490479933851946,24.812591,59.480268,15.245126923218928,154.54712616012813,66.54165066463258,-5.757428497026548,0.0035413876107391186,2.016136389283866
2026-09-30T17:46:01+03:00,12.0,289.03,148.12548282294424,9.583919999999999,269.9949017994978,255.46469211498015,1.0309229607788901,6.37632,6.37632,-0.6073352628386726,,1.7188733853924696,24.812472,59.480268,15.372028262305546,160.77811717322535,70.77301897272321,-6.0208446118663925,0.0036324519433604658,2.0197688412272266
2026-09-30T17:46:03+03:00,12.03,289.026,137.91537491371298,8.98128,267.99527909449125,256.33558796357903,0.3737976655433491,6.4152,6.53184,-0.5328507494716656,,-0.07448451336700701,24.812355,59.480263,14.399281902686228,155.28898449854765,63.28426359303887,-5.827746169873854,0.0035840256605669473,2.0233528668877936
2026-09-30T17:46:05+03:00,12.11,289.022,123.28203282607174,7.814879999999999,266.99833253096364,256.8226020894402,0.40995130241610406,6.5124,5.81256,-0.4239887683968092,,-1.1631043241155712,24.812233,59.48026,12.623016458487866,148.8317493014498,55.83008183241344,-5.572342764484831,0.0037283902855332366,2.027081257173327
2026-09-30T17:46:07+03:00,12.26,289.027,128.6907544121067,8.61192,267.99527909449125,258.43261349375786,0.9419999109745866,6.55128,6.24024,-0.492743703812508,,-1.925138191639566,24.812113,59.480258,13.697499024110895,150.61094948042197,58.60622857491319,-5.708180113474011,0.0036649498724382183,2.030746207045765
2026-09-30T17:46:09+03:00,12.33,289.023,121.20792560769816,7.8732,269.9949017994978,258.66179661181013,-0.597881459219014,6.4152,5.94864,-0.418259190445501,,-2.1886987773997446,24.811992,59.480256,12.469290101280613,147.31377884385984,57.30868064335766,-5.399293277171643,0.0036954586154776016,2.0344416656612427
2026-09-30T17:46:11+03:00,12.48,289.027,129.33819672060451,9.70056,271.99452450450445,256.8512499791968,-1.1216794755276127,6.57072,6.6679200000000005,-0.3666929888837269,,0.3323155211758775,24.811875,59.480258,14.767665358601363,149.46654249616492,61.461067000669345,-5.659575602824539,0.0035734261803104512,2.038015091841553
2026-09-30T17:46:13+03:00,12.48,289.033,133.70986469745273,11.508479999999999,271.99452450450445,253.8947877563217,-1.0791660071289058,6.940079999999999,7.13448,-0.6703606203030631,,1.575633936609764,24.811755,59.480257,17.058456708747393,150.81250057729562,62.80702508180008,-6.058887603654379,0.003663471024493622,2.0416785628660468
2026-09-30T17:46:17+03:00,12.78,289.037,138.88940316543534,11.372399999999999,264.998709825957,253.20150882421342,0.8285542675386834,7.1928,6.62904,-0.6245239966925973,,-0.1546986046853223,24.811496,59.480245,17.445057343229696,154.61919153774195,59.617901363698934,-6.498543149718181,0.003771834689132438,2.045450397555179
2026-09-30T17:46:21+03:00,12.93,289.043,145.06588819694565,10.886399999999998,264.998709825957,251.72327771277585,0.4655282085437939,7.44552,7.32888,-0.4526366581533504,,-0.29793805346802804,24.81123,59.480237,17.517103084204038,159.15283405572043,64.15154388167741,-6.958084404745266,0.003914569102116962,2.049364966657296
2026-09-30T17:46:25+03:00,13.08,289.044,155.556745425791,10.478159999999999,262.9990871209505,250.6919536815404,0.2748478543242559,7.387199999999999,6.9984,-0.3781521447863433,,-2.0110818609091896,24.810963,59.480222,17.4727169378364,165.6321977578192,68.63128487876969,-7.15614878137896,0.003936658990763176,2.0533016256480594
2026-09-30T17:46:27+03:00,13.23,289.029,152.15910570066524,10.555919999999999,262.9990871209505,251.21907485306073,-0.3640573830261251,7.348319999999999,7.03728,-0.45836623610465854,,-1.822005788516018,24.810832,59.480216,17.395528831572218,163.53707466623828,66.5361617871888,-7.047063227565621,0.004014985760325047,2.0573166114083845
2026-09-30T17:46:29+03:00,13.38,289.041,151.75803524407365,9.350639999999999,263.9960336844781,250.60028043431947,0.37798025744780417,7.44552,7.056719999999999,-0.5385803274229739,,-1.3693691303626676,24.810697,59.48021,16.295256019934136,164.2445383327887,68.2405720172668,-7.165787028148322,0.004136606851575709,2.06145321825996
2026-09-30T17:46:31+03:00,13.42,289.029,153.01281281541017,9.05904,263.9960336844781,249.76376205342848,-0.3562651570123459,7.23168,6.57072,-0.4526366581533504,,-2.137132575837971,24.810571,59.480201,15.846768725295481,164.96455904331228,68.96059272779041,-6.984107384001581,0.0038839908238202793,2.0653372090837805
2026-09-30T17:46:35+03:00,13.68,289.032,147.64992785298566,11.68344,262.9990871209505,249.53457893537615,-0.5044893386126899,6.95952,6.84288,-0.246371851906254,,-2.320479070279834,24.810308,59.480184,17.953275229565076,159.62147744797778,62.62056456892827,-6.523941644908146,0.003914222395289376,2.0692514314790698
2026-09-30T17:46:37+03:00,13.83,289.038,140.90048502634454,9.50616,261.99641097947153,250.25650575724094,0.1980142139972125,7.23168,7.13448,-0.2807493196141034,,-2.177239621497128,24.81018,59.480176,15.791276555731885,157.68766390215836,59.6840748816299,-6.6902296401019035,0.003936664272182802,2.0731880957512527
2026-09-30T17:46:39+03:00,13.91,289.04,144.93410790406554,8.59248,263.9960336844781,249.568956403084,-1.0109267337288246,7.17336,6.92064,-0.3666929888837269,,-0.20626480624709637,24.810051,59.480167,15.039497831757386,160.83813316082922,64.83416684530732,-6.775920261787733,0.003974697205704105,2.077162792956957
2026-09-30T17:46:41+03:00,13.98,289.033,149.67246886979746,10.36152,261.99641097947153,247.5406858083209,-0.5554252865998199,7.2122399999999995,7.32888,-0.6359831525952138,,2.1084846860814292,24.809921,59.480163,16.98187134181327,162.05574373123244,64.05215471070397,-6.861412935195859,0.003975513954066431,2.0811383069110234
2026-09-30T17:46:43+03:00,14.13,289.033,158.65644709744876,9.05904,261.99641097947153,249.00745776385577,1.7666580655063802,7.270560000000001,6.901199999999999,-0.6359831525952138,,0.492743703812508,24.809792,59.480152,16.05058283611006,168.14587144198921,70.14228242146078,-7.115506293545557,0.00399283711592344,2.085131144026947
2026-09-30T17:46:45+03:00,14.13,289.025,156.35315676102286,9.25344,262.9990871209505,250.5601733886603,0.5605819067559974,7.03728,6.901199999999999,-0.26356058576017866,,-2.2689128687180604,24.809671,59.48014,15.951555746571232,166.54535577109857,69.54444289204906,-6.84413771828192,0.0037632851740809436,2.088894429201028
2026-09-30T17:46:49+03:00,14.4,289.029,157.0177878033746,9.05904,264.998709825957,249.42571695430127,0.0065317188644913845,7.270560000000001,6.97896,-0.6818197762056798,,2.486636830867773,24.809397,59.480131,16.006249599139785,167.2334045682821,72.23211439423915,-7.090819801852953,0.00415834677986149,2.0930527759808895
2026-09-30T17:46:53+03:00,14.58,289.029,161.16027266217046,8.8452,261.99641097947153,248.38866334511448,-0.3039541103169017,7.17336,6.92064,-0.5271211715203573,,0.12605071492878112,24.809137,59.480113,15.804926190317333,169.58813946122757,71.5845504406991,-7.055244037381394,0.00379333995858777,2.0968461159394773
2026-09-30T17:46:57+03:00,14.73,289.032,155.71717360842763,7.98984,261.99641097947153,246.82448856440735,-0.8659684115607262,7.2122399999999995,6.78456,-0.4812845479098915,,0.5042028597151245,24.808871,59.480094,14.86293167195566,167.22810207169084,69.22451305116238,-7.033794041849055,0.003944466909723019,2.1007905828492004
2026-09-30T17:46:59+03:00,14.88,289.025,151.14497040328368,7.36776,260.9994644159439,247.33442100207378,-0.18878959349560628,7.07616,6.804,-0.6875493541569879,,2.8934368654106573,24.80874,59.480084,13.98859976269466,165.27490265318357,66.27436706912749,-6.843754181868804,0.0040436940718467165,2.1048342769210473
2026-09-30T17:47:01+03:00,14.88,289.027,157.83138787246037,7.44552,261.99641097947153,246.60103502430633,0.7727481782929413,7.1150400000000005,6.53184,-0.3781521447863433,,-0.3380450991271857,24.808616,59.480074,14.289079265581716,168.66092966852693,70.65734064799847,-6.9761602089188575,0.0038325258283934153,2.1086668027494406
2026-09-30T17:47:03+03:00,14.88,289.03,148.83595048890643,8.378639999999999,260.9994644159439,247.821435127935,-0.9810756326025086,6.92064,6.92064,-0.2119943841984046,,0.3666929888837269,24.808494,59.480064,14.742187010976698,162.89566257088015,63.89512698682404,-6.614545300551348,0.003772244626132171,2.112439047375573
2026-09-30T17:47:05+03:00,15.03,289.033,140.08688495725877,9.37008,261.99641097947153,246.69270827152727,-0.18804474836193621,7.056719999999999,6.74568,-0.6359831525952138,,0.1432394487827058,24.808365,59.480055,15.460572833741494,157.11608918153746,59.112500161008995,-6.501318303701436,0.00397471014140487,2.1164137575169777
2026-09-30T17:47:07+03:00,15.03,289.044,154.41082983552937,9.408959999999999,260.9994644159439,245.73013917570748,-1.0149947340742536,6.97896,6.59016,-0.7563042895726866,,1.1516451682129547,24.808246,59.480045,15.990070648857705,165.27678609752934,66.27625051347326,-6.7498048787821086,0.003681870611528588,2.120095628128506
2026-09-30T17:47:09+03:00,15.18,289.037,169.58848182854487,8.0676,258.99984171093735,244.30920384378305,0.5196727201836567,6.9984,6.35688,-0.6990085100596044,,0.9453803619658584,24.808112,59.480034,15.00417064650348,174.4237851492447,73.42362686018203,-6.965282337618079,0.004143445733079346,2.1242390738615855
2026-09-30T17:47:11+03:00,15.33,289.041,159.1778386910178,6.804,257.9971655694584,243.91959254309407,-1.0204951289075093,6.88176,6.25968,-0.6130648407899808,,-0.5500394833255903,24.807992,59.48002,13.460452387702588,169.64873294680288,67.64589851626124,-6.769756986240272,0.003758420666191561,2.127997494527777
2026-09-30T17:47:13+03:00,15.33,289.041,143.90851345078136,7.3094399999999995,255.99754286445182,242.49865721116961,-0.10250214954890428,6.8623199999999995,6.43464,-0.5958761069360561,,-0.13750987083139757,24.807873,59.480004,13.475355928621996,161.36532877358897,57.362871638040815,-6.50256442205045,0.0037576347814298893,2.131755129309207
2026-09-30T17:47:15+03:00,15.48,289.033,143.2438824084296,7.17336,254.9948667229729,242.5444938347801,-0.6171328411354097,6.648479999999999,6.201359999999999,-0.06875493541569878,,0.45836623610465854,24.807754,59.479988,13.117926068283397,160.89911615165556,55.89398287462848,-6.282440383326464,0.003757636445008115,2.135512765754215
2026-09-30T17:47:17+03:00,15.48,289.036,150.91005770728003,7.4844,255.99754286445182,242.45855016551047,-0.4546420104363082,6.59016,6.006959999999999,0.017188733853924696,,0.3093972093706446,24.807643,59.479972,13.625332834381275,164.5106095596868,60.50815242413864,-6.350804872691658,0.00352212571213797,2.139034891466353
2026-09-30T17:47:19+03:00,15.63,289.041,148.91043500227346,9.195120000000001,255.99754286445182,241.1808542823687,-1.0817443172069943,6.57072,6.006959999999999,-0.19480565034447989,,3.66120031088596,24.807522,59.479959,15.205420269079895,161.8040926224532,57.80163548690501,-6.2421469352399725,0.0037752860216063713,2.1428101774879593
2026-09-30T17:47:21+03:00,15.63,289.047,158.8856302155011,9.54504,254.9948667229729,240.88291622890074,-0.6959718337454109,6.648479999999999,6.045839999999999,0.25210142985756223,,4.188321482406318,24.807405,59.479946,15.928248134696418,167.53347720267314,62.52834392564603,-6.491724155740038,0.0036559183993213258,2.1464660958872805
2026-09-30T17:47:23+03:00,15.78,289.058,169.30773250893074,10.886399999999998,253.99792015944524,238.8489160561863,-0.517151705885081,6.6679200000000005,5.87088,-0.246371851906254,,5.02483986329732,24.807284,59.479927,17.48237756467607,173.36561212166114,67.36353228110636,-6.623268963948273,0.003866069319807314,2.1503321652070877
2026-09-30T17:47:25+03:00,15.78,289.037,-177.36525157623245,11.97504,252.99524401796634,238.379090664179,-0.13693691303626676,6.5124,6.24024,-0.27501974166279514,,5.070676486907786,24.807173,59.479909,18.48298015090493,178.2933074893355,74.70193652863085,-6.50951102182957,0.003556837279644993,2.1538890024867325
2026-09-30T17:47:27+03:00,15.93,289.043,-173.9332343833988,10.7892,250.9956213129597,237.73164835568122,-0.022288058230589023,6.53184,6.0264,-0.26356058576017866,,2.6527945914557116,24.807072,59.479894,17.298238146998397,176.22038307112098,74.77523824183874,-6.517633131759065,0.003212170560752084,2.1571011730474847
2026-09-30T17:47:29+03:00,15.93,289.038,181.95291104746804,9.31176,245.99942933941892,237.932183583977,0.27244143158470646,6.804,5.94864,-0.20053522829578813,,0.6531718864491385,24.806955,59.479872,16.113476380848404,178.87158468909053,64.87101402850942,-6.8026804892060335,0.00380839430321009,2.1609095673506946
2026-09-30T17:47:31+03:00,16.08,289.041,168.09306198325342,9.408959999999999,248.99599860795314,238.74005407511143,1.1561142390149752,6.29856,6.0652800000000004,-0.27501974166279514,,1.5068790011940651,24.806838,59.479846,15.62613146217014,172.863533170721,61.85953177867418,-6.249765488594507,0.003898405995789261,2.164807973346484
2026-09-30T17:47:33+03:00,16.23,289.048,167.3081098039242,9.15624,250.9956213129597,239.3588484938527,-0.3161581113531883,6.5124,6.29856,-0.31512678732195276,,4.451882068166497,24.806725,59.479829,15.575374255384958,172.57900116092844,63.574622473888155,-6.457851436480186,0.0035975177778089576,2.168405491124293
2026-09-30T17:47:35+03:00,16.27,289.045,173.32416665279783,9.79776,258.99984171093735,239.03226255062813,0.6487028156471181,7.1150400000000005,6.4152,-0.4812845479098915,,6.789549872300254,24.806603,59.479812,16.88483001564254,176.13203599843814,75.13187770937549,-7.098833024053416,0.0038617196668985962,2.172267210791192
2026-09-30T17:47:37+03:00,16.46,289.038,-172.12268775078542,8.6508,252.99524401796634,241.85121490267179,0.8237414220595846,6.804,6.492959999999999,-0.2864788975654116,,4.95608492788162,24.806482,59.479795,15.418820122670374,175.5899547177824,77.40528930018394,-6.783855303807578,0.003832292775432972,2.1760995035666246
2026-09-30T17:47:39+03:00,16.68,289.038,-176.66624306617283,6.804,255.99754286445182,243.0429671165439,1.0026761414789407,7.095599999999999,5.98752,-0.3036676314193363,,2.3090199143772177,24.806355,59.479778,13.893720870059308,178.3681008761674,77.62944198828441,-7.092722130320164,0.004009112833043826,2.1801086163996684
2026-09-30T17:47:41+03:00,16.83,289.041,166.84401398986824,9.75888,253.99792015944524,244.9852940420374,0.8357162399778187,6.74568,6.57072,-0.18907607239317165,,3.179915762976069,24.80624,59.479766,16.399540904954655,172.21595155830138,66.21387171774666,-6.683522513579996,0.0035837412197273866,2.1836923576193956
2026-09-30T17:47:43+03:00,16.91,289.047,158.64498794154616,10.478159999999999,258.99984171093735,245.5697109930708,0.14026006824802553,6.454079999999999,6.43464,-0.18907607239317165,,3.2601298542943837,24.806125,59.479755,16.655764822651882,166.75682687806136,65.7566685889987,-6.282443818000766,0.0035721298904419323,2.1872644875098377
2026-09-30T17:47:45+03:00,17.06,289.045,160.3638613269386,10.18656,259.99678827446496,244.6415193649589,-0.4812845479098915,6.82344,6.43464,-0.37242256683503505,,4.715442653926675,24.806004,59.479742,16.77068249887251,168.22229689052756,68.21908516499252,-6.6797854020863925,0.0037753092371283653,2.191039796746966
2026-09-30T17:47:47+03:00,17.28,289.045,158.53612596047128,9.408959999999999,259.99678827446496,243.44976715108677,-0.31392357595217807,6.78456,6.6095999999999995,-0.4812845479098915,,5.849899088285706,24.805882,59.479731,15.917785312939543,167.50871681101128,67.50550508547622,-6.623962166690731,0.0037823239224766703,2.1948221206694427
2026-09-30T17:47:49+03:00,17.43,289.041,165.25692089735583,9.447840000000001,254.9948667229729,243.64457280143125,-0.18432052269358584,6.95952,6.201359999999999,-0.3380450991271857,,3.8903834289382897,24.805765,59.479713,16.274885138061254,171.50443650311212,66.49930322608498,-6.883155313272352,0.003731744733298063,2.1985538654027406
2026-09-30T17:47:51+03:00,17.66,289.038,164.27716306768215,9.078479999999999,256.9944894279795,242.60178961429318,-1.2039562149083989,6.74568,6.9984,-0.2119943841984046,,2.2689128687180604,24.805639,59.479697,15.67868828297275,170.97248325347906,67.96697268145851,-6.6621219216885095,0.0039646042923329634,2.2025184696950735
2026-09-30T17:47:53+03:00,17.88,289.049,162.90206435936815,9.11736,254.9948667229729,242.60751919224447,1.3977878370011563,6.74568,6.27912,-0.20053522829578813,,4.686794764170134,24.805519,59.479681,15.690749981910093,170.16352404831034,65.15839077128322,-6.646514045793899,0.003787185062148467,2.2063056547572217
2026-09-30T17:47:55+03:00,18.03,289.055,160.9883853236312,10.7892,257.9971655694584,244.18888270680554,0.7541270499511895,6.6679200000000005,6.2208000000000006,-0.1432394487827058,,4.910248304271155,24.805395,59.479665,17.23086146328551,168.23041924323363,66.22758481269204,-6.527732456460822,0.0039054086741392253,2.2102110634313608
2026-09-30T17:47:57+03:00,18.3,289.059,164.1797602425099,9.48672,256.9944894279795,246.64687164791678,1.0367098345097117,6.95952,6.6095999999999995,-0.12605071492878112,,4.262805995773324,24.805273,59.479652,16.29346916583054,170.86678109529055,67.86127052327004,-6.871286815930117,0.003805188472501692,2.2140162519038626
2026-09-30T17:47:59+03:00,18.48,289.051,163.24583903644665,10.26432,259.99678827446496,248.42877039077365,0.6097989813577351,6.940079999999999,6.43464,-0.5672282171795151,,2.6356058576017865,24.805158,59.479644,17.027729496262513,169.99310385400074,69.98989212846573,-6.83449949075642,0.0035431986398446517,2.2175594505437073
2026-09-30T17:48:01+03:00,18.71,289.052,151.12205209147845,8.92296,261.99641097947153,248.0678069798412,0.7819155030150344,6.84288,6.55128,-0.544309905374282,,2.4809072529164644,24.805034,59.479634,15.276663849570024,163.61537613933635,65.61178711880791,-6.564988661159982,0.0038325745256626294,2.22139202506937
2026-09-30T17:48:03+03:00,18.86,289.059,151.19080702689413,9.60336,261.99641097947153,246.84740687621257,-0.6643445634541896,7.07616,6.92064,-0.7448451336700701,,4.497718691776963,24.804904,59.479627,16.16739754130569,163.36683783290633,65.36324881237783,-6.78007266644202,0.003990543386193751,2.2253825684555637
2026-09-30T17:48:05+03:00,19.08,289.052,169.70880296552235,8.92296,258.99984171093735,244.69308556652066,0.5208759315534314,6.9984,6.84288,-0.5213915935690492,,2.738738260725335,24.804778,59.479615,15.858136386122297,174.2307530592514,73.23059477018876,-6.962951751143833,0.003913248237013053,2.2292958166925767
2026-09-30T17:48:07+03:00,19.31,289.03,168.09879156120473,10.983600000000001,256.9944894279795,248.3084492537962,2.2697150096312435,6.940079999999999,6.7068,-0.3781521447863433,,1.4438536437296745,24.804647,59.479598,17.832028706545575,172.70236075550088,69.69685018348036,-6.883863111642136,0.004127319201412478,2.233423135893989
2026-09-30T17:48:09+03:00,19.53,289.054,156.49639620980557,11.99448,259.99678827446496,251.316477678233,0.8537644105244396,7.1928,6.92064,-0.46982539200727513,,2.733008682774027,24.804518,59.479583,18.810536539554487,165.26801471429533,65.26480298876027,-6.956343476040818,0.004039679977865444,2.2374628158718544
2026-09-30T17:48:11+03:00,19.68,289.051,163.95630670240885,11.02248,264.998709825957,250.27369449109491,-1.4467184327053286,7.3094399999999995,7.32888,-0.9396507840145503,,7.270834420210147,24.804393,59.479579,18.159934683872923,170.3431115161611,75.34182134211812,-7.205865000113404,0.0038232458154767255,2.241286061687331
2026-09-30T17:48:15+03:00,20.13,289.051,174.275276592715,14.2884,261.99641097947153,252.20456226068575,0.863046326805559,7.095599999999999,6.7068,-0.6359831525952138,,5.082135642810402,24.804125,59.479565,21.36034099250866,176.17413296834036,78.1705439478119,-7.079787074146431,0.004027640542870814,2.245313702230202
2026-09-30T17:48:17+03:00,20.28,289.049,160.575855711137,14.24952,262.9990871209505,253.4306919422657,-0.028877072874593488,7.46496,6.97896,-0.4239887683968092,,4.337290509140332,24.803997,59.479557,21.433846967159703,167.2269631546724,70.22605027562292,-7.280228413056016,0.0039367353401377715,2.2492504375703395
2026-09-30T17:48:23+03:00,20.88,289.048,144.12050783497978,12.966479999999999,268.99795523597015,258.2492669993159,-0.9588448701514326,7.32888,7.3094399999999995,0.05729577951308232,,0.6359831525952138,24.803595,59.479546,19.38654473175978,156.92131882264349,65.91927405861361,-6.74233079482836,0.0037546314248053073,2.2530050689951446
2026-09-30T17:48:25+03:00,21.03,289.041,144.66481774035404,11.236320000000001,270.9975779409768,257.6476613144286,-0.25313275388879775,7.44552,7.29,-0.46982539200727513,,5.597797658428142,24.803463,59.479551,17.83781939780977,158.63443682674983,69.63201476772662,-6.933826278879464,0.004040552871278657,2.2570456218664234
2026-09-30T17:48:29+03:00,21.33,289.051,169.3421099766386,9.447840000000001,267.99527909449125,254.2843990570107,0.72513538551757,7.46496,7.251119999999999,-0.37242256683503505,,4.497718691776963,24.803191,59.479552,16.840708234323394,174.04449933005537,82.03977842454663,-7.424669957167478,0.004029359837620607,2.261074981704044
2026-09-30T17:48:31+03:00,21.48,289.048,160.94827827797207,8.49528,266.99833253096364,255.39020760161316,0.26986312150661773,7.251119999999999,7.1928,-0.13178029288008933,,1.180293057969496,24.803056,59.479547,15.530637909003305,169.71451057942727,76.7128431103909,-7.134596599799053,0.004131881060631453,2.2652068627646758
2026-09-30T17:48:33+03:00,21.63,289.062,154.03840726869433,8.61192,268.99795523597015,255.75690059049688,0.08199026048322079,7.270560000000001,7.15392,-0.20626480624709637,,1.529797312999298,24.802922,59.479543,15.47954230806844,165.90389682971662,74.90185206568674,-7.0516331280896285,0.004097471658668664,2.2693043344233446
2026-09-30T17:48:35+03:00,21.78,289.056,150.89286897342612,9.6228,267.99527909449125,255.88295130542565,-0.6280190392428954,7.348319999999999,6.8623199999999995,-0.32658594322456924,,3.134079139365603,24.802792,59.479542,16.436510084748505,163.4537006881661,71.44897978265737,-7.044025451707754,0.003968765244736866,2.2732730996680814
2026-09-30T17:48:37+03:00,21.9,289.048,162.7301770208289,8.378639999999999,270.9975779409768,253.2702637596291,-1.0556747375285418,7.1928,7.17336,-0.2807493196141034,,2.773115728433184,24.802658,59.479541,15.39596847378066,170.70250381597415,81.70008175695091,-7.098306586177863,0.004090853626927219,2.2773639532950085
2026-09-30T17:48:39+03:00,22.08,289.052,161.8077149706683,8.242560000000001,265.9956563894847,253.80884408705208,-0.38250662402933755,7.07616,6.648479999999999,-0.16615776058793874,,1.6673071838306956,24.802523,59.479538,15.127202643128683,170.20541437478957,76.20107076427428,-6.973017740795156,0.0041248811076572845,2.2814888344026656
2026-09-30T17:48:41+03:00,22.23,289.055,155.78019896589203,7.9120800000000004,267.99527909449125,254.18126665388712,-0.4058833020706752,6.88176,6.59016,-0.1432394487827058,,1.5469860468532228,24.802403,59.479532,14.46624757615997,167.03397942231567,75.02925851680692,-6.706297838622328,0.003680767145741118,2.285169601548407
2026-09-30T17:48:43+03:00,22.23,289.051,156.06094828550613,8.41752,268.99795523597015,253.8432215547599,-0.05466017365548053,6.940079999999999,6.25968,-0.16615776058793874,,1.9136790357369495,24.802279,59.47953,15.026820030687611,166.862088357867,75.86004359383719,-6.758428838432696,0.003787067085305329,2.288956668633712
2026-09-30T17:48:45+03:00,22.38,289.059,157.13810894035208,7.970399999999999,265.9956563894847,253.51090603358404,0.3237211542489151,6.72624,6.648479999999999,-0.09167324722093173,,1.4152057539731333,24.802152,59.479526,14.407231711741822,167.58840417797646,73.58406056746117,-6.569039693418488,0.003884183799276481,2.2928408524329886
2026-09-30T17:48:47+03:00,22.42,289.06,157.95170900943785,10.614239999999999,267.99527909449125,252.11861859141615,-0.056550934379412256,6.84288,6.43464,-0.2864788975654116,,2.5095551426730056,24.802025,59.47952,17.15014769862308,166.5658371380383,74.56111623252957,-6.655641864230567,0.003893474924446273,2.2967343273574348
2026-09-30T17:48:49+03:00,22.53,289.067,158.58769216203305,8.456399999999999,265.9956563894847,252.42228622283545,-0.17922119831692152,6.8623199999999995,6.7068,-0.3323155211758775,,1.730332541295086,24.801911,59.479519,15.05497754805971,168.16674917478636,74.16240556427101,-6.716485732024417,0.0034804241019674937,2.3002147514594022
2026-09-30T17:48:51+03:00,22.68,289.067,158.2038104392954,8.33976,265.9956563894847,251.98110872058473,-0.2314749492328526,6.6679200000000005,6.55128,-0.3495042550298022,,0.5786873730821314,24.801789,59.479515,14.740405807425688,167.87320126544847,73.86885765493315,-6.519125936803281,0.003731862278148563,2.303946613737551
2026-09-30T17:48:53+03:00,22.8,289.067,156.41618211848723,8.184239999999999,264.998709825957,252.22175099453966,-0.5585192586935265,6.72624,6.29856,-0.320856365273261,,0.6359831525952138,24.801673,59.47951,14.598853905935004,167.0386379665632,72.03734779252022,-6.554865770970809,0.003553687939456936,2.307500301677008
2026-09-30T17:48:55+03:00,22.98,289.065,161.01130363543643,8.30088,265.9956563894847,252.89784119279406,-0.094652627755612,6.72624,6.5124,-0.25210142985756223,,0.17188733853924698,24.801548,59.479502,14.82355239510153,169.50166735072145,75.49732374020613,-6.613644157196548,0.003845867161753275,2.311346168838761
2026-09-30T17:48:57+03:00,22.98,289.059,161.8936586399379,9.56448,266.99833253096364,252.43947495668942,0.11333105187687684,6.8623199999999995,6.55128,-0.2807493196141034,,1.1000789666511805,24.801424,59.479498,16.227738325419164,169.44543474925848,76.44376728022212,-6.746215796668091,0.003792790352491341,2.3151389591912523
2026-09-30T17:48:59+03:00,23.13,289.06,164.48915745188054,8.242560000000001,264.998709825957,253.40777363046047,1.4988002962827207,6.901199999999999,6.648479999999999,-0.4068000345428845,,1.1917522138721122,24.8013,59.479491,15.006333774204643,171.55344880363396,76.55215862959096,-6.826344879167321,0.003808476107857584,2.3189474352991097
2026-09-30T17:49:01+03:00,23.28,289.063,160.81649798509198,9.0396,264.998709825957,254.70265824745616,0.9600480815212075,6.82344,6.43464,-0.2807493196141034,,0.08021409131831525,24.801173,59.479484,15.645633707441812,169.05581604816157,74.05452587411855,-6.699339358856682,0.003899505964578742,2.3228469412636885
2026-09-30T17:49:03+03:00,23.36,289.047,150.61211965381202,9.93384,265.9956563894847,254.13543003027664,-0.3913301740743523,6.88176,6.35688,-0.19480565034447989,,-0.02864788975654116,24.801043,59.479481,16.284052237791524,162.58107353696363,68.57672992644831,-6.5661727717512415,0.003972411989472548,2.326819353253161
2026-09-30T17:49:05+03:00,23.43,289.06,141.60522311435545,7.29,264.998709825957,253.65987506031806,0.15578722449607085,6.804,6.648479999999999,-0.08021409131831525,,0.5729577951308232,24.800917,59.479478,13.311211141793532,160.11472829156116,65.11343811751817,-6.398315534436676,0.003850440122376685,2.3306697933755376
2026-09-30T17:49:07+03:00,23.58,289.077,143.55900919575157,8.8452,265.9956563894847,253.2759933375804,-0.29369816578406,6.8623199999999995,6.454079999999999,-0.17188733853924698,,1.3693691303626676,24.80079,59.479474,14.93282548248938,159.3999553804499,65.39561176993459,-6.423538193017941,0.0038841897559859727,2.3345539831315234
2026-09-30T17:49:09+03:00,23.73,289.059,153.77484668293417,9.234,265.9956563894847,252.23893972839363,0.8473472832189745,6.648479999999999,6.337439999999999,-0.1546986046853223,,0.8537071147449266,24.800675,59.479468,15.479480617403159,164.7157934274748,70.71144981695949,-6.413324044985588,0.0035289125097110858,2.3380828956412345
2026-09-30T17:49:11+03:00,23.73,289.055,151.07048588991665,10.12824,265.9956563894847,252.97232570616103,-0.3452643673458341,6.804,6.53184,-0.18334649444186346,,0.911002894258009,24.800544,59.479461,16.41652555854611,162.63600076417822,68.6316571536629,-6.493928363721337,0.004020919449877577,2.342103815091112
2026-09-30T17:49:13+03:00,23.88,289.062,150.77827741439995,8.59248,264.998709825957,251.94673125287693,0.35351495959571794,6.648479999999999,6.454079999999999,-0.20626480624709637,,0.4469070802020421,24.800424,59.479456,14.75623862346529,163.48473427164794,68.48344409760495,-6.374190499112163,0.00367537280367271,2.345779187894785
2026-09-30T17:49:15+03:00,23.88,289.059,147.46085178059246,8.43696,266.99833253096364,252.19310310478315,0.07769307701973963,6.37632,6.08472,-0.17188733853924698,,0.09740282517223994,24.800304,59.479455,14.231784113128539,161.40562353928945,68.40395607025312,-6.043474253688753,0.0036635579876235307,2.3494427458824085
2026-09-30T17:49:16+03:00,24.03,289.063,151.52312254807,10.71144,265.9956563894847,252.8577341471349,-0.5753069220908597,6.492959999999999,6.337439999999999,-0.09740282517223994,,0.492743703812508,24.800182,59.479449,16.70813781387641,162.2012288098467,68.1968851993314,-6.182180629486843,0.003741538211969871,2.3531842840943784
2026-09-30T17:49:18+03:00,24.03,289.059,147.0082151224391,10.53648,267.99527909449125,251.70608897892194,-0.28602053132930694,6.648479999999999,6.39576,-0.27501974166279514,,2.5267438765269303,24.800059,59.479445,16.514570162430783,159.6710769296898,67.66635602418103,-6.234370654050987,0.0037623326241043456,2.3569466167184827
2026-09-30T17:49:20+03:00,24.03,289.058,157.43031741586879,11.41128,263.9960336844781,250.72633114924827,0.11940440450526356,7.01784,6.55128,-0.44117750225073393,,4.045082033623611,24.799936,59.479439,18.093257606940753,165.99160820207175,69.98764188654985,-6.809131423735394,0.0037719238725084313,2.360718540590991
2026-09-30T17:49:22+03:00,24.15,289.056,164.28862222358475,10.692,263.9960336844781,248.2740717860883,-1.735088090994672,7.13448,6.7068,-0.49847328176381617,,4.119566546990619,24.799809,59.479436,17.665879604640928,170.56710055591202,74.56313424039013,-7.038009106853149,0.0038809372267310654,2.364599477817722
2026-09-30T17:49:24+03:00,24.18,289.059,165.95019982946414,12.324959999999999,260.9994644159439,245.22593631599239,-0.966751687724238,7.29,7.348319999999999,-0.641712730546522,,5.523313145061136,24.799687,59.47943,19.47744870942108,171.16339344084818,72.16285785679213,-7.203470880937293,0.003741540297146142,2.3683410181148683
2026-09-30T17:49:33+03:00,24.18,289.063,174.28673574861762,11.58624,257.9971655694584,246.297367392887,0.2797179955828679,7.348319999999999,7.2122399999999995,-0.13750987083139757,,-1.4954198452914487,24.799424,59.4794,18.912210633001944,176.50349476432265,74.50066033378107,-7.334641250973508,0.004023892078371221,2.3723649101932396
2026-09-30T17:49:35+03:00,24.33,289.067,159.4585880106319,11.236320000000001,258.99984171093735,246.88751392187174,-0.012433184154338863,7.270560000000001,7.07616,0.05156620156177409,,-3.72995524630166,24.799303,59.479387,18.224054514741884,167.50566482555888,66.50550653649623,-7.09837424811798,0.0037753472160183357,2.376140257409258
2026-09-30T17:49:39+03:00,24.33,289.07,159.55026125785287,10.225439999999999,261.99641097947153,246.13693921025035,0.4675335608267518,7.3094399999999995,6.901199999999999,-0.3036676314193363,,1.277695883141736,24.799039,59.47937,17.264164070514184,168.05699596723753,70.05340694670906,-7.1512194267011155,0.0038630987221749792,2.3800033561314327
2026-09-30T17:49:43+03:00,24.33,289.076,181.50027438931468,12.30552,256.9944894279795,243.99407705646107,0.23313652683873196,7.03728,6.57072,-0.21772396214971285,,0.1604281826366305,24.798782,59.479343,19.34126522750682,179.04554327374908,76.04003270172859,-7.0363035904619045,0.0038180180679207977,2.3838213741993535
2026-09-30T17:49:45+03:00,24.48,289.077,163.08541085381,10.51704,256.9944894279795,245.8275420008797,0.8768546096682118,7.03728,6.454079999999999,0.03437746770784939,,-3.283048166099617,24.798653,59.479326,17.370970580891118,169.8544377908658,66.84892721884529,-6.927240974771104,0.0040682277924879275,2.387889601991841
2026-09-30T17:49:47+03:00,24.52,289.077,144.27520643966508,10.06992,261.99641097947153,246.88178434392046,-0.6430305334753229,7.07616,6.55128,-0.005729577951308233,,-2.859059397702808,24.798527,59.479316,16.345383820636805,158.91703633778246,60.913447317254,-6.602485636055453,0.0038929173239867798,2.391782519315828
2026-09-30T17:49:49+03:00,24.6,289.069,152.91540999023792,10.614239999999999,260.9994644159439,247.133885773778,0.2939273489021123,7.095599999999999,6.57072,-0.2807493196141034,,1.1516451682129547,24.79841,59.479306,17.237162451861945,163.71792521432522,64.71738963026917,-6.811017144788695,0.003621730408447003,2.395404249724275
2026-09-30T17:49:51+03:00,24.63,289.069,159.55026125785287,12.71376,259.99678827446496,246.12548005434775,-0.1685641833274882,7.32888,6.88176,-0.5614986392282068,,3.6841186226911935,24.798276,59.479294,19.747484187503403,167.00063438326046,66.99742265772545,-7.1410595338259535,0.004153549412490184,2.3995577991367654
2026-09-30T17:49:53+03:00,24.63,289.067,178.36046567199776,10.18656,258.99984171093735,246.54946882274453,1.32238659116194,7.07616,7.387199999999999,-0.3495042550298022,,1.919408613688258,24.798146,59.479284,17.261010482294708,179.03251728825785,78.0323589991952,-7.075151215290176,0.004013603712431586,2.403571402849197
2026-09-30T17:49:55+03:00,24.63,289.067,166.43148437737403,10.92528,259.99678827446496,247.74695061456794,-0.04251346839870709,7.13448,6.940079999999999,-0.26356058576017866,,0.47555496995858326,24.798017,59.479272,17.938895871915786,171.78530985096558,71.78209812543054,-7.061277592119202,0.004003330275900117,2.407574733125097
2026-09-30T17:49:57+03:00,24.63,289.067,163.3547010175215,9.37008,262.9990871209505,247.98759288852293,0.872843905102296,7.32888,6.940079999999999,-0.395340878640268,,1.5240677350479896,24.797892,59.479265,16.525738762796635,170.65292333013306,73.65201045108358,-7.231571548325479,0.0038388416100763735,2.4114135747351733
2026-09-30T17:49:59+03:00,24.78,289.076,166.32262239629918,11.15856,263.9960336844781,247.8615421735941,-0.20265517213777218,7.29,6.901199999999999,-0.5958761069360561,,2.4064227395494577,24.797767,59.479254,18.32309587331651,171.7207310850505,75.7167647695286,-7.214023299799985,0.003872575908943904,2.4152861506441172
2026-09-30T17:50:01+03:00,24.71,289.077,176.30927676542942,11.236320000000001,261.99641097947153,248.6866013985825,1.3930895830810837,7.23168,7.13448,-0.5672282171795151,,1.5068790011940651,24.797621,59.479244,18.45887257463649,177.7543543761971,79.75076535566865,-7.226126192918927,0.003782377983911446,2.4190685286280287
2026-09-30T17:50:05+03:00,24.78,289.073,164.84439128486164,11.93616,259.99678827446496,248.2110464286239,-0.6003451777380766,7.5816,7.387199999999999,-0.20053522829578813,,-0.664631042351755,24.797095,59.479205,19.355825761228267,170.72210203005923,70.71889030452417,-7.482417373627127,0.003974808312943972,2.4230433369409727
2026-09-30T17:50:11+03:00,24.78,289.067,155.3447510415926,9.75888,262.9990871209505,248.881407048927,-0.35867157975189534,7.60104,7.07616,-0.2807493196141034,,-0.6875493541569879,24.796686,59.479173,16.965904234866592,166.11634166956287,69.11542879051336,-7.378975304461072,0.004126073074522534,2.4271694100154955
2026-09-30T17:50:19+03:00,24.97,289.08,153.59722976644358,9.31176,256.9944894279795,245.94786313785718,1.2116338493631518,7.29,6.82344,0.11459155902616464,,-3.0252171582907463,24.796145,59.47912,16.169625083647567,165.16233063694256,62.156820064922044,-7.046916668420254,0.004056600525059681,2.431226010540555
2026-09-30T17:50:23+03:00,25.05,289.078,162.50672348072789,8.02872,260.9994644159439,247.28285480051198,0.16346485895082385,7.40664,6.74568,0.017188733853924696,,-2.6757129032609446,24.79589,59.479096,15.256146747931215,170.8980928396633,71.89755725560724,-7.31337960143415,0.003662231653921791,2.434888242194477
2026-09-30T17:50:25+03:00,25.08,289.067,161.61290932032378,9.0396,260.9994644159439,247.23128859895024,0.05317048338814039,7.40664,6.492959999999999,-0.02864788975654116,,-4.228428528065476,24.795758,59.479085,16.23707224077625,169.88578394624687,70.8852483621908,-7.2915381347858865,0.004083301336965189,2.438971543531442
2026-09-30T17:50:27+03:00,25.08,289.076,152.65184940447773,8.184239999999999,259.99678827446496,249.20226341420027,2.0105661988935717,7.01784,6.940079999999999,-0.13178029288008933,,-4.096648235185386,24.795638,59.479073,14.773768390134094,165.25650339221852,65.25329166668348,-6.786776435023874,0.0037334442985326624,2.4427049878299747
2026-09-30T17:50:29+03:00,25.05,289.081,150.42877315937014,8.32032,259.99678827446496,250.9956213129597,0.45956944747443335,7.01784,6.318,0.02864788975654116,,-3.2028340747813018,24.795512,59.479064,14.833999761019633,163.93040872910098,63.92719700356594,-6.743626314423594,0.003884119031562034,2.446589106861537
2026-09-30T17:50:31+03:00,25.08,289.085,159.84246973336957,7.795439999999999,264.998709825957,250.04451137304252,0.38600166657963564,7.01784,6.57072,-0.1776169164905552,,-0.2807493196141034,24.795384,59.479058,14.585317876025073,169.38665586026323,74.38536568622021,-6.897782164468428,0.0039239234024314685,2.450513030263968
2026-09-30T17:50:33+03:00,24.97,289.081,174.275276592715,9.0396,263.9960336844781,250.1762916659226,-0.456590066939753,6.78456,6.337439999999999,-0.1604281826366305,,-1.948056503444799,24.795259,59.479052,15.804818588869301,176.7294013964929,80.72543508097101,-6.773509472973528,0.003832743243831036,2.454345773507799
2026-09-30T17:50:35+03:00,25.08,289.081,169.30200293097946,8.80632,262.9990871209505,250.554443810709,0.6187944187412892,7.01784,6.78456,-0.09167324722093173,,-4.234158106016784,24.795137,59.479046,15.756133306201098,174.04470647156813,77.04379359251863,-6.979965795269472,0.0037415824376916635,2.4580873559454908
2026-09-30T17:50:37+03:00,24.93,289.077,157.41885825996616,10.03104,261.99641097947153,251.20761569715813,-0.4987597606613816,7.01784,7.03728,-0.02864788975654116,,-5.036299019199936,24.795005,59.479039,16.72933613578895,166.68854774680423,68.6849587262758,-6.829290788155894,0.004051328726112596,2.4621386846716034
2026-09-30T17:50:41+03:00,24.93,289.081,171.152656609252,7.44552,262.9990871209505,249.74084374162322,0.9425155729902042,7.62048,7.095599999999999,-0.26356058576017866,,-0.3609634109324186,24.794741,59.479022,15.02112400700864,175.62780228189544,78.6268894028459,-7.598303352246601,0.003906501186047474,2.466045185857651
2026-09-30T17:50:43+03:00,24.93,289.078,148.29737016148349,4.04352,262.9990871209505,248.4975253261894,-1.0013583385501397,7.6788,7.32888,-0.05156620156177409,,0.7333859777674538,24.794607,59.479013,11.320196237603174,169.18083267352327,72.17991979447379,-7.542305571533108,0.00412609228305729,2.4701712781407084
2026-09-30T17:50:49+03:00,24.97,289.077,181.27109127126235,8.04816,259.99678827446496,228.5471348997341,-4.6272644492560415,7.503839999999999,7.13448,-0.6818197762056798,,4.165403170601085,24.794199,59.478971,15.551044418656078,179.34220935588607,79.33899763035106,-7.503345485626944,0.004058908546280671,2.474230186686989
2026-09-30T17:50:55+03:00,25.23,289.081,-174.64943162731234,10.18656,238.99788508292028,224.67966978260105,-1.0022750710223491,7.5816,7.93152,0.4469070802020421,,-0.6016056848873644,24.793849,59.47886,17.74921098947585,176.93221776029017,62.065667322630105,-7.5707349705483065,0.0040358738862616645,2.4782660605732505
2026-09-30T17:51:03+03:00,25.57,289.07,-152.4186691762364,7.6593599999999995,232.9990169679006,223.77439646629432,-0.22087523002293236,7.63992,7.6593599999999995,0.544309905374282,,-7.706282344509573,24.793367,59.478696,14.85825034746283,166.19146508946955,66.80755187843104,-7.419116660069145,0.004010757309825975,2.4822768178830765
2026-09-30T17:51:07+03:00,25.65,289.087,-166.58791544982168,8.49528,240.99750778792685,223.84315140171003,-0.31925208344689465,7.23168,7.01784,-0.4239887683968092,,7.259375264307531,24.793129,59.478623,15.620058468769749,172.75269553263712,68.24481225528973,-7.173905282104779,0.004110429168373914,2.4863872470514505
2026-09-30T17:51:09+03:00,25.68,289.088,-162.27354325248655,6.78456,239.99483164644792,221.8950948982652,-0.9696737724794052,6.84288,6.804,-0.7792226013779195,,5.082135642810402,24.793023,59.478592,13.464717100203755,171.17500818289628,68.81982346355164,-6.7618709525862934,0.0037339470289841424,2.4901211940804346
2026-09-30T17:51:11+03:00,25.83,289.085,-147.23340113030244,5.79312,233.99596353142817,223.9692021166388,-0.009511099399171666,6.804,6.5124,-0.13750987083139757,,1.4381240657783663,24.792925,59.478559,12.088992454666096,164.9682026338708,69.02776089755739,-6.571181007448239,0.0035894352404041642,2.4937106293208386
2026-09-30T17:51:17+03:00,25.98,289.085,-168.06614656125916,10.53648,240.99750778792685,227.17776576937138,-0.3427433530472585,7.40664,7.17336,-0.6990085100596044,,3.815898915571283,24.792567,59.478446,17.848871071538348,172.98859160910834,68.00891617881851,-7.351252154150411,0.004141475775367855,2.4978521050962064
2026-09-30T17:51:19+03:00,25.98,289.076,-169.30946497669308,7.814879999999999,241.99445435145452,226.71366995531542,1.700309552830231,7.15392,6.7068,-0.813600069085769,,4.9904623955894705,24.792455,59.478417,14.903833994274821,174.41802189679143,67.57643245466309,-7.119996430530168,0.0038376811480326342,2.501689786244239
2026-09-30T17:51:21+03:00,26.13,289.081,-161.71204461325834,6.14304,238.99788508292028,227.98563626050586,-0.1332699831474295,6.78456,6.82344,-0.7047380880109125,,0.5500394833255903,24.792347,59.478386,12.763724771061058,171.31366592875474,67.68421915416553,-6.706740667566322,0.0037869944680585083,2.5054767807122973
2026-09-30T17:51:23+03:00,26.13,289.085,180.86429123671945,8.22312,245.99942933941892,227.38403057561848,0.6865753259052655,6.6095999999999995,6.59016,-0.7448451336700701,,1.2948846169956605,24.792241,59.47836,14.832303098138922,179.52084421330918,65.5202735527281,-6.609368872904928,0.003593441050222758,2.5090702217625203
2026-09-30T17:51:25+03:00,26.13,289.084,-168.80526211697793,10.14768,243.9998066344124,227.64759116137867,-0.34600921247950417,6.78456,6.454079999999999,-0.6760901982543714,,0.20626480624709637,24.792137,59.478333,16.85469743424556,173.287459378114,70.71234725629841,-6.738052447908887,0.003565520352083625,2.512635742114604
2026-09-30T17:51:27+03:00,26.13,289.077,176.12020069303625,11.508479999999999,243.9998066344124,228.88517999886128,-0.018334649444186345,7.15392,7.15392,-1.105808544602489,,3.449205926687555,24.792021,59.478303,18.65228677784138,177.60729348095688,61.60710011536929,-7.147682873276481,0.003973777191735218,2.516609519306339
2026-09-30T17:51:29+03:00,26.13,289.08,-157.52945270880335,10.983600000000001,244.99675319794,225.94017693188883,-3.3283118319149523,7.40664,7.1150400000000005,-0.9797578296737078,,2.733008682774027,24.791896,59.478276,18.05125687178231,166.55208309258302,78.44467010535698,-7.203562711115255,0.004146606618097499,2.5207561259244367
2026-09-30T17:51:37+03:00,26.28,289.081,-150.35029153581414,8.378639999999999,235.9955862364348,217.1452747766307,-3.4415282922328028,7.348319999999999,7.40664,-0.492743703812508,,4.348749665042948,24.791416,59.478122,15.205734032226468,164.18175473530218,71.81383150113263,-7.070048232328832,0.0040621035821143715,2.524818229506551
2026-09-30T17:51:39+03:00,26.28,289.085,-141.4407978215298,8.61192,229.99671812141503,212.4813983242658,-0.7237029910297428,7.348319999999999,7.2122399999999995,-0.3495042550298022,,3.2945073220022336,24.791306,59.478084,15.070942852308692,159.1340602479213,70.86265787349373,-6.866390551067934,0.004061141359683967,2.528879370866235
2026-09-30T17:51:43+03:00,26.28,289.074,-144.04775578937506,9.87552,227.99709541640848,210.57917844443145,-1.3380856347485244,7.44552,7.46496,-0.5099324376664327,,2.039729750665731,24.791108,59.477994,16.492576761213886,159.41763370122726,68.57946171518122,-6.970255902195666,0.0039024107838511388,2.532781781650086
2026-09-30T17:51:53+03:00,26.58,289.069,-151.26129443007213,6.95952,229.99671812141503,213.6158547586248,0.8719844684095999,7.6788,7.3094399999999995,-0.7620338675239948,,3.151267873219528,24.79062,59.477725,14.181498944107508,166.35185816539615,63.64485995601888,-7.46197436341035,0.004117590464164348,2.53689937211425
2026-09-30T17:51:55+03:00,26.58,289.073,-141.5611189585073,9.5256,227.99709541640848,219.56888625003407,4.304803802156415,7.503839999999999,7.13448,-0.641712730546522,,1.9595156593474157,24.790518,59.47768,16.094066435611218,158.4105338164522,69.5865615999563,-6.977401724977351,0.004124529281287059,2.5410239013955374
2026-09-30T17:51:57+03:00,26.58,289.082,-155.81630890136216,9.992159999999998,233.99596353142817,226.62199670809449,6.826333762747654,7.42608,7.17336,-0.6016056848873644,,-2.097025530178813,24.790409,59.47764,17.040263123188097,166.1004396864044,67.89552384502377,-7.208631939314812,0.004105203451753968,2.5451291048472915
2026-09-30T17:51:59+03:00,26.7,289.081,-175.98442328996717,8.184239999999999,242.99713049293345,232.8786958309231,0.1396871104528947,7.13448,7.07616,-0.6474423084978302,,-0.7792226013779195,24.790297,59.477603,15.309359614671584,177.85456600580085,65.1425644871326,-7.129478887377359,0.004078723849926364,2.549207828697218
2026-09-30T17:52:01+03:00,26.73,289.085,-174.7067274068254,7.01784,250.9956213129597,227.38403057561848,-2.9933607048814728,7.1928,6.55128,-0.8938141604040842,,5.855628666237013,24.790176,59.477579,14.19548402747082,177.38597202124868,73.60964929171104,-7.18531541276811,0.0039654972285397,2.5531733259257576
2026-09-30T17:52:03+03:00,26.77,289.088,-148.23034769383008,6.95952,240.99750778792685,224.29578805986336,-1.9617501947484255,7.23168,7.3094399999999995,-0.7505747116213785,,5.391532852181046,24.790059,59.477549,13.649495684183824,164.42786416114166,76.5696436267852,-6.966228416955763,0.00400107494164188,2.5571744008673996
2026-09-30T17:52:09+03:00,27.03,289.074,168.4253775044293,10.43928,235.9955862364348,226.02612060115845,3.8416820163521694,7.542719999999999,7.13448,-0.7276563998161455,,-3.6841186226911935,24.789714,59.477436,17.892730970407587,173.2773621422452,49.272948378679985,-7.490859838633018,0.004072105292944544,2.561246506160344
2026-09-30T17:52:11+03:00,27.03,289.081,180.57208276120272,10.0116,242.99713049293345,229.50970399555385,-0.2382358512153963,7.03728,6.940079999999999,-0.8766254265501595,,1.1229972784564135,24.789593,59.477404,17.048674006297162,179.66405590131635,62.661186394249796,-7.0371590342675425,0.0041646011140686725,2.5654111072744126
2026-09-30T17:52:13+03:00,27.18,289.077,-165.9920393428856,10.18656,246.9963759029466,226.3412473884804,-1.8609669185849138,7.32888,7.1928,-1.3636395524113596,,6.869763963618571,24.789473,59.477376,17.388226166244912,171.84773348785146,75.14864241509514,-7.254819560578824,0.004031405253136028,2.5694425125275484
2026-09-30T17:52:15+03:00,27.18,289.084,-143.81284309337144,7.814879999999999,237.99520894144138,224.2384922803503,-0.981992365074718,6.6679200000000005,6.5124,-1.111538122553797,,6.4515047731730695,24.789361,59.477345,13.771241145508439,160.42422560635737,77.57098333508401,-6.282508910105794,0.0038938528937455933,2.573336365421294
2026-09-30T17:52:17+03:00,27.18,289.069,-143.3602064352181,7.93152,240.99750778792685,224.26714017010684,-0.3313987887036682,7.01784,7.01784,-0.44117750225073393,,-1.2948846169956605,24.789247,59.477316,14.194577910548762,160.52079511055626,80.47671267737059,-6.616156957871016,0.003892273000090032,2.577228638421384
2026-09-30T17:52:22+03:00,27.48,289.071,-159.59210077127432,7.814879999999999,236.99826237791373,222.18157379583064,-0.9475003058078423,6.92064,6.74568,-0.9052733163067008,,3.6096341093241864,24.788914,59.477204,14.503319356825974,169.17020732262137,67.82805505529237,-6.797381210132614,0.0037501228627759772,2.58097876128416
2026-09-30T17:52:24+03:00,27.48,289.077,-152.4702353777982,8.242560000000001,234.99863967290713,221.96957941163222,-0.3437173812989809,6.62904,6.29856,-0.5958761069360561,,1.8563832562238671,24.788816,59.477173,14.449593247718058,164.71262007712878,70.28601959577836,-6.394474841763553,0.0035245317859314523,2.5845032930700915
2026-09-30T17:52:26+03:00,27.48,289.078,-140.96524285157125,8.14536,234.99863967290713,221.42526950625793,-3.5065590019801514,7.01784,7.17336,-0.22345354010102106,,-3.6554707329346523,24.788708,59.477137,14.296889037894713,158.9728101439386,76.02582952896853,-6.550523837787842,0.00394366116583139,2.588446954235923
2026-09-30T17:52:28+03:00,27.63,289.078,-163.9580391701712,8.08704,236.99826237791373,220.50280745609732,0.23233438592554878,7.1150400000000005,7.29,-0.4469070802020421,,-0.19480565034447989,24.7886,59.477098,15.053969649954572,171.46280640514715,65.53545597276658,-7.036203253617981,0.0040454169721237014,2.5924923712080465
2026-09-30T17:52:30+03:00,27.63,289.084,-177.393899465989,8.68968,236.99826237791373,219.21938199500428,0.2038583835075469,7.3094399999999995,6.88176,-0.8766254265501595,,6.531718864491385,24.7885,59.477061,15.995013425307617,178.58451667828768,58.41374569962605,-7.307209530600167,0.0037769708406904653,2.596269342048737
2026-09-30T17:52:32+03:00,27.63,289.071,-154.52142428436653,10.303199999999999,235.9955862364348,218.62350588806822,0.17337702880658712,7.42608,7.056719999999999,-0.5271211715203573,,0.6990085100596044,24.788395,59.477025,17.30448289995087,165.1595594129079,70.83602682352691,-7.178367125948544,0.0038674312795803725,2.6001367733283174
2026-09-30T17:52:34+03:00,27.71,289.071,-150.70552536879524,10.06992,231.99634082642166,217.94741568981385,-1.4769133085087232,7.4844,7.15392,-0.985487407625016,,1.1344564343590302,24.788287,59.476983,16.996401807760552,163.1482478380711,68.84809298835057,-7.163005197172628,0.004152519157520994,2.6042892924858383
2026-09-30T17:52:38+03:00,27.86,289.076,-143.40604305882854,6.08472,228.9997715578874,217.8557424425929,0.27994717870092023,7.5816,6.59016,-0.8708958485988514,,4.864411680660689,24.788071,59.4769,12.983885769859757,163.77721734232125,65.22255421556616,-7.279720960160933,0.004006923077528787,2.608296215563367
2026-09-30T17:52:40+03:00,27.93,289.076,-140.34644843282993,8.3592,231.99634082642166,217.39164662853696,1.6382009278380498,7.01784,6.53184,-0.865166270647543,,1.8277353664673262,24.787964,59.476857,14.472678196473508,158.3717926395024,73.62454818691927,-6.5237499666886665,0.004165360295187967,2.6124615758585548
2026-09-30T17:52:42+03:00,28.05,289.073,-143.83576140517667,6.29856,233.99596353142817,220.24497644828844,0.25164306362145755,6.47352,6.5124,-0.888084582452776,,3.982056676159222,24.787871,59.476822,12.141422133016894,162.1741441786788,71.82181935274937,-6.162735011163304,0.003533597273843835,2.6159951731323985
2026-09-30T17:52:44+03:00,28.08,289.069,-145.41712491973774,6.4152,232.9990169679006,217.1681930884359,-0.607564445956725,6.53184,6.24024,-0.9568395178684748,,7.22499779659968,24.787765,59.476782,12.361950113178576,162.86924902413938,70.12976794376121,-6.242055336471266,0.004031395147753713,2.620026568280152
2026-09-30T17:52:46+03:00,28.08,289.085,-139.61879203301382,6.92064,228.9997715578874,214.17735339785304,0.7763005166227525,6.1624799999999995,6.4152,-0.9740282517223995,,4.996191973540778,24.787682,59.476749,12.281945402401066,158.58858091770657,70.41119064018085,-5.737164593681149,0.0032178783534018932,2.623244446633554
2026-09-30T17:52:48+03:00,28.2,289.088,-139.93391882033575,9.21456,226.99441927492956,211.57039543000778,-3.280068785564937,6.14304,6.201359999999999,-0.6073352628386726,,6.2738878566825145,24.787599,59.476709,14.466706281402018,155.79606581769272,71.19835345723683,-5.603017436275948,0.003492988128777918,2.626737434762332
2026-09-30T17:52:50+03:00,28.2,289.078,-132.81205342685962,9.234,225.9974727114019,204.37977510111594,-1.0896511347797995,6.53184,6.27912,-1.1688339020668794,,8.061516177490683,24.787511,59.476667,14.488316908713195,152.12493880860987,73.87253390279204,-5.773945506820244,0.0036865065232257648,2.6304239412855575
2026-09-30T17:52:52+03:00,28.23,289.081,-130.0102898086699,10.41984,217.99898189137562,201.03370157755197,-1.1266069125657379,6.492959999999999,5.9292,-0.45836623610465854,,5.809792042626548,24.787435,59.476621,15.41838440173557,148.8272878283989,69.17169406297671,-5.555447219113273,0.0036094318826775875,2.634033373168235
2026-09-30T17:52:54+03:00,28.23,289.074,-117.02133659305414,11.13912,215.99935918636905,198.4152844538041,-2.1479614781659433,6.68736,6.337439999999999,-0.4469070802020421,,7.270834420210147,24.787362,59.476571,15.378130468793342,139.81359773709676,76.18576144927229,-5.108803258929541,0.003741496072075268,2.6377748692403102
2026-09-30T17:52:56+03:00,28.31,289.078,-115.62904915088623,11.15856,214.99668304489012,194.23842212730037,0.49154049244273323,6.27912,6.39576,-1.1000789666511805,,9.768930406980537,24.787291,59.476521,14.985121293887008,137.82635807767426,77.17032496721586,-4.653540807514182,0.0037054554979773897,2.6414803247382874
2026-09-30T17:52:58+03:00,28.23,289.085,-110.3692965915853,11.35296,210.99743763487695,187.84994271159172,-3.8634544125671413,6.76512,7.01784,-1.8793015680291005,,11.928981294623739,24.787232,59.476471,15.103739264901266,135.19768689962538,75.79975073525156,-4.800138730277138,0.0035037891157835093,2.644984113854071
2026-09-30T17:53:00+03:00,28.23,289.082,-81.03385748088714,11.119679999999999,204.99856951985726,166.9599015011219,-10.88522407923392,7.01784,6.92064,-3.328884789710083,,16.650153526501725,24.787174,59.476413,12.189067855924327,115.69441361715107,89.30415590270619,-3.042733498422332,0.00391012602502801,2.648894239879099
2026-09-30T17:53:02+03:00,28.23,289.081,-61.71372062907578,12.36384,179.99469134034814,146.53968568265935,-10.5119993714857,6.0652800000000004,5.326560000000001,-2.1543213096918956,,14.765122380521314,24.787153,59.476353,10.889439512584387,91.08572222800734,88.9089691123408,-0.11492670619739079,0.0036630011768757067,2.652557241055975
2026-09-30T17:53:04+03:00,28.23,289.076,-56.01852014547539,16.60176,161.99808699528896,126.1710360657586,-8.047937077746083,5.94864,5.9292,-0.8078704911344607,,4.60085109490051,24.787175,59.476298,14.163624595531484,76.39986514521797,85.59822185007098,1.3987893881823363,0.003373457443234059,2.6559306984992093
2026-09-30T17:53:06+03:00,28.23,289.077,-52.87871142815848,15.41592,141.99613036727192,117.6110466065041,-3.3563867638763623,5.22936,4.257359999999999,-0.664631042351755,,5.792603308772623,24.787232,59.476257,12.949645595213964,71.66214169787801,70.3339886693939,1.6452597903877821,0.0030168466946024993,2.658947545193812
2026-09-30T17:53:08+03:00,28.23,289.076,-41.78624851442575,15.53256,135.99726225225223,109.63547409828303,0.5026558736682712,4.548959999999999,3.96576,-0.34377467707849396,,6.445775195221762,24.787297,59.476221,12.51337952292226,55.804912943232324,80.1923493090199,2.5565721822032583,0.0029359850718895424,2.6618835302657016
2026-09-30T17:53:10+03:00,28.23,289.073,-51.19994508842517,14.59944,123.99952602221278,110.98192491684047,-1.7543967686905808,4.33512,3.888,-0.045836623610465865,,5.019110285346011,24.787359,59.476195,12.353983255820328,67.07117417671341,56.928351845499364,1.6889079315552313,0.00245456858243368,2.6643380988481353
2026-09-30T17:53:12+03:00,28.23,289.085,-54.51164114428133,14.58,128.99571799575352,111.44029115294512,-0.7479964015432898,4.02408,3.81024,-0.4239887683968092,,6.5202597085887675,24.787419,59.476173,12.674702526167685,69.49332593921743,59.502392056536095,1.409701567077462,0.002259164148527984,2.6665972629966634
2026-09-30T17:53:14+03:00,28.23,289.096,-44.88022060813219,13.7052,121.9999033172062,111.21110803489279,-0.4110399222268526,3.86856,3.73248,-0.03437746770784939,,6.634851267614933,24.787472,59.476151,11.298714023397174,58.86116687451397,63.138736442692235,2.0004848290821706,0.002089646539957726,2.6686869095366212
2026-09-30T17:53:16+03:00,28.23,289.08,-40.2278033116699,13.43304,128.99571799575352,106.70193018721321,0.7302920056737473,3.44088,3.6352800000000003,-0.5042028597151245,,8.743335953696363,24.787528,59.476129,11.032117561506054,51.848493134829965,77.14722486092356,2.125579713723938,0.002161339239681904,2.670848248776303
2026-09-30T17:53:18+03:00,28.2,289.076,-44.05516138314381,14.83272,121.9999033172062,106.62744567384621,0.2796034040238417,2.8188,3.36312,-0.3609634109324186,,6.182214609461583,24.787569,59.476109,12.956052487859479,52.75655327233986,69.24335004486635,1.7059460484454043,0.0017354696152800653,2.672583718391583
2026-09-30T17:53:20+03:00,28.23,289.08,-38.044834112221466,11.81952,128.99571799575352,105.02889342543119,-3.4219331356393288,3.51864,3.47976,0.3380450991271857,,10.886198107485642,24.787618,59.476086,9.304697050711729,51.52154172859801,77.47417626715551,2.189369420262855,0.0020368999321659213,2.674620618323749
2026-09-30T17:53:22+03:00,28.12,289.08,-38.6177919073523,15.20208,123.99952602221278,101.99794668918915,-1.0942347971408461,3.34368,3.14928,-0.7677634454753031,,11.453426324665156,24.787669,59.476068,12.761362291679374,48.029639496148974,75.9698865260638,2.23607290272273,0.0018959722722570902,2.676516590596006
2026-09-30T17:53:24+03:00,28.08,289.08,-41.41955552554202,16.31016,103.99756939419571,101.3390452247887,0.10903386841339567,2.56608,3.36312,-0.6703606203030631,,9.774659984931844,24.787717,59.476056,14.485714432497508,48.149732225794054,55.847837168401654,1.7120532877570218,0.0016332732394146684,2.678149863835421
2026-09-30T17:53:26+03:00,28.08,289.07,-40.79503152884942,16.524,116.99798176571409,102.49069039300166,-0.007104676659622208,3.46032,3.38256,-0.6990085100596044,,9.534017710976897,24.787777,59.476042,14.086961647097663,50.03037333939494,66.96760842631915,2.2228453026172077,0.002015768698946661,2.6801656325343677
2026-09-30T17:53:28+03:00,28.01,289.07,-39.22512717019097,15.765839999999999,118.99760447072069,105.1721328742139,3.228674471341702,3.38256,3.47976,-0.9167324722093171,,11.2758094081746,24.78783,59.476025,13.318375286093461,48.4672667710781,70.53033769964259,2.2427990354481904,0.0019136665725597057,2.6820792991069276
2026-09-30T17:53:30+03:00,27.93,289.07,-31.513115247730088,15.4548,128.99571799575352,104.83981735303804,-2.475464153862722,3.0132,3.53808,-1.2547775713365028,,15.194840726869431,24.78789,59.47601,12.981878775164702,38.48149024564407,90.51422775010946,2.3587607513362903,0.0020415937140876137,2.684120892821015
2026-09-30T17:53:32+03:00,27.93,289.07,-37.11664248410953,16.485120000000002,118.99760447072069,103.50482569038323,0.13951522311435546,3.7908,3.44088,-1.1917522138721122,,15.045871700135418,24.78795,59.47599,13.655268193117168,46.76025106467435,72.23735340604634,2.596897634869987,0.0021909752270497817,2.686311868048065
2026-09-30T17:53:34+03:00,28.01,289.08,-47.636147602711446,17.61264,112.99873635570096,104.9486793341129,0.6990085100596044,3.3242399999999996,3.6935999999999996,-0.7964113352318443,,10.427831871380983,24.788008,59.475975,15.567634711571486,56.71404302772497,56.28469332797599,1.8244025740420426,0.001986997681861468,2.6882988657299265
2026-09-30T17:53:36+03:00,27.93,289.09,-45.80841223624412,15.10488,117.99492832924174,108.58123175524231,1.9253673747576185,3.36312,3.6352800000000003,-0.911002894258009,,11.825848891500192,24.788069,59.47596,12.98642984075146,56.50955336784149,61.485374961400254,1.855762679285029,0.00206903043851637,2.6903678961684427
2026-09-30T17:53:38+03:00,27.93,289.09,-44.691144535739014,15.53256,126.99609529074696,108.60987964499884,-1.6479412103552737,3.8491199999999997,3.46032,-1.1172677005051053,,14.547398418371603,24.788129,59.475936,13.079390457964582,56.63592845435711,70.36016683638985,2.1168509650839806,0.0023315788187430555,2.6926994749871858
2026-09-30T17:53:40+03:00,27.93,289.08,-50.62698729329435,14.91048,118.99760447072069,108.0884880514298,-0.5777706406099221,3.9463199999999996,3.81024,-1.1000789666511805,,14.570316730176838,24.788189,59.475915,12.776606496752814,64.44077308360934,54.556831387111345,1.7026155860005259,0.002224526395256226,2.694924001382442
2026-09-30T17:53:42+03:00,27.93,289.09,-49.0570829346359,15.007679999999999,117.99492832924174,109.51515296130556,4.3477183410117135,3.96576,4.00464,-1.1344564343590302,,13.831201174458073,24.78825,59.475897,12.765347993220967,62.62899313953962,55.36593518970213,1.8232600177249099,0.002153736382145728,2.697077737764588
2026-09-30T17:53:44+03:00,27.9,289.09,-48.472665983602454,15.765839999999999,118.99760447072069,112.86122648486956,2.94683653191685,3.81024,4.276800000000001,-1.3521803965087429,,15.601640761412316,24.788319,59.475877,13.543536574408543,60.63116634310923,58.36643812761146,1.8686551635745312,0.0024253769392211383,2.699503114703809
2026-09-30T17:53:46+03:00,27.78,289.09,-51.05097606169116,15.66864,125.99914872721935,115.41088867320173,3.7261737248537954,3.61584,4.257359999999999,-1.776169164905552,,18.61539876380045,24.788378,59.475854,13.68759611544115,62.906571940247645,63.092576786971705,1.6468082760603653,0.002270585675892484,2.7017737003797015
2026-09-30T17:53:48+03:00,27.78,289.09,-39.5918201590747,15.571439999999999,131.99801684223905,112.69506872428163,-3.90413441602143,4.1212800000000005,4.374,-2.2803720246206765,,22.545889238397894,24.788448,59.475825,12.67078421668459,51.555510591421125,80.44250625081793,2.562431064207944,0.002757774533088962,2.7045314749127907
2026-09-30T17:53:50+03:00,27.71,289.09,-34.78470425792709,16.038,127.99877143222591,105.84249349451697,-3.6483660562750297,4.393439999999999,4.78224,-2.4809072529164644,,24.482486585940077,24.788508,59.4758,12.679853166020324,46.185472063979745,81.81329936824616,3.041693450412969,0.0023692447411133005,2.706900719653904
2026-09-30T17:53:52+03:00,27.67,289.08,-34.20028730689364,16.7184,114.99835906070751,103.65952429506854,-1.7261499493906312,4.257359999999999,4.257359999999999,-1.7417916971977028,,19.520672080107147,24.788571,59.475785,13.41243567622742,44.477865865870115,70.5204931948374,3.0377164740439584,0.0021241613750209365,2.7090248810289252
2026-09-30T17:53:54+03:00,27.63,289.09,-43.041026085762255,14.94936,109.99643750921543,103.58503978170154,-1.7144043145904493,4.31568,4.5684000000000005,-1.4438536437296745,,15.784987255854181,24.788661,59.475771,12.157405437744881,57.062414807806306,52.93402270140912,2.346543588665355,0.0028735742849475133,2.711898455313873
2026-09-30T17:53:56+03:00,27.63,289.09,-38.835515869502004,16.465680000000003,107.99681480420887,100.7145212280961,-0.07156242861183981,4.704479999999999,4.5684000000000005,-1.1344564343590302,,12.12378694496822,24.788757,59.475749,13.136669002565156,51.81317892859454,56.18363587561433,2.9084394717611697,0.0032152899112524768,2.7151137452251253
2026-09-30T17:53:58+03:00,27.56,289.09,-41.24193860905147,16.66008,112.99873635570096,104.90284271050243,6.4803818460476625,5.07384,4.74336,-0.9453803619658584,,9.098569786677473,24.788843,59.475732,13.27326354777969,55.83790348439463,57.160832871306326,2.8491443637700877,0.0028173234728121254,2.717931068697937
2026-09-30T17:54:00+03:00,27.48,289.09,-28.53946429100111,13.977360000000001,113.99568291922859,108.57550217729101,1.1248880391803453,4.52952,4.723920000000001,-0.9797578296737078,,10.57107132016369,24.788917,59.475718,10.22974470728186,40.75231595140471,73.24336696782387,3.431286233031139,0.0024107772450411534,2.7203418459429782
2026-09-30T17:54:02+03:00,27.48,289.09,-38.50320034832613,13.45248,118.99760447072069,108.34631905923867,-1.3194072106272596,4.548959999999999,4.45176,-1.2204001036286536,,12.364429218923165,24.788983,59.475696,10.289967059341482,54.4782577096548,64.51934676106589,2.6429996652461654,0.0024100873601681995,2.7227519333031465
2026-09-30T17:54:05+03:00,27.33,289.08,-34.905025394904555,13.00536,119.9945510342483,104.72522579401188,-1.5571273998270383,4.704479999999999,4.257359999999999,-1.111538122553797,,11.287268564077218,24.789057,59.475676,9.535104060771745,51.30397342550759,68.69057760874071,2.941186947303986,0.002559081470438903,2.7253110147735855
2026-09-30T17:54:07+03:00,27.33,289.08,-43.270209203814574,14.113439999999999,115.99530562423517,105.41850472612018,-0.15567263293704464,4.78224,4.257359999999999,-1.2490479933851946,,13.865578642165923,24.789129,59.475659,11.125219315383472,60.40617834317395,55.589127281061224,2.36170015668618,0.002423988107675251,2.7277350028812606
2026-09-30T17:54:09+03:00,27.33,289.07,-29.547870010431367,15.901919999999999,117.99492832924174,100.35355781716369,-0.9456095450839107,4.7628,4.548959999999999,-2.0569184845196555,,19.469105878545374,24.789201,59.47564,11.990841220503071,40.84406143486092,77.15086689438083,3.6030217180817274,0.0024770658045114103,2.730212068685772
2026-09-30T17:54:11+03:00,27.33,289.08,-33.04864213868069,16.271279999999997,106.99986824068124,98.84667881596963,0.15498508358288768,5.03496,4.74336,-1.8793015680291005,,17.349162036561328,24.789285,59.475626,12.359797892934463,45.884417037209914,61.11545120347132,3.5048763512605796,0.0026989749138127085,2.732911043599585
2026-09-30T17:54:13+03:00,27.18,289.09,-32.34963362862109,17.04888,105.9971920992023,102.42193545758597,1.0296051578500893,4.31568,4.33512,-1.5699043586584558,,14.793770270277856,24.789366,59.475616,13.600479556725217,42.12536065908449,63.8718314401178,3.200849310348274,0.0025448532870344033,2.735455896886619
2026-09-30T17:54:15+03:00,27.18,289.09,-36.5379551110274,15.765839999999999,112.99873635570096,99.15034644738897,-1.670401155924402,5.09328,4.101839999999999,-1.604281826366305,,15.81936472356203,24.789451,59.4756,12.06098551906358,51.099205093905425,61.89953126179553,3.1984466747842006,0.002767447037925705,2.738223343924545
2026-09-30T17:54:17+03:00,27.18,289.08,-36.795786118836276,15.02712,109.99643750921543,99.47693239061354,1.300786082285508,4.87944,4.7628,-1.5183381570966814,,15.939685860539502,24.789525,59.475583,11.497446115719264,51.5217745424568,58.47466296675863,3.036071354206324,0.002479493992001038,2.740702837916546
2026-09-30T17:54:19+03:00,27.07,289.08,-27.479492370009094,13.93848,111.99606021422201,97.68357449185406,-1.4346290232280683,4.80168,4.45176,-1.6558480279280792,,16.907984534310593,24.789609,59.475567,9.928912547587965,40.37365296500815,71.62240724921386,3.658093933358151,0.002738843628518161,2.743441681545064
2026-09-30T17:54:20+03:00,27.03,289.08,-30.710974334546936,14.754959999999999,105.9971920992023,96.72100539603427,2.38081152610711,4.5684000000000005,4.19904,-1.409476176021825,,14.576046308128143,24.78969,59.475553,11.075781789752547,42.87143777928355,63.12575431991874,3.348098815742506,0.0026121145347465504,2.746053796079811
2026-09-30T17:54:22+03:00,27.0,289.09,-28.722810785442977,14.52168,104.99451595772337,97.00748429359967,-0.779566376054998,4.60728,4.58784,-1.4725015334862157,,14.673449133300382,24.789771,59.475544,10.712614111364518,40.65094523266592,64.34357072505745,3.4955081526526866,0.002531335356236308,2.748585131436047
2026-09-30T17:54:24+03:00,26.88,289.1,-26.61432609936155,14.366159999999999,108.99949094568781,93.63849245823044,-3.35466789049097,4.723920000000001,4.374,-1.6844959176846201,,16.79339297528443,24.789855,59.475531,10.361194455569704,38.3996996413552,70.59979130433261,3.702120578956617,0.0026808493899859935,2.7512659808260334
2026-09-30T17:54:26+03:00,26.88,289.09,-23.9386131961006,15.8436,101.99794668918915,89.0834779869404,-0.828955337995275,4.87944,4.33512,-1.7818987428568602,,16.5642098572321,24.789941,59.47552,11.554771518050277,33.804731741870484,68.19321494731867,4.054514676715323,0.0027074759053757557,2.753973456731409
2026-09-30T17:54:28+03:00,26.85,289.09,-16.742263289257462,15.20208,97.99870127917599,85.99523547118525,1.173474860207439,4.52952,4.60728,-1.4209353319244415,,14.031736402753861,24.790029,59.475514,10.942636427403754,23.590533075533983,74.408168203642,4.150982878593655,0.0027106594359647762,2.756684116167374
2026-09-30T17:54:30+03:00,26.73,289.1,-22.35152010358822,14.21064,92.99677972768393,89.0834779869404,1.6350496599648303,4.510079999999999,4.16016,-1.3922874421679003,,11.642502397058328,24.790108,59.475514,10.184863034035603,32.04631420576575,60.950465521918176,3.822831604161506,0.0024117990963101487,2.759095915263684
2026-09-30T17:54:32+03:00,26.66,289.1,-19.291925477589626,13.78296,98.99564784270365,89.24390616957703,0.9040128091574129,4.29624,4.43232,0.45836623610465854,,11.052355868073581,24.790187,59.47551,9.830970639707935,27.59331627277541,71.40233156992824,3.80757542916559,0.002423753818040202,2.761519669081724
2026-09-30T17:54:34+03:00,26.58,289.1,-20.82172279058892,14.34672,96.99602513769707,91.65605848707779,-0.4256503460026886,4.14072,3.96576,-0.7276563998161455,,10.800254438216017,24.790268,59.475507,10.579314682950391,28.819042620006798,68.17698251769028,3.6278774088655292,0.0024794236552001777,2.7639990927369245
2026-09-30T17:54:36+03:00,26.58,289.1,-29.834348907996777,15.824160000000001,94.99640243269049,96.95018851408659,2.75054119130503,3.86856,3.6741599999999996,-1.3750987083139758,,15.773528099951562,24.790341,59.475505,12.615973853742954,38.60916785043517,56.38723458225532,3.0229726154293086,0.00223186495601517,2.76623095769294
2026-09-30T17:54:38+03:00,26.55,289.1,-22.723942670423256,16.05744,109.99643750921543,97.54606462102265,1.4730171955018336,3.81024,3.86856,-1.306343772898277,,19.89882422489349,24.790414,59.475495,12.629026417701951,29.416750681979465,80.57968682723596,3.3189867320049773,0.0023082601569941238,2.7685392178499337
2026-09-30T17:54:40+03:00,26.43,289.09,-18.63302401318918,16.44624,112.99873635570096,96.90435189047614,-1.1070690517517767,4.23792,4.16016,-1.6386592940741544,,26.505027602751884,24.790487,59.475483,12.503982757760875,24.84969464406049,88.14904171164046,3.845545106223419,0.0023424426225698786,2.7708816604725035
2026-09-30T17:54:42+03:00,26.43,289.09,-16.203682961834488,16.50456,108.99949094568781,95.13964188147321,0.49944731001553866,4.7628,4.02408,-2.3663156938903005,,30.6245941497425,24.790565,59.475468,12.004757768026009,22.560053867315474,86.43943707837234,4.398340638154494,0.002546246386931136,2.7734279068594345
2026-09-30T17:54:44+03:00,26.43,289.09,-33.564304154298426,14.81328,108.99949094568781,95.56363064987,0.5207613399944052,4.74336,4.49064,-1.598552248414997,,25.58256555259126,24.790643,59.475453,11.17292915138649,47.13922982315657,61.86026112253124,3.226524283381449,0.002546247375289039,2.7759741542347234
2026-09-30T17:54:46+03:00,26.43,289.08,-28.132664256458227,15.940799999999998,100.9952705477102,97.48303926355827,0.4743517585888085,4.510079999999999,4.74336,-1.403746598070517,,24.488216163891387,24.790725,59.475442,12.151082251354461,38.21194324865397,62.78332729905624,3.543696000610107,0.002589234173363153,2.7785633884080867
2026-09-30T17:54:48+03:00,26.28,289.1,-21.217063669229194,16.34904,108.99949094568781,97.07623922901537,-2.716450202494746,4.97664,4.23792,-2.3548565379876836,,28.745292581713404,24.790812,59.475428,11.847435575241104,29.961118756855683,79.03837218883213,4.311584261154862,0.0027861576225844506,2.781349546030671
2026-09-30T17:54:50+03:00,26.28,289.09,-17.859530989762572,16.56288,105.9971920992023,95.50060529240562,0.6613651829195092,4.87944,4.5684000000000005,-1.8850311459804083,,27.857207999260627,24.79089,59.475416,12.012150731819178,25.015910159504074,80.98128193969822,4.421701673101146,0.0024881199083641265,2.783837665939035
2026-09-30T17:54:52+03:00,26.13,289.08,-24.580325926647127,17.32104,102.99489325271679,95.17974892713237,-0.16272001381715379,4.91832,4.33512,-1.7818987428568602,,23.411055509045436,24.790979,59.475405,13.010286145080416,33.62763362130269,69.3672596314141,4.095260023263304,0.0027963886369320786,2.786634054575967
2026-09-30T17:54:54+03:00,26.13,289.09,-23.337007511213237,17.8848,101.99794668918915,95.38601373337944,0.7816863198969821,4.82112,4.49064,-1.449583221680983,,22.637562485618826,24.791066,59.475394,13.592928669095338,31.41389609112784,70.58405059806131,4.114461493379205,0.0027371004375342043,2.789371155013501
2026-09-30T17:54:56+03:00,26.13,289.07,-21.887424289532255,18.29304,103.99756939419571,93.83329810857492,-1.0642691044555042,4.723920000000001,4.58784,-1.2375888374825783,,22.116170892049777,24.791149,59.475381,14.02066019143442,29.1028613695473,74.89470802464841,4.127515341333046,0.0026516716102790846,2.7920228266237803
2026-09-30T17:54:58+03:00,25.98,289.1,-23.45732864819071,18.040319999999998,100.9952705477102,94.0911291163838,0.7088060883563415,4.91832,4.64616,-1.6902254956359284,,22.23649202902725,24.791234,59.47537,13.669397513467674,31.691904357704516,69.30336619000569,4.184926423643809,0.0026778926829674784,2.7947007193067477
2026-09-30T17:55:00+03:00,25.98,289.1,-18.581457811627406,18.195839999999997,102.99489325271679,92.41236277665048,-1.4070124575027625,4.82112,4.859999999999999,-1.8964903018830246,,26.138334613868157,24.791324,59.47536,13.712366529790133,25.014084242501127,77.98080901021567,4.368917616940515,0.002812609419948087,2.7975133287266956
2026-09-30T17:55:02+03:00,25.83,289.08,-21.182686201521346,18.00144,101.99794668918915,90.22366399925075,0.2629303321855348,4.87944,4.58784,-1.6443888720254627,,24.064227395494573,24.791407,59.475352,13.566747425257889,28.650035742921062,73.34791094626809,4.282023834355044,0.00257915021970877,2.800092478946404
2026-09-30T17:55:04+03:00,25.83,289.08,-20.088336812821474,16.05744,96.99602513769707,92.58997969314103,0.7626068253191257,4.87944,4.84056,-2.3147494923285254,,25.301816232977153,24.791498,59.475346,11.596586380788734,28.397798257918936,68.59822687977814,4.292281611329416,0.002801472696247517,2.8028939516426514
2026-09-30T17:55:06+03:00,25.68,289.08,-20.884748148053315,18.77904,100.9952705477102,91.15758520531398,-0.7914266024142061,5.09328,4.74336,-3.2257523865865347,,26.373247309871793,24.791598,59.475337,14.13747306922301,28.26372442296477,72.73154612474544,4.4860455881726145,0.003100484495922036,2.8059944361385734
2026-09-30T17:55:08+03:00,25.68,289.08,-24.2136329377634,18.701279999999997,98.99564784270365,89.86843016626962,-0.1386557864216592,5.07384,4.89888,-3.019487580339438,,25.427866947905937,24.791694,59.475329,14.226841045427083,32.624563548200626,66.37108429450302,4.273296326735651,0.0029699953821605853,2.808964431520734
2026-09-30T17:55:11+03:00,25.68,289.1,-24.33968365269218,18.72072,91.99983316415629,89.09493714284301,0.449599981839157,5.404319999999999,4.93776,-2.2803720246206765,,18.89041850546324,24.791791,59.475325,13.975384640854154,33.5104676378632,58.489365526293085,4.506040800766114,0.0029710835811481494,2.811935515101882
2026-09-30T17:55:13+03:00,25.53,289.1,-20.145632592334554,17.398799999999998,90.99715702267736,93.49525300944774,1.9065743590773274,5.1127199999999995,4.87944,-1.822005788516018,,14.868254783644863,24.791886,59.475326,12.721331479748876,28.101936274335515,62.89522074834184,4.509986285893689,0.002900903712004466,2.814836418813887
2026-09-30T17:55:15+03:00,25.53,289.1,-21.371762273914516,18.00144,95.99907857416943,94.32031223443613,-1.491409140725533,4.60728,4.33512,-1.8277353664673262,,15.544344981899233,24.791966,59.475322,13.813393960498113,28.35314918742702,67.64592938674241,4.054577777467332,0.002454147739460154,2.8172905665533468
2026-09-30T17:55:17+03:00,25.53,289.1,-24.087582222834616,18.040319999999998,101.99794668918915,94.39479674780313,3.1937813416182346,4.84056,4.60728,-2.320479070279834,,17.807528272665987,24.792051,59.47531,13.763784594630753,32.34005913455778,69.65788755463137,4.0897311872100435,0.00269336787436694,2.8199839344277136
2026-09-30T17:55:19+03:00,25.38,289.1,-22.723942670423256,16.99056,108.99949094568781,93.63849245823044,-2.019103270041021,4.704479999999999,4.5684000000000005,-3.214293230683918,,24.734588015797634,24.792127,59.475296,12.781114451052282,30.898326575248348,78.10116437043946,4.036819747897914,0.0024681138055001467,2.8224520482332136
2026-09-30T17:55:20+03:00,25.38,289.11,-26.29346973408829,17.63208,102.99489325271679,91.33520212180453,-0.19835798867429097,4.957199999999999,4.393439999999999,-3.8903834289382897,,30.02871804280645,24.792213,59.475285,13.369334987074996,35.74701939799422,67.24787385472257,4.023285204304264,0.0027074936159349537,2.8251595418491484
2026-09-30T17:55:22+03:00,25.38,289.1,-25.880940121594094,17.8848,101.99794668918915,89.46735970967805,-0.8597231715938002,4.78224,4.5684000000000005,-4.446152490215188,,33.17425633807466,24.792307,59.475273,13.741679602130612,34.618406808028425,67.37953988116072,3.93556306312138,0.0029590133813198033,2.828118555230468
2026-09-30T17:55:24+03:00,25.38,289.09,-20.02531145535708,18.60408,95.99907857416943,86.39057634982552,-1.7417916971977028,5.2488,4.43232,-3.4721242384927886,,36.46303408212559,24.7924,59.475264,13.790248442845847,27.51435491119392,68.48472366297551,4.6551350986571505,0.0028903042798419914,2.8310088595103102
2026-09-30T17:55:26+03:00,25.38,289.09,-23.337007511213237,18.74016,91.99983316415629,83.35962961358348,-0.5661395973687664,4.97664,4.704479999999999,-1.2719663051904275,,26.046661366647225,24.792495,59.475258,14.307132769692823,31.25723172685241,60.742601437303875,4.254262716574882,0.002922623355884832,2.8339314828661952
2026-09-30T17:55:28+03:00,25.23,289.1,-27.926399450211132,18.954,86.9979116126642,86.70570313714748,-0.22322435698296875,4.58784,4.80168,-1.403746598070517,,20.878582054567197,24.792583,59.475257,15.054536326602934,36.13194657580354,50.86596503686066,3.7054205358767036,0.0026872537368358403,2.836618736603031
2026-09-30T17:55:30+03:00,25.23,289.1,-23.027610301842596,17.37936,94.99640243269049,85.599894592545,0.9102007533448258,5.151599999999999,4.91832,-1.3006141949469687,,23.399596353142822,24.792669,59.475252,12.79790962017246,32.087181539406714,62.90922089328377,4.36464563819883,0.0026426680390588494,2.83926140464209
2026-09-30T17:55:32+03:00,25.2,289.1,-14.93744623459537,17.107200000000002,92.99677972768393,86.23014816718889,-1.6155690949303823,5.07384,4.7628,-2.045459328617039,,26.585241694070202,24.792769,59.475248,12.274690251298312,21.0538597798747,71.94291994780923,4.735126359575019,0.0030623869212499343,2.84232379156334
2026-09-30T17:55:34+03:00,25.08,289.09,-22.792697605838956,17.2044,91.99983316415629,83.67475640090541,1.177084494316763,5.307119999999999,4.7628,-2.6298762796504787,,21.331218712720553,24.792865,59.475246,12.482185346715818,32.273213358209915,59.72661980594637,4.487231303022859,0.0029332814471616344,2.845257073010502
2026-09-30T17:55:36+03:00,25.08,289.1,-22.87291169715727,18.040319999999998,89.9944808811984,87.28439051022961,0.05059217331005169,4.93776,4.7628,-2.0626480624709633,,17.572615576662347,24.792957,59.475251,13.626655333629364,30.969673135332357,59.02480774586604,4.233831908058472,0.002824732966594451,2.8480818059770963
2026-09-30T17:55:38+03:00,24.93,289.1,-19.417976192518406,19.439999999999998,93.99945586916286,86.77445807256318,-0.9831955764444928,4.82112,4.6655999999999995,-2.2058875112536693,,18.288812820575878,24.793048,59.475248,14.979113211876278,25.560576704525914,68.43887916463694,4.349275136931573,0.002784016058972289,2.8508658220360688
2026-09-30T17:55:40+03:00,24.93,289.1,-20.78161574492977,19.78992,94.99640243269049,84.22479588423103,-1.5544917939694363,4.97664,4.548959999999999,-2.194428355351053,,19.3487847415679,24.793141,59.475245,15.239702015335698,27.43512982571565,67.56127260697484,4.416932505146738,0.0028449495292814236,2.8537107715653502
2026-09-30T17:55:42+03:00,24.93,289.09,-14.542105355955101,19.75104,89.9944808811984,79.49216449645041,-1.6602025071710733,4.74336,4.510079999999999,-1.942326925493491,,16.512643655670328,24.793229,59.475243,15.20635535693679,19.034319708924954,70.96016117227344,4.484009170821809,0.0026892707612931727,2.8564000423266434
2026-09-30T17:55:44+03:00,24.93,289.09,-19.303384633492243,17.92368,79.99636735616555,86.14993407587059,4.70753583635387,4.58784,4.33512,-1.4896902673401402,,12.754040519612124,24.793317,59.475247,13.678100928813718,25.66932588866655,54.327041467499,4.135061747486169,0.002697319419454836,2.859097361746098
2026-09-30T17:55:46+03:00,24.78,289.09,-16.23233085159103,17.61264,95.99907857416943,88.83710613503413,0.161459506667866,4.374,4.23792,-1.9079494577856415,,15.532885825996619,24.793399,59.475246,13.468616625389725,21.440795450972445,74.55828312319699,4.0713007511527595,0.0025041277265782673,2.8616014894726765
2026-09-30T17:55:48+03:00,24.78,289.08,-18.6444831690918,18.0792,95.99907857416943,91.39249790131761,1.329835042498641,4.60728,4.393439999999999,-2.423611473403382,,20.007686205968348,24.79348,59.475241,13.792580908330255,24.77485113531671,71.22422743885272,4.183232866122576,0.002491072981177756,2.864092562453854
2026-09-30T17:55:50+03:00,24.78,289.09,-21.371762273914516,19.12896,100.9952705477102,93.64995161413307,-0.42020724694894573,4.510079999999999,4.14072,-3.4835833943954055,,27.31862767183765,24.793563,59.475233,15.019211233884095,27.654226630380748,73.34104391732946,3.9948696745287364,0.0025791589889140164,2.866671721442768
2026-09-30T17:55:52+03:00,24.78,289.1,-20.615457984341827,19.47888,104.99451595772337,90.4012809157413,-1.926398698788854,5.09328,4.548959999999999,-3.970597520256605,,31.15171532126286,24.793649,59.475225,14.820646879603132,27.56533906569618,77.42917689202719,4.5151096323028295,0.0026691963840294133,2.8693409178267975
2026-09-30T17:55:55+03:00,24.78,289.08,-27.238850096054147,20.33424,100.9952705477102,86.48224959704646,0.26986312150661773,5.03496,4.58784,-3.5580679077624127,,28.991664433619654,24.793742,59.475217,16.024201686551617,35.50746098351024,65.48780956419996,4.098658299931316,0.0028796634457880217,2.8722205812725856
2026-09-30T17:55:57+03:00,24.78,289.08,-24.150607580299006,19.167839999999998,96.99602513769707,90.3382555582769,1.227791259185841,4.84056,4.957199999999999,-2.469448097013848,,22.184925827465474,24.793829,59.475213,14.883311880711519,31.79735943762148,65.1986657000756,4.11407412526844,0.0026669153369463577,2.874887496609532
2026-09-30T17:55:59+03:00,24.78,289.08,-24.477193523523578,19.537200000000002,96.99602513769707,90.21220484334813,1.4222531348532426,5.326560000000001,4.91832,-2.1084846860814292,,18.873229771609317,24.793924,59.47521,14.85422166621763,33.02152079649139,63.97450434120569,4.4661391245771025,0.0029058910193900888,2.877793387628922
2026-09-30T17:56:01+03:00,24.63,289.1,-22.947396210524282,18.48744,95.99907857416943,93.08845297490485,2.3300474654585193,5.307119999999999,5.09328,-1.8449241003212509,,17.458024017636184,24.794015,59.475206,13.75681138927849,31.598121259907288,64.40095731426214,4.52030822912738,0.0027885578606897045,2.8805819454896118
2026-09-30T17:56:03+03:00,24.71,289.09,-24.574596348695817,19.36224,104.99451595772337,96.08502224343906,-0.9452084746273192,4.80168,4.91832,-1.902219879834333,,18.92479597317109,24.794108,59.475195,15.127870806980967,32.159899703982035,72.83461625374133,4.064938596175036,0.0029152030435071795,2.883497148533119
2026-09-30T17:56:05+03:00,24.71,289.1,-23.738077967804816,18.42912,104.99451595772337,94.01091502506547,-0.10674203723287237,5.151599999999999,4.97664,-2.125673419935354,,20.700965138076644,24.79419,59.475181,13.869289551138515,32.33749164999054,72.65702430773283,4.352648645624714,0.0026410604310926063,2.8861382089642116
2026-09-30T17:56:07+03:00,24.63,289.1,-25.382466839830276,18.7596,102.99489325271679,93.83329810857492,-0.2609249799025769,5.346,5.28768,-1.970974815250032,,19.652452372987238,24.794277,59.475167,14.11690918562957,34.72467763767989,68.2702156150369,4.3938708386312735,0.002786177184266857,2.8889243861484784
2026-09-30T17:56:09+03:00,24.63,289.1,-29.0837741963754,18.00144,105.9971920992023,95.7756250340684,2.101380009421807,5.52096,5.19048,-2.039729750665731,,19.11960162351557,24.794379,59.475152,13.447132231496745,40.5957098021743,65.401482297028,4.192175534518862,0.0032418997501133928,2.892166285898592
2026-09-30T17:56:11+03:00,24.48,289.09,-27.049774023660973,19.167839999999998,104.99451595772337,95.3573658436229,-1.4384678404554447,5.48208,5.346,-2.068377640422272,,19.86444675718564,24.794475,59.475137,14.501343767048606,36.94917897602244,68.04533698170093,4.3811084038228145,0.0030663743045776727,2.8952326602031695
2026-09-30T17:56:13+03:00,24.6,289.1,-23.354196245067165,18.0792,99.99832398418258,96.51474058978718,2.146586379457629,5.5598399999999994,5.346,-2.4809072529164644,,22.351083588053417,24.794573,59.47513,13.160729433971845,32.99482251747759,67.00350146670499,4.663147783562653,0.0030213265677839028,2.8982539867709534
2026-09-30T17:56:15+03:00,24.63,289.1,-29.29003900262249,18.662399999999998,104.99451595772337,97.6549266020975,0.35311388913912634,5.7348,5.404319999999999,-2.904896021313274,,25.08409227082744,24.794668,59.475117,13.945904023230662,40.89602652476452,64.09848943295884,4.334928861314125,0.003003717105512025,2.9012577038764653
2026-09-30T17:56:17+03:00,24.63,289.09,-29.07804461842409,18.7596,102.99489325271679,96.71527581808296,-0.7107541448597862,5.890319999999999,5.598719999999999,-2.6012283898939375,,23.743371030221315,24.794779,59.475104,13.909476868949982,40.954918740300315,62.03997451241648,4.448520129682182,0.0034776938228435377,2.9047353976993087
2026-09-30T17:56:19+03:00,24.48,289.1,-34.09142532581879,19.537200000000002,101.99794668918915,99.51703943627268,2.0931294171719235,6.24024,5.81256,-2.435070629305999,,21.434351115844095,24.794883,59.475088,14.788960832471657,47.7721195948825,54.22582709430665,4.19394667019641,0.0033175225342665744,2.908052920233575
2026-09-30T17:56:21+03:00,24.71,289.1,-26.21325564276997,20.625839999999997,108.99949094568781,98.35966469010842,-2.172827846474621,6.10416,5.773680000000001,-2.440800207257307,,21.445810271746716,24.794983,59.475072,15.387526232027428,36.30504597711689,72.69444496857092,4.919196905853821,0.0032008455875771617,2.9112537658211526
2026-09-30T17:56:23+03:00,24.9,289.1,-29.6452728356036,19.90656,106.99986824068124,97.2252082557494,1.5035558459823064,6.27912,5.81256,-2.5611213442347798,,20.849934164810655,24.795095,59.475052,14.779374090764978,41.776208724683755,65.22365951599748,4.682670717121706,0.0036244755840623014,2.914878241405215
2026-09-30T17:56:25+03:00,24.56,289.09,-25.330900638268503,19.984319999999997,102.99489325271679,99.9410282046695,-1.353039833201439,6.0652800000000004,5.65704,-2.589769233991321,,21.818232838581753,24.7952,59.475037,14.73254844024839,35.47594997844416,67.51894327427263,4.9393165557879835,0.0033299826282889903,2.9182082240335037
2026-09-30T17:56:27+03:00,24.48,289.09,-27.35344165508031,20.450879999999998,110.99911365069438,96.97310682589182,-1.254147317761859,6.10416,5.890319999999999,-3.242941120440459,,25.50235146127294,24.795303,59.475019,15.288698904380519,37.92428243382568,73.0748312168687,4.815105922381942,0.0033254685605831596,2.9215336925940867
2026-09-30T17:56:29+03:00,24.63,289.09,-18.81064092967974,20.314799999999998,103.99756939419571,94.73284184693033,-1.9355660235109469,6.045839999999999,6.35688,-3.787251025814742,,29.10625599264582,24.795415,59.475004,14.72151501286776,26.420124583451667,77.57744481074404,5.41438545288875,0.003536183555533024,2.9250698761496197
2026-09-30T17:56:31+03:00,24.48,289.09,-15.75104630368114,18.42912,105.9971920992023,89.19806954596656,-2.285815123674419,6.27912,5.754239999999999,-4.2169693721628585,,32.005422436007784,24.795523,59.474992,12.50251600280645,23.58680971333729,82.410382385865,5.754530110870047,0.003375166295051515,2.9284450424446713
2026-09-30T17:56:33+03:00,24.48,289.09,-18.89085502099805,17.94312,96.99602513769707,86.25306647899414,-0.7334432735469668,6.0652800000000004,5.3654399999999995,-1.403746598070517,,23.313652683873194,24.795638,59.474985,12.361508743445073,28.031515699179636,68.96450943851744,5.353757303772404,0.003536023552761245,2.9319810659974324
2026-09-30T17:56:35+03:00,24.48,289.08,-25.886669699545404,19.984319999999997,89.9944808811984,86.15566365382189,-1.0199221711123785,6.0264,5.90976,-0.6359831525952138,,11.356023499492915,24.79575,59.474985,14.798387617811624,36.12802721048416,53.866453670714236,4.867532752081792,0.003419313019878625,2.935400379017311
2026-09-30T17:56:37+03:00,24.37,289.08,-23.932883618149294,17.90424,90.99715702267736,91.13466689350874,4.910935853625312,5.90976,5.832,-1.2375888374825783,,18.374756489845502,24.795862,59.474986,12.730370205518135,34.78767219326835,56.20948482940901,4.853520327982741,0.003419841241749513,2.9388202202590605
2026-09-30T17:56:39+03:00,24.26,289.09,-11.826285407035,17.18496,102.99489325271679,91.74773173429872,-2.154206718132869,5.96808,5.346,-1.793357898759477,,21.13068348442476,24.795971,59.474981,11.409313495927092,17.980472606951537,85.01442064576526,5.676609592378042,0.003341268216539056,2.9421614884755996
2026-09-30T17:56:41+03:00,24.18,289.09,-31.312580019434296,17.029439999999997,92.99677972768393,88.54489765951743,0.001031324031235482,5.90976,5.38488,-0.48701412586119974,,17.165815542119464,24.796079,59.474975,12.3678917109847,45.69140390027357,47.30537582741036,4.128101234532316,0.0033168604329842084,2.945478348908584
2026-09-30T17:56:43+03:00,24.18,289.09,-22.191091920951592,16.757279999999998,92.99677972768393,90.23512315515335,0.7822592776921129,6.0652800000000004,5.346,-1.0771606548459478,,16.197516868348373,24.796189,59.474972,11.37433936033293,33.810162999157455,59.186616728526474,5.039554914098561,0.003363092787311054,2.948841441695895
2026-09-30T17:56:45+03:00,24.15,289.08,-21.251441136937043,17.982,96.99602513769707,89.86843016626962,-2.223649202902725,5.50152,5.1127199999999995,-1.7360621192463943,,20.179573544507594,24.796289,59.474967,13.008338904303463,30.069258362716937,66.92676677498014,4.761127517957204,0.003067716556175532,2.9519091582520702
2026-09-30T17:56:47+03:00,24.03,289.09,-23.98444981971107,18.60408,95.99907857416943,89.00899347357338,1.4937582676855692,5.7348,5.443199999999999,-2.543932610380855,,20.070711563432738,24.796389,59.474961,13.566230405134426,33.87888309602431,62.12019547814512,4.761132987698441,0.003074187732752163,2.9549833459848225
2026-09-30T17:56:49+03:00,24.03,289.09,-21.887424289532255,17.6904,96.99602513769707,89.77102734109738,-1.829626127191258,5.65704,5.09328,-3.030946736242055,,23.82358512153963,24.796488,59.474954,12.618596948118336,31.50799626996681,65.48802886773026,4.8230069539343345,0.003051577081851661,2.9580349230666743
2026-09-30T17:56:51+03:00,24.03,289.09,-24.60324423845236,18.50688,96.99602513769707,88.79126951142368,0.695284284391254,5.42376,5.151599999999999,-3.1111608275603704,,24.68875139218717,24.796592,59.474945,13.762047548813962,34.04707863887987,62.94894649881721,4.494007218847449,0.003220835158894664,2.961255758225569
2026-09-30T17:56:53+03:00,24.0,289.09,-27.576895195181333,18.5652,94.99640243269049,86.68851440329355,0.6498487312373797,5.7348,5.151599999999999,-2.7100903709687945,,22.04168637868277,24.796687,59.474939,13.740840074749073,38.71704010705648,56.27936232563401,4.474545710860241,0.0029226505326408973,2.96417840875821
2026-09-30T17:56:55+03:00,23.85,289.08,-24.442816055815726,18.176399999999997,91.99983316415629,88.86575402479069,-0.21285382089110083,5.42376,5.2488,-2.177239621497128,,17.99087476710785,24.79679,59.474938,13.42762619180924,34.06428745573177,57.93554570842451,4.493094965253133,0.003145125546760332,2.9673235343049704
2026-09-30T17:56:57+03:00,23.96,289.09,-25.267875280804112,19.323359999999997,94.99640243269049,88.7454328878132,0.14043195558656477,5.6181600000000005,5.443199999999999,-1.9938931270552647,,15.81936472356203,24.796891,59.474933,14.443214354169042,34.8253912069697,60.17101122572079,4.611926256743212,0.003098103821680942,2.9704216381266515
2026-09-30T17:56:59+03:00,23.88,289.09,-20.46648895760781,18.72072,94.99640243269049,89.95437383553926,0.6890963402038411,5.404319999999999,5.307119999999999,-2.1715100435458203,,17.051223983093298,24.796991,59.47493,13.7876464350445,28.343980925287724,66.65242150740276,4.756413252113589,0.0030582836418697277,2.9734799217685213
2026-09-30T17:57:01+03:00,23.73,289.09,-19.332032523248785,18.62352,97.99870127917599,87.77713421404212,-1.6261115183607895,5.69592,5.0544,-2.7444678386766435,,21.388514492233632,24.797101,59.474921,13.382266248017743,27.432079738370305,70.56662154080568,5.055456979538406,0.0034015520942505687,2.976881473862772
2026-09-30T17:57:03+03:00,23.73,289.08,-20.58108051663398,18.954,95.99907857416943,85.85199602240255,-1.417039218917552,5.443199999999999,4.87944,-2.9163551772158907,,22.729235732839758,24.7972,59.474916,13.989684862048806,28.44244666234519,67.55663191182424,4.786183839774879,0.0030373398354727023,2.9799188136982444
2026-09-30T17:57:05+03:00,23.73,289.08,-21.03371717478733,18.876240000000003,90.99715702267736,85.94939884757478,1.3236470983112278,5.326560000000001,4.91832,-2.6757129032609446,,20.83274543095673,24.797295,59.474917,14.035406560103452,28.862441867673084,62.13471515500427,4.6649007720528735,0.0029009388169186625,2.982819752515163
2026-09-30T17:57:07+03:00,23.73,289.09,-17.934015503129576,18.02088,94.99640243269049,87.30157924408354,-0.2288393433752508,5.07384,4.704479999999999,-3.030946736242055,,23.525647068071603,24.797391,59.474914,13.285751069991163,24.687367464969384,70.3090349677211,4.610092477636273,0.002936387799964106,2.9857561403151274
2026-09-30T17:57:09+03:00,23.73,289.08,-21.085283376349103,18.0792,94.99640243269049,85.72594530747376,-0.02068377640422272,5.28768,4.78224,-3.179915762976069,,25.08409227082744,24.797486,59.474909,13.282477023286791,29.31934510360466,65.67705732908583,4.610349288342003,0.0029158461912474846,2.988671986506375
2026-09-30T17:57:11+03:00,23.73,289.08,-22.173903187097668,18.254160000000002,89.9944808811984,85.97804673733134,1.3753278914320282,4.996079999999999,4.859999999999999,-2.870518553605424,,23.319382261824504,24.797585,59.474908,13.757412756280532,30.05176369259283,59.94271718860557,4.324473587455961,0.0030230329444752655,2.9916950194508503
2026-09-30T17:57:13+03:00,23.58,289.09,-23.01042156798867,17.3016,91.99983316415629,87.77713421404212,-0.23548565379876835,4.957199999999999,4.87944,-2.595498811942629,,21.079117282862985,24.797675,59.474906,12.885363931133027,31.6596459395507,60.340187224605586,4.219474423206862,0.002750297155101622,2.994445316605952
2026-09-30T17:57:15+03:00,23.58,289.08,-17.21208868126474,18.156959999999998,95.99907857416943,87.8344299935552,0.17801798694714677,4.74336,4.84056,-2.647065013504403,,21.45153984969802,24.797765,59.474904,13.698128242071299,23.093336230511483,72.90574234365795,4.363260910663419,0.002750297317512006,2.997195613923464
2026-09-30T17:57:17+03:00,23.58,289.08,-27.611272662889178,17.009999999999998,93.99945586916286,89.41006393016497,0.7587680080917492,4.93776,4.723920000000001,-2.469448097013848,,21.016091925398598,24.797861,59.4749,12.84017567644173,37.87795647428203,56.12149939488083,3.8974745090189704,0.0029406922212201984,3.000136306144684
2026-09-30T17:57:19+03:00,23.58,289.09,-20.489407269413046,16.83504,97.99870127917599,88.64230048468967,0.1494273929701187,5.26824,4.859999999999999,-2.647065013504403,,21.554672252821568,24.797956,59.474893,12.04211767224715,29.29802919922429,68.7006720799517,4.594358902785265,0.0029306785874289774,3.003066984732113
2026-09-30T17:57:20+03:00,23.51,289.09,-18.724697260410114,17.94312,96.99602513769707,89.0777484089891,-0.423186627483626,5.20992,4.91832,-3.151267873219528,,24.648644346528016,24.798057,59.474885,13.116022185225578,26.050738577759375,70.9452865599377,4.6806207412098395,0.0031207656158784665,3.0061877503479915
2026-09-30T17:57:23+03:00,23.43,289.08,-20.013852299454463,18.545759999999998,97.99870127917599,86.7114327150988,-1.1315916453833759,5.50152,4.74336,-3.6210932652268033,,28.080661539361643,24.798144,59.474876,13.50834499374136,28.026197595769418,69.97250368340657,4.856372385294099,0.0027106121188649537,3.0088983624668564
2026-09-30T17:57:25+03:00,23.43,289.08,-22.95312578847559,18.895680000000002,92.99677972768393,85.20455371390472,-0.5401846092493402,5.0544,4.84056,-3.277318588148309,,26.06957967845246,24.798242,59.474871,14.377225401188133,30.83314305225369,62.16363667543024,4.340029094053078,0.0030069654983759762,3.0119053279652324
2026-09-30T17:57:27+03:00,23.43,289.08,-21.62386370377208,19.07064,90.99715702267736,85.61708332639891,0.6352956032410568,5.20992,4.78224,-2.870518553605424,,22.91258222728162,24.798335,59.474872,14.35633549329798,29.309229700920667,61.68792732175669,4.543000366213482,0.002839896703621256,3.0147452246688538
2026-09-30T17:57:29+03:00,23.28,289.07,-18.93096206665721,18.62352,92.99677972768393,86.33901014826374,-0.5206467484353791,5.26824,4.60728,-2.6298762796504787,,21.251004621402235,24.798432,59.474873,13.746903353738864,26.073092413511546,66.92368731417238,4.732112728514154,0.002961989119629158,3.017707213788483
2026-09-30T17:57:31+03:00,23.28,289.08,-15.45883782816442,19.77048,91.99983316415629,86.67705524739092,1.8802755962808224,5.346,4.93776,-2.4751776749651566,,19.537860813961075,24.798537,59.474871,14.68717482157291,21.026453144393884,70.9733800197624,4.990035897702245,0.0032078700159135953,3.0209150838043968
2026-09-30T17:57:33+03:00,23.28,289.07,-19.916449474282224,19.09008,93.99945586916286,89.56476253485027,1.0905105714724959,5.28768,4.996079999999999,-2.440800207257307,,19.96757916030919,24.798635,59.474868,14.233091087229248,27.186918680677735,66.81253718848512,4.70350087363559,0.002997338257071597,3.023912422061468
2026-09-30T17:57:35+03:00,23.13,289.08,-19.601322686960273,18.3708,98.99564784270365,90.42992880549782,-0.7913693066346931,5.26824,4.859999999999999,-2.492366408819081,,21.027551081301212,24.798728,59.474864,13.523836129655562,27.110463668478303,71.88518417422534,4.689416341066436,0.0028494227442106635,3.026761844805679
2026-09-30T17:57:37+03:00,23.13,289.08,-18.81064092967974,18.50688,98.99564784270365,88.32717369736771,1.3561338052951455,5.443199999999999,5.151599999999999,-2.4809072529164644,,20.781179229394958,24.798821,59.474857,13.469244460521885,26.297874154420924,72.69777368828272,4.879844416752351,0.0028702681999041376,3.029632113005583
2026-09-30T17:57:39+03:00,23.13,289.08,-22.345790525636918,18.215279999999996,92.99677972768393,90.8367288400407,1.2315154848541914,5.28768,5.151599999999999,-2.1084846860814292,,16.730367617820036,24.798919,59.474853,13.475474150407234,30.92554691469101,62.07123281299292,4.535961434574527,0.0030015554091281267,3.0326336684147113
2026-09-30T17:57:41+03:00,23.13,289.08,-25.53143586656429,17.92368,98.99564784270365,94.38906716985181,2.6546853521796434,5.326560000000001,5.1710400000000005,-2.045459328617039,,16.455347876157244,24.799016,59.474848,13.316652315567561,35.45878067656821,63.53686716613544,4.338659284511186,0.002976592257869683,3.035610260672581
2026-09-30T17:57:43+03:00,23.13,289.08,-25.462680931148597,17.63208,104.99451595772337,95.38601373337944,-1.2719663051904275,5.326560000000001,5.09328,-2.5611213442347798,,20.173843966556287,24.799113,59.474837,13.02579143460896,35.58824209790188,69.40627385982148,4.331666208589785,0.003034295244026807,3.038644555916608
2026-09-30T17:57:45+03:00,22.98,289.08,-21.343114384157975,18.3708,104.99451595772337,92.69311209626458,-1.2009768343737186,5.69592,4.859999999999999,-3.3919101471744737,,25.92634022966975,24.799213,59.474823,13.22895733240525,30.358803785892377,74.63571217183099,4.914880009948537,0.0031668239874838634,3.041811379904092
2026-09-30T17:57:47+03:00,23.13,289.08,-23.45732864819071,19.342799999999997,99.99832398418258,91.9368078066919,0.5262617348276611,5.307119999999999,5.01552,-3.575256641616337,,27.49624458832821,24.79931,59.474814,14.627635412969449,31.761263363368784,68.23706062081379,4.512372220249488,0.0030103891086705322,3.044821769012762
2026-09-30T17:57:49+03:00,23.02,289.09,-25.30798232646327,19.7316,98.99564784270365,92.32068952942954,0.352827410241561,5.326560000000001,5.13216,-3.4434763487362474,,26.831613545976452,24.799401,59.47481,15.08906359243099,33.987370280294556,65.00827756240909,4.416574832941647,0.002788590304722303,3.0476103593174844
2026-09-30T17:57:51+03:00,22.98,289.08,-21.411869319573675,19.71216,98.99564784270365,92.12588387908508,0.613122136569494,5.57928,5.07384,-3.134079139365603,,24.493945741842694,24.799502,59.474804,14.660144730163552,29.398166726174793,69.59748111652885,4.860833424946273,0.0031045228188206595,3.050714882136305
2026-09-30T17:57:53+03:00,22.98,289.08,-23.732348389853506,18.662399999999998,96.99602513769707,94.22290940926388,-0.03787251025814742,5.46264,5.1127199999999995,-2.5725805001373967,,21.199438419840458,24.799599,59.474795,13.837473821324751,32.8743333629769,64.12169177472018,4.587869790180982,0.003010390747234906,3.05372527288354
2026-09-30T17:57:55+03:00,22.83,289.08,-22.552055331884013,18.876240000000003,100.9952705477102,94.14842489589688,-0.6854294103150038,5.6376,5.13216,-2.2861016025719847,,19.234193182541738,24.799693,59.474784,13.83967647793358,31.540088270592207,69.455182277118,4.804782032866907,0.0029449789956600726,3.0566702518791997
2026-09-30T17:57:57+03:00,22.72,289.08,-23.1020948152096,19.75104,100.9952705477102,92.68738251831327,-0.35907265020848694,5.6181600000000005,5.38488,-2.3262086482311424,,19.125331201466878,24.799798,59.474774,14.74908187155055,31.69774403811752,69.29752650959269,4.780109177991679,0.0032614917784641105,3.0599317436576636
2026-09-30T17:57:59+03:00,22.83,289.08,-22.07650036192543,18.97344,97.99870127917599,93.71297697159746,0.29341168688649455,5.443199999999999,4.996079999999999,-2.2402649789615188,,18.92479597317109,24.799899,59.474766,14.078751006911897,30.431780511167744,67.56692076800825,4.693305862647119,0.003120776347520831,3.0630525200051846
2026-09-30T17:58:01+03:00,22.68,289.07,-21.87596513362964,19.20672,99.99832398418258,93.90778262194192,0.9618242506861129,5.3654399999999995,5.26824,-2.223076245107594,,18.947714284976325,24.799996,59.474759,14.367397479658027,29.874353567746113,70.12397041643646,4.652479219552371,0.0029911298296533763,3.066043649834838
2026-09-30T17:58:03+03:00,22.68,289.08,-21.967638380850573,18.42912,99.99832398418258,93.40930934017811,-1.3735517222671227,5.38488,5.26824,-2.3147494923285254,,19.423269254934908,24.800086,59.474752,13.585380985878574,30.49469232091934,69.50363166326323,4.640022792131349,0.0027797093992623445,3.0688233592341003
2026-09-30T17:58:05+03:00,22.68,289.08,-25.949695057009794,18.254160000000002,100.9952705477102,93.78173190701315,1.228421512760485,5.28768,5.1710400000000005,-2.423611473403382,,19.646722795035927,24.800185,59.474742,13.69644496351599,35.6755300380421,65.31974050966811,4.295355225315808,0.003081638580711762,3.071904997814812
2026-09-30T17:58:07+03:00,22.53,289.08,-20.5237847371209,18.273600000000002,103.99756939419571,93.55254878896082,-0.13315539158840334,5.404319999999999,5.151599999999999,-2.515284720624314,,20.282705947631143,24.800279,59.47473,13.347477243144757,28.68474318117279,75.31282621302292,4.7410694633825,0.0029590581157812657,3.0748640559305933
2026-09-30T17:58:09+03:00,22.53,289.08,-23.491706115898563,18.00144,97.99870127917599,94.98494327678787,0.9646317438822539,5.3654399999999995,5.0544,-2.4064227395494577,,19.709748152500318,24.800376,59.474721,13.254394004032031,32.77765074227594,65.22105053690005,4.511143068083745,0.0030103971282651157,3.0778744530588584
2026-09-30T17:58:11+03:00,22.53,289.07,-25.56581333427214,18.29304,99.99832398418258,96.23972084812438,0.4026747384179426,5.20992,5.22936,-2.5095551426730056,,20.185303122458905,24.800472,59.474713,13.777905278745129,34.95754633898849,65.04077764519408,4.269929636787413,0.002970048117351294,3.08084450117621
2026-09-30T17:58:13+03:00,22.53,289.07,-25.101717520216173,17.515439999999998,103.99756939419571,96.84132653301174,-0.6729962261606649,5.42376,4.87944,-3.197104496829994,,25.04398522516828,24.80057,59.4747,12.812220071929502,35.44739910753418,68.55017028666153,4.418456834522508,0.0030922795828576444,3.0839367807590676
2026-09-30T17:58:15+03:00,22.53,289.07,-24.746483687235063,18.48744,107.99681480420887,94.73284184693033,-2.1606811412178475,5.5404,5.07384,-3.85600596123044,,29.576081384653094,24.800674,59.474688,13.654228984847029,34.52584905530318,73.47096574890568,4.564572505752503,0.0032560016387717604,3.0871927823978393
2026-09-30T17:58:17+03:00,22.5,289.07,-22.511948286224854,19.40112,103.99756939419571,88.69959626420275,-2.351533382775925,5.65704,4.91832,-4.108107391088002,,31.850723831322462,24.800774,59.474678,14.339670245135125,31.19947877243885,72.79809062175686,4.838856493253992,0.003111593365473385,3.0903043757633126
2026-09-30T17:58:19+03:00,22.38,289.07,-26.96955993234266,20.13984,94.99640243269049,84.96391143994978,-1.8886407800897327,5.5404,4.859999999999999,-3.718496090399043,,29.381275734308616,24.800877,59.474671,15.408226295456352,36.35487023157603,58.64153220111446,4.462021872503104,0.0031725999196195597,3.093476975682932
2026-09-30T17:58:21+03:00,22.38,289.08,-23.967261085857146,18.3708,90.99715702267736,83.28514510021647,0.3112306743150632,5.48208,4.93776,-1.386557864216592,,20.83274543095673,24.800978,59.474667,13.545701489323035,33.429588400739334,57.56756862193802,4.575143737422864,0.0030928758233456193,3.0965698515062776
2026-09-30T17:58:22+03:00,22.23,289.08,-23.967261085857146,17.61264,85.99523547118525,86.60257073402393,2.25590672676859,5.20992,5.20992,-1.2433184154338865,,19.663911528889855,24.80107,59.474669,13.02501644117084,33.318316543225166,52.67691892796009,4.3535748527713425,0.0028113192192704144,3.099381170725548
2026-09-30T17:58:24+03:00,22.23,289.08,-23.738077967804816,17.32104,92.99677972768393,90.98569786677474,2.0295883976919153,5.38488,5.07384,-2.1199438419840457,,27.00923046246701,24.801171,59.474668,12.579919501748082,33.6605609776621,59.33621875002183,4.482028656108188,0.003084102312802179,3.10246527303835
2026-09-30T17:58:26+03:00,22.23,289.07,-19.423705770469716,17.61264,99.99832398418258,91.62168101936993,-0.19239922760493045,5.50152,4.93776,-2.457988941111232,,31.925208344689473,24.801268,59.47466,12.558220569567732,27.800624152881483,72.1976998313011,4.866511975489738,0.003000183804391718,3.105465456842742
2026-09-30T17:58:28+03:00,22.23,289.07,-27.9722360738216,17.534879999999998,98.99564784270365,91.51281903829508,0.3906426247201953,5.6376,5.01552,-1.9652452372987235,,28.584864399076775,24.801369,59.474651,12.83131565694109,39.86497821921395,59.130669623489695,4.327179859622099,0.00313061166550853,3.1085960685082505
2026-09-30T17:58:30+03:00,22.23,289.08,-24.013097709467612,17.94312,95.99907857416943,92.67592336241066,1.3085783082992872,5.443199999999999,5.09328,-1.7818987428568602,,27.725427706380536,24.801469,59.474646,13.158793628350798,33.70412442600741,62.29495414816202,4.528275262411366,0.0030677454245464993,3.1116638139327972
2026-09-30T17:58:32+03:00,22.23,289.07,-30.39011796927367,19.03176,96.99602513769707,91.34666127770714,-0.8879699908937498,5.67648,5.26824,-1.5870930925123803,,23.749100608172622,24.801568,59.474638,14.423969001645654,41.873778841335906,55.12224629636117,4.226804069422694,0.0030604717568068936,3.1147242856896042
2026-09-30T17:58:34+03:00,22.08,289.08,-27.851914936844125,19.12896,101.99794668918915,90.56743867632923,-1.2216606107779413,5.50152,5.01552,-2.2517241348641353,,26.96912341680785,24.801669,59.474632,14.494452692894745,38.065962648341014,63.931984040848135,4.331354628042873,0.003104538411277072,3.117828824100881
2026-09-30T17:58:36+03:00,22.08,289.08,-20.529514315072205,19.167839999999998,95.99907857416943,88.41884694458865,-0.8100477307559578,5.7348,5.38488,-2.3777748497929165,,30.16622791363784,24.801772,59.474626,13.94305237491099,28.82274534395765,67.17633323021178,5.0243463887505975,0.0031651933110837453,3.120994017411965
2026-09-30T17:58:38+03:00,22.08,289.08,-23.9386131961006,19.0512,95.99907857416943,88.35009200917294,-0.5421899615322979,5.5598399999999994,5.03496,-2.223076245107594,,26.917557215246074,24.801875,59.474622,14.150597162588616,33.1120891075401,62.88698946662933,4.6569412952049944,0.0031537585310538775,3.1241477759430185
2026-09-30T17:58:40+03:00,22.08,289.08,-25.749159828714003,19.45944,91.99983316415629,86.75726933870925,0.7360215836250555,5.754239999999999,5.28768,-1.449583221680983,,23.62877947119515,24.801985,59.474617,14.49377688106917,35.68096050483939,56.318872659316895,4.674039071028883,0.0033717112047068356,3.127519487147725
2026-09-30T17:58:42+03:00,21.97,289.08,-20.901936881907243,18.662399999999998,93.99945586916286,88.84283571298545,0.39236149810558774,5.443199999999999,5.6376,-1.3464508185574346,,21.13068348442476,24.802093,59.474614,13.71558003601549,29.04171225506198,64.95774361410088,4.758807555089603,0.0033021579494646736,3.13082164509719
2026-09-30T17:58:44+03:00,21.93,289.07,-22.311413057929066,17.61264,92.99677972768393,88.35009200917294,-0.1786482405217907,5.98752,5.65704,-0.7734930234266114,,15.905308392831653,24.802197,59.474612,12.2855009613456,32.97390795415228,60.02287177353165,5.023041328811159,0.003177386308630368,3.1339990314058204
2026-09-30T17:58:46+03:00,21.93,289.08,-23.995908975613688,16.69896,90.99715702267736,91.52427819419769,3.2354353733242456,6.006959999999999,5.65704,-0.3609634109324186,,10.485127650894064,24.802307,59.474611,11.474212206757606,36.28825856331551,54.70889845936185,4.841907613006119,0.0033588288565566953,3.137357860262377
2026-09-30T17:58:48+03:00,21.93,289.07,-16.75372244516008,16.34904,95.99907857416943,96.01626730802336,1.094635867597438,5.5404,5.46264,-1.2547775713365028,,11.745634800181875,24.802411,59.474608,11.158695357265826,24.98233067328391,71.01674790088552,5.022029506897314,0.0031802280627084515,3.1405380883250853
2026-09-30T17:58:50+03:00,21.78,289.08,-19.51537901769065,16.524,100.9952705477102,96.54911805749502,-0.5380646654073561,5.28768,5.20992,-1.8105466326134017,,16.449618298205937,24.802511,59.474599,11.674493213949258,28.21790244674338,72.77736810096683,4.659269675409383,0.0031005501649008916,3.1436386384899864
2026-09-30T17:58:52+03:00,21.78,289.08,-20.833181946491546,17.573759999999996,101.99794668918915,95.40320246723338,0.09413696573999426,5.42376,5.38488,-2.148591731740587,,19.388891787227056,24.802611,59.474589,12.652510704497175,29.60246335503257,72.39548333415658,4.715816633538535,0.003111601256590197,3.1467502397465767
2026-09-30T17:58:54+03:00,21.78,289.07,-26.264821844331745,17.82648,97.99870127917599,96.82986737710912,1.635622617759961,5.28768,5.26824,-1.1000789666511805,,20.80409754120019,24.802707,59.47458,13.292282743584995,36.403719659331216,61.59498161984477,4.255817117913579,0.0029803813745425066,3.1497306211211193
2026-09-30T17:58:56+03:00,21.78,289.08,-23.337007511213237,19.187279999999998,102.99489325271679,97.98724212327339,-0.21050469393106447,5.48208,5.443199999999999,-1.478231111437524,,24.694480970138482,24.802803,59.474569,14.319319999631531,32.06012829316194,70.93476495955485,4.646016271148916,0.003004529202130432,3.1527351503232497
2026-09-30T17:58:58+03:00,21.71,289.08,-22.735401826325873,19.09008,104.99451595772337,97.24812656755464,-0.9430885307853349,5.7348,4.87944,-2.131402997886662,,26.81442481212253,24.802905,59.474554,13.97771327992498,31.85895875400834,73.13555720371502,4.870852338421256,0.0032419526966431735,3.1559771030198926
2026-09-30T17:59:00+03:00,21.63,289.08,-24.270928717276483,19.07064,102.99489325271679,95.51779402625955,-0.9048722458501092,5.7348,5.01552,-2.165780465594512,,28.64788975654116,24.803006,59.474538,14.04200754799145,33.93521142750603,69.05968182521076,4.757987863739062,0.0032300240104587295,3.1592071270303514
2026-09-30T17:59:02+03:00,21.63,289.07,-24.637621706160207,18.254160000000002,101.99794668918915,95.9761602623642,1.2554078249111467,5.67648,5.346,-1.6615776058793876,,26.699833253096365,24.803106,59.474526,13.306559152020833,34.88141606689442,67.11653062229473,4.65662889380949,0.0031370473132453637,3.162344174343597
2026-09-30T17:59:04+03:00,21.52,289.08,-23.136472282917453,18.681839999999998,104.99451595772337,98.02734916893255,0.5325642705741002,5.598719999999999,5.38488,-2.566850922186088,,29.163551772158904,24.803201,59.474514,13.711045017612841,32.369176718053694,72.62533923966967,4.728768832194043,0.0029886942874475116,3.1653328686310442
2026-09-30T17:59:06+03:00,21.48,289.07,-25.714782361006158,18.662399999999998,104.99451595772337,97.52887588716874,-1.3273713239795784,5.87088,5.28768,-2.131402997886662,,28.349951703073135,24.803295,59.474501,13.613392037738642,36.49948612201075,68.49502983571261,4.719378486134396,0.002974299880400226,3.1683071685114443
2026-09-30T17:59:08+03:00,21.33,289.07,-25.97261336881503,17.72928,103.99756939419571,95.38028415542814,-1.0781346830976701,5.87088,5.46264,-2.1027551081301215,,27.897315044919782,24.803403,59.474487,12.71402352887945,37.63975368746674,66.35781570672897,4.648950931331119,0.0034029317721894553,3.171710100283634
2026-09-30T17:59:10+03:00,21.33,289.08,-26.877886685121723,18.254160000000002,102.99489325271679,95.61519685143179,1.1404724912079036,5.832,5.48208,-1.6386592940741544,,22.843827291865924,24.803507,59.474474,13.315817211349206,38.2981784522411,64.69671480047569,4.576930704472546,0.0032698620050964637,3.1749799622887305
2026-09-30T17:59:12+03:00,21.18,289.08,-26.356495091552677,18.60408,101.99794668918915,93.04261635129437,-3.3378802270936374,5.890319999999999,5.6181600000000005,-1.2375888374825783,,21.70937085750689,24.803607,59.474465,13.58022082410229,37.4588417894399,64.53910489974925,4.675679687300421,0.003100562088425769,3.1780805243771564
2026-09-30T17:59:14+03:00,21.03,289.07,-24.362601964497415,18.390240000000002,98.99564784270365,92.29777121762432,-0.2777699390794231,5.90976,5.69592,-1.0427831871380984,,20.01914536187096,24.803716,59.474452,13.233213998595762,34.978314712511434,64.01733313019221,4.842274570673786,0.0034182861908113836,3.181498810567968
2026-09-30T17:59:16+03:00,20.92,289.08,-24.683458329770673,18.3708,97.99870127917599,91.83940498151965,-0.47389339235270395,5.94864,5.6376,-1.2375888374825783,,17.217381743681237,24.803823,59.474447,13.201529680072362,35.52967965183248,62.46902162734351,4.841090085549386,0.00328051257009257,3.1847793231380606
2026-09-30T17:59:18+03:00,20.81,289.07,-21.790021464360017,18.74016,96.99602513769707,91.22634014072968,0.4546420104363082,5.754239999999999,5.6376,-1.9652452372987235,,17.618452200272817,24.803935,59.474441,13.566270239528434,30.848936970009532,66.14708816768754,4.940143026398402,0.003438334151500139,3.188217657289561
2026-09-30T17:59:20+03:00,20.62,289.08,-21.337384806206664,18.60408,97.99870127917599,91.00288660062866,0.2723841358051934,5.773680000000001,5.38488,-1.9938931270552647,,17.509590219197957,24.804044,59.474436,13.391966332677546,30.362686061532003,67.63601521764399,4.981779610767332,0.0033413216821603234,3.191558978971721
2026-09-30T17:59:22+03:00,20.58,289.08,-25.02150342889786,18.254160000000002,94.99640243269049,91.78783877995788,0.6883514950701711,5.7348,5.65704,-1.850653678272559,,16.26627180376407,24.804147,59.474431,13.280954008371333,35.54484658528125,59.45155584740924,4.666181616734805,0.003158927163905118,3.1947179061356263
2026-09-30T17:59:24+03:00,20.43,289.08,-21.37749185186582,17.76816,96.99602513769707,93.87340515423409,0.25851855716302746,5.81256,5.6181600000000005,-2.1084846860814292,,18.363297333942885,24.804256,59.474427,12.535855850314329,31.108019794716824,65.88800534298025,4.976683507772286,0.003336453262479405,3.198054359398106
2026-09-30T17:59:26+03:00,20.28,289.08,-20.58108051663398,18.5652,98.99564784270365,92.33787826328346,-0.38777783574454117,5.7153599999999996,5.57928,-2.3319382261824506,,20.248328479923295,24.804358,59.474419,13.366479717240669,29.226056677591004,69.76959116511264,4.9877953619683435,0.0031509766499819313,3.201205336048088
2026-09-30T17:59:28+03:00,20.13,289.08,-20.942043927566395,18.701279999999997,98.99564784270365,91.98264443030236,-0.7278855829341978,5.598719999999999,5.48208,-2.337667804133759,,20.173843966556287,24.804456,59.47441,13.620203999662113,29.39066361206912,69.60498423063453,4.878129982887356,0.003040462012904487,3.204245798060992
2026-09-30T17:59:30+03:00,19.98,289.08,-24.79232031084553,19.984319999999997,97.99870127917599,90.94559082111557,0.8700364119061552,5.7348,5.42376,-2.177239621497128,,19.68682984069509,24.804564,59.474401,14.972456660805321,34.034817706982864,63.963883572193126,4.752415037381442,0.0033413341325052933,3.2075871321934977
2026-09-30T17:59:32+03:00,19.91,289.08,-16.82247738057578,18.93456,100.9952705477102,90.27523020081252,-2.335605156071288,5.57928,5.1710400000000005,-2.612687545796554,,22.71204699898583,24.804671,59.474392,13.689598841223082,23.59626807654996,77.39900247116024,5.112789726900314,0.0033112113657855343,3.210898343559283
2026-09-30T17:59:34+03:00,19.76,289.07,-22.907289164865123,19.20672,94.99640243269049,86.90623836544327,-0.008708958485988514,5.5404,4.859999999999999,-2.3090199143772177,,20.6035623129044,24.80477,59.474387,14.267186851290449,31.601135210471625,63.39526722221886,4.718850385582007,0.003037386930054358,3.2139357304893372
2026-09-30T17:59:36+03:00,19.68,289.08,-23.887046994538824,18.701279999999997,91.99983316415629,88.06361311160752,-2.080638937238071,5.57928,5.3654399999999995,-2.4293410513546903,,21.566131408724186,24.80487,59.474386,13.78626871024956,33.31901986224443,58.680813301911854,4.662186196661867,0.003053603781808182,3.2169893342711453
2026-09-30T17:59:38+03:00,19.53,289.07,-19.08566067134253,18.895680000000002,95.99907857416943,85.73740446337638,-0.9755752377692527,5.5598399999999994,5.2488,-2.7673861504818764,,23.909528790809254,24.804976,59.474381,13.762064801324339,26.676601930084928,69.3224766440845,4.968021740015028,0.0032501183935485256,3.220239452664694
2026-09-30T17:59:40+03:00,19.46,289.08,-19.57267479720373,19.0512,89.9944808811984,83.82372542763945,-0.4985878733228424,5.57928,5.20992,-2.6184171237478617,,23.061551254015637,24.805086,59.474379,13.92035551760161,27.289023066412057,62.70545781478634,4.958334512743914,0.0033604649476018864,3.223599917612296
2026-09-30T17:59:42+03:00,19.38,289.07,-24.677728751819366,18.35136,86.9979116126642,83.88102120715251,0.09894981121909319,5.832,5.22936,-2.274642446669368,,20.460322864121697,24.80519,59.474379,13.277178558625897,35.24518154634745,51.752730066316744,4.76293659882263,0.0031751333291650955,3.226775050941461
2026-09-30T17:59:44+03:00,19.23,289.07,-22.065041206022812,17.82648,85.99523547118525,84.48262689203987,1.3993348230480096,5.598719999999999,5.09328,-1.822005788516018,,16.66734226035565,24.805295,59.474383,12.811636003081158,31.51371167542382,54.48152379576143,4.77299333383894,0.0032146670101836417,3.229989717951645
2026-09-30T17:59:46+03:00,19.08,289.07,-23.03906945774521,17.72928,91.99983316415629,85.61135374844761,-0.22551618816349203,5.52096,5.28768,-2.211617089204978,,19.068035421953795,24.805394,59.474384,12.831900426185907,32.732894873885925,59.26693829027036,4.6442341933242774,0.003023079903754582,3.2330127978553995
2026-09-30T17:59:48+03:00,19.01,289.07,-18.850747975338894,18.35136,94.99640243269049,84.86077903682623,-0.8765108349911335,5.598719999999999,5.28768,-3.1569974511708363,,25.85758529425405,24.805487,59.474382,13.17768976377157,26.740948011369426,68.25545442132106,4.999937130985957,0.0028418453917608438,3.23585464324716
2026-09-30T17:59:50+03:00,18.93,289.07,-23.216686374235763,18.273600000000002,88.99753431767077,81.57200129277531,-0.4106961475497741,5.6181600000000005,5.03496,-2.595498811942629,,22.91831180523293,24.805599,59.474382,13.296146322611738,32.805108519752565,56.192425797918204,4.722166298987912,0.0034193740508422755,3.2392740172980026
2026-09-30T17:59:52+03:00,18.93,289.07,-22.993232834134744,17.94312,83.99561276617868,83.05023240421284,1.8041868010874493,5.404319999999999,5.28768,-1.793357898759477,,16.930902846115824,24.805689,59.474388,13.138869922365137,32.23913634914223,51.75647641703645,4.571130490861351,0.0027712779993012736,3.242045295297304
2026-09-30T17:59:54+03:00,18.78,289.07,-20.770156589027152,17.126640000000002,84.99828890765764,83.60600146548973,-0.047326313877806,5.598719999999999,5.28768,-1.4610423775835992,,13.962981467338162,24.805789,59.474391,12.056378706572845,30.24867499698854,54.7496139106691,4.836438344099074,0.0030583325362237355,3.2451036278335277
2026-09-30T17:59:56+03:00,18.78,289.07,-16.862584426234935,17.16552,87.99485817619184,85.4108185201518,1.3424974097710318,5.46264,5.09328,-1.2204001036286536,,11.716986910425334,24.805891,59.474393,12.042463869026404,24.423682885579183,63.57117529061266,4.973803798245424,0.003116391405013036,3.248220019238541
2026-09-30T17:59:58+03:00,18.63,289.07,-24.31103576293564,17.35992,89.9944808811984,87.9719398643866,0.6937945941239139,5.19048,5.22936,-1.2146705256773451,,11.734175644279262,24.805979,59.474394,12.809207857822598,33.91417794370295,56.080302937495446,4.307445669394185,0.0026873224283965047,3.250907341666937
2026-09-30T18:00:00+03:00,18.52,289.07,-20.116984702578012,16.757279999999998,94.99640243269049,88.72824415395928,0.6174766158124881,5.307119999999999,5.03496,-1.6386592940741544,,15.555804137801852,24.806074,59.474391,11.914585194436963,28.929431557893594,66.0669708747969,4.644877188010822,0.0029059611947353085,3.2538133028616727
2026-09-30T18:00:02+03:00,18.48,289.07,-29.12961081998586,18.156959999999998,94.99640243269049,91.16904436121659,0.9793567592171162,5.42376,5.1710400000000005,-1.8678424121264836,,18.002333923010465,24.806172,59.474387,13.67645705936166,40.26033744726121,54.73606498542928,4.13895739649698,0.003001596545832452,3.2568148994075052
2026-09-30T18:00:05+03:00,18.48,289.07,-26.906534574878265,17.16552,100.9952705477102,90.73359643691717,-0.4658146874413593,5.443199999999999,5.07384,-2.245994556912827,,20.861393320713272,24.806276,59.474377,12.555568606466895,38.2206397633517,62.77463078435851,4.276363379647872,0.0032315265161913724,3.2600464259236968
2026-09-30T18:00:07+03:00,18.48,289.08,-18.186116932987137,16.79616,96.99602513769707,90.74505559281978,-0.6185079398437237,5.38488,5.28768,-2.5840396560400127,,22.95268927294078,24.806368,59.47437,11.800559844132888,26.374075249008627,70.62194988868845,4.824383207244561,0.0028401118787223013,3.262886537802419
2026-09-30T18:00:09+03:00,18.48,289.08,-25.296523170560654,16.50456,95.99907857416943,90.44711753935177,0.5891152049535124,5.598719999999999,5.28768,-2.2803720246206765,,20.64939893651487,24.806472,59.474364,11.690121668117225,37.105366373943866,58.893712200225565,4.4651327635253715,0.0031955507463133576,3.2660820885487323
2026-09-30T18:00:11+03:00,18.33,289.08,-28.063909321042534,17.2044,90.99715702267736,93.05980508514831,0.18827393147998853,5.598719999999999,5.346,-1.793357898759477,,16.942362002018445,24.806579,59.474362,12.543619241848765,40.185290427713625,50.81186659496373,4.277207716857735,0.003268936475291104,3.269351025024023
2026-09-30T18:00:13+03:00,18.18,289.07,-22.11660740758459,16.3296,96.99602513769707,92.02848105391283,-0.43922944574728906,5.69592,5.307119999999999,-1.8391945223699424,,16.976739469726294,24.806679,59.474354,11.258902943925195,33.09676791028886,63.899257227408214,4.771754252968647,0.003090651525211012,3.272441676549234
2026-09-30T18:00:15+03:00,18.18,289.07,-21.429058053427596,16.893359999999998,96.99602513769707,91.42687536902547,0.6809030437334703,5.6376,5.5404,-1.925138191639566,,17.360621192463945,24.80679,59.474348,11.826225811491366,31.459012431802932,65.53701270589414,4.8089501755789446,0.00340798327146771,3.2758496598207016
2026-09-30T18:00:17+03:00,18.18,289.08,-25.05588089660571,16.83504,96.99602513769707,94.13696573999427,1.3740673842827404,5.6376,5.6181600000000005,-1.9365973475421825,,17.34343245861002,24.806899,59.47434,11.968520964980717,36.56269840166391,60.433326736033166,4.528151150403722,0.0033623499372572277,3.2792120097579587
2026-09-30T18:00:19+03:00,18.11,289.08,-24.184985048006858,15.921359999999998,101.99794668918915,94.49792915092668,-0.19073764999905105,5.9292,5.38488,-2.469448097013848,,21.445810271746716,24.806999,59.474327,10.78957230577204,37.1957361348218,64.80221055436735,4.723051951447311,0.003151428059352478,3.282363437817311
2026-09-30T18:00:21+03:00,18.18,289.07,-25.99553168062026,16.15464,102.99489325271679,93.87913473218539,-1.7212798081320193,5.87088,5.326560000000001,-2.7845748843358007,,23.600131581438607,24.80709,59.474314,11.177941495604625,39.304645826149596,63.6902474265672,4.542821480859205,0.0028860422586226703,3.2852494800759335
2026-09-30T18:00:22+03:00,18.03,289.07,-24.08185264488331,16.66008,101.99794668918915,88.95742727201161,-0.8973664987338953,5.851439999999999,5.2488,-2.6757129032609446,,22.597455439959663,24.807204,59.474302,11.567034719447603,35.99429729470705,66.0036493944821,4.734256704000113,0.0035543971365388873,3.2888038772124726
2026-09-30T18:00:24+03:00,18.03,289.08,-26.17314859711081,15.338159999999998,92.99677972768393,90.13772032998111,0.00045836623610465854,6.006959999999999,5.754239999999999,-2.2689128687180604,,20.047793251627503,24.807308,59.474298,10.293956037753087,41.088516601329815,51.908263126354115,4.52741650027253,0.0031842308031206617,3.2919881080155933
2026-09-30T18:00:26+03:00,18.03,289.08,-24.15633715825032,16.19352,94.99640243269049,88.16101593677978,-0.6345507581073867,5.81256,5.5404,-2.0225410168118056,,18.202869151306253,24.807417,59.474295,11.146708173300693,36.47776959898263,58.518632833707855,4.673807348148142,0.003332674102655524,3.2953207821182486
2026-09-30T18:00:28+03:00,17.88,289.07,-21.28008902669358,15.27984,92.99677972768393,88.8886723365959,-0.9843987878142674,5.90976,5.52096,-2.045459328617039,,18.12265505998794,24.807525,59.474291,10.005608492517423,33.658140833728936,59.33863889395499,4.919043451284222,0.003306016522662723,3.2986267986409112
2026-09-30T18:00:30+03:00,17.85,289.07,-22.84426380740073,17.534879999999998,95.99907857416943,86.35619888211768,-0.37505817269263686,5.94864,5.404319999999999,-2.1084846860814292,,18.346108600088957,24.807636,59.474286,12.272089222698774,33.69116199174144,62.30791658242799,4.949504630809933,0.003402153752601948,3.3020289523935134
2026-09-30T18:00:32+03:00,17.88,289.07,-22.374438415393453,16.83504,92.99677972768393,87.50784405033065,0.7417511615763637,5.96808,5.46264,-1.7647100090029357,,15.630288651168858,24.807749,59.474284,11.54204609717751,33.72596219963165,59.27081752805228,4.963667786504908,0.003452007954844646,3.305480960348358
2026-09-30T18:00:34+03:00,17.88,289.07,-21.996286270607115,17.126640000000002,89.9944808811984,88.91732022635246,1.8071088858426165,5.65704,5.443199999999999,-1.4839606893888322,,12.903009546346139,24.807858,59.474284,12.068834346191286,32.107630757844674,57.886850123353724,4.791802187950936,0.003327793327490094,3.308808753675848
2026-09-30T18:00:36+03:00,17.73,289.07,-20.529514315072205,16.2324,94.99640243269049,89.93145552373402,-0.18982091752684174,5.6376,5.26824,-1.6329297161228462,,14.432806859345437,24.807953,59.474282,11.129838646298863,30.761550425079577,64.23485200761091,4.844408402237344,0.002902860711048622,3.3117116143868968
2026-09-30T18:00:38+03:00,17.73,289.07,-26.282010578185666,15.921359999999998,98.99564784270365,91.26071760843753,0.04348749665042948,5.5598399999999994,5.42376,-2.1084846860814292,,18.27735366467326,24.808054,59.474274,11.209931426832876,38.96827853320059,60.02736930950306,4.322743696617149,0.003120820716678328,3.314832435103575
2026-09-30T18:00:40+03:00,17.58,289.06,-23.89277657249014,15.86304,99.99832398418258,89.14077376645349,-0.5752496263113466,5.6181600000000005,5.26824,-2.440800207257307,,21.445810271746716,24.808153,59.474265,10.965036548091042,35.87003848642999,64.12828549775259,4.552665616623475,0.0030705225554326717,3.317902957659008
2026-09-30T18:00:42+03:00,17.58,289.07,-28.33319948475402,15.96024,93.99945586916286,91.57011481780816,1.6815165371499399,5.5404,5.3654399999999995,-2.5095551426730056,,21.35986660247709,24.80825,59.47426,11.391203639470751,41.67931210021126,52.320143768951596,4.138004697547855,0.002976643536634834,3.3208796011956427
2026-09-30T18:00:44+03:00,17.58,289.07,-22.626539845251017,15.27984,95.99907857416943,91.30655423204797,-1.4294151072923778,5.754239999999999,5.28768,-2.440800207257307,,21.239545465499617,24.808359,59.474255,10.211350763543035,35.14750193371037,60.85157664045906,4.7050850693992095,0.003341339438448366,3.324220940634091
2026-09-30T18:00:46+03:00,17.43,289.07,-24.511570991231423,16.09632,95.99907857416943,90.25231188900727,-0.09723093783370071,5.851439999999999,5.5598399999999994,-2.595498811942629,,22.13908920385501,24.80847,59.474248,11.042383722377773,37.21158024457395,58.78749832959548,4.660131896521565,0.00341487712993348,3.3276358177640244
2026-09-30T18:00:48+03:00,17.43,289.06,-23.308359621456695,16.912799999999997,95.99907857416943,88.28706665170854,-1.309093970314905,5.79312,5.443199999999999,-2.5267438765269303,,21.193708841889155,24.808574,59.474243,11.81691564591786,34.49337304732606,61.50570552684337,4.774641391378771,0.00318933766984214,3.3308251554338666
2026-09-30T18:00:50+03:00,17.32,289.07,-25.571542912223453,16.85448,93.99945586916286,88.55635681542005,1.2308279355000344,5.6376,5.42376,-1.3235325067522015,,20.792638385297575,24.808681,59.474239,12.01803434643991,37.253512402662295,56.74594346650056,4.487331690399987,0.0032755729274374095,3.334100728361304
2026-09-30T18:00:52+03:00,17.28,289.08,-28.264444549338315,15.72696,93.99945586916286,88.57354554927396,-0.7337870482240454,5.98752,5.22936,-1.673036761782004,,22.775072356450224,24.808794,59.474235,10.831026406809896,43.44012159422127,50.55933427494159,4.347498497786633,0.0034582868576698658,3.337559015218974
2026-09-30T18:00:54+03:00,17.25,289.07,-19.618511420814198,16.465680000000003,94.99640243269049,86.87759047568672,-0.21382784914282324,5.6181600000000005,5.307119999999999,-1.3922874421679003,,21.342677868623163,24.808897,59.474227,11.33176566320045,29.200800236455137,65.79560219623535,4.904177616029178,0.0031811702147610745,3.340740185433735
2026-09-30T18:00:56+03:00,17.13,289.07,-27.536788149522174,15.8436,90.99715702267736,87.4104412251584,-0.8617285238767581,5.7153599999999996,5.307119999999999,-1.4839606893888322,,20.569184845196556,24.809006,59.474224,11.09494182602663,41.31445104479286,49.682705977884495,4.292793436916946,0.003332681085866472,3.344072866519601
2026-09-30T18:00:58+03:00,17.02,289.07,-22.36870883744215,15.96024,92.99677972768393,86.30463268055591,0.7082904263407236,5.7153599999999996,5.48208,-1.455312799632291,,21.468728583551947,24.809106,59.474218,10.894274702121717,33.8853426506964,59.11143707698753,4.744634336353631,0.0030742544125212682,3.347147120932122
2026-09-30T18:01:00+03:00,16.98,289.07,-21.257170714888353,15.921359999999998,91.99983316415629,86.12128618611403,-1.2106598211114294,5.65704,5.26824,-1.7246029633437776,,22.56307797225182,24.809207,59.474216,10.84491754551632,32.15857944094793,59.841253723208354,4.789126596997413,0.0030859001973662955,3.3502330211294886
2026-09-30T18:01:02+03:00,16.91,289.08,-23.119283549063525,16.58232,90.99715702267736,84.80348325731315,-0.13017601105372306,5.7153599999999996,5.42376,-1.3178029288008932,,20.23113974606937,24.8093,59.474215,11.54614748798337,34.32666227056865,56.67049475210871,4.719949877306307,0.002839951822832352,3.353072972952321
2026-09-30T18:01:04+03:00,16.83,289.07,-23.537542739509025,15.765839999999999,87.99485817619184,86.00096504913657,0.6890390444243281,5.65704,5.01552,-1.3120733508495852,,20.41448624051123,24.809407,59.474215,10.817992807783433,35.59142988913467,52.40342828705717,4.60023604763051,0.003266739571354811,3.356339712523676
2026-09-30T18:01:06+03:00,16.68,289.07,-21.102472110203028,16.115759999999998,94.99640243269049,86.31609183645853,-0.6415408432079828,5.7153599999999996,5.6376,-1.5183381570966814,,23.44543297675329,24.809504,59.474212,10.978257093532173,31.905772505358982,63.090629927331506,4.8518745156311125,0.002966921836266501,3.3593066343599425
2026-09-30T18:01:08+03:00,16.68,289.07,-23.251063841943616,16.271279999999997,92.99677972768393,83.30806341202168,-1.1807514242056005,5.79312,5.307119999999999,-1.180293057969496,,19.812880555623867,24.809616,59.474209,11.184942549252044,35.04907925430575,57.94770047337818,4.742598060149429,0.0034241428187409286,3.3627307771786836
2026-09-30T18:01:10+03:00,16.53,289.07,-22.987503256183437,16.09632,86.9979116126642,83.18201269709292,-0.17967956455302617,5.832,5.6376,-0.9224620501606254,,16.581398591086025,24.809717,59.474212,10.96655288115723,34.97414197275921,52.023769639904984,4.778803904154506,0.003088826375042139,3.365819603553726
2026-09-30T18:01:12+03:00,16.53,289.07,-23.056258191599138,15.940799999999998,90.99715702267736,84.83213114706969,2.708199610244862,5.79312,5.50152,-1.2146705256773451,,19.51494250215584,24.809827,59.474216,10.850282094058883,35.125836978966646,55.87132004371071,4.738136893290763,0.0033669260085434733,3.369186529562269
2026-09-30T18:01:14+03:00,16.38,289.06,-19.039824047732065,16.67952,92.99677972768393,86.69424398124487,-1.3840368499180167,5.6376,5.5598399999999994,-1.3750987083139758,,19.789962243818632,24.809932,59.474217,11.49837563811993,28.243628255652283,64.75315147203165,4.966406340755297,0.003206242348265979,3.372392771910535
2026-09-30T18:01:16+03:00,16.23,289.07,-23.81829205912313,15.8436,89.9944808811984,85.54259881303192,0.44352662921077024,5.81256,5.5404,-1.386557864216592,,20.31135383738768,24.810034,59.474214,10.784644114507179,36.38961447312445,53.604866408073946,4.679118636565118,0.0031193046346335756,3.3755120765451685
2026-09-30T18:01:18+03:00,16.2,289.07,-23.961531507905836,15.804720000000001,92.99677972768393,86.84894258593019,-0.6043558823039924,5.67648,5.38488,-1.7589804310516275,,24.940852822044736,24.810132,59.474215,10.864844779081098,36.21192394486425,56.784855782819676,4.579996264930139,0.002992570840245398,3.3785046473854137
2026-09-30T18:01:20+03:00,16.08,289.06,-22.35152010358822,16.67952,91.99983316415629,84.25917335193886,-1.4597818704343115,6.006959999999999,4.996079999999999,-1.942326925493491,,25.863314872205365,24.810246,59.474211,11.356009047956386,33.956319562605756,58.04351360155053,4.98255491932254,0.0034887463536891474,3.3819933937391027
2026-09-30T18:01:23+03:00,16.08,289.07,-26.0929345057925,18.798479999999998,88.99753431767077,82.39133093981238,0.15183381570966814,5.7153599999999996,5.22936,-1.7188733853924696,,22.683399109229292,24.81035,59.474212,13.894899200015189,36.51591994962507,52.4816143680457,4.593386564548727,0.0031757179600908386,3.3851691116991933
2026-09-30T18:01:25+03:00,15.9,289.06,-22.225469388659445,18.02088,86.9979116126642,81.96734217141558,0.1863831707560568,5.67648,5.307119999999999,-1.776169164905552,,24.28195135764429,24.810453,59.474216,12.94545304258151,31.77270657512895,55.22520503753525,4.82582324061334,0.003153796582258142,3.3883229082814514
2026-09-30T18:01:27+03:00,15.78,289.06,-23.096365237258293,17.90424,84.99828890765764,81.5605421368727,-0.4615747997573912,5.57928,5.28768,-2.6069579678452457,,22.230762451075943,24.810554,59.47422,12.958324428890903,32.82010881714254,52.1781800905151,4.688695414350333,0.0030929168622296577,3.3914158251436812
2026-09-30T18:01:29+03:00,15.63,289.07,-23.147931438820066,17.84592,84.99828890765764,82.76375350664742,1.3044530121743454,5.52096,5.2488,-1.2032113697747289,,19.82433971152648,24.810655,59.474227,12.952559988967684,32.793887570972174,52.204401336685464,4.6410536279853805,0.0031121308713046207,3.394527956014986
2026-09-30T18:01:31+03:00,15.52,289.05,-19.71018466803513,15.97968,89.9944808811984,82.34549431620192,-1.708674736639141,5.7348,5.28768,-1.5240677350479896,,22.076063846390618,24.810758,59.47423,10.75620106071913,30.069208433565052,59.92527244763335,4.963015287697057,0.0031497831403624254,3.3976777391553483
2026-09-30T18:01:33+03:00,15.48,289.06,-22.552055331884013,17.90424,90.99715702267736,82.38560136186108,-0.09052733163067006,5.6181600000000005,5.326560000000001,-1.6386592940741544,,24.2876809355956,24.810863,59.47423,12.896958178694097,32.169547169869645,58.82760985280771,4.755639129374779,0.003205677595379158,3.4008834167507276
2026-09-30T18:01:35+03:00,15.33,289.06,-22.196821498902903,17.67096,88.99753431767077,83.26222678841124,-0.5212197062305098,5.6376,5.79312,-2.3032903364259094,,26.590971272021505,24.810967,59.474232,12.631998615293341,31.90357684382039,57.09395747385038,4.785976796990776,0.0031774221842464936,3.4040608389349742
2026-09-30T18:01:37+03:00,15.18,289.06,-23.846939948879672,17.92368,89.9944808811984,81.39438437628476,-1.319464506406773,5.851439999999999,5.151599999999999,-2.223076245107594,,28.65934891244378,24.811076,59.474232,12.79243285049816,34.50399965905311,55.49048122214529,4.822093571884224,0.00332779844952852,3.4073886373845026
2026-09-30T18:01:39+03:00,15.07,289.08,-20.64983545204968,18.195839999999997,87.99485817619184,79.79010254991844,-0.0359817495342157,5.96808,5.19048,-2.3032903364259094,,28.607782710882006,24.811187,59.474232,12.785608642304345,30.124589015491466,57.870269160700374,5.162007916787068,0.00338885897158631,3.410777496356089
2026-09-30T18:01:41+03:00,15.03,289.07,-21.40613974162236,18.58464,84.99828890765764,78.90201796746567,-1.2550067544545551,5.79312,5.151599999999999,-1.9365973475421825,,25.662779643909573,24.81129,59.474236,13.359524186736202,30.51237888359927,54.48591002405837,4.990885761919823,0.003153794726102655,3.4139312910821915
2026-09-30T18:01:43+03:00,14.88,289.07,-21.555108768356384,18.44856,79.99636735616555,78.03112211886682,0.9722520825574941,5.6376,5.38488,-1.0943493886998723,,17.784609960860752,24.811389,59.474243,13.366676380147688,30.469287048380977,49.52708030778457,4.859053633367261,0.0030516407036996975,3.416982931785891
2026-09-30T18:01:45+03:00,14.7,289.07,-20.86182983624808,18.059759999999997,81.99599006117212,78.26030523691914,-0.32544002763430757,5.851439999999999,5.7348,-0.8193296470370772,,13.699420881577984,24.811491,59.47425,12.763183596080317,30.258324243336915,51.73766581783521,5.054253302301801,0.003142381439311581,3.4201253132252027
2026-09-30T18:01:47+03:00,14.43,289.07,-21.54364961245376,17.06832,81.99599006117212,80.13960680494826,1.0159114665464628,5.754239999999999,5.57928,-0.6187944187412892,,11.957629184380282,24.811596,59.474258,11.905100217823092,31.767134878696993,50.22885518247513,4.8922250261278535,0.003241540104550591,3.423366853329753
2026-09-30T18:01:49+03:00,14.36,289.07,-16.48443228144859,17.2044,85.99523547118525,81.10790547871933,1.1360607161853962,5.598719999999999,5.22936,-0.6531718864491385,,13.315539158840332,24.811706,59.474264,11.941948363737284,24.129279653292173,61.86595581789308,5.109534025871507,0.003377634988922112,3.4267444883186755
2026-09-30T18:01:51+03:00,14.17,289.07,-17.320950662339595,16.7184,87.99485817619184,82.1220407761009,1.78115389772319,5.5404,5.50152,-0.641712730546522,,14.375511079832355,24.81181,59.474263,11.547664204178178,25.53337716314215,62.46148101304969,4.999293181116492,0.0031757130738703193,3.429920201392546
2026-09-30T18:01:53+03:00,13.98,289.06,-14.788477207861355,16.31016,87.99485817619184,83.70340429066196,-0.3747143980155584,5.443199999999999,5.326560000000001,-0.6474423084978302,,11.613854507301786,24.8119,59.474268,11.13429409007732,21.956770848187688,66.03808732800415,5.048384171990582,0.0027641079658381343,3.432684309358384
2026-09-30T18:01:55+03:00,13.87,289.07,-20.93631434961509,16.368479999999998,89.9944808811984,86.07544956250356,1.3732652433695571,5.38488,5.22936,-0.38961130068895977,,10.720040346897703,24.811996,59.474271,11.50122160444264,30.56731278116999,59.42716810002841,4.636555583813146,0.0029364437365944026,3.435620753094978
2026-09-30T18:01:57+03:00,13.68,289.06,-21.824398932067865,16.271279999999997,89.9944808811984,86.61975946787787,-0.49085294308857624,5.48208,5.1710400000000005,-0.45836623610465854,,10.651285411482005,24.812093,59.474273,11.366321250203582,32.15366582713142,57.84081505406698,4.641259499298448,0.0029638708006982264,3.438584623895676
2026-09-30T18:01:59+03:00,13.57,289.07,-17.040201342725492,15.260399999999999,90.99715702267736,89.62205831436336,2.692328679319738,5.20992,4.84056,-0.8938141604040842,,16.33502673917977,24.812192,59.474271,10.391959709780647,25.488355404832305,65.50880161784505,4.702852872490537,0.0030248820170823984,3.4416095059127585
2026-09-30T18:02:01+03:00,13.5,289.06,-17.14906332380035,16.07688,97.99870127917599,90.56743867632923,-0.9696164766998923,5.38488,5.1127199999999995,-0.9511099399171665,,17.372080348366563,24.812283,59.474267,11.04611702390216,25.41343656633859,72.5852647128374,4.863810349906111,0.0027886347919088435,3.4443981407046675
2026-09-30T18:02:03+03:00,13.38,289.06,-22.311413057929066,15.49368,98.99564784270365,91.00861617857997,0.8547384387761622,5.346,5.19048,-1.1573747461642627,,19.15397909122342,24.812386,59.474262,10.741395358356291,33.202770311639114,65.79287753106453,4.473200477772338,0.0031589428228637156,3.4475570835275313
2026-09-30T18:02:05+03:00,13.23,289.07,-23.485976537947252,15.66864,94.99640243269049,89.51892591123983,-2.0235723408430415,5.26824,4.93776,-0.9167324722093171,,15.848012613318572,24.812483,59.474256,11.038340292421967,34.45059622612462,60.54580620656587,4.344265885992647,0.002983312064611057,3.4505403955921423
2026-09-30T18:02:07+03:00,13.08,289.06,-26.38514298130922,14.63832,92.99677972768393,89.856971010367,2.5559647240786023,5.42376,5.28768,-0.6703606203030631,,13.212406755716785,24.812578,59.47425,10.072223550643752,40.2306747336373,52.76610499404663,4.140771509451166,0.0029227092309389475,3.453463104823081
2026-09-30T18:02:09+03:00,12.93,289.06,-23.14220186086876,15.10488,92.99677972768393,93.12856002056401,0.18850311459804084,5.48208,5.38488,-1.449583221680983,,14.35832234597843,24.812676,59.474245,10.291973950663866,35.22596569206658,57.77081403561735,4.478221152168313,0.0030070206598182274,3.456470125482899
2026-09-30T18:02:11+03:00,12.78,289.06,-23.7266188119022,16.3296,103.99756939419571,92.9910501497326,0.533194524148744,5.79312,5.326560000000001,-2.182969199448437,,19.70401857454901,24.812775,59.474234,11.269839618709803,35.6635508266684,68.33401856752731,4.706646917052749,0.003093968728022637,3.4595640942109216
2026-09-30T18:02:13+03:00,12.63,289.06,-23.795373747317896,16.1352,103.99756939419571,91.81075709176312,-2.0968536428402733,5.7153599999999996,5.307119999999999,-3.0080284244368216,,25.594024708493873,24.812878,59.474218,11.146821803982226,35.73458015442051,68.2629892397752,4.639335973941771,0.0032883933578124725,3.462852487568734
2026-09-30T18:02:15+03:00,12.48,289.06,-21.749914418700858,17.534879999999998,99.99832398418258,87.31876797793745,-1.2477874862359069,5.9292,5.20992,-3.1741861850247606,,26.92328679319738,24.812987,59.474207,12.226803466322407,32.101935468863616,67.89638851531896,5.022648859476142,0.003392848471589992,3.4662453360403243
2026-09-30T18:02:17+03:00,12.41,289.07,-23.95580192995453,16.07688,91.99983316415629,85.25039033751519,-0.3610207067119317,5.50152,5.01552,-2.6757129032609446,,23.256356904360114,24.813093,59.474203,11.272804572448639,35.38504426794489,56.614788896211394,4.485273591211358,0.0032451292426639257,3.469490465282988
2026-09-30T18:02:19+03:00,12.18,289.06,-24.322494918838256,17.06832,90.99715702267736,85.85199602240255,0.9571259967660403,5.87088,5.38488,-2.039729750665731,,18.397674801650734,24.813196,59.474201,11.965404843540773,35.981518808554455,55.0156382141229,4.75075453211863,0.0031469166905281946,3.472637381973516
2026-09-30T18:02:21+03:00,12.03,289.06,-21.417598897524982,15.7464,89.9944808811984,88.87148360274199,1.7578918112408786,5.50152,5.346,-1.8334649444186342,,16.82204086504097,24.813288,59.474201,10.813054229192236,32.124754783197176,57.86972609800122,4.659194652613656,0.0028087865897099807,3.4754461685632263
2026-09-30T18:02:23+03:00,11.88,289.06,-19.291925477589626,14.618879999999999,97.99870127917599,89.36422730655451,-1.1626459578794666,5.5404,5.346,-2.068377640422272,,18.99355090858679,24.813391,59.474196,9.56634081896213,30.323051207376096,67.6756500717999,4.782431723971655,0.0031589489381894553,3.4786051175014157
2026-09-30T18:02:24+03:00,11.73,289.06,-18.260601446354144,16.893359999999998,95.99907857416943,87.13542148349559,-1.106725277074698,5.69592,5.151599999999999,-2.0340001727144226,,18.24297619696541,24.813492,59.47419,11.622135851359284,27.094199697531565,68.90487887663787,5.070843569685329,0.0031045784801422165,3.4817096959815577
2026-09-30T18:02:26+03:00,11.58,289.07,-27.141447270881905,16.757279999999998,89.9944808811984,90.30387809056906,3.5925599670292874,5.6376,5.46264,-1.8162762105647094,,16.5642098572321,24.813597,59.474189,12.018858853719072,39.497210273723624,50.497270607474775,4.350285345951151,0.0032062449097371806,3.4849159408912946
2026-09-30T18:02:28+03:00,11.43,289.07,-22.065041206022812,16.407359999999997,97.99870127917599,91.06591195809304,-0.8736460460154792,5.832,5.50152,-2.1886987773997446,,19.205545292785196,24.813706,59.474182,11.218509601553649,33.32660120200495,64.67210007717104,4.8729414321803874,0.0033542967886525236,3.4882702376799473
2026-09-30T18:02:30+03:00,11.28,289.06,-24.33968365269218,16.8156,98.99564784270365,90.19501610949419,-0.336841887757411,5.69592,5.404319999999999,-2.469448097013848,,20.99890319154467,24.813815,59.474174,11.860588825597342,35.75552954117737,63.24011830152628,4.6223392883781775,0.003362366120412888,3.49163260380036
2026-09-30T18:02:32+03:00,11.13,289.06,-27.15863600473583,17.009999999999998,99.99832398418258,89.75956818519477,0.23348030151581045,5.754239999999999,5.307119999999999,-2.389234005695533,,21.021821503349905,24.813917,59.474168,12.17683645193528,39.61529207119804,60.383031912984535,4.4327390152334285,0.003134906101319499,3.4947675099016795
2026-09-30T18:02:34+03:00,10.98,289.06,-22.345790525636918,16.85448,95.99907857416943,89.36422730655451,-0.007391155557187619,5.598719999999999,5.5598399999999994,-2.3663156938903005,,20.758260917589727,24.814014,59.474163,11.868629652840767,32.67754086370252,63.32153771046691,4.712568504862491,0.002976651995796694,3.4977441618974763
2026-09-30T18:02:36+03:00,10.83,289.07,-21.956179224947956,16.465680000000003,93.99945586916286,88.29279622965986,-0.6732254092787173,5.7348,5.346,-2.5840396560400127,,22.666210375375368,24.814114,59.474161,11.35118517124149,32.84471237397551,61.15474349518735,4.818055576597746,0.0030553982958372757,3.5007995601933137
2026-09-30T18:02:38+03:00,10.68,289.05,-20.3862748662895,15.6492,94.99640243269049,86.39630592777684,-0.8008804060338648,5.832,5.326560000000001,-2.7673861504818764,,23.726182296367394,24.814221,59.474154,10.383171001958475,31.669508311860625,63.32689412082986,4.963560581090624,0.003293730057776512,3.5040932902510904
2026-09-30T18:02:40+03:00,10.53,289.05,-28.768647409053443,15.29928,91.99983316415629,86.45933128524123,0.008766254265501596,5.851439999999999,5.151599999999999,-2.3090199143772177,,20.77544965144365,24.814336,59.474151,10.552784172890078,44.24632248199225,47.753510682164034,4.191659906798428,0.0035156158952029588,3.5076089061462934
2026-09-30T18:02:42+03:00,10.38,289.07,-23.44013991433679,16.07688,89.9944808811984,87.67973138886988,-0.09499640243269049,5.832,5.6181600000000005,-2.177239621497128,,19.509212924204533,24.814436,59.474151,10.974174004548363,35.644416186530236,54.35006469466816,4.739370425928284,0.003053033420334443,3.510661939566628
2026-09-30T18:02:44+03:00,10.23,289.06,-18.300708492013307,16.387919999999998,96.99602513769707,86.63121862378048,-1.3222147038234007,5.773680000000001,5.443199999999999,-2.3147494923285254,,20.58637357905048,24.814552,59.474143,11.055921813333809,27.738745115790636,69.25728002190644,5.110163401534449,0.003574015410614582,3.5142359549772424
2026-09-30T18:02:46+03:00,10.08,289.06,-22.723942670423256,16.07688,93.99945586916286,86.12701576406535,0.025783100780887046,5.7153599999999996,5.346,-2.3835044277442243,,20.540536955440015,24.814659,59.474138,11.028415400686228,34.272100667388656,59.7273552017742,4.7230168872776,0.003280542322713057,3.5175164972999555
2026-09-30T18:02:48+03:00,9.93,289.07,-26.070016193987264,16.09632,90.99715702267736,89.32984983884664,2.2527554588953707,5.79312,5.57928,-2.0053522829578814,,17.6069930443702,24.81476,59.474138,11.186172191727225,39.22543527493724,51.771721747740116,4.487720561787898,0.00308356494108695,3.5206000622410425
2026-09-30T18:02:50+03:00,9.78,289.06,-26.44816833877361,14.98824,92.99677972768393,91.40395705722023,-1.2372450628054996,5.6181600000000005,5.28768,-1.8621128341751756,,17.27467752319432,24.814855,59.474134,10.267661156842294,40.553374771614415,52.443404956069514,4.268681520613718,0.002910331383669047,3.5235103936247114
2026-09-30T18:02:52+03:00,9.63,289.05,-19.773210025499516,15.20208,96.99602513769707,89.02618220742733,0.06629121689663625,5.7348,5.307119999999999,-1.8793015680291005,,16.673071838306953,24.81496,59.47413,9.995495307620931,30.965044226708926,66.03098091098815,4.917484117409186,0.003214690570534938,3.526725084195246
2026-09-30T18:02:54+03:00,9.48,289.07,-28.636867116173356,14.502239999999999,90.99715702267736,92.87645859070643,5.031715356838889,5.67648,5.307119999999999,-1.753250853100319,,14.97138718676841,24.815056,59.474128,9.901215782062796,44.58477808548176,46.4123789371956,4.04286037323143,0.002933378355866099,3.5296584625511125
2026-09-30T18:02:56+03:00,9.33,289.04,-29.51349254272351,14.171759999999999,99.99832398418258,100.93797476819712,2.0221972421347276,5.67648,5.42376,-1.970974815250032,,18.346108600088957,24.815155,59.47412,9.646092470743902,46.36542242093006,53.63290156325252,3.917091640073708,0.0030605175237136874,3.532718980074826
2026-09-30T18:02:58+03:00,9.18,289.05,-23.554731473362953,15.12432,99.99832398418258,97.91848718785769,-1.460297532449929,5.67648,5.346,-2.566850922186088,,22.00730891097492,24.815252,59.474101,10.17685717696631,36.4343913051361,63.563932679046474,4.566940788066493,0.0031740246822042216,3.5358930047570305
2026-09-30T18:03:00+03:00,9.03,289.06,-31.07193774547935,14.424479999999999,104.99451595772337,97.5804420887305,0.7210673851721411,5.851439999999999,5.443199999999999,-2.6241467016991704,,22.52297092659266,24.815359,59.474085,9.88522058289357,48.8606391425229,56.133876815200466,3.8496200760579784,0.003405374651684752,3.539298379408715
2026-09-30T18:03:02+03:00,8.92,289.06,-27.422196590496007,14.05512,104.99451595772337,95.19693766098628,-2.094160741203159,5.851439999999999,5.67648,-2.3835044277442243,,21.13068348442476,24.815474,59.474069,9.261880520139982,44.33768061507968,60.65683534264369,4.185144539646894,0.0036403304518290475,3.542938709860544
2026-09-30T18:03:04+03:00,8.73,289.05,-23.445869492288093,14.79384,98.99564784270365,92.7790557655342,-2.474547421390512,5.96808,5.598719999999999,-2.125673419935354,,18.821663570047544,24.815572,59.474059,9.61630168717819,37.74204213289616,61.25360570980749,4.719406060304689,0.0030517602805726555,3.545990470141117
2026-09-30T18:03:06+03:00,8.58,289.05,-20.180010060042402,15.96024,97.99870127917599,91.57011481780816,0.12851443344784366,6.045839999999999,5.5598399999999994,-1.8793015680291005,,17.400728238123104,24.815679,59.474055,10.494859774633273,31.642681899113796,66.3560193800622,5.147043418527219,0.0032755906709517934,3.5492660608120685
2026-09-30T18:03:08+03:00,8.43,289.05,-23.23387510808969,15.72696,97.99870127917599,92.90510648046299,0.6542605062598871,6.006959999999999,5.79312,-1.701684651538545,,16.52410281157294,24.81579,59.474047,10.478606939856139,36.30393888030474,61.69476239887125,4.8409344668763605,0.0034228228392819545,3.5526888836513506
2026-09-30T18:03:10+03:00,8.28,289.04,-27.23312051810284,15.12432,98.99564784270365,93.07699381900224,-0.3576402557206599,5.87088,5.443199999999999,-1.5641747807071475,,16.071466153419593,24.815897,59.474043,10.26212555507138,42.409787215319966,56.58586062738368,4.334706396960086,0.003275591828196156,3.5559644754795467
2026-09-30T18:03:12+03:00,8.13,289.05,-16.507350593253825,14.502239999999999,100.9952705477102,83.94977614256821,-8.658423608457975,5.90976,5.50152,-1.9652452372987235,,18.833122725950158,24.816,59.474035,8.994200844988956,27.267432368718204,73.727838178992,5.253054415203908,0.0031811878802868727,3.5591456633598337
2026-09-30T18:03:14+03:00,8.13,289.06,-17.6016999819537,15.804720000000001,91.99983316415629,59.243836016527126,-14.00589600619346,5.81256,5.754239999999999,-1.6329297161228462,,15.406835111067835,24.816103,59.474032,10.413705928825536,27.319052265391036,64.68078089876525,5.164254209206118,0.0031498012609132895,3.562295464620747
2026-09-30T18:03:16+03:00,7.98,289.06,-8.411456948055294,15.86304,56.99784145961429,31.00847587248015,-14.688403331753298,5.28768,5.50152,-0.6875493541569879,,2.853329819751499,24.816191,59.474054,10.660337137764008,12.572345746406569,44.425495713207724,5.1608916747397,0.0029944783271644232,3.5652899429479112
2026-09-30T18:03:18+03:00,7.98,289.06,21.08355090858679,14.07456,26.997771306564392,18.11692548203663,1.415033866634594,4.64616,4.393439999999999,0.27501974166279514,,-6.909871009277728,24.816243,59.47409,9.881796789411602,30.821084165896735,57.818855472461124,3.989989388633743,0.0026837996964667724,3.567973742644378
2026-09-30T18:03:20+03:00,7.91,289.06,20.88874525824231,13.296959999999999,9.998113525032863,20.05352282957881,2.3519344532325164,4.510079999999999,4.21848,0.6760901982543714,,-16.506914077719017,24.816264,59.474132,9.224555236747513,30.92824263030991,40.92635615534277,3.868799225953817,0.002604664954853448,3.570578407599231
2026-09-30T18:03:22+03:00,7.87,289.07,31.293658817818063,13.880159999999998,13.99735893504601,19.984767894163113,-1.406611387046171,4.35456,4.23792,0.8594366926962348,,-18.92479597317109,24.816294,59.474175,10.407867274031508,43.84548686929105,57.84284580433706,3.140554443908736,0.002742118273186247,3.5733205258724174
2026-09-30T18:03:24+03:00,7.83,289.06,26.761562658333247,14.15232,17.996604345059158,16.770474663479195,0.6683552680201053,4.0824,4.393439999999999,0.9912169855763242,,-19.125331201466878,24.816321,59.474206,10.666778430696807,36.68494379005497,54.68154813511413,3.273809894270905,0.002037531170839857,3.5753580570432573
2026-09-30T18:03:26+03:00,7.83,289.05,22.281032700410208,15.20208,12.99468279356707,19.165438247126037,0.6436607870499668,4.723920000000001,4.68504,0.8307888029396938,,-19.990497472114424,24.816346,59.474246,10.977963961455501,31.67091300805035,44.66559580161742,4.020423264774537,0.002522550464003276,3.5778806075072604
2026-09-30T18:03:28+03:00,7.83,289.06,23.63894267487026,15.590879999999999,16.99965778153153,19.61234532732808,-1.324391943444898,4.60728,4.80168,0.7333859777674538,,-18.185680417452332,24.816368,59.474283,11.519296019297895,32.86751582243963,49.86717360397115,3.869782026889069,0.002323197266524797,3.5802038047737854
2026-09-30T18:03:30+03:00,7.83,289.05,26.646971099307084,14.92992,17.996604345059158,16.501184499767707,-0.4607726588442081,4.704479999999999,4.74336,0.664631042351755,,-18.053900124572237,24.816392,59.474322,10.930686881252957,37.77648073149649,55.773085076555645,3.718451746130633,0.0024560463320323768,3.582659851105818
2026-09-30T18:03:32+03:00,7.83,289.06,23.507162381990174,14.32728,13.99735893504601,18.265894508770643,2.446071418972511,4.80168,4.859999999999999,0.5729577951308232,,-19.492024190350605,24.816417,59.474367,10.107206408523291,34.43019275816596,48.42755169321197,3.9605008919177074,0.002810472420599739,3.5854703235264176
2026-09-30T18:03:34+03:00,7.83,289.05,22.785235560125336,15.24096,15.996981640052585,20.380108772803382,0.41464955633617684,4.82112,4.93776,0.5844169510334397,,-20.867122898664583,24.81644,59.474411,10.95632929611981,32.59713644841926,48.594118088471845,4.061693913020079,0.002736370183718878,3.5882066937101365
2026-09-30T18:03:36+03:00,7.83,289.06,21.937258023331715,14.3856,19.996227050065727,20.00195662801704,-0.5833283312226911,4.996079999999999,5.151599999999999,0.5614986392282068,,-19.749855198159477,24.81647,59.474457,9.928294273898947,32.773179782435875,52.7694068325016,4.200804413289614,0.0029127054478290497,3.5911193991579653
2026-09-30T18:03:38+03:00,7.83,289.05,18.625561967475562,15.14376,18.999280486538098,19.434728410837522,-0.7712011922460881,5.0544,5.28768,0.5500394833255903,,-20.35146088304684,24.816502,59.474502,10.479163579497714,27.48709846765479,46.48637895419289,4.483832967145695,0.0028758740862786193,3.5939952732442437
2026-09-30T18:03:40+03:00,7.68,289.05,18.6542098572321,15.04656,16.99965778153153,20.06498198548143,-0.6130648407899808,5.1710400000000005,5.42376,0.4297183463481174,,-22.843827291865924,24.816531,59.474547,10.28109052102304,27.911994714632755,44.91165249616428,4.569480769496261,0.0028460636763995694,3.5968413369206433
2026-09-30T18:03:42+03:00,7.68,289.05,24.171793424341928,14.92992,20.99890319154467,20.391567928706,-0.29318250376844224,5.307119999999999,5.404319999999999,0.005729577951308233,,-23.130306189431334,24.816561,59.474593,10.319526204371313,36.32837334500098,57.327276536545654,4.2756016934146555,0.0029127042876919093,3.5997540412083353
2026-09-30T18:03:44+03:00,7.68,289.05,23.79937085750689,15.590879999999999,21.995849755072307,19.47483545649668,-0.6371290681854753,5.28768,5.346,0.2864788975654116,,-22.775072356450224,24.816599,59.474637,10.962507875178265,35.02318616816916,57.01903592324147,4.330186192778934,0.0028880035419748015,3.60264204475031
2026-09-30T18:03:46+03:00,7.68,289.04,21.983094646942185,15.27984,16.99965778153153,20.05352282957881,1.4174975851536569,5.6181600000000005,5.6376,-0.017188733853924696,,-23.69180482865954,24.816634,59.474685,10.28741145221639,33.779269488452314,50.77892726998384,4.66973420374409,0.0030766861707635525,3.6057187309210734
2026-09-30T18:03:48+03:00,7.83,289.05,24.406706120345564,14.94936,20.99890319154467,20.98171445769075,-0.5444817927128213,5.5598399999999994,5.87088,0.27501974166279514,,-21.348407446574473,24.816672,59.474733,10.149796401322432,37.48887013280839,58.48777332435306,4.411575023516444,0.0031096813329041283,3.6088284122539775
2026-09-30T18:03:50+03:00,7.83,289.05,30.732160178589854,14.502239999999999,23.995472460078876,18.707072011021378,0.08256321827835163,5.5598399999999994,5.65704,0.34377467707849396,,-22.305246964442947,24.816717,59.474779,10.129808089365955,47.021081425878066,71.01655388595694,3.7903053832396183,0.003087460679041838,3.6119158729330194
2026-09-30T18:03:52+03:00,7.68,289.05,25.180199143772178,14.40504,19.996227050065727,19.818610133575177,0.44003158666047226,5.773680000000001,5.851439999999999,0.14896902673401402,,-21.468728583551947,24.816749,59.474829,9.502999198759053,40.16116606480281,60.15739311486854,4.412438701380506,0.0031601865094444035,3.615076059442464
2026-09-30T18:03:54+03:00,7.68,289.05,25.798993562513463,15.10488,22.998525896551243,19.497753768301912,-1.3487999455174708,5.5598399999999994,5.5598399999999994,0.44117750225073393,,-22.00730891097492,24.816787,59.474875,10.385042438184572,39.272823140137916,62.27134903668916,4.30409760374234,0.0029984786702839765,3.618074538112748
2026-09-30T18:03:56+03:00,7.68,289.05,25.403652683873194,15.338159999999998,23.995472460078876,17.578345154613658,-0.06331183636195598,5.7348,5.94864,0.1546986046853223,,-24.545511943404467,24.816826,59.474926,10.45154710962682,39.01825323363502,63.013725693713894,4.455626673445513,0.003288603625940176,3.6213631417386885
2026-09-30T18:03:58+03:00,7.68,289.05,28.044988119426293,15.610319999999998,18.999280486538098,17.96222687735131,0.6583285066053159,5.96808,5.5598399999999994,-0.017188733853924696,,-25.14711762829183,24.816862,59.474977,10.716883132748164,43.22354759558209,62.22282808212019,4.34886367521277,0.0032565620941387876,3.624619703832827
2026-09-30T18:04:00+03:00,7.68,289.05,28.383033218553475,15.940799999999998,21.995849755072307,18.27735366467326,-0.1892479597317109,5.98752,5.79312,0.26356058576017866,,-21.995849755072307,24.816904,59.47503,11.046039772803871,43.31497531805684,65.31082507312914,4.356480521833433,0.0034340770760587537,3.628053780908886
2026-09-30T18:04:02+03:00,7.68,289.06,30.560272840050608,15.68808,23.995472460078876,17.584074732564968,-0.2133121871272055,6.006959999999999,5.9292,0.07448451336700701,,-20.500429909780856,24.816947,59.47508,10.950081912370806,46.75607837005589,70.75155083013476,4.11540262796336,0.003279589458728991,3.631333370367615
2026-09-30T18:04:04+03:00,7.68,289.06,24.378058230589023,15.29928,21.995849755072307,17.326243724756097,1.0524088780962961,5.87088,5.851439999999999,-0.08021409131831525,,-22.36827232190734,24.816982,59.475131,10.242614352806624,38.06307195885756,60.05892171392987,4.622334908945072,0.003246384174232928,3.6345797545418477
2026-09-30T18:04:06+03:00,7.68,289.05,27.09387817950913,16.58232,18.999280486538098,18.644046653556988,0.47005457512532733,5.98752,5.5404,0.03437746770784939,,-23.319382261824504,24.817017,59.475181,11.577607670295407,40.71746158771808,59.716742074256175,4.538154360435145,0.003189686520939581,3.637769441062787
2026-09-30T18:04:08+03:00,7.68,289.05,28.262712081576005,15.99912,21.995849755072307,18.363297333942885,-0.6931643405492699,5.851439999999999,5.851439999999999,0.011459155902616466,,-24.402272494621762,24.817057,59.475232,11.193596008200853,42.59408058287215,64.58993033794445,4.307637109439063,0.0032997756786608775,3.6410692167414482
2026-09-30T18:04:10+03:00,7.68,289.05,26.159956973445883,15.4548,19.996227050065727,17.154356386216847,-0.22379731477809955,5.890319999999999,6.045839999999999,-0.18907607239317165,,-29.21511797372068,24.817097,59.475282,10.494238600730842,40.48728422718105,60.48351127724678,4.479883348658694,0.0032440111552126728,3.644313227896661
2026-09-30T18:04:12+03:00,7.68,289.05,24.532756835274345,17.41824,17.996604345059158,17.27467752319432,1.5593046394485355,5.94864,5.404319999999999,-0.23491269600363757,,-28.865613718690874,24.817133,59.475334,12.25804157071686,36.15725338458142,54.15385772964058,4.802936220246937,0.0033132014352290204,3.64762642933189
2026-09-30T18:04:14+03:00,7.68,289.05,23.810830013409507,18.09864,18.999280486538098,19.600886171425465,1.7521049375100572,6.201359999999999,5.46264,-0.45836623610465854,,-32.870588706655326,24.817174,59.475386,12.674841291452722,35.20311379653518,54.202394283073275,5.067215410543518,0.003366917485145509,3.6509933468170352
2026-09-30T18:04:16+03:00,7.68,289.06,28.43459942011525,17.45712,21.995849755072307,22.488593458884814,1.197825566500499,5.9292,5.773680000000001,0.2578310078088704,,-24.79188379531072,24.817215,59.475439,12.564505645140699,41.41972341419876,63.41557316927106,4.446208514014973,0.003422789349137516,3.654416136166173
2026-09-30T18:04:18+03:00,7.53,289.06,30.726430600638544,17.515439999999998,32.996639421584106,19.979038316211806,-3.2270701895153358,5.94864,5.98752,0.48701412586119974,,-19.606615749376772,24.817271,59.475484,12.768899594042976,44.496794050692614,77.49343347227672,4.243103444552167,0.0031998502329253506,3.6576159863990982
2026-09-30T18:04:20+03:00,7.53,289.05,26.486542916670455,17.009999999999998,24.99814860155782,18.523725516579514,0.3976900056003044,6.1236,6.045839999999999,0.040107045659157625,,-20.781179229394958,24.817318,59.475535,11.848192419313897,39.813259070642175,64.81140767219999,4.703753766406471,0.003384685631551251,3.6610006720306494
2026-09-30T18:04:22+03:00,7.38,289.05,23.123280659252522,16.56288,21.995849755072307,19.93320169260134,0.410638851770261,6.14304,5.890319999999999,-0.022918311805232933,,-23.399596353142822,24.817357,59.475591,11.176818627136132,35.58827104629745,57.58412080136976,4.995642434322859,0.0035704033115090262,3.6645710753421583
2026-09-30T18:04:25+03:00,7.38,289.05,29.179444553785324,16.115759999999998,25.99509516508545,19.148249513272113,-2.270975516780531,5.96808,5.98752,0.395340878640268,,-20.83274543095673,24.817401,59.475643,11.286562738643967,44.119218648579874,70.11431381366532,4.284441830404127,0.003402025090984128,3.6679731004331426
2026-09-30T18:04:27+03:00,7.23,289.06,25.01404138318424,16.038,22.998525896551243,18.042440968669624,-1.0604875830076408,6.14304,5.7348,0.12605071492878112,,-20.798367963248886,24.817446,59.475696,10.788519326659442,38.94588679955541,61.94441269610665,4.777687798266938,0.0034693049898193756,3.671442405422962
2026-09-30T18:04:29+03:00,7.23,289.04,30.205039007069498,15.824160000000001,23.995472460078876,17.400728238123104,-0.8263197321376734,6.10416,6.37632,0.49847328176381617,,-19.25711149434697,24.817491,59.475754,10.986683334211762,46.436491894430304,70.43196435450918,4.206731772541133,0.0037471657651783237,3.6751895711881404
2026-09-30T18:04:31+03:00,7.35,289.05,25.415111839775815,16.407359999999997,19.996227050065727,17.66428882388328,1.2448081057012264,6.1624799999999995,5.90976,0.06875493541569878,,-23.737641452270005,24.817531,59.475804,11.159211111663724,39.12486486167259,59.12109191173832,4.780683361792468,0.003244004052185688,3.678433575240326
2026-09-30T18:04:33+03:00,7.38,289.05,22.73939893651487,18.895680000000002,20.99890319154467,21.64061592209119,0.8186420976829202,6.0652800000000004,6.1236,0.03437746770784939,,-24.230385156082516,24.817576,59.475861,13.506868089061701,32.735230593764754,53.734133785309425,5.101982735742449,0.003691307550524137,3.68212488279085
2026-09-30T18:04:35+03:00,7.38,289.04,24.108768066877534,18.662399999999998,27.99471787009202,21.537483518967647,-0.5713535133044569,5.9292,5.832,-0.23491269600363757,,-25.79455993678966,24.817625,59.47591,13.46991280005589,34.466925707439884,62.4616435775319,4.888346800520637,0.003303393491190224,3.6854282762820403
2026-09-30T18:04:37+03:00,7.23,289.05,22.710751046758325,18.50688,23.995472460078876,20.672317248320102,0.1403173640275386,5.98752,5.57928,-0.544309905374282,,-30.02298846485514,24.817668,59.475959,13.187781604675225,32.8061549320679,56.80162739214677,5.032560892740785,0.0032245831463005516,3.6886528594283408
2026-09-30T18:04:39+03:00,7.23,289.04,21.238249513272113,17.6904,22.998525896551243,21.182249685986534,-0.20827015853005423,6.0652800000000004,5.65704,-0.492743703812508,,-33.598245106471474,24.817716,59.476012,12.235938982819444,31.58258921960592,54.581115116157164,5.166927853590185,0.0035065752276803135,3.692159434656021
2026-09-30T18:04:41+03:00,7.2,289.05,20.21838463793925,17.84592,21.995849755072307,21.864069462192216,-0.9993529862671818,6.1624799999999995,5.94864,-0.2864788975654116,,-29.845371548364582,24.81776,59.47606,12.249719411024794,30.230768787041683,52.22661854211399,5.324410742411019,0.003182539069798509,3.6953419737258195
2026-09-30T18:04:43+03:00,7.08,289.05,25.128632942210402,17.32104,24.99814860155782,18.63258749765437,-2.257224529697391,6.18192,6.0652800000000004,-0.6073352628386726,,-29.2323067075746,24.817809,59.47611,12.014503318411185,37.74955557669165,62.747704178249464,4.888009045996039,0.0033570914418494095,3.698699065167669
2026-09-30T18:04:45+03:00,6.93,289.05,22.710751046758325,16.77672,23.995472460078876,15.349539331554757,-1.2849151513603843,6.27912,5.754239999999999,0.005729577951308233,,-23.577213269633372,24.817857,59.476158,11.248778215317031,35.15626879880017,59.15174125887904,5.13371196568453,0.0032359724160539033,3.701935037583723
2026-09-30T18:04:47+03:00,6.93,289.05,32.05569268534205,15.8436,19.996227050065727,13.367105360402105,0.38943941335042054,6.14304,5.50152,0.10886198107485642,,-22.88393433752508,24.817895,59.476214,11.125624379738968,49.0964079664339,69.09263501649963,4.022390098049395,0.0035603320585423565,3.7054953696422652
2026-09-30T18:04:49+03:00,6.93,289.05,23.925421572435674,16.1352,16.99965778153153,16.501184499767707,-2.4660676460225766,6.25968,6.37632,0.27501974166279514,,-20.84420458685935,24.817927,59.476268,10.71835480642851,37.62586376583326,54.625521547364784,4.957755061316356,0.0033896429919335037,3.7088850126341986
2026-09-30T18:04:51+03:00,7.08,289.04,23.203494750570837,15.70752,19.996227050065727,14.873984361596172,-1.3440443958178852,6.318,6.29856,0.2864788975654116,,-20.884311632518507,24.817966,59.476326,10.208716433345103,37.31670409358571,57.31293114365144,5.024685032824126,0.0036839473361779357,3.7125689599703766
2026-09-30T18:04:53+03:00,7.08,289.05,24.933827291865924,15.318719999999999,14.994305498573642,13.441589873769113,0.052654821372522656,6.39576,6.25968,-0.40107045659157625,,-26.28157406265086,24.818002,59.476377,9.89356628189192,40.74854880052723,55.74285429910087,4.84530956557545,0.0032565467229621766,3.715825506693339
2026-09-30T18:04:55+03:00,7.05,289.05,25.01404138318424,15.901919999999999,15.996981640052585,13.97444062324078,0.2987974901607243,6.337439999999999,6.1624799999999995,-0.08021409131831525,,-26.825883968025142,24.818037,59.476437,10.506392601176115,39.790983833420455,55.78796547347304,4.869589036264329,0.0037614155405888707,3.719586922233928
2026-09-30T18:04:57+03:00,7.08,289.05,26.899072529164645,15.53256,13.99735893504601,13.785364550847607,1.3018747020962564,6.39576,5.9292,-0.2578310078088704,,-28.006177025994642,24.818069,59.47649,10.245871001949844,43.30337073143116,57.30072966647717,4.654401835102775,0.0033321288569773946,3.7229190510909054
2026-09-30T18:04:59+03:00,7.08,289.05,25.518244242899364,16.7184,16.99965778153153,16.134491510883983,1.8913909775063606,6.35688,5.65704,-0.40107045659157625,,-29.28960248708768,24.818106,59.476546,11.317954978850343,39.52071262210663,56.520370403638154,4.903662831745587,0.00355049857236045,3.726469549663266
2026-09-30T18:05:01+03:00,7.08,289.05,26.159956973445883,16.6212,20.99890319154467,17.097060606703767,-0.7585961207532099,6.201359999999999,5.7348,0.1432394487827058,,-25.634131754153035,24.818144,59.476604,11.388129451672633,40.05114239305652,61.05004558460119,4.746957419177678,0.0036741914951938766,3.7301437411584595
2026-09-30T18:05:03+03:00,6.93,289.04,27.724131754153035,15.97968,20.99890319154467,13.922874421679005,-0.6562085627633318,6.318,5.42376,-0.1546986046853223,,-24.872097886629035,24.818183,59.476658,10.794852472987811,43.52414678067734,64.52304997222201,4.581082012761132,0.0034572885209249106,3.7336010296793845
2026-09-30T18:05:05+03:00,6.93,289.04,24.223359625903697,16.465680000000003,16.99965778153153,14.70782660100823,1.9873041124112605,6.57072,6.318,-0.11459155902616464,,-27.41603049700989,24.818223,59.476718,10.814901926393153,38.658237076988314,55.65789485851984,5.130982861511306,0.003807586291994049,3.7374086159713786
2026-09-30T18:05:07+03:00,6.86,289.04,26.26308937656943,16.2324,18.999280486538098,14.782311114375238,-0.7921141517683632,6.55128,5.96808,-0.18907607239317165,,-28.269737611754817,24.818264,59.476776,10.755431336520227,41.89932335570944,60.89860384224754,4.876245015429347,0.003704125200435743,3.7411127411718144
2026-09-30T18:05:09+03:00,6.82,289.04,27.936126138351433,16.7184,17.996604345059158,14.26091952080619,-0.35574949499672814,6.201359999999999,5.69592,-0.19480565034447989,,-28.069202383459032,24.818299,59.476829,11.60908968106997,42.428848282833684,60.42545262789284,4.5773214096438775,0.0033601170398322756,3.7444728582116467
2026-09-30T18:05:11+03:00,6.78,289.04,27.288683829853607,16.66008,19.996227050065727,14.570316730176838,-0.1219254188038392,6.201359999999999,5.5598399999999994,-0.1776169164905552,,-27.691050238672688,24.818342,59.476886,11.505701430387402,41.59518823865065,61.59141528871638,4.637710920853785,0.0036690071354694266,3.748141865347116
2026-09-30T18:05:13+03:00,6.78,289.05,30.571731995953222,16.6212,14.994305498573642,12.444643310241482,-0.3167883649278322,5.890319999999999,6.006959999999999,-0.18907607239317165,,-27.209765690762794,24.818379,59.476937,11.931911283184364,45.11341409821924,60.107719596792876,4.156832485320994,0.003266969358635263,3.7514088347057513
2026-09-30T18:05:15+03:00,6.78,289.05,29.322684002568028,16.426799999999997,14.994305498573642,11.029437556268347,0.2337094846338628,6.43464,6.14304,-0.3380450991271857,,-29.117715148548438,24.818408,59.476991,11.266274020850888,45.56522000414276,60.5595255027164,4.5048716110419065,0.0033643859206138834,3.7547732206263653
2026-09-30T18:05:17+03:00,6.78,289.05,27.33452045346407,15.99912,12.99468279356707,9.534017710976897,2.5776798245140604,6.5124,6.55128,-0.2864788975654116,,-30.18914622544308,24.818431,59.477049,10.642650498176259,43.653355372124565,56.64803816569164,4.711912573153428,0.003556250812445071,3.7583294714388105
2026-09-30T18:05:19+03:00,6.78,289.04,27.472030324295467,17.63208,10.995060088560496,11.722716488376644,0.959704306844129,6.47352,6.62904,-0.48701412586119974,,-32.7101605240187,24.818452,59.477108,12.257877551297508,41.57266875491899,52.567728843479486,4.8429355480398435,0.0036038342263561957,3.7619333056651665
2026-09-30T18:05:21+03:00,6.78,289.04,32.708864571791196,17.2044,14.994305498573642,14.03746598070517,1.0915991912832443,6.25968,6.0652800000000004,-0.3093972093706446,,-31.54132662195182,24.818482,59.477165,12.407319973841556,48.52939824258351,63.52370374115715,4.145383408390611,0.0035464315991363465,3.765479737264303
2026-09-30T18:05:23+03:00,6.78,289.03,34.175636527326105,16.66008,18.999280486538098,14.65626039944646,1.0960109663057518,6.318,5.87088,0.017188733853924696,,-25.98936558713414,24.818518,59.477217,11.971247129662348,51.420865518691016,70.42014600522911,3.9398728781239205,0.0033131811147193353,3.768792918379022
2026-09-30T18:05:25+03:00,6.67,289.03,31.637433494896555,16.426799999999997,20.99890319154467,15.326621019749524,0.141978941633418,6.55128,6.045839999999999,0.017188733853924696,,-22.030227222780155,24.81856,59.477274,11.38037317912721,49.21282711321476,70.21173030475943,4.279630965180367,0.0036581907657432054,3.7724511091447654
2026-09-30T18:05:27+03:00,6.63,289.04,31.230633460353676,16.05744,18.999280486538098,13.510344809184813,0.12696744740099042,6.454079999999999,6.337439999999999,0.02864788975654116,,-22.133359625903697,24.8186,59.477325,11.057164898430466,48.84686219584046,67.84614268237856,4.247261209310972,0.0032997476802695282,3.775750856825035
2026-09-30T18:05:29+03:00,6.63,289.04,34.04958581239732,16.387919999999998,20.99890319154467,13.25824337932725,-1.3663897498279873,6.08472,5.87088,0.11459155902616464,,-22.058875112536693,24.818636,59.477384,11.846849896701093,50.762611945992376,71.76151513753705,3.8487974764678534,0.0037127361746093655,3.7794635929996443
2026-09-30T18:05:31+03:00,6.67,289.05,27.17409227082744,15.51312,14.994305498573642,13.00041237151838,0.9029814851261774,6.25968,6.0264,0.12605071492878112,,-22.94695969498947,24.818665,59.477438,10.347122936815827,43.212780101490495,58.20708560006413,4.562154423936573,0.0033643828379930005,3.782827975837637
2026-09-30T18:05:33+03:00,6.63,289.05,24.95674560367116,15.86304,12.99468279356707,15.212029460723356,-0.6474996042773433,6.35688,5.5404,-0.040107045659157625,,-24.545511943404467,24.818696,59.4775,10.449809840915906,39.82948304059127,52.82416583415834,4.881791656935766,0.003844958445326039,3.7866729342829633
2026-09-30T18:05:35+03:00,6.63,289.04,24.48119063371257,15.765839999999999,18.999280486538098,11.688339020668794,-1.55139782187573,6.18192,5.98752,0.05156620156177409,,-22.929770961135546,24.818731,59.477554,10.458294015495095,38.66003838704327,57.65931887358137,4.827252999153684,0.003417151133471271,3.7900900854164346
2026-09-30T18:05:37+03:00,6.63,289.04,30.08471787009202,16.271279999999997,15.996981640052585,9.018355695359158,0.8853343850361481,6.318,5.57928,0.18907607239317165,,-22.419838523469114,24.818759,59.477607,11.259026582554956,46.42211566815652,62.4190973082091,4.355249920258464,0.0032983875924889185,3.7933884730089233
2026-09-30T18:05:39+03:00,6.63,289.04,30.9040475171291,17.34048,9.998113525032863,11.522181260080856,2.3719306802825817,6.37632,6.0264,0.011459155902616466,,-24.01839077188411,24.818778,59.477669,12.312916548745475,46.32875898169385,56.326872506726716,4.402972907449661,0.003771544927134818,3.7971600179360583
2026-09-30T18:05:41+03:00,6.63,289.05,37.05188465888283,16.426799999999997,13.99735893504601,11.648231975009637,0.6787258041119733,6.0652800000000004,5.5598399999999994,0.12605071492878112,,-23.754830186123932,24.8188,59.477725,12.14886460646396,54.55844957057741,68.55580850562342,3.5170869173214157,0.003432377392161881,3.8005923953282204
2026-09-30T18:05:43+03:00,6.6,289.05,26.784480970138482,16.3296,13.99735893504601,12.249837659896999,1.3921155548293611,6.08472,5.81256,-0.17188733853924698,,-26.980582572710468,24.818826,59.477781,11.237387347069472,40.907593069706934,54.90495200475294,4.598628715974437,0.003458343296725839,3.8040507386249462
2026-09-30T18:05:45+03:00,6.63,289.04,27.477759902246778,18.390240000000002,10.995060088560496,14.45572517115067,1.7549124307061983,6.35688,5.87088,-0.5328507494716656,,-32.94507322002233,24.818849,59.47784,13.083491781273507,40.43257844637574,51.427638534936236,4.838664205597285,0.0036151916215068245,3.8076659302464533
2026-09-30T18:05:47+03:00,6.63,289.05,30.210768585020805,18.954,15.996981640052585,15.126085791453734,1.6612338312023087,6.10416,5.90976,-0.7734930234266114,,-35.73537768230945,24.818881,59.477895,14.01950796162585,42.86624013016976,58.86322177022234,4.474006632461061,0.0034472304691166066,3.81111316071557
2026-09-30T18:05:49+03:00,6.63,289.05,29.591974166279513,18.97344,14.994305498573642,16.736097195771347,2.358638059435547,6.5124,7.03728,-0.9682986737710912,,-38.995507536603824,24.818916,59.47795,13.693484620072699,43.1749226992203,58.16922819779394,4.749286037929692,0.0034742920623048136,3.8145874527778747
2026-09-30T18:05:51+03:00,6.63,289.04,34.43919711308628,19.65384,20.99890319154467,21.31975955681793,-2.4307161500630046,6.14304,5.773680000000001,-0.38388172273765153,,-29.44430109177301,24.818957,59.478003,14.99548930650809,47.834909863301675,68.83381305484635,4.123632921692246,0.003422754609082104,3.8180102073869566
2026-09-30T18:05:53+03:00,6.48,289.05,44.02478102562495,18.468,28.997394011570965,9.052733163067007,-6.361378511998992,6.045839999999999,5.598719999999999,-0.02864788975654116,,-20.41448624051123,24.819012,59.478055,14.732656115859976,60.59526211913794,89.5926561307089,2.968361094509544,0.0035480054065603413,3.821558212793517
2026-09-30T18:05:55+03:00,6.33,289.04,38.37541716563503,16.05744,13.99735893504601,0.05729577951308232,-1.2344948653888717,6.454079999999999,6.492959999999999,0.2864788975654116,,-18.815933992096234,24.819039,59.478111,11.704853270715692,58.39350116820077,72.39086010324678,3.3824704499424536,0.0034654748476999377,3.825023687641217
2026-09-30T18:05:57+03:00,6.33,289.05,45.72073609921219,14.58,2.9965692685342056,356.30526405800504,-2.3511896080988466,6.8623199999999995,6.648479999999999,0.045836623610465865,,-19.921742536698723,24.819047,59.478175,10.95276722080723,72.37249901193226,75.36906828046646,2.0780983246832694,0.0038546378145707634,3.828878325455788
2026-09-30T18:05:59+03:00,6.33,289.05,51.5076098300335,16.09632,358.9981656951199,351.1944805254381,-1.5978646990608398,6.940079999999999,6.25968,0.10886198107485642,,-18.655505809459605,24.819051,59.478239,12.969099627419475,76.26878524742524,75.26695094254512,1.647348822108251,0.0038488312946968403,3.832727156750485
2026-09-30T18:06:01+03:00,6.33,289.05,43.870082420939625,16.1352,354.99892028510675,347.9916464506568,-0.3065324203949904,6.940079999999999,6.55128,0.1432394487827058,,-16.501184499767707,24.819043,59.4783,12.126594874644162,67.23714187591038,62.23606216101712,2.685241242619024,0.0036746946329833667,3.836401851383468
2026-09-30T18:06:05+03:00,6.33,289.04,41.38344559007186,15.24096,350.99967487509366,343.7804066564453,0.22924041383184238,7.056719999999999,6.57072,0.02864788975654116,,-8.451127478179641,24.819002,59.478436,10.986008980716724,66.5116942656241,57.51136914071776,2.8125396286896116,0.003980838845081099,3.8403826902285494
2026-09-30T18:06:07+03:00,6.33,289.05,48.39644900247313,14.94936,346.9946998871292,342.72043473545324,-1.701799243097571,6.84288,6.6679200000000005,0.07448451336700701,,-9.751741673126611,24.818975,59.478493,11.595861296965984,74.58086783064736,61.57556771777655,1.8193714729826242,0.0035238845777959753,3.8439065748063452
2026-09-30T18:06:09+03:00,6.33,289.04,51.341452069445566,14.113439999999999,344.9950771821226,342.17039525212766,-0.33667000041887174,6.92064,6.57072,0.20053522829578813,,-11.18986573890498,24.818946,59.478552,11.182791566144783,80.24005250753413,65.23512968965673,1.1731911149805545,0.0036551785231049554,3.84756175332945
2026-09-30T18:06:11+03:00,6.33,289.04,45.886893859800125,14.24952,344.9950771821226,341.30522898148007,1.6538426756451212,6.72624,6.10416,0.19480565034447989,,-12.08940947726037,24.818917,59.478617,10.71723626695794,72.66927320931681,57.66435039143943,2.003658472259844,0.004006039529522617,3.851567792858973
2026-09-30T18:06:13+03:00,6.33,289.04,56.61266378464914,14.30784,347.9973760286081,340.187961280975,-1.9907991549615582,6.88176,6.53184,0.05156620156177409,,-11.522181260080856,24.81889,59.478676,11.987707979600948,85.2542711354586,73.25164716406664,0.5693549670646126,0.0036408730699767507,3.8552086659289495
2026-09-30T18:06:15+03:00,6.33,289.04,44.78681489314894,13.9968,343.998130618595,339.1967442953986,0.9735125897067817,6.6679200000000005,6.940079999999999,-0.045836623610465865,,-14.238001209000956,24.818853,59.478735,10.3871785829378,71.67342764587906,55.671558264474015,2.096612369373522,0.003721872962193671,3.8589305388911432
2026-09-30T18:06:17+03:00,6.33,289.04,50.321587194112695,14.24952,341.9985079135884,340.3713077754168,0.9396507840145503,6.74568,6.25968,0.05729577951308232,,-13.814012440604149,24.818818,59.478797,11.216442368240346,77.89399780333343,59.892505716921846,1.4147107044299714,0.0038768085064472112,3.8628073473975904
2026-09-30T18:06:19+03:00,6.33,289.06,53.982787504998655,14.03568,346.9946998871292,338.76129637109926,-3.114770461669694,6.82344,6.6095999999999995,0.011459155902616466,,-12.891550390443523,24.818788,59.478858,11.442325233305832,82.82103121713625,69.81573110426541,0.8527188524257119,0.0037792062197947356,3.866586553617385
2026-09-30T18:06:21+03:00,6.33,289.05,56.893413104263246,13.608,341.9985079135884,334.5500565768877,-0.6762620855929106,6.88176,6.6679200000000005,0.06302535746439056,,-17.37780992631787,24.818748,59.478921,11.412126789606672,87.23304338272881,69.2315512963172,0.33220825443541496,0.003978780338984408,3.8705653339563697
2026-09-30T18:06:23+03:00,6.33,289.05,50.68255060504511,14.366159999999999,336.99658636209637,337.43776386434706,0.6111740800660491,7.13448,6.6679200000000005,0.017188733853924696,,-19.76131435406209,24.818697,59.47898,11.28725854861111,79.95801751568429,56.95460387778064,1.244037363504048,0.003873027548760779,3.8744383615051303
2026-09-30T18:06:25+03:00,6.37,289.05,50.791412586119975,15.260399999999999,341.9985079135884,337.0882596093173,-0.17406457816074408,7.03728,6.95952,0.045836623610465865,,-16.713178883966112,24.818661,59.479042,12.109036321025393,77.55506449543753,59.553572409025946,1.516542554006383,0.0038853298174020587,3.8783236913225325
2026-09-30T18:06:27+03:00,6.63,289.05,51.93732817638161,15.86304,341.9985079135884,338.60086818846264,-0.45383986952312505,6.95952,6.47352,-0.13178029288008933,,-13.74525750518845,24.818623,59.479101,12.804050965818682,77.27482553612194,59.27333344971032,1.533006951499884,0.0037312461634473938,3.88205493748598
2026-09-30T18:06:29+03:00,6.71,289.05,48.70011663389248,15.29928,345.9977533236015,338.27428224523806,0.04131025702893236,6.62904,6.7068,-0.17188733853924698,,-11.619584085253097,24.818588,59.479163,12.005761954809023,73.20777678533065,59.20553010893218,1.9151419649312769,0.0038768053160347475,3.885931742802015
2026-09-30T18:06:31+03:00,6.63,289.06,52.18942960623919,13.860719999999999,344.9950771821226,338.3716850704103,-0.058212511985291635,6.454079999999999,6.35688,-0.08021409131831525,,-13.504615231233505,24.818555,59.479224,11.139547103811474,79.43066912444029,64.42574630656287,1.1838407947905287,0.003802432910583843,3.8897341757125985
2026-09-30T18:06:33+03:00,6.78,289.06,53.14053954615635,13.49136,341.9985079135884,338.1768794200658,0.7372820907743434,6.492959999999999,6.29856,0.017188733853924696,,-16.0771957313709,24.818523,59.479283,10.912480224479824,81.56941957264024,63.567927486228655,0.951939431318748,0.0036784261763038186,3.8934126018889024
2026-09-30T18:06:35+03:00,6.48,289.05,56.50953138152559,13.4136,343.998130618595,339.30560627647355,0.4671324903701602,6.6095999999999995,6.43464,-0.05729577951308232,,-18.306001554429802,24.818493,59.479341,11.21464363139737,85.95028360429316,69.94841422288812,0.46678349151670256,0.003604518952692326,3.897017120841595
2026-09-30T18:06:37+03:00,6.48,289.05,56.00532852181047,15.14376,344.9950771821226,339.0076682230055,-1.1000216708716675,6.68736,6.82344,-0.12605071492878112,,-18.409133957553347,24.818465,59.479401,12.681046951427781,81.93203463954993,66.9271118216725,0.9385554471511559,0.0037063616761464848,3.9007234825177415
2026-09-30T18:06:39+03:00,6.63,289.06,59.391509091033626,14.191199999999998,342.99545447711597,338.41752169402076,1.3303507045142586,6.88176,7.03728,-0.14896902673401402,,-18.976362174732866,24.818433,59.479464,12.218733772913014,88.38690465592288,71.38235913303885,0.19372227176148124,0.0039107445010363815,3.9046342270187777
2026-09-30T18:06:41+03:00,6.63,289.05,53.21502405952336,14.73552,344.9950771821226,340.9041585248885,0.27845748843358004,7.15392,6.901199999999999,-0.1604281826366305,,-17.612722622321506,24.818403,59.479525,11.919067669693856,81.94613140629251,66.94120858841512,1.0022933358290242,0.0037792018385600272,3.9084134288573376
2026-09-30T18:06:43+03:00,6.63,289.06,54.968274912623684,13.95792,348.9943225921357,339.27695838671696,-1.2908739124297448,6.804,6.201359999999999,-0.13750987083139757,,-17.24602963343778,24.818372,59.47959,11.492913577921586,83.96527495586054,72.95959754799622,0.715312618743239,0.0040199656612327946,3.9124333945185703
2026-09-30T18:06:45+03:00,6.56,289.06,55.86208907302776,14.32728,344.9950771821226,336.7444849322387,-0.7627214168781519,6.82344,6.9984,-0.17188733853924698,,-16.85641833274882,24.818345,59.479653,11.920803183474197,84.14121292675685,69.13629010887945,0.6965164163054233,0.003875439463801038,3.9163088339823715
2026-09-30T18:06:47+03:00,6.48,289.05,52.859790226542245,14.24952,342.99545447711597,336.5095722362351,-0.1279987714322259,6.804,6.940079999999999,-0.3609634109324186,,-17.82471700651991,24.818309,59.479712,11.500791009230598,80.99859732210545,63.99405179922144,1.0645446201373405,0.0037127137555520474,3.9200215477379237
2026-09-30T18:06:49+03:00,6.63,289.05,54.481260786762476,14.191199999999998,342.99545447711597,335.30636086646035,0.4902799852934454,6.901199999999999,6.6095999999999995,-0.3380450991271857,,-17.847635318325143,24.818267,59.479768,11.6284462476534,83.3657271699374,66.3611816470534,0.7973048793675888,0.0036019237849611732,3.923623471522885
2026-09-30T18:06:51+03:00,6.56,289.05,48.41936731427836,14.171759999999999,340.99583177210945,337.31744272736955,2.5944101921318805,6.940079999999999,7.07616,-0.693278932108296,,-15.429753422873068,24.818227,59.479824,10.883692165789064,76.9079068653481,57.903738637457536,1.5720453780888823,0.0035806474231515574,3.9272041189460363
2026-09-30T18:06:53+03:00,6.56,289.05,47.49117568616643,14.24952,343.998130618595,338.5034653632904,-1.5141555651922265,6.82344,6.78456,-0.45836623610465854,,-13.212406755716785,24.818185,59.479889,10.872432844238869,75.04897904748323,59.0471096660782,1.7604013468153867,0.0041119742975247175,3.931316093243561
2026-09-30T18:06:55+03:00,6.63,289.04,53.82808890031333,13.62744,345.9977533236015,332.0347718562634,-3.937480559698044,6.82344,6.35688,-0.38961130068895977,,-11.590936195496555,24.818153,59.479953,11.068147974528214,83.67366919099472,69.6714225145962,0.751882246797322,0.003968971911313171,3.9352850651548743
2026-09-30T18:06:57+03:00,6.63,289.05,55.85062991712515,13.58856,336.99658636209637,325.98433753968186,-1.858904270522443,7.07616,6.57072,-0.2807493196141034,,-12.524857401559796,24.818105,59.480016,11.259109151863045,87.19080597641523,64.18739233851159,0.34680290994166263,0.004060365629600759,3.939345430784475
2026-09-30T18:06:59+03:00,6.63,289.05,51.93732817638161,12.9276,329.99504210559763,325.726506531873,-1.7926703494053198,7.1150400000000005,6.82344,-0.418259190445501,,-13.178029288008934,24.818047,59.48007,10.214233806757491,85.19764471815552,55.19268682375315,0.5956626571070832,0.0036972721201515304,3.9430427029046267
2026-09-30T18:07:01+03:00,6.63,289.05,68.8281239768383,13.14144,332.9973409520831,313.03549136972526,-11.14603446757747,6.82344,5.90976,0.14896902673401402,,-10.003843102984174,24.817987,59.480131,12.42920888058434,99.6204940700562,72.61783502213927,-1.140342954629945,0.00409855140769851,3.947141254312325
2026-09-30T18:07:03+03:00,6.78,289.05,80.84877851868296,12.655439999999999,318.9999820170371,297.80054359719674,-3.146626915078968,7.03728,6.43464,0.14896902673401402,,-7.826603481487045,24.817905,59.480182,13.466817567359435,111.9072961256715,70.9072781427086,-2.62565090986107,0.003957584080651534,3.951098838392977
2026-09-30T18:07:05+03:00,6.78,289.04,90.18226100136407,11.21688,303.9999469405122,292.3689036993565,-2.26965771385173,7.1150400000000005,6.37632,-0.13178029288008933,,-9.751741673126611,24.817798,59.480221,13.302253229606094,122.51749836390594,66.51744530441812,-3.8247406847320615,0.004020333786916846,3.9551191721798937
2026-09-30T18:07:07+03:00,6.93,289.05,96.97754045161562,10.653120000000001,297.9953492475411,286.97737084717545,-3.171435987608133,6.88176,6.78456,-0.21772396214971285,,-8.067245755441991,24.817688,59.480251,13.36635929299659,127.71091020665173,65.70625945419283,-4.209419081366339,0.003811299924480471,3.9589304721043743
2026-09-30T18:07:09+03:00,6.93,289.06,98.62765890159243,10.90584,297.9953492475411,279.88415334345586,-4.663532677687822,6.82344,6.18192,-0.6130648407899808,,-3.1455382952682194,24.817577,59.480279,13.70485913115288,128.116280076245,66.11162932378613,-4.2118328261515305,0.003783227039183191,3.9627136991435576
2026-09-30T18:07:11+03:00,6.93,289.06,108.31637521725465,9.350639999999999,287.9972357225083,273.0946034711556,-2.448707024830112,6.6095999999999995,6.08472,-0.6187944187412892,,-4.153944014698468,24.817464,59.480295,13.037131316714813,137.08650584997054,65.08374157247886,-4.840755748077855,0.003580864497333426,3.9662945636408913
2026-09-30T18:07:13+03:00,7.08,289.05,103.61812129718187,8.125919999999999,279.998744902482,269.86312150661774,-0.5093594798713019,6.35688,5.5404,0.18907607239317165,,-7.270834420210147,24.817356,59.480303,11.435253502962409,136.32039197967242,56.319136882154396,-4.597378192699245,0.0033315613421216464,3.9696261249830127
2026-09-30T18:07:15+03:00,7.08,289.06,117.34046049056509,9.37008,275.99949949246883,271.5017808006919,0.3166164775892929,6.37632,6.18192,-0.03437746770784939,,-10.880468529534333,24.817243,59.48031,13.540175590839032,142.06863182280588,58.06813131527474,-5.029307472899383,0.0034748667217537033,3.9731009917047664
2026-09-30T18:07:17+03:00,7.23,289.06,108.39658930857294,9.25344,274.9968233509899,266.9009297057914,-2.452775025175541,6.2208000000000006,6.25968,0.418259190445501,,-6.147837141753733,24.817131,59.480317,12.675090424447339,136.1526096515631,51.149433002552996,-4.486363184240379,0.0034445678266383072,3.9765455595314045
2026-09-30T18:07:19+03:00,7.23,289.05,124.2216836100863,10.089360000000001,275.99949949246883,264.83828164332044,-0.1764137051207805,6.2208000000000006,6.0652800000000004,0.08021409131831525,,-3.3174256338074666,24.817014,59.480325,14.528933322409495,144.95611615330319,60.95561564577201,-5.0930466687859255,0.0036036235353186768,3.980149183066723
2026-09-30T18:07:21+03:00,7.38,289.06,120.78393683930136,8.14536,274.9968233509899,264.9700619362005,1.5943696565105419,6.2208000000000006,5.79312,0.26356058576017866,,-4.875870836563306,24.81691,59.480328,12.526449255577925,146.0385837696987,61.03540712068866,-5.159618317433762,0.003179691612413772,3.983328874679137
2026-09-30T18:07:23+03:00,7.38,289.05,121.75223551307242,7.07616,270.9975779409768,264.5804506355115,-1.596661487691065,6.08472,6.0652800000000004,0.6760901982543714,,-5.735307529259541,24.816797,59.480328,11.507064101899992,148.47279089436748,59.47036883534429,-5.186566283154997,0.0034492969784355757,3.9867781716575723
2026-09-30T18:07:25+03:00,7.46,289.05,120.0390917056313,8.378639999999999,275.99949949246883,263.0735716343175,-0.42364499371973074,6.08472,5.5598399999999994,0.716197243913529,,-7.333859777674537,24.816687,59.480333,12.580434786635834,144.7917176200749,60.791217112543734,-4.971590838119496,0.0033711457475293525,3.9901493174051015
2026-09-30T18:07:27+03:00,7.53,289.06,120.38286638270976,8.04816,272.99720064598336,263.14232656973314,0.7047953837904256,6.18192,5.5598399999999994,0.6818197762056798,,-8.829279622965984,24.816585,59.480336,12.38211714267843,145.8945912498044,58.89179189578772,-5.11867554535149,0.0031187415416988515,3.9932680589468004
2026-09-30T18:07:29+03:00,7.68,289.06,121.01884953530498,8.04816,272.99720064598336,262.70114906748245,0.4513188552245495,5.9292,5.890319999999999,0.5557690612768985,,-6.629121689663625,24.816473,59.480336,12.211042593080094,145.608987930353,58.606188576336365,-4.892788373866271,0.0034187714167423,3.9966868303635428
2026-09-30T18:07:31+03:00,7.83,289.05,120.38859596066108,8.67024,273.99987678746226,260.4780728223748,0.27673861504818764,5.96808,5.52096,0.22918311805232927,,-5.6780117497464575,24.816366,59.480338,12.77272052349759,144.15810604210853,58.157982829570756,-4.837939833288324,0.0032683592014152484,3.999955189564958
2026-09-30T18:07:33+03:00,7.83,289.05,126.06660771040755,8.14536,273.99987678746226,262.92460260758344,1.128956039525774,6.08472,5.96808,0.5500394833255903,,-6.216592077169432,24.816255,59.480343,12.717224375743154,148.81949365644138,62.81937044390361,-5.20572413679925,0.003401549042606034,4.003356738607564
2026-09-30T18:07:35+03:00,7.98,289.05,140.71140895395138,5.46264,272.99720064598336,261.52085600951295,-0.5181830299163166,6.0652800000000004,5.890319999999999,0.45836623610465854,,-3.8674651171330567,24.816141,59.480347,10.858860162949474,161.42474244373346,74.42194308971682,-5.7493156682006745,0.0034881161232342616,4.006844854730798
2026-09-30T18:07:37+03:00,8.13,289.06,145.5872797905147,4.89888,270.9975779409768,257.05751478544386,-2.805430548078563,6.35688,5.87088,0.1546986046853223,,-3.850276383279132,24.816031,59.480348,10.760661298599175,165.09072136333108,76.08829930430784,-6.142871985032197,0.0033582587452662687,4.010203113476065
2026-09-30T18:07:39+03:00,8.28,289.05,151.66636199685271,5.773680000000001,268.99795523597015,256.93719364846635,3.4468567997275192,6.53184,6.68736,0.4640958140559668,,-3.964867942305297,24.815901,59.480344,11.932718097664413,166.72417973350318,75.72213496947336,-6.357282263762846,0.003975492728073785,4.014178606204139
2026-09-30T18:07:41+03:00,8.43,289.06,123.59143003544239,5.50152,265.9956563894847,257.8653852765783,-2.7720271086224355,6.74568,6.35688,0.4812845479098915,,-4.343020087091641,24.815786,59.480338,10.80907245095445,154.91413004623013,60.90978643571481,-6.10938284488602,0.003528822564877541,4.017707428769016
2026-09-30T18:07:43+03:00,8.58,289.04,133.98488443911552,7.795439999999999,269.9949017994978,253.81457366500337,-0.8310752818372591,6.72624,6.7068,0.1776169164905552,,-0.8537071147449266,24.815664,59.480339,13.373059488953349,155.20169427668807,65.19659607618587,-6.106012613418312,0.0037245036431544304,4.021431932412171
2026-09-30T18:07:45+03:00,8.85,289.05,153.2534550893651,8.514719999999999,264.998709825957,255.0808103922425,1.304109237497267,6.74568,6.43464,0.29793805346802804,,-2.9736509567289726,24.815542,59.480331,14.852234367292485,165.04806979352594,70.04677961948295,-6.517289011790464,0.0037549361287303306,4.025186868540901
2026-09-30T18:07:47+03:00,9.03,289.08,149.7068463375053,7.776,264.998709825957,256.62779643909573,-0.4105242602112349,6.53184,6.1236,0.08594366926962349,,-1.9938931270552647,24.815417,59.480327,13.814618893040468,163.5050142068169,68.5037240327739,-6.263019424760462,0.0038231614840718966,4.029010030024973
2026-09-30T18:07:49+03:00,9.18,289.05,146.70454749101978,8.1648,268.99795523597015,255.57928367400632,-0.06720794936884557,6.4152,6.10416,-0.1432394487827058,,-2.6069579678452457,24.815298,59.480326,13.977858548607708,161.2972440999691,70.29519933593929,-6.076444435825471,0.0036329429326393938,4.032642972957612
2026-09-30T18:07:51+03:00,9.26,289.05,140.56243992721735,9.46728,263.9960336844781,254.886004741898,0.06245239966925974,6.47352,5.851439999999999,-0.24064227395494575,,-1.730332541295086,24.815179,59.480325,15.039989924696266,156.43025906715462,60.42629275163273,-5.933460342080966,0.00363294304015624,4.036275915997768
2026-09-30T18:07:53+03:00,9.33,289.05,151.32258731977424,9.0396,267.99527909449125,254.71411740335876,-0.7996771946640899,6.37632,6.045839999999999,-0.38388172273765153,,-0.7276563998161455,24.815069,59.480322,14.950249735132626,163.13271421465862,71.12799330914987,-6.102006954989991,0.0033625617202906544,4.039638477718059
2026-09-30T18:07:55+03:00,9.48,289.06,140.51087372565559,9.38952,264.998709825957,254.07240467281227,-0.5169225227670288,6.59016,6.0264,-0.5500394833255903,,0.6990085100596044,24.814949,59.480316,15.069906503985868,156.657519630074,61.65622945603104,-6.050774269430284,0.0036806825321100156,4.043319160250169
2026-09-30T18:07:57+03:00,9.63,289.06,137.98412984912866,7.6788,264.998709825957,252.5769848275208,0.44518820681664967,6.53184,6.0264,-0.4812845479098915,,0.4640958140559668,24.814833,59.480313,13.272440694781231,157.21674992156767,62.215459747524676,-6.022202322024382,0.0035454612619055526,4.046864621512075
2026-09-30T18:07:59+03:00,9.78,289.06,147.0082151224391,7.32888,263.9960336844781,252.96659612820974,0.2544505568175986,6.337439999999999,5.9292,-0.418259190445501,,-0.24064227395494575,24.814714,59.480308,13.10683917598746,162.27338212142845,66.26941580590653,-6.036539197578043,0.003644859030816845,4.050509480542892
2026-09-30T18:08:01+03:00,9.9,289.05,143.62776413116725,6.76512,264.998709825957,253.32755953914221,0.7638673324684135,6.47352,6.10416,-0.37242256683503505,,-0.3380450991271857,24.814598,59.480303,12.577668733495031,161.39929651863153,66.39800634458857,-6.135372405481212,0.0035536051050918667,4.054063085647983
2026-09-30T18:08:03+03:00,9.97,289.05,144.57314449313313,7.795439999999999,265.9956563894847,253.08691726518722,-1.26606483990058,6.27912,5.81256,-0.40107045659157625,,0.813600069085769,24.814484,59.4803,13.415223224668054,160.31578003280697,66.31143642229165,-5.912189260361645,0.003484493466075777,4.0575475791140585
2026-09-30T18:08:05+03:00,10.16,289.05,139.16442290709813,7.698239999999999,266.99833253096364,252.13007774731878,0.4033622877720996,6.318,5.52096,-0.46982539200727513,,1.4209353319244415,24.814376,59.480297,13.144474331711903,157.48285519244897,64.48118772341263,-5.83634714053455,0.0033016041148570107,4.060849183228916
2026-09-30T18:08:07+03:00,10.23,289.05,150.82984361596172,6.82344,262.9990871209505,252.49104115825116,-1.2237805546199254,6.18192,5.754239999999999,-0.3495042550298022,,0.10886198107485642,24.814265,59.480289,12.587296166866128,164.67956535019357,67.67865247114406,-5.962234631465437,0.003422202908264347,4.06427138613718
2026-09-30T18:08:09+03:00,10.38,289.06,134.77556619639606,6.6679200000000005,263.9960336844781,250.8122748185179,-0.33649811308033245,6.1236,5.69592,-0.3093972093706446,,0.5729577951308232,24.814151,59.480285,11.810068068532798,156.3723887262282,60.36842241070633,-5.610256725363683,0.003488122084310008,4.0677595082214895
2026-09-30T18:08:11+03:00,10.53,289.05,145.06015861899434,6.82344,263.9960336844781,249.7351141636719,-0.606303938807437,6.2208000000000006,5.48208,-0.2864788975654116,,-0.1604281826366305,24.814038,59.480283,12.443885508979616,161.69705455469202,65.69308823917015,-5.906085589622476,0.0034513957168389826,4.071210903938328
2026-09-30T18:08:13+03:00,10.68,289.05,142.0406710386549,8.04816,262.9990871209505,248.4631478584815,-0.21795314526776516,6.045839999999999,5.50152,-0.2807493196141034,,-1.3922874421679003,24.813926,59.480274,13.343666964870858,158.22298120936097,61.22206833031146,-5.614376856970512,0.0034613127188842592,4.074672216657213
2026-09-30T18:08:15+03:00,10.68,289.05,138.41957777342807,7.32888,261.99641097947153,248.342826721504,0.07832333059438354,5.90976,5.67648,-0.3495042550298022,,-0.888084582452776,24.813819,59.480266,12.38686958312684,156.87921023560142,58.875621215072954,-5.435082623942651,0.0033013619077737017,4.077973578564986
2026-09-30T18:08:17+03:00,10.83,289.04,141.36458084040052,8.28144,259.99678827446496,248.69806055448512,-0.1652983238952425,5.96808,5.57928,-0.38388172273765153,,-0.29793805346802804,24.813718,59.480258,13.469012161807756,157.42514193651016,57.42193021097512,-5.510798314098518,0.003120281055749599,4.081093859620736
2026-09-30T18:08:19+03:00,10.95,289.04,138.9295102110945,7.73712,254.9948667229729,249.0991310110767,0.3956273575378334,6.10416,5.6181600000000005,-0.3609634109324186,,0.3666929888837269,24.813605,59.480245,12.974408774022177,156.9343448090487,51.929211532021554,-5.616172150303122,0.003536706093497254,4.0846305657142326
2026-09-30T18:08:21+03:00,11.02,289.05,146.0914826502298,7.1928,261.99641097947153,249.16215636854108,1.098188205927249,6.08472,5.890319999999999,-0.27501974166279514,,0.7505747116213785,24.813503,59.480236,12.704560411112277,161.58833513460849,63.58474611408002,-5.77325370304404,0.003160179467233979,4.087790745181467
2026-09-30T18:08:23+03:00,11.13,289.04,142.34433867007422,8.70912,261.99641097947153,249.12777890083322,0.23319382261824503,6.1624799999999995,5.96808,-0.18907607239317165,,-0.045836623610465865,24.813389,59.480227,14.099832787133561,157.83055969308236,59.8269706725539,-5.706900061537662,0.0035216297949082344,4.091312374976375
2026-09-30T18:08:25+03:00,11.28,289.04,142.64227672354224,7.85376,261.99641097947153,250.25650575724094,0.4339009382525724,6.18192,5.773680000000001,-0.13750987083139757,,-0.8708958485988514,24.813273,59.480221,13.307175824785542,159.0151550394503,61.011566018921826,-5.771905293925595,0.003559201042659847,4.094871576019035
2026-09-30T18:08:27+03:00,11.28,289.05,138.44822566318462,8.90352,261.99641097947153,251.47690586086964,0.2780564179769885,6.29856,5.98752,-0.13178029288008933,,-0.22345354010102106,24.813161,59.480216,14.243568472928947,155.50458594577492,57.500996925246454,-5.731654705649757,0.0034319677676551597,4.09830354378669
2026-09-30T18:08:29+03:00,11.43,289.06,140.99215827356548,9.272879999999999,264.998709825957,251.25918189871993,0.3782094405658564,6.53184,6.318,-0.246371851906254,,0.23491269600363757,24.813049,59.480214,14.925905706230896,156.98088780555722,61.97959763151425,-6.011738750552976,0.0034208965919022352,4.101724440378592
2026-09-30T18:08:31+03:00,11.58,289.04,139.99521171003784,9.020159999999999,262.9990871209505,251.929542519023,0.467705448165291,6.68736,6.0652800000000004,-0.3609634109324186,,-0.37242256683503505,24.812925,59.480214,14.781569958758066,156.90309309355462,59.90218021450511,-6.151319118911033,0.003785082025904524,4.105509522404497
2026-09-30T18:08:33+03:00,11.66,289.04,146.2920178785256,8.553600000000001,262.9990871209505,251.71181855687328,0.049503553499303125,6.72624,6.29856,-0.4469070802020421,,-0.6245239966925973,24.812813,59.48021,14.633115105738245,161.0710777680098,64.07016488896028,-6.3624965678827206,0.0034272278621672804,4.108936750266665
2026-09-30T18:08:35+03:00,11.73,289.04,142.21255837719414,8.553600000000001,263.9960336844781,250.73779030515087,-0.4413493895892731,6.82344,6.4152,-0.5500394833255903,,0.5500394833255903,24.812691,59.480204,14.559321514403313,158.90096605596835,62.89699974044646,-6.365993884055117,0.0037414553571685156,4.112678205623833
2026-09-30T18:08:37+03:00,11.88,289.04,148.97918993768914,8.47584,263.9960336844781,251.13886076174248,1.9331596007713976,6.78456,6.29856,-0.6016056848873644,,0.2807493196141034,24.812568,59.480195,14.71159892789377,162.72790363976958,66.72393732424769,-6.47861373320133,0.0037933309369240684,4.116471536560757
2026-09-30T18:08:39+03:00,12.03,289.04,150.16521257360995,8.04816,261.99641097947153,256.6564443288523,1.9345346994797117,6.76512,6.6095999999999995,-0.395340878640268,,-2.2861016025719847,24.812436,59.480186,14.317852561219803,163.76077468083716,65.75718566030866,-6.4952083560840475,0.004065436610370784,4.120536973171128
2026-09-30T18:08:41+03:00,12.03,289.05,135.6407324670436,9.272879999999999,266.99833253096364,262.042247603082,1.783846799360305,6.82344,6.37632,-0.14896902673401402,,-4.033622877720996,24.812324,59.48018,14.933925559648769,154.27040409143146,61.26873662239507,-6.1469156862681205,0.0034377564837151544,4.123974729654844
2026-09-30T18:08:43+03:00,12.18,289.05,119.66666913879624,12.266639999999999,274.9968233509899,262.79282231470336,-1.30027042026989,7.056719999999999,6.62904,-0.25210142985756223,,-2.6356058576017865,24.812189,59.480181,16.910242038585924,140.926875224145,55.92369857513495,-5.478429157003732,0.004121297867055329,4.128096027521899
2026-09-30T18:08:45+03:00,12.33,289.05,126.14682180172585,8.8452,274.9968233509899,259.16599947152525,-2.0932440087309496,7.15392,6.76512,-0.5614986392282068,,0.07448451336700701,24.812059,59.480186,14.285161305511027,150.00004527583832,64.99686862682825,-6.195479283197963,0.003979599274593367,4.132075626796492
2026-09-30T18:08:47+03:00,12.45,289.05,136.70070438803563,8.1648,270.9975779409768,255.67095692122723,-0.6578701403692112,7.13448,6.76512,-0.6990085100596044,,0.44117750225073393,24.811931,59.480187,14.225104733524667,156.81914113923037,67.81671908020712,-6.558491273192647,0.003907646945265733,4.135983273741759
2026-09-30T18:08:49+03:00,12.48,289.05,144.04029374366146,7.32888,269.9949017994978,254.96048925526506,-0.6836532411500983,6.84288,6.24024,-0.7620338675239948,,-0.03437746770784939,24.811809,59.480186,13.480518540168818,161.38251009762203,71.37741189711983,-6.484798942669076,0.0037245203998814993,4.13970779414164
2026-09-30T18:08:51+03:00,12.63,289.06,138.90086232133797,7.73712,268.99795523597015,252.80616794557315,-0.8021982089626656,6.84288,6.68736,-0.962569095819783,,-0.09740282517223994,24.811692,59.480186,13.655866049498476,158.13331334883188,67.131268584802,-6.350555055723288,0.003571411001226259,4.143279205142866
2026-09-30T18:08:53+03:00,12.78,289.05,130.98258559263,8.3592,266.99833253096364,251.5800382639932,0.43688031878725275,6.648479999999999,6.27912,-0.9912169855763242,,-0.09740282517223994,24.811572,59.480185,13.673889352905961,152.5163651275505,59.51469765851414,-5.898150392435178,0.0036634788315896305,4.146942683974456
2026-09-30T18:08:55+03:00,12.78,289.05,137.3137692288256,7.1150400000000005,263.9960336844781,250.43985225168285,-1.7402447111508497,6.53184,5.832,-0.865166270647543,,-0.22918311805232927,24.811446,59.480181,12.712716515546022,157.70020537345547,61.69623905793355,-6.04333073111231,0.0038536428850402395,4.1507963268594965
2026-09-30T18:08:57+03:00,12.93,289.05,140.3217976532624,9.29232,263.9960336844781,248.16520980501343,0.7140200042920319,6.6095999999999995,5.890319999999999,-0.7849521793292279,,0.24064227395494575,24.811322,59.480174,14.985814245556476,156.67775554445325,60.673789228931355,-6.069547733579568,0.0038084000378315074,4.154604726897328
2026-09-30T18:08:59+03:00,13.01,289.05,150.03343228072987,9.272879999999999,257.9971655694584,247.67819567915228,-1.4786894776736286,6.72624,6.53184,-0.7047380880109125,,-0.7620338675239948,24.811197,59.480162,15.469188478803854,162.57735023967692,60.57451580913528,-6.4176538254743285,0.003883189222216931,4.158487916119545
2026-09-30T18:09:01+03:00,13.08,289.05,145.2377755354849,8.786879999999998,257.9971655694584,245.85046031268493,-0.46461147607158454,6.84288,6.337439999999999,-0.7219268218648373,,-0.8250592249883855,24.811076,59.48015,14.927387582011624,160.38933365497357,58.38649922443199,-6.4459586624353316,0.003763284100986104,4.162251200220531
2026-09-30T18:09:03+03:00,13.23,289.05,155.47080175652138,9.29232,258.99984171093735,244.74465176808246,-0.7102957786236817,6.68736,6.5124,-0.813600069085769,,0.7505747116213785,24.810963,59.480138,15.624777895980344,165.70580439463208,64.70564610556943,-6.480324342338758,0.0035239242732900615,4.1657751244938215
2026-09-30T18:09:05+03:00,13.23,289.05,162.03689808872062,9.64224,258.99984171093735,245.20301800418713,-0.09637150114100446,6.68736,6.10416,-0.911002894258009,,1.088619810748564,24.810839,59.480125,16.135972625084754,169.38021817256464,68.38005988350199,-6.5728174259458525,0.0038649065162557252,4.169640031010077
2026-09-30T18:09:07+03:00,13.38,289.06,155.3562101974952,7.6788,255.99754286445182,245.3347982970672,0.9475576015873555,6.55128,6.318,-0.7677634454753031,,-0.3495042550298022,24.810721,59.480111,13.904359356178436,166.68654372147176,62.68408658592358,-6.375213153037833,0.003698936346976143,4.173338967357053
2026-09-30T18:09:09+03:00,13.5,289.05,154.25040165289272,6.25968,259.99678827446496,245.38636449862898,-0.33437816923834845,6.6095999999999995,6.27912,-0.6130648407899808,,-0.5844169510334397,24.810599,59.480098,12.545979492389556,167.4812798884044,67.47806816286936,-6.452458334531449,0.0038051403467970323,4.1771441077038505
2026-09-30T18:09:11+03:00,13.53,289.05,151.52312254807,7.8732,256.9944894279795,244.18888270680554,-0.2726706147027588,6.82344,6.6679200000000005,-0.5786873730821314,,0.13750987083139757,24.810479,59.480082,14.2475071804369,164.72317726543957,61.71766669341906,-6.582327479285024,0.0037871430000733786,4.180931250703924
2026-09-30T18:09:13+03:00,13.68,289.05,161.02849236929038,7.6788,257.9971655694584,243.49560377469723,-0.4716588569516937,6.92064,6.37632,-0.4812845479098915,,-1.7131438074411613,24.81036,59.480068,14.400358215485559,170.01710573434372,68.0142713038021,-6.815858410133425,0.0037286718380002194,4.184659922541924
2026-09-30T18:09:15+03:00,13.83,289.04,149.19118432188756,7.93152,253.99792015944524,243.00858964883605,-0.4475946295561991,6.82344,6.82344,-0.44117750225073393,,-1.8678424121264836,24.810239,59.480058,14.227932539346394,163.41020416953273,57.408124328977976,-6.53940366081959,0.003742113453038534,4.1884020359949625
2026-09-30T18:09:17+03:00,13.83,289.04,153.7977649947394,9.89496,256.9944894279795,243.26642065664493,0.10702851613043779,6.6679200000000005,6.47352,-0.5099324376664327,,-0.5672282171795151,24.810121,59.480048,16.148349199862686,164.3026588333498,61.29714826132931,-6.419235274131574,0.0036517582101794413,4.192053794205142
2026-09-30T18:09:19+03:00,13.98,289.05,157.13810894035208,8.04816,257.9971655694584,243.4325784172329,0.7265104842258838,6.76512,6.5124,-0.3552338329811104,,0.4239887683968092,24.810004,59.480032,14.521674342958521,167.56572639826217,65.56289196772059,-6.606434988840591,0.0036986482430601923,4.195752442448202
2026-09-30T18:09:21+03:00,14.02,289.04,165.6350730421422,9.234,255.99754286445182,243.00858964883605,-0.8596085800347741,6.804,6.43464,-0.44117750225073393,,1.948056503444799,24.809883,59.480017,15.915050341795485,171.7236808743057,67.72122373875754,-6.733138845909114,0.0038019812455771813,4.19955442369378
2026-09-30T18:09:23+03:00,14.13,289.05,166.059061810539,9.37008,255.99754286445182,243.00286007088476,1.5029828881871754,6.78456,5.94864,-0.3380450991271857,,2.045459328617039,24.809756,59.480004,16.038307967570642,171.90852671387333,67.90606957832517,-6.7170170969873215,0.00395464712254544,4.203509070816325
2026-09-30T18:09:25+03:00,14.28,289.04,180.27414470773473,8.61192,256.9944894279795,242.93983471342034,-0.7942340956103471,6.7068,6.25968,-0.2119943841984046,,0.6359831525952138,24.809631,59.479989,15.318676840428925,179.84588054471863,76.84036997269811,-6.706775736426464,0.003920708395729036,4.207429779212053
2026-09-30T18:09:27+03:00,14.28,289.04,171.15838618720332,9.73944,256.9944894279795,242.2522853592634,0.49268640803299496,6.62904,5.94864,-0.16615776058793874,,0.26929016371148695,24.809512,59.479975,16.321541929484344,174.73752430207352,71.73201373005304,-6.601098465294428,0.00372868158144885,4.211158460793502
2026-09-30T18:09:29+03:00,14.43,289.06,170.66564248339083,9.73944,252.99524401796634,241.7194346097917,-0.23984013304176258,6.72624,6.0264,-0.2864788975654116,,-0.790681757280536,24.809391,59.479959,16.41291378644101,174.47690262990466,67.472146647871,-6.695013293943595,0.003816688211507343,4.214975149005009
2026-09-30T18:09:31+03:00,14.43,289.06,167.53729292197653,8.61192,255.99754286445182,241.86267405857444,-0.5490081592943549,6.454079999999999,5.94864,-0.24064227395494575,,0.12605071492878112,24.809278,59.479941,14.978817104143044,172.8726932718479,68.8702361362997,-6.404208792505464,0.003615039103704159,4.218590188108713
2026-09-30T18:09:33+03:00,14.58,289.05,168.14462818481522,8.6508,254.9948667229729,241.35274162090798,-0.009167324722093173,6.47352,6.1236,-0.4297183463481174,,0.22918311805232927,24.809161,59.479923,15.045131081886666,173.2159772302593,68.2108439532322,-6.428195566020172,0.0037317234822955296,4.222321911591009
2026-09-30T18:09:35+03:00,14.66,289.05,163.15989536717703,7.01784,254.9948667229729,240.65373311084835,0.1779606911676337,6.5124,5.851439999999999,-0.2807493196141034,,1.2891550390443522,24.809047,59.479908,13.384604150655234,171.2631246535583,66.25799137653121,-6.436832267306989,0.0035947692556817703,4.225916680846691
2026-09-30T18:09:37+03:00,14.73,289.05,160.45553457415954,7.83432,254.9948667229729,240.5620598636274,0.27100903709687935,6.74568,6.10416,-0.3036676314193363,,1.6844959176846201,24.808934,59.47989,14.369636216771426,169.49098930228013,64.48585602525304,-6.632529554919248,0.003615044073073957,4.229531724919765
2026-09-30T18:09:39+03:00,14.85,289.06,174.53883717847518,10.1088,252.99524401796634,240.43027957074733,0.8472326916599483,6.6679200000000005,5.65704,-0.19480565034447989,,2.137132575837971,24.808817,59.479872,16.75847325786946,176.7089739491115,69.70421796707785,-6.656923401908138,0.0037317286432252098,4.23326345356299
2026-09-30T18:09:41+03:00,14.88,289.05,177.32341206281097,8.49528,253.99792015944524,241.77673038930482,1.0454187929957,6.55128,6.10416,-0.4354479242994257,,2.8762481315567325,24.808697,59.479856,15.042524162459594,178.48876890754585,72.48668906699106,-6.549001298262331,0.003787166706177603,4.237050620269168
2026-09-30T18:09:43+03:00,14.92,289.04,170.9463918030049,6.72624,253.99792015944524,239.73127106068776,-0.4517199256811411,6.6679200000000005,6.0652800000000004,-0.320856365273261,,1.873571990077792,24.808573,59.47984,13.352377978176104,175.45344446502003,69.45136462446527,-6.646937742138754,0.003905389666975542,4.240956009936143
2026-09-30T18:09:45+03:00,15.03,289.04,173.37573285435963,7.52328,251.9982974544387,241.60484305076554,1.0053690431160556,6.6095999999999995,5.851439999999999,-0.3380450991271857,,1.3579099744600511,24.808464,59.479823,14.109371241995973,176.4735016607894,68.47179911522812,-6.597084443138083,0.003480619305802353,4.244436629241946
2026-09-30T18:09:47+03:00,15.07,289.05,161.6759346777882,8.6508,253.99792015944524,243.94251085489933,-0.04480529957923038,6.47352,6.201359999999999,-0.1546986046853223,,0.7964113352318443,24.808358,59.479807,14.935387990547671,169.5078921690023,63.50581232844752,-6.365282746552319,0.0033755726712644115,4.24781220191321
2026-09-30T18:09:49+03:00,15.18,289.06,157.93452027558394,8.8452,257.9971655694584,243.2606910786936,-0.6351810116820307,6.648479999999999,6.1236,-0.3781521447863433,,2.3835044277442243,24.808237,59.479792,15.213135067051962,167.3837986873206,65.38096425677895,-6.487952712202519,0.0038020051475847745,4.251614207060795
2026-09-30T18:09:51+03:00,15.18,289.06,158.57623300613045,9.078479999999999,254.9948667229729,243.86802634153233,0.008021409131831525,6.62904,6.43464,-0.26356058576017866,,1.1860226359208041,24.808126,59.479779,15.440518569409607,167.59845088484576,62.593317607818676,-6.4743611105001815,0.0034772368598618704,4.255091443920657
2026-09-30T18:09:53+03:00,15.33,289.05,166.01895476487985,10.12824,255.99754286445182,244.74465176808246,1.2079669194743146,6.84288,6.454079999999999,-0.5042028597151245,,-1.105808544602489,24.808006,59.479763,16.849706581397562,171.64971498770726,67.6472578521591,-6.770336681348563,0.003787176461265431,4.258878620381922
2026-09-30T18:09:55+03:00,15.33,289.05,150.6808745892277,10.303199999999999,256.9944894279795,247.22555902099887,0.5860785286393191,6.804,6.6679200000000005,-0.3781521447863433,,1.2891550390443522,24.807884,59.479748,16.57397758053873,162.27761972625797,59.272109154237455,-6.481100193246953,0.0038316711965822535,4.262710291578505
2026-09-30T18:09:57+03:00,15.48,289.05,145.62165725822254,10.16712,259.99678827446496,248.8126521135113,0.48065429433524764,6.92064,6.39576,-0.40107045659157625,,1.4152057539731333,24.807761,59.479738,16.352691397111993,159.44731261872255,59.44410089318751,-6.480139559222953,0.0038024185007171384,4.266512710079222
2026-09-30T18:09:59+03:00,15.48,289.05,151.29393943001767,9.46728,260.9994644159439,249.58041555898657,0.8503839595331678,6.92064,6.72624,-0.5213915935690492,,0.5557690612768985,24.807638,59.47973,15.888945449826835,163.36988816540887,64.36935258135281,-6.631165535314664,0.003785277825198956,4.270297987904421
2026-09-30T18:10:01+03:00,15.63,289.04,157.33864416864787,8.08704,262.9990871209505,249.77522120933108,0.2793169251262763,6.82344,6.57072,-0.20626480624709637,,-1.4610423775835992,24.807513,59.479723,14.621976532754404,167.69647213507452,70.69555925602504,-6.66672233947618,0.003838790183519482,4.27413677808794
2026-09-30T18:10:03+03:00,15.63,289.04,153.78630583883677,7.44552,263.9960336844781,249.16215636854108,-0.47011187090484047,6.9984,6.6095999999999995,-0.13750987083139757,,-3.2200228086352265,24.807386,59.479716,14.068005015811877,166.48020130373496,70.47623498821304,-6.804468700406536,0.003899479492549419,4.2780362575804896
2026-09-30T18:10:05+03:00,15.78,289.05,158.27256537471112,10.03104,260.9994644159439,249.13350847878456,-0.38514222988693936,6.95952,6.318,-0.3093972093706446,,-0.08594366926962349,24.807267,59.479705,16.696098681319487,167.1492797561708,68.14874417211473,-6.78520385659497,0.0036921955719749428,4.281728453152464
2026-09-30T18:10:07+03:00,15.93,289.06,150.4173140034675,8.786879999999998,262.9990871209505,249.15642679058982,1.2601633746107326,7.03728,6.59016,-0.4068000345428845,,-0.693278932108296,24.807143,59.479695,15.306297410780145,163.5363994092826,66.53548653023313,-6.748751332433602,0.003832567774441827,4.285561020926906
2026-09-30T18:10:09+03:00,15.97,289.05,151.9241930046616,8.00928,261.99641097947153,249.3856099086421,0.4513188552245495,6.97896,6.43464,-0.20053522829578813,,-1.529797312999298,24.807019,59.479686,14.542770885887176,164.97741711517563,66.97382809464716,-6.740445240489247,0.0038236027501298417,4.289384623677035
2026-09-30T18:10:11+03:00,16.08,289.05,147.6843053206935,10.14768,261.99641097947153,249.866894456552,0.8243716756342285,6.940079999999999,6.55128,0.005729577951308233,,-1.2662367272391195,24.806897,59.479678,16.437026185911712,160.72912940195525,62.725540381426754,-6.551219436668485,0.003755007532397303,4.293139631209432
2026-09-30T18:10:13+03:00,16.2,289.06,152.4914212218411,9.0396,262.9990871209505,249.5173902015222,-0.9695018851408659,7.07616,6.72624,-0.03437746770784939,,-0.45836623610465854,24.806771,59.479673,15.660588176151022,164.5375339298871,67.5366210508376,-6.820040595087711,0.003857917113554908,4.296997548322987
2026-09-30T18:10:15+03:00,16.38,289.06,161.83636286042483,8.96184,263.9960336844781,248.77254506785215,-0.05420180741937588,7.01784,6.318,-0.3093972093706446,,-0.12032113697747288,24.806642,59.479667,15.782341115688029,169.8041308426503,73.8001645271284,-6.90701688595559,0.0039542503879129425,4.3009517987109005
2026-09-30T18:10:17+03:00,16.53,289.06,155.26453695027428,9.447840000000001,261.99641097947153,247.71257314686014,-0.6136377985851117,6.92064,6.29856,-0.3380450991271857,,-0.9912169855763242,24.806519,59.47966,15.997777622324419,165.69328088756782,67.68969186703936,-6.706008523894231,0.003778120299507849,4.304729919010408
2026-09-30T18:10:21+03:00,16.76,289.06,151.6377141070962,9.73944,260.9994644159439,248.15375064911086,-0.10038220570692023,6.97896,6.318,-0.18334649444186346,,-3.3976397251257815,24.80626,59.479635,16.223026219905716,163.4296895654086,64.42915398135256,-6.6891271689324086,0.0038725335010494563,4.308602452511458
2026-09-30T18:10:23+03:00,16.98,289.06,143.86840640512222,10.18656,259.99678827446496,247.9818633105716,-0.13395753250158646,6.92064,6.82344,-0.21772396214971285,,-2.4121523175007655,24.806135,59.479624,16.295336593921412,158.37084771620545,58.36763599067041,-6.433351249811118,0.0038725347252969405,4.312474987236755
2026-09-30T18:10:25+03:00,17.13,289.06,146.5727671981397,9.6228,259.99678827446496,248.6808718206312,0.023605861159389917,6.9984,6.7068,-0.1604281826366305,,-2.6642537473583277,24.806012,59.479613,15.93690553481412,160.5719319628928,60.56872023735775,-6.599909884828294,0.0038123958433783104,4.316287383080134
2026-09-30T18:10:27+03:00,17.28,289.06,154.21029460723355,10.05048,260.9994644159439,249.0704831213202,1.0854685428753446,6.804,6.72624,-0.5328507494716656,,0.1432394487827058,24.805885,59.479605,16.445397333821944,164.5801967455613,65.57966116150521,-6.559080235574371,0.003906434782318813,4.320193817862453
2026-09-30T18:10:29+03:00,17.43,289.06,157.52772024104104,10.089360000000001,260.9994644159439,248.41731123487105,-0.9652047016773848,6.97896,6.74568,-0.3323155211758775,,-0.29220847551671986,24.805761,59.479595,16.752129069569776,166.69051842340826,67.68998283935218,-6.791510645917213,0.003832578841975432,4.324026396704428
2026-09-30T18:10:31+03:00,17.7,289.07,161.6759346777882,11.664,259.99678827446496,247.43182382724603,-0.6220602781735348,6.9984,6.43464,-0.1546986046853223,,-0.37242256683503505,24.805631,59.479584,18.43927600403115,168.52898505969875,68.52577333416372,-6.858610014231112,0.004023009601375947,4.328049406305804
2026-09-30T18:10:33+03:00,18.0,289.07,155.04681298812457,9.350639999999999,259.99678827446496,246.81302940850472,-0.012547775713365029,6.9984,6.37632,-0.4239887683968092,,-1.9938931270552647,24.805506,59.479573,15.971033613486462,165.70001365841892,65.69680193288389,-6.781560106748381,0.003872540401957141,4.331921946707761
2026-09-30T18:10:35+03:00,18.18,289.06,155.47080175652138,10.26432,258.99984171093735,246.60676460225764,-0.08239133093981238,6.92064,6.47352,-0.10313240312354818,,-2.446529785208615,24.805374,59.479558,16.80776272291776,165.31339153047668,64.31323324141403,-6.694522180226193,0.0041289997189590515,4.33605094642672
2026-09-30T18:10:37+03:00,18.41,289.06,145.22058680163096,11.10024,256.9944894279795,246.0166180732729,0.4554441513494914,6.92064,6.47352,-0.3036676314193363,,-2.2402649789615188,24.805261,59.479546,17.242526052797974,158.4557961501812,55.450285578160674,-6.437126264263206,0.0035239834490673537,4.339574929875788
2026-09-30T18:10:39+03:00,18.52,289.06,148.00516168596675,9.408959999999999,258.99984171093735,246.09110258663986,0.5734161613669279,7.03728,6.68736,-0.29793805346802804,,-0.9912169855763242,24.805134,59.479534,15.822850601784028,161.63509476280092,60.634936473738264,-6.678865521846823,0.0039432637646346965,4.343518193640422
2026-09-30T18:10:41+03:00,18.71,289.07,149.25993925730327,9.331199999999999,259.99678827446496,246.73854489513772,-0.46117372930079964,7.095599999999999,6.8623199999999995,-0.32658594322456924,,-0.045836623610465865,24.805011,59.479522,15.850361780035833,162.48752546864412,62.484313743109055,-6.766729285264799,0.0038232885282696817,4.347341482168692
2026-09-30T18:10:43+03:00,18.93,289.07,147.58117291756994,10.05048,258.99984171093735,246.13693921025035,0.14902632251352713,7.01784,6.62904,-0.664631042351755,,0.8995437383553924,24.804887,59.47951,16.41166574949942,160.83380318388362,59.833644894820964,-6.62884273996163,0.00385327147950276,4.351194753648194
2026-09-30T18:10:45+03:00,19.08,289.07,152.27942683764272,10.225439999999999,256.9944894279795,245.47803774584992,-1.3477113257067226,6.95952,6.76512,-0.24064227395494575,,0.865166270647543,24.804759,59.479498,16.70291455418785,163.45498496047068,60.4494743884502,-6.671370116822605,0.003973282228815388,4.35516803587701
2026-09-30T18:10:49+03:00,19.53,289.07,162.55256010433837,10.206,256.9944894279795,241.7824599672561,-0.3591872417675131,7.348319999999999,7.03728,-0.6760901982543714,,-0.05156620156177409,24.804504,59.479472,17.35664976572611,169.84536035616634,66.83984978414583,-7.233212206894354,0.003722256326317456,4.358890292203327
2026-09-30T18:10:51+03:00,19.83,289.06,162.4494277012148,10.05048,255.99754286445182,240.0292091141558,-1.2004038765785878,7.2122399999999995,6.6679200000000005,-0.6302535746439055,,-1.403746598070517,24.804376,59.479457,17.066141312594432,169.77085431487444,65.76839717932626,-7.097604328104966,0.004009944553332422,4.362900236756659
2026-09-30T18:10:53+03:00,20.06,289.05,163.61826160328167,10.41984,250.9956213129597,237.38214410065135,-0.4042217244647958,7.15392,6.35688,-0.5213915935690492,,-1.9996227050065731,24.804257,59.479434,17.40071138894201,170.2768441473999,61.272465460359626,-7.0511560446315835,0.0038867201747296814,4.366786956931389
2026-09-30T18:10:55+03:00,20.21,289.06,160.82795714099458,9.60336,252.99524401796634,235.8007805860903,-0.26980582572710465,6.901199999999999,6.6679200000000005,-0.5500394833255903,,-1.6329297161228462,24.804135,59.479416,16.280321749297215,168.83012957150248,61.825373589468825,-6.770471671438444,0.0038780995844115533,4.3706650565158
2026-09-30T18:10:57+03:00,20.36,289.07,162.89060520346555,9.95328,247.99905204442555,235.5773270459893,0.33185715493977286,7.07616,6.24024,-0.5271211715203573,,-2.2689128687180604,24.804019,59.479394,16.845413289612125,169.98946515797778,57.98851720240333,-6.968431182089644,0.003779830171510995,4.374444886687311
2026-09-30T18:10:59+03:00,20.58,289.07,169.1988705278559,9.83664,249.9986747494321,235.98412708053212,-0.5430493982249942,6.72624,6.454079999999999,-0.5786873730821314,,-3.3919101471744737,24.8039,59.479372,16.491956418394924,173.58233731519752,63.58101206462959,-6.684090078855983,0.003865754824094334,4.378310641511405
2026-09-30T18:11:01+03:00,20.77,289.07,161.02276279133906,10.303199999999999,247.99905204442555,236.78053841576403,0.5050050006283077,6.78456,6.37632,-0.5385803274229739,,-3.6669298888372683,24.803783,59.479348,16.863950287792456,168.5402425593743,56.53929460379982,-6.649306349802236,0.0038518375390458643,4.382162479050451
2026-09-30T18:11:03+03:00,20.88,289.08,158.86844148164715,10.653120000000001,250.9956213129597,237.1013947810373,-0.108575502177291,6.8623199999999995,6.18192,-0.5786873730821314,,-2.0225410168118056,24.803664,59.479325,17.232491017473844,167.12248633072275,58.11810764368249,-6.689723977848771,0.003886731130523278,4.386049210180974
2026-09-30T18:11:05+03:00,21.03,289.07,164.1167348850455,11.5668,251.9982974544387,237.617056796655,0.3901842584840906,6.940079999999999,6.59016,-0.6875493541569879,,-1.105808544602489,24.803545,59.479303,18.340530300154597,170.06095578018227,62.059253234620996,-6.835922837388601,0.0038657617969197924,4.389914971977894
2026-09-30T18:11:07+03:00,21.18,289.07,161.58426143056727,11.5668,248.99599860795314,238.04104556505186,0.5386376232024869,6.97896,6.47352,-0.5328507494716656,,-3.5580679077624127,24.803431,59.479281,18.32149884866413,168.49570890330514,57.491707511258255,-6.838751091630049,0.0037227092155950894,4.393637681193489
2026-09-30T18:11:09+03:00,21.33,289.08,162.5411009484357,10.478159999999999,250.9956213129597,238.4650343334486,0.36119259405047094,7.01784,6.55128,-0.4068000345428845,,-4.744090543683217,24.803314,59.479261,17.301298907090068,169.5311097957109,60.52673110867062,-6.901019005417525,0.0037684005405499623,4.397406081734039
2026-09-30T18:11:11+03:00,21.48,289.08,153.91808613171685,10.14768,255.99754286445182,238.45930475549733,0.6210862499218124,6.940079999999999,6.6679200000000005,-0.37242256683503505,,-1.9881635491039567,24.803194,59.479242,16.662776926947654,164.469482669908,60.46702553435978,-6.686683645774501,0.003836987976672607,4.401243069710712
2026-09-30T18:11:13+03:00,21.63,289.08,165.38870119023593,11.83896,253.99792015944524,237.98374978553875,-0.24482486585940075,7.270560000000001,6.95952,-0.664631042351755,,1.0599719209920229,24.803073,59.479225,18.963287467446133,170.9388546655119,64.93677482495718,-7.179829469770523,0.0038323528487713633,4.4050754225594835
2026-09-30T18:11:15+03:00,21.78,289.08,175.98842040015614,11.450159999999999,248.99599860795314,238.69994702945226,0.38336606072203383,6.9984,7.15392,-0.5786873730821314,,0.017188733853924696,24.802952,59.479204,18.43791486175835,177.51001351185417,66.50601211980734,-6.991792318083776,0.0039033460282282373,4.408978768587712
2026-09-30T18:11:17+03:00,21.93,289.08,161.8936586399379,10.653120000000001,249.9986747494321,241.5647360051064,2.3188174926739546,7.1928,6.337439999999999,-0.3552338329811104,,-1.8277353664673262,24.802832,59.479182,17.632017772107012,169.17722826365167,59.17590301308377,-7.0648595084681,0.0038944723049860247,4.412873240892698
2026-09-30T18:11:19+03:00,22.08,289.08,145.83365164242093,11.13912,254.9948667229729,243.35236432591455,1.3768175816993682,7.13448,6.6095999999999995,-0.20053522829578813,,-1.558445202755839,24.802707,59.479164,17.506926065514886,159.06385517266318,54.05872189563604,-6.6634562197353615,0.00396614990481551,4.416839390797514
2026-09-30T18:11:21+03:00,22.08,289.07,153.01281281541017,10.16712,255.99754286445182,243.5357108203564,0.47756032224154116,7.095599999999999,6.53184,-0.26356058576017866,,-0.011459155902616466,24.802578,59.479149,16.80149315191548,164.06160924034657,60.059152104798386,-6.822827600097101,0.004039729297589695,4.420879120095104
2026-09-30T18:11:23+03:00,22.23,289.08,163.58388413557384,10.225439999999999,256.9944894279795,243.99407705646107,0.17314784568853478,7.15392,6.72624,-0.18907607239317165,,1.306343772898277,24.80245,59.479131,17.206917301691817,170.33161139502852,67.326100823008,-7.052307712788241,0.004054334652560369,4.424933454747665
2026-09-30T18:11:25+03:00,22.38,289.07,164.82147297305642,10.67256,255.99754286445182,245.89629693629539,0.5368041582580683,7.13448,7.095599999999999,-0.22918311805232927,,1.082890232797256,24.802322,59.479112,17.65723980206463,170.89429912564296,66.8918419900948,-7.044571748845097,0.004070789221790376,4.429004243969455
2026-09-30T18:11:27+03:00,22.53,289.08,153.91808613171685,10.886399999999998,254.9948667229729,246.131209632299,-0.27490515010376904,7.15392,7.01784,-0.045836623610465865,,-1.822005788516018,24.802202,59.4791,17.595211171065454,164.21543440252722,59.21030112550011,-6.8841550182462825,0.003733441425640175,4.432737685395096
2026-09-30T18:11:29+03:00,22.68,289.08,146.87643482955903,11.89728,258.99984171093735,246.65260122586807,-0.444729840580545,7.13448,6.7068,-0.040107045659157625,,0.8938141604040842,24.802073,59.479089,18.292637380364546,159.1819607672434,58.18180247818077,-6.668697102786175,0.003992959330479885,4.436730644725576
2026-09-30T18:11:33+03:00,22.91,289.08,166.67212665132897,10.244879999999998,257.9971655694584,245.99942933941892,0.7604868814771416,7.3094399999999995,7.07616,-0.13178029288008933,,1.3178029288008932,24.801814,59.479061,17.43904835330357,172.2168076206748,70.21397319013317,-7.24210258641236,0.0038323701332138474,4.44056301485879
2026-09-30T18:11:37+03:00,23.13,289.08,153.734739637275,11.0808,261.99641097947153,249.030376075661,0.046466877185109765,7.62048,7.503839999999999,0.09740282517223994,,-0.7505747116213785,24.801551,59.479038,18.229142413251772,164.39549145107068,66.39190243054225,-7.339599797039526,0.003944587910315204,4.444507602769105
2026-09-30T18:11:43+03:00,23.43,289.06,-169.04590439093292,9.31176,257.9971655694584,245.7645166434153,0.49073835152955003,7.503839999999999,7.270560000000001,-0.26929016371148695,,0.6990085100596044,24.801143,59.479002,16.739718044300005,173.93231109172405,84.06485447773434,-7.461801327523782,0.003979688740524377,4.448487291509629
2026-09-30T18:11:47+03:00,23.58,289.07,161.4639402935898,11.02248,258.99984171093735,243.67322069118782,-1.3038227585997013,7.32888,6.84288,-0.29220847551671986,,0.1432394487827058,24.800883,59.478975,18.121562775113947,168.85081728795808,67.85065899889543,-7.190562352444705,0.0038726069636032933,4.452359898473232
2026-09-30T18:11:49+03:00,23.58,289.08,168.31078594540313,11.81952,258.99984171093735,242.2866628269712,-0.3697296651979202,7.42608,6.82344,-0.3781521447863433,,1.6558480279280792,24.800752,59.478962,19.15078269034076,172.8167660439901,71.81660775492742,-7.367795179749752,0.0040745325326742654,4.456434431005906
2026-09-30T18:11:51+03:00,23.73,289.09,-177.72621498716487,12.20832,252.99524401796634,242.16634168999374,0.2016811438860498,7.29,6.940079999999999,-0.29220847551671986,,-0.3666929888837269,24.800623,59.478942,19.494725878057068,178.5762987629073,74.41894525505904,-7.287749558920885,0.004117264217022483,4.460551695222929
2026-09-30T18:11:53+03:00,23.88,289.08,163.475022154499,11.58624,253.99792015944524,240.9803190540729,-1.0053690431160556,7.348319999999999,6.82344,-0.22345354010102106,,-1.1459155902616465,24.800494,59.478925,18.747915556402674,169.8759350818476,63.87385524129286,-7.2339025204904095,0.004068273042562142,4.464619968265491
2026-09-30T18:11:55+03:00,23.88,289.08,167.732098572321,11.119679999999999,253.99792015944524,239.9604541787401,0.178189874285686,7.29,7.056719999999999,-0.38388172273765153,,1.1344564343590302,24.800362,59.478908,18.30885460435423,172.5853480114957,66.58326817094098,-7.229042431688471,0.004156980947200363,4.468776949212691
2026-09-30T18:11:57+03:00,23.92,289.08,174.73364282881965,11.72232,253.99792015944524,238.528059690913,-0.5318767212199431,7.251119999999999,7.07616,-0.3495042550298022,,0.37242256683503505,24.800241,59.47889,18.954519667675985,176.7458848432862,70.74380500273145,-7.239428266080794,0.003848850657260448,4.4726257998699515
2026-09-30T18:11:59+03:00,24.03,289.09,181.20806591379795,11.00304,252.99524401796634,238.72286534125752,0.44982916495720937,7.15392,6.8623199999999995,-0.14896902673401402,,-1.9079494577856415,24.800114,59.478871,18.1559963594421,179.2679126990927,72.26315671705902,-7.153336032527615,0.004041524892343865,4.476667324762295
2026-09-30T18:12:01+03:00,24.03,289.09,158.65644709744876,10.05048,252.99524401796634,237.932183583977,-0.1507451958989196,6.940079999999999,6.97896,-0.08594366926962349,,-1.449583221680983,24.799994,59.47885,16.706625722349653,167.35245394310948,60.34769796107582,-6.771681755579931,0.0038745093095301306,4.4805418340718255
2026-09-30T18:12:03+03:00,24.03,289.08,161.98533188715885,10.92528,251.9982974544387,238.06969345480837,0.37013073565451177,6.901199999999999,6.78456,-0.22345354010102106,,0.5099324376664327,24.79987,59.478832,17.61791753446402,168.94334228367467,60.941639738113395,-6.773100059808948,0.003936826449504438,4.48447866052133
2026-09-30T18:12:07+03:00,24.03,289.08,179.70691649055522,8.8452,252.99524401796634,238.95204845930982,1.0069733249424218,6.74568,6.72624,0.2578310078088704,,0.13750987083139757,24.799619,59.478792,15.59082993087289,179.8337244006472,72.82896841861356,-6.745651594187633,0.0037787929524127155,4.488257453473743
2026-09-30T18:12:09+03:00,24.07,289.08,-171.37784261711536,8.39808,245.99942933941892,240.06931615981495,0.5800624717904455,6.901199999999999,6.648479999999999,0.3666929888837269,,-2.899166443361966,24.799502,59.478769,15.256407435973179,175.26633567421925,70.73309366519968,-6.877660500570897,0.0038297887728689557,4.492087242246612
2026-09-30T18:12:11+03:00,24.11,289.08,171.35319183754783,10.63368,248.99599860795314,240.81416129348503,0.36251039697927184,6.940079999999999,6.74568,0.24064227395494575,,-2.647065013504403,24.799387,59.478753,17.525964576789367,174.76626389814191,63.762262506095055,-6.911145841630304,0.0036398609634841457,4.495727103210096
2026-09-30T18:12:13+03:00,24.18,289.08,160.81649798509198,10.51704,255.99754286445182,241.89132194833095,-0.021084846860814292,6.76512,6.57072,0.08021409131831525,,-1.598552248414997,24.799257,59.478735,17.05202006178816,168.30716926325493,64.30471212770675,-6.624731428351771,0.004113249439659047,4.4998403526497555
2026-09-30T18:12:15+03:00,24.18,289.09,167.41697178499905,11.02248,255.99754286445182,241.46160360198283,-0.9456668408634237,6.6679200000000005,6.47352,0.10313240312354818,,-2.5725805001373967,24.799145,59.478722,17.59032836436186,172.1539323852428,68.15147524969461,-6.605497604379253,0.003507092384085357,4.503347445033841
2026-09-30T18:12:17+03:00,24.33,289.08,171.2787073241808,11.13912,252.99524401796634,241.7137050318404,-0.4168267959576739,6.74568,6.39576,-0.03437746770784939,,-1.3349916626548182,24.799023,59.478705,17.83615577249139,174.56620384795596,67.56144786592233,-6.715366811217214,0.003861837368352944,4.507209282402194
2026-09-30T18:12:19+03:00,24.33,289.08,173.56480892675276,10.7892,254.9948667229729,241.61630220666814,-0.4084043163692508,6.72624,6.454079999999999,-0.3380450991271857,,-1.1459155902616465,24.798906,59.478687,17.48931504215206,176.03529332904367,71.03016005201653,-6.7101429637339605,0.0037318485582732556,4.510941130960467
2026-09-30T18:12:21+03:00,24.33,289.08,164.39748420465963,10.12824,251.9982974544387,242.59033045839055,0.7340735271216108,6.940079999999999,6.27912,-0.3495042550298022,,-0.320856365273261,24.798798,59.47867,16.91588669012956,170.73280735458658,62.73110480902528,-6.849498689220871,0.003451558313153707,4.514392689273621
2026-09-30T18:12:23+03:00,24.33,289.08,170.9463918030049,8.68968,254.9948667229729,242.6820037056115,-0.2307873998786956,6.76512,6.337439999999999,-0.09167324722093173,,-0.7505747116213785,24.798678,59.478656,15.407337832351413,174.9083230978879,69.9031898208608,-6.7384246211636905,0.0037585648322876254,4.518151254105909
2026-09-30T18:12:25+03:00,24.33,289.08,166.0476026546364,10.089360000000001,255.99754286445182,241.8798627924283,-0.04383127132750798,6.8623199999999995,6.68736,-0.3036676314193363,,-0.5557690612768985,24.79856,59.478643,16.830745846114493,171.68940298440094,67.68694584885276,-6.790259279034489,0.003685879669494546,4.521837133775404
2026-09-30T18:12:27+03:00,24.33,289.07,172.50483700576078,9.350639999999999,254.9948667229729,241.77100081135345,-0.3281329292714225,6.7068,6.53184,-0.05729577951308232,,-2.7444678386766435,24.798439,59.478629,16.0240358952921,175.63452581423812,70.629392537211,-6.687342240258474,0.003788325200532722,4.525625458975936
2026-09-30T18:12:29+03:00,24.33,289.08,172.40743418058852,9.408959999999999,253.99792015944524,242.40125438599736,0.9189670076103275,6.55128,6.68736,-0.1604281826366305,,-3.787251025814742,24.798321,59.478612,15.926343407636818,175.5230284628127,69.52094862225795,-6.531290653792515,0.003744233396076419,4.529369692372012
2026-09-30T18:12:31+03:00,24.45,289.08,161.1201656165113,9.60336,250.9956213129597,244.76184050193635,-0.4106961475497741,6.72624,6.37632,-0.040107045659157625,,-3.644011577032036,24.798206,59.478593,16.115377058268773,168.88212450867874,59.87774582163843,-6.600005640855531,0.00369162050223758,4.53306131287425
2026-09-30T18:12:33+03:00,24.48,289.08,159.26951193823876,8.553600000000001,254.9948667229729,243.5070629305999,-0.8480348325731315,6.62904,6.14304,-0.09740282517223994,,-2.0569184845196555,24.798088,59.478577,14.938885058658304,168.30656596555264,63.30143268852555,-6.491461189902997,0.0037282816495121753,4.536789594523762
2026-09-30T18:12:35+03:00,24.48,289.09,167.78939435183406,8.88408,257.9971655694584,243.36955305976852,0.23554294957828142,6.6679200000000005,6.1624799999999995,0.02864788975654116,,-3.168456607073453,24.797968,59.478565,15.465586892925216,173.02145128525262,71.01861685471101,-6.618522111057727,0.0037334983512447312,4.5405230928750075
2026-09-30T18:12:37+03:00,24.48,289.09,174.8425048098945,6.804,256.9944894279795,242.12050506638326,-1.4509010246097835,6.5124,6.14304,-0.10886198107485642,,-1.105808544602489,24.797855,59.47855,13.302921314983893,177.36474533744615,74.35923476542564,-6.505512931122014,0.0035653622445254896,4.544088455119533
2026-09-30T18:12:39+03:00,24.48,289.08,165.39443076818725,11.68344,256.9944894279795,241.01469652178082,0.3665783973247007,6.57072,6.57072,-0.11459155902616464,,3.9877862541105293,24.797749,59.478537,18.11774683368482,170.64154741039968,67.63603683837914,-6.483265926244234,0.0033288066226852607,4.5474172617422175
2026-09-30T18:12:41+03:00,24.48,289.08,171.43913550681745,12.2472,254.9948667229729,240.15525982908454,0.23978283726224955,6.82344,6.62904,-0.17188733853924698,,4.915977882222464,24.797618,59.478518,19.021754081096496,174.50011140461714,69.49497812759,-6.792027507392113,0.004158836006930662,4.551576097749148
2026-09-30T18:12:43+03:00,24.48,289.08,-176.4370599481205,10.32264,252.99524401796634,238.79734985462449,-0.10204378331279963,6.92064,7.23168,-0.045836623610465865,,2.6814424812122524,24.797493,59.478499,17.235270233522563,177.86694728815928,75.12829672980706,-6.915844609122382,0.003983038616626016,4.555559136365774
2026-09-30T18:12:45+03:00,24.48,289.08,177.9593952154062,10.5948,250.9956213129597,236.6602172787865,-1.0100672970361282,7.4844,6.92064,-0.06302535746439056,,-2.853329819751499,24.797369,59.478479,18.076418362140778,178.80414370443114,69.79976501739088,-7.4827698635733055,0.003971584616975918,4.5595307209827505
2026-09-30T18:12:47+03:00,24.48,289.08,167.0961154197258,11.547360000000001,247.99905204442555,236.53989614180904,0.04371667976848181,7.3094399999999995,6.9984,0.0,,-4.314372197335099,24.797258,59.478461,18.743420213869395,172.09218672894445,60.09123877337004,-7.239932423242074,0.003556975650160626,4.563087696632911
2026-09-30T18:12:53+03:00,24.63,289.09,174.88261185555368,11.00304,251.9982974544387,235.07885376422547,-0.4110399222268526,7.32888,6.88176,-0.38961130068895977,,5.970220225263178,24.796878,59.478395,18.31437784582259,176.92815431082434,68.92645176526304,-7.318349303181512,0.0035179223531834024,4.566605618986094
2026-09-30T18:12:55+03:00,24.78,289.08,-162.47407848078234,10.342080000000001,247.99905204442555,232.8385887852639,-0.44828217891035604,7.251119999999999,7.056719999999999,-0.3609634109324186,,4.726901809829292,24.796752,59.478371,17.394211151505324,169.68573089669331,78.31332114773224,-7.133945366923821,0.004107966067315941,4.570713585053411
2026-09-30T18:12:57+03:00,24.63,289.08,-157.26589212304316,9.54504,245.99942933941892,232.36303381530536,-0.0049847328176381624,7.1928,6.68736,0.09740282517223994,,-0.7964113352318443,24.796631,59.478343,16.416069534575044,167.01462224176035,78.98480709765857,-7.008861704616306,0.004059068919753436,4.574772653973164
2026-09-30T18:13:01+03:00,24.78,289.08,170.46510725509503,9.097919999999998,245.99942933941892,235.26792983661866,0.42416065573534845,7.13448,6.6095999999999995,0.07448451336700701,,-3.4835833943954055,24.796384,59.478287,16.177062892825113,174.65457751925484,60.65400685867377,-7.1034532629638285,0.0038802633675421097,4.5786529173407065
2026-09-30T18:13:03+03:00,24.63,289.08,165.222543429648,10.089360000000001,249.9986747494321,234.58611006041292,-0.04996191973540779,7.095599999999999,6.7068,-0.22345354010102106,,2.0053522829578814,24.796264,59.478261,17.046612528441106,171.31713212507606,61.315806874508155,-7.014277835148116,0.003982628365218595,4.582635545705925
2026-09-30T18:13:05+03:00,24.78,289.08,170.95785095890753,9.38952,248.99599860795314,234.00742268733083,-0.039362200525487556,7.251119999999999,6.55128,-0.3609634109324186,,3.3403439456126995,24.796148,59.478238,16.589717469715968,174.8967574957635,63.892756103716636,-7.2223768001608395,0.0038013887184751675,4.5864369344244
2026-09-30T18:13:07+03:00,24.78,289.08,-165.53940268473224,9.195120000000001,247.99905204442555,232.7984817396048,-1.094807754935977,7.095599999999999,6.648479999999999,-0.27501974166279514,,1.1688339020668794,24.796033,59.478215,16.163340910661333,171.8329783141548,76.16607373027077,-7.0236375695725,0.003772970951783578,4.590209905376184
2026-09-30T18:13:09+03:00,24.86,289.08,-156.85336251054895,6.72624,245.99942933941892,232.92453245453353,0.3991224000881315,6.88176,6.7068,-0.47555496995858326,,-0.16615776058793874,24.795924,59.478187,13.331369276037103,168.56077622907225,77.43865311034668,-6.745058186083266,0.0037288314092050142,4.593938736785389
2026-09-30T18:13:11+03:00,24.93,289.08,-168.86255789649104,7.6788,244.99675319794,233.93293817396383,-0.01065701498943331,6.72624,6.6095999999999995,-0.20053522829578813,,-2.492366408819081,24.795814,59.478161,14.33735374279337,174.06187813699157,70.93487506094843,-6.69014836646609,0.003703793419045838,4.597642530204435
2026-09-30T18:13:13+03:00,24.78,289.08,-177.33087410852463,10.71144,247.99905204442555,235.5429495782814,0.5408721586034971,6.92064,6.95952,-0.10886198107485642,,-2.6814424812122524,24.795687,59.478137,17.62751825434113,178.37846387708802,69.62058816733753,-6.917868625184009,0.004136587482523919,4.6017791176869585
2026-09-30T18:13:15+03:00,24.78,289.08,-177.89810232570412,9.914399999999999,248.99599860795314,236.5284369859064,0.9217745008064685,6.940079999999999,6.5124,-0.27501974166279514,,-1.0255944532841736,24.795571,59.478113,16.851733054013625,178.76356944911532,70.23242915883782,-6.938464109910601,0.003823670577523476,4.605602788264482
2026-09-30T18:13:17+03:00,24.78,289.08,-169.36676075620613,9.89496,249.9986747494321,236.16747357497403,0.42146775409823356,7.056719999999999,6.648479999999999,-0.3781521447863433,,-0.7792226013779195,24.795451,59.478092,16.88080025455874,173.7907209001281,76.207953849304,-7.01532147230841,0.003874587026702859,4.609477375291185
2026-09-30T18:13:19+03:00,24.93,289.08,-177.81788823438578,8.47584,249.9986747494321,236.1502848411201,-0.1987017633513695,6.901199999999999,6.59016,-0.4354479242994257,,0.5328507494716656,24.795342,59.478073,15.374281329667799,178.79720442291736,71.20147032651474,-6.899679392778355,0.0035179523537312153,4.612995327644916
2026-09-30T18:13:21+03:00,24.93,289.09,-172.77585963723456,7.42608,247.99905204442555,235.571597468038,-0.1504587170013542,6.95952,6.492959999999999,-0.418259190445501,,0.7505747116213785,24.795224,59.478051,14.357052786382075,176.27062631693002,71.72842572749553,-6.944782544928315,0.003837217171177679,4.616832544816094
2026-09-30T18:13:23+03:00,24.93,289.08,-176.5058148835362,8.378639999999999,246.9963759029466,235.9382904569217,-0.02297560758474601,7.03728,6.57072,-0.37242256683503505,,-1.1688339020668794,24.795102,59.478025,15.408808011310656,178.10084378564366,68.89553211730293,-7.033414450979156,0.004038879724914799,4.620871424541009
2026-09-30T18:13:25+03:00,24.93,289.09,176.49262325987127,7.9120800000000004,248.99599860795314,236.29352428990285,-0.367437834017397,6.76512,6.8623199999999995,-0.31512678732195276,,-2.7215495268714105,24.794984,59.478004,14.67036752564689,178.1092258830725,67.10522449102564,-6.7614366742597,0.00381692491367639,4.6246883494546855
2026-09-30T18:13:27+03:00,24.93,289.08,173.12936100245335,12.577679999999999,251.9982974544387,237.46808776992097,0.5062082119980823,6.76512,6.92064,-0.20626480624709637,,-3.3919101471744737,24.794873,59.477984,19.311183754055836,175.5312316285676,67.52952908300631,-6.7445537190385965,0.00359541132820543,4.628283760782891
2026-09-30T18:13:29+03:00,24.93,289.08,175.96550208835092,9.4284,250.9956213129597,239.31874144819355,-0.06692147047128015,6.901199999999999,6.78456,-0.37242256683503505,,-1.8162762105647094,24.794755,59.477962,16.319722598480997,177.67043178685134,68.66605309981105,-6.895496513902752,0.003837226080675474,4.632120986863566
2026-09-30T18:13:31+03:00,24.97,289.09,172.16679190663356,10.90584,252.99524401796634,237.28474127547912,-1.0299489325271678,7.15392,6.92064,-0.6875493541569879,,0.2119943841984046,24.794631,59.47794,18.019404360255262,175.2685056131751,68.26374963114142,-7.129540844477352,0.004009666762704906,4.636130653626271
2026-09-30T18:13:33+03:00,25.08,289.08,178.70424034907626,9.350639999999999,249.9986747494321,237.45089903606709,0.7404333586475629,6.9984,7.056719999999999,-0.716197243913529,,-0.045836623610465865,24.794517,59.477921,16.348016432304206,179.2589017071462,69.2575764565783,-6.997814577956097,0.0036626696325628098,4.639793323258834
2026-09-30T18:13:35+03:00,25.08,289.09,-168.9886086114198,6.76512,247.99905204442555,237.51392439353148,-0.45527226401095217,7.056719999999999,7.056719999999999,-0.590146528984748,,-1.082890232797256,24.79439,59.477897,13.758103675940777,174.61081690106653,73.38823514335903,-7.02552727669848,0.0041366132986544795,4.643929936557488
2026-09-30T18:13:39+03:00,25.23,289.08,-177.09023183456964,9.46728,249.9986747494321,235.35960308383957,-0.2824681929994959,6.88176,6.648479999999999,-0.6359831525952138,,0.13750987083139757,24.794141,59.47785,16.34390135143548,178.31498495275412,71.68368979667798,-6.878784222009079,0.00384576307239518,4.647775699629884
2026-09-30T18:13:41+03:00,25.38,289.09,-162.05008971238553,9.583919999999999,248.99599860795314,234.89550726978362,-0.4911967177656548,6.901199999999999,6.68736,-0.544309905374282,,0.5729577951308232,24.794023,59.477832,16.288663898812917,169.55275787045437,79.44324073749877,-6.786793927837267,0.003761161441930736,4.651536861071815
2026-09-30T18:13:43+03:00,25.38,289.08,-166.31862528611015,9.89496,251.9982974544387,233.17090430643984,-0.8947308928762936,7.07616,6.59016,-0.5099324376664327,,1.3464508185574346,24.793916,59.477812,16.853650126281405,172.01783741948645,79.98046003495224,-7.007601550798958,0.0034805867084834953,4.655017447780298
2026-09-30T18:13:45+03:00,25.53,289.11,-170.49548761261389,8.748,247.99905204442555,233.45738320400523,0.32939343642071023,6.95952,6.78456,-0.4640958140559668,,1.1688339020668794,24.793794,59.477788,15.654222583168142,174.70541727969157,73.29363476473398,-6.929826702063607,0.003993926780343408,4.659011374560642
2026-09-30T18:13:47+03:00,25.53,289.09,-165.03519982501714,8.88408,248.99599860795314,235.65754113730762,-0.7534967963765455,7.2122399999999995,6.6679200000000005,-0.4812845479098915,,0.34377467707849396,24.79368,59.477766,15.960743258131009,171.73604255956758,77.25995604838556,-7.1373510004650536,0.0037228551175830576,4.662734229678224
2026-09-30T18:13:49+03:00,25.68,289.09,-177.52567975886907,9.350639999999999,245.99942933941892,234.95280304929668,-1.3643271017655163,7.1928,7.46496,-0.48701412586119974,,-1.8277353664673262,24.793555,59.477745,16.53964918735084,178.601446511567,67.39798282785193,-7.19065731010023,0.00401923883225237,4.666753468510477
2026-09-30T18:13:51+03:00,25.8,289.08,172.22408768614665,10.983600000000001,246.9963759029466,232.64378313491946,0.16501184499767713,7.07616,6.84288,-0.5672282171795151,,-0.6073352628386726,24.793436,59.477722,18.020144264308712,175.26960629741552,62.265982200362146,-7.052057046943074,0.0038868922476607212,4.670640360758138
2026-09-30T18:13:53+03:00,25.68,289.08,173.39292158821354,12.75264,246.9963759029466,231.96769293666512,1.1265496167862246,6.97896,6.68736,-0.8537071147449266,,1.380828286265284,24.793316,59.477696,19.701620740152173,175.72882882012448,62.7252047230711,-6.959577567694976,0.003982684722788568,4.674623045480926
2026-09-30T18:13:57+03:00,25.83,289.09,-177.07304310071572,9.097919999999998,248.99599860795314,234.57465090451035,0.09929358589617167,7.1928,6.82344,-0.9224620501606254,,2.9507326449237397,24.793084,59.477646,16.28547877707187,178.36533818568472,70.63066042226842,-7.189872822215057,0.0033829323245111245,4.678005977805437
2026-09-30T18:14:03+03:00,25.95,289.09,178.75580655063806,8.748,246.9963759029466,236.88940039683888,1.0684516963599593,7.44552,6.72624,-1.1229972784564135,,6.623392111712317,24.792704,59.477579,16.192571671597186,179.32786473040463,66.32424063335122,-7.445007695507997,0.003797513956475344,4.6818034917619125
2026-09-30T18:14:06+03:00,25.98,289.08,-167.0233633741211,8.184239999999999,249.9986747494321,239.0723695962873,0.6511665341661806,7.01784,6.47352,-0.8307888029396938,,4.337290509140332,24.792588,59.477561,15.105284441324349,173.01173045521742,76.98694429421468,-6.965705040469447,0.0037027568740387695,4.685506248635951
2026-09-30T18:14:08+03:00,26.1,289.08,-160.44580788601922,7.698239999999999,254.9948667229729,238.90621183569934,-1.3938917239942668,6.84288,6.454079999999999,-0.664631042351755,,3.019487580339438,24.792471,59.47754,14.330658902557404,169.64215242594432,85.35271429702857,-6.731368511737381,0.003788175357834323,4.689294423993785
2026-09-30T18:14:10+03:00,26.1,289.09,-168.9141240980528,8.378639999999999,254.9948667229729,238.29887657286068,0.33437816923834845,6.6679200000000005,6.55128,-0.7792226013779195,,5.145161000274793,24.79235,59.477523,14.977115233061783,173.82490942805202,81.16995729492086,-6.629231547303013,0.003832532224313564,4.693126956218099
2026-09-30T18:14:12+03:00,25.98,289.09,-155.23762152828004,6.6679200000000005,254.9948667229729,238.98642592701768,1.3373980853943679,6.454079999999999,6.337439999999999,-0.19480565034447989,,3.6497411549833445,24.792238,59.477509,12.816900054321664,167.4138437419317,87.5810229810412,-6.298984849617614,0.003521091519873139,4.696648047737972
2026-09-30T18:14:14+03:00,26.13,289.1,-145.17075306783147,7.60104,255.99754286445182,238.2931469949094,-0.9489327002956695,6.7068,6.1236,-0.08021409131831525,,1.942326925493491,24.792125,59.477489,13.65464852788982,161.46230352622496,94.53523933822686,-6.358815579321254,0.0036530559469877726,4.70030110368496
2026-09-30T18:14:16+03:00,26.13,289.09,178.62402625775798,7.7176800000000005,248.99599860795314,236.70605390239703,-0.02016811438860498,6.7068,6.0652800000000004,-0.21772396214971285,,1.065701498943331,24.791998,59.477466,14.423445235086794,179.26379610953526,68.25979471748838,-6.706246356333319,0.004116083759744485,4.7044171874447045
2026-09-30T18:14:18+03:00,26.13,289.1,-170.89655806920544,6.25968,252.99524401796634,235.2908481484239,-1.9302375160162302,6.55128,6.18192,-0.02864788975654116,,2.5783100780887045,24.791894,59.477449,12.770576511185462,175.55210260858453,77.44314140938181,-6.5315493085971905,0.003335232132645388,4.70775241957735
2026-09-30T18:14:20+03:00,26.13,289.09,-171.6815102485347,7.7176800000000005,250.9956213129597,234.71789035329303,0.06480152662929611,6.25968,6.08472,-0.3323155211758775,,3.804439759668666,24.791788,59.477429,13.940949176897737,175.4061425008507,75.58947881210901,-6.239570593985884,0.003451988824123252,4.711204408401473
2026-09-30T18:14:22+03:00,26.17,289.09,-166.50197178055203,7.542719999999999,248.99599860795314,231.65256614934316,0.3501918043839592,6.4152,5.81256,-0.24064227395494575,,4.176862326503702,24.791678,59.477406,13.861831639380213,172.70328202198155,76.29271658597159,-6.363247910865914,0.003631458236296711,4.714835866637769
2026-09-30T18:14:24+03:00,26.28,289.1,-161.5974530542322,9.078479999999999,246.9963759029466,231.62964783753793,0.08181837314468156,6.47352,6.24024,-0.3323155211758775,,0.03437746770784939,24.791574,59.477381,15.357537872128448,169.24450715212157,77.75186875082503,-6.359796511665271,0.0035125145689801004,4.7183483812067495
2026-09-30T18:14:26+03:00,26.17,289.09,-163.9007433906581,7.970399999999999,248.99599860795314,232.34011550350016,0.9503650947834965,6.53184,6.201359999999999,-0.03437746770784939,,-0.26929016371148695,24.791457,59.477354,14.36076450342291,171.1466404455693,77.84935816238385,-6.454016243501117,0.0034806300850904154,4.72182901129184
2026-09-30T18:14:30+03:00,26.4,289.09,-164.5195378093994,7.62048,248.99599860795314,242.1949895797503,-1.3964127382928424,6.7068,6.648479999999999,-0.418259190445501,,1.1172677005051053,24.791124,59.477287,14.197275671954452,171.76314606835845,77.23285253959469,-6.637614556128569,0.0036828429376896013,4.72551185422953
2026-09-30T18:14:32+03:00,26.43,289.09,-171.53827079975196,10.90584,257.9971655694584,241.28398668549227,-1.6987625667833777,6.78456,6.92064,-0.09167324722093173,,-0.4812845479098915,24.791007,59.477274,17.64481136478231,174.78178576294223,83.21537980651615,-6.75644163764322,0.0036561943947635354,4.7291680486242935
2026-09-30T18:14:34+03:00,26.7,289.09,181.33984620667806,9.73944,258.99984171093735,239.98337249054532,-0.7533249090380063,7.01784,7.15392,-0.3495042550298022,,6.663499157371475,24.790884,59.477262,16.756164773129623,179.22126785261915,78.22110956355652,-7.017191816870269,0.00382353523236824,4.732991583856662
2026-09-30T18:14:36+03:00,26.58,289.09,-161.36254035822856,8.92296,255.99754286445182,240.14380067318194,-0.584646134151492,7.03728,7.44552,-0.6073352628386726,,4.8586821027093805,24.790756,59.477247,15.752569677833284,169.570602555706,86.42694030874583,-6.921015128046854,0.004010193650601712,4.737001777507263
2026-09-30T18:14:38+03:00,26.58,289.09,-153.0374635949777,7.32888,255.99754286445182,240.08077531571755,-0.13063437728982769,7.056719999999999,7.42608,0.14896902673401402,,-4.457611646117805,24.79063,59.477231,13.989365780729782,166.25886917878657,89.73867368566525,-6.854748566058599,0.003964876704675617,4.740966654211939
2026-09-30T18:14:43+03:00,26.73,289.09,177.1859021919796,3.81024,250.9956213129597,235.08458334217676,-1.5670968654623147,7.1928,7.23168,0.0,,-2.532473454478239,24.79038,59.477192,11.00003591148937,179.02558551941948,70.02120683237922,-7.191759841038254,0.003808066898515648,4.7447747211104545
2026-09-30T18:14:45+03:00,26.81,289.09,170.2244649811401,6.804,247.99905204442555,234.3626565203119,0.7772172490949617,7.07616,6.24024,0.045836623610465865,,0.7448451336700701,24.790257,59.477168,13.829704375061052,175.20830414289614,63.20735618732169,-7.0514286552246634,0.00402247239425404,4.748797193504709
2026-09-30T18:14:47+03:00,26.88,289.08,178.67559245931972,5.26824,245.99942933941892,237.34776663294352,-0.2801763618189726,6.95952,6.4152,-0.40107045659157625,,4.7039834980240585,24.790138,59.477139,12.226958947740217,179.42939280249473,65.42882214191366,-6.95917487618526,0.004029344989534813,4.752826538494244
2026-09-30T18:14:49+03:00,26.88,289.09,-161.90112068565153,6.88176,250.9956213129597,233.81261703698632,-1.0789941197903665,6.8623199999999995,6.95952,0.12605071492878112,,2.200157933302361,24.790022,59.477118,13.57300761555708,170.9376530632801,80.05796824967962,-6.776661298190106,0.0037594480915634724,4.756585986585807
2026-09-30T18:14:51+03:00,26.92,289.08,-176.75218673544245,6.92064,243.9998066344124,232.97036907814402,0.70227436949185,6.53184,6.18192,0.3093972093706446,,-1.7589804310516275,24.78991,59.477093,13.4470816984829,178.32914708923335,65.67065954517906,-6.5290628077869215,0.003734744947632659,4.76032073153344
2026-09-30T18:14:53+03:00,27.03,289.08,168.9754169877549,8.90352,248.99599860795314,234.4657889234355,-0.3650887070573606,6.6095999999999995,6.318,0.040107045659157625,,-2.3663156938903005,24.789797,59.47707,15.442953505100443,173.67013905974545,62.66613766769859,-6.56930543316346,0.0037163397107119107,4.764037071244152
2026-09-30T18:14:55+03:00,27.03,289.08,170.54532134641337,10.4004,252.99524401796634,235.1762565893977,0.7187755539916179,6.4152,6.045839999999999,0.11459155902616464,,0.0,24.789691,59.477052,16.761614373179,174.1499031008676,67.14514711883396,-6.381789441997091,0.0034120196259864,4.767449090870138
2026-09-30T18:15:05+03:00,27.03,289.09,178.95634177893385,10.45872,246.9963759029466,237.29620043138178,-0.10244485376939119,6.804,6.24024,-0.13178029288008933,,0.2807493196141034,24.789582,59.477033,17.26203613316028,179.36769063741653,66.36406654036313,-6.803585672402617,0.0035180492498257973,4.770967140119964
2026-09-30T18:15:07+03:00,27.18,289.09,168.4425662382832,8.378639999999999,247.99905204442555,237.66289342026548,0.7477099226457243,6.78456,6.18192,0.040107045659157625,,0.7792226013779195,24.789464,59.477012,15.086997102440273,173.61173166299193,61.610783707417454,-6.742432782734958,0.0038170247459863214,4.774784164865951
2026-09-30T18:15:09+03:00,27.18,289.1,166.84401398986824,9.31176,251.9982974544387,238.081152610711,-1.1850486076690816,6.82344,6.82344,-0.17188733853924698,,3.724225668350351,24.789354,59.476993,16.031513779731686,172.40319625556862,64.40149371000734,-6.763550098428584,0.0035469412845787296,4.778331106150529
2026-09-30T18:15:11+03:00,27.18,289.1,173.54189061494753,11.29464,250.9956213129597,237.05555815742684,-0.6665790988551998,7.03728,6.68736,-0.6187944187412892,,7.0702991919143585,24.78923,59.476973,18.304385878277436,176.02028558475112,67.0159068977108,-7.0203109014075356,0.003971745462778916,4.7823028516133075
2026-09-30T18:15:13+03:00,27.33,289.09,-173.26860334104705,9.020159999999999,250.9956213129597,234.64340583992603,-0.3640573830261251,6.940079999999999,6.97896,-0.3552338329811104,,4.251346839870708,24.789106,59.476956,15.933179043408414,176.1951573770337,74.80046393592602,-6.924783114810967,0.0039209363228228985,4.78622378793613
2026-09-30T18:15:15+03:00,27.33,289.1,-164.23305891183398,8.41752,246.9963759029466,235.96120876872692,-0.3632552421129419,7.270560000000001,6.8623199999999995,-0.1604281826366305,,-3.8445468053278242,24.788987,59.476929,15.54060937839627,171.53652155896333,75.45985434398327,-7.19138272421349,0.003978836123913667,4.7902026240600435
2026-09-30T18:15:17+03:00,27.48,289.1,167.2565436023624,10.16712,251.9982974544387,236.4310341607342,0.9889824501753138,7.251119999999999,6.82344,0.03437746770784939,,0.1432394487827058,24.788874,59.476909,17.313668693085,172.55728179877104,64.55557925320977,-7.190028300395678,0.003653111876746499,4.79385573593679
2026-09-30T18:15:21+03:00,27.6,289.09,-160.78958256309772,8.04816,246.9963759029466,237.18160887235555,0.436364656771635,7.52328,7.75656,-0.7505747116213785,,6.829656917959412,24.788611,59.476861,15.35339178801997,170.06795616814588,76.92841973480071,-7.410528732380677,0.004158067464934713,4.798013803401725
2026-09-30T18:15:23+03:00,27.71,289.09,-150.07527179415132,8.59248,248.99599860795314,234.8382114902705,-1.361462312789862,7.348319999999999,7.29,-0.46982539200727513,,0.3495042550298022,24.788484,59.476836,15.4036868894686,163.84272413722314,85.15327447073,-7.058072058367065,0.004158070140077434,4.802171873541802
2026-09-30T18:15:25+03:00,27.78,289.1,-170.06003968831445,8.86464,246.9963759029466,231.5035971226091,-2.152888915204068,7.07616,6.4152,-0.38388172273765153,,-2.1886987773997446,24.788366,59.476813,15.8816220345313,174.47102730014745,72.52534860279914,-7.04323890775406,0.0038584671227758893,4.806030340664578
2026-09-30T18:15:27+03:00,27.78,289.1,-172.8274258387963,9.85608,245.99942933941892,228.32368135963304,0.07270834420210147,7.056719999999999,6.57072,-0.29220847551671986,,-5.907194867798787,24.788245,59.476787,16.880588350922896,175.81936548095211,70.18006385846681,-7.037943296932632,0.0040108728496497095,4.810041213514228
2026-09-30T18:15:36+03:00,28.23,289.09,-177.6116234281387,10.12824,244.99675319794,227.36111226381325,-0.3136370970546126,5.6181600000000005,5.1710400000000005,-0.20626480624709637,,-7.018732990352585,24.787427,59.476577,15.74326052115961,178.46372712781107,66.53302607012893,-5.616140566543763,0.0032680452409202232,4.813309258755148
2026-09-30T18:15:38+03:00,28.27,289.09,181.13931097838227,9.136800000000001,249.9986747494321,221.75758502743383,-5.420066150378562,5.443199999999999,5.1710400000000005,-0.7964113352318443,,-1.0026761414789407,24.787333,59.476558,14.57932563359918,179.28602733676195,69.28470208619405,-5.442777393104397,0.0030885497314818455,4.81639780848663
2026-09-30T18:15:40+03:00,28.27,289.09,-150.459153516889,7.795439999999999,239.99483164644792,203.89849055320607,-10.25399647633829,5.6181600000000005,4.723920000000001,-1.0141352973815572,,2.790304462287109,24.78724,59.476539,12.982221875096673,162.77899273330667,77.21583891314125,-5.366297200385855,0.003060207590615823,4.819458016077245
2026-09-30T18:15:42+03:00,28.38,289.09,-118.88344942722931,7.9120800000000004,226.99441927492956,186.2342017293228,-8.197479062275228,5.7348,4.68504,-1.0313240312354817,,8.5599894592545,24.78717,59.476501,11.803520214430046,144.06048999644813,82.93392927848143,-4.6431068263880375,0.003127896697472656,4.822585912774718
2026-09-30T18:15:44+03:00,28.23,289.09,-98.25696880251968,9.078479999999999,199.99664796836515,167.38961984747002,-9.582661827783506,6.006959999999999,5.28768,-1.3464508185574346,,14.386970235734971,24.787124,59.476454,11.583003421047206,129.1358797833505,70.86076818501465,-3.7913628439233684,0.0031548429163083228,4.825740755691027
2026-09-30T18:15:46+03:00,28.31,289.09,-72.06133840913844,12.48048,187.99891173832572,150.00608034320084,-7.439226716199096,6.24024,5.773680000000001,-1.558445202755839,,15.166192837112892,24.787108,59.476398,12.113148727954174,101.40972862720601,86.58918311111971,-1.2344678912313192,0.0034012877005785568,4.829142043391605
2026-09-30T18:15:48+03:00,28.23,289.1,-60.53342757110629,14.15232,173.9958232253284,132.91474931444836,-7.422381757022249,6.0264,5.96808,-1.6844959176846201,,15.103167479648501,24.787126,59.47634,12.357066744709577,85.65893603067454,88.33688719465385,0.45615865488544033,0.003529289329168651,4.832671332720774
2026-09-30T18:15:50+03:00,28.23,289.1,-39.09907645526219,16.893359999999998,145.99537577728506,116.7229620240513,-5.141665957724495,5.832,5.5404,-1.2032113697747289,,10.27313326669566,24.78718,59.476288,12.902729461255493,55.66140174484585,90.33397403243922,3.28972876607881,0.0035337009751723425,4.836205033695946
2026-09-30T18:15:52+03:00,28.23,289.09,-44.685414957787714,16.77672,136.99993839373113,108.32340074743344,-0.9782108436268546,5.598719999999999,4.97664,-0.6531718864491385,,6.210862499218124,24.787251,59.476248,13.388136434887864,61.7874067743314,75.21253161939973,2.64676385191849,0.0032371027095845447,4.8394421364055304
2026-09-30T18:15:54+03:00,28.23,289.09,-35.99937478360444,18.3708,129.99839413723248,104.24967082405328,-3.618514955148714,4.87944,5.07384,-0.911002894258009,,7.505747116213785,24.787324,59.476215,14.705603649448166,47.245794947184436,82.75259919004804,3.3124304705231395,0.002983461935326045,4.842425598340856
2026-09-30T18:15:56+03:00,28.23,289.1,-30.252608098442277,18.7596,121.9999033172062,95.14537145942451,-1.860451256569296,4.704479999999999,4.87944,-0.5844169510334397,,3.9877862541105293,24.787388,59.476188,14.885718425901631,39.41452759033825,82.58537572686795,3.6345523923820497,0.0025399320879528984,4.8449655304288095
2026-09-30T18:15:58+03:00,28.23,289.09,-26.453897916724916,19.36224,113.99568291922859,96.21680253631915,0.854623847217136,4.4712,4.374,-0.22345354010102106,,2.016811438860498,24.78747,59.476168,15.487819017998229,33.842917172752465,80.15276574647612,3.7136336081166363,0.0027770257766062353,4.847742556205416
2026-09-30T18:16:00+03:00,28.23,289.1,-25.348089372122427,16.15464,120.99722717572726,93.09991213080748,-3.6219527019194984,4.723920000000001,3.9074399999999994,-0.6359831525952138,,7.717741500412188,24.787541,59.476146,12.056354925070636,35.00479946818149,85.99242770754577,3.8693817436441487,0.002539060160353218,4.85028161636577
2026-09-30T18:16:02+03:00,28.23,289.1,-28.012343119480757,17.26272,117.99492832924174,87.11823274964168,-3.649397380306265,4.49064,4.04352,-0.590146528984748,,9.814767030591003,24.787616,59.476123,13.464385285063086,37.02435511190913,80.97057321733261,3.5852354578445333,0.0026746398251773114,4.852956256190947
2026-09-30T18:16:04+03:00,28.12,289.09,-19.372139568907944,17.28216,107.99681480420887,82.37414220595845,-0.45395446108215126,4.31568,3.9074399999999994,-0.5328507494716656,,8.58863734901104,24.78769,59.476109,13.288149633435903,25.556569415234407,82.44024538897446,3.8934329676065813,0.0024107527424826985,4.85536700893343
2026-09-30T18:16:06+03:00,28.08,289.1,-24.15633715825032,17.18496,103.99756939419571,88.53343850361479,2.4724847733280413,4.1796,4.4712,-0.41252961249419273,,6.886952697472495,24.787758,59.476102,13.480308538497463,31.44578953765651,72.5517798565392,3.5657594733075677,0.0021181528994399803,4.85748516183287
2026-09-30T18:16:08+03:00,28.08,289.1,-22.74686098222849,16.7184,109.99643750921543,94.08539953843247,1.0312094396764557,4.276800000000001,4.4712,-0.9511099399171665,,12.204001036286533,24.787836,59.476087,12.880832157923345,30.122975862820056,79.87346164639537,3.6992191991566092,0.0025462055815794324,4.860031367414449
2026-09-30T18:16:10+03:00,27.97,289.1,-22.546325753932702,17.554319999999997,125.99914872721935,90.544520364524,-3.1621540713270138,4.84056,3.9074399999999994,-1.8105466326134017,,20.082170719335352,24.787908,59.476064,13.214713669868528,30.62025980754413,95.37888891967522,4.16560187842818,0.0025966722280678788,4.862628039642517
2026-09-30T18:16:12+03:00,27.93,289.1,-20.856100258296774,18.215279999999996,116.99798176571409,88.55062723746873,0.2884842498483695,4.704479999999999,4.510079999999999,-2.131402997886662,,23.113117455577406,24.787987,59.476042,13.92017979829261,27.766766127904674,89.23121563780941,4.162765476830303,0.002750500146286054,4.865378539788803
2026-09-30T18:16:14+03:00,27.93,289.1,-31.11777436908982,17.04888,112.99873635570096,93.08272339695354,2.45145722224674,4.74336,5.0544,-1.9824339711526484,,21.70937085750689,24.788066,59.476025,13.217367860957363,41.80603732573866,71.1926990299623,3.53572787623698,0.002619300468344315,4.867997840257147
2026-09-30T18:16:16+03:00,27.93,289.1,-22.494759552370926,18.954,118.99760447072069,91.98264443030236,-1.8843435966262514,5.1710400000000005,4.41288,-2.039729750665731,,22.173466671562856,24.788148,59.476005,14.313788740707814,30.43954717415164,88.55805729656905,4.458285486700389,0.0027770366646309745,4.870774876921779
2026-09-30T18:16:18+03:00,27.93,289.1,-25.73197109486008,19.42056,112.99873635570096,89.80540480880524,0.7904525741624836,5.09328,4.80168,-1.9595156593474157,,20.500429909780856,24.788228,59.475991,14.996288047408346,34.211555955489246,78.78718040021171,4.211975455359084,0.0025832018655282908,4.873358078787307
2026-09-30T18:16:20+03:00,27.86,289.09,-21.663970749431233,18.40968,112.99873635570096,93.00250930563523,1.6468525905445253,5.1710400000000005,5.151599999999999,-1.8105466326134017,,18.89041850546324,24.788317,59.475975,13.737180068961939,29.651788950928932,83.34694740477202,4.493882520062389,0.0028822362435541706,4.876240315030861
2026-09-30T18:16:22+03:00,27.78,289.1,-19.790398759353444,18.93456,111.99606021422201,92.19463881450076,-1.3458205649827906,5.22936,4.93776,-2.0282705947631143,,21.233815887548307,24.788408,59.475957,14.125463695739088,26.991085497783075,85.00497471643894,4.659763197864676,0.002981357637919725,4.8792216726687805
2026-09-30T18:16:24+03:00,27.78,289.1,-21.05090590864125,19.167839999999998,110.99911365069438,89.73092029543824,-0.6530572948901123,5.19048,4.97664,-2.4809072529164644,,23.674616094805618,24.788494,59.475939,14.444591611451068,28.46693165945456,82.53218199123982,4.562911308239998,0.0028396618966330307,4.882061334565414
2026-09-30T18:16:26+03:00,27.78,289.1,-21.2915481825962,19.07064,110.99911365069438,88.21258213834156,1.4244876702542526,5.13216,4.87944,-2.6356058576017865,,24.33351755920606,24.788587,59.475924,14.409787833965746,28.722185748770187,82.2769279019242,4.5006997958135635,0.0029788933240496454,4.885040227889464
2026-09-30T18:16:28+03:00,27.63,289.1,-24.717835797478525,19.167839999999998,105.9971920992023,91.64459933117517,1.2714506431748096,5.0544,4.548959999999999,-2.457988941111232,,24.16163022066682,24.788663,59.475917,14.728958231775568,32.96783519823737,73.02935690096493,4.240521235328127,0.00235802610949527,4.887398253998959
2026-09-30T18:16:30+03:00,27.63,289.09,-17.86526056771388,17.72928,110.99911365069438,92.97959099382999,-0.18111195904085323,5.19048,4.548959999999999,-2.8762481315567325,,26.728481142852903,24.788757,59.4759,12.88782920428745,24.96247674492207,86.03663690577231,4.705608026244071,0.0030461991444844343,4.890444453143443
2026-09-30T18:16:32+03:00,27.63,289.1,-17.36105770799875,17.96256,109.99643750921543,90.09761328432195,-2.647351492401969,5.01552,4.859999999999999,-3.030946736242055,,28.149416474777343,24.788848,59.475882,13.260255822069778,23.841437255522408,86.15500025369302,4.5875335306115606,0.0029813633852420625,4.893425816528685
2026-09-30T18:16:34+03:00,27.52,289.1,-24.402709010156567,17.84592,103.99756939419571,90.1262611740785,2.6628786486500142,4.93776,4.957199999999999,-2.4121523175007655,,23.62877947119515,24.788937,59.475868,13.504256617943703,33.09137012189976,70.90619927229595,4.136860072588613,0.0028443903937565742,4.896270206922442
2026-09-30T18:16:36+03:00,27.48,289.1,-20.603998828439213,17.496,99.99832398418258,91.51281903829508,-2.020363777190309,5.09328,4.87944,-1.8449241003212509,,19.28575938410351,24.789025,59.47586,12.854087638259987,28.619382136355483,71.3789418478271,4.470988103714646,0.0027292285647775834,4.8989994354872195
2026-09-30T18:16:38+03:00,27.37,289.1,-16.696426665646996,17.5932,102.99489325271679,89.40433435221367,0.5785154857435922,5.13216,4.78224,-1.650118449976771,,16.226164758104915,24.789117,59.475848,12.762867625149866,23.330529547795464,79.66436370492133,4.7125314423955285,0.00289978846139866,4.901899223948618
2026-09-30T18:16:40+03:00,27.33,289.1,-20.15709174823717,16.56288,105.9971920992023,93.39212060632418,-0.9000594003710102,4.957199999999999,4.957199999999999,-1.9881635491039567,,19.70401857454901,24.789205,59.475837,12.031189109701655,28.319718152296417,77.67747394690588,4.363893282016584,0.002766701137862727,4.904665925086481
2026-09-30T18:16:42+03:00,27.33,289.1,-18.988257846170292,17.61264,111.99606021422201,90.41274007164391,-0.5667698509434104,5.19048,4.84056,-2.985110112631589,,25.702886689568732,24.789292,59.475822,12.816358115266064,26.560313569426114,85.4357466447959,4.642698367592515,0.002804868041404693,4.907470793127885
2026-09-30T18:16:44+03:00,27.33,289.1,-18.764804306069273,18.215279999999996,108.99949094568781,88.24695960604939,-0.6170182495763836,5.7348,5.03496,-2.9965692685342056,,26.035202210744607,24.789391,59.475806,12.917708844339868,26.975358206056285,82.02413273963153,5.110863475960744,0.0031716774066579303,4.910642470534543
2026-09-30T18:16:46+03:00,27.18,289.1,-21.171227045618725,18.52632,101.99794668918915,90.22939357720205,1.6403781674595468,5.346,4.723920000000001,-2.738738260725335,,24.047038661640652,24.789489,59.475794,13.67809996975831,29.285953974527644,72.7119927146615,4.6627235596214005,0.0030775461169436943,4.913720016651487
2026-09-30T18:16:48+03:00,27.18,289.1,-22.95312578847559,18.954,101.99794668918915,92.29204163967302,0.6703606203030631,5.19048,5.346,-2.6012283898939375,,23.56002453577945,24.789579,59.475789,14.31828092564987,31.080244634206508,70.91770205498264,4.445361330902694,0.0027639845896785297,4.916484001241166
2026-09-30T18:16:50+03:00,27.03,289.11,-17.000094297066333,19.10952,101.99794668918915,88.54489765951743,-2.350788537642255,5.3654399999999995,4.82112,-2.457988941111232,,23.53710622397422,24.789675,59.475777,14.066274075434047,23.403204213172046,78.5947424760171,4.924038204029432,0.003018224435781885,4.919502225676948
2026-09-30T18:16:52+03:00,27.03,289.11,-21.182686201521346,19.187279999999998,93.99945586916286,89.58768084665553,1.416408965342908,5.1710400000000005,5.09328,-1.730332541295086,,16.976739469726294,24.789766,59.475771,14.486639635444018,28.59346585260809,65.40599001655477,4.54036734881306,0.00280143803681215,4.92230366371376
2026-09-30T18:16:54+03:00,26.88,289.11,-21.641052437626005,19.71216,99.99832398418258,89.20379912391788,-0.10255944532841735,5.151599999999999,5.151599999999999,-1.2662367272391195,,12.238378503994385,24.789866,59.475765,15.04412854533988,28.896075546271874,71.1022484379107,4.510213576276776,0.003074115578049316,4.925377779291809
2026-09-30T18:16:56+03:00,26.88,289.1,-20.529514315072205,18.33192,96.99602513769707,91.16331478326528,2.6192192646610453,5.2488,4.7628,-1.0542423430407146,,10.003843102984174,24.789956,59.475758,13.542143357583045,28.341561680816056,68.65446345688102,4.619643265665454,0.0027796285223233657,4.928157407814132
2026-09-30T18:16:58+03:00,26.77,289.1,-19.62997057671681,17.70984,104.99451595772337,97.7236815375132,3.833717902999851,4.82112,4.93776,-1.283425461093044,,12.461832044095404,24.790041,59.475751,13.268138706163707,26.641493326770274,78.35302263095309,4.3092604236975,0.0026288451124245452,4.9307862529265565
2026-09-30T18:17:00+03:00,26.73,289.1,-21.904613023386183,18.059759999999997,112.99873635570096,102.19275233953363,3.8361243257394007,5.19048,5.01552,-2.0053522829578814,,18.002333923010465,24.790128,59.475735,13.384808086913361,30.222753587552603,82.77598276814835,4.484963860672937,0.0028247693570519167,4.933611022283609
2026-09-30T18:17:02+03:00,26.73,289.11,-27.221661362200216,16.368479999999998,119.9945510342483,108.74738951583025,4.09727848876003,5.1710400000000005,5.09328,-3.134079139365603,,26.161252925673388,24.790212,59.475713,12.005497929689698,38.58483584549725,81.40971518875105,4.042127317726541,0.002885300014937639,4.936496322298546
2026-09-30T18:17:04+03:00,26.62,289.11,-28.682703739783822,18.72072,122.99684988073382,113.11332791472712,0.5767393165786867,4.82112,4.859999999999999,-3.128349561414295,,28.017636181897256,24.790295,59.475691,14.674775135787876,37.755043014261474,85.24180686647234,3.8117495138045783,0.0028582019023814798,4.939354524200928
2026-09-30T18:17:06+03:00,26.58,289.11,-28.83740234446914,17.90424,126.99609529074696,107.26915840439274,-5.191914356357468,6.24024,5.20992,-2.6814424812122524,,25.118469738535293,24.790384,59.475658,12.796832307891364,42.44087305683172,84.55522223391525,4.6051356604488065,0.0033640745520463274,4.9427185987529745
2026-09-30T18:17:08+03:00,26.58,289.11,-29.312957314427727,20.29536,116.99798176571409,98.6232252758686,-2.7820538700372257,5.87088,6.27912,-2.3663156938903005,,22.49432303683612,24.790483,59.475632,15.44598038118033,40.03734716146468,76.9606346042494,4.494894211719224,0.00340250830254393,4.946121107055518
2026-09-30T18:17:10+03:00,26.43,289.11,-23.795373747317896,19.40112,105.9971920992023,97.1564533203337,-0.5831564438841519,5.7153599999999996,6.1236,-0.13750987083139757,,15.916767548734269,24.790585,59.475613,14.357997468693323,33.037461732399805,72.95973036680249,4.791267943659742,0.0033167767040999754,4.949437883759618
2026-09-30T18:17:12+03:00,26.28,289.1,-13.493592590865696,17.90424,105.9971920992023,91.19769225097312,-0.8988561890012355,5.94864,6.045839999999999,-0.5099324376664327,,11.178406583002362,24.790696,59.475596,12.199030432659168,20.026996172900112,85.97019592630218,5.588933865842145,0.003539430885456144,4.952977314645074
2026-09-30T18:17:14+03:00,26.28,289.1,-15.344246269138257,17.43768,103.99756939419571,91.40395705722023,-3.0480208785369536,5.57928,5.6376,-0.12605071492878112,,10.3017811564522,24.790797,59.475587,12.14733522083836,22.325187067990782,81.67238232620493,5.161072910932899,0.0031305275199592876,4.956107842165033
2026-09-30T18:17:16+03:00,26.13,289.1,-14.295733504048847,17.43768,102.99489325271679,91.28936549819406,-0.18197139573354945,5.5404,5.1710400000000005,-0.12605071492878112,,9.992383947081557,24.790888,59.475577,12.146135399117961,20.762937238775663,82.23195601394113,5.180579762754518,0.002842423403867531,4.958950265568901
2026-09-30T18:17:18+03:00,26.1,289.11,-11.751800893667994,16.485120000000002,102.99489325271679,91.83940498151965,0.27118092443541864,5.48208,5.22936,-1.008405719430249,,14.581775886079452,24.790988,59.475565,11.173875006105733,17.486650545593932,85.50824270712286,5.228736565071434,0.003136955935884994,4.9620872215047855
2026-09-30T18:17:20+03:00,25.98,289.11,-14.948905390497988,17.82648,104.99451595772337,90.38982175983865,-0.759283670107367,5.28768,5.1127199999999995,-0.26356058576017866,,12.742581363709508,24.791085,59.475555,12.79069107704311,21.070557384289202,83.92395857343416,4.9341372729341675,0.0030217053856934077,4.965108926890479
2026-09-30T18:17:22+03:00,25.98,289.11,-12.697181255633852,17.534879999999998,100.9952705477102,92.19463881450076,1.5263022704490001,5.03496,4.80168,-1.3235325067522015,,18.17422126154971,24.791178,59.475545,12.671466939741999,17.707548611973124,83.28772193573708,4.796410730733455,0.002902132027130431,4.968011058917609
2026-09-30T18:17:24+03:00,25.98,289.11,-15.189547664452931,16.407359999999997,107.99681480420887,96.20534338041652,1.4394991644866801,5.1127199999999995,4.6655999999999995,-1.5699043586584558,,23.98401330417626,24.79127,59.475534,11.551196478590537,21.84916146822428,86.14765333598459,4.745457169194242,0.002885450126866623,4.970896509044476
2026-09-30T18:17:26+03:00,25.98,289.11,-19.05128320363468,16.1352,110.99911365069438,96.26263915992962,-0.7511476694165092,5.07384,4.60728,-2.0053522829578814,,26.06385010050115,24.791359,59.47552,11.459579729644021,27.3609473979364,83.63816625275798,4.506223681448227,0.0028444171299199096,4.973740926174395
2026-09-30T18:17:27+03:00,25.83,289.11,-16.29535620905542,16.77672,107.99681480420887,95.3573658436229,-0.46512713808720235,4.97664,4.35456,-1.7246029633437776,,22.442756835274345,24.791438,59.475506,12.080974244102837,22.932774991897645,85.06403981231122,4.583299630664343,0.0025543905317378726,4.976295316706133
2026-09-30T18:17:30+03:00,25.68,289.12,-22.82707507354681,15.590879999999999,106.99986824068124,95.94751237260766,0.6957426506273586,5.03496,4.84056,-1.6157409822689215,,20.43167497436515,24.791524,59.475491,11.123111670874763,32.94117567833976,74.05869256234148,4.225485930173035,0.0027760011355733635,4.979071317841706
2026-09-30T18:17:32+03:00,25.68,289.11,-17.86526056771388,16.66008,108.99949094568781,96.03918561982859,-0.3454362546843733,5.09328,4.74336,-1.4839606893888322,,20.345731305095534,24.791611,59.475477,11.915289606092367,25.400458992168495,83.59903195351932,4.600922078926483,0.002786153950080368,4.981857471791787
2026-09-30T18:17:34+03:00,25.65,289.11,-14.312922237902775,17.24328,110.99911365069438,95.71259967660401,-1.799889617623968,4.87944,4.84056,-1.4381240657783663,,22.42556810142042,24.791691,59.475461,12.573297050158953,19.818352268695065,91.18076138199932,4.590441603056091,0.002624860937050322,4.984482332728837
2026-09-30T18:17:36+03:00,25.53,289.11,-17.76212816459033,17.63208,108.99949094568781,96.51474058978718,2.203595680073146,4.87944,4.52952,-1.478231111437524,,21.342677868623163,24.79178,59.475444,13.07027768141479,24.30163185453904,84.69785909114877,4.447080413173248,0.0029028855582484284,4.987385218287086
2026-09-30T18:17:38+03:00,25.53,289.11,-19.904990318379607,17.26272,107.99681480420887,97.66638575800012,-0.018563832562238675,4.80168,4.393439999999999,-2.148591731740587,,25.473703571516403,24.791862,59.475433,12.852294518074666,27.212699003065268,80.7841158011436,4.270206243807394,0.002589234818368876,4.989974453105455
2026-09-30T18:17:40+03:00,25.53,289.1,-27.31906418737246,16.07688,109.99643750921543,99.11596897968111,0.2596644727532891,4.91832,4.43232,-2.538203032429547,,28.510379885709764,24.791949,59.475418,11.922749262600247,38.23228679864812,71.7641507105673,3.8633811256160637,0.002804898118316864,4.9927793512237715
2026-09-30T18:17:42+03:00,25.53,289.11,-23.159390594722684,16.73784,111.99606021422201,97.63773786824359,-1.8913336817268473,4.89888,4.35456,-2.727279104822719,,31.615811135318825,24.792033,59.475403,12.38452616605227,32.10934729515904,79.88671291906297,4.149523884704627,0.002718331731162084,4.995497682954934
2026-09-30T18:17:44+03:00,25.42,289.11,-21.858776399775717,17.22384,108.99949094568781,95.52352360421085,-1.1439102379786885,4.93776,4.548959999999999,-2.4809072529164644,,30.68761950720689,24.79212,59.475386,12.774067616552308,30.133445771087167,78.86604517460064,4.27046381508023,0.0028458205155108027,4.998343503470444
2026-09-30T18:17:46+03:00,25.38,289.11,-20.976421395274247,16.6212,107.99681480420887,93.64422203618174,-0.12862902500686982,5.1127199999999995,4.74336,-2.182969199448437,,27.467596698571665,24.792202,59.475373,11.987855108363119,29.7585199613155,78.23829484289337,4.438480135960824,0.002622514029920165,5.000966017500365
2026-09-30T18:17:48+03:00,25.23,289.1,-19.87061285067176,16.524,106.99986824068124,94.15415447384818,0.1769293671363982,5.0544,4.58784,-1.4152057539731333,,22.792261090304148,24.792294,59.475361,11.895239538205063,28.174628545171146,78.82523969551009,4.4555173785393904,0.0028998276777507997,5.003865845178115
2026-09-30T18:17:50+03:00,25.23,289.1,-22.024934160363653,16.1352,105.9971920992023,94.83597425005385,-1.0747542321063983,4.957199999999999,4.548959999999999,-1.6673071838306956,,23.880880901052713,24.792384,59.47535,11.688551487779996,31.176374139576154,74.82081795962614,4.241270247265999,0.002826065760814375,5.00669191093893
2026-09-30T18:17:52+03:00,25.23,289.1,-21.085283376349103,15.940799999999998,104.99451595772337,93.65568119208437,0.1098933051060919,5.1127199999999995,4.68504,-1.6558480279280792,,21.875528618094826,24.79247,59.47534,11.320818729727046,30.435803265469616,74.55871269225375,4.408173318250265,0.002693441618139531,5.009385352557069
2026-09-30T18:17:54+03:00,25.23,289.11,-24.007368131516298,16.97112,101.99794668918915,95.66103347504226,0.9409112911638378,5.01552,4.7628,-1.306343772898277,,24.196007688374664,24.792556,59.47533,12.556397731978596,33.360190954518345,68.6377557346708,4.189113447419668,0.002693442375615939,5.012078794932685
2026-09-30T18:17:56+03:00,25.08,289.12,-22.25984685636729,17.37936,104.99451595772337,94.95056580908002,-0.43940133308582835,5.19048,4.510079999999999,-2.0741072183735803,,26.883179747538225,24.792651,59.475319,12.728476218985016,31.14602433689086,73.8484916208325,4.442282115170206,0.0029746924801088113,5.015053487412794
2026-09-30T18:17:58+03:00,25.08,289.11,-18.879395865095436,15.901919999999999,103.99756939419571,96.80121948735258,0.634035096091769,4.93776,4.510079999999999,-2.4637185190625397,,29.747968723192344,24.792742,59.475307,11.342894786824258,26.976939621168526,77.02062977302718,4.400478255330118,0.0028702722822433204,5.017923759695037
2026-09-30T18:18:00+03:00,25.08,289.11,-22.84426380740073,17.06832,106.99986824068124,95.07661652400881,-0.002291831180523293,5.326560000000001,5.07384,-1.9537860813961072,,26.843072701879066,24.792834,59.475292,12.334143826586747,32.495941925746536,74.5039263149347,4.492577831587549,0.0029498610186530793,5.02087362071369
2026-09-30T18:18:02+03:00,25.08,289.1,-24.230821671617324,17.515439999999998,103.99756939419571,94.80159678234602,0.2062075104675833,5.151599999999999,5.03496,-2.3548565379876836,,28.68799680220032,24.792928,59.475282,12.99090484916525,33.597450562569946,70.40011883162576,4.291003911120884,0.0029320278030132317,5.023805648516704
2026-09-30T18:18:04+03:00,25.08,289.1,-16.36411114447112,17.06832,106.99986824068124,93.58119667871735,-1.7153210470626585,5.307119999999999,4.82112,-1.6673071838306956,,26.459190979141415,24.793015,59.47527,12.069167111390165,23.48068217921292,83.51918606146832,4.867661085513146,0.002752247799200156,5.026557896315904
2026-09-30T18:18:06+03:00,24.93,289.11,-26.08147534988988,16.54344,104.99451595772337,93.00250930563523,1.2572985856350785,5.404319999999999,4.704479999999999,-0.9568395178684748,,19.38316220927575,24.793106,59.475257,11.928473107036897,37.57092594816527,67.4235900095581,4.2834594498776655,0.002885967607541147,5.0294438639234444
2026-09-30T18:18:08+03:00,24.93,289.12,-25.915317589301946,17.029439999999997,102.99489325271679,97.00748429359967,2.971874787564067,5.38488,5.09328,-0.9969465635276323,,19.28575938410351,24.793207,59.475245,12.411228920553675,36.84593994823311,66.14895330448368,4.309254605870252,0.0031667032186629093,5.0326105671421075
2026-09-30T18:18:10+03:00,24.9,289.12,-22.185362343000286,16.85448,105.9971920992023,100.45096064233594,-0.714764849425702,5.09328,5.09328,-0.8422479588423101,,17.39499866017179,24.793295,59.475236,12.289689806671218,31.18872815487188,74.80846394433041,4.357128660385994,0.0027405063247255483,5.035351073466833
2026-09-30T18:18:12+03:00,24.78,289.11,-19.120038139050376,16.97112,107.99681480420887,98.3482055342058,-0.6988939185005781,5.5598399999999994,5.01552,-0.9281916281119336,,18.626857919703063,24.793397,59.475223,11.858659176702655,27.95382131343743,80.04299349077144,4.911149482583973,0.003210537229293537,5.038561610696126
2026-09-30T18:18:14+03:00,24.78,289.11,-19.790398759353444,17.126640000000002,106.99986824068124,99.80351833383808,0.8991426678988008,5.57928,5.2488,-1.2948846169956605,,20.90150036637243,24.79349,59.475211,12.026174510620423,28.827667359265973,78.17220088141526,4.887861842827966,0.002929419477577397,5.041491030173703
2026-09-30T18:18:16+03:00,24.78,289.12,-22.168173609146358,15.88248,108.99949094568781,101.16715788624947,1.231057118618087,5.28768,5.346,-1.1401860123103382,,21.279652511158776,24.793585,59.475194,11.165372969780304,32.461852350991705,76.5376385946961,4.461474680843539,0.003075033270866343,5.044566063444569
2026-09-30T18:18:18+03:00,24.78,289.11,-22.82707507354681,15.99912,109.99643750921543,102.33599178831633,-0.9600480815212075,5.307119999999999,4.996079999999999,-1.9365973475421825,,25.192954251902297,24.793672,59.47518,11.296860671049487,33.32817927423099,76.66825823498444,4.434296393317733,0.002786176209931103,5.047352239654501
2026-09-30T18:18:20+03:00,24.78,289.12,-21.58948623606423,16.757279999999998,109.99643750921543,100.51971557775163,-0.7565907684702521,5.307119999999999,5.0544,-2.423611473403382,,28.458813684147987,24.793765,59.475161,11.98267552627404,30.968615645760423,79.027821863455,4.5505862733622635,0.003060315035934823,5.0504125546904355
2026-09-30T18:18:22+03:00,24.78,289.12,-18.065795796009667,18.44856,111.99606021422201,97.9127576099064,0.030309467362420548,5.65704,5.46264,-3.2945073220022336,,27.84574884335801,24.793867,59.475141,13.187610983719672,25.710299778156724,86.28576043606529,5.0969876659251465,0.003337990854507783,5.053750545544943
2026-09-30T18:18:24+03:00,24.78,289.11,-25.955424634961098,18.44856,109.99643750921543,97.58617166668182,0.3504782832815245,5.598719999999999,5.07384,-0.911002894258009,,20.05352282957881,24.793962,59.475123,13.636523681410733,36.30736205894746,73.68907545026796,4.511740865792072,0.0030955318671644977,5.056846077412108
2026-09-30T18:18:26+03:00,24.75,289.11,-24.79232031084553,18.60408,103.99756939419571,98.85813797187224,1.0764731054917906,5.326560000000001,5.307119999999999,-0.9396507840145503,,16.87933664455405,24.79406,59.47511,13.948444926982475,34.00686244030581,69.9907069538899,4.415561590434044,0.0030922444512052325,5.059938321863314
2026-09-30T18:18:27+03:00,24.63,289.11,-22.362979259490842,18.215279999999996,103.99756939419571,101.22445366576252,0.7365372456406732,5.6376,5.404319999999999,-1.111538122553797,,18.5122663606769,24.794159,59.475095,13.177416660459343,31.730983782442422,72.26658561175329,4.794930035650985,0.0031540325431288524,5.063092354406442
2026-09-30T18:18:30+03:00,24.63,289.11,-24.677728751819366,17.32104,108.99949094568781,101.44217762791226,-0.5654520480146095,5.46264,5.404319999999999,-1.208940947726037,,21.600508876432034,24.794254,59.47508,12.566009055417679,35.13485984033457,73.86463110535324,4.467345472855425,0.0030372123537256777,5.066129566760168
2026-09-30T18:18:32+03:00,24.63,289.1,-24.202173781860782,16.485120000000002,112.99873635570096,100.68587333833958,-0.04778468011391066,5.6181600000000005,5.13216,-1.6443888720254627,,24.809072529164645,24.794359,59.475061,11.591888307743941,35.66261530325838,77.33612105244258,4.564553344552767,0.0034029587121574036,5.069532525472325
2026-09-30T18:18:34+03:00,24.63,289.11,-25.267875280804112,17.398799999999998,108.99949094568781,99.671738040958,0.6956280590683326,5.48208,5.3654399999999995,-2.3663156938903005,,28.011906603945945,24.79445,59.475045,12.659386078345227,35.92000103005998,73.07948991562783,4.439590661717621,0.00293993720748414,5.0724724626798094
2026-09-30T18:18:36+03:00,24.48,289.12,-21.93899049109403,17.515439999999998,107.99681480420887,98.3482055342058,-2.589711938211808,5.52096,5.754239999999999,-2.6356058576017865,,29.42711235791908,24.794544,59.475031,12.564770027210596,31.3879094087296,76.60890539547927,4.713026700004125,0.0029906103799910125,5.0754630730598
2026-09-30T18:18:38+03:00,24.48,289.11,-23.90996530634406,17.573759999999996,104.99451595772337,93.4723346976425,-0.7807122916452597,5.851439999999999,5.50152,-1.9824339711526484,,25.387759902246778,24.794645,59.475014,12.452394219210799,34.889169778219156,70.10534617950421,4.799702232722168,0.0032483863438261457,5.0787114594036264
2026-09-30T18:18:40+03:00,24.48,289.11,-26.809131749706026,17.70984,96.99602513769707,92.97959099382999,0.6358112652566744,5.6376,5.443199999999999,-1.2433184154338865,,17.647100090029355,24.794751,59.475002,12.930661523194527,38.14960281741875,58.84642232027832,4.43341167938372,0.003315542483903566,5.08202700188753
2026-09-30T18:18:42+03:00,24.48,289.11,-24.79804988879684,18.58464,97.99870127917599,96.83559695506042,2.303920590000553,5.42376,5.346,-0.7620338675239948,,16.99965778153153,24.79485,59.474995,13.849104356890521,34.252240099788196,63.74646117938779,4.483105069613187,0.0030515734490373955,5.085078575336568
2026-09-30T18:18:44+03:00,24.63,289.11,-21.400410163671054,18.09864,108.99949094568781,101.02391843746676,1.3578526786805383,5.50152,5.307119999999999,-1.4152057539731333,,22.792261090304148,24.794945,59.47498,13.130784493648228,30.19418244135514,78.80530850433267,4.755106070812978,0.0030372205515022547,5.08811579588807
2026-09-30T18:18:46+03:00,24.78,289.11,-22.277035590221214,18.254160000000002,111.99606021422201,101.61406496645151,-0.9418853194155602,5.6376,5.443199999999999,-1.1516451682129547,,20.110818609091893,24.795042,59.474964,13.211342956071466,31.586386549913982,80.40967366430803,4.802397502834705,0.003113619592776753,5.091229415480847
2026-09-30T18:18:48+03:00,24.48,289.11,-24.75221326518637,17.496,106.99986824068124,102.30161432060851,0.9587302785924066,5.6181600000000005,5.404319999999999,-0.9682986737710912,,18.69561285511876,24.795139,59.474947,12.615246970303255,35.498735448410486,71.50113279227075,4.573903244396033,0.003132708488798443,5.0943621239696455
2026-09-30T18:18:50+03:00,24.48,289.11,-24.27665829522779,17.496,111.99606021422201,101.84897766245514,-0.8294137042313797,5.81256,5.3654399999999995,-1.1745634800181877,,21.98439059916969,24.795239,59.474927,12.42934630678089,35.36196141722124,76.63409879700077,4.740213593060259,0.003281120904387332,5.097643244874033
2026-09-30T18:18:52+03:00,24.48,289.1,-24.03601602127284,17.96256,110.99911365069438,99.05867320016803,-2.8050867734014844,5.773680000000001,5.52096,-1.3521803965087429,,21.205167997791765,24.795336,59.474907,12.905590992939498,34.53522655388858,76.4638870968058,4.756229381564999,0.0031960786182108933,5.100839323492243
2026-09-30T18:18:54+03:00,24.48,289.1,-22.122336985535892,18.876240000000003,103.99756939419571,89.47308928762936,-5.520391060305968,5.7153599999999996,5.20992,-0.7620338675239948,,11.974817918234205,24.795436,59.474891,13.751118857388931,31.127283154942916,72.87028623925279,4.8924683210654685,0.0032008611884835982,5.104040184680727
2026-09-30T18:18:56+03:00,24.48,289.11,-19.704455090083815,18.91512,88.99753431767077,87.89745535101959,5.626789322861763,5.346,5.26824,-0.10313240312354818,,4.176862326503702,24.795539,59.474886,13.99869076838918,27.102527106391335,61.895007211279435,4.7589702347838685,0.0031588850051113464,5.107199069685838
2026-09-30T18:18:58+03:00,24.33,289.11,-18.69604937065357,16.58232,95.99907857416943,103.47617780062667,7.438711054183478,5.151599999999999,5.151599999999999,-0.492743703812508,,15.20629988277205,24.795631,59.474887,11.818492198229782,26.7279564177517,69.27112215641773,4.601162075441056,0.002809372686989052,5.110008442372827
2026-09-30T18:19:00+03:00,24.48,289.12,-17.830883100006027,15.4548,118.99760447072069,107.82492746566962,-2.0507878361117555,5.42376,5.20992,-1.1000789666511805,,19.82433971152648,24.795717,59.474871,10.424717655560205,26.99795132271774,91.99965314800295,4.8326935862147735,0.0027961466670972284,5.112804589039924
2026-09-30T18:19:02+03:00,24.41,289.1,-27.966506495870288,16.56288,114.99835906070751,105.8539526504196,0.6267585320936075,5.22936,5.28768,-1.0714310768946396,,19.47483545649668,24.7958,59.474849,12.19334831409608,39.569015994196974,75.42934306651054,4.031093110917086,0.0028582578917686076,5.115662846931692
2026-09-30T18:19:04+03:00,24.33,289.11,-31.341227909190845,16.271279999999997,114.99835906070751,106.92538372731423,0.22815179402109384,5.404319999999999,5.443199999999999,-1.6787663397333121,,22.230762451075943,24.79589,59.474827,11.989703435952528,44.900351692073826,70.09800736863369,3.828071736063559,0.003049323747557743,5.11871217067925
2026-09-30T18:19:06+03:00,24.33,289.11,-19.463812816128875,16.407359999999997,117.99492832924174,105.61903995441595,-2.2761321369367082,5.01552,5.19048,-1.8162762105647094,,24.52832320955054,24.795981,59.474804,11.797439542754041,27.60774382394473,90.38718450529701,4.444457678898296,0.003103171161958903,5.1218153418412085
2026-09-30T18:19:08+03:00,24.18,289.11,-25.640297847639147,17.06832,112.99873635570096,103.43607075496752,-0.16638694370599105,5.38488,4.93776,-2.6699833253096363,,23.8063963876857,24.796066,59.474785,12.43398517427629,36.4414631056363,76.55727325006465,4.331942904224492,0.0028352153116112024,5.12465055715282
2026-09-30T18:19:10+03:00,24.18,289.11,-22.993232834134744,16.83504,111.99606021422201,102.22140022929017,-1.4513020950663753,5.50152,5.07384,-2.503825564721698,,22.38546105576126,24.79616,59.474765,11.96518033429562,33.34003824828639,78.65602196593562,4.596099096966101,0.0031114173514984003,5.127761974504319
2026-09-30T18:19:12+03:00,24.18,289.11,-26.74037681429033,17.28216,109.99643750921543,101.87762555221168,1.9400350943129676,5.57928,5.50152,-2.2631832907667517,,20.6035623129044,24.796257,59.474745,12.55313486833938,38.276224512430815,71.72021299678461,4.379921632238023,0.003196091775954878,5.130958066280273
2026-09-30T18:19:14+03:00,24.15,289.1,-23.256793419894922,16.85448,110.99911365069438,103.59649893760415,0.3609634109324186,5.598719999999999,5.46264,-2.538203032429547,,22.064604690488,24.796354,59.474726,11.917519084926974,33.94693364933917,77.05218000135521,4.644446906420862,0.0031739735660145036,5.134132039846288
2026-09-30T18:19:16+03:00,24.03,289.11,-21.239981981034425,17.32104,113.99568291922859,102.42766503553727,-1.0895938390002866,5.3654399999999995,5.13216,-2.9621918008263566,,25.31327538887977,24.796457,59.474701,12.472461370048679,30.205762830047576,83.78992008918101,4.636943111261447,0.003485171367486323,5.137617211213774
2026-09-30T18:19:18+03:00,24.03,289.11,-20.019581877405773,17.80704,112.99873635570096,101.6026058105489,-0.24935123244093424,5.5404,5.2488,-2.870518553605424,,24.82626126301857,24.796561,59.47468,12.743357413864318,28.579228496200557,84.4195078595004,4.865338042280763,0.0034168100944272656,5.141034021308202
2026-09-30T18:19:20+03:00,24.03,289.11,-23.6578638764865,17.67096,105.9971920992023,101.90054386401691,0.1458177588607945,5.7348,5.307119999999999,-2.4637185190625397,,21.703641279555583,24.796657,59.474667,12.629547191096098,34.15636691582807,71.84082518337422,4.745595080161912,0.003033243541980829,5.144067264850182
2026-09-30T18:19:22+03:00,23.88,289.11,-24.866804824212537,17.47656,110.99911365069438,100.96662265795368,-1.5457828354834477,5.79312,5.326560000000001,-2.446529785208615,,21.193708841889155,24.796758,59.474648,12.460972824388525,36.14048557453961,74.85862807615477,4.678369338100697,0.00328821392154511,5.147355478771727
2026-09-30T18:19:24+03:00,24.03,289.11,-23.35992582301847,16.79616,108.99949094568781,100.11864512116006,1.2209157656442713,5.754239999999999,5.26824,-2.521014298575622,,22.36827232190734,24.79686,59.474629,11.737471440234744,34.568733418700134,74.43075752698768,4.738306607349205,0.0033168618590508313,5.150672340630778
2026-09-30T18:19:26+03:00,23.88,289.11,-21.87596513362964,16.407359999999997,107.99681480420887,98.36539426805973,-2.450196715097453,5.67648,5.19048,-2.6527945914557116,,23.376678041337588,24.796959,59.474613,11.33863962794364,32.62657874335653,75.37023606085233,4.780744953726334,0.003171779113550067,5.153844119744328
2026-09-30T18:19:28+03:00,23.88,289.11,-20.701401653611452,16.368479999999998,101.99794668918915,95.10526441376534,-0.6336913214146905,5.67648,5.19048,-2.3835044277442243,,21.119224328522144,24.797059,59.474598,11.239081449451549,30.98611752105353,71.01182916813562,4.8664012706275015,0.0031833430904243914,5.157027462834752
2026-09-30T18:19:30+03:00,23.88,289.1,-29.27857984671988,17.45712,100.9952705477102,96.57203636930025,1.6993928203580217,5.7153599999999996,5.404319999999999,-2.1600508876432034,,19.4862946123993,24.79716,59.474589,12.781262929410032,41.910677084747135,59.08459346296307,4.253297083964594,0.003130617238998231,5.16015808007375
2026-09-30T18:19:32+03:00,23.73,289.11,-22.609351111397093,17.32104,103.99756939419571,99.43682534495437,0.4350468538428341,5.598719999999999,5.326560000000001,-2.291831180523293,,20.43167497436515,24.797261,59.474578,12.34173536712335,32.65312697829009,71.34444241590562,4.713856103293556,0.0031536149779824926,5.163311695051733
2026-09-30T18:19:34+03:00,23.73,289.1,-21.3603031180119,18.156959999999998,107.99681480420887,97.17364205418761,-1.6247937154319887,5.6181600000000005,5.3654399999999995,-2.641335435553095,,22.574537128154436,24.797355,59.474565,13.085709348762137,30.35700311764157,77.6398116865673,4.847871907980333,0.0029742946349307206,5.1662859896866635
2026-09-30T18:19:36+03:00,23.73,289.1,-22.60362153344579,18.273600000000002,103.99756939419571,96.82413779915782,0.5160057902948194,5.346,5.28768,-2.337667804133759,,20.06498198548143,24.797455,59.47455,13.495587353550476,31.3611830201703,72.6363863740254,4.564968523221514,0.003183347250468798,5.169469336937133
2026-09-30T18:19:38+03:00,23.66,289.1,-18.56426907777348,18.0792,102.99489325271679,100.69733249424219,1.334877071095792,5.346,5.3654399999999995,-2.3032903364259094,,20.443134130267776,24.79755,59.474539,13.12221326267796,26.016725483725935,76.97816776899086,4.804268655174539,0.0029747577682393157,5.172444094705372
2026-09-30T18:19:40+03:00,23.58,289.1,-18.93096206665721,19.7316,109.99643750921543,103.15532143535341,1.1620730000843358,5.443199999999999,5.19048,-2.543932610380855,,22.104711736147163,24.797641,59.474525,14.689356607387355,25.835665161571768,84.16077234764366,4.8991395140009795,0.002902876606245827,5.175346971311618
2026-09-30T18:19:42+03:00,23.58,289.09,-23.554731473362953,18.954,110.99911365069438,102.68549604334613,-0.08204755626273388,5.307119999999999,5.09328,-2.81895235204365,,23.479810444461133,24.79773,59.474507,14.24781015504852,32.11530755952273,78.88380609117165,4.495024066765443,0.0029246549696720944,5.1782716262812905
2026-09-30T18:19:44+03:00,23.58,289.1,-25.79499645232447,19.303919999999998,110.99911365069438,102.59955237407651,1.5680135979345238,5.404319999999999,5.151599999999999,-2.778845306384493,,23.227709014603573,24.797828,59.474488,14.62837487038495,35.04618979081965,75.95292385987473,4.424459398342027,0.0032024971174705466,5.181474123398761
2026-09-30T18:19:46+03:00,23.58,289.1,-28.00088396357814,18.09864,111.99606021422201,103.09802565584033,-0.3835952438400862,5.3654399999999995,4.996079999999999,-3.277318588148309,,26.5164867586545,24.797928,59.474468,13.596655627743402,38.67751050441004,73.31854970981198,4.188668975484598,0.003281159499334841,5.184755282898096
2026-09-30T18:19:48+03:00,23.58,289.1,-26.333576779747442,17.70984,108.99949094568781,101.68281990186719,-0.6085957699879604,5.3654399999999995,5.2488,-3.40336930307709,,28.120768585020805,24.798023,59.474447,13.118899664789492,36.78632280025661,72.2131681454312,4.297043231445252,0.0031631261635213805,5.187918409061617
2026-09-30T18:19:50+03:00,23.58,289.1,-29.68537988126276,16.69896,110.99911365069438,99.20764222690205,-1.219311483817905,5.52096,4.93776,-3.3116960558561583,,27.444678386766434,24.798116,59.474427,12.212584751143755,42.62255222007943,68.37656143061496,4.062491334884619,0.0030833071105782067,5.191001716172195
2026-09-30T18:19:52+03:00,23.43,289.1,-30.64221939913124,17.8848,102.99489325271679,98.09037452639693,-1.2109463000089948,5.69592,5.20992,-2.807493196141034,,24.7746950614568,24.798215,59.474415,13.3048034059484,43.24538818160315,59.749505071113646,4.149056899003232,0.0031073528762259367,5.194109069048421
2026-09-30T18:19:54+03:00,23.43,289.1,-24.374061120400025,17.63208,99.99832398418258,96.42879692051756,-0.30286549050615313,5.443199999999999,5.38488,-2.3491269600363753,,21.15360179622999,24.798316,59.474404,12.871564601062598,34.424878755998236,65.57344522818434,4.489922056465855,0.0031536305063601996,5.1972626995547815
2026-09-30T18:19:56+03:00,23.36,289.1,-24.838156934456,17.92368,102.99489325271679,97.74659984931844,-0.31879371721079003,5.69592,5.52096,-2.039729750665731,,19.42899883288622,24.798417,59.474395,12.97711553362185,35.46264041318349,67.5322528395333,4.639292615183524,0.003130634679319029,5.200393334234101
2026-09-30T18:19:58+03:00,23.28,289.11,-19.14868602880692,19.09008,102.99489325271679,94.30885307853349,-1.1890593122349975,5.6181600000000005,5.5598399999999994,-1.6844959176846201,,15.401105533116528,24.798518,59.474381,13.905427915743093,26.76444624352476,76.23044700919203,5.016260842391257,0.0031963053343626673,5.203589639568464
2026-09-30T18:20:00+03:00,23.28,289.1,-20.81026363468631,18.44856,97.99870127917599,93.35201356066503,0.2772542770638054,5.7153599999999996,5.38488,-1.208940947726037,,10.8575502177291,24.798624,59.474373,13.262419927911054,29.617078103259757,68.38162317591623,4.968634853824381,0.0032717240358397237,5.206861363604304
2026-09-30T18:20:02+03:00,23.13,289.1,-20.260224151360717,17.08776,99.99832398418258,96.05064477573119,2.003862592690541,5.443199999999999,5.26824,-1.0599719209920229,,9.310564170875878,24.798726,59.474365,12.128692281665955,29.200682877869127,70.79764110631345,4.751457800956974,0.003150981568946006,5.21001234517325
2026-09-30T18:20:04+03:00,23.13,289.1,-19.819046649109982,16.757279999999998,105.9971920992023,99.69465635276323,0.42576493756171474,5.5404,5.326560000000001,-1.4954198452914487,,14.604694197884685,24.798825,59.474353,11.696872016620969,29.060565838177183,76.93662626102511,4.842900978321463,0.0031073582715905102,5.21311970344484
2026-09-30T18:20:06+03:00,23.13,289.09,-22.964584944378203,17.554319999999997,107.99681480420887,98.80657177031046,-0.765700797412832,5.404319999999999,5.3654399999999995,-1.701684651538545,,16.346485895082388,24.798918,59.474338,12.753822359493533,32.48085952873586,75.515955275473,4.558927039466019,0.0029790203641003516,5.2160987238089405
2026-09-30T18:20:08+03:00,22.98,289.1,-23.77245543551266,16.83504,103.99756939419571,100.10145638730613,1.8161043232261704,5.404319999999999,5.151599999999999,-1.478231111437524,,14.495832216809827,24.799014,59.474326,12.087197649623118,34.155780479836096,69.84178891435961,4.472151165721871,0.003018346668092916,5.219117070477034
2026-09-30T18:20:10+03:00,22.98,289.09,-21.022258018884713,17.41824,107.99681480420887,101.35050438069132,-0.9331190651500586,5.6181600000000005,5.404319999999999,-1.552715624804531,,15.051601278086727,24.799113,59.474312,12.339715686178618,30.4223048285713,77.57450997563757,4.844632677809445,0.003137446383983585,5.2222545168610175
2026-09-30T18:20:12+03:00,22.98,289.09,-19.108578983147765,18.273600000000002,108.99949094568781,98.53728160659898,0.070989470816709,5.326560000000001,5.443199999999999,-1.902219879834333,,17.37780992631787,24.799207,59.474293,13.354857803519522,26.610918590007827,82.38857235567998,4.762311603971241,0.003088728499399807,5.225343245360417
2026-09-30T18:20:14+03:00,22.98,289.1,-23.5891089410708,18.64296,106.99986824068124,100.9150564563919,1.8830257936974504,5.404319999999999,5.1127199999999995,-2.343397382085067,,20.849934164810655,24.799299,59.474274,13.859999624308356,32.566053250289315,74.43381499039192,4.554606664344428,0.0030320808102876884,5.228375326170704
2026-09-30T18:20:16+03:00,22.98,289.09,-20.265953729312027,17.8848,111.99606021422201,101.17288746420077,-0.25565376818737334,5.5404,5.2488,-2.5267438765269303,,22.671939953326675,24.79939,59.474256,12.831696249009514,28.867227718900466,83.12883249532155,4.8519544040316065,0.0029814879846478495,5.231356814155352
2026-09-30T18:20:18+03:00,22.83,289.08,-27.330523343275072,16.87392,106.99986824068124,99.99259440623128,1.1352012794927002,5.7348,5.307119999999999,-2.343397382085067,,21.61196803233465,24.799488,59.474238,12.06996298240969,39.930509101859684,67.06935913882155,4.397579300134115,0.0031815785150062386,5.234538392670358
2026-09-30T18:20:20+03:00,22.83,289.08,-30.653678555033853,15.8436,107.99681480420887,103.06937776608378,2.039328680209139,5.79312,5.57928,-2.0855663742761967,,20.22541016811806,24.799587,59.474224,11.25446733002391,45.86849658946221,62.128318214746656,4.033793163218127,0.0031374539685541988,5.237675846638912
2026-09-30T18:20:22+03:00,22.83,289.1,-28.70562205158905,15.765839999999999,111.99606021422201,106.00292167715361,0.17710125447493746,5.81256,5.6376,-2.217346667156286,,21.617697610285962,24.799686,59.474209,11.026923605545996,43.37156031008922,68.62449990413279,4.225240705512195,0.003154108501046539,5.240829955139959
2026-09-30T18:20:24+03:00,22.8,289.1,-24.030286443321533,16.7184,110.99911365069438,104.65647085859618,-3.3145608448318127,5.87088,5.307119999999999,-2.555391766283472,,24.963771133849967,24.799785,59.474191,11.605267967209592,35.91859076694266,75.08052288375173,4.754540020388394,0.0032103099818619266,5.2440402651218205
2026-09-30T18:20:26+03:00,22.68,289.09,-22.36870883744215,18.662399999999998,108.99949094568781,92.77332618758291,-6.653529691736198,6.201359999999999,5.832,-2.446529785208615,,24.637185190625402,24.799889,59.474168,13.141320127930149,32.714470009413105,76.2850209362747,5.217665039382064,0.0034630672385230358,5.247503332360344
2026-09-30T18:20:28+03:00,22.68,289.09,-23.692241344194354,19.71216,94.99640243269049,76.26068253191256,-10.885395966572458,5.96808,5.81256,-1.9079494577856415,,17.86482405217907,24.800002,59.474155,14.447507316966663,33.2468900862543,61.74951234643619,4.991200286018432,0.0035373126287368806,5.2510406449890805
2026-09-30T18:20:29+03:00,22.61,289.1,-15.367164580943488,18.97344,72.99482309966687,52.528770657593874,-11.021416147136517,5.22936,5.67648,-1.008405719430249,,3.6669298888372683,24.800098,59.474159,13.99979997508374,21.048008456829564,51.94681464283731,4.880456160975541,0.002940756635808085,5.2539814016248885
2026-09-30T18:20:31+03:00,22.53,289.1,10.879172577306829,15.18264,51.995919908122204,30.928261781161833,-9.333539778460624,4.87944,5.19048,0.1546986046853223,,-4.211239794211551,24.800177,59.474187,10.43162752339024,15.94402461452637,67.93994452264857,4.69173049218666,0.0029410507878858934,5.256922452412774
2026-09-30T18:20:33+03:00,22.53,289.09,19.828773337250286,12.966479999999999,16.99965778153153,22.700587843083216,-0.8033441245529273,4.89888,4.78224,0.8021409131831525,,-14.74793364666739,24.800223,59.474228,8.52164588527936,31.073702506150596,48.07336028768212,4.195910667059886,0.002836488643619448,5.259758941056393
2026-09-30T18:20:35+03:00,22.53,289.09,26.349033045839057,14.46336,16.99965778153153,22.580266706105743,0.44478713636005807,5.0544,5.1710400000000005,0.9568395178684748,,-19.15397909122342,24.800252,59.474275,10.184225300896841,39.074251646770506,56.07390942830203,3.9238810900586834,0.0029605525886645875,5.262719493645058
2026-09-30T18:20:37+03:00,22.53,289.1,25.466678041337588,16.17408,16.99965778153153,23.76628934202655,0.9057316825428053,4.957199999999999,5.19048,0.8250592249883855,,-23.433973820850667,24.800282,59.474324,11.891145249010409,35.79294805746977,52.7926058390013,4.0209624334247955,0.003084403818061021,5.265803897463119
2026-09-30T18:20:39+03:00,22.68,289.09,30.16493196141034,17.554319999999997,17.996604345059158,25.7544528911305,1.1819546355753754,5.3654399999999995,5.42376,0.6474423084978302,,-25.559647240786024,24.800321,59.474365,13.193855934167436,41.95602908087011,59.952633425929264,3.9900530361474877,0.002736979704946015,5.268540877168065
2026-09-30T18:20:41+03:00,22.57,289.08,26.761562658333247,16.77672,22.998525896551243,27.23268400256803,2.154092126573843,5.81256,5.326560000000001,0.4469070802020421,,-28.30411507946267,24.800362,59.474412,11.878677872213245,39.49018913523747,62.488715031788715,4.485747208545833,0.0030899545896859023,5.271630831757751
2026-09-30T18:20:43+03:00,22.53,289.09,25.71877947119515,17.748720000000002,27.99471787009202,30.733456130817356,0.6804446774973657,5.7348,5.7153599999999996,0.40107045659157625,,-27.51916290013344,24.800406,59.474461,12.825795904029425,36.90708311625701,64.90180098634903,4.585605872210528,0.0032371562732979075,5.2748679880310485
2026-09-30T18:20:45+03:00,22.53,289.09,26.36622177969298,18.40968,33.99931556306306,32.629946432700386,0.8166940411794754,5.94864,5.67648,0.47555496995858326,,-22.64902164152144,24.80046,59.474509,13.34398301657895,37.78504279659961,71.78435835966266,4.7012993403156855,0.0033229748471847198,5.2781909628782335
2026-09-30T18:20:47+03:00,22.38,289.09,26.46935418281653,18.50688,31.999692858056477,31.260577302337715,-0.9816485903976393,6.0652800000000004,6.1236,0.3666929888837269,,-19.234193182541738,24.80052,59.474553,13.353912255221346,38.14923130497084,70.14892416302732,4.769763755413324,0.003217162781217825,5.281408125659452
2026-09-30T18:20:49+03:00,22.38,289.08,27.483489480198084,17.28216,28.997394011570965,30.64178288359643,0.6273887856682514,6.0652800000000004,6.201359999999999,0.40107045659157625,,-20.007686205968348,24.800579,59.474601,12.226112068501287,40.71834609698573,69.71574010855669,4.597030349707341,0.003401289606769022,5.284809415266221
2026-09-30T18:20:51+03:00,22.38,289.08,23.40402997886662,17.8848,30.99701671657754,32.91069575231449,1.5398813701936005,6.10416,5.94864,0.2578310078088704,,-20.443134130267776,24.800636,59.474649,12.5198765967318,34.570713666295916,65.56773038287346,5.026327167228684,0.0033693501353215393,5.288178765401542
2026-09-30T18:20:53+03:00,22.38,289.09,24.905179402109383,18.059759999999997,33.99931556306306,33.69564793164371,-0.21314029978866628,5.98752,6.201359999999999,0.38961130068895977,,-20.84420458685935,24.800696,59.474695,12.878294228816069,36.19610192546253,70.19541748852558,4.8319315839503085,0.0033166906864377987,5.29149545608798
2026-09-30T18:20:55+03:00,22.38,289.09,26.887613373262027,18.662399999999998,34.996262126590686,32.17158019659572,0.0016042818263663052,5.832,6.27912,0.20626480624709637,,-19.789962243818632,24.800756,59.474737,13.716821791672864,37.973504001499805,72.9697661280905,4.5973386405024845,0.0031190822925552197,5.294614538380535
2026-09-30T18:20:57+03:00,22.38,289.09,18.745883104453032,17.80704,30.99701671657754,32.35492669103759,0.4702264624638667,5.94864,6.0652800000000004,0.19480565034447989,,-23.193331546895728,24.800818,59.474785,12.323144625582913,27.670376595803845,58.667393312381385,5.268316902627646,0.003450663154096864,5.298065201534632
2026-09-30T18:21:07+03:00,22.38,289.08,19.943364896276453,19.26504,31.999692858056477,34.76707900853835,2.2832368135963304,5.96808,5.5404,0.022918311805232933,,-25.404948636100702,24.800875,59.474833,13.80576792472138,28.422538169586147,60.422231027642624,5.248696056393369,0.0033693452408824175,5.301434546775514
2026-09-30T18:21:09+03:00,22.38,289.08,17.955201347172494,19.57608,37.998560973076195,37.872510258147415,1.0544715261587672,5.87088,5.598719999999999,0.1432394487827058,,-22.87820475957377,24.800931,59.474878,14.107695418968309,25.325823433293408,63.3243844063696,5.306628818917692,0.00319986661808912,5.304634413393603
2026-09-30T18:21:11+03:00,22.38,289.08,14.620586979511105,19.07064,41.99780638308934,39.986724522180154,0.877656750581395,5.94864,5.98752,0.41252961249419273,,-20.288435525582454,24.800999,59.474921,13.399025095242315,21.054852983030656,63.05265936612,5.551490410667683,0.0033151420840243574,5.307949555477627
2026-09-30T18:21:13+03:00,22.38,289.09,17.943742191269877,18.93456,45.997051793102486,40.192989328427245,-0.26596700849972815,5.7153599999999996,5.9292,0.22918311805232927,,-17.188733853924695,24.801073,59.474961,13.611568319291335,25.376407617134618,71.3734594102371,5.163895410715737,0.0032991890159764134,5.311248744493604
2026-09-30T18:21:15+03:00,22.38,289.08,16.41394487827058,17.37936,39.998183678082775,38.468386365083475,-1.535297707832554,5.890319999999999,6.10416,0.3093972093706446,,-17.801798694714677,24.801142,59.475002,11.846610119522335,24.490764274122284,64.48894795220505,5.360356747705303,0.0032420462990613397,5.314490790792665
2026-09-30T18:21:17+03:00,22.38,289.08,15.382620847035101,17.41824,39.998183678082775,36.47449323802821,0.5928967264013758,5.94864,6.1236,0.27501974166279514,,-19.910283380796105,24.801209,59.475043,11.788788697699076,23.074887954347787,63.07307163243056,5.4727093341738815,0.0032027074408519395,5.317693498233517
2026-09-30T18:21:19+03:00,22.27,289.08,18.493781674595468,17.37936,37.998560973076195,36.61773268681091,0.6227478275276918,5.773680000000001,5.81256,0.3552338329811104,,-20.569184845196556,24.801274,59.475088,12.043903152017498,27.240229358437148,65.23879033151334,5.133351230548125,0.003354715100698603,5.321048213334215
2026-09-30T18:21:21+03:00,22.38,289.08,21.095010064489404,18.33192,39.998183678082775,38.74913568469758,1.0568206531188036,5.90976,5.79312,0.27501974166279514,,-18.12265505998794,24.801341,59.475128,12.993480117073329,30.51665211442898,70.51483579251175,5.091149595179444,0.0031566858945433498,5.324204899228759
2026-09-30T18:21:23+03:00,22.35,289.07,19.36467752319432,17.16552,42.99475294661698,38.30795818244684,-1.0309802565584032,5.890319999999999,5.832,0.37242256683503505,,-14.788040692326547,24.801412,59.475165,11.771589598330857,28.91520127401631,71.9099542206333,5.156010769933783,0.0031055687591605924,5.327310467987919
2026-09-30T18:21:25+03:00,22.35,289.08,19.479269082220483,16.485120000000002,39.998183678082775,35.89007628699476,-0.31730402694344995,5.832,6.18192,0.5500394833255903,,-19.079494577856416,24.801485,59.475204,11.157723242783732,29.517096054633186,69.51527973271595,5.0750572938385865,0.003234523460032808,5.330544991447952
2026-09-30T18:21:27+03:00,22.31,289.08,18.161466153419592,16.66008,36.99588483159726,37.22506794964959,1.733770288065871,5.7153599999999996,5.443199999999999,0.4297183463481174,,-15.429753422873068,24.801548,59.475247,11.369876509584973,27.175823799598277,64.17170863119554,5.0844366575186415,0.0032217380928798757,5.333766729540832
2026-09-30T18:21:29+03:00,22.38,289.08,20.447567755991578,17.63208,41.99780638308934,37.712082075510786,-2.0888895294879553,5.5404,5.96808,0.6474423084978302,,-13.349916626548183,24.801616,59.475288,12.590433665185499,29.29076981177198,71.28857619486132,4.832049329063794,0.003222281742744018,5.336989011283576
2026-09-30T18:21:38+03:00,22.53,289.08,26.154227395494573,18.701279999999997,37.998560973076195,40.536764005505745,2.046261469530222,5.6181600000000005,5.28768,0.5786873730821314,,-21.06192854900906,24.802068,59.475626,13.881045991477531,36.43099018039831,74.4295511534745,4.520218221030759,0.003016866660708006,5.340005877944284
2026-09-30T18:21:40+03:00,22.53,289.08,27.706943020299104,18.895680000000002,48.999350639587995,39.293445590071855,-3.109843024631569,5.5404,5.404319999999999,0.8479775367936184,,-14.530209684517676,24.802138,59.475661,14.22573358859135,38.139654770823796,87.13900541041178,4.357567699294323,0.002998789989075268,5.343004667933359
2026-09-30T18:21:42+03:00,22.42,289.07,20.848638212583154,17.41824,37.998560973076195,35.191067776935164,-1.1301019551160356,5.52096,5.87088,0.4812845479098915,,-20.403027084608613,24.802203,59.475701,12.415246464247724,29.95490353659835,67.95346450967455,4.783462855531051,0.00311744630229097,5.34612211423565
2026-09-30T18:21:44+03:00,22.5,289.08,20.413190288283726,17.47656,35.99893826806962,34.795726898294895,0.5258606643710696,5.65704,5.96808,0.4239887683968092,,-23.370948463386277,24.802266,59.475745,12.33362203331715,29.618802149777196,65.61774041784682,4.917850372079516,0.0032701395928450045,5.349392253828495
2026-09-30T18:21:46+03:00,22.46,289.08,20.40746071033242,17.43768,34.996262126590686,34.86448183371059,0.3810169337619974,5.81256,5.6376,0.47555496995858326,,-23.30792310592189,24.802327,59.47579,12.160037287586787,30.002161858146593,64.99842398473729,5.033714959010369,0.003283932954349077,5.352676186782844
2026-09-30T18:21:48+03:00,22.38,289.07,18.642750701329483,18.895680000000002,37.998560973076195,35.05355790610376,-0.5223656218207715,5.9292,5.90976,0.7104676659622208,,-21.70937085750689,24.802388,59.475833,13.41218304310134,26.766798042453303,64.7653590155295,5.2938681042601115,0.003185644299042604,5.355861831081887
2026-09-30T18:21:50+03:00,22.38,289.07,22.802424293979257,19.09008,36.99588483159726,33.0653943569998,-0.4581943487661194,5.890319999999999,6.24024,0.6589014644004466,,-19.337325585665287,24.802459,59.475876,13.849541873143021,32.289785681785986,69.28567051338325,4.979423719261165,0.0033732136642753894,5.359235044746162
2026-09-30T18:21:52+03:00,22.38,289.08,25.873478075880474,18.58464,35.99893826806962,31.36943928341257,-0.29111985570597126,5.94864,5.890319999999999,0.4354479242994257,,-21.251004621402235,24.802523,59.475917,13.484519109651504,36.97275564759724,72.97169391566686,4.75249689733859,0.003144970669190895,5.362380015415353
2026-09-30T18:21:54+03:00,22.38,289.07,14.425781329166623,17.67096,29.994340575098594,31.902290032884235,1.553460469938201,6.10416,5.851439999999999,0.3609634109324186,,-24.385083760767834,24.802587,59.475965,11.857177785494281,21.79435720511688,51.78869778021547,5.667849272851984,0.003484492869916895,5.36586450828527
2026-09-30T18:21:56+03:00,22.38,289.07,22.556052442073007,16.67952,35.99893826806962,33.071123934951125,-0.43275502266231075,5.890319999999999,6.0264,0.4469070802020421,,-21.29111166706139,24.802649,59.476011,11.46463303126824,33.92231346456873,69.92125173263835,4.887758155044738,0.0033507586738658556,5.369215266959136
2026-09-30T18:21:58+03:00,22.53,289.08,21.370029806152203,17.37936,35.99893826806962,32.899236596411875,-0.467705448165291,5.773680000000001,5.94864,0.48701412586119974,,-22.408379367566496,24.802715,59.476055,12.185632719939512,31.31205750907489,67.31099577714451,4.932740516839419,0.0033248200072612034,5.3725400869663975
2026-09-30T18:22:00+03:00,22.5,289.08,24.14314553458539,17.573759999999996,37.998560973076195,32.20022808635227,-0.6197111512134984,5.81256,5.6376,0.5958761069360561,,-19.67537068479247,24.802781,59.476096,12.49785656993826,35.10922595286735,73.10778692594354,4.755006079487998,0.0031832560037188167,5.375723342970116
2026-09-30T18:22:02+03:00,22.38,289.08,25.472407619288894,17.08776,34.996262126590686,30.504273012765026,0.022288058230589023,5.773680000000001,6.1236,0.5099324376664327,,-20.540536955440015,24.80285,59.47614,12.132157478015012,37.28275704742299,72.27901917401368,4.593862064757913,0.0033811040692694957,5.379104447039386
2026-09-30T18:22:04+03:00,22.38,289.08,22.91701585300542,16.50456,29.994340575098594,30.532920902521575,0.325726506531873,5.890319999999999,5.98752,0.3552338329811104,,-25.112740160583986,24.802907,59.476184,11.314098594120875,34.61350171221028,64.60784228730887,4.847748284194426,0.003165862246727468,5.382270309286113
2026-09-30T18:22:06+03:00,22.38,289.08,25.220306189431334,16.07688,29.994340575098594,31.569974511708363,1.0893073601027212,5.94864,5.851439999999999,0.29220847551671986,,-26.487838868897956,24.802963,59.476232,10.991540278831435,38.55305849770471,68.5473990728033,4.652022937157382,0.003353643082318241,5.385623952368432
2026-09-30T18:22:08+03:00,22.38,289.08,26.20579359705635,15.88248,32.996639421584106,33.1971746498799,0.9654911805749503,5.79312,5.6376,0.08021409131831525,,-23.290734372067966,24.80302,59.476273,10.986798159548737,39.670425591739416,72.66706501332352,4.459133425154366,0.003016847437442895,5.3886407998058745
2026-09-30T18:22:10+03:00,22.38,289.08,23.226413062376068,16.44624,36.99588483159726,33.8216986465725,0.15286513974090363,5.773680000000001,5.90976,0.41252961249419273,,-23.319382261824504,24.803086,59.476319,11.370800537623234,34.777672305653795,71.77355713725106,4.742336485981928,0.0034212123047328625,5.392062012110608
2026-09-30T18:22:12+03:00,22.38,289.08,20.91739314799885,15.552,35.99893826806962,33.73002539935156,-0.02389234005695533,5.90976,5.6181600000000005,0.3781521447863433,,-23.62877947119515,24.803141,59.476363,10.25119769158997,32.79495740445148,68.7938956725211,4.967828623278801,0.003132712570748074,5.395194724681356
2026-09-30T18:22:14+03:00,22.53,289.08,21.158035421953794,15.590879999999999,34.996262126590686,34.90458887936975,1.0073170996195002,5.96808,5.87088,0.31512678732195276,,-24.872097886629035,24.803201,59.476411,10.253938527619544,33.28496766769055,68.28122979428124,4.989024689596605,0.00341750328604456,5.3986122279674005
2026-09-30T18:22:16+03:00,22.53,289.08,22.132063673676196,16.07688,38.995507536603824,36.20520307431672,0.6779809589783031,5.81256,5.90976,0.3036676314193363,,-25.02106691336305,24.803265,59.476456,10.91453715973216,33.706165806694656,72.70167334329848,4.83543616302169,0.003336700416728411,5.401948928384129
2026-09-30T18:22:18+03:00,22.53,289.08,20.883015680291003,15.318719999999999,38.995507536603824,37.19642005989304,0.5539355963324799,5.9292,6.1236,0.3666929888837269,,-25.14711762829183,24.803331,59.476498,10.004799007602042,33.078719637616416,72.07422717422024,4.968204085876596,0.0032299993969588034,5.405178927781088
2026-09-30T18:22:20+03:00,22.38,289.08,19.62250853100319,14.94936,38.995507536603824,37.68916376370556,0.6554637176296618,5.87088,5.69592,0.3666929888837269,,-26.310221952407403,24.803399,59.476541,9.623549405443407,31.444348461924562,70.43985599852839,5.0087252226117736,0.003315079744109925,5.4084940075251975
2026-09-30T18:22:22+03:00,22.38,289.09,21.599212924204533,15.8436,42.99475294661698,38.691839905184494,-0.7427251898280862,5.81256,5.57928,0.4354479242994257,,-23.33657099567843,24.803472,59.476581,10.656212382616374,33.18243276251499,76.17718570913198,4.8647183980729585,0.0032782860366695394,5.411772293561867
2026-09-30T18:22:24+03:00,22.35,289.08,21.18668331171034,16.2324,41.99780638308934,36.93285947413286,-0.974372026399478,5.9292,5.81256,0.41252961249419273,,-20.076441141384045,24.803549,59.476619,10.916353227385525,32.50724903780943,74.50505542089877,5.000233459882991,0.0032776072541823276,5.41504990081605
2026-09-30T18:22:26+03:00,22.23,289.07,18.745883104453032,15.804720000000001,40.9951302416104,34.78999732034358,-0.5717545837610485,5.773680000000001,5.87088,0.4354479242994257,,-18.294542398527184,24.803615,59.476662,10.502521043227437,28.92182476493781,69.9169550065482,5.053588792426958,0.0032771872845868857,5.418327088100637
2026-09-30T18:22:28+03:00,22.23,289.08,14.866958831417358,16.44624,33.99931556306306,36.119259405047096,0.5083281558400663,5.81256,5.7153599999999996,0.48701412586119974,,-20.305624259436375,24.803676,59.476706,10.930479039044762,22.70888543004898,56.70820099311204,5.361960072485851,0.0032345750939205566,5.421561663194558
2026-09-30T18:22:30+03:00,22.23,289.08,17.307759038674664,16.407359999999997,39.998183678082775,36.199473496365414,-0.37832403212488264,5.6376,5.7153599999999996,0.5271211715203573,,-18.626857919703063,24.803739,59.476747,11.151872719755673,25.957699692399785,65.95588337048255,5.068864489983439,0.003126066875292621,5.42468773006985
2026-09-30T18:22:32+03:00,22.08,289.08,22.538863708219083,17.65152,40.9951302416104,34.73843111878181,-1.7180139486997736,5.69592,5.890319999999999,0.544309905374282,,-16.163139400640524,24.803806,59.476792,12.581540615400286,32.53211965022214,73.52724989183254,4.802173799730191,0.003391128538730932,5.428078858608582
2026-09-30T18:22:34+03:00,21.93,289.08,17.370784396139058,16.893359999999998,33.99931556306306,32.97372110977888,0.1516619283711289,5.7348,6.2208000000000006,0.4297183463481174,,-19.560779125766306,24.803863,59.47683,11.547741675368192,25.897291825161943,59.896607388225,5.158902346365729,0.0028714111747984864,5.43095026978338
2026-09-30T18:22:36+03:00,21.93,289.07,22.177900297286662,17.82648,32.996639421584106,34.57800293614518,1.006400367147291,5.754239999999999,5.851439999999999,0.29793805346802804,,-23.290734372067966,24.80392,59.476873,12.685312964016562,32.03735790067606,65.03399732226016,4.877883051399653,0.0031158040043064365,5.434066073787686
2026-09-30T18:22:38+03:00,21.93,289.08,20.550700159115124,17.982,33.99931556306306,36.47449323802821,0.19852987601283026,5.754239999999999,6.08472,0.27501974166279514,,-25.576835974639952,24.803982,59.476916,12.754909884014475,29.662774339898448,63.662089902961505,5.000165466983438,0.0032035507006029913,5.437269624488289
2026-09-30T18:22:40+03:00,21.78,289.07,19.62250853100319,18.681839999999998,36.99588483159726,37.757918699121255,-0.5985690085731711,5.6181600000000005,5.6376,0.27501974166279514,,-24.465297852086152,24.804053,59.476959,13.52221989162132,27.64292049675356,64.63880532835083,4.976882282695315,0.0033731690128712367,5.44064279350116
2026-09-30T18:22:42+03:00,21.63,289.07,19.674074732564968,18.50688,40.9951302416104,36.22812138612195,-1.7447710777323828,5.754239999999999,5.57928,0.3323155211758775,,-22.803720246206765,24.804125,59.476997,13.231149566173475,28.093462966987914,69.08859320859831,5.076278891811985,0.0031699032147681724,5.443812696715929
2026-09-30T18:22:44+03:00,21.63,289.07,17.16451958989196,17.26272,34.996262126590686,34.36600855194678,-0.5671709214000019,5.890319999999999,5.79312,0.3781521447863433,,-22.545889238397894,24.80419,59.477038,11.763891146033657,25.66213822241872,60.658400349009405,5.309318815075407,0.003163986065903993,5.446976682781833
2026-09-30T18:22:46+03:00,21.48,289.07,21.404407273860052,17.08776,34.996262126590686,35.06501706200638,0.3170748438253976,5.890319999999999,5.81256,0.32658594322456924,,-23.565754113730762,24.804246,59.477085,11.801148451667322,31.89983678608806,66.89609891267875,5.0007237778724125,0.003302051661279415,5.4502787344431125
2026-09-30T18:22:48+03:00,21.37,289.08,21.70234532732808,17.24328,32.996639421584106,34.05661134257613,0.31260577302337716,5.94864,5.67648,0.26929016371148695,,-24.310599247400827,24.804308,59.47713,11.92100324106759,32.33575351812161,65.33239293970571,5.026173830002422,0.00330129806681782,5.45358003250993
2026-09-30T18:22:50+03:00,21.33,289.07,22.56751159797562,17.08776,35.99893826806962,35.31138891391264,1.1152050524426342,5.851439999999999,5.67648,0.2578310078088704,,-25.06117395902221,24.804366,59.477172,11.89821224710145,33.4465223223454,69.44546059041502,4.882445137723487,0.0030835456575902323,5.456663578167521
2026-09-30T18:22:52+03:00,21.18,289.09,23.05452572383682,17.554319999999997,37.998560973076195,36.20520307431672,0.865796524222187,5.890319999999999,5.65704,0.29220847551671986,,-25.233061297561456,24.804433,59.47721,12.351743396463231,33.81771439614536,71.81627536922156,4.893751114621723,0.0030660286424770266,5.459729606809998
2026-09-30T18:22:54+03:00,21.18,289.08,25.0598780067947,17.14608,37.998560973076195,36.325524211294194,-0.173319733027074,5.851439999999999,5.7153599999999996,0.2807493196141034,,-24.396542916670455,24.804501,59.477252,12.101973241712802,36.87758312415522,74.87614409723142,4.680681021470893,0.003268405190120226,5.462998012000118
2026-09-30T18:22:56+03:00,21.03,289.08,21.725263639133313,16.87392,37.998560973076195,35.89007628699476,0.4345884876067294,5.98752,5.79312,0.3036676314193363,,-23.79493723178309,24.80457,59.477298,11.52677557463597,32.8108852136385,70.8094461867147,5.032293051807743,0.0034759012568011663,5.46647391325692
2026-09-30T18:22:58+03:00,21.03,289.08,21.805477730451628,17.06832,36.99588483159726,36.31979463334289,0.4165976128396216,5.96808,5.67648,0.2119943841984046,,-25.622672598250414,24.804636,59.47734,11.73849048746841,32.691498742367315,69.68738357396458,5.02268200231955,0.003229968069825056,5.469703881326745
2026-09-30T18:23:00+03:00,20.92,289.08,22.6935623129044,17.8848,36.99588483159726,37.43133275589668,1.3903966814439688,6.14304,5.65704,0.1776169164905552,,-26.373247309871793,24.804708,59.477389,12.445096361358397,33.6718160238529,70.66770085545016,5.112403450326304,0.003675017973157483,5.473378899299902
2026-09-30T18:23:02+03:00,20.88,289.08,19.456350770415252,17.8848,40.9951302416104,38.691839905184494,-0.2459134856701493,6.0264,5.3654399999999995,0.24064227395494575,,-23.857962589247478,24.804777,59.47743,12.366535567301966,28.79788361136525,69.79301385297565,5.28108181275997,0.00324194792823983,5.476620847228142
2026-09-30T18:23:04+03:00,20.73,289.07,17.45099848745737,18.13752,43.99742908809592,37.872510258147415,-0.27908774200822406,5.96808,5.1710400000000005,0.24064227395494575,,-20.895770788421125,24.804855,59.477475,12.572175416087678,25.63539783798663,69.63282692608254,5.380614479734246,0.003603608556375256,5.4802244557845174
2026-09-30T18:23:06+03:00,20.7,289.08,18.224491510883983,17.47656,41.99780638308934,37.6547862959977,-0.7025608483894155,6.006959999999999,5.67648,0.6589014644004466,,-17.33770288065871,24.804925,59.477517,11.919888514190756,27.292344260359243,69.29015064344858,5.3382562533934586,0.00330750871462214,5.483531964499139
2026-09-30T18:23:08+03:00,20.55,289.08,18.791719728063498,16.56288,41.99780638308934,36.52032986163867,-1.297462927073749,5.90976,5.6376,0.3036676314193363,,-14.52448010656637,24.804994,59.477554,11.132118998426058,28.638271280436044,70.63607766352538,5.18677788379773,0.003063161234891036,5.486595125734031
2026-09-30T18:23:10+03:00,20.43,289.08,18.41929716122846,15.590879999999999,37.998560973076195,36.49168197188214,1.0133904522478872,5.9292,6.006959999999999,0.34377467707849396,,-15.876660503075112,24.805072,59.4776,10.14000375298241,29.066287455904387,67.06484842898058,5.182466051503684,0.0036489354818548692,5.490244061215885
2026-09-30T18:23:12+03:00,20.28,289.08,16.574373060907213,16.893359999999998,39.998183678082775,36.43438619236905,-0.35317118491863947,5.87088,5.87088,0.544309905374282,,-13.44731945172042,24.805139,59.477643,11.390205421310466,25.029342786527053,65.02752646460982,5.319552900636249,0.0032960073914632963,5.493540068607349
2026-09-30T18:23:14+03:00,20.17,289.08,19.59386064124665,17.009999999999998,38.995507536603824,36.45730450417428,-0.5866514864344499,5.832,5.6376,0.3036676314193363,,-9.705905049516145,24.80521,59.477688,11.680608878590668,29.23268845975923,68.22819599636306,5.089257480545556,0.003466113633193768,5.4970061822405425
2026-09-30T18:23:16+03:00,20.13,289.08,12.294378331279962,17.45712,39.998183678082775,34.96761423683414,-2.1279652511158775,5.81256,6.08472,0.13178029288008933,,-9.419426151950734,24.805279,59.477727,11.842716471471231,18.29337486284237,58.291558540925145,5.518803554574379,0.003151519963668958,5.500157702204212
2026-09-30T18:23:18+03:00,19.98,289.08,17.760395696828017,18.40968,39.998183678082775,29.42711235791908,-2.468474068762126,5.7348,5.754239999999999,0.16615776058793874,,-8.181837314468156,24.805349,59.477769,13.06583224426561,25.454579948681186,65.45276362676395,5.178101627873557,0.0033074984151751593,5.503465200619387
2026-09-30T18:23:20+03:00,19.83,289.08,18.201573199078748,18.48744,28.997394011570965,25.616943020299104,-0.22121900470001082,5.52096,5.832,0.320856365273261,,-11.338834765638993,24.805395,59.47781,13.354546091711997,25.62115431134842,54.61854832291938,4.978100199109606,0.0028364149221244165,5.506301615541512
2026-09-30T18:23:22+03:00,19.8,289.08,15.783691303626673,18.72072,25.99509516508545,28.539027775466305,2.361445552631688,5.443199999999999,5.26824,0.4239887683968092,,-14.667719555349073,24.80544,59.477855,13.563803681094173,22.050417500880087,48.04551266596553,5.045050931026739,0.0030336928622456414,5.509335308403758
2026-09-30T18:23:24+03:00,19.68,289.08,20.88874525824231,16.7184,27.99471787009202,30.859506845746136,0.20042063673676197,5.52096,5.90976,0.4526366581533504,,-18.162762105647097,24.805483,59.477899,11.726712955657291,30.55254511833283,58.54726298842485,4.754448365695898,0.0029525789274002013,5.512287887331158
2026-09-30T18:23:26+03:00,19.53,289.07,27.913207826546206,17.107200000000002,28.997394011570965,30.051636354611677,0.22992796318599937,5.67648,5.6376,0.4526366581533504,,-22.803720246206765,24.805532,59.477942,12.379702989812987,40.30842663846414,69.3058206500351,4.328731497912719,0.002986268143052176,5.51527415547421
2026-09-30T18:23:28+03:00,19.53,289.08,31.31657712962329,16.465680000000003,30.99701671657754,31.678836492783212,1.1700944092161671,5.326560000000001,5.57928,0.3380450991271857,,-25.164306362145755,24.805585,59.477985,12.232574102126955,44.39752215515753,75.39453887173508,3.8058427640582715,0.00304926273624915,5.51832341821046
2026-09-30T18:23:30+03:00,19.38,289.09,22.527404552316465,16.387919999999998,32.996639421584106,32.440870360307215,0.20695235560125338,5.5404,5.48208,0.3380450991271857,,-26.52221633660581,24.80564,59.47803,11.468424443983185,33.19366533124219,66.1903047528263,4.636344384465163,0.0031835768164448714,5.521506995026905
2026-09-30T18:23:32+03:00,19.27,289.08,28.680971272021505,16.31016,35.99893826806962,31.982504124202553,-0.2510128100468137,5.6376,5.443199999999999,0.2119943841984046,,-27.58791783554914,24.805695,59.478069,11.681912305214823,42.07293887791727,78.07187714598689,4.184747659645804,0.002883441312050034,5.524390436338955
2026-09-30T18:23:34+03:00,19.23,289.06,22.258114388604977,18.5652,32.996639421584106,32.76172672558047,1.121908658645665,5.98752,5.7153599999999996,0.18334649444186346,,-29.24949544142852,24.80575,59.478116,13.219822986353986,32.13646340272399,65.1331028243081,5.070133527409598,0.003286324340506189,5.527676760679461
2026-09-30T18:23:36+03:00,19.08,289.09,21.301274870736503,18.468,31.999692858056477,34.572273358193875,0.44266719251807407,6.0652800000000004,5.2488,0.1776169164905552,,-29.702132099581874,24.805814,59.478163,13.005087310954682,31.055481709842013,63.05517456789849,5.1959323042070595,0.003434816535416872,5.531111577214878
2026-09-30T18:23:38+03:00,18.93,289.08,23.79937085750689,16.77672,35.99893826806962,36.715135511983156,0.07889628838951436,5.87088,5.443199999999999,0.40107045659157625,,-26.671185363339823,24.805873,59.478205,11.648537112934887,35.53419145280583,71.53312972087545,4.777539189405369,0.0031011436444899195,5.534212720859368
2026-09-30T18:23:40+03:00,18.78,289.08,24.58432303683612,19.57608,42.99475294661698,34.46914095507033,-1.3911415265776388,6.0264,5.94864,0.46982539200727513,,-21.990120177120993,24.805944,59.478244,14.317206120080316,34.669745337715426,77.66449828433241,4.956379720009878,0.0031926270845417932,5.53740534794391
2026-09-30T18:23:42+03:00,18.63,289.08,23.421218712720552,17.70984,36.99588483159726,32.377845002842825,-0.9381037979676967,5.773680000000001,6.1236,0.5385803274229739,,-22.402649789615186,24.806011,59.478285,12.622255795299012,33.89695314125038,70.89283797284764,4.792396568539616,0.003202582076823804,5.540607930020734
2026-09-30T18:23:44+03:00,18.48,289.08,20.241302949744483,17.748720000000002,35.99893826806962,33.24301127349037,0.7086914967973152,5.90976,5.81256,0.5958761069360561,,-22.74069488874237,24.806074,59.478333,12.374015505934434,29.752220553772275,65.7511588218419,5.130732969374344,0.003467392054945679,5.544075322075679
2026-09-30T18:23:46+03:00,18.33,289.08,24.06866102121838,17.398799999999998,35.99893826806962,34.34309024014155,-1.3975013581035909,5.87088,5.832,0.5557690612768985,,-21.720830013409508,24.806138,59.478378,12.274146273618205,35.31752039967057,71.31645866774019,4.790408232798374,0.0033366353263431874,5.547411957402023
2026-09-30T18:23:48+03:00,18.18,289.08,27.1454443810709,16.15464,36.99588483159726,32.429411204404595,0.08216214782176005,6.0264,5.754239999999999,0.6245239966925973,,-21.199438419840458,24.806202,59.478421,11.136793419329365,41.43893048089876,78.43481531249603,4.517760414327669,0.003239945731288551,5.5506519031333115
2026-09-30T18:23:50+03:00,18.07,289.09,24.847883622596296,16.29072,39.998183678082775,32.933614064119716,-1.0438718069488468,6.1624799999999995,5.81256,0.6302535746439055,,-18.810204414144923,24.806281,59.478468,11.007650011591503,38.454188284600804,78.45237196268357,4.825872891962927,0.0037143969701688524,5.554366300103481
2026-09-30T18:23:52+03:00,17.88,289.09,22.957122898664583,15.47424,36.99588483159726,32.76172672558047,3.2429984162199723,5.98752,5.6376,0.6130648407899808,,-17.561156420759733,24.806345,59.478512,10.231057636896843,36.15202846581809,73.14791329741536,4.834650090374243,0.003288092678679603,5.55765439278216
2026-09-30T18:23:54+03:00,17.7,289.09,20.92885230390147,16.7184,35.99893826806962,44.17504600458647,6.589587601799598,6.0652800000000004,5.832,0.38961130068895977,,-14.942739297011869,24.806411,59.478552,11.263613461125068,32.018878293114966,68.01781656118459,5.142589866022915,0.003136858369882938,5.560791251152043
2026-09-30T18:23:56+03:00,17.58,289.08,9.687420363434715,17.94312,53.995542613128784,64.01657444996688,10.882874952273882,5.0544,5.0544,-0.17188733853924698,,-7.0015442564986605,24.806487,59.478582,12.98867010913513,13.44192580037057,67.43746841349935,4.915939957572873,0.002938376010877363,5.56372962716292
2026-09-30T18:23:58+03:00,17.43,289.08,-11.883581186548081,17.72928,70.99520039466032,84.5571114054069,4.780129588996945,4.31568,4.393439999999999,-0.5271211715203573,,4.47480037997173,24.806566,59.478598,13.535300193659216,15.648217227114515,55.3469831675458,4.155723275950313,0.0025962718785799963,5.5663258990415
2026-09-30T18:24:00+03:00,17.28,289.08,-17.61888871580762,15.940799999999998,97.99870127917599,85.65146079410677,-3.257895318893374,4.02408,3.9463199999999996,-0.6302535746439055,,8.81209088911206,24.806638,59.478593,12.166608912469892,23.364515944695654,74.63418533448034,3.6941070848623188,0.0022183474313695953,5.56854424647287
2026-09-30T18:24:02+03:00,17.28,289.08,-17.412623909560526,14.541120000000001,92.99677972768393,87.93183281872743,4.926634897211897,3.9851999999999994,3.92688,0.18907607239317165,,7.396885135138928,24.806713,59.478588,10.804562240941193,23.749672564094,69.24710716358993,3.6477084789860714,0.0023091157195044543,5.570853362192374
2026-09-30T18:24:04+03:00,17.17,289.09,-21.062365064543872,13.82184,93.99945586916286,99.00710699860626,5.649593043107969,4.00464,4.04352,-0.47555496995858326,,9.115758520531397,24.806787,59.478585,10.186928126867542,29.18425208418458,64.81520378497828,3.496275516372904,0.002266133936530659,5.573119496128905
2026-09-30T18:24:06+03:00,17.13,289.09,-30.45887290468937,12.8304,109.99643750921543,106.09459492437453,3.6045920807270346,4.16016,4.0824,-0.8422479588423101,,13.435860295817806,24.80686,59.478573,9.481861672503957,43.309536139361484,66.68690136985394,3.027176209729529,0.0023422486802516067,5.575461744809157
2026-09-30T18:24:08+03:00,17.13,289.08,-29.46192634116174,12.86928,115.99530562423517,112.90133353052872,2.4476184050193637,4.60728,4.276800000000001,-1.2318592595312698,,17.03976482719068,24.806932,59.478556,9.143068475058634,43.81198073941604,72.18332488481913,3.3246845818902795,0.002423817177978916,5.577885561987136
2026-09-30T18:24:10+03:00,17.13,289.08,-32.44703645379333,13.549679999999999,124.99647258574039,115.63434221330277,-0.22431297679371728,4.859999999999999,4.84056,-1.7818987428568602,,20.68377640422272,24.807013,59.478526,9.80158006459499,47.87502925101225,77.12144333472814,3.2598446331405126,0.0030603220815798604,5.580945884068716
2026-09-30T18:24:12+03:00,16.98,289.08,-31.123503947041126,14.94936,124.99647258574039,114.58009987026203,-0.5652228648965572,5.20992,5.07384,-2.045459328617039,,21.783855370873898,24.807094,59.478496,10.829541855298498,45.52202685456683,79.47444573117356,3.6502523497268857,0.0030603238562697983,5.584006207924985
2026-09-30T18:24:14+03:00,16.98,289.08,-29.8515376418507,15.27984,122.99684988073382,111.62363764738697,-0.5914070361340357,5.38488,5.38488,-2.3032903364259094,,22.90685264933031,24.807174,59.478471,10.942778396578639,44.029950454832345,78.96689942590147,3.871602608760867,0.002867403774154101,5.586873611699139
2026-09-30T18:24:16+03:00,16.98,289.08,-26.29346973408829,16.58232,121.9999033172062,109.02240925749305,-1.6384874067356154,5.7153599999999996,5.20992,-2.7501974166279517,,25.307545810928463,24.807262,59.478441,11.734650572925549,38.75288412508252,83.24701919212369,4.457140497454919,0.0032354283883751144,5.590109040087515
2026-09-30T18:24:18+03:00,16.98,289.08,-28.14412341236084,17.26272,120.99722717572726,105.97427378739707,-2.1599935918636906,5.754239999999999,4.996079999999999,-2.813222774092342,,25.651320488006956,24.807349,59.478409,12.487385890158906,40.69798104241369,80.29924613331357,4.3626191426071905,0.003279167257058036,5.593388207344573
2026-09-30T18:24:20+03:00,16.83,289.08,-26.1616894412082,17.2044,114.99835906070751,102.05524246870223,-1.149811703268536,5.87088,5.46264,-2.836141085897575,,25.467973993565096,24.807445,59.478382,12.212449006163137,38.39870851124067,76.59965054946684,4.601052442501549,0.0033499132470910073,5.596738120591664
2026-09-30T18:24:22+03:00,16.83,289.08,-28.184230458020004,17.2044,111.99606021422201,98.49144498298851,-0.5327934536921526,5.96808,5.46264,-2.045459328617039,,20.01914536187096,24.807537,59.478366,12.272043527718822,41.46308719712482,70.53297301709719,4.472374461491954,0.0029685426166720483,5.599706663208336
2026-09-30T18:24:24+03:00,16.8,289.08,-24.82096820060207,14.73552,104.99451595772337,101.37915227044788,2.555506357842498,5.87088,5.42376,-0.3323155211758775,,14.26091952080619,24.80764,59.478351,9.72444546573313,39.501767828338984,65.49274812938438,4.53000011108295,0.0032709495208367804,5.602977612729172
2026-09-30T18:24:26+03:00,16.68,289.09,-18.6444831690918,15.007679999999999,106.99986824068124,103.1381327014995,-0.7863272780375419,5.67648,5.52096,-0.9682986737710912,,18.689883277167453,24.807738,59.478333,9.79861396231661,29.317509422585857,77.68235881809538,4.9494346130236835,0.0031812374694040677,5.606158850198576
2026-09-30T18:24:28+03:00,16.65,289.09,-17.412623909560526,14.03568,111.99606021422201,101.70573821367242,0.45756409519147545,5.94864,5.404319999999999,-0.8250592249883855,,18.334649444186343,24.807836,59.478313,8.547073511016816,29.433871067043498,82.56218914717851,5.1808101039450865,0.003224106877740276,5.609382957076316
2026-09-30T18:24:29+03:00,16.68,289.08,-24.534489303036658,15.085439999999998,110.99911365069438,103.39596370930835,0.26917557215246074,5.851439999999999,5.404319999999999,-1.6100114043176132,,22.454215991176962,24.807934,59.478293,10.060147641319315,38.51093751631413,72.48817613438025,4.578689231979102,0.0032241085212859266,5.612607065597602
2026-09-30T18:24:31+03:00,16.53,289.09,-21.05090590864125,15.552,110.99911365069438,102.60528195202782,-0.5573733431032649,5.50152,5.28768,-1.7818987428568602,,24.213196422228588,24.808031,59.478276,10.60341290963421,31.791773780636134,79.20733987005825,4.676117831236258,0.0031324326341518084,5.615739498231753
2026-09-30T18:24:35+03:00,16.53,289.08,-20.78161574492977,15.3576,112.99873635570096,101.74584525933159,-0.18781556524388385,6.10416,5.48208,-1.753250853100319,,26.808695234171218,24.80813,59.478255,9.890620005069664,33.430453436193716,79.56828291950724,5.094258212228526,0.003275149661135326,5.619014647892889
2026-09-30T18:24:37+03:00,16.53,289.09,-19.108578983147765,16.01856,111.99606021422201,100.60565924702125,-1.7148626808265537,5.69592,5.01552,-1.2891550390443522,,23.319382261824504,24.80823,59.478235,10.7986855526847,29.051694532118262,82.94436568210375,4.979270376786881,0.003280842750593396,5.622295490643482
2026-09-30T18:24:39+03:00,16.38,289.09,-31.346957487142145,16.426799999999997,106.99986824068124,101.23591282166515,1.7387550208835092,6.006959999999999,5.2488,-0.9052733163067008,,20.288435525582454,24.808336,59.478217,11.720910272563566,46.80972124711542,60.19014699356582,4.111304068529249,0.003411913786609519,5.625707404430091
2026-09-30T18:24:41+03:00,16.38,289.09,-21.36603269596321,14.92992,107.99681480420887,104.84554693098934,0.7025608483894155,5.69592,5.5404,-1.0026761414789407,,20.890041210469814,24.808433,59.4782,9.84662221828712,33.53227504013631,74.46453976407255,4.747975263876827,0.0031324389322313095,5.628839843362322
2026-09-30T18:24:43+03:00,16.38,289.09,-32.532980123062956,14.89104,108.99949094568781,106.19199774954677,-0.31203281522824633,5.754239999999999,5.5598399999999994,-1.1688339020668794,,21.950013131461837,24.808525,59.47818,10.505839068000897,49.66381499746555,59.33567594822226,3.7245544727422506,0.0030549294924153473,5.6318947728547375
2026-09-30T18:24:45+03:00,16.23,289.08,-20.317519930873804,14.34672,112.99873635570096,103.86578910131563,-1.6029067276579911,5.67648,5.65704,-1.008405719430249,,20.070711563432738,24.808616,59.47816,9.236171161494326,32.63920973974885,80.3595266159521,4.7800701340237275,0.003026891076351109,5.634921663931088
2026-09-30T18:24:47+03:00,16.23,289.08,-31.662084274464096,14.30784,105.9971920992023,103.71682007458162,-0.1812838463793925,5.773680000000001,5.443199999999999,-1.2032113697747289,,20.953066567934208,24.808716,59.478142,9.870315253124339,49.54346178811596,56.45373031108633,3.746373830548683,0.0032387339754991378,5.638160397906588
2026-09-30T18:24:49+03:00,16.23,289.09,-22.3343313697343,14.92992,113.99568291922859,104.71949621606056,-1.2511106414476656,5.67648,5.46264,-1.7990874767107847,,26.89463890344084,24.808817,59.478118,9.91673234900348,34.897946274832975,79.09773664439561,4.655692131466413,0.0034039943962338574,5.641564392302822
2026-09-30T18:24:51+03:00,16.08,289.09,-23.634945564681267,17.009999999999998,112.99873635570096,100.15875216681921,-2.743493810424921,5.754239999999999,5.28768,-1.4266649098757496,,23.296463950019273,24.808914,59.478094,11.962973531867652,34.75341905307246,78.2453173026285,4.727757943997322,0.0032938032666989907,5.644858195569521
2026-09-30T18:24:53+03:00,16.08,289.09,-22.03066373831496,16.29072,102.99489325271679,96.95018851408659,0.28241089721998275,5.7348,5.404319999999999,-0.5213915935690492,,13.321268736791641,24.809018,59.47808,11.183491670662658,33.12059516032522,69.87429809239157,4.803023254912186,0.003284416921530965,5.648142612491052
2026-09-30T18:24:55+03:00,15.93,289.09,-25.783537296421855,15.97968,103.99756939419571,99.30504505207428,2.477813280822758,5.52096,5.50152,-0.011459155902616466,,11.01797840036573,24.80912,59.47807,11.267260270343273,38.08976409172547,65.90780530247024,4.345245305057679,0.003171217926226145,5.651313830417278
2026-09-30T18:24:57+03:00,15.9,289.08,-20.901936881907243,15.24096,105.9971920992023,103.36731581955182,-0.24264762623790362,5.404319999999999,5.19048,-0.44117750225073393,,13.70515045952929,24.809206,59.478056,10.373053388491314,31.61411986803722,74.38307223116507,4.602306904379854,0.0027568751485703953,5.654070705565848
2026-09-30T18:24:59+03:00,15.78,289.09,-22.586432799591858,15.51312,110.99911365069438,104.92003144435634,0.8039170823480581,5.2488,5.13216,-0.1604281826366305,,15.028682966281494,24.809302,59.478038,10.855722311448305,33.28856295954827,77.71055069114611,4.387560820833782,0.0031239168132188196,5.657194622379067
2026-09-30T18:25:01+03:00,15.71,289.08,-26.43097960491968,15.70752,112.99873635570096,107.89941197903663,0.934666051196912,5.26824,4.957199999999999,-1.1287268564077217,,21.646345500042504,24.80939,59.47802,11.237361189026934,38.47590120679726,74.5228351489037,4.124346623772522,0.0028960537391868263,5.660090676118254
2026-09-30T18:25:03+03:00,15.63,289.08,-19.996663565600542,15.552,117.99492832924174,107.84211619952355,-0.39155935719240453,5.2488,5.09328,-1.850653678272559,,26.08103883435507,24.809476,59.477998,10.770254491157532,29.590007185291654,88.40492114395009,4.564257085866429,0.0029395422502104637,5.663030218368465
2026-09-30T18:25:05+03:00,15.63,289.08,-25.336630216219813,15.921359999999998,116.99798176571409,106.23783437315726,-0.8564000163820414,5.50152,5.1710400000000005,-2.3032903364259094,,29.89693774992636,24.809564,59.477975,11.199290266622981,37.471783279282675,79.52619848643141,4.36629809277253,0.0030212245234422625,5.666051442891907
2026-09-30T18:25:06+03:00,15.48,289.09,-28.247255815484394,15.552,116.99798176571409,103.48190737857799,-1.138639026263485,5.50152,5.2488,-2.291831180523293,,30.303737784469245,24.80966,59.477951,11.017720275828484,41.91690339405909,75.081078371655,4.093760748814012,0.0032663985115625738,5.669317841403469
2026-09-30T18:25:08+03:00,15.48,289.08,-27.702945910110113,15.396479999999999,111.99606021422201,100.57128177931341,-0.6328891805015073,5.754239999999999,5.1127199999999995,-1.604281826366305,,26.12687545796554,24.809762,59.477931,10.643502251514345,42.25941498089597,69.73664523332604,4.258756943557305,0.0033377509387166873,5.672655592342186
2026-09-30T18:25:10+03:00,15.33,289.08,-30.676596866839088,15.435360000000001,107.99681480420887,98.54874076250161,-0.6148410099548863,6.0264,5.19048,-0.888084582452776,,19.555049547814995,24.809869,59.477914,10.703398141424401,47.37036525544454,60.62644954876433,4.081419211045323,0.0034224821809656367,5.676078074523152
2026-09-30T18:25:12+03:00,15.18,289.08,-20.79880447878369,16.21296,104.99451595772337,98.55447034045291,-0.08107352801101148,6.08472,5.890319999999999,-0.4812845479098915,,16.86214791070013,24.809982,59.477898,10.74424729664229,32.39976716266946,72.5947487950539,5.137512264181378,0.0035810987135484443,5.6796591732367
2026-09-30T18:25:14+03:00,15.15,289.09,-22.065041206022812,16.34904,103.99756939419571,98.68625063333299,1.4279827128045506,5.832,5.67648,-0.23491269600363757,,13.96871104528947,24.810084,59.477884,11.1613183115996,33.3850668455425,70.61250254865321,4.869669309394166,0.0032254566754179865,5.682884629912118
2026-09-30T18:25:16+03:00,15.03,289.08,-23.612027252876032,16.44624,105.9971920992023,99.3909887213439,-0.35895805864946073,5.851439999999999,5.57928,-0.38388172273765153,,14.461454749101978,24.810175,59.477871,11.329761481025104,35.5507893959896,70.4464027032127,4.760734152601039,0.002885760671437872,5.6857703905835555
2026-09-30T18:25:18+03:00,14.88,289.09,-19.09139024929384,17.26272,106.99986824068124,99.09305066787587,0.6614224786990224,5.87088,5.307119999999999,-0.7104676659622208,,18.621128341751756,24.810272,59.477858,11.871083299770715,28.400247248321676,78.59962099235956,5.16429916367755,0.0030624826106687014,5.688832873194224
2026-09-30T18:25:20+03:00,14.85,289.09,-23.033339879793903,17.41824,106.99986824068124,100.78327616351181,1.2894415179419179,5.6376,5.26824,-0.8594366926962348,,20.76972007349234,24.810371,59.477843,12.427410955103328,33.25723289369412,73.74263534698711,4.714256586262687,0.0031537969503861387,5.69198667014461
2026-09-30T18:25:22+03:00,14.73,289.09,-23.520354005655104,16.07688,109.99643750921543,98.93262248523924,-2.9991475786122943,5.65704,5.1127199999999995,-1.2662367272391195,,23.812125965637016,24.810462,59.477824,11.121385201830671,35.23248977804647,74.76394773116895,4.620771527110828,0.003003551026746589,5.694990221171357
2026-09-30T18:25:24+03:00,14.58,289.09,-25.926776745204563,16.64064,106.99986824068124,94.82451509415124,-2.1460134216624986,5.9292,5.404319999999999,-2.1715100435458203,,22.91258222728162,24.810572,59.477805,11.60153650639698,38.838597972574235,68.161270268107,4.6183467854129185,0.0035468648640162035,5.698537086035373
2026-09-30T18:25:26+03:00,14.55,289.08,-21.606674969918153,17.41824,98.99564784270365,91.63314017527254,-2.482798013640396,5.79312,5.2488,-0.9740282517223995,,20.781179229394958,24.810673,59.477793,12.21982048772114,31.660325653848332,67.33532218885532,4.930957567345764,0.003166476767624249,5.701703562802996
2026-09-30T18:25:28+03:00,14.4,289.08,-19.773210025499516,17.7876,94.99640243269049,88.53916808156612,0.8384664373944467,5.98752,5.7153599999999996,-0.739115555718762,,17.675747979785896,24.810785,59.477785,12.320754682769207,29.23574987401406,65.76065255867643,5.224814768720137,0.0034526784940432233,5.70515624129704
2026-09-30T18:25:30+03:00,14.28,289.08,-26.72891765838771,17.43768,93.99945586916286,89.83978227651309,0.9662360257086203,5.65704,5.42376,-0.3380450991271857,,12.083679899309063,24.810889,59.477784,12.643778711809151,38.33808288598874,55.66137298317412,4.437179923229875,0.003175382215265304,5.708331623512305
2026-09-30T18:25:32+03:00,14.1,289.09,-17.532945046537996,16.73784,95.99907857416943,93.71870654954876,1.3443308747154505,5.598719999999999,5.46264,-0.6359831525952138,,15.085978745794575,24.810989,59.477781,11.523317384978581,25.949413124447744,70.04966544972169,5.034261176538185,0.003058026446512329,5.711389649958818
2026-09-30T18:25:34+03:00,13.98,289.08,-23.239604686040998,16.60176,99.99832398418258,95.37455457747684,0.37454251067701916,5.754239999999999,5.307119999999999,-0.5958761069360561,,14.10049133816956,24.811089,59.477771,11.539967237105483,34.5865921360805,65.41173184810208,4.73728872188533,0.0031113191179087557,5.7145009690767266
2026-09-30T18:25:36+03:00,13.83,289.07,-28.419143154023644,16.69896,101.99794668918915,96.6064138370081,0.6087676573264997,5.346,5.3654399999999995,-0.41252961249419273,,12.152434834724762,24.811183,59.477761,12.264023062861973,40.392513638181015,61.605433051008134,4.071636480267832,0.0029318216908153566,5.717432790767542
2026-09-30T18:25:38+03:00,13.72,289.08,-18.524162032114326,15.396479999999999,103.99756939419571,98.40550131371889,0.6199976301110638,5.57928,5.307119999999999,-1.3407212406061262,,14.828147737985704,24.811279,59.477749,10.260533453621568,28.47222490890519,75.52534448529052,4.90445671143877,0.003018058311683151,5.720450849079225
2026-09-30T18:25:40+03:00,13.68,289.08,-19.383598724810557,15.338159999999998,105.9971920992023,97.90702803195508,-0.18775826946437074,5.6181600000000005,5.3654399999999995,-1.4381240657783663,,15.406835111067835,24.811376,59.477732,10.210155765006675,29.906224574640987,76.09096752456131,4.870060356725416,0.003132477712873541,5.723583326792099
2026-09-30T18:25:42+03:00,13.57,289.08,-22.666646890910176,16.115759999999998,100.9952705477102,100.47960853209247,1.7834457289037133,5.404319999999999,5.07384,-0.45836623610465854,,13.44731945172042,24.811474,59.477721,11.322053298759219,33.266390063699845,67.72888048401036,4.518710171876196,0.0030638491578865354,5.726647175949985
2026-09-30T18:25:44+03:00,13.42,289.08,-19.876342428623065,16.69896,108.99949094568781,103.94027361468265,1.5355268909506061,5.46264,5.326560000000001,-0.7677634454753031,,16.942362002018445,24.811569,59.477708,11.709959162149257,29.002236795365718,79.99725415032209,4.777629203629947,0.00300350232426287,5.729650678274248
2026-09-30T18:25:46+03:00,13.38,289.08,-19.733102979840357,15.785279999999998,114.99835906070751,105.00024553567467,-0.4770446602259234,5.1127199999999995,5.20992,-1.3636395524113596,,22.855286447768535,24.811657,59.477686,11.107759534574125,28.673665531665733,86.32469352904178,4.4857307493872725,0.0029942176150123505,5.73264489588926
2026-09-30T18:25:48+03:00,13.23,289.07,-23.1708497506253,15.41592,114.99835906070751,102.59382279612521,-0.7239321741477952,5.851439999999999,5.151599999999999,-1.2490479933851946,,22.098982158195852,24.811745,59.477666,10.29718346426261,36.0910776504941,78.90728141021341,4.728441151606212,0.002943104031972987,5.735587999921234
2026-09-30T18:25:50+03:00,13.2,289.07,-18.845018397387584,16.44624,108.99949094568781,100.94943392409975,-0.08365183808910018,5.5598399999999994,5.13216,-0.9511099399171665,,19.7670439320134,24.81184,59.477646,11.327695442428745,27.96711827809071,81.0323726675971,4.9105445075298615,0.0031393699879317017,5.738727369909165
2026-09-30T18:25:52+03:00,13.08,289.07,-20.56962136073136,16.485120000000002,107.99681480420887,103.29283130618482,2.0917543184636096,5.48208,5.307119999999999,-1.1974817918234204,,21.84115115038698,24.811931,59.477629,11.51477945457294,30.198880660658403,77.79793414355046,4.738077478210455,0.002959945408152956,5.741687315317319
2026-09-30T18:25:54+03:00,12.93,289.07,-20.3862748662895,16.485120000000002,111.99606021422201,102.21567065133887,-1.5361571445252502,5.598719999999999,5.01552,-1.4209353319244415,,23.07873998786956,24.812017,59.477611,11.405064039809705,30.232415672036097,81.76364454218592,4.83723851258974,0.0028395417535500584,5.744526857070869
2026-09-30T18:25:56+03:00,12.9,289.07,-20.942043927566395,17.5932,108.99949094568781,97.44866179585041,-2.5748150355384065,5.7153599999999996,5.1127199999999995,-1.105808544602489,,20.6035623129044,24.812115,59.477592,12.424469865824236,30.405456821313578,78.59403412437423,4.92930065372651,0.003202240296746496,5.747729097367616
2026-09-30T18:25:58+03:00,12.78,289.07,-22.6838356247641,18.059759999999997,102.99489325271679,95.56363064987,1.3591131858298258,5.6181600000000005,5.346,-1.0026761414789407,,17.58980431051627,24.812212,59.477577,13.057193497410838,32.235275526495116,70.75961772622168,4.752204501977417,0.0030953625963096205,5.750824459963925
2026-09-30T18:26:00+03:00,12.63,289.08,-20.58108051663398,17.398799999999998,102.99489325271679,99.03002531041147,0.5122242688469559,5.46264,5.28768,-0.7792226013779195,,17.967956455302616,24.812309,59.477568,12.433988765854902,29.465355589182195,73.5295376635346,4.756065461703917,0.003010151627884898,5.75383461159181
2026-09-30T18:26:02+03:00,12.52,289.09,-20.942043927566395,16.67952,107.99681480420887,99.47120281266221,-0.09241809235460179,5.28768,5.22936,-0.790681757280536,,16.541291545426866,24.812401,59.477553,11.892267984328543,30.086363471144494,77.91045133306437,4.575274875251584,0.002949682035235381,5.756784293627046
2026-09-30T18:26:04+03:00,12.45,289.07,-20.632646718195755,16.17408,107.99681480420887,100.63430713677779,1.4644801243543841,5.38488,5.20992,-0.8479775367936184,,17.62991135617543,24.812494,59.477538,11.295115545930672,30.303776900397963,77.6930379038109,4.649102331401679,0.0029787640396055975,5.759763057666651
2026-09-30T18:26:06+03:00,12.33,289.08,-21.78429188640871,17.06832,110.99911365069438,102.7313326669566,-0.24705940126041095,5.5404,5.19048,-0.9797578296737078,,17.79606911676337,24.81259,59.47752,12.099554182236997,31.568227062418828,79.43088658827556,4.720517067530155,0.003123958971549283,5.762887016638201
2026-09-30T18:26:08+03:00,12.18,289.07,-26.534112008043234,16.3296,110.99911365069438,104.29550744766375,1.5612526959519801,5.404319999999999,5.22936,-0.8021409131831525,,17.721584603396366,24.812686,59.477502,11.74533203384268,38.39591827047494,72.60319538021945,4.235569357498919,0.0031239604366816867,5.766010977074883
2026-09-30T18:26:10+03:00,12.03,289.07,-24.706376641575908,15.590879999999999,113.99568291922859,106.14616112593632,0.533137228369231,5.67648,5.26824,-1.5641747807071475,,23.376678041337588,24.812777,59.477484,10.700366996274935,37.51701733065943,76.47866558856916,4.502427821521157,0.00298124062367999,5.768992217698563
2026-09-30T18:26:12+03:00,12.03,289.08,-25.227768235144957,15.765839999999999,115.99530562423517,105.79092729295522,-0.5603527236379452,5.6181600000000005,5.1710400000000005,-1.7188733853924696,,24.9179345102395,24.812876,59.477459,10.948601438878852,37.86099618982931,78.13430943440586,4.435548969189883,0.003375176319338738,5.772367394017902
2026-09-30T18:26:14+03:00,11.88,289.07,-26.264821844331745,17.6904,113.99568291922859,102.84019464803146,-2.461713166779582,5.79312,5.19048,-1.8334649444186342,,24.568430255209698,24.812968,59.477437,12.755635225598455,37.85885545024402,76.13682746898456,4.5738130933262635,0.003104259569850204,5.775471653587752
2026-09-30T18:26:16+03:00,11.81,289.07,-30.47033206059199,17.029439999999997,109.99643750921543,98.82949008211571,0.1348169691942827,6.0264,5.6181600000000005,-1.105808544602489,,19.698288996597704,24.813069,59.477414,12.223498814179582,44.948160719466244,65.04827678974918,4.2651620488723685,0.00337901854201862,5.778850672129771
2026-09-30T18:26:18+03:00,11.73,289.07,-25.290793592609347,16.15464,105.9971920992023,99.20764222690205,-1.0436999196103076,5.79312,5.38488,-1.180293057969496,,18.661235387410912,24.813168,59.477401,11.193804651685356,38.064146966162326,67.93304513303997,4.561044916918992,0.0031215941862970387,5.7819722663160675
2026-09-30T18:26:20+03:00,11.58,289.07,-24.941289337579544,17.04888,105.9971920992023,97.01894344950229,0.8341692539309656,5.98752,5.346,-0.8250592249883855,,15.567263293704467,24.813277,59.477384,11.890906908585333,37.20060106114806,68.79659103805423,4.769200838393044,0.00348084897386148,5.785453115289929
2026-09-30T18:26:22+03:00,11.43,289.07,-30.08645033785434,16.31016,103.99756939419571,98.46852667118327,-0.13796823706750222,5.832,5.832,-0.5385803274229739,,11.166947427099744,24.813385,59.477372,11.637143235559874,44.63685024736256,59.36071914683315,4.1499013368471385,0.003374939375877892,5.788828054665807
2026-09-30T18:26:24+03:00,11.36,289.06,-23.1708497506253,15.629759999999997,104.99451595772337,100.93797476819712,1.588181712323129,5.832,5.67648,-0.44117750225073393,,11.258620674320678,24.813491,59.477359,10.521485551267652,35.768343008174185,69.22617294954918,4.732008373098458,0.0033289163144899626,5.7921569709802965
2026-09-30T18:26:26+03:00,11.25,289.06,-20.455029801705194,14.40504,106.99986824068124,102.66830730949222,0.9461252070995284,5.57928,5.50152,-0.18907607239317165,,7.574502051629484,24.813592,59.477342,9.382386919796023,32.44937835923312,74.55048988144812,4.708163739444313,0.003248184647487908,5.795405155627784
2026-09-30T18:26:28+03:00,11.13,289.07,-22.271306012269907,14.40504,108.99949094568781,105.36693852455839,1.4796635059253511,5.52096,5.326560000000001,-0.320856365273261,,9.505369821220357,24.813688,59.477325,9.528523448731745,34.95647719011245,74.04301375557536,4.524909836814578,0.0031036698040788012,5.798508825431863
2026-09-30T18:26:30+03:00,10.98,289.07,-18.787722617874504,14.191199999999998,114.99835906070751,107.0342457083891,0.04618039828754435,5.5404,5.19048,-0.4640958140559668,,11.035167134219655,24.813776,59.477305,9.122219077932524,30.06782467406495,84.93053438664256,4.794844523402431,0.0029431302365596395,5.801451955668423
2026-09-30T18:26:31+03:00,10.98,289.06,-26.71172892453379,14.94936,116.99798176571409,107.24051051463618,0.8517017624619687,5.48208,5.307119999999999,-0.8250592249883855,,17.67001840183459,24.813864,59.477282,10.349959625463145,40.48547186120783,76.51250990450626,4.169508971906771,0.0030212735268295285,5.804473229195252
2026-09-30T18:26:33+03:00,10.83,289.06,-23.887046994538824,14.541120000000001,118.99760447072069,108.95938390002866,0.6441191532860715,5.326560000000001,4.97664,-1.552715624804531,,24.37935418281653,24.813944,59.477258,9.9084158699748,36.4601242881655,82.53748018255519,4.283995821455538,0.0028364412520148472,5.807309670447267
2026-09-30T18:26:35+03:00,10.83,289.07,-31.524574403632702,14.85216,119.9945510342483,108.0197331160141,-0.649333069221762,5.38488,5.19048,-1.0255944532841736,,18.867500193658007,24.814025,59.47723,10.641243987590434,46.867134660774724,73.12741637347358,3.681602007206328,0.0029911435947186675,5.810300814041986
2026-09-30T18:26:37+03:00,10.68,289.06,-35.94207900409134,15.10488,118.99760447072069,108.1629725647968,-0.2219638498336809,5.5404,5.326560000000001,-0.4812845479098915,,14.810959004131782,24.81412,59.477202,11.106102481929938,52.968635834645184,66.0289686360755,3.336717603491372,0.003353092759376953,5.813653906801362
2026-09-30T18:26:43+03:00,10.53,289.07,-36.87600021015459,14.26896,118.99760447072069,105.91697800788398,-1.0887916980871033,5.851439999999999,5.50152,-1.0427831871380984,,18.90187766136586,24.814208,59.477176,10.210920651121402,56.98962829841798,62.007976172302705,3.187810927575511,0.003107931819698334,5.816761838621061
2026-09-30T18:26:45+03:00,10.53,289.06,-35.34047331920398,14.171759999999999,114.99835906070751,105.38985683636362,-0.49176967556078555,5.754239999999999,5.57928,-1.0714310768946396,,18.787286102339696,24.814298,59.477153,10.045315680398208,54.690801803636035,60.30755725707148,3.325885344326835,0.0030756979230546822,5.8198375365441155
2026-09-30T18:26:47+03:00,10.38,289.06,-38.72665388842715,12.985919999999998,114.99835906070751,106.34669635423211,0.029220847551671987,5.851439999999999,5.773680000000001,-1.32926208470351,,21.97866102121838,24.814399,59.477132,9.182243546070374,62.22177416437765,52.776584896329865,2.727066178444027,0.0033316643120258915,5.8231692008561415
2026-09-30T18:26:49+03:00,10.31,289.06,-32.143368822374,13.19976,114.99835906070751,104.58771592318047,-1.0751553025629899,5.851439999999999,5.38488,-1.6157409822689215,,23.30219352797058,24.814501,59.477107,8.813390487581493,52.82867936356453,62.16967969714298,3.535442017757971,0.0034574504855199657,5.826626651341662
2026-09-30T18:26:51+03:00,10.23,289.07,-29.12388124203455,14.366159999999999,111.99606021422201,100.76035785170657,-2.0144623119004614,6.25968,5.7348,-1.277695883141736,,21.147872218278685,24.814606,59.47708,9.405009449352649,48.024763076595065,63.97129713762695,4.186532566759284,0.0035928343102035625,5.830219485651865
2026-09-30T18:26:53+03:00,10.08,289.08,-33.71900275898375,13.66632,106.99986824068124,99.3165042079769,-1.1896895658096416,6.0652800000000004,5.42376,-1.082890232797256,,19.86444675718564,24.814706,59.477062,9.255538258478747,55.051394176416466,51.94847406426477,3.4744436581480462,0.0032388259686991104,5.833458311620564
2026-09-30T18:26:55+03:00,9.93,289.07,-36.20563958985153,14.32728,106.99986824068124,96.72673497398557,-0.47154426539266747,6.08472,5.65704,-0.790681757280536,,16.541291545426866,24.814814,59.477043,10.08004769963187,57.09479362983322,49.90507461084802,3.3055286581421632,0.003489187975099279,5.836947499595664
2026-09-30T18:26:57+03:00,9.82,289.07,-27.09561064727144,13.860719999999999,105.9971920992023,95.59800811757786,-0.5181830299163166,6.18192,5.9292,-1.3178029288008932,,19.469105878545374,24.814917,59.477028,8.81886672010947,45.715223475008855,60.28196862419344,4.316371718791582,0.0032710678980307183,5.840218567493695
2026-09-30T18:26:59+03:00,9.78,289.07,-33.157504119755544,13.8996,103.99756939419571,93.83329810857492,-1.3991629357094704,6.337439999999999,5.7153599999999996,-1.1287268564077217,,19.73839604225686,24.815035,59.477013,9.266764630404477,55.122991019097014,48.87457837509869,3.6238541912849387,0.0037133926445874067,5.843931960138282
2026-09-30T18:27:01+03:00,9.63,289.08,-34.7961634138297,14.98824,103.99756939419571,92.46965855616355,-0.8148605762350569,6.337439999999999,5.754239999999999,-1.180293057969496,,16.89079580045667,24.815145,59.477002,10.431016576047947,55.08224285987323,48.915326534322475,3.6275508327725023,0.0034225259851853977,5.847354486123468
2026-09-30T18:27:03+03:00,9.48,289.07,-18.323626803818538,13.64688,98.99564784270365,92.79051492143682,0.6768923391675546,6.1236,5.81256,-1.2662367272391195,,20.254058057874598,24.815253,59.476994,8.066859551043166,32.13054270948197,66.86510513322168,5.185700409729123,0.0033318801510908414,5.850686366274559
2026-09-30T18:27:05+03:00,9.33,289.07,-16.959987251407174,13.84128,99.99832398418258,92.25193459401386,-1.585431514906501,6.27912,5.6376,-1.2261296815799616,,19.13106077941819,24.815366,59.476982,8.046490748105507,30.117716690913397,69.88060729326918,5.431415597242314,0.00352423974109873,5.854210606015657
2026-09-30T18:27:07+03:00,9.26,289.08,-25.262145702852806,16.05744,96.99602513769707,91.65605848707779,1.0978444312501705,6.39576,6.1624799999999995,-1.1229972784564135,,15.91103797078296,24.815489,59.476972,10.629744193057292,40.140960807139635,56.85506433055744,4.889307300266684,0.003802722095134139,5.858013328110792
2026-09-30T18:27:09+03:00,9.15,289.07,-27.14717684883321,16.29072,95.99907857416943,92.81916281119337,3.2731359962438535,6.24024,6.1624799999999995,-0.6073352628386726,,13.928603999630313,24.815598,59.476967,11.109003812754938,41.99804669453266,54.00103187963677,4.637544413779618,0.0033410733836254994,5.861354401494417
2026-09-30T18:27:11+03:00,8.96,289.07,-20.74150869927061,15.72696,100.9952705477102,97.55179419897395,1.1492387454734052,5.9292,6.0652800000000004,-0.7849521793292279,,15.876660503075112,24.815716,59.476961,10.396315327819911,32.394236796043174,68.60103375166703,5.006508677529986,0.0036202877150061158,5.864974689209423
2026-09-30T18:27:13+03:00,8.85,289.07,-21.457705943184138,16.912799999999997,104.99451595772337,97.28823361321378,-0.2849319115185584,6.08472,5.773680000000001,-1.1229972784564135,,17.8189874285686,24.81582,59.476946,11.467915853018066,32.64963089200694,72.34488506571643,5.123245315702776,0.0033004312072465606,5.868275120416669
2026-09-30T18:27:15+03:00,8.73,289.06,-21.268629870790967,17.029439999999997,103.99756939419571,96.325664517394,-2.0269527918343133,6.2208000000000006,5.5598399999999994,-1.6844959176846201,,22.746424466693686,24.815931,59.47693,11.456762512953016,32.62795391665452,71.36961547754119,5.239092049768438,0.0035224192673854,5.871797539684055
2026-09-30T18:27:17+03:00,8.58,289.07,-14.914527922790139,17.6904,104.99451595772337,93.97653755735762,-0.14495832216809829,6.201359999999999,5.443199999999999,-1.4266649098757496,,22.580266706105743,24.816038,59.476915,11.806343444783348,22.684100166328335,82.31041579139503,5.721654693770451,0.00338862626713441,5.875186165951189
2026-09-30T18:27:19+03:00,8.51,289.07,-16.725074555403538,18.176399999999997,99.99832398418258,93.93070093374716,-0.7011284539015883,5.851439999999999,5.46264,-1.7818987428568602,,23.153224501236565,24.816144,59.476906,12.684764452362723,24.353712612743863,75.64461137143871,5.3307618829802035,0.0032808577237773986,5.8784670236749665
2026-09-30T18:27:21+03:00,8.32,289.06,-16.85112527033232,16.31016,105.9971920992023,90.45284711730307,-3.0443539486481166,6.454079999999999,6.0264,-1.1974817918234204,,21.17079053008392,24.816254,59.476892,10.304484188027773,27.312129429237558,78.68506266996474,5.734579918866632,0.003461896427415403,5.881928920102382
2026-09-30T18:27:23+03:00,8.17,289.07,-21.767103152554782,17.70984,91.99983316415629,87.66254265501594,0.7479964015432898,6.18192,5.890319999999999,-0.4469070802020421,,12.731122207806893,24.816362,59.476885,12.18626870562521,32.61014241069938,59.389690753456904,5.207383656119219,0.003323748147797332,5.885252668250179
2026-09-30T18:27:25+03:00,8.1,289.06,-16.152116760272712,17.009999999999998,90.99715702267736,90.99142744472604,0.560295427858432,5.9292,5.79312,-0.3781521447863433,,11.287268564077218,24.816478,59.476885,11.434438385023665,24.446055389127963,66.5511016335494,5.397654962257333,0.00354123216817768,5.8887939004183565
2026-09-30T18:27:27+03:00,7.91,289.06,-20.311790352922493,16.038,96.99602513769707,92.32641910738084,2.9870008733555204,5.754239999999999,5.50152,-0.12032113697747288,,10.788795282313401,24.816583,59.476882,10.827415497585408,30.942714356975443,66.05331078072163,4.9353070309752525,0.003210493898746584,5.892004394317103
2026-09-30T18:27:29+03:00,7.83,289.06,-17.378246441852678,15.99912,97.99870127917599,96.6751687724238,2.3423087622743184,5.443199999999999,5.326560000000001,-0.1432394487827058,,9.91216985576324,24.816686,59.476876,10.926013681035698,25.93550947616697,72.06319180300902,4.894998427554654,0.0031649852448379806,5.895169379561941
2026-09-30T18:27:31+03:00,7.68,289.06,-18.592916967530023,16.465680000000003,102.99489325271679,97.86692098629591,-1.83971018438556,5.5598399999999994,5.38488,-0.5099324376664327,,15.097437901697193,24.816785,59.476864,11.335491666792906,27.590100879915326,75.40479237280147,4.9275950700987625,0.0031071397608124366,5.898276519322754
2026-09-30T18:27:33+03:00,7.65,289.06,-20.02531145535708,15.37704,102.99489325271679,98.06172663664039,0.7933746589176509,5.346,5.26824,-0.6875493541569879,,17.715855025445055,24.81688,59.476849,10.51483881853276,30.051739580895628,72.94315367182116,4.6273561326665895,0.0030662335902162364,5.90134275291297
2026-09-30T18:27:35+03:00,7.38,289.06,-25.107447098167484,15.8436,106.99986824068124,97.56325335487658,-0.7771026575359357,5.7348,5.22936,-1.4839606893888322,,22.104711736147163,24.817164,59.476799,10.925102872737636,37.97701498589299,69.02285325478825,4.520500094629724,0.0031037128932021245,5.904446465806172
2026-09-30T18:27:40+03:00,7.31,289.06,-22.964584944378203,16.387919999999998,104.99451595772337,90.45284711730307,-7.344574088443484,5.773680000000001,5.26824,-1.7589804310516275,,18.294542398527184,24.817273,59.476781,11.298666311000533,34.464995010597164,70.5295209471262,4.760237970384665,0.0034990223433348914,5.907945488149507
2026-09-30T18:27:42+03:00,7.23,289.06,-20.174280482091095,16.7184,91.99983316415629,74.70223732915674,-9.2808849570881,5.50152,5.46264,-2.137132575837971,,9.826226186493619,24.817368,59.476773,11.709154886365985,29.499583737790488,62.5002494263658,4.788298950048863,0.0029397507726873938,5.910885238922194
2026-09-30T18:27:44+03:00,7.12,289.06,-3.054301563582097,15.51312,73.99749924114583,49.830139442527695,-14.153547229998674,5.22936,5.326560000000001,-0.1546986046853223,,-0.5958761069360561,24.817471,59.476785,10.294959665675607,4.605199192977636,69.3923000481682,5.212477517747963,0.0032260482629104556,5.914111287185105
2026-09-30T18:27:46+03:00,7.08,289.07,11.532344463755967,12.966479999999999,40.9951302416104,29.58754054055571,-4.599475996192197,4.7628,4.68504,0.8594366926962348,,-13.544722276892662,24.817538,59.476812,8.354271715337857,18.076894285925334,59.07202452753573,4.527712674093124,0.002611011009250077,5.9167222981943555
2026-09-30T18:27:48+03:00,7.08,289.06,10.466642964812635,12.48048,23.995472460078876,28.063472805507722,2.975541717452904,4.58784,4.49064,1.008405719430249,,-18.8617706157067,24.817576,59.47685,8.012442288204227,16.43725540087013,40.432727860949,4.400335828116188,0.0025618006572186583,5.919284098851574
2026-09-30T18:27:50+03:00,7.08,289.06,24.859342778498913,13.19976,27.99471787009202,29.782346190900192,0.0952828813302559,4.374,4.393439999999999,1.0026761414789407,,-18.197139573354946,24.817615,59.476892,9.412403195116111,36.125021682314724,64.11973955240674,3.5330219483520318,0.0027911860720091965,5.922075284923584
2026-09-30T18:27:52+03:00,7.08,289.07,25.569810444461133,13.91904,31.999692858056477,27.58791783554914,-0.5606392025355106,4.58784,4.74336,0.8479775367936184,,-17.91639025374084,24.817657,59.476932,9.978970580488213,37.01516738688278,69.01486024493926,3.6632809075870556,0.0027248225778758613,5.92480010750146
2026-09-30T18:27:54+03:00,7.08,289.06,32.05569268534205,14.94936,31.999692858056477,25.112740160583986,-1.725978062052092,4.58784,5.01552,0.888084582452776,,-16.907984534310593,24.817697,59.47697,11.325861221958874,44.47072962832527,76.47042248638175,3.2739212794319354,0.0025900186779358085,5.927390126179396
2026-09-30T18:27:56+03:00,7.08,289.07,27.71840217620172,16.17408,28.997394011570965,25.50235146127294,-0.2922657712962329,4.78224,5.07384,0.664631042351755,,-18.11692548203663,24.817736,59.47701,12.146042371523748,38.27072712930749,67.26812114087845,3.7545027568724008,0.00268294389386667,5.930073070073262
2026-09-30T18:27:58+03:00,6.93,289.06,21.404407273860052,14.91048,15.996981640052585,26.035202210744607,2.093358600289976,5.46264,5.13216,0.26356058576017866,,-23.330841417727125,24.817768,59.477055,10.024836229276527,32.87495975034753,48.87194139040011,4.587837373759428,0.002875849007127184,5.932948919080389
2026-09-30T18:28:00+03:00,7.05,289.07,32.19320255617345,15.1632,27.99471787009202,27.622295303256987,-0.5437369475791513,5.307119999999999,5.22936,0.5958761069360561,,-19.635263639133314,24.817808,59.477099,11.04023141668674,47.03252672298993,75.02724459308195,3.617243099219963,0.002913031224298848,5.935861950304688
2026-09-30T18:28:02+03:00,6.93,289.06,27.832993735227888,15.02712,31.999692858056477,24.029849927786728,-2.1503679009054926,5.28768,5.38488,0.6703606203030631,,-16.23189433605622,24.817864,59.477141,10.641497246250445,41.24767093848058,73.24736379653706,3.9756300317541267,0.003048897805718519,5.938910848110407
2026-09-30T18:28:04+03:00,6.93,289.05,32.239039179783916,14.34672,21.995849755072307,23.966824570322334,3.759749051648462,5.46264,5.01552,0.49847328176381617,,-19.54359039191238,24.817908,59.477187,10.153413161590748,48.91765461532802,70.91350437040032,3.5897357370718392,0.0030739554599743014,5.941984803570381
2026-09-30T18:28:06+03:00,6.93,289.06,26.84750632760287,14.424479999999999,26.997771306564392,27.31862767183765,-0.32882047862557945,5.326560000000001,5.443199999999999,0.418259190445501,,-19.984767894163113,24.817945,59.477229,9.966720585765655,40.814327993454896,67.81209930001928,4.031309090617087,0.0027656893620067943,5.944750492932387
2026-09-30T18:28:08+03:00,6.93,289.06,32.428115252177086,14.424479999999999,29.994340575098594,24.270492201741668,-0.8524466075956388,5.7348,5.50152,0.5271211715203573,,-19.440457988788832,24.817998,59.477276,10.06523288835787,50.21819521623601,80.2125357913346,3.6695017369623257,0.0032555753650730726,5.9480060682974605
2026-09-30T18:28:10+03:00,6.93,289.06,27.10533733541174,14.4828,23.995472460078876,24.99814860155782,1.0819162045455335,5.65704,5.6376,0.4640958140559668,,-21.35413702452578,24.818047,59.477322,9.792378415059861,42.36627626552459,66.36174872560346,4.179715886427439,0.0031436498035018866,5.951149718100963
2026-09-30T18:28:10+03:00,6.93,289.06,28.331467016991702,14.113439999999999,26.997771306564392,27.599376991451756,0.4811699563508653,5.79312,5.7348,0.4354479242994257,,-20.81555669710281,24.818092,59.477367,9.424164131726862,45.292638823691675,72.29041013025606,4.075378921875674,0.0030337018486889505,5.9541834199496515
2026-09-30T18:28:12+03:00,6.78,289.06,29.28257695690887,14.443919999999999,33.99931556306306,25.192954251902297,-2.6428251258204356,5.52096,5.6181600000000005,0.46982539200727513,,-17.939308565546074,24.81815,59.47741,9.999949046480976,44.94928646591197,78.94860202897502,3.907362145014347,0.0031329394239261363,5.957316359373578
2026-09-30T18:28:14+03:00,6.78,289.06,23.598835629211106,14.65776,25.99509516508545,23.428244242899364,-1.2356980767586465,5.7153599999999996,5.598719999999999,0.44117750225073393,,-17.755962071104214,24.818197,59.477457,9.694249572486797,37.25056494140992,63.245660106495365,4.549403894277537,0.0031685313299155316,5.960484890703493
2026-09-30T18:28:16+03:00,6.78,289.06,16.780637867154308,15.1632,23.995472460078876,23.97828372622495,-0.8130844070701513,5.69592,5.598719999999999,0.37242256683503505,,-18.99355090858679,24.818236,59.477501,9.84809725133023,26.393055150183073,50.388527610261946,5.102209470381081,0.002900360998981684,5.963385251702475
2026-09-30T18:28:18+03:00,6.78,289.06,22.750858092417484,15.610319999999998,24.99814860155782,22.832368135963307,0.11906062982818506,5.7153599999999996,5.50152,0.38388172273765153,,-17.950767721448692,24.818283,59.477549,10.573244885190341,34.81718052048245,59.81532912204027,4.6921850504746905,0.0032222366007940146,5.966607488303269
2026-09-30T18:28:20+03:00,6.63,289.06,22.103415783919655,14.52168,26.997771306564392,23.98401330417626,1.4759392802570006,5.7348,5.1710400000000005,0.3323155211758775,,-15.320891441798215,24.818328,59.477595,9.457813185737367,35.29213974204225,62.28991104860664,4.680840432522744,0.003087409724017162,5.969694898027286
2026-09-30T18:28:22+03:00,6.63,289.07,31.121771479278813,13.82184,30.99701671657754,24.04130908368934,-1.105178291027845,5.598719999999999,5.598719999999999,0.41252961249419273,,-13.676502569772751,24.818378,59.477641,9.481324861537233,48.89226376087842,79.88928047745597,3.681029562670148,0.0031582829072309337,5.972853180934517
2026-09-30T18:28:24+03:00,6.63,289.07,28.325737439040395,13.82184,27.99471787009202,22.90685264933031,-1.7702104038361914,5.57928,5.598719999999999,0.4354479242994257,,-13.636395524113592,24.818425,59.477687,9.295528557370265,44.87205749801157,72.86677536810359,3.953946462142309,0.003115053691910434,5.975968234626428
2026-09-30T18:28:26+03:00,6.63,289.07,31.310847551671984,13.122,20.99890319154467,21.279652511158776,0.2515284720624314,5.7348,5.67648,0.5786873730821314,,-16.323567583277153,24.818468,59.477734,8.74586021846862,51.234216654205454,72.23311984575012,3.5907778326009963,0.003115135833586067,5.979083370460014
2026-09-30T18:28:28+03:00,6.63,289.06,27.913207826546206,13.860719999999999,21.995849755072307,23.835044277442243,0.35987479112167003,5.52096,5.46264,0.395340878640268,,-20.208221434264136,24.818507,59.477781,9.346531924057583,43.96610186925716,65.96195162432946,3.973714592370701,0.0030656814109740423,5.982149051870988
2026-09-30T18:28:30+03:00,6.63,289.07,21.679427015522844,15.10488,21.995849755072307,23.9439062585171,0.6073925586181856,5.79312,5.832,0.395340878640268,,-25.175765518048372,24.818548,59.477829,9.954299126995519,34.09424814993949,56.090097905011795,4.797378908942006,0.0031449533452646903,5.985294005216253
2026-09-30T18:28:32+03:00,6.63,289.07,24.65307797225182,15.88248,24.99814860155782,26.06957967845246,0.9410831785023771,5.9292,5.754239999999999,0.320856365273261,,-25.67423879981219,24.818594,59.477876,10.781235143211957,37.91477240320842,62.91292100476623,4.677698137428913,0.0031548174737272474,5.98844882268998
2026-09-30T18:28:34+03:00,6.63,289.07,28.554920557092725,15.260399999999999,27.99471787009202,26.957664260905233,-0.1831746071033242,5.98752,5.598719999999999,0.2807493196141034,,-24.001202038030186,24.81865,59.477924,10.402662821775747,44.524426990732366,72.51914486082438,4.2688117527048695,0.003353599432581196,5.991802422122562
2026-09-30T18:28:36+03:00,6.63,289.06,29.09923046246701,15.02712,30.99701671657754,25.588295130542566,-0.7782485731261971,5.832,5.65704,0.2807493196141034,,-23.27927521616535,24.818705,59.477972,10.328302286874816,45.037914557406566,76.03493127398411,4.121116956148606,0.0033381403294851187,5.995140562452047
2026-09-30T18:28:38+03:00,6.6,289.06,26.62978236545316,15.04656,29.994340575098594,24.087145707299808,-1.7042629616166336,6.0264,5.890319999999999,0.3666929888837269,,-21.921365241705296,24.818756,59.47802,10.030004137630472,42.252967925818155,72.24730850091674,4.460640626109195,0.0032784221582312996,5.998418984610278
2026-09-30T18:28:40+03:00,6.48,289.07,23.8051004354582,14.15232,25.99509516508545,23.94963583646841,-0.07826603481487046,6.201359999999999,5.773680000000001,0.37242256683503505,,-19.692559418646393,24.818805,59.478068,8.840303601953405,40.25274031628757,66.24783548137302,4.7328876657357775,0.0032498719449741502,6.001668856555252
2026-09-30T18:28:42+03:00,6.48,289.06,29.83834601818577,14.541120000000001,27.99471787009202,21.49737647330849,-1.2055604967347653,6.10416,6.045839999999999,0.26356058576017866,,-19.02792837629464,24.818854,59.47812,9.732214569331507,48.02249740927266,76.01721527936468,4.082698781411581,0.003465088175684994,6.005133944730937
2026-09-30T18:28:44+03:00,6.48,289.06,39.899484900683035,14.30784,26.997771306564392,17.360621192463945,-3.2594996007197405,5.96808,6.0264,0.418259190445501,,-14.52448010656637,24.818904,59.478175,10.455348047909538,61.37759782017632,88.37536912674071,2.858919832335335,0.003641268753626638,6.008775213484563
2026-09-30T18:28:46+03:00,6.41,289.06,39.17755807881818,15.260399999999999,22.998525896551243,11.957629184380282,-4.096247164728795,6.201359999999999,6.08472,0.017188733853924696,,-4.8586821027093805,24.818944,59.478228,11.163141306228097,59.722191107168925,82.72071700372017,3.126683456413719,0.0034117072181842957,6.012186920702748
2026-09-30T18:28:48+03:00,6.33,289.07,40.036994771514415,14.113439999999999,14.994305498573642,1.1917522138721122,-6.184105370185514,6.08472,6.57072,-0.10313240312354818,,-3.4262876148823227,24.818977,59.478282,10.232992974684882,62.52605342143477,77.5203589200084,2.8071565219177232,0.0033985493497536694,6.0155854700525015
2026-09-30T18:28:50+03:00,6.33,289.07,49.04389131097096,13.083120000000001,2.9965692685342056,349.99126915566336,-4.323023860041575,6.0652800000000004,6.39576,0.05729577951308232,,-3.0137580023881303,24.818989,59.478337,10.19446967819523,75.74390965481419,78.74047892334839,1.4936135178023953,0.0033261577988978595,6.018911627851399
2026-09-30T18:28:52+03:00,6.33,289.06,49.192860337704985,11.99448,350.99967487509366,347.0061590430318,0.11527910838032163,5.890319999999999,6.14304,0.20626480624709637,,-5.592068080476835,24.81898,59.478393,9.285474053024757,77.88836277487346,68.88803764996715,1.2358901789794685,0.003377225724655769,6.022288853576055
2026-09-30T18:28:54+03:00,6.33,289.07,49.69133361946879,12.091679999999998,352.9992975801002,345.7170040039875,-0.009682986737710913,5.90976,5.87088,0.32658594322456924,,-7.265104842258838,24.818966,59.478446,9.4169897359777,78.28282592233116,71.28212350243132,1.2001588039823772,0.003214247553671417,6.025503101129726
2026-09-30T18:28:56+03:00,6.33,289.06,51.5076098300335,12.8304,349.9969987336147,345.90608007638065,0.29541703916945244,6.08472,5.851439999999999,0.27501974166279514,,-8.508423257692725,24.818948,59.478499,10.220593639017022,79.28040196458664,69.27740069820135,1.1317743941686436,0.0032327488619417156,6.028735849991668
2026-09-30T18:28:58+03:00,6.33,289.06,56.893413104263246,12.61656,349.9969987336147,341.60316703494817,-2.131402997886662,6.1236,6.1624799999999995,0.3609634109324186,,-10.599719209920229,24.818925,59.478549,10.596171693318208,85.84609100310409,75.84308973671881,0.44356844110262716,0.00308630813153336,6.031822158123202
2026-09-30T18:29:00+03:00,6.33,289.06,52.813953602931775,11.430719999999999,345.9977533236015,340.2567162163907,0.7183171877555131,6.1236,5.598719999999999,0.3380450991271857,,-10.69712203509247,24.818899,59.478609,9.140380600338743,85.07205026085957,71.06980358446106,0.5260352746686914,0.00369276462548097,6.035514922748683
2026-09-30T18:29:02+03:00,6.33,289.06,54.80784672998705,11.508479999999999,345.9977533236015,338.7555667931479,-0.45200640457870644,6.24024,5.754239999999999,0.2119943841984046,,-9.539747288928208,24.818873,59.478668,9.413183694087186,87.6112788966261,73.60903222022762,0.2600867864316067,0.003634084312796558,6.0391490070614795
2026-09-30T18:29:04+03:00,6.33,289.06,61.156219100036566,11.00304,343.998130618595,335.9824510647147,-1.4962219862046318,6.39576,6.045839999999999,0.09167324722093173,,-8.090164067247223,24.818844,59.478726,9.699159667852253,96.43854424389646,80.43667486249143,-0.7172041431900947,0.003596888689048894,6.042745895750528
2026-09-30T18:29:06+03:00,6.33,289.07,62.17035439741812,10.43928,339.9988852085818,334.4641129076181,1.517306833065446,6.39576,6.0264,0.03437746770784939,,-6.571825910150543,24.818815,59.478783,9.356527615590217,99.36324465049313,79.36212985907491,-1.040545642598098,0.003538660445783323,6.046284556196311
2026-09-30T18:29:08+03:00,6.33,289.06,59.35140204537447,9.972719999999999,338.9962090671029,334.9282087216741,0.4606007715056688,6.18192,5.851439999999999,-0.017188733853924696,,-7.242186530453607,24.818773,59.478839,8.649618983927603,97.29367591208829,76.28988497919119,-0.7848264345717927,0.003601936336012637,6.049886492532324
2026-09-30T18:29:10+03:00,6.33,289.07,51.88003239686853,9.719999999999999,341.9985079135884,335.30063128850907,-0.40857620370779,6.201359999999999,5.65704,0.02864788975654116,,-7.03592172420651,24.818731,59.478892,7.649561768620246,91.50647209495457,73.50498000854299,-0.1630329407737029,0.0034340223461152342,6.05332051487844
2026-09-30T18:29:12+03:00,6.33,289.07,55.20318760862732,9.992159999999998,337.99926250357527,333.6505128385323,-0.09608502224343907,6.201359999999999,5.754239999999999,0.13750987083139757,,-7.270834420210147,24.818695,59.478942,8.22054000074474,93.48116915297148,71.48043165654673,-0.3765496115391131,0.0032000010024175658,6.056520515880857
2026-09-30T18:29:14+03:00,6.33,289.06,56.35483277684027,11.372399999999999,337.99926250357527,333.12912124496324,-0.14770851958472622,6.24024,6.08472,0.1432394487827058,,-9.33348248268111,24.818654,59.478996,9.467543434797838,89.63316528997996,67.63242779355522,0.039952698280516515,0.00347875572273768,6.059999271603595
2026-09-30T18:29:16+03:00,6.48,289.07,54.51563825447033,11.87784,337.99926250357527,333.36403394096686,0.37139124280379965,6.318,5.754239999999999,0.1432394487827058,,-9.866333232152776,24.81861,59.479051,9.68900361383245,86.58674475034194,64.58600725391722,0.3761567405308543,0.0035683558955764273,6.063567627499172
2026-09-30T18:29:18+03:00,6.63,289.07,57.6267990820307,13.296959999999999,337.99926250357527,332.9171268607649,0.2857913482112547,6.39576,5.57928,0.20053522829578813,,-10.336158624160051,24.818571,59.479104,11.253629981197262,86.31207758716782,64.3113400907431,0.4113877711355589,0.003400890218242765,6.066968517717415
2026-09-30T18:29:20+03:00,6.63,289.06,54.26926640256407,13.37472,338.9962090671029,334.9167495657714,0.9389059388808799,6.74568,5.773680000000001,0.26929016371148695,,-10.576800898114994,24.818526,59.47916,10.909295376947458,84.39849817899054,63.39470724609339,0.6584389870344041,0.0036355358389362795,6.070604053556351
2026-09-30T18:29:22+03:00,6.78,289.06,61.30518812677059,11.74176,341.9985079135884,336.53822012599164,-0.8578324108698685,6.045839999999999,5.87088,0.12032113697747288,,-9.534017710976897,24.818489,59.479214,10.30783218261555,92.26902460724654,74.26753252083495,-0.23936447671738922,0.003436712418368826,6.074040765974719
2026-09-30T18:29:24+03:00,6.78,289.07,64.29602781735349,11.33352,342.99545447711597,334.21201147776054,-0.12421724998436247,6.39576,5.79312,0.13178029288008933,,-7.763578124022655,24.818454,59.479267,10.318746508684946,98.24721774944803,81.24267222656397,-0.9174370104819403,0.0033600925193741573,6.0774008584940935
2026-09-30T18:29:26+03:00,6.63,289.07,48.172995462372114,11.04192,339.9988852085818,336.9392905825832,1.3085783082992872,6.55128,6.006959999999999,0.08594366926962349,,-12.822795455027823,24.81842,59.479321,8.268025557846924,84.3611509967735,64.3600362053553,0.6437136017732605,0.003407712873687769,6.080808571367781
2026-09-30T18:29:28+03:00,6.63,289.07,54.12029737583006,11.508479999999999,339.9988852085818,337.88467094454904,-0.3136370970546126,6.2208000000000006,6.0264,0.418259190445501,,-13.412941984012571,24.818382,59.479374,9.33945793354316,86.78274013887723,66.781625347459,0.349125443060038,0.0033903217982451696,6.084198893166026
2026-09-30T18:29:30+03:00,6.63,289.07,48.13288841671296,12.42216,346.9946998871292,337.24295821400256,-1.623132137826109,5.65704,5.7153599999999996,0.544309905374282,,-15.515697092142693,24.818352,59.479423,9.61828925668484,74.10894880585082,61.10364869297996,1.5489484919593195,0.003084362771136446,6.087283255937162
2026-09-30T18:29:31+03:00,6.63,289.06,59.78112039172258,13.82184,342.99545447711597,336.1314200914488,-0.9160449228551601,6.337439999999999,5.773680000000001,0.5786873730821314,,-17.097060606703767,24.818313,59.479476,11.959614240267525,87.03243297291449,70.02788745003045,0.328093460973316,0.003400885629327665,6.09068414156649
2026-09-30T18:29:34+03:00,6.63,289.07,54.177593155343146,14.502239999999999,340.99583177210945,336.77886239994666,1.400308851299732,6.35688,6.39576,0.3093972093706446,,-16.208976024250987,24.818275,59.479535,11.95044305010217,79.72850487860607,60.72433665071554,1.1335124763107898,0.0037312415299996147,6.094415383096489
2026-09-30T18:29:36+03:00,6.63,289.07,54.825035463840976,14.26896,340.99583177210945,338.2685526672867,1.0708008233199955,6.35688,6.1624799999999995,-0.05156620156177409,,-16.70744930601481,24.818237,59.479597,11.81127048670825,80.92423685715664,61.9200686292661,1.0027365668947672,0.0039030314985876043,6.098318414595077
2026-09-30T18:29:38+03:00,6.63,289.07,59.79830912557652,14.46336,342.99545447711597,338.76129637109926,-0.6391344204684333,6.84288,6.29856,-0.10886198107485642,,-17.326243724756097,24.818204,59.479658,12.50759485920943,88.01678207571132,71.01223655282729,0.23680998224514993,0.0038024294816729155,6.10212084407675
2026-09-30T18:29:40+03:00,6.63,289.07,62.554236120155764,13.76352,344.9950771821226,337.31744272736955,-0.784264629975071,6.76512,6.47352,-0.1432394487827058,,-19.87017633513695,24.818172,59.479722,12.221668580661712,91.97590270602258,76.97097988814517,-0.23325574089593704,0.003968973554680457,6.106089817631431
2026-09-30T18:29:42+03:00,6.63,289.06,64.33613486301263,13.95792,342.99545447711597,337.6898652942046,-0.0791254715075667,6.78456,6.62904,-0.4812845479098915,,-17.268947945243013,24.818135,59.479783,12.60269164872548,93.36399651871511,76.35945099583108,-0.3981117978503349,0.00383658236966744,6.109926400001099
2026-09-30T18:29:44+03:00,6.63,289.07,66.536292796315,14.34672,342.99545447711597,336.4121694110629,-0.3105431249609062,6.84288,6.337439999999999,0.011459155902616466,,-14.74220406871608,24.818106,59.479841,13.20888947735409,94.9096262957224,77.90508077283835,-0.5856432210853334,0.0035968814971169883,6.113523281498216
2026-09-30T18:29:46+03:00,6.63,289.07,62.628720633522775,13.880159999999998,343.998130618595,335.30636086646035,-1.0380849332180255,6.78456,6.47352,-0.08594366926962349,,-13.498885653282196,24.818072,59.479905,12.332809153903858,91.87301568653201,75.87114630512701,-0.22174973788852653,0.003984436778539754,6.117507718276755
2026-09-30T18:29:48+03:00,6.63,289.07,61.43696841965068,13.10256,340.99583177210945,337.4148455525418,3.6149626168189024,6.84288,6.27912,-0.25210142985756223,,-18.11692548203663,24.818029,59.479968,11.522386204732339,92.87641812757325,73.87224989968269,-0.3433885937860711,0.004007819144965544,6.121515537421721
2026-09-30T18:29:50+03:00,6.75,289.06,60.07905844519061,13.58856,345.9977533236015,339.60354432994154,-2.501189958864096,6.6679200000000005,6.29856,-0.46982539200727513,,-11.659691130912252,24.817991,59.480028,11.77791667269082,89.4643149800646,75.46206830366611,0.06234059210813251,0.0037884117635898933,6.1253039491853105
2026-09-30T18:29:52+03:00,6.63,289.08,76.53440632134786,14.92992,349.9969987336147,326.7062643615467,-9.649583298254786,6.68736,6.68736,-1.1000789666511805,,-1.9079494577856415,24.817967,59.480083,14.870262730227518,102.46939143642537,92.46639017004009,-1.4439215704609334,0.0033861244596202467,6.128690073644931
2026-09-30T18:29:54+03:00,6.78,289.07,89.67232856369763,13.35528,330.99771824707665,304.53852726793514,-11.361867669003251,6.88176,6.68736,-0.7792226013779195,,2.4121523175007655,24.817924,59.480141,14.989025937617178,117.0021747752121,87.99989302228875,-3.1244863998364227,0.0037251535762140176,6.132415227221145
2026-09-30T18:29:56+03:00,6.78,289.07,101.44661125363605,10.303199999999999,305.99956964551876,287.3669821478644,-6.267470729377049,6.804,6.82344,-0.23491269600363757,,-6.583285066053159,24.817834,59.480184,13.42664818236087,131.22681627615995,77.22638592167868,-4.484118654836225,0.0037719564512950767,6.13618718367244
2026-09-30T18:29:58+03:00,6.93,289.07,101.62422817012663,7.52328,288.9999118639872,280.99569146600965,0.5532480469783229,6.24024,6.0652800000000004,-0.4297183463481174,,-7.3796964012850035,24.817726,59.480209,10.698563846728554,136.46622676803185,65.46613863201907,-4.523977379979237,0.003623013237000823,6.139810196909441
2026-09-30T18:30:00+03:00,6.93,289.08,96.11237418096809,9.25344,295.9957265425346,283.80318466215067,-0.36113529827095786,5.9292,5.773680000000001,-0.4239887683968092,,-2.761656572530568,24.81762,59.480228,11.509369691687432,126.92513517566874,62.920861718203355,-3.5620913092032085,0.003431267865533245,6.143241464774975
2026-09-30T18:30:02+03:00,6.93,289.08,99.71627871234098,9.097919999999998,294.99877997900694,277.7412911896666,-3.352376059310447,6.24024,6.006959999999999,-0.41252961249419273,,0.9568395178684748,24.81751,59.480252,11.869115637448541,130.9287222569884,65.92750223599535,-4.088103777510536,0.0036545058039889754,6.146895970578964
2026-09-30T18:30:04+03:00,7.08,289.07,108.98100625960639,8.378639999999999,284.9949368760228,271.5934540479128,-3.0677306266894537,6.201359999999999,5.7153599999999996,-0.5042028597151245,,-0.6187944187412892,24.817412,59.480266,11.935588267581892,138.4082568138426,63.40319368986536,-4.637958448765621,0.0031075392245761787,6.15000350980354
2026-09-30T18:30:06+03:00,7.08,289.07,116.45810548606363,7.56216,276.9964460559965,266.96395506325575,3.071168373460239,5.94864,5.38488,-0.2578310078088704,,-3.6497411549833445,24.817303,59.480273,11.51771369767392,143.999016224581,60.9954622805775,-4.812490816991479,0.003353702226300748,6.1533572120298405
2026-09-30T18:30:08+03:00,7.23,289.08,112.52761501146618,6.9984,270.9975779409768,279.0189870728083,2.7821111658167386,5.151599999999999,5.3654399999999995,-0.790681757280536,,-7.373966823333695,24.817204,59.480274,10.155906093845179,140.4675571349244,51.46513507590117,-3.973245116745951,0.0030225530485033913,6.156379765078344
2026-09-30T18:30:10+03:00,7.23,289.08,106.71209339088833,6.648479999999999,288.9999118639872,273.71339788989684,-5.140061675898129,5.307119999999999,5.307119999999999,-0.3781521447863433,,0.11459155902616464,24.817106,59.480287,9.626042486833638,138.5853645811922,67.58527644517943,-3.9800328352555794,0.0030918019544837524,6.159471567032828
2026-09-30T18:30:12+03:00,7.23,289.07,120.33130018114798,9.29232,283.9979903124951,264.92422531259007,-3.245462134739035,5.52096,5.151599999999999,-0.10313240312354818,,0.6531718864491385,24.817011,59.480304,12.986288228168663,141.85861342069435,65.85660373318944,-4.342174927229994,0.0030746208753690725,6.162546187908196
2026-09-30T18:30:14+03:00,7.23,289.08,142.4016344495873,7.15392,272.99720064598336,262.0995433825951,0.08136000690857689,5.50152,4.93776,-0.02864788975654116,,-4.818575057050222,24.81691,59.48031,11.992149029161803,158.65586579292471,71.65306643890807,-5.124177033772926,0.0031040242090299127,6.165650212117226
2026-09-30T18:30:16+03:00,7.38,289.08,132.8561575827078,7.23168,270.9975779409768,260.24888970432255,-1.6655310146657902,5.307119999999999,5.07384,0.09167324722093173,,-1.0427831871380984,24.816811,59.48031,11.518289156434093,152.59682337562418,63.594401316600965,-4.711607370205555,0.0030219520606374257,6.168672164177864
2026-09-30T18:30:18+03:00,7.38,289.07,150.11364637204818,8.378639999999999,267.99527909449125,256.5819598154853,0.49841598598430314,5.42376,5.07384,0.13178029288008933,,-3.7815214478634336,24.816706,59.48031,13.357380628006252,161.78671152493052,69.78199061942178,-5.15202738330518,0.003205100670320034,6.1718772648481846
2026-09-30T18:30:20+03:00,7.38,289.07,165.23400258555063,7.6788,265.9956563894847,259.0342191786452,-0.695284284391254,5.81256,5.307119999999999,-0.011459155902616466,,-2.223076245107594,24.816606,59.480307,13.381656711795001,171.5901415533676,77.58579794285231,-5.750058605609137,0.00305779856383571,6.17493506341202
2026-09-30T18:30:22+03:00,7.53,289.07,157.37875121430704,7.7176800000000005,267.99527909449125,259.57852908401946,0.17406457816074408,6.0264,5.7153599999999996,-0.320856365273261,,-2.0110818609091896,24.816501,59.480305,13.481228169560756,167.27946341587764,75.27474251036892,-5.878486119507708,0.0032073547497925878,6.178142418161813
2026-09-30T18:30:24+03:00,7.61,289.07,158.56477385022782,6.901199999999999,267.99527909449125,258.1690529079976,-0.920743176775233,6.14304,5.832,-0.2578310078088704,,-2.0282705947631143,24.816399,59.4803,12.817467539546023,168.65211231460333,76.64739140909455,-6.022946914144654,0.003127998429145686,6.181270416590959
2026-09-30T18:30:26+03:00,7.68,289.07,153.27637340117033,6.62904,269.9949017994978,255.79700763615602,-1.3835784836819118,6.10416,5.38488,-0.4239887683968092,,1.1917522138721122,24.816285,59.480299,12.389107607799017,166.07720512112172,76.07210692061955,-5.924824852163197,0.003480343754377985,6.184750760345336
2026-09-30T18:30:28+03:00,7.83,289.07,151.89554511490505,5.832,265.9956563894847,253.5223651894867,-0.12381617952777091,6.201359999999999,5.5404,-0.5557690612768985,,4.1711327485523935,24.816169,59.480295,11.673603814833646,166.3879539643846,72.38361035386924,-6.027173360830043,0.0035490279113423854,6.188299788256678
2026-09-30T18:30:30+03:00,7.98,289.07,162.3061882524321,4.89888,266.99833253096364,251.21907485306073,-0.21119224328522143,6.006959999999999,5.69592,-0.3781521447863433,,1.386557864216592,24.816051,59.480293,10.777438545589444,172.0591145184434,79.05744704940707,-5.949360056598842,0.0036039299211642417,6.1919037181778425
2026-09-30T18:30:32+03:00,8.21,289.06,159.01168093042986,3.26592,259.99678827446496,252.60563271727736,1.5051028320291595,6.1236,5.3654399999999995,-0.18907607239317165,,-3.197104496829994,24.815939,59.480283,9.247125625194368,172.73250019840978,72.72928847287471,-6.074405193309191,0.0034712137613883446,6.195374931939231
2026-09-30T18:30:33+03:00,8.28,289.06,164.19121939841253,3.4992,263.9960336844781,254.3245061026698,0.28544757353417616,6.18192,5.57928,-0.10886198107485642,,-3.9763270982079133,24.815839,59.480277,9.596233376662132,174.29889879069492,78.29493247517303,-6.1513421272601985,0.0030737106394313016,6.198448642578662
2026-09-30T18:30:35+03:00,8.51,289.06,127.84850645326439,4.89888,266.99833253096364,254.26721032315677,-0.39946617476520996,6.454079999999999,5.87088,-0.5729577951308232,,-1.0141352973815572,24.815715,59.480273,10.220272082052826,157.75945269615488,64.75778522711852,-5.973915559333211,0.00379270367887609,6.202241346257538
2026-09-30T18:30:37+03:00,8.62,289.06,146.58422635404233,5.9292,268.99795523597015,254.4677455514525,0.06485882240880919,6.74568,6.37632,-0.9224620501606254,,2.079836796324888,24.815592,59.480271,12.142052852313837,164.39983173407134,73.39778697004147,-6.49718113608424,0.0037564747952162367,6.205997821052755
2026-09-30T18:30:43+03:00,8.88,289.08,150.10791679409687,5.151599999999999,263.9960336844781,251.8951650513151,-0.4309788534974053,6.84288,6.37632,-0.8938141604040842,,1.730332541295086,24.815468,59.480267,11.596902725696115,167.20954530340148,71.20557898787956,-6.673082486960652,0.003792704349900627,6.2097905254026555
2026-09-30T18:30:45+03:00,9.03,289.07,150.2683449767335,6.201359999999999,262.9990871209505,252.22175099453966,0.7098374123875769,6.76512,6.35688,-0.813600069085769,,0.5099324376664327,24.815347,59.48026,12.533317001433367,165.79538844285773,68.79447556380819,-6.558280533573748,0.003717390390873703,6.213507915793529
2026-09-30T18:30:47+03:00,9.18,289.07,157.56782728670018,5.832,263.9960336844781,251.02999878066763,-0.7692531357426432,7.03728,6.14304,-0.8708958485988514,,0.2578310078088704,24.815225,59.480253,12.625661028144329,169.84786753360197,73.84390121808008,-6.927098779465305,0.0037477214049995975,6.217255637198528
2026-09-30T18:30:49+03:00,9.22,289.07,148.18850818040863,6.0264,264.998709825957,249.42571695430127,-1.1605833098169955,6.8623199999999995,6.47352,-0.8995437383553924,,0.8193296470370772,24.815095,59.480249,12.397377105700535,165.15307141958382,70.15178124554086,-6.633213482218027,0.003975503868792832,6.221231141067321
2026-09-30T18:30:51+03:00,9.48,289.07,141.484901977378,6.6095999999999995,260.9994644159439,250.0502409509939,0.4697108004482489,6.88176,6.47352,-0.8766254265501595,,-0.26356058576017866,24.814969,59.480243,12.73677499670971,161.14624650401822,62.14571091996214,-6.512529502062566,0.0038629997481142626,6.225094140815435
2026-09-30T18:30:53+03:00,9.48,289.07,140.63119486263307,7.03728,261.99641097947153,250.7607086169561,0.3717923132603912,7.095599999999999,6.08472,-0.6760901982543714,,-1.1860226359208041,24.81485,59.480237,13.30700116210265,160.40018030166644,62.396591281137944,-6.684470352210109,0.0036503143356414005,6.228744455151077
2026-09-30T18:30:55+03:00,9.78,289.08,138.27633832464537,7.8732,262.9990871209505,250.29661280290014,0.17801798694714677,6.76512,6.35688,-0.6818197762056798,,-0.22918311805232927,24.814732,59.480229,13.68435044425441,157.48574805207272,60.484835173023214,-6.249511737964155,0.003633886898753579,6.23237834204983
2026-09-30T18:30:57+03:00,9.78,289.07,143.35847396745575,8.43696,262.9990871209505,247.8901900633507,-0.7334432735469668,6.97896,6.25968,-0.5672282171795151,,-0.4526366581533504,24.8146,59.480221,14.641686612007375,159.88551639376024,62.88460351471076,-6.553294732003767,0.004057871576300048,6.23643621362613
2026-09-30T18:30:59+03:00,10.05,289.07,147.07697005785482,7.387199999999999,260.9994644159439,248.1251027593543,-0.9049868374091353,6.82344,6.39576,-0.5213915935690492,,0.21772396214971285,24.814476,59.480211,13.629086279697875,162.86687699554986,63.86634141149375,-6.520635307658679,0.0038325106657043717,6.240268724291835
2026-09-30T18:31:01+03:00,10.08,289.07,147.73014194430397,7.4844,261.99641097947153,246.27444908108177,-1.047424145278658,6.74568,6.492959999999999,-0.46982539200727513,,1.5699043586584558,24.814359,59.480203,13.67109741954366,163.0046628952058,65.00107387467733,-6.451086351886339,0.0036036354814979344,6.2438723597733325
2026-09-30T18:31:03+03:00,10.23,289.07,153.04146070516668,7.36776,261.99641097947153,245.31187998526198,-0.4361927694330957,6.6679200000000005,6.25968,-0.395340878640268,,1.7188733853924696,24.814239,59.480193,13.650032441447701,165.83598629465212,67.83239727412365,-6.465210105488045,0.0037119736041830668,6.247584333377516
2026-09-30T18:31:05+03:00,10.35,289.07,158.1235963479771,6.804,258.99984171093735,245.63846592848654,0.6504216890325105,6.68736,5.90976,-0.25210142985756223,,0.6302535746439055,24.814119,59.480182,13.246273067111344,168.96606582836918,67.9659075393065,-6.563737477593768,0.0037221805531567646,6.251306513930673
2026-09-30T18:31:07+03:00,10.53,289.06,151.42571972289775,6.97896,260.9994644159439,246.91043223367697,0.9784973225244199,6.6095999999999995,6.43464,-0.21772396214971285,,0.395340878640268,24.813993,59.48017,13.168596872268129,165.31626317329642,66.31572758924034,-6.393728758503119,0.003913186122084955,6.255219700052757
2026-09-30T18:31:09+03:00,10.61,289.06,145.98262066915495,6.72624,259.99678827446496,246.06245469688335,0.4056541189526228,6.72624,6.454079999999999,-0.19480565034447989,,0.5958761069360561,24.813874,59.48016,12.864073945010478,162.9913103345775,62.98809860904248,-6.432036972505239,0.003681858409988178,6.258901558462745
2026-09-30T18:31:11+03:00,10.83,289.06,154.46239603709117,7.07616,260.9994644159439,247.24847733280413,0.2000195662801704,6.74568,6.53184,-0.23491269600363757,,1.2547775713365028,24.813756,59.480152,13.480221638426524,166.92074238473992,67.92020680068384,-6.570683275448738,0.003633895037855624,6.262535453500601
2026-09-30T18:31:13+03:00,10.83,289.06,163.43491510883982,7.9120800000000004,261.99641097947153,246.41768852986445,-1.6167723063001571,6.7068,6.5124,-0.2807493196141034,,1.4667719555349077,24.813632,59.480143,14.467442991373973,171.02982466239672,73.02623564186825,-6.6247734010960615,0.0034821402648848566,6.266017593765486
2026-09-30T18:31:16+03:00,11.13,289.06,156.6625539703935,6.318,260.9994644159439,249.99294517148078,0.9386767557628278,6.37632,6.045839999999999,-0.11459155902616464,,-0.8479775367936184,24.813287,59.480111,12.431976699104672,168.38563885649418,69.38510327243807,-6.245763692617985,0.003331579113030461,6.269349172878517
2026-09-30T18:31:18+03:00,11.36,289.06,150.57774218610416,7.8732,262.9990871209505,249.67781838415885,-0.11527910838032163,6.29856,5.98752,-0.017188733853924696,,-1.0370536091867901,24.813177,59.480097,13.71301909359058,163.6178825838934,66.61696970484388,-6.042851372249681,0.0034615873791553,6.272810760257673
2026-09-30T18:31:20+03:00,11.43,289.06,160.86806418665373,8.28144,263.9960336844781,250.79508608466398,0.7996771946640899,6.454079999999999,6.35688,0.022918311805232933,,-1.0026761414789407,24.813066,59.480089,14.53379433000571,169.23677862949833,73.23281231397641,-6.3405355000518195,0.0034222227721603425,6.276232983029833
2026-09-30T18:31:22+03:00,11.47,289.05,158.2668357967598,8.748,265.9956563894847,253.4937172997301,1.1403578996488775,6.6679200000000005,6.201359999999999,0.06302535746439056,,-1.306343772898277,24.812944,59.480084,15.144572381524338,167.64967789978564,73.6453342892703,-6.51361163509365,0.0037361537480254106,6.279969136777859
2026-09-30T18:31:24+03:00,11.7,289.05,147.50095882625163,8.242560000000001,266.99833253096364,253.72290041778245,0.025725805001373964,6.84288,6.47352,0.05729577951308232,,-2.778845306384493,24.812814,59.480079,14.488104673050133,162.2014024337515,69.19973496471516,-6.515358379113357,0.0039796112239439095,6.283948748001802
2026-09-30T18:31:26+03:00,11.73,289.06,147.39209684517678,8.68968,266.99833253096364,254.0208384712505,-0.151031674796485,7.03728,6.55128,-0.08594366926962349,,-1.8964903018830246,24.812689,59.480075,15.10164129193175,161.93579455389374,68.93412708485738,-6.690409906443013,0.003823189895274763,6.287771937897078
2026-09-30T18:31:28+03:00,11.88,289.06,154.64001295358167,8.92296,267.99527909449125,251.3508551459408,-1.1999455103424832,6.97896,6.6679200000000005,-0.3666929888837269,,0.716197243913529,24.812562,59.480071,15.519959442220555,165.7444696460677,73.73974874055898,-6.764057902013791,0.0038841213676931783,6.291656059264771
2026-09-30T18:31:30+03:00,12.03,289.07,162.18013753750333,9.25344,263.9960336844781,249.5059310456196,0.931973149559797,6.940079999999999,6.72624,-0.3036676314193363,,0.7333859777674538,24.812437,59.480065,16.002125096333412,169.80707544125784,73.80310912573594,-6.830547969581653,0.003832629317488696,6.295488688582259
2026-09-30T18:31:32+03:00,12.03,289.06,163.95630670240885,8.63136,261.99641097947153,253.15567220060294,1.12609125055012,7.01784,6.492959999999999,-0.25210142985756223,,-0.7276563998161455,24.812315,59.480058,15.497707321824784,171.1456677014073,73.14207868087885,-6.934207447132078,0.0037477427687479655,6.299236431351007
2026-09-30T18:31:33+03:00,12.18,289.06,148.3145588953374,8.72856,263.9960336844781,252.04986365600044,0.012948846169956606,7.07616,6.84288,-0.03437746770784939,,-2.4293410513546903,24.812189,59.480052,15.21106355783981,162.4578592711772,66.4538929556553,-6.747086896722961,0.00386302140234789,6.303099452753355
2026-09-30T18:31:37+03:00,12.33,289.06,152.52006911159765,10.1088,265.9956563894847,253.48225814382752,0.20271246791728526,7.07616,6.76512,-0.25210142985756223,,1.1287268564077217,24.812061,59.480048,16.708722722830448,163.78929311223487,69.78494950171955,-6.794822731236446,0.00391459092390687,6.307014043677262
2026-09-30T18:31:39+03:00,12.41,289.06,148.61822652675673,10.53648,264.998709825957,253.0067031738689,0.23267816060262733,7.095599999999999,6.97896,-0.5557690612768985,,3.873194695084365,24.811929,59.480041,17.00050472007572,161.17127797673461,66.1699878026916,-6.715897353249281,0.004051209842217567,6.31106525351948
2026-09-30T18:31:41+03:00,12.48,289.06,157.32718501274525,10.16712,260.9994644159439,251.20761569715813,-1.5890984447953382,7.42608,7.2122399999999995,-0.41252961249419273,,3.672659466788577,24.811796,59.480033,17.258368543595342,166.87453479613174,67.87399921207566,-7.232074666501404,0.0040882053815308695,6.315153458901011
2026-09-30T18:31:43+03:00,12.63,289.07,168.13316902891256,9.75888,262.9990871209505,250.9096776436901,0.1723457047753516,7.503839999999999,7.46496,-0.26929016371148695,,1.770439586954244,24.811661,59.480024,17.171820717294167,173.28876383590608,76.28785095685657,-7.452421815128966,0.0041562343479132745,6.3193096932489246
2026-09-30T18:31:45+03:00,12.71,289.07,160.10603031912973,9.272879999999999,260.9994644159439,250.92113679959274,-0.3096263924886969,7.503839999999999,7.270560000000001,-0.03437746770784939,,-2.985110112631589,24.811527,59.480014,16.52735764798817,168.99359884353464,69.99306325947856,-7.365813315758632,0.00413428242427032,6.323443975673195
2026-09-30T18:31:47+03:00,12.78,289.06,145.1862093339231,9.37008,264.998709825957,250.1361846202635,1.4507864330507576,7.6788,7.56216,0.11459155902616464,,-2.9450030669724314,24.811394,59.480008,16.275981157585075,160.81171832681807,65.8104281527751,-7.252193603260824,0.004075817263588748,6.3275197929367835
2026-09-30T18:31:53+03:00,13.08,289.06,161.28059379914794,8.514719999999999,260.9994644159439,245.7530574875127,-2.8276040147501256,7.6788,7.5816,-0.2578310078088704,,2.7845748843358007,24.810976,59.479986,15.97851055844978,170.152810575036,71.15227499097989,-7.565671141364129,0.004063314268189698,6.331583107204973
2026-09-30T18:31:57+03:00,13.42,289.05,165.18243638398883,6.97896,254.9948667229729,241.47879233583674,-1.0709154148790216,7.32888,7.348319999999999,0.011459155902616466,,-0.017188733853924696,24.810714,59.479956,14.188461457048437,172.77342728860478,67.76829401157767,-7.270662802852927,0.0037871562164460575,6.335370263421419
2026-09-30T18:31:59+03:00,13.53,289.05,160.18624441044807,6.804,257.9971655694584,235.28511857047255,-4.226193992664465,7.1928,6.901199999999999,-0.21772396214971285,,2.503825564721698,24.810584,59.47994,13.788251505605118,170.37108673966083,68.36825230911921,-7.091466069585573,0.00408313832151386,6.339453401742933
2026-09-30T18:32:01+03:00,13.68,289.06,167.03309006226138,6.648479999999999,249.9986747494321,227.92261090304152,-3.199167144892465,7.270560000000001,7.1150400000000005,-0.14896902673401402,,6.359831525952138,24.810471,59.479919,13.830199208742384,173.8075490198222,63.8062237692543,-7.228137626185318,0.0036730417717446904,6.343126443514677
2026-09-30T18:32:03+03:00,13.68,289.05,-172.01382576971056,6.1236,241.99445435145452,224.30724721576598,1.3944646817893975,6.84288,6.14304,0.2807493196141034,,3.896113006889598,24.810353,59.479887,12.93510031863141,176.22877667716227,65.76567767429225,-6.828062621711001,0.004083357390270026,6.347209800904947
2026-09-30T18:32:05+03:00,13.83,289.05,-163.322056017576,4.52952,237.99520894144138,226.24957414125947,-1.897407034355234,6.74568,6.201359999999999,-0.6016056848873644,,1.3407212406061262,24.810247,59.479854,11.160620466268023,173.31128280039005,64.68392614105133,-6.699766239523751,0.0037952646084287696,6.351005065513376
2026-09-30T18:32:07+03:00,13.98,289.05,-155.91371172653442,5.48208,239.99483164644792,226.56470092858143,2.220727118147558,6.6095999999999995,6.59016,0.08021409131831525,,-5.190997623885258,24.810142,59.479824,11.82789119135007,169.0965355671722,70.89829607927572,-6.490278722731974,0.003677580811107658,6.354682646324483
2026-09-30T18:32:08+03:00,13.98,289.05,178.14847128779937,5.90976,240.99750778792685,224.55361906767226,-1.0636961466603734,6.95952,6.82344,0.22918311805232927,,-4.778468011391066,24.810032,59.479791,12.867611328355105,179.14975769393504,60.14726548186189,-6.958753730608113,0.0038998895341507724,6.358582535858634
2026-09-30T18:32:10+03:00,14.13,289.05,170.8661777116866,6.97896,239.99483164644792,227.2407911268358,1.67538588874204,6.97896,6.59016,-0.08594366926962349,,0.5042028597151245,24.809916,59.479755,13.91360399302576,175.43308885584335,55.42792050229127,-6.956801996512881,0.004149764840051896,6.362732300698686
2026-09-30T18:32:12+03:00,14.17,289.05,167.60604785739218,6.901199999999999,238.99788508292028,228.93101662247173,0.053686145403758136,7.01784,6.4152,-0.17188733853924698,,5.44882863169413,24.809812,59.479722,13.83771208019056,173.85515732694515,52.85304240986545,-6.977518802269823,0.003743362421266953,6.366475663119953
2026-09-30T18:32:14+03:00,14.21,289.06,175.59880909946722,7.1928,243.9998066344124,226.10633469247676,-1.9211847828531632,6.84288,6.43464,-0.3093972093706446,,4.6581468744135925,24.809699,59.479695,14.025335366342846,177.7445150834112,61.744321717823595,-6.8375786383352475,0.00381207523183893,6.370287738351792
2026-09-30T18:32:16+03:00,14.43,289.06,-174.46608513287046,6.92064,239.99483164644792,223.22435698296871,-2.960014561204859,6.78456,6.7068,0.418259190445501,,1.5469860468532228,24.809603,59.479666,13.689223272608647,177.20554785491197,62.78928379153595,-6.776492226646811,0.0034096795117401464,6.373697417863532
2026-09-30T18:32:18+03:00,14.4,289.06,-145.42858407564037,4.957199999999999,234.99863967290713,222.10708928246362,1.1549110276452004,6.940079999999999,6.10416,0.38961130068895977,,-3.460665082590172,24.809501,59.479631,11.37520762804936,165.68329352753366,69.31534614537347,-6.724546581918816,0.0037576953934771273,6.377455113257009
2026-09-30T18:32:22+03:00,14.73,289.06,177.69583462964601,6.78456,233.99596353142817,219.87828345940474,0.564478019762887,6.74568,6.940079999999999,0.1432394487827058,,2.910625599264582,24.809283,59.479558,13.527504861519429,178.844606286151,52.840569817579194,-6.744308500168478,0.0037433754933797665,6.381198488750389
2026-09-30T18:32:24+03:00,14.62,289.06,-150.09819010595655,7.270560000000001,232.9990169679006,219.05895381236766,1.1279247154945384,6.97896,6.53184,0.3781521447863433,,1.8048170546620932,24.809174,59.47952,13.767340050698625,164.7360064231044,68.26301054479617,-6.73276360418522,0.004035820286454272,6.385234309036843
2026-09-30T18:32:26+03:00,14.73,289.06,-145.26815589300372,5.3654399999999995,235.9955862364348,220.93825538039678,-0.46988268778678816,7.23168,6.72624,0.05156620156177409,,3.254400276343076,24.809071,59.479482,12.035814869555736,165.28669832165872,70.70888791477608,-6.994544641464471,0.0038862080382817956,6.389120517075125
2026-09-30T18:32:28+03:00,14.88,289.07,-157.85030907407662,5.7348,235.9955862364348,221.19035681025431,0.40485197803943973,7.23168,6.55128,-0.09740282517223994,,5.649363859989916,24.808963,59.479442,12.728254656993924,170.21960377183865,65.77598246459615,-7.126575327277965,0.004080356813912329,6.393200873889038
2026-09-30T18:32:30+03:00,14.92,289.06,-145.27388547095504,3.9463199999999996,235.9955862364348,220.82366382137056,-0.0018334649444186342,6.82344,6.492959999999999,0.2578310078088704,,2.148591731740587,24.808856,59.479413,10.314811070808181,167.41177386548577,68.58381237094903,-6.659415202788731,0.0037022662148609164,6.396903140103898
2026-09-30T18:32:32+03:00,15.03,289.06,-142.97632471248045,5.9292,236.99826237791373,218.4458889715777,-1.2676691217269465,7.03728,6.76512,0.37242256683503505,,-0.6016056848873644,24.808753,59.479379,12.300601670873801,163.1271328878475,73.87112949006624,-6.734333126817462,0.0037499531137674155,6.400653093217666
2026-09-30T18:32:36+03:00,15.18,289.06,-149.30177877072472,5.50152,231.99634082642166,221.43672866216056,1.6198662783938635,7.776,7.01784,0.20626480624709637,,-5.173808890031334,24.808541,59.479299,12.818069448314334,167.343015627878,64.65332519854366,-7.587037925472769,0.003814204808838143,6.404467298026504
2026-09-30T18:32:40+03:00,15.45,289.04,-164.67996599203602,7.348319999999999,234.99863967290713,224.58799653538009,0.019194086136882577,7.1150400000000005,6.901199999999999,0.24064227395494575,,-3.6955777785938095,24.808326,59.479214,14.334329335721035,172.21569313848622,62.782946534420915,-7.049474731283158,0.003995649806389525,6.408462947832894
2026-09-30T18:32:42+03:00,15.48,289.06,-170.86218060149758,7.3094399999999995,239.99483164644792,224.43902750864606,-0.39167394875143074,7.32888,6.95952,-0.20053522829578813,,-1.7360621192463943,24.808216,59.479178,14.591803159277983,175.43717080372952,64.5576608427184,-7.305652565781478,0.003994674541304447,6.412457622374198
2026-09-30T18:32:46+03:00,15.67,289.05,-159.33426976346541,8.92296,236.99826237791373,228.2262785344608,-1.2873788698794466,7.13448,6.72624,-0.40107045659157625,,0.6130648407899808,24.807998,59.479109,15.800282359481074,168.50377747215038,68.49448490576336,-6.991346968415341,0.0036404336737384567,6.416098056047937
2026-09-30T18:32:48+03:00,15.9,289.06,-163.4996729340665,8.90352,238.99788508292028,226.82253193639033,-1.1509576188587978,6.74568,6.492959999999999,-0.23491269600363757,,1.0370536091867901,24.807892,59.479079,15.49034111951331,170.6044608419612,68.39342424095906,-6.6551858567903155,0.003704277206762194,6.419802333254699
2026-09-30T18:32:50+03:00,15.86,289.06,-159.3686472311733,7.892639999999999,240.99750778792685,225.9229881980349,1.4670011386529598,6.6095999999999995,6.2208000000000006,-0.05729577951308232,,0.29793805346802804,24.807785,59.479051,14.269676719413916,168.76176557387305,72.2357422140538,-6.482863042554706,0.003674379766466093,6.423476713021166
2026-09-30T18:32:52+03:00,16.08,289.05,-162.46834890283105,9.48672,236.99826237791373,228.74194055007857,0.2369753440661085,6.8623199999999995,6.62904,-0.4640958140559668,,4.572203205143969,24.807669,59.47902,16.16302336964038,169.81626328325137,67.18199909466236,-6.754209867742058,0.0040013449830084355,6.427478058004174
2026-09-30T18:32:54+03:00,16.08,289.06,-148.52828574729813,7.44552,236.99826237791373,229.5383518853104,0.9914461686943765,6.8623199999999995,6.78456,-0.4812845479098915,,5.2998596049601145,24.807568,59.478993,13.772521995809328,163.6061358945809,73.39212648333285,-6.583326927785226,0.0034841733559691644,6.430962231360143
2026-09-30T18:32:56+03:00,16.12,289.05,-145.70933339525445,6.4152,244.99675319794,226.77096573482854,0.291635517721589,7.814879999999999,6.55128,-0.2578310078088704,,2.097025530178813,24.807453,59.478965,13.603955216656868,164.5927680133498,80.4039851845902,-7.534027885515934,0.003893078447981542,6.434855309808124
2026-09-30T18:32:58+03:00,16.23,289.05,-157.77009498275828,7.8732,240.99750778792685,227.34392352995934,-0.3921896107670485,6.648479999999999,6.74568,-0.20626480624709637,,1.2662367272391195,24.80735,59.478934,14.251243812510412,167.9357898103406,73.06171797758626,-6.501641565887037,0.003654844303750847,6.438510154111874
2026-09-30T18:33:00+03:00,16.5,289.06,-166.26705908454838,9.37008,238.99788508292028,230.18579419380822,0.7285158365088418,6.74568,6.804,-0.29220847551671986,,1.0370536091867901,24.807242,59.478901,16.003245461969062,172.0101066346586,66.98777844826168,-6.680197003793441,0.0038475253136574447,6.442357679425532
2026-09-30T18:33:02+03:00,16.5,289.07,-168.8396395846858,7.73712,240.99750778792685,230.74729283303648,-0.6789549872300256,6.92064,6.454079999999999,-0.32658594322456924,,1.2719663051904275,24.807133,59.478869,14.58851432635435,174.10800402886215,66.8895037590647,-6.884079415907184,0.0038432850935019042,6.446200964519034
2026-09-30T18:33:04+03:00,16.65,289.07,-159.7296106421057,6.43464,241.99445435145452,230.74729283303648,1.1001935582102067,6.901199999999999,6.39576,-0.246371851906254,,1.3579099744600511,24.807025,59.478837,13.127994585984712,170.22313003018752,71.771324321267,-6.800970635327617,0.0038168903059930324,6.450017854825027
2026-09-30T18:33:06+03:00,16.83,289.07,-155.08292292359474,6.27912,243.9998066344124,233.46884235990782,0.9846279709323197,6.78456,6.62904,-0.20626480624709637,,-0.05156620156177409,24.806923,59.478812,12.756527405130385,168.03121974512953,75.96858688928288,-6.637068713110009,0.0034573089421038664,6.453475163767131
2026-09-30T18:33:08+03:00,16.83,289.06,-167.96301415813565,9.350639999999999,247.99905204442555,234.1735804479188,-1.1445404915533326,6.7068,6.57072,-0.3036676314193363,,0.865166270647543,24.806811,59.478788,15.97133891333713,172.98700785586965,75.0120441885559,-6.656623019173314,0.0037108103017655662,6.457185974068897
2026-09-30T18:33:10+03:00,17.13,289.07,-173.2800624969497,8.04816,248.99599860795314,235.13614954373858,-0.57977599289288,6.74568,6.59016,-0.3666929888837269,,2.4637185190625397,24.806695,59.478769,14.768606978028467,176.3438757810833,72.65212282686983,-6.731950807685982,0.0037206437523212028,6.460906617821218
2026-09-30T18:33:12+03:00,17.25,289.06,-177.1303388802288,6.78456,247.99905204442555,234.14493255816222,-0.477503026462028,6.6095999999999995,6.43464,-0.27501974166279514,,1.3521803965087429,24.806584,59.478748,13.389961011925367,178.54642317781924,69.45262886660632,-6.607473072912173,0.003615880715252308,6.46452249853647
2026-09-30T18:33:14+03:00,17.36,289.06,-172.83888499469893,9.00072,245.99942933941892,234.04180015503871,-0.8676299891666056,6.804,6.14304,-0.16615776058793874,,-0.11459155902616464,24.806469,59.478725,15.774465412250956,175.92113953542074,70.07828980399819,-6.786766109918786,0.0037729216355702772,6.468295420172041
2026-09-30T18:33:16+03:00,17.47,289.06,-172.7873187931372,10.05048,246.9963759029466,231.59527036983005,1.2720236009699406,6.47352,5.96808,-0.31512678732195276,,0.962569095819783,24.806353,59.4787,16.492813491800458,175.61200864607392,71.38436725687268,-6.454544882265352,0.0038466939633749475,6.472142114135416
2026-09-30T18:33:18+03:00,17.73,289.07,-175.70367397035307,10.18656,245.99942933941892,231.40046471948563,-0.7816290241174689,6.804,6.39576,-0.06875493541569878,,2.394963583646841,24.80623,59.478674,16.979093089218317,177.42397811606727,68.57545122335165,-6.797124330666109,0.004066979218452149,6.476209093353868
2026-09-30T18:33:20+03:00,17.88,289.07,-171.75026518395038,8.33976,245.99942933941892,230.42070688981187,-0.4631790815837574,6.4152,6.454079999999999,-0.005729577951308233,,0.5500394833255903,24.806116,59.47865,14.717390686884983,175.33619085671145,70.66323848270747,-6.393958916254176,0.0037671482440612488,6.479976241597929
2026-09-30T18:33:22+03:00,18.03,289.07,181.8612378002471,8.96184,244.99675319794,232.2713605680844,0.901262611740785,6.84288,6.648479999999999,-0.05729577951308232,,1.3693691303626676,24.805993,59.478623,15.802672764947284,178.94460100037946,63.94135419831946,-6.841719126920362,0.004090458141651443,6.48406669973958
2026-09-30T18:33:24+03:00,18.3,289.06,-176.02453033562634,8.53416,244.99675319794,233.93866775191515,0.7121865393476133,6.84288,6.53184,-0.27501974166279514,,1.4438536437296745,24.805879,59.478597,15.367899215984146,177.79355277523698,67.20320042270302,-6.837806623655271,0.003814804967184137,6.487881504706764
2026-09-30T18:33:26+03:00,18.48,289.07,-174.86715558946204,8.49528,250.9956213129597,233.5146789835183,-0.4226709654680083,6.492959999999999,6.35688,0.09167324722093173,,3.7414144022042755,24.805774,59.478569,14.973474973848635,177.09049704684173,73.90512426611798,-6.484590264278438,0.003620257432043724,6.491501762138808
2026-09-30T18:33:28+03:00,18.67,289.07,180.29133344158865,8.748,246.9963759029466,231.19419991323846,0.9672673497398558,6.492959999999999,6.0652800000000004,0.017188733853924696,,2.3090199143772177,24.805664,59.478544,15.240911822490322,179.83278050468937,66.82915640763599,-6.4929323470813936,0.0036788001460800364,6.4951805622848875
2026-09-30T18:33:30+03:00,18.82,289.06,-168.67348182409785,10.43928,242.99713049293345,232.6151352451629,-0.30435518077349333,6.39576,6.14304,0.5385803274229739,,0.3323155211758775,24.805558,59.478518,16.757620367967192,172.97232325450824,70.02480723842521,-6.347709722043197,0.003593427420792143,6.49877398970568
2026-09-30T18:33:32+03:00,19.01,289.06,-174.46608513287046,7.814879999999999,246.9963759029466,229.18884763028058,-2.6631078317680665,6.29856,6.37632,-0.10886198107485642,,3.3346143676613913,24.805451,59.478494,14.097175786787334,176.93553750647513,70.06083839647147,-6.2895531879863,0.00357070423987791,6.502344693945558
2026-09-30T18:33:34+03:00,19.23,289.07,-164.3132730031523,8.30088,243.9998066344124,224.1067119874702,-3.502777480532288,6.35688,6.0264,0.03437746770784939,,5.2368342474957235,24.805351,59.478471,14.523057523572783,171.10997213775386,72.88983449665855,-6.2805133869677805,0.0033510993810839306,6.505695793326642
2026-09-30T18:33:36+03:00,19.38,289.09,-150.97481553250674,8.0676,238.99788508292028,218.03335935908348,-2.965285772920063,6.5124,6.39576,-0.10313240312354818,,10.084057194302488,24.805245,59.478437,14.120169213387314,163.9058222594278,75.09206282349248,-6.257161650979286,0.0038271371023200712,6.509522930428962
2026-09-30T18:33:38+03:00,19.61,289.07,-136.98891575336333,8.28144,232.9990169679006,213.37521248466987,-0.9368432908184092,6.35688,6.454079999999999,-0.045836623610465865,,10.170000863572112,24.805149,59.4784,13.637493298040544,155.528974337757,77.47004263014358,-5.785846961243784,0.003678883949871781,6.513201814378833
2026-09-30T18:33:40+03:00,19.68,289.06,-136.70816643374923,10.82808,232.9990169679006,214.61280132215245,1.8055618997957632,6.35688,6.37632,0.49847328176381617,,7.84379221534097,24.805062,59.478361,16.058019074108522,152.4589434888722,80.5400734790284,-5.636516639973003,0.0035423984047722405,6.516744212783606
2026-09-30T18:33:42+03:00,19.87,289.06,-137.13215520214604,11.21688,227.99709541640848,218.64069462192214,1.1982839327366035,6.76512,6.901199999999999,0.21772396214971285,,5.523313145061136,24.80497,59.478318,16.81722638343279,153.01494720316998,74.9821482132385,-6.028567086168885,0.003816761838046676,6.520560974621652
2026-09-30T18:33:44+03:00,19.98,289.07,-142.42628522915484,10.808639999999999,233.99596353142817,220.61166943717217,3.0794189657101225,7.270560000000001,6.92064,0.5500394833255903,,3.076783359852521,24.804872,59.478277,17.153882137033296,157.40451002360385,76.59145350782433,-6.712475187702841,0.0038759581659724195,6.524436932787625
2026-09-30T18:33:46+03:00,20.13,289.06,-131.31663358156817,10.90584,234.99863967290713,223.16133162550435,1.6648434653116329,7.056719999999999,6.78456,0.47555496995858326,,0.7505747116213785,24.804766,59.478239,16.442474012224366,150.1212827066121,84.87735696629503,-6.1187538610636665,0.003960760776578121,6.5283976935642025
2026-09-30T18:33:48+03:00,20.28,289.08,-142.30023451422605,9.272879999999999,237.99520894144138,226.67356290965628,1.5382197925877212,7.15392,6.57072,-0.045836623610465865,,1.6386592940741544,24.804656,59.478203,15.560870698953396,158.62852493510513,79.36668400633624,-6.661997544761145,0.003994756013609391,6.532392449577812
2026-09-30T18:33:50+03:00,20.43,289.08,-153.38123827205618,8.125919999999999,243.9998066344124,226.36989527823692,-1.1725008319557166,6.92064,6.55128,-0.395340878640268,,3.3403439456126995,24.80454,59.478171,14.645056055792075,165.6050238235641,78.39478281084831,-6.703366251808894,0.004029765090283328,6.536422214668096
2026-09-30T18:33:52+03:00,20.66,289.07,-151.28421274187735,7.62048,240.99750778792685,226.99441927492956,1.6379717447199973,6.318,6.648479999999999,-0.3552338329811104,,1.2204001036286536,24.804426,59.478141,13.50698304951336,164.2718875932189,76.72562019470794,-6.08144687334009,0.0039194847230652795,6.540341699391161
2026-09-30T18:33:54+03:00,20.73,289.07,-154.55580175207436,8.80632,240.99750778792685,227.2522502827384,-0.8533060442883351,6.6679200000000005,6.55128,-0.4526366581533504,,2.274642446669368,24.804316,59.478109,15.101686711076765,165.49092730157506,75.5065804863518,-6.45526656835311,0.0038698088685157304,6.544211508259677
2026-09-30T18:33:56+03:00,21.03,289.08,-172.95920613167638,10.18656,241.99445435145452,226.37562485618827,-1.6351642515238562,6.78456,6.8623199999999995,-0.3495042550298022,,5.288400449057497,24.804208,59.47808,16.940383557386586,175.77305710178575,66.22139724966877,-6.7661055033024,0.003729339373885568,6.547940847633562
2026-09-30T18:33:58+03:00,21.15,289.07,-167.1952507126603,11.236320000000001,239.99483164644792,223.68845279702472,-0.6077363332952642,7.13448,7.36776,-0.20053522829578813,,3.0882425157551374,24.80409,59.47805,18.26195577674582,172.16242094984946,67.83241069659846,-7.0678340719818555,0.004028301794298886,6.551969149427861
2026-09-30T18:34:00+03:00,21.18,289.07,-160.63488395841242,8.72856,237.99520894144138,224.29005848191207,-2.210643060953255,6.88176,7.03728,-0.03437746770784939,,1.598552248414997,24.803986,59.478015,15.391081137863287,169.16106023055568,68.8341487108857,-6.7589871612220955,0.0038085613821071027,6.555777710809968
2026-09-30T18:34:02+03:00,21.45,289.08,-167.47600003227444,9.21456,236.99826237791373,224.62237400308794,0.4522355876967588,6.940079999999999,7.270560000000001,-0.10313240312354818,,3.2028340747813018,24.803877,59.47798,16.060169878617316,172.85288974283964,64.1453726350741,-6.886155396068876,0.003936701988406416,6.559714412798375
2026-09-30T18:34:04+03:00,21.48,289.08,-159.52907541380992,8.9424,237.99520894144138,223.03528091057558,-0.9501932074449573,6.97896,7.2122399999999995,-0.29220847551671986,,3.6039045313728777,24.803769,59.477942,15.671868578349677,168.48889872330432,69.50631021813706,-6.838585602829107,0.004010817801855243,6.56372523060023
2026-09-30T18:34:06+03:00,21.67,289.08,-146.9240039209318,7.5816,234.99863967290713,221.13306103074123,0.17246029633437782,6.901199999999999,6.7068,0.25210142985756223,,2.148591731740587,24.803663,59.477901,13.885014300382839,162.6627795519409,72.33586012096623,-6.5876606622145095,0.004067444006359944,6.56779267460659
2026-09-30T18:34:08+03:00,21.78,289.07,-155.1287595472052,8.59248,232.9990169679006,222.73734285710754,0.544309905374282,7.056719999999999,6.7068,0.09740282517223994,,-0.26356058576017866,24.80356,59.47786,15.285625742118158,166.32465195347888,66.67436501442171,-6.856668561448706,0.003994975302657893,6.571787649909248
2026-09-30T18:34:10+03:00,21.93,289.07,-165.18989842970245,8.30088,230.99939426289401,225.0119853037769,0.31604351979416206,7.03728,6.72624,0.040107045659157625,,0.5385803274229739,24.803455,59.47782,15.211108582871965,171.9815045883495,59.017889674544506,-6.968477155656946,0.004006853241578107,6.575794503150826
2026-09-30T18:34:12+03:00,21.97,289.07,-166.73115489860436,7.23168,239.99483164644792,225.37867829266062,-0.17979415611205232,7.03728,6.7068,-0.08594366926962349,,3.85600596123044,24.803353,59.47779,14.173426184169077,173.27478415086736,66.72004749558056,-6.9888579303206795,0.0035982118038133714,6.57939271495464
2026-09-30T18:34:16+03:00,22.23,289.07,-152.5619086250191,8.02872,237.99520894144138,224.9890669919717,0.32320549223329736,6.6095999999999995,6.648479999999999,0.48701412586119974,,-1.5870930925123803,24.80312,59.477727,14.22467580474445,164.9251926960261,73.07001624541527,-6.3821443653261545,0.0038403204264046294,6.583233035381045
2026-09-30T18:34:18+03:00,22.38,289.08,-147.23913070825375,6.35688,238.99788508292028,224.3760021511817,-1.0546434134973064,6.901199999999999,7.1150400000000005,0.5557690612768985,,-3.9018425848409057,24.803011,59.477696,12.720865170991399,164.31098427385226,74.68690080906802,-6.644086173856055,0.003813658939770138,6.587046694320815
2026-09-30T18:34:20+03:00,22.42,289.08,-154.0859763600671,6.1236,236.99826237791373,224.1754669228859,0.021772396214971283,7.13448,6.6679200000000005,0.24064227395494575,,0.4469070802020421,24.802904,59.47766,12.922498243426773,168.0480024983285,68.95025987958525,-6.97981479136698,0.0039181330841438515,6.590964827404959
2026-09-30T18:34:22+03:00,22.53,289.07,-157.29454001279973,6.92064,236.99826237791373,224.49632328815918,-0.03896113006889598,6.92064,6.53184,0.0,,1.9136790357369495,24.802799,59.477625,13.570460293417813,168.64727000639988,68.35099237151385,-6.785230146708908,0.0038340763492168014,6.594798903754176
2026-09-30T18:34:24+03:00,22.68,289.07,-152.206674792038,7.8732,236.99826237791373,224.29578805986336,0.47005457512532733,7.03728,6.74568,0.2119943841984046,,-2.521014298575622,24.802703,59.477594,14.475449595859663,165.30866032849696,71.68960204941678,-6.807203854208505,0.003472825932155848,6.598271729686332
2026-09-30T18:34:28+03:00,22.83,289.07,-145.3139925166142,5.69592,236.99826237791373,222.15292590607407,0.4145349647771506,6.84288,6.78456,0.24064227395494575,,0.7333859777674538,24.802485,59.477523,11.973635060827524,164.29326019156088,72.70500218635286,-6.587366234919128,0.0036661897361428297,6.601937919422475
2026-09-30T18:34:30+03:00,22.95,289.07,-149.06113649676976,10.05048,236.99826237791373,223.55667250414464,-0.08262051405786472,6.78456,6.68736,0.05156620156177409,,1.8850311459804083,24.802375,59.477489,16.248522275367726,161.4574092953754,75.54085308253832,-6.432356701544741,0.003930997544704912,6.6058689169671805
2026-09-30T18:34:32+03:00,22.98,289.07,-144.17953608225517,9.70056,236.99826237791373,222.31335408871072,-0.19365973475421827,6.940079999999999,6.84288,-0.02864788975654116,,-0.5500394833255903,24.802266,59.477453,15.856966556781844,159.02090562750732,77.97735675040641,-6.480029889064904,0.003969192141340891,6.609838109108521
2026-09-30T18:34:34+03:00,23.1,289.08,-148.04127162143692,8.3592,234.99863967290713,223.0696583782834,0.3989505127495922,7.03728,7.01784,0.02864788975654116,,-2.538203032429547,24.802161,59.477417,14.806046912986178,162.61224028947782,72.3863993834293,-6.715705803063639,0.00386740045005362,6.613705509558574
2026-09-30T18:34:36+03:00,22.98,289.08,-152.74525511946098,8.53416,234.99863967290713,222.57691467447088,-0.8866521879649489,6.9984,7.01784,-0.10886198107485642,,-2.5783100780887045,24.802054,59.477379,15.099631938443896,164.99950805841647,69.99913161449066,-6.759919750464898,0.003985807133509361,6.617691316692084
2026-09-30T18:34:38+03:00,23.06,289.09,-152.82546921077926,8.08704,235.9955862364348,223.84315140171003,0.7543562330692419,6.9984,6.92064,-0.1546986046853223,,-3.116890405511678,24.801952,59.477346,14.665477572217014,165.41350808005208,70.58207815638272,-6.772831571333865,0.0036919137852630883,6.621383230477347
2026-09-30T18:34:40+03:00,23.13,289.07,-149.1413505880881,6.25968,235.9955862364348,225.38440787061194,0.6796425365841825,6.76512,6.78456,0.1546986046853223,,-2.039729750665731,24.801841,59.47731,12.556098009497939,165.18430775326834,70.81127848316646,-6.540202697202635,0.004020525766673875,6.625403756244021
2026-09-30T18:34:42+03:00,22.98,289.08,-148.3105617851484,6.1624799999999995,239.99483164644792,225.87142199647315,0.49589497168572744,7.270560000000001,6.76512,0.320856365273261,,1.6157409822689215,24.80173,59.477275,12.9261951524723,165.4964234114868,74.49840823496112,-7.038861859059663,0.0039885000947017645,6.629392256338723
2026-09-30T18:34:44+03:00,23.13,289.08,-147.72614483411496,6.8623199999999995,240.99750778792685,226.65637417580237,0.988294900821157,6.92064,6.1624799999999995,0.395340878640268,,1.4896902673401402,24.801624,59.477243,13.23992437352076,163.9332173261623,77.06429046176456,-6.650318184442949,0.003764413829260783,6.633156670167984
2026-09-30T18:34:46+03:00,23.13,289.08,-143.54355292965994,8.98128,236.99826237791373,228.60443067924717,1.1013967695799816,7.07616,6.84288,0.246371851906254,,-1.2490479933851946,24.801517,59.47721,15.263284737267043,159.53419922181484,77.46406315609889,-6.629520262567201,0.0038215407890456877,6.63697821095703
2026-09-30T18:34:48+03:00,23.13,289.08,-145.96716440306332,7.795439999999999,240.99750778792685,229.2461434097937,0.15189111148918125,6.648479999999999,6.5124,0.20053522829578813,,0.2119943841984046,24.801409,59.477179,13.815656712218793,161.59143782856964,79.40606995935721,-6.308269506744377,0.0037870970256267764,6.640765307982656
2026-09-30T18:34:50+03:00,23.13,289.08,-150.78573946011355,6.74568,243.9998066344124,227.64759116137867,-0.7842073341955578,6.74568,6.43464,0.07448451336700701,,1.8850311459804083,24.801291,59.477151,13.055289480054485,165.39286973005676,78.60693690435565,-6.527644740027243,0.003976028926338991,6.644741336908996
2026-09-30T18:34:52+03:00,23.13,289.08,-142.08824013002766,5.832,238.99788508292028,227.07463336624787,-0.5790311477592099,6.59016,6.25968,-0.02864788975654116,,0.0,24.801182,59.477123,11.751074865700916,162.24502095834663,76.75286412457365,-6.276266086749569,0.0037289249344794745,6.6484702618434754
2026-09-30T18:34:54+03:00,22.98,289.07,-144.04775578937506,8.203679999999999,238.99788508292028,226.85690940409816,0.3213147315093657,6.7068,6.78456,0.045836623610465865,,-1.7990874767107847,24.801081,59.477093,14.190149941107405,160.1582530621284,78.83963202079187,-6.3086421493703435,0.0035718825357297663,6.652042144379205
2026-09-30T18:34:56+03:00,23.17,289.08,-148.97519282750017,8.47584,240.99750778792685,227.16057703551752,0.7854678413448456,7.01784,6.55128,0.05156620156177409,,-3.724225668350351,24.800974,59.477065,14.93437669873351,162.99142927863713,78.00607850928972,-6.710886767596834,0.003674550478740229,6.655716694857945
2026-09-30T18:34:58+03:00,23.13,289.08,-162.72045033268859,5.890319999999999,240.99750778792685,227.99136583845717,-0.16323567583277152,6.55128,6.53184,0.05156620156177409,,-2.6814424812122524,24.800883,59.477038,12.300817628818232,171.82271397698707,69.17479381093978,-6.484671144936411,0.003217333849698241,6.658934028707644
2026-09-30T18:35:00+03:00,22.98,289.08,-159.71815148620308,8.32032,242.99713049293345,228.00855457231108,-0.27083714975834017,6.804,6.648479999999999,0.011459155902616466,,-1.604281826366305,24.800762,59.477006,14.890436482886809,168.83173527497195,74.1653952179615,-6.675149851280476,0.0041646397145517836,6.663098668422196
2026-09-30T18:35:02+03:00,22.98,289.07,-163.87209550090157,8.1648,240.99750778792685,226.82253193639033,-0.44387040388784876,6.82344,6.76512,0.022918311805232933,,-1.552715624804531,24.800651,59.476977,14.841230792174597,171.20960685694564,69.78790093098121,-6.743292002632604,0.003810639002466305,6.666909307424662
2026-09-30T18:35:04+03:00,23.02,289.08,-170.63299748344525,9.31176,237.99520894144138,225.9172586200836,1.423341754663991,6.337439999999999,6.37632,0.06875493541569878,,-2.446529785208615,24.80055,59.476947,15.598837023161638,174.42442675187047,63.570782189570906,-6.307457012307269,0.0035718940387343217,6.670481201463397
2026-09-30T18:35:06+03:00,22.98,289.08,-167.8083155534503,9.350639999999999,238.99788508292028,226.5303234608736,-0.10576800898114998,6.97896,6.492959999999999,0.10886198107485642,,-3.5466087518597957,24.800443,59.476916,16.23921987850121,173.0155247996454,65.98236028327489,-6.927170092455008,0.0037605723428013405,6.674241773806198
2026-09-30T18:35:08+03:00,22.98,289.08,-159.89576840269365,8.1648,241.99445435145452,226.8740981379521,0.5502686664436427,6.9984,6.454079999999999,0.10886198107485642,,-3.105431249609062,24.800342,59.476887,14.93182370537357,169.1666605726654,72.82779377878913,-6.873674868478514,0.0035419341842334575,6.677783707990431
2026-09-30T18:35:12+03:00,22.98,289.07,-177.23347128335237,7.83432,242.99713049293345,226.9600418072217,0.3125484772438641,7.2122399999999995,6.97896,-0.09167324722093173,,-2.148591731740587,24.800104,59.476823,15.04218268140017,178.5595353228461,64.43759517008735,-7.209960827161849,0.003893899285731805,6.681677607276163
2026-09-30T18:35:16+03:00,22.98,289.07,-170.82207355583844,8.67024,242.99713049293345,227.8653151235284,-0.529642185818933,7.15392,7.1150400000000005,-0.18334649444186346,,0.46982539200727513,24.799874,59.476759,15.773899149443698,174.97037412649507,68.02675636643838,-7.126373826649877,0.0038106584478665344,6.68548826572403
2026-09-30T18:35:18+03:00,23.1,289.08,-154.80217360398063,7.75656,240.99750778792685,227.99709541640848,-0.18145573371793172,7.23168,7.01784,-0.320856365273261,,0.7563042895726866,24.799757,59.476726,14.627784715200692,166.95263741166931,74.04487037625753,-7.044985357519025,0.004085592536337116,6.689573858260367
2026-09-30T18:35:20+03:00,22.98,289.07,-158.39461897945088,8.10648,241.99445435145452,225.96309524369408,-0.2553099935102948,7.17336,6.492959999999999,-0.4526366581533504,,2.165780465594512,24.799639,59.476692,15.010076487042658,168.52970349506643,73.4647508563881,-7.030093152032022,0.0041416384594218396,6.693715496719789
2026-09-30T18:35:22+03:00,23.02,289.09,-147.8980321726542,7.85376,239.99483164644792,227.26370943864103,0.8959341042460685,6.88176,6.68736,-0.31512678732195276,,1.8048170546620932,24.799528,59.476658,14.16362108858329,162.86177915951188,77.13305248693604,-6.576186828773544,0.0039571783006455965,6.697672675020435
2026-09-30T18:35:24+03:00,23.13,289.09,-150.97481553250674,7.970399999999999,239.99483164644792,230.56967591654592,1.239021231970405,7.01784,7.3094399999999995,-0.08021409131831525,,-1.942326925493491,24.799426,59.476628,14.511967410618112,164.5449176435199,75.44991400292801,-6.764072529848669,0.0035983044937218937,6.701270979514157
2026-09-30T18:35:26+03:00,23.28,289.1,-175.61200072313213,8.0676,241.99445435145452,236.01277497028872,3.5518799635749994,7.1150400000000005,7.2122399999999995,-0.040107045659157625,,-4.996191973540778,24.799305,59.476597,15.171553906234248,177.66828160109668,64.32617275035784,-7.109148927807958,0.0041372623434046294,6.705408241857562
2026-09-30T18:35:28+03:00,23.13,289.08,168.28213805564658,8.63136,250.9956213129597,245.14572222467405,4.090975953013591,6.9984,6.95952,-0.022918311805232933,,-5.030569441248628,24.799187,59.476573,15.549007447438022,173.52682288811036,64.52244420107007,-6.953783398776168,0.003880433043240669,6.709288674900803
2026-09-30T18:35:30+03:00,23.28,289.08,154.11862136001264,10.089360000000001,256.9944894279795,250.66903536973516,-0.2635032899806656,6.804,6.7068,-0.2119943841984046,,-1.793357898759477,24.799067,59.476562,16.48073967263185,164.50066949593582,61.49515892391531,-6.5565628497349335,0.00372256688415889,6.713011241784962
2026-09-30T18:35:32+03:00,23.28,289.08,156.9547624459102,10.18656,265.9956563894847,250.27369449109491,-0.22620373751764902,6.68736,6.95952,-0.5271211715203573,,3.787251025814742,24.798949,59.476557,16.548610146731786,166.05659609959494,72.05225248907959,-6.490311724665823,0.0036148376994450514,6.716626079484406
2026-09-30T18:35:34+03:00,23.28,289.09,172.06365950351005,8.1648,264.998709825957,250.554443810709,-0.35431710050890114,6.78456,6.82344,-0.5500394833255903,,4.159673592649776,24.798827,59.476552,14.913826997078454,175.66487583501547,80.66358566097244,-6.765149250152745,0.00373654190057654,6.720362621384983
2026-09-30T18:35:35+03:00,23.36,289.08,178.06825719648106,8.30088,260.9994644159439,249.09340143312542,-0.4818575057050224,6.648479999999999,6.454079999999999,-0.1776169164905552,,0.5786873730821314,24.798713,59.476542,14.947261849747816,178.92735778945055,79.9268222053945,-6.647314951008207,0.0035317367099280297,6.7238943580949115
2026-09-30T18:35:37+03:00,23.43,289.09,172.20689895229273,10.692,261.99641097947153,247.27139564460936,-0.5946728955662814,6.62904,6.6095999999999995,-0.34377467707849396,,1.598552248414997,24.79859,59.476535,17.283205682254437,175.18810996185252,77.18452094132408,-6.6056757691414525,0.0037784655033912327,6.7276728235983025
2026-09-30T18:35:42+03:00,23.43,289.08,176.54418946143306,9.60336,259.99678827446496,245.71868001980485,-0.9300823888358655,7.01784,7.13448,-0.34377467707849396,,2.148591731740587,24.798464,59.476528,16.613825143406093,178.00322992524968,78.00001819971465,-7.013578717125425,0.0038694946648448777,6.7315423182631475
2026-09-30T18:35:44+03:00,23.43,289.07,-173.60091886222293,11.21688,258.99984171093735,245.3806349206777,-0.41218583781711426,6.940079999999999,6.59016,-0.5385803274229739,,3.449205926687555,24.798344,59.476517,18.130228599186655,176.04607956187698,82.95376214906037,-6.923561420015084,0.0037225716865757212,6.735264889949724
2026-09-30T18:35:46+03:00,23.58,289.08,-161.6203713660374,10.4004,255.99754286445182,244.99675319794,0.7074309896480274,6.804,6.53184,-0.2864788975654116,,0.49847328176381617,24.798231,59.476502,16.993285311234708,168.8732446060994,87.12429825835241,-6.676102865142185,0.0035655645863864596,6.73883045453611
2026-09-30T18:35:48+03:00,23.58,289.08,-176.76937546929636,6.76512,258.99984171093735,244.31493342173434,-0.5214488893485623,6.76512,6.6095999999999995,-0.13178029288008933,,-3.540879173908488,24.798111,59.47649,13.524863316707217,178.38468773464828,80.61515397628906,-6.762431658353608,0.0037337191353816225,6.742564173671492
2026-09-30T18:35:50+03:00,23.7,289.08,181.2997391610189,7.5816,257.9971655694584,242.26947409311728,-1.092745106873506,6.72624,6.37632,-0.21772396214971285,,-4.755549699585833,24.797987,59.47648,14.306922953000008,179.31127786047983,77.30844342993822,-6.725754063011986,0.0038329235903484184,6.74639709726184
2026-09-30T18:35:52+03:00,23.73,289.08,161.52123607310287,7.85376,256.9944894279795,241.47306275788546,0.30704808241060816,6.318,6.18192,-0.5271211715203573,,-0.2119943841984046,24.797866,59.476469,13.990070765172565,169.75070266511014,66.7451920930896,-6.217182914828176,0.0037526235645492312,6.750149720826389
2026-09-30T18:35:54+03:00,23.73,289.08,178.41203187355956,8.22312,253.99792015944524,242.0001839294058,-1.005655522013621,6.24024,6.0652800000000004,-0.3036676314193363,,0.48701412586119974,24.797753,59.476454,14.461997395921296,179.097156445598,73.09507660504323,-6.239465284848282,0.0035655693287410272,6.75371529015513
2026-09-30T18:35:56+03:00,23.73,289.08,167.77793519593146,10.53648,253.99792015944524,239.85732177561653,-1.2181655682276433,6.318,6.08472,-0.7677634454753031,,5.758225841064774,24.797651,59.476443,16.764719709595997,172.35398833694268,66.35190849638792,-6.261826734590128,0.003183304653008841,6.756898594808138
2026-09-30T18:35:58+03:00,23.81,289.08,-160.53175155528885,11.02248,249.9986747494321,241.28398668549227,0.8555405796893453,6.24024,6.318,-0.5213915935690492,,2.6298762796504787,24.797532,59.476425,17.03338950532978,167.54505966904998,82.45361508038212,-6.093381704285159,0.0037905533239526797,6.760689148132091
2026-09-30T18:36:00+03:00,23.88,289.08,169.31919166483337,10.303199999999999,252.99524401796634,242.30958113877642,0.4835763790904148,6.59016,6.2208000000000006,-0.544309905374282,,3.6153636872754946,24.797421,59.476408,16.823580979389636,173.4825677038561,66.47781172182243,-6.547570217826287,0.003539352902119701,6.764228501034211
2026-09-30T18:36:02+03:00,23.88,289.07,163.59534329147647,8.786879999999998,258.99984171093735,240.71675846831275,-1.2900717715165615,6.492959999999999,6.318,-0.18907607239317165,,9.505369821220357,24.797313,59.476398,15.127074515261178,170.55799068758088,69.55783239851826,-6.404994323984083,0.0033513988157137945,6.767579899849925
2026-09-30T18:36:04+03:00,23.88,289.08,176.79056131333934,8.92296,259.99678827446496,240.64227395494575,-0.4462195308478851,6.84288,6.14304,-1.082890232797256,,10.65701498943331,24.79719,59.476386,15.759764475326218,178.18350618267394,78.18029445713887,-6.839441293303085,0.0038236308559914446,6.771403530705916
2026-09-30T18:36:06+03:00,24.03,289.08,-152.68222976199658,7.795439999999999,257.9971655694584,246.1713166779582,2.112094320190754,6.76512,6.74568,-0.3781521447863433,,5.540501878915061,24.797074,59.47637,14.1508619501822,165.35596002487117,92.64120554458722,-6.545355979235218,0.0036695522496147342,6.77507308295553
2026-09-30T18:36:08+03:00,24.03,289.08,-153.8682523979174,8.553600000000001,257.9971655694584,246.21715330156866,-0.46048617994664265,6.76512,6.201359999999999,-0.49847328176381617,,4.8586821027093805,24.796948,59.476356,14.92760714868044,165.38204374673455,92.61512182272384,-6.546133914604371,0.003937542175759484,6.77901062513129
2026-09-30T18:36:10+03:00,23.96,289.09,177.25465712739526,8.68968,261.99641097947153,245.16291095852796,-0.622862419086718,6.35688,6.0264,-0.5672282171795151,,5.9874089591171025,24.796836,59.476348,15.042345886496463,178.4144715398731,80.41088251934463,-6.354446176264703,0.0034528225222297706,6.78246344765352
2026-09-30T18:36:12+03:00,24.03,289.09,164.85012086281296,7.98984,259.99678827446496,244.95091657432954,0.25972176853280216,6.35688,6.10416,-0.2864788975654116,,6.262428700779898,24.796719,59.476336,14.223149412358985,171.55787968295735,71.55466795742234,-6.288001135657801,0.0037885711655905015,6.786252018819111
2026-09-30T18:36:16+03:00,24.18,289.09,-175.76096974986615,8.1648,252.99524401796634,242.338229028533,0.9237798530894262,5.98752,5.96808,-0.12605071492878112,,-0.022918311805232933,24.79638,59.476291,14.14286700094855,177.5542603280499,75.44098368991644,-5.9820658606763,0.003405170027708076,6.789657188846819
2026-09-30T18:36:18+03:00,24.18,289.09,169.92079734972074,8.49528,255.99754286445182,243.2721502345962,-0.47968026608352515,6.1236,6.337439999999999,0.17188733853924698,,0.641712730546522,24.796274,59.476277,14.563856867241448,174.14074469939806,70.13828756384987,-6.091608258324772,0.00334363628853579,6.793000825135355
2026-09-30T18:36:20+03:00,24.18,289.08,157.35583290250182,9.38952,257.9971655694584,244.69308556652066,0.5745047811776764,6.318,6.337439999999999,0.34377467707849396,,1.7417916971977028,24.796159,59.476268,15.413637010090097,166.435814849526,64.43298041898436,-6.141777048612114,0.0035522020782715255,6.796553027213626
2026-09-30T18:36:22+03:00,24.26,289.09,161.2691346432453,7.542719999999999,258.99984171093735,244.607141897251,0.748168288881829,6.47352,5.90976,0.09740282517223994,,1.6157409822689215,24.796041,59.476255,13.830505268455335,169.91375112159153,68.91359283252888,-6.373473302340911,0.0036861285315007647,6.800239155745127
2026-09-30T18:36:24+03:00,24.33,289.08,177.36351910847014,8.04816,259.99678827446496,246.520820932988,0.892267174357231,6.045839999999999,5.69592,0.05156620156177409,,-1.9938931270552647,24.795927,59.476245,14.090345123878656,178.4944461123116,78.49123438677657,-6.0437528723614315,0.00353176686111783,6.803770922606245
2026-09-30T18:36:26+03:00,24.33,289.09,167.64042532510007,7.85376,262.9990871209505,248.16520980501343,-0.6595890137546037,6.2208000000000006,6.95952,0.3380450991271857,,-0.1432394487827058,24.795814,59.476239,13.993876880366196,173.10046530437094,76.09955242532146,-6.175750941747761,0.0034685146801305094,6.807239437286375
2026-09-30T18:36:28+03:00,24.48,289.08,153.33366918068342,7.892639999999999,261.99641097947153,245.89629693629539,0.4627207153476528,6.492959999999999,6.0264,-0.06302535746439056,,3.2200228086352265,24.7957,59.476232,14.001565155685217,165.34585197911858,67.34226295859014,-6.281747370559932,0.00350558522105444,6.8107450225074295
2026-09-30T18:36:30+03:00,24.45,289.09,181.55184059087648,8.8452,255.99754286445182,247.24847733280413,0.849811001738037,6.0652800000000004,5.67648,0.2119943841984046,,-1.7647100090029357,24.795595,59.476224,14.90916028998639,179.07940806191368,75.0769509263655,-6.064497110288702,0.0032413548701319527,6.813986377377561
2026-09-30T18:36:32+03:00,24.45,289.08,166.746611164696,8.70912,258.99984171093735,250.80654524056652,1.4761111675955398,6.201359999999999,5.9292,0.4239887683968092,,-3.495042550298022,24.795483,59.476215,14.813691728754701,172.25392293263724,71.25376464357458,-6.1447733840847105,0.0034617185061378117,6.817448095883699
2026-09-30T18:36:34+03:00,24.48,289.08,150.0563505925351,9.68112,263.9960336844781,252.80043836762184,0.2907760810288928,6.6095999999999995,6.201359999999999,0.5385803274229739,,2.452259363159923,24.795364,59.476205,15.757690684083418,162.14171532956237,66.13774901404048,-6.291135781752465,0.003682278032738327,6.8211303739164375
2026-09-30T18:36:36+03:00,24.6,289.09,145.30080089294927,9.234,268.99795523597015,250.22212828953315,-1.3045103079538583,6.68736,6.1236,-0.2807493196141034,,5.2368342474957235,24.795243,59.476199,15.215948577446271,159.7896424814725,68.78759771744262,-6.2756231696315865,0.0037115096739794265,6.824841883590417
2026-09-30T18:36:38+03:00,24.63,289.09,180.98461237369693,8.184239999999999,261.99641097947153,253.31037080528827,-0.28384329170780986,6.59016,6.57072,-0.13178029288008933,,0.25210142985756223,24.795126,59.476191,14.773860964938002,179.4545752746619,81.45098625413345,-6.589861401884932,0.00360405589491286,6.82844593948533
2026-09-30T18:36:40+03:00,24.63,289.08,180.22257850617294,5.598719999999999,263.9960336844781,250.49141845324462,-1.7022003135541628,6.648479999999999,6.4152,0.040107045659157625,,2.492366408819081,24.795008,59.476185,12.247177066763403,179.89824983765817,83.89428352213628,-6.648469516236538,0.0036203700532206153,6.8320663095385505
2026-09-30T18:36:42+03:00,24.78,289.09,175.2435752664861,8.86464,265.9956563894847,249.75230289752585,0.6474996042773433,6.39576,5.81256,-0.03437746770784939,,5.402992008083663,24.794892,59.476179,15.247600114406742,177.23681693466241,83.23247332414712,-6.3883237832551325,0.003559622587752595,6.8356259321263035
2026-09-30T18:36:44+03:00,24.78,289.09,-168.4099212383377,7.698239999999999,263.9960336844781,252.13007774731878,0.9740855475019126,6.648479999999999,6.53184,0.10886198107485642,,0.5557690612768985,24.794778,59.476171,14.273793986717582,173.77948932113415,90.21654436334396,-6.609335337319248,0.0035133125664835816,6.839139244692787
2026-09-30T18:36:46+03:00,24.78,289.08,173.4960539913371,5.67648,264.998709825957,251.09302413813194,-0.645838026671464,6.57072,6.648479999999999,0.1604281826366305,,2.0225410168118056,24.79466,59.476168,12.22758377657408,176.98572658032526,81.98443640628227,-6.561629185013726,0.0036068745779546107,6.842746119270742
2026-09-30T18:36:48+03:00,24.78,289.08,167.89825633290891,9.75888,264.998709825957,248.56628026160504,0.08370913386861327,6.57072,6.006959999999999,0.18907607239317165,,2.778845306384493,24.794543,59.476162,16.242100013089022,172.7635251475292,77.76223497348622,-6.5183823252088064,0.003589997117188792,6.84633611638793
2026-09-30T18:36:50+03:00,24.78,289.08,-175.30260351376148,8.553600000000001,264.998709825957,248.00478162237684,-0.6937945941239139,6.57072,6.1624799999999995,-0.17188733853924698,,2.853329819751499,24.794439,59.476153,15.111832909397553,177.34320511265784,87.65550471329917,-6.563657215816165,0.0032207232396313217,6.849556839627562
2026-09-30T18:36:52+03:00,24.93,289.08,-173.9217752274962,7.4844,269.9949017994978,248.3084492537962,0.2327927521616535,6.804,6.454079999999999,0.08594366926962349,,1.2032113697747289,24.794307,59.476149,14.268350043847466,176.81603240870132,93.1788693907965,-6.793496971198728,0.004036931672016722,6.853593771299579
2026-09-30T18:36:54+03:00,24.93,289.09,-174.34576399589298,9.4284,261.99641097947153,247.32296184617118,-0.2868226722424901,6.53184,6.1236,0.2119943841984046,,-0.9167324722093171,24.794193,59.476141,15.941455056586266,176.65939662494472,85.33701435452681,-6.520740917588485,0.003513315628032496,6.857107086927612
2026-09-30T18:36:56+03:00,24.93,289.1,180.06215032353631,8.72856,262.9990871209505,247.59225200988263,-1.5758631197278163,6.55128,6.10416,-0.05729577951308232,,2.5840396560400127,24.794067,59.476132,15.27983779828312,179.9644968249272,82.9635839458777,-6.551278742276212,0.0038844496363718904,6.860991536563984
2026-09-30T18:36:58+03:00,24.93,289.1,-165.48210690521918,9.05904,262.9990871209505,246.59530544635498,0.136421251020649,6.53184,6.0652800000000004,-0.11459155902616464,,4.887329992465922,24.793947,59.476122,15.469218843287733,171.5582482028265,91.440838918124,-6.4610715547626105,0.003712409260141004,6.864703945824124
2026-09-30T18:37:00+03:00,24.93,289.1,-164.57110401096114,8.514719999999999,260.9994644159439,246.93908012343348,0.12255567237848308,6.72624,6.454079999999999,-0.045836623610465865,,2.521014298575622,24.793832,59.476114,15.104927917566316,171.37485147975914,89.62461293618477,-6.650170604933384,0.0035435621070800762,6.868247507931205
2026-09-30T18:37:02+03:00,25.08,289.09,-176.4886261496823,7.2122399999999995,261.99641097947153,245.86764904653884,-1.0698267950682732,6.72624,6.57072,0.29793805346802804,,-1.9136790357369495,24.793715,59.476102,13.931944604308349,178.1830775109708,83.81333346850073,-6.722858312241196,0.0036439428663403053,6.871891450797545
2026-09-30T18:37:04+03:00,25.08,289.09,172.65953561044608,6.35688,258.99984171093735,244.9852940420374,0.0049847328176381624,6.57072,6.337439999999999,-0.34377467707849396,,0.20053522829578813,24.79359,59.476091,12.901092898167413,176.39056156624517,75.39040327718249,-6.557686131195159,0.003872927966791459,6.8757643787643365
2026-09-30T18:37:06+03:00,25.01,289.09,178.4922459648779,6.92064,259.99678827446496,244.40660666895528,-0.9301396846153783,6.47352,6.045839999999999,-0.040107045659157625,,-0.08594366926962349,24.793474,59.476081,13.393001887572364,179.22095582574337,79.21774410020834,-6.472921612226575,0.0035919649564337373,6.8793563437207705
2026-09-30T18:37:08+03:00,25.12,289.09,-174.15668792349982,7.814879999999999,259.99678827446496,243.20912487713184,-0.5273503546384097,6.53184,6.14304,0.5042028597151245,,0.3036676314193363,24.793359,59.47607,14.328220850436093,176.81683276079102,83.17995551367395,-6.521762159479256,0.0035725062438078602,6.882928849964578
2026-09-30T18:37:10+03:00,25.23,289.09,-164.33619131495752,9.097919999999998,257.9971655694584,242.39552480804608,0.24035579505738033,6.492959999999999,6.045839999999999,0.09740282517223994,,1.8048170546620932,24.793249,59.47606,15.44952854187948,170.85154333597646,87.14562223348193,-6.410367567677647,0.003411516037887856,6.886340366002466
2026-09-30T18:37:12+03:00,25.23,289.08,-171.49816375409281,7.62048,257.9971655694584,243.9998066344124,0.8968508367182777,6.53184,6.045839999999999,0.1546986046853223,,0.5614986392282068,24.793129,59.476045,14.113617620463442,175.42149043884916,82.57567513060923,-6.5109961752606,0.003772752165898691,6.890113118168365
2026-09-30T18:37:14+03:00,25.08,289.09,-172.6039722986953,7.98984,258.99984171093735,243.57008828806426,-0.2914636303830498,6.454079999999999,6.318,0.08594366926962349,,0.12605071492878112,24.793019,59.476035,14.414186005286219,175.90825151960686,83.09159019133048,-6.437628997840308,0.0034115184841665386,6.893524636652532
2026-09-30T18:37:16+03:00,25.16,289.09,-171.36065388326142,9.097919999999998,257.9971655694584,244.92226868457303,0.5800051760109324,6.318,6.201359999999999,0.040107045659157625,,-3.3632622574179325,24.792901,59.476021,15.373554441344341,174.89993852985836,83.09722703960003,-6.292986848708829,0.0036993610608382376,6.89722399771337
2026-09-30T18:37:18+03:00,25.23,289.09,175.64464572307767,5.42376,257.9971655694584,246.2343420354226,0.19944660848503956,6.5124,6.0264,0.23491269600363757,,-1.409476176021825,24.792789,59.47601,11.92761139939416,178.021033263303,76.01819883276141,-6.508515817561081,0.0034825498872228175,6.900706547600593
2026-09-30T18:37:20+03:00,25.23,289.1,177.3348712187136,8.10648,260.9994644159439,246.7156265833325,0.013407212406061263,6.53184,6.337439999999999,0.09167324722093173,,1.065701498943331,24.792668,59.476,14.634406931065639,178.5240664774308,79.52353089337475,-6.529672945390261,0.003742551430567512,6.904449099031161
2026-09-30T18:37:22+03:00,25.31,289.09,-173.82437240232395,8.767439999999999,257.9971655694584,247.14534492968062,0.297193208334358,6.47352,6.08472,0.22345354010102106,,0.7792226013779195,24.792548,59.475991,15.21933402766818,176.44699847658606,81.55016709287233,-6.461077236527107,0.0037031663727832404,6.908152265403944
2026-09-30T18:37:24+03:00,25.23,289.09,-167.8656113329634,8.00928,259.99678827446496,246.47498430937756,-1.7072423421513139,6.6679200000000005,6.2208000000000006,0.20053522829578813,,-1.7188733853924696,24.79243,59.475982,14.595676068893448,173.37625600036802,86.62053227409695,-6.623411961304482,0.0036427759088579264,6.911795041312802
2026-09-30T18:37:26+03:00,25.38,289.09,-171.6184848910703,7.42608,259.99678827446496,240.97458947612162,-3.9416631516024982,6.55128,6.0264,-0.09167324722093173,,2.211617089204978,24.79231,59.475971,13.940135014926245,175.54648892083148,84.45029935363348,-6.53149949808202,0.003722629955345771,6.915517671268147
2026-09-30T18:37:28+03:00,25.38,289.1,-158.98476550843563,6.10416,255.99754286445182,232.0364478720808,-5.031772652618402,6.62904,6.1236,-0.3552338329811104,,4.1482144367471605,24.792189,59.475953,12.520038699418727,169.9304347563706,86.06710810808121,-6.526927550892091,0.003849158864600842,6.9193668301327484
2026-09-30T18:37:30+03:00,25.38,289.09,-126.67567544100851,7.270560000000001,246.9963759029466,224.96041910221513,-1.7521622332895705,6.25968,5.98752,-0.24064227395494575,,3.283048166099617,24.792081,59.475932,12.100047005871568,151.18940864626686,95.80696725667974,-5.4848418551056985,0.003530464856642674,6.922897294989391
2026-09-30T18:37:32+03:00,25.42,289.09,-138.51871306636264,8.82576,237.99520894144138,222.90350061769547,-1.0153958045308449,6.2208000000000006,5.46264,0.3093972093706446,,2.6012283898939375,24.79198,59.4759,14.101645811163685,155.50844281058414,82.48676613085723,-5.661067147194748,0.003634146396832823,6.926531441386224
2026-09-30T18:37:34+03:00,25.53,289.09,-145.69214466140053,7.63992,234.99863967290713,222.8347456822798,1.150327365284154,6.47352,5.6181600000000005,0.05729577951308232,,1.208940947726037,24.791883,59.475867,13.49000265307242,161.3847750480737,73.61386462483344,-6.134848873665835,0.0035642293341610716,6.930095670720386
2026-09-30T18:37:36+03:00,25.53,289.09,-150.91179017504234,5.404319999999999,236.99826237791373,225.86569241852183,1.0629513015267031,6.337439999999999,5.79312,0.1604281826366305,,0.6474423084978302,24.791791,59.475836,11.367906216254468,166.63703319446992,70.36122918344381,-6.165856762273052,0.0033705406516038846,6.933466211371989
2026-09-30T18:37:38+03:00,25.53,289.09,-159.39156554297853,8.14536,239.99483164644792,223.57959081594987,-0.8779432294789604,6.59016,6.045839999999999,-0.03437746770784939,,0.13178029288008933,24.791686,59.475804,14.500532362956141,168.59652300590244,71.39830864054548,-6.460064824369823,0.003738321770654268,6.937204533142643
2026-09-30T18:37:40+03:00,25.61,289.09,-148.98665198340277,9.60336,237.99520894144138,222.33054282256464,-0.5882557682608163,6.62904,6.18192,0.20053522829578813,,1.5126085791453732,24.791586,59.475771,15.66172942044964,161.58302054081767,76.4121884006237,-6.289516667748745,0.0036406866236144237,6.940845219766258
2026-09-30T18:37:42+03:00,25.68,289.09,-144.975947417487,9.29232,236.99826237791373,221.1044131409847,-0.551128103136339,6.6095999999999995,5.81256,0.011459155902616466,,2.2288058230589023,24.791479,59.475736,15.186396758138747,159.4409293035417,77.55733307437202,-6.188638775438011,0.003885416841077456,6.944730636607336
2026-09-30T18:37:44+03:00,25.68,289.1,-138.33536657192076,7.52328,235.9955862364348,215.328998566066,-5.7483709669885235,6.72624,6.84288,-0.37242256683503505,,3.66120031088596,24.79138,59.475702,13.320977119512428,157.9484047202064,78.04718151622839,-6.234189598392348,0.003648456216106027,6.9483790928234415
2026-09-30T18:37:46+03:00,25.83,289.1,-138.54163137816786,9.6228,231.99634082642166,203.766710260326,-6.746864516563009,6.72624,6.59016,-0.590146528984748,,8.81209088911206,24.791285,59.475664,15.324999031183756,155.43486798454933,76.56147284187233,-6.117443127462958,0.0036916843357249333,6.952070777159166
2026-09-30T18:37:48+03:00,25.83,289.09,-84.95288879958197,7.2122399999999995,223.99785000639537,197.08029279114928,-0.27077985397882703,7.1150400000000005,7.056719999999999,-0.38961130068895977,,8.58863734901104,24.791203,59.475612,9.675292091591357,132.05189990594613,91.94595010044924,-4.765678625958798,0.004004532516611629,6.956075309675778
2026-09-30T18:37:52+03:00,25.98,289.1,-113.62369686792836,10.0116,215.99935918636905,221.0528469394229,4.244356754770113,7.23168,6.940079999999999,0.26929016371148695,,-7.45991049260332,24.791059,59.475499,14.510523591138366,140.79224202069173,75.20711716567732,-5.603531634471685,0.0039005155927316296,6.9599758252685096
2026-09-30T18:37:54+03:00,26.13,289.1,-163.99241663787902,7.1928,236.99826237791373,229.31489834520937,-0.7546427119668072,6.72624,6.39576,0.25210142985756223,,0.888084582452776,24.790965,59.475466,13.783605722602731,171.72616797363372,65.27209440428001,-6.65623071011342,0.0034885365100068132,6.963464361778517
2026-09-30T18:37:56+03:00,26.28,289.1,-159.1623824249262,5.50152,244.99675319794,224.530700755867,-3.0090024526885446,6.62904,6.045839999999999,0.0,,4.537825737436121,24.790852,59.475444,11.932295549385115,170.5603279988768,74.4364251990632,-6.539275089323344,0.0036945560769129668,6.967158917855429
2026-09-30T18:37:58+03:00,26.28,289.1,-141.08556398854873,8.10648,239.99483164644792,223.5337541923394,0.09986654369130249,6.76512,6.18192,0.3781521447863433,,3.466394660541481,24.790757,59.475417,14.029406883822162,158.71770772309532,81.2771239233526,-6.303762147628605,0.003323463345884242,6.970482381201314
2026-09-30T18:38:00+03:00,26.4,289.1,-138.82811027573328,7.795439999999999,235.9955862364348,226.667833331705,0.6820489593237319,6.82344,6.318,0.08021409131831525,,-1.650118449976771,24.790653,59.475381,13.689670188769972,157.9834995358479,78.0120867005869,-6.32584701198193,0.0038422948882219053,6.974324676089536
2026-09-30T18:38:02+03:00,26.43,289.09,-149.02102945111062,7.93152,240.99750778792685,226.58188966243534,-0.11648231975009637,6.648479999999999,6.37632,0.022918311805232933,,1.8449241003212509,24.790546,59.475351,14.054624331721143,163.11350975723792,77.88399803068893,-6.361811517871741,0.0037312871922339235,6.978055963281769
2026-09-30T18:38:04+03:00,26.58,289.1,-151.52485501583232,6.39576,240.99750778792685,224.67966978260105,-0.9288218816865775,6.43464,6.2208000000000006,0.18907607239317165,,4.721172231877984,24.79043,59.475323,12.436308673908743,165.80648218386344,75.19102560406341,-6.238210366644539,0.003920971519185423,6.981976934800954
2026-09-30T18:38:06+03:00,26.58,289.1,-135.67111282456244,8.82576,242.99713049293345,222.0096864572914,-0.8364610851114889,6.62904,6.57072,0.2807493196141034,,0.38961130068895977,24.79033,59.475296,14.336739093082759,154.52167511291054,88.47545538002291,-5.984353152172445,0.003457485403414963,6.98543442020437
2026-09-30T18:38:08+03:00,26.73,289.1,-140.02559206755672,9.447840000000001,237.99520894144138,221.08722440713075,0.34789997320343585,6.59016,6.4152,0.21772396214971285,,-3.3116960558561583,24.790228,59.475262,15.103633394711233,156.30476718835615,81.69044175308522,-6.034583372027136,0.0037247134481513916,6.989159133652521
2026-09-30T18:38:10+03:00,26.73,289.09,-136.81702841482408,7.83432,236.99826237791373,223.69991195292732,1.4761111675955398,6.804,6.37632,-0.022918311805232933,,-3.964867942305297,24.790117,59.475223,13.616445914009105,156.81293311642986,80.18532926148387,-6.254401719155587,0.004120552897584217,6.993279686550105
2026-09-30T18:38:12+03:00,26.88,289.1,-151.56496206149149,5.7348,237.99520894144138,224.85155712114025,0.3016049833568653,6.92064,6.201359999999999,0.16615776058793874,,-2.0511889065683473,24.790017,59.475189,12.271264370288877,167.14246964159994,70.85273929984143,-6.747114690807656,0.003673824542355322,6.99695351109246
2026-09-30T18:38:14+03:00,26.96,289.1,-153.07757064063685,5.404319999999999,238.99788508292028,223.31603023018965,0.04938896194027696,6.940079999999999,6.201359999999999,-0.31512678732195276,,2.3720452718416083,24.789908,59.475154,12.010593131924805,168.2444928182699,70.75339226465039,-6.794518028040263,0.003936937278313651,7.000890448370774
2026-09-30T18:38:16+03:00,27.03,289.1,-145.35982914022463,6.62904,236.99826237791373,221.5226723314302,-1.2764926717719611,6.5124,6.4152,0.12032113697747288,,2.435070629305999,24.7898,59.475119,12.545609094244686,162.5213260602596,74.47693631765412,-6.21171474470282,0.003911169121296927,7.004801617492071
2026-09-30T18:38:18+03:00,27.03,289.1,-137.75667919883864,9.5256,234.99863967290713,217.61510016863798,-1.4456871086740932,7.056719999999999,6.6095999999999995,0.09740282517223994,,-0.38388172273765153,24.789693,59.475082,15.493839494505542,155.58659295105187,79.41204672185526,-6.425757287291889,0.003951852674368638,7.00875347016644
2026-09-30T18:38:22+03:00,27.18,289.11,-147.85792512699504,8.203679999999999,231.99634082642166,219.43710595715396,-0.1481095900413178,7.2122399999999995,6.78456,-0.09740282517223994,,-0.08021409131831525,24.78949,59.474999,14.81599602727799,162.86752472373857,69.12881610268309,-6.892205498013976,0.003776899370765454,7.012530369537205
2026-09-30T18:38:24+03:00,27.18,289.1,-147.63447158689402,6.7068,233.99596353142817,218.52610306289597,0.37127665124477344,7.095599999999999,6.72624,-0.16615776058793874,,0.4297183463481174,24.789385,59.474961,13.255958247984262,164.28559926963712,69.71036426179106,-6.830392748854596,0.003936114129624113,7.01646648366683
2026-09-30T18:38:26+03:00,27.18,289.09,-152.31553677311285,9.583919999999999,233.99596353142817,218.60631715421428,-0.36359901679002044,6.8623199999999995,6.62904,0.13750987083139757,,-0.6818197762056798,24.789282,59.474924,15.98188158263397,163.82275307262753,70.17321045880064,-6.590602334528624,0.0038515335853514993,7.020318017252181
2026-09-30T18:38:30+03:00,27.33,289.1,-143.77273604771227,7.8732,234.99863967290713,226.57616008448403,4.01270991819872,7.15392,6.72624,-0.2807493196141034,,-6.663499157371475,24.789068,59.474846,14.284153395882365,160.98933554814755,74.00930412475958,-6.76373061840679,0.003767005599992622,7.024085022852173
2026-09-30T18:38:32+03:00,27.33,289.1,-169.01152692322503,6.337439999999999,238.99788508292028,236.81491588347188,3.7268039784284404,6.72624,6.5124,-0.02864788975654116,,-7.780766857876579,24.788959,59.47481,13.003716576814567,174.66978501454383,64.32810006837644,-6.697154715932322,0.003969410395941691,7.028054433248115
2026-09-30T18:38:34+03:00,27.33,289.11,167.732098572321,8.8452,254.9948667229729,242.63616708200104,-1.473418265958425,6.72624,6.337439999999999,-0.16615776058793874,,-5.4087215860349716,24.78884,59.474792,15.483945945242196,173.028197970351,68.02306469332387,-6.676506242787331,0.003790721629746029,7.03184515487786
2026-09-30T18:38:35+03:00,27.33,289.11,162.50672348072789,8.98128,260.9994644159439,238.65983998379312,-2.034916905186632,6.95952,6.24024,-0.3323155211758775,,-1.604281826366305,24.788719,59.474781,15.758414712539867,170.135475382174,71.1349397981179,-6.856627598219971,0.0037528052538410455,7.035597960131701
2026-09-30T18:38:37+03:00,27.33,289.11,-171.54972995565456,8.49528,252.99524401796634,236.092989061607,-1.291676053342928,6.84288,6.337439999999999,-0.544309905374282,,1.6787663397333121,24.788605,59.474769,15.296959205577858,175.31886841324243,77.67637560472392,-6.820054317626427,0.0035543500275882073,7.03915231015929
2026-09-30T18:38:39+03:00,27.18,289.1,-166.42175768923371,7.776,249.9986747494321,232.3114676137436,-0.8050057021588066,7.056719999999999,6.337439999999999,-0.5328507494716656,,2.217346667156286,24.78849,59.474749,14.728957988878951,172.8801095608517,77.11856518858039,-7.002305416048679,0.0037110337006551622,7.042863343859945
2026-09-30T18:38:41+03:00,27.03,289.1,-166.9717971725593,6.57072,245.99942933941892,229.02268986969267,-1.449583221680983,6.804,6.6679200000000005,-0.4297183463481174,,0.716197243913529,24.788377,59.474723,13.28839868610889,173.60000856962145,72.39942076979747,-6.761597035406254,0.0037873388024256666,7.046650682662371
2026-09-30T18:38:43+03:00,26.88,289.09,-170.8850989133028,7.1150400000000005,242.99713049293345,225.8370445287653,-1.838908043472377,6.8623199999999995,6.318,-0.590146528984748,,0.29220847551671986,24.78827,59.474694,13.933180316395003,175.35997353890895,67.6371569540245,-6.839829492685855,0.003702668789011271,7.050353351451382
2026-09-30T18:38:45+03:00,26.77,289.11,-156.64136812635059,7.15392,238.99788508292028,222.76026116891276,-1.1043188543351485,6.68736,6.88176,-0.7563042895726866,,0.6531718864491385,24.78816,59.474656,13.55503854788156,167.9214607708545,71.07642431206577,-6.53931310529033,0.004061423125856769,7.054414774577239
2026-09-30T18:38:47+03:00,26.73,289.11,-155.31210604164704,6.27912,236.99826237791373,219.48294258076447,-0.40410713290576966,6.9984,6.1236,-0.888084582452776,,2.2975607584746007,24.788057,59.474623,12.971480246396844,168.33526883324927,68.66299354466446,-6.8538652100886726,0.003717911485616894,7.058132686062856
2026-09-30T18:38:49+03:00,26.62,289.1,-142.6841162369637,9.992159999999998,232.9990169679006,218.44015939362635,-1.291676053342928,6.59016,6.35688,-0.888084582452776,,1.701684651538545,24.787954,59.474585,15.748494927409155,157.3792565150734,75.6197604528272,-6.083185749552547,0.0038865768270103795,7.062019262889867
2026-09-30T18:38:52+03:00,26.58,289.1,-148.24180684973268,7.698239999999999,230.99939426289401,216.4462662665711,-1.0587687096222482,6.78456,6.84288,-1.208940947726037,,1.8277353664673262,24.787861,59.474545,13.932396642928214,163.09278407027523,67.90661019261879,-6.491310725197007,0.0037205169989083255,7.065739779888775
2026-09-30T18:38:54+03:00,26.58,289.1,-133.19020557164598,8.33976,229.99671812141503,212.66474481870765,-1.5760350070663556,6.648479999999999,6.88176,-1.1688339020668794,,2.148591731740587,24.787767,59.474509,13.771414488214834,153.79889116801155,76.19782695340348,-5.965347517483358,0.0035941940565452045,7.06933397394532
2026-09-30T18:38:56+03:00,26.43,289.1,-120.05228332929619,8.125919999999999,225.9974727114019,212.7793363777338,-1.080311922719167,6.492959999999999,6.8623199999999995,-1.1688339020668794,,3.1398087173169116,24.787682,59.47447,12.689907306115536,146.34005134645133,79.65742136495058,-5.404361822521087,0.003497080931073845,7.072831054876394
2026-09-30T18:38:58+03:00,26.43,289.09,-113.92163492139639,8.28144,225.9974727114019,211.47872218278684,2.307301040991825,6.84288,6.43464,-1.2547775713365028,,3.477853816444097,24.787594,59.474426,12.702922299443431,143.42093324774567,82.57653946365625,-5.495073884401151,0.003769975165283154,7.076601030041677
2026-09-30T18:39:00+03:00,26.43,289.1,-128.4117375602549,8.70912,220.99555115990984,219.89547219325866,5.200909793741022,6.62904,6.804,-1.2547775713365028,,0.32658594322456924,24.787506,59.474381,13.839546905783479,150.45597664171257,70.53957451819727,-5.767112890013512,0.003812385500777914,7.080413415542455
2026-09-30T18:39:02+03:00,26.43,289.09,-155.86787510292396,7.32888,231.99634082642166,229.37219412472248,3.8252954234114287,6.940079999999999,7.4844,-1.1745634800181877,,0.017188733853924696,24.787399,59.474338,13.95395579734099,167.60021767361627,64.39612315280539,-6.778189407128291,0.004165551309079484,7.084578966851534
2026-09-30T18:39:04+03:00,26.43,289.09,-165.79150411458983,7.3094399999999995,242.99713049293345,231.57235205802482,-1.7699239249386258,6.901199999999999,6.55128,-1.1459155902616465,,2.423611473403382,24.787287,59.474311,14.101632051547595,172.6906113605389,70.30651913239456,-6.8451181444082385,0.0037849689814688815,7.088363935833003
2026-09-30T18:39:06+03:00,26.43,289.1,-161.9756051990185,6.62904,245.99942933941892,233.07923105921887,1.5801603031912974,6.201359999999999,5.65704,-1.1000789666511805,,3.466394660541481,24.787176,59.474293,12.672186002104796,170.68489662911048,75.31453271030844,-6.119583179026088,0.0035573739347802675,7.091921309767783
