time,dpt,mtw,awa,aws,cog,hdg,rot,sog,stw,pitch,yaw,roll,lng,lat,tws,twa,twd,vmg,dist,cum_dist
2026-10-07T17:21:15+03:00,9.78,287.5,-137.13215520214604,15.610319999999998,39.998183678082775,38.313687760398146,-4.730797922836182,6.78456,6.88176,-0.4068000345428845,,1.1516451682129547,24.814947,59.480095,21.09405690796047,149.7713341114086,250.22684956667416,-5.862016059939283,0.003942064329082249,0.003942064329082249
2026-10-07T17:21:17+03:00,9.48,287.5,-121.925855319374,12.84984,46.99972793458143,28.13222774092342,-4.309444760296974,7.01784,7.950959999999999,-0.9912169855763242,,11.109651647586663,24.815037,59.480138,17.599565469625585,141.70728670814793,265.2924412264335,-5.507988117497588,0.0037719591763868718,0.00771402350546912
2026-10-07T17:21:23+03:00,9.33,287.51,-90.14388642346722,13.122,20.99890319154467,9.992383947081557,-4.734923218961123,7.15392,7.348319999999999,-0.7849521793292279,,8.353724653007404,24.815229,59.480324,14.961181222623699,118.70944133107592,262.28946186046875,-3.4365144507137786,0.0039043228207120894,0.011618346326181209
2026-10-07T17:21:25+03:00,9.18,287.5,-87.47963267610889,17.6904,11.997736230039438,3.9075721627922144,-2.6370382520896145,6.92064,6.940079999999999,-0.5500394833255903,,5.735307529259541,24.815264,59.480387,18.710371617701295,109.1659428668401,262.8317933631993,-2.2720823952434124,0.003934609760074007,0.015552956086255215
2026-10-07T17:21:27+03:00,9.18,287.51,-78.4383586689445,17.45712,6.995814678547352,0.4640958140559668,-1.6494881964021268,6.74568,6.82344,-0.46982539200727513,,4.090918657234078,24.815282,59.480448,17.408382301598266,100.74935086188071,266.2464638166666,-1.2581563745465894,0.0037075098790644353,0.019260465965319648
2026-10-07T17:21:29+03:00,9.18,287.51,-75.48189644606946,17.554319999999997,8.995437383553925,355.096323110279,-3.4224487976549463,6.84288,7.23168,-0.40107045659157625,,4.847222946806764,24.815298,59.480509,17.168381481656827,98.1782583419506,270.8171790416033,-0.9734225316291018,0.0036989551584832425,0.022959421123802892
2026-10-07T17:21:31+03:00,9.18,287.5,-72.06133840913844,17.37936,3.9992454100131463,356.0015964265857,-0.8496391143994978,6.9984,7.095599999999999,-0.5213915935690492,,8.869386668625143,24.815304,59.480574,16.61617922438927,95.68359432852995,268.3156510814832,-0.6930853433988604,0.003911291882617424,0.026870713006420317
2026-10-07T17:21:33+03:00,9.11,287.51,-71.65453837459556,22.21992,0.0,357.7605768576374,1.4459162917921455,6.492959999999999,6.72624,-0.29220847551671986,,4.5263665815335035,24.815304,59.480635,21.09655739206585,88.64012778525912,271.3598722147409,0.15409105209072682,0.003666570701042611,0.030537283707462927
2026-10-07T17:21:35+03:00,9.03,287.51,-73.16714695374094,19.88712,3.9992454100131463,354.3973146002194,-1.5732275138702145,5.9292,6.4152,-0.49847328176381617,,4.9904623955894705,24.815306,59.480691,19.035790287422813,90.51251551216349,273.48672989784967,-0.053036479753478236,0.0033665856882541417,0.033903869395717066
2026-10-07T17:21:37+03:00,8.92,287.52,-68.6923465737692,16.7184,4.996191973540778,352.4893651424337,-0.28796858783275175,6.57072,6.648479999999999,-0.6245239966925973,,11.60239535139917,24.815308,59.480751,15.583459941902028,91.82270294418441,273.17348902935635,-0.208993591395922,0.0036069796524269867,0.03751084904814405
2026-10-07T17:21:39+03:00,9.03,287.51,-73.71145685911522,22.08384,356.9985429901134,352.048187640183,1.6845532134641334,6.454079999999999,5.98752,-0.1546986046853223,,6.377020259806062,24.815306,59.480812,21.199021409817764,90.70305800856079,266.2954849815526,-0.07919394414019884,0.003667078899235628,0.04117792794737968
2026-10-07T17:21:41+03:00,9.11,287.51,-67.31151828750392,20.78136,356.9985429901134,350.0256466233712,-2.5643872036670254,5.96808,5.57928,-0.813600069085769,,6.5374484424426935,24.815302,59.480869,19.282247104351264,83.90386080218993,273.09468218792347,0.6337926030525161,0.003428314729687612,0.04460624267706729
2026-10-07T17:21:43+03:00,9.22,287.51,-57.15297657983443,18.83736,3.9992454100131463,345.69408569218217,-4.87186013199739,6.337439999999999,6.57072,-1.2318592595312698,,13.115003930544542,24.815313,59.480925,16.29434453654112,76.2247722502304,287.77447315978276,1.5090303887403749,0.0033827372708268057,0.0479889799478941
2026-10-07T17:21:45+03:00,9.11,287.51,-69.52886495466021,22.51152,348.9943225921357,350.66735935391773,-1.2564391489423823,6.68736,6.14304,-0.5385803274229739,,12.083679899309063,24.8153,59.480985,21.123189178428834,86.78210112871959,262.2122214634161,0.3753843167134534,0.003628227795933761,0.05161720774382786
2026-10-07T17:21:47+03:00,9.07,287.52,-73.16141737578963,22.394879999999997,352.9992975801002,347.6822492412862,-0.1131591645383376,6.492959999999999,6.92064,-0.6818197762056798,,12.51339824565718,24.815289,59.481047,21.434692398760205,90.01521529508203,262.98408228501813,-0.0017242509314680543,0.0037417737036159458,0.055358981447443806
2026-10-07T17:21:49+03:00,9.03,287.52,-71.02428479995164,20.5092,355.9958668486344,347.05199566664226,1.7860813347613151,6.88176,7.251119999999999,-0.7505747116213785,,14.782311114375238,24.815281,59.481111,19.39582573993954,90.62873997931186,265.36712686932253,-0.07551604739541971,0.0038546364697859795,0.05921361791722979
2026-10-07T17:21:51+03:00,9.18,287.51,-61.76528683063755,22.103279999999998,356.9985429901134,349.240694444042,-1.7615587411297162,6.6679200000000005,6.2208000000000006,-0.9281916281119336,,16.59858732493995,24.815267,59.481175,19.838522466345456,78.98989831465572,278.0086446754577,1.2734531029218914,0.003870556619258791,0.06308417453648858
2026-10-07T17:21:53+03:00,8.88,287.51,-65.32335473839997,22.31712,350.99967487509366,348.8052465197425,-4.045998766095821,6.72624,7.93152,-1.3922874421679003,,14.822418160034395,24.815253,59.481239,20.443948512871366,82.71869868080847,268.2809761942852,0.8524896679797253,0.003870556529096651,0.06695473106558524
2026-10-07T17:21:55+03:00,9.0,287.51,-56.5055342713366,19.45944,358.9981656951199,343.236096751071,-8.5599894592545,6.940079999999999,8.748,-3.0080284244368216,,18.781556524388385,24.815247,59.481307,16.666673763133176,76.8251123011181,282.1730533940018,1.5818117378982088,0.004091425770436915,0.07104615683602215
2026-10-07T17:21:57+03:00,9.3,287.52,-54.31110591598555,22.29768,357.99548955364094,344.51379263421273,-2.737363162017021,5.851439999999999,8.04816,-2.4809072529164644,,17.750232493152904,24.815234,59.481375,19.472893743450605,68.43729026903057,289.5581992846104,2.1505173722126285,0.004106541295454456,0.07515269813147661
2026-10-07T17:22:01+03:00,8.92,287.51,-62.50440238635632,20.7036,348.9943225921357,339.79834998028605,1.6074903900190378,7.387199999999999,7.387199999999999,-0.836518380891002,,11.785741845841033,24.815178,59.481508,18.49295676188142,83.2573830997823,265.7369394923534,0.8673269433395018,0.003916024751267557,0.07906872288274416
2026-10-07T17:22:03+03:00,9.03,287.51,-66.49218864046684,21.71448,344.9950771821226,342.0787220049067,0.5128545224215999,6.92064,7.07616,-2.9450030669724314,,13.475967341476961,24.81514,59.481572,19.9882420268378,85.00398980834275,259.99108737377986,0.6026934310932677,0.004017954439639562,0.08308667732238373
2026-10-07T17:22:05+03:00,8.96,287.51,-78.84515870348739,20.470319999999997,348.9943225921357,334.9339382996253,-3.1409546329071727,7.4844,7.44552,-1.6443888720254627,,15.085978745794575,24.815118,59.481633,20.39045446323022,99.95270585840272,249.04161673373295,-1.2935679234073398,0.0037275566734090233,0.08681423399579276
2026-10-07T17:22:07+03:00,9.0,287.51,-53.875657991686126,21.81168,335.9996397985687,326.3281122167604,-6.942415012041159,6.82344,6.78456,-1.478231111437524,,14.799499848229162,24.815091,59.481691,18.623253045569676,71.09020317715976,264.90943662140893,2.2113348507894983,0.003582334675600701,0.09039656867139347
2026-10-07T17:22:09+03:00,8.96,287.51,-45.25837275291853,21.69504,328.99809554207,318.07751996687654,-4.406618402351162,6.0264,6.804,-1.432394487827058,,12.519127823608487,24.815044,59.481738,17.97023700298809,59.03860358854527,269.9594919535248,3.1003443549328082,0.0031684489950457567,0.09356501766643922
2026-10-07T17:22:11+03:00,9.11,287.51,-41.45393299324988,22.18104,319.99692858056477,314.4449675457471,0.6739702544123873,5.52096,6.57072,-0.716197243913529,,7.402614713090236,24.814981,59.481784,18.40961498911999,52.905299696503334,267.09162888406144,3.3298798531318226,0.003367910253490161,0.09693292791992938
2026-10-07T17:22:13+03:00,9.18,287.52,-41.71749357901004,20.5092,323.9961739905779,308.69820086058496,-2.0751385424048157,6.37632,5.94864,-0.26356058576017866,,2.5611213442347798,24.81492,59.481827,16.311263318423585,56.795728199758614,267.2004457908193,3.4918361205653823,0.0031854511484551086,0.1001183790683845
2026-10-07T17:22:15+03:00,9.45,287.52,-38.606332751449685,21.03408,323.9961739905779,303.46136661308924,-7.871007710609684,5.443199999999999,4.87944,-0.8537071147449266,,6.680687891225399,24.814854,59.481865,17.120746304020077,50.048430910770946,273.94774307980697,3.495295680296371,0.0030455649251311585,0.10316394399351565
2026-10-07T17:22:17+03:00,9.33,287.53,-15.212465976258166,23.07528,306.99651620904643,286.02053132930695,-9.51992294921668,5.09328,3.7713599999999996,-1.8449241003212509,,8.153189424711615,24.814789,59.481898,18.209582132982554,19.42141119153129,287.57510501751517,4.803464549175499,0.0028054972730596566,0.10596944126657531
2026-10-07T17:22:19+03:00,9.6,287.53,-0.8025774287179614,23.44464,287.9972357225083,261.8875489983967,-9.016063864178633,4.101839999999999,3.51864,-1.3407212406061262,,5.420180741937589,24.814715,59.48192,19.343287740690943,0.9727626334670276,287.0244730890413,4.101248837628261,0.0026173468541033883,0.1085867881206787
2026-10-07T17:22:21+03:00,9.48,287.54,16.287894163341797,22.394879999999997,272.99720064598336,236.33363133556196,-8.180233032641791,3.34368,3.4992,-0.418259190445501,,-0.4068000345428845,24.814655,59.481929,19.208305717239686,19.08628223668717,292.0834828826705,3.159868640473241,0.0019096252511327234,0.11049641337181143
2026-10-07T17:22:23+03:00,9.56,287.55,20.252762105647097,20.5092,247.99905204442555,219.0188467667085,-9.5033644689374,2.7215999999999996,3.07152,0.08594366926962349,,-3.9075721627922144,24.814596,59.481926,17.98056252376126,23.256225339694538,271.25527738412006,2.5004654134230684,0.001809880521468306,0.11230629389327974
2026-10-07T17:22:25+03:00,9.63,287.55,39.71040882828984,20.5092,239.99483164644792,198.40382529790145,-12.348787471116093,2.5272,3.47976,0.813600069085769,,-9.385048684242886,24.814559,59.481915,18.635149285080033,44.68104890658773,284.67588055303565,1.7969202955728691,0.0013086730950868865,0.11361496698836664
2026-10-07T17:22:27+03:00,9.78,287.54,50.923192879000055,16.69896,195.99740255835198,181.69637599188664,-7.110921899589134,3.34368,3.61584,1.1860226359208041,,-20.483241175926928,24.814537,59.48189,14.82031529345614,61.010289718329815,257.0076922766818,1.620523004762221,0.001645908872185667,0.11526087586055231
2026-10-07T17:22:29+03:00,9.75,287.54,46.29369389434301,22.103279999999998,187.99891173832572,185.85604958453644,2.756958318610495,4.14072,4.41288,1.208940947726037,,-18.002333923010465,24.814522,59.481856,19.47362422683386,55.13567865502691,243.13459039335262,2.366980666727636,0.002094321551800906,0.11735519741235322
2026-10-07T17:22:31+03:00,9.93,287.55,61.78647267468047,21.01464,194.99472641687308,175.6688599871104,-7.588940588066779,5.28768,4.276800000000001,0.6245239966925973,,-12.645178538537268,24.814501,59.481811,19.09214419846906,75.91224181924161,270.9069682361147,1.2870624677139475,0.0027797604803340625,0.12013495789268727
2026-10-07T17:22:33+03:00,9.86,287.56,82.52754485841628,20.8008,187.99891173832572,163.430481483116,-7.65082002994091,5.346,6.318,0.38961130068895977,,-8.78344299935552,24.814479,59.48176,20.792539491939138,97.29685964425474,285.2957713825805,-0.6789967597463339,0.0031381816040480306,0.1232731394967353
2026-10-07T17:22:35+03:00,9.75,287.56,81.45038420357034,18.662399999999998,168.99963125178763,149.24404647567684,-2.4718545197533976,5.98752,5.307119999999999,0.9912169855763242,,-10.496586806796682,24.814492,59.481702,18.73262640184277,99.87632866255488,268.8759599143425,-1.0269919731499002,0.003508757106641688,0.126781896603377
2026-10-07T17:22:37+03:00,9.63,287.57,80.90607429819605,18.93456,157.9988415852758,151.0202156405824,-1.0220994107338754,6.337439999999999,6.1624799999999995,0.6818197762056798,,-12.175353146529993,24.814524,59.481651,18.993392501388186,100.14277662477093,258.1416182100468,-1.116033959406949,0.0032173431861456194,0.1299992397895226
2026-10-07T17:22:39+03:00,9.63,287.57,70.37511002369152,19.49832,162.99503355881663,157.95300496166536,3.8644284408188634,6.25968,7.13448,0.5557690612768985,,-15.160463259161583,24.814565,59.481597,18.367968897999116,89.098348321776,252.09338188059263,0.0985032069204823,0.0034787203309059756,0.1334779601204286
2026-10-07T17:22:41+03:00,9.63,287.57,83.7995111636067,20.178720000000002,167.99695511030868,153.9480299737009,-6.374556541287,6.76512,7.46496,0.544309905374282,,-15.81936472356203,24.814596,59.481533,20.578118810087087,102.87598648650092,270.8729415968096,-1.5075498909950478,0.0039615588525086474,0.13743951897293724
2026-10-07T17:22:43+03:00,9.71,287.57,71.00536359833542,22.00608,166.99427896882975,153.44955669193706,4.074130993836745,6.648479999999999,6.53184,0.3495042550298022,,-13.61920679025967,24.814627,59.481471,20.814176777158934,88.58481319157679,255.57909216040653,0.16419856087411247,0.003844930637178347,0.14128444961011558
2026-10-07T17:22:45+03:00,9.63,287.57,57.40907511988098,18.954,160.99541085381,163.71696038068143,3.692655693838643,7.251119999999999,9.350639999999999,0.32658594322456924,,-19.795691821769942,24.814669,59.481409,16.24114133442535,79.5053844998141,240.50079535362408,1.3207416282341673,0.003941021352696003,0.14522547096281158
2026-10-07T17:22:47+03:00,9.63,287.58,77.7376176911226,20.2176,176.99812207181392,159.63750087934997,-3.699817666277778,7.542719999999999,7.6788,0.6359831525952138,,-13.361375782450798,24.814683,59.481345,20.021668291503698,99.33813135122523,276.3362534230391,-1.22388593447534,0.003870556291622815,0.14909602725443438
2026-10-07T17:22:49+03:00,9.63,287.58,68.82239439888698,20.7036,168.99963125178763,158.6921205173841,2.087972797015746,6.72624,6.97896,0.5328507494716656,,-11.877415093061966,24.814694,59.481283,19.320069229963742,87.76589883039671,256.76553008218434,0.2622059282296713,0.0037417734385442707,0.15283780069297864
2026-10-07T17:22:51+03:00,9.6,287.59,74.58062023995177,18.468,168.99963125178763,161.8605771244576,1.1479782383241175,6.84288,8.08704,0.3666929888837269,,-17.03976482719068,24.814722,59.481221,17.907838314128497,96.19527734517796,265.1949085969656,-0.7384658973188799,0.0038234267722076394,0.1566612274651863
2026-10-07T17:22:53+03:00,9.52,287.59,77.83502051629483,21.17016,172.99887666180075,162.7257433951051,2.0855663742761967,7.03728,8.08704,0.6818197762056798,,-17.44083528378226,24.814734,59.481161,20.854508431161726,97.0958484702294,270.09472513203013,-0.8693122016728289,0.0036250161256910027,0.1602862435908773
2026-10-07T17:22:59+03:00,9.67,287.6,77.37665428019018,22.375439999999998,170.9992539567942,162.4564532313936,0.7713730795846273,7.46496,7.1928,0.8823550045014679,,-17.72731418134767,24.814775,59.480946,21.98589112804786,96.72598234276849,267.7252362995627,-0.8743043681620233,0.004163575879397603,0.1644498194702749
2026-10-07T17:23:01+03:00,9.75,287.6,74.16236104950626,19.187279999999998,167.99695511030868,161.06416578922574,3.8545162709631002,6.901199999999999,6.76512,0.49847328176381617,,-22.288058230589023,24.814799,59.480885,18.53382779742234,95.15339787748083,263.1503529877895,-0.6198832944077752,0.0037390394589454107,0.1681888589292203
2026-10-07T17:23:03+03:00,9.63,287.6,61.51145293301768,21.24792,173.9958232253284,174.59169933226445,8.466826521766226,7.348319999999999,7.776,0.09740282517223994,,-23.49126960036375,24.814816,59.480822,18.88181554212805,81.51328990030952,255.5091131256379,1.0844650835000194,0.0038221747242684783,0.1720110336534888
2026-10-07T17:23:07+03:00,9.78,287.61,47.078646073672246,22.56984,197.9970252633586,183.62724376147753,2.4175954165545086,7.29,7.698239999999999,0.45836623610465854,,-16.678801416258267,24.814774,59.480686,18.39696484404771,63.9472375418588,261.9442628052174,3.2017580930092464,0.00401796258891701,0.1760289962424058
2026-10-07T17:23:09+03:00,9.93,287.6,51.27842671198117,20.0232,188.99585830185336,186.07950312463745,-0.655578309188688,7.3094399999999995,7.46496,0.8766254265501595,,-19.148249513272113,24.814749,59.48062,16.46971298289021,71.53710177922906,260.5329600810824,2.3148302422401086,0.004039838507205253,0.18006883474961105
2026-10-07T17:23:11+03:00,9.82,287.6,47.880786986855384,22.414319999999996,201.99627067337175,183.54702967015922,-3.9578205614251876,7.1150400000000005,7.6593599999999995,0.6474423084978302,,-16.32929716122846,24.814707,59.480559,18.414900090553136,64.53490139162776,266.5311720649995,3.0591912245439072,0.0038842426228152347,0.18395307737242628
2026-10-07T17:23:13+03:00,9.9,287.59,47.45106864050727,19.187279999999998,194.99472641687308,184.40073678490415,0.8239133093981238,7.270560000000001,7.9120800000000004,0.34377467707849396,,-13.349916626548183,24.814677,59.480495,15.242848021255446,68.02357831340989,263.018304730283,2.720825372333441,0.003954385774150458,0.18790746314657675
2026-10-07T17:23:19+03:00,10.01,287.6,56.95070888377633,20.15928,185.99928903331917,174.471378195287,0.8536498189654136,6.76512,7.63992,0.5099324376664327,,-14.891173095450096,24.814599,59.480299,17.418696566685117,75.9491860221766,261.9484750554958,1.642451580768341,0.0036848221400504013,0.19159228528662714
2026-10-07T17:23:21+03:00,10.16,287.59,43.74976128396216,20.23704,182.99699018683364,177.58826860079864,1.4342279527714765,7.15392,7.73712,0.3609634109324186,,-20.924418678177666,24.814589,59.480234,15.860524769352994,61.92394972039209,244.92093990722572,3.366943155699161,0.003918907708969928,0.19551119299559708
2026-10-07T17:23:23+03:00,10.23,287.6,52.62487753053861,20.7036,189.9985344433323,179.11806591379795,-1.481840745546848,7.52328,8.47584,0.664631042351755,,-20.22541016811806,24.814573,59.480166,17.208654292275313,72.95431455549813,262.9528489988304,2.2053301542766643,0.004116400834085822,0.1996275938296829
2026-10-07T17:23:25+03:00,10.23,287.6,61.3223768606245,20.83968,191.99815714833886,176.11576706731245,0.8404717896774045,7.40664,8.3592,0.6302535746439055,,-17.400728238123104,24.814543,59.4801,18.46644039039894,81.9251335491656,273.92329069750446,1.040387993254516,0.004071430974656991,0.20369902480433988
2026-10-07T17:23:27+03:00,10.31,287.6,57.7012835953977,20.975759999999998,188.99585830185336,175.62302336349993,-2.053251554630818,6.88176,7.23168,0.6531718864491385,,-15.068790011940653,24.814522,59.480037,18.250449742493508,76.28744021658513,265.28329851843847,1.6313288690655345,0.003840659046270942,0.20753968385061083
2026-10-07T17:23:29+03:00,10.35,287.59,53.679119873579324,19.86768,181.9943140453547,170.56380603249477,-3.54723900543444,7.23168,7.776,0.664631042351755,,-13.223865911619402,24.814508,59.479972,16.637923987243973,74.17886641944368,256.1731804647984,1.9716101120846414,0.0039303040344338975,0.21146998788504473
2026-10-07T17:23:31+03:00,10.38,287.59,65.09243915258533,20.54808,180.99736748182707,162.04965319685073,-2.1396535901365463,7.698239999999999,7.60104,0.7276563998161455,,-12.330051751215315,24.814498,59.479903,18.661359081763493,87.06444913523096,268.061816617058,0.39424700381717065,0.004158650499928109,0.21562863838497284
2026-10-07T17:23:33+03:00,10.35,287.59,62.101599462002426,19.22616,172.99887666180075,163.0122222926705,4.176575847606136,6.84288,7.73712,0.4640958140559668,,-15.33235059770083,24.814512,59.479838,17.127547287394812,82.77812216943425,255.776998831235,0.8602324978235889,0.0039303042180076995,0.21955894260298053
2026-10-07T17:23:35+03:00,10.08,287.59,57.036652553045954,18.545759999999998,179.99469134034814,160.76622773575767,-2.9291321360473077,7.32888,7.542719999999999,0.13178029288008933,,-16.89079580045667,24.81452,59.479771,15.803457712152937,79.93493760419247,259.9296289445406,1.2808417309922555,0.004034614142635825,0.22359355674561635
2026-10-07T17:23:41+03:00,10.23,287.6,74.70667095488054,19.26504,170.9992539567942,154.70433426327358,1.6448472382615673,7.095599999999999,7.85376,0.5099324376664327,,-21.74947790316605,24.814606,59.479565,18.69167438033486,96.18627902912895,267.18553298592315,-0.7646309184836785,0.003984438986859027,0.22757799573247536
2026-10-07T17:23:43+03:00,10.27,287.59,71.92782564849605,19.65384,167.99695511030868,157.4316133680963,2.853845481767117,7.348319999999999,8.00928,0.5099324376664327,,-22.19638498336809,24.814638,59.479498,18.726107954317932,93.83175704794093,261.8287121582496,-0.49106571526862575,0.004143988959639688,0.23172198469211505
2026-10-07T17:23:45+03:00,10.23,287.59,72.61537500265304,20.489759999999997,176.99812207181392,159.20205295505053,-1.4681470542432216,7.60104,8.748,0.3036676314193363,,-21.68645254570166,24.81466,59.47943,19.60965394207547,94.32550950257975,271.3236315743937,-0.5732908907615469,0.0041421272894161245,0.23586411198153118
2026-10-07T17:23:51+03:00,9.78,287.59,58.016410382719656,19.09008,172.99887666180075,160.6917432223907,0.9770649280365928,7.15392,8.1648,0.3609634109324186,,-17.65855924593197,24.814725,59.479225,16.460105946790748,79.64855307273311,252.64742973453386,1.2854563450934091,0.0038143687069138233,0.239678480688445
2026-10-07T17:23:53+03:00,10.12,287.58,64.21581372603517,20.820240000000002,165.99733240530213,163.93468434283116,1.7855083769661844,7.83432,7.98984,0.5099324376664327,,-25.427866947905937,24.81475,59.479158,18.787145453605486,86.27022043572407,252.2675528410262,0.509630096481629,0.004098885977962094,0.2437773666664071
2026-10-07T17:23:59+03:00,10.08,287.56,70.09436070407742,23.405759999999997,183.99966632831257,166.72498880511827,-0.7755556714890823,7.36776,7.698239999999999,1.1516451682129547,,-23.388137197240205,24.81478,59.47895,22.015585603769285,88.43505113587234,272.4347174641849,0.20121436791555855,0.004028258094051694,0.24780562476045878
2026-10-07T17:24:01+03:00,9.97,287.57,60.61190919466229,22.00608,182.99699018683364,169.2402735257426,2.5949831499270113,7.270560000000001,7.892639999999999,0.3323155211758775,,-20.918689100226352,24.814774,59.478884,19.49617295536575,79.57343763307689,262.57042781991055,1.3157903980623218,0.00397133507040461,0.2517769598308634
2026-10-07T17:24:03+03:00,10.46,287.57,75.73799498611602,20.25648,175.99544593033497,167.00573812473235,-4.409884261783406,7.503839999999999,6.29856,0.7964113352318443,,-21.646345500042504,24.814783,59.478816,19.79241214732072,97.29594933377253,273.2913952641075,-0.9529462877953279,0.004096547636617181,0.25587350746748055
2026-10-07T17:24:05+03:00,10.27,287.56,75.08482309966688,22.1616,176.99812207181392,167.61307338757103,0.06875493541569878,6.6095999999999995,7.503839999999999,0.5786873730821314,,-19.02792837629464,24.814782,59.478752,21.434063281967482,92.42110354791134,269.41922561972524,-0.2792136567371346,0.003847014964951504,0.25972052243243204
2026-10-07T17:24:07+03:00,9.93,287.56,62.422455827275684,18.390240000000002,180.99736748182707,168.98817209588498,-0.2910052641469451,6.804,7.93152,0.5786873730821314,,-18.82739314799885,24.814779,59.478688,16.3902534383584,84.01234034719278,265.0097078290198,0.7097542320343458,0.0038479837496706083,0.26356850618210265
2026-10-07T17:24:11+03:00,10.27,287.56,62.4339149831783,19.61496,180.99736748182707,165.61345068256443,-0.05494665255304595,7.62048,7.40664,0.8938141604040842,,-15.20629988277205,24.814783,59.478553,17.44913997341511,85.21101950510513,266.20838698693217,0.6362048385534705,0.0038546376128732887,0.26742314379497595
2026-10-07T17:24:13+03:00,10.23,287.56,64.21008414808385,18.0792,178.99774477682047,166.23797467925706,-0.03294507322002233,7.01784,7.15392,0.7620338675239948,,-15.217759038674664,24.814792,59.478488,16.300496551355938,87.01822144002156,266.015966216842,0.3650565648763387,0.003916649322411784,0.2713397931173877
2026-10-07T17:24:15+03:00,10.08,287.55,63.83193200329751,18.35136,175.99544593033497,167.33805364590822,0.6438899701680192,7.07616,7.83432,0.693278932108296,,-18.432052269358582,24.814793,59.478428,16.501786341461514,86.4670054861231,262.46245141645807,0.43605645919057423,0.0036065921756507314,0.27494638529303844
2026-10-07T17:24:19+03:00,10.46,287.54,66.24408432079828,20.9952,173.9958232253284,168.08862835752961,2.190360355005624,6.88176,7.4844,0.7849521793292279,,-15.126085791453734,24.814802,59.478294,19.28079066265255,85.31153255684798,259.3073557821764,0.5625006293799527,0.0038499206574307927,0.2787963059504692
2026-10-07T17:24:21+03:00,10.23,287.55,61.26508108111142,18.040319999999998,175.99544593033497,168.4438621905107,0.3421703952521276,6.8623199999999995,7.6788,0.5844169510334397,,-20.975984879739435,24.814816,59.478228,15.922009796062534,83.4699916451648,259.4654375754998,0.7804075707902873,0.003990063090868764,0.28278636904133797
2026-10-07T17:24:23+03:00,10.38,287.54,66.10084487201557,21.967200000000002,180.99736748182707,168.98817209588498,4.120082209006236,6.804,6.84288,0.7620338675239948,,-24.37935418281653,24.814824,59.478168,20.192758257087714,84.04333037159952,265.0406978534266,0.7060940721361537,0.0036147220440486193,0.2864010910853866
2026-10-07T17:24:25+03:00,10.23,287.54,76.98704297950121,23.36688,184.9966128918402,172.49467380208566,-3.7447375574160344,7.2122399999999995,7.5816,0.4239887683968092,,-22.729235732839758,24.814818,59.478105,22.850214903571455,94.89721150444876,279.89382439628895,-0.6156976234433853,0.0037912131240348196,0.2901923042094214
2026-10-07T17:24:29+03:00,10.35,287.54,63.791824957638354,21.733919999999998,190.9954810068599,167.5156705623988,-2.9262673470716534,6.97896,6.92064,-0.08594366926962349,,-20.076441141384045,24.814808,59.477965,19.674729235415985,82.34897477442787,273.34445578128776,0.9291722635768824,0.003933743291569634,0.29412604750099103
2026-10-07T17:24:31+03:00,10.35,287.53,73.35449055837181,18.817919999999997,177.99506863534154,164.71963652216036,1.5510540471986518,6.76512,8.767439999999999,0.14896902673401402,,-26.241467016991702,24.814805,59.477906,18.081697515152847,94.3603597482824,272.3554283836239,-0.5143466342664208,0.0035475375576426472,0.29767358505863367
2026-10-07T17:24:39+03:00,10.08,287.52,80.15549958657466,20.7036,178.99774477682047,160.80060520346555,-0.3065324203949904,6.97896,7.503839999999999,0.6130648407899808,,-14.301026566465348,24.814817,59.47762,20.686632833522992,99.56989530556146,278.5676400823819,-1.160256676301637,0.004090173716206526,0.3017637587748402
2026-10-07T17:24:41+03:00,10.08,287.52,79.1356347112418,21.733919999999998,174.99849936680735,160.74330942395244,-1.2950565043342,7.698239999999999,8.33976,1.306343772898277,,-17.870553630130377,24.814825,59.477552,21.64611575531812,99.57807715627135,274.5765765230787,-1.280921446846817,0.004094614229439529,0.3058583730042797
2026-10-07T17:24:45+03:00,10.08,287.52,76.84380353071852,19.10952,170.9992539567942,162.31321378261092,1.5717378236028743,7.32888,7.52328,0.49847328176381617,,-16.948091579969752,24.814866,59.477402,18.84497365284971,99.09675053244966,270.09600448924385,-1.1587110760963013,0.004112895007838451,0.30997126801211816
2026-10-07T17:24:47+03:00,9.97,287.51,69.48702544123873,18.156959999999998,180.99736748182707,164.30137733171486,1.1451707451279765,6.62904,6.97896,0.5099324376664327,,-15.108897057599808,24.814884,59.47734,17.007766985335607,90.89778007701642,271.8951475588435,-0.10386762443647579,0.0037669716333883045,0.31373823964550646
2026-10-07T17:24:49+03:00,9.97,287.52,66.536292796315,17.6904,172.99887666180075,164.31283648761746,-1.311156618377376,7.13448,8.32032,0.5672282171795151,,-13.401482828109954,24.814898,59.477278,16.227878132311467,90.32033190436013,263.3192085661609,-0.03988757424099307,0.003751105133995968,0.3174893447795024
2026-10-07T17:24:51+03:00,10.16,287.51,68.98282258152362,19.77048,176.99812207181392,161.1214615687388,-0.007047380880109126,7.60104,7.44552,0.492743703812508,,-10.490857228845375,24.814909,59.477211,18.462264699301727,91.5841780369673,268.5823001087812,-0.21013531125940868,0.004041192939090792,0.3215305377185932
2026-10-07T17:24:53+03:00,9.78,287.51,56.55536800513606,18.798479999999998,175.99544593033497,166.8281212082418,2.950904532262279,6.9984,7.46496,0.2119943841984046,,-12.63944896058596,24.814917,59.477145,16.042059771628953,77.90252161345573,253.89796754379068,1.466693389246286,0.0039746194604692526,0.3255051571790624
2026-10-07T17:24:55+03:00,10.2,287.51,65.96333500118418,17.63208,175.99544593033497,164.23835197425046,-2.46056725118932,7.1928,6.7068,0.5844169510334397,,-13.02906026127492,24.81493,59.477077,16.10311767690939,90.03871419015887,266.0341601204938,-0.004860103277277053,0.004106546097795273,0.3296117032768577
2026-10-07T17:24:57+03:00,10.08,287.5,68.2723549155614,20.003759999999996,177.99506863534154,163.16119131940454,0.5007651129443395,6.940079999999999,7.4844,0.5500394833255903,,-12.582153181072878,24.814926,59.477012,18.58839644787511,88.56590722856095,266.5609758639025,0.17368957150045178,0.003908909349678227,0.33352061262653593
2026-10-07T17:24:59+03:00,9.86,287.51,72.35181441689285,19.09008,172.99887666180075,158.10197398839935,-4.432859869368154,7.44552,8.61192,0.7219268218648373,,-18.930525551122404,24.814944,59.476947,18.267020486114472,95.2074526181293,268.20632927993006,-0.6757711560813279,0.003945454536596448,0.3374660671631324
2026-10-07T17:25:03+03:00,10.08,287.5,73.14249617417339,19.0512,160.99541085381,160.92665591839432,0.512281564626469,7.13448,7.6593599999999995,0.22345354010102106,,-25.5424585069321,24.814998,59.476813,18.30347629419773,95.04563637369318,256.0410472275032,-0.6274717303275252,0.004042523776612736,0.3415085909397451
2026-10-07T17:25:09+03:00,9.37,287.5,77.6745923336582,17.496,158.99578814880346,153.16880737232296,6.495164157162039,7.3094399999999995,9.95328,-0.26356058576017866,,-22.832368135963307,24.815083,59.476608,17.46252916172613,101.81227493749151,260.80806308629496,-1.4962844543811198,0.004159878292352015,0.34566846923209715
2026-10-07T17:25:13+03:00,10.08,287.5,60.09624717904454,24.47496,180.99736748182707,182.63602677590123,10.363947077223896,6.648479999999999,7.36776,0.11459155902616464,,-25.99509516508545,24.815161,59.476474,21.931218536968057,75.3319868193033,256.32935430113037,1.6835141661298039,0.003978838171133939,0.3496473074032311
2026-10-07T17:25:15+03:00,9.93,287.5,24.211900470001087,23.891759999999998,190.9954810068599,214.2117308655609,19.944775440062983,6.55128,5.890319999999999,-0.26356058576017866,,-26.3789768878231,24.815146,59.476414,18.117094348231767,32.74031137498599,223.7357923818459,5.5104812835496455,0.0036354187640131454,0.3532827261672442
2026-10-07T17:25:17+03:00,10.05,287.51,10.982304980430376,27.54648,219.99860459638222,247.08231957221625,10.273075970916148,5.22936,4.16016,-0.20626480624709637,,-15.830823879464644,24.815093,59.476372,22.43501964628259,13.527351954051312,233.52595655043353,5.084289014418468,0.002998524128544725,0.35628125029578894
2026-10-07T17:25:19+03:00,10.23,287.5,-12.31902911084751,25.0776,261.99641097947153,266.3050535988553,6.310327972452835,4.84056,4.14072,-0.8537071147449266,,0.7104676659622208,24.815007,59.47636,20.37468616802655,15.22449661879665,246.77191436067488,4.670677197951224,0.002722715619011666,0.3590039659148006
2026-10-07T17:25:21+03:00,10.2,287.51,-35.174315558616044,22.97808,276.9964460559965,289.27493160565,10.596052280031392,3.9074399999999994,3.3242399999999996,-0.7333859777674538,,-1.598552248414997,24.814931,59.476365,19.91176499872384,41.665243161836514,235.33120289416,2.919020181682701,0.0023395375108793415,0.36134350342567995
2026-10-07T17:25:23+03:00,10.35,287.51,-48.799251926827026,17.94312,291.99648113252147,317.82541853701895,11.218742811779572,2.99376,4.41288,-1.1516451682129547,,7.16197243913529,24.814864,59.476381,16.129195117219805,56.82713919543602,235.16934193708545,1.6380861190970948,0.0022602133547547252,0.3636037167804347
2026-10-07T17:25:25+03:00,10.12,287.5,-82.17977307114879,19.38168,325.9957966955845,343.608519317906,13.293709466845849,3.86856,4.31568,-0.7849521793292279,,8.10162322314984,24.814812,59.47641,19.24087160091703,93.66934722602109,232.32644946956339,-0.24758173672655756,0.0023576572163864122,0.3659613739968211
2026-10-07T17:25:27+03:00,10.12,287.52,-103.76882279167819,20.003759999999996,351.9966214386213,3.873194695084365,5.710899527186968,4.5684000000000005,4.31568,-0.03437746770784939,,5.546231456866368,24.814797,59.476451,21.55274803949686,115.64941287118869,236.34720856743257,-1.9774929006785176,0.0025065997988980675,0.36846797379571916
2026-10-07T17:25:29+03:00,10.16,287.52,-110.12292473967904,16.83504,15.996981640052585,9.534017710976897,0.8368621555680803,5.46264,4.87944,-0.22345354010102106,,8.645933128524124,24.81482,59.476495,19.404550738075613,125.45000062109614,250.54698101895644,-3.1682891032690006,0.0027363590686845293,0.3712043328644037
2026-10-07T17:25:31+03:00,10.08,287.52,-105.06943698662516,16.66008,29.994340575098594,2.177239621497128,0.48747249209730437,5.67648,5.79312,-0.9224620501606254,,9.728823361321378,24.814878,59.476544,18.946118750629584,121.88600130719502,268.1083392679036,-2.9984921131453963,0.0034365407418539573,0.37464087360625764
2026-10-07T17:25:33+03:00,10.08,287.51,-98.69814630477042,18.00144,23.995472460078876,0.5500394833255903,-0.9009761328432194,5.48208,6.97896,-0.865166270647543,,10.720040346897703,24.814925,59.476589,19.594723276961172,114.75288231465152,269.24259014542736,-2.2953766195629193,0.0030618484531358937,0.37770272205939354
2026-10-07T17:25:35+03:00,10.05,287.51,-89.62249482989817,19.342799999999997,10.995060088560496,355.5489597684324,-4.017522763677819,6.804,7.348319999999999,-1.0313240312354817,,11.109651647586663,24.814954,59.476653,20.462259932901706,109.04352856323857,261.9515315253219,-2.220052575315682,0.003947451693797932,0.3816501737531915
2026-10-07T17:25:37+03:00,10.23,287.52,-94.06864732011336,18.52632,13.99735893504601,347.81402953416625,-0.7405479502065891,6.8623199999999995,7.15392,-1.260507149287811,,13.819742018555456,24.814985,59.476714,20.207835878871602,113.86824047509975,260.12911845994626,-2.7767331103660218,0.003786734183110236,0.38543690793630175
2026-10-07T17:25:39+03:00,9.78,287.52,-85.6690860434955,19.945439999999998,358.9981656951199,346.91448579581083,-0.22225032873124634,6.18192,5.94864,-0.9281916281119336,,11.89460382691589,24.814992,59.476773,20.4307149517652,103.22976806481374,255.76839763030614,-1.414773581579618,0.0035527878694261335,0.3889896958057279
2026-10-07T17:25:41+03:00,10.08,287.51,-82.1969618050027,19.61496,357.99548955364094,344.6054658814336,-1.758808543713088,6.72624,6.6679200000000005,-1.1917522138721122,,14.169246273585257,24.814991,59.476835,19.853560110103775,101.80937354109598,256.18611601254497,-1.3765666580294265,0.0037268034538741296,0.392716499259602
2026-10-07T17:25:43+03:00,9.82,287.51,-71.31649327546837,20.43144,353.99624414362785,342.05580369310144,3.969909970902448,7.056719999999999,6.88176,-1.2032113697747289,,11.023707978317038,24.814987,59.476896,19.36151794940824,91.51444823763305,262.4817959059948,-0.18650226725322996,0.0036686035395195517,0.39638510279912154
2026-10-07T17:25:47+03:00,10.2,287.5,-71.00709606609773,20.664720000000003,355.9958668486344,339.0821527363725,-2.897046499519981,6.648479999999999,6.59016,-1.2375888374825783,,14.581775886079452,24.814951,59.47703,19.539860925900385,89.77458314903123,266.2212836996032,0.02615682292591364,0.0038108280310649597,0.4001959308301865
2026-10-07T17:25:49+03:00,9.93,287.51,-72.55981169090227,21.71448,350.99967487509366,339.632192219698,3.0945450515015764,6.492959999999999,6.78456,-1.8678424121264836,,15.063060433989344,24.814924,59.477093,20.716278255559185,89.95827145230221,261.04140342279146,0.0047288259171994465,0.003875452748612429,0.40407138357879896
2026-10-07T17:25:51+03:00,9.97,287.51,-58.34472879370655,20.7036,351.9966214386213,339.1738259835934,-1.3395753250158648,6.8623199999999995,7.5816,-1.822005788516018,,14.123409649974791,24.814905,59.477149,18.072265536409983,77.20261070680398,274.7940107318173,1.5200317704606385,0.0034156407356938936,0.40748702431449285
2026-10-07T17:25:55+03:00,9.97,287.51,-73.52811036467335,19.984319999999997,352.9992975801002,347.029077354837,0.035580679077624126,7.348319999999999,7.52328,-1.3579099744600511,,12.622260226732035,24.814858,59.477283,19.23780259092107,95.01549590687263,257.98380167322756,-0.6424280884063828,0.003990064460944351,0.4114770887754372
2026-10-07T17:26:01+03:00,10.23,287.52,-77.99718116669378,21.53952,3.9992454100131463,349.2750719117498,1.540282440650192,7.01784,7.93152,-1.1287268564077217,,8.691769752134588,24.814853,59.477479,21.220985200683586,96.87025703705163,267.12898837296154,-0.8394843355737339,0.0033798467643477176,0.4148569355397849
2026-10-07T17:26:03+03:00,10.08,287.52,-79.49833058993653,18.040319999999998,358.9981656951199,351.40074533168513,1.209628497080194,6.9984,6.95952,-1.180293057969496,,11.350293921541608,24.814847,59.477544,18.122025654179385,101.81425490411564,257.1839107910042,-1.4328494965009333,0.003911292651970108,0.418768228191755
2026-10-07T17:26:05+03:00,10.23,287.51,-79.60146299306008,19.67328,2.9965692685342056,352.97064969034363,0.8381226627173683,6.95952,6.97896,-1.0714310768946396,,11.413319279005997,24.814845,59.477612,19.64809435514642,99.99039029202034,263.00617897651387,-1.207358423752416,0.004087780691687214,0.4228560088834422
2026-10-07T17:26:07+03:00,10.2,287.51,-73.24163146710794,18.390240000000002,1.9996227050065731,349.88240717458854,-3.0866955297082836,7.40664,7.85376,-1.455312799632291,,10.94922346495003,24.814853,59.477677,17.73445180522439,96.81379555421346,265.1858271507931,-0.8787463521890398,0.003914626852003993,0.4267706357354462
2026-10-07T17:26:09+03:00,10.01,287.51,-64.60142791653513,16.44624,354.99892028510675,349.0458887936975,-0.8859646386107919,6.6095999999999995,7.63992,-1.2261296815799616,,7.729200656314806,24.814856,59.477742,14.863289907623498,88.28664893031558,266.71227135479114,0.19762149349331798,0.0039080747674743975,0.4306787105029206
2026-10-07T17:26:11+03:00,10.72,287.5,-79.0628826656371,16.69896,3.9992454100131463,356.9756246783081,-3.638167407521701,6.25968,6.53184,-1.008405719430249,,7.081758347816976,24.814852,59.477803,16.684529618923325,100.67763577179483,263.3216096382183,-1.159812656079758,0.003668603430389592,0.4343473139333102
2026-10-07T17:26:13+03:00,10.05,287.49,-73.74010474887176,19.03176,13.99735893504601,351.0168636089475,-0.5724421331152054,6.39576,7.095599999999999,-0.6245239966925973,,3.1398087173169116,24.81487,59.477865,18.301646322431495,93.3421760539387,280.6551828811073,-0.3728657835181335,0.003766970534779082,0.4381142844680893
2026-10-07T17:26:15+03:00,10.38,287.5,-77.15493320785146,13.335840000000001,5.998868115019719,353.4633933941562,-1.6166004189616179,6.901199999999999,6.0652800000000004,-0.739115555718762,,7.270834420210147,24.814885,59.477933,13.58493069766254,106.84388451102264,259.1549836039971,-1.9997258802373787,0.0041128943083253424,0.44222717877641465
2026-10-07T17:26:17+03:00,10.38,287.5,-73.20725399940008,17.009999999999998,4.996191973540778,350.07148324698164,-6.917491347952968,6.8623199999999995,6.39576,-0.9281916281119336,,7.0932175037195915,24.814894,59.477992,16.40071913306901,96.82125275832982,268.17493921521094,-0.8150534024544671,0.003556981706643551,0.4457841604830582
2026-10-07T17:26:19+03:00,10.2,287.5,-66.64115766720086,15.86304,4.996191973540778,345.9920237456503,-0.7836916721799401,6.1236,7.6788,-1.1573747461642627,,10.347617780062668,24.814913,59.478048,14.56384516886461,89.34726406977482,275.648927903766,0.06976093728608947,0.003415638115186471,0.44919979859824466
2026-10-07T17:26:21+03:00,10.42,287.51,-70.27371008833028,18.3708,358.9981656951199,347.6077647279192,1.5081395083433529,6.55128,6.82344,-0.8250592249883855,,7.568772473678174,24.814908,59.478111,17.29627821945421,91.16159595605936,267.83656973906056,-0.13280941671019952,0.003789860991519827,0.4529896595897645
2026-10-07T17:26:23+03:00,10.5,287.51,-71.59724259508248,18.99288,353.99624414362785,353.14253702888294,-1.3638114397498984,6.6679200000000005,7.40664,-0.9682986737710912,,11.482074214421695,24.814898,59.478172,18.034123121113282,92.13538900990721,261.86085513372063,-0.2484529777048413,0.0036792565577954354,0.45666891614755994
2026-10-07T17:26:25+03:00,10.12,287.51,-72.82337227666244,19.809359999999998,356.9985429901134,348.5875225575928,3.4000461478653308,7.32888,7.75656,-1.32926208470351,,11.24716151841806,24.81489,59.47824,18.983528162531,94.4678549309315,262.5306880591819,-0.5709181074462004,0.00409461396209497,0.46076353010965493
2026-10-07T17:26:27+03:00,10.42,287.49,-81.80735050431375,18.97344,355.9958668486344,347.8484070018741,0.4762998150922533,7.36776,7.9120800000000004,-1.6329297161228462,,14.346863190075815,24.814883,59.478307,19.350300184778487,103.94735464535074,252.04851220328368,-1.775853050566644,0.004032882167692529,0.46479641227734747
2026-10-07T17:26:29+03:00,10.12,287.51,-74.13544562751201,19.78992,358.9981656951199,350.46682412562194,0.5273503546384097,7.1928,7.4844,-1.8162762105647094,,14.74793364666739,24.81488,59.478373,19.119447908852365,95.35077358533101,263.6473921097889,-0.6707496653458201,0.003968166187657577,0.468764578465005
2026-10-07T17:26:31+03:00,10.23,287.5,-89.9949173967332,20.93688,0.9969465635276323,354.07072865699485,4.228772302742554,6.97896,7.40664,-1.5412564689019144,,14.753663224618698,24.814868,59.478437,22.068821970376433,108.43037442587577,252.56657213765186,-2.206412327719469,0.003864295678241982,0.472628874143247
2026-10-07T17:26:37+03:00,9.86,287.49,-81.40628004772218,19.88712,358.9981656951199,352.3174778038945,-0.23267816060262733,7.07616,7.93152,-0.6990085100596044,,17.5382381089545,24.814902,59.478642,20.087646171300374,101.79022017270455,257.20794552241534,-1.4458644546803627,0.0038479837567681535,0.47647685790001515
2026-10-07T17:26:39+03:00,10.05,287.5,-84.92424090982544,19.78992,2.9965692685342056,352.0138101724752,1.7953632510424347,7.07616,7.23168,-0.911002894258009,,12.037843275698597,24.81491,59.478707,20.418963836365457,105.1176034813139,257.8789657872203,-1.845470502175475,0.0039146263874548694,0.48039148428747
2026-10-07T17:26:41+03:00,9.82,287.49,-90.13815684551592,18.545759999999998,358.9981656951199,357.34804724514316,4.416415980647899,7.75656,7.970399999999999,-1.32926208470351,,14.249460364903573,24.814914,59.478774,20.11972095410622,112.81412952020482,246.1840361749151,-3.0075511634370278,0.004029067674968735,0.4844205519624388
2026-10-07T17:26:43+03:00,10.05,287.49,-102.68020298092962,19.88712,2.9965692685342056,0.8193296470370772,4.145005873094428,7.75656,8.02872,-1.8850311459804083,,14.22654205309834,24.814927,59.478839,22.87756116247641,121.99617232534153,241.00039694319267,-4.109911116541703,0.003927103634042491,0.48834765559648124
2026-10-07T17:26:45+03:00,9.71,287.49,-97.56368987041138,20.27592,3.9992454100131463,359.8862502775727,3.184900495793707,7.6788,8.28144,-1.8621128341751756,,15.045871700135418,24.814941,59.478907,22.606736527120667,117.24044401168555,246.7588013983276,-3.514783609071684,0.004109606322272029,0.4924572619187533
2026-10-07T17:26:47+03:00,10.01,287.49,-94.16605014528561,20.08152,8.995437383553925,357.8236022151017,0.20231139746069365,7.7176800000000005,8.184239999999999,-1.1860226359208041,,14.346863190075815,24.814961,59.478973,22.030618854537444,114.61608624046863,254.37935114308527,-3.2146919503518085,0.004013812512795614,0.49647107443154886
2026-10-07T17:26:53+03:00,9.78,287.48,-92.36123309062351,16.912799999999997,8.995437383553925,357.1876190625065,-0.4566473627192661,7.29,8.32032,-1.277695883141736,,12.99468279356707,24.815005,59.479187,18.69080691922098,115.29707642283444,253.69836096071947,-3.1151025195131674,0.004000906593176451,0.5004719810247253
2026-10-07T17:26:55+03:00,9.63,287.48,-85.42844376954055,18.62352,7.9984908200262925,355.90419360141345,3.909462923516146,6.901199999999999,7.85376,-1.3579099744600511,,14.07184344841302,24.815023,59.479251,19.33841213368226,106.2666061406971,261.7318846793292,-1.933076190147189,0.0038859365044932384,0.5043579175292185
2026-10-07T17:26:57+03:00,9.75,287.49,-73.49946247491681,19.49832,4.996191973540778,355.42290905350353,1.5246406928431209,6.97896,7.23168,-0.911002894258009,,11.728446066327951,24.815036,59.479309,18.750771714435718,94.40742131513356,270.5887706584072,-0.5363203193017984,0.003508760363252176,0.5078666778924708
2026-10-07T17:26:59+03:00,9.67,287.48,-69.50594664285497,20.74248,0.9969465635276323,351.7731678985202,-0.5271784672998705,7.15392,7.40664,-0.7849521793292279,,9.59704306844129,24.815042,59.479378,19.429959438884076,89.68083670162794,271.3161098618997,0.03985035049071162,0.004151474570612995,0.5120181524630838
2026-10-07T17:27:01+03:00,9.63,287.48,-64.63580538424297,21.42288,2.9965692685342056,350.0542945131278,-1.0235318052217026,6.78456,7.095599999999999,-0.9167324722093171,,10.387724825721826,24.81505,59.479442,19.505054975150806,82.95470985633332,280.0418594122009,0.8321525768192252,0.0038546372342302035,0.515872789697314
2026-10-07T17:27:03+03:00,9.67,287.48,-75.12666261308836,20.93688,358.9981656951199,350.7991396467978,1.474736068887226,6.9984,7.15392,-0.7276563998161455,,8.267780983737781,24.815048,59.479508,20.300486433947434,94.58918475354803,264.4089809415719,-0.5599473676272686,0.003967579022223809,0.5198403687195378
2026-10-07T17:27:05+03:00,9.9,287.47,-68.41732683210641,19.40112,3.9992454100131463,347.2754492067433,-5.792259534095545,6.4152,6.37632,-1.180293057969496,,11.659691130912252,24.815053,59.479572,18.055280652480334,87.71021868711664,276.2890267228965,0.2563102438758772,0.003849920439947317,0.5236902891594851
2026-10-07T17:27:07+03:00,9.78,287.47,-73.13849906398438,19.69272,358.9981656951199,346.2727730652643,-1.6732086491205431,6.5124,6.201359999999999,-1.793357898759477,,17.744502915201593,24.815051,59.479628,18.863091025737617,92.43174198540243,266.56642370971747,-0.2763156842279875,0.0033665857223311164,0.5270568748818162
2026-10-07T17:27:09+03:00,9.9,287.48,-84.19085493205797,21.83112,0.9969465635276323,349.74489730375706,2.263985431679935,7.17336,7.6788,-1.7188733853924696,,18.483618470920355,24.815047,59.479696,22.278999645897425,102.8734386252762,258.12350793825146,-1.5982117597055392,0.004089148088558883,0.531146022970375
2026-10-07T17:27:11+03:00,9.86,287.48,-76.43873596393793,23.25024,355.9958668486344,348.8625422992556,-1.6559626194871055,7.03728,7.52328,-1.1573747461642627,,13.074896884885387,24.815038,59.479762,22.65755599449673,94.01251646397151,261.9833503846629,-0.4924293994898322,0.003976610534570001,0.535122633504945
2026-10-07T17:27:15+03:00,10.01,287.48,-67.49486478194578,19.10952,355.9958668486344,347.8312182680202,-8.501662355710181,6.7068,7.270560000000001,-1.4725015334862157,,14.896902673401405,24.815017,59.479897,17.664694310313585,88.02859231678208,267.96727453185235,0.23071905945226917,0.003796738586400202,0.5389193720913452
2026-10-07T17:27:17+03:00,9.75,287.48,-65.34627305020518,19.926,355.9958668486344,339.96450774087396,-2.4201737266325973,6.72624,7.46496,-1.2146705256773451,,12.295674283507466,24.815011,59.479961,18.178930283160938,84.99633570288917,270.99953114574527,0.5866589752569698,0.0038512512856135354,0.5427706233769588
2026-10-07T17:27:19+03:00,9.93,287.47,-69.12779449806862,22.453200000000002,349.9969987336147,340.5260063801021,2.8144259854621168,7.07616,7.07616,-1.1631043241155712,,13.023330683323612,24.814992,59.480022,21.00008206112965,87.47934702659924,262.5176517070155,0.31120600581876245,0.0037121574513113696,0.5464827808282702
2026-10-07T17:27:21+03:00,9.78,287.47,-68.93871842567545,24.008399999999998,347.9973760286081,341.6604628144612,1.3274859155386043,6.74568,7.698239999999999,-0.9052733163067008,,10.141352973815572,24.814964,59.480089,22.4834737090257,85.1980550142503,262.79932101435776,0.5646921423658093,0.0041169149576313945,0.5505996957859016
2026-10-07T17:27:23+03:00,9.78,287.47,-74.42765410302874,22.0644,350.99967487509366,343.00118405506737,1.6658174935633554,7.62048,7.5816,-1.0943493886998723,,12.8056067211739,24.814944,59.480154,21.32211847342396,94.56541981623208,256.4342550588616,-0.6065697528453299,0.003954411460026027,0.5545541072459277
2026-10-07T17:27:27+03:00,9.78,287.48,-52.557855062885224,22.70592,345.9977533236015,338.58367945460867,0.7366518371996994,8.04816,7.56216,-1.3006141949469687,,13.665043413870134,24.814898,59.48029,18.924412470887567,72.2921037659772,273.70564955762427,2.4479633498542515,0.003959238478199091,0.5585133457241268
2026-10-07T17:27:29+03:00,9.93,287.48,-68.6121324824509,22.9392,348.9943225921357,341.36252476099315,1.8491066922257058,7.01784,7.056719999999999,-1.2261296815799616,,13.607747634357052,24.81487,59.480353,21.401917481402247,86.38985688389754,262.60446570823814,0.4418937347573005,0.003882041953583747,0.5623953876777106
2026-10-07T17:27:35+03:00,9.63,287.48,-61.576210758244386,24.669359999999998,345.9977533236015,336.5668680157482,-3.768056939677859,7.32888,7.698239999999999,-1.793357898759477,,18.168491683598404,24.814786,59.480554,22.139855477360328,78.50132949574495,267.4964238278566,1.460977020896767,0.0037275605374517714,0.5661229482151624
2026-10-07T17:27:37+03:00,9.63,287.49,-58.52234571019709,22.453200000000002,345.9977533236015,331.22690136512887,-0.6658342537215297,7.36776,6.9984,-2.2861016025719847,,17.154356386216847,24.814758,59.480621,19.63839246802725,77.18300232210389,268.8147510014976,1.6344475292121368,0.004116912162847302,0.5702398603780097
2026-10-07T17:27:41+03:00,10.05,287.49,-62.9226615768018,22.02552,348.9943225921357,338.8357808844662,0.19297218540006125,6.1236,7.15392,-1.9079494577856415,,16.483995765913786,24.814684,59.480747,19.99583269811518,78.74630676677542,270.24801582536026,1.1950422305716886,0.003513521866379214,0.5737533822443889
2026-10-07T17:27:45+03:00,9.67,287.49,-38.738113044329765,20.625839999999997,349.9969987336147,331.3930591257169,-7.711553556224776,6.97896,6.68736,-4.348749665042948,,18.145573371793173,24.814636,59.480876,15.797779946303907,54.786063217590055,295.2109355160246,4.024285128174173,0.0035841186090306127,0.5773375008534195
2026-10-07T17:27:47+03:00,9.82,287.49,-33.21479989926863,21.71448,335.9996397985687,318.57026367068903,-4.902284190918837,7.1928,7.1150400000000005,-0.17188733853924698,,16.91944369021321,24.814597,59.480931,16.18376541464574,47.30552499108208,288.6941148074866,4.877357116510453,0.0035137295792884984,0.580851230432708
2026-10-07T17:27:49+03:00,9.82,287.49,-44.805736094765194,23.05584,320.9996047220437,317.361322722963,1.844236550967094,6.454079999999999,6.006959999999999,0.1546986046853223,,13.676502569772751,24.814529,59.480978,19.02823270148278,58.6347404973492,262.36486422469454,3.35929699103005,0.00350560690273734,0.5843568373354454
2026-10-07T17:27:51+03:00,10.08,287.5,-47.44707153031828,21.98664,327.995419400591,319.3838637397748,0.49228533757640336,5.94864,5.94864,-0.6302535746439055,,10.422102293429676,24.814469,59.481025,18.49050752965844,61.156083519641086,266.83933588094993,2.869773903323597,0.003366776363093482,0.5877236136985389
2026-10-07T17:27:53+03:00,10.05,287.5,-40.978378023291285,21.65616,326.99847283706345,322.0022808635227,-2.0922126846997138,6.39576,5.5404,-1.0255944532841736,,11.493533370324313,24.814408,59.481074,17.34244547982894,54.97380506487177,272.02466777219166,3.6708520979711525,0.003484479265988302,0.5912080929645271
2026-10-07T17:27:55+03:00,10.35,287.5,-49.46388296917878,21.753359999999997,337.99926250357527,322.05957664303577,-5.742813276375754,5.890319999999999,5.98752,-1.4438536437296745,,16.684530994209574,24.814366,59.481126,18.475623337451296,63.48614272072581,274.51311978284946,2.629522752904009,0.0033783033551272536,0.5945863963196544
2026-10-07T17:27:59+03:00,10.38,287.5,-38.53757781603397,25.330319999999997,321.9965512855714,293.37730941878675,-11.881654980745934,7.056719999999999,6.84288,-2.6814424812122524,,18.340379022137654,24.814222,59.48124,20.29255072945468,51.05036315317548,270.94618813239595,4.436115534139816,0.003856350079044201,0.5984427463986985
2026-10-07T17:28:01+03:00,10.38,287.5,-4.836200306438957,26.8272,303.9999469405122,254.00937931534787,-20.608661637281067,6.10416,5.598719999999999,-2.543932610380855,,11.44196716876254,24.814143,59.48127,20.75115439404584,6.25727410887734,297.7426728316349,6.0677945204130275,0.0030110532736688546,0.6014537996723675
2026-10-07T17:28:03+03:00,10.27,287.51,21.20960162351557,21.85056,275.99949949246883,209.4332628541698,-23.793734020413314,5.3654399999999995,4.58784,-1.4954198452914487,,-2.727279104822719,24.814054,59.481276,16.96000650239069,27.781642102119747,303.7811415945886,4.746967677641176,0.002740461198678845,0.6041942608710463
2026-10-07T17:28:05+03:00,10.61,287.51,60.71504159778584,19.187279999999998,230.99939426289401,175.79491070203918,-15.39669375809402,3.34368,4.31568,-0.18907607239317165,,-13.155110976203702,24.814008,59.481256,17.79234455760167,70.14898403159707,301.14837829449107,1.135431951330994,0.0018484238447548911,0.6060426847158012
2026-10-07T17:28:07+03:00,10.38,287.51,94.76019378445936,18.13752,188.99585830185336,148.34450273732145,-14.46116827020441,5.65704,3.888,-0.02864788975654116,,-15.572992871655774,24.81399,59.481208,19.442251313053507,111.61591608344581,300.61177438529916,-2.0839563440043847,0.0029370193059859054,0.6089797040217871
2026-10-07T17:28:09+03:00,10.38,287.52,112.8885784223986,19.47888,166.99427896882975,122.39524419584646,-14.753949703516263,5.773680000000001,5.3654399999999995,-0.10886198107485642,,-7.505747116213785,24.814016,59.481152,22.36618766128937,126.64635919115977,293.6406381599895,-3.4461609533666513,0.00345832481707032,0.6124380288388575
2026-10-07T17:28:11+03:00,10.5,287.52,125.8374245923552,18.74016,148.99767462377056,94.31458265648482,-10.762782998414462,6.78456,6.14304,-0.13750987083139757,,4.835763790904148,24.814068,59.481098,23.368909837832568,139.4502970247064,288.44797164847694,-5.155195647737901,0.0036131270961737645,0.6160511559350312
2026-10-07T17:28:13+03:00,10.23,287.52,178.90477557737205,14.502239999999999,117.99492832924174,90.72786685896585,0.6768923391675546,6.006959999999999,6.27912,-0.5271211715203573,,5.139431422323485,24.814165,59.481065,20.508423990426856,179.22555122657505,297.2204795558168,-6.0064112705617045,0.0035638507652804557,0.6196150067003117
2026-10-07T17:28:15+03:00,9.97,287.52,151.46582676855692,10.57536,107.99681480420887,82.42570840752025,-3.379305075681595,6.006959999999999,6.6679200000000005,0.2119943841984046,,-0.8537071147449266,24.814266,59.481053,16.110266523168633,161.7255986088125,269.7224134130214,-5.704002987635866,0.003166187030787192,0.6227811937310989
2026-10-07T17:28:23+03:00,9.63,287.54,142.99178097857205,13.471919999999999,102.99489325271679,95.414661623136,3.511142664341198,6.337439999999999,6.55128,0.1776169164905552,,-0.6302535746439055,24.814791,59.480999,18.92120539653845,154.62286831311528,257.6177615658321,-5.725917730506665,0.003625996769972605,0.6264071905010714
2026-10-07T17:28:25+03:00,9.37,287.56,135.13652960732844,14.32728,105.9971920992023,99.65454930710409,3.298747209686202,6.14304,6.18192,0.14896902673401402,,-3.4434763487362474,24.814899,59.480984,19.177418764986765,148.19614966027467,254.19334175947697,-5.220707259531043,0.003417680248622102,0.6298248707496935
2026-10-07T17:28:27+03:00,9.18,287.57,127.6422416470173,14.03568,112.99873635570096,111.11943478767185,6.596634982679706,6.68736,6.940079999999999,0.22918311805232927,,-6.629121689663625,24.815007,59.480959,18.877742878885844,143.93263659776332,256.9313729534643,-5.405562736443268,0.0036229444076724226,0.6334478151573659
2026-10-07T17:28:29+03:00,9.18,287.57,101.53255492290569,12.266639999999999,121.9999033172062,122.17752023369674,5.016073609031818,7.2122399999999995,7.5816,0.5156620156177408,,-11.464885480567773,24.815106,59.480925,15.422759719349761,128.80326124805174,250.80316456525793,-4.519536996802639,0.003648069125303115,0.6370958842826691
2026-10-07T17:28:35+03:00,8.92,287.57,70.58710440788992,19.45944,166.99427896882975,165.81971548881154,4.22871500696304,6.62904,7.17336,0.4526366581533504,,-20.01914536187096,24.815339,59.480759,18.35383773493791,90.5033530403945,257.4976320092243,-0.058236480002251956,0.003817436558714487,0.6409133208413835
2026-10-07T17:28:37+03:00,9.15,287.58,57.941925869352644,21.92832,171.99620052032182,177.1929277221584,8.732507051368389,7.01784,6.8623199999999995,0.544309905374282,,-21.31975955681793,24.815358,59.480702,19.15042725621482,76.0359675533109,248.0321680736327,1.693494217999106,0.003474880097076456,0.6443882009384599
2026-10-07T17:28:39+03:00,9.07,287.58,42.575197803943965,24.76656,189.9985344433323,193.26439387557798,3.0859506845746134,7.03728,6.35688,0.41252961249419273,,-16.644423948550415,24.815334,59.480638,20.154803944890403,56.23920012357242,246.2377345669047,3.910806148481425,0.0039160280216453645,0.6483042289601053
2026-10-07T17:28:41+03:00,9.33,287.58,55.63290595497543,24.008399999999998,201.99627067337175,194.79992076652857,-0.5038017892585329,6.4152,7.056719999999999,0.5213915935690492,,-14.977116764719721,24.815292,59.480588,21.063549301966628,70.19320107871188,272.18947175208365,2.1737877365964877,0.0032674059577751887,0.6515716349178805
2026-10-07T17:28:43+03:00,9.37,287.57,49.81165475644626,22.472640000000002,195.99740255835198,191.00121058481125,-2.4515718138057663,6.84288,7.387199999999999,0.7104676659622208,,-16.89079580045667,24.815247,59.480532,18.798364352438735,65.95734482223516,261.95474738058715,2.7879031809105994,0.003635513896622531,0.655207148814503
2026-10-07T17:28:45+03:00,9.22,287.57,44.838381094710726,22.258799999999997,203.9958933783783,185.42060166023703,-5.2909214633560735,6.57072,6.78456,0.25210142985756223,,-25.59975428644518,24.815192,59.48048,18.19912677645666,59.586893799420906,263.5827871777992,3.3263024699812167,0.003547947146378397,0.6587550959608814
2026-10-07T17:28:47+03:00,9.75,287.57,49.422043455757304,23.34744,187.99891173832572,189.6662189221564,-0.675746423577293,6.95952,7.795439999999999,0.3093972093706446,,-29.260954597331143,24.815164,59.480421,19.548609921846477,65.1099977541379,253.10890949246362,2.929105611716774,0.003647893996937619,0.6624029899578191
2026-10-07T17:28:49+03:00,9.56,287.58,44.981620543493435,25.272,196.99434912187962,190.65170632978143,-0.44862595358743457,7.251119999999999,7.348319999999999,0.44117750225073393,,-18.586750874043908,24.815116,59.480361,20.784959470016087,59.258313769809064,256.2526628916887,3.706543253010955,0.003892729557659646,0.6662957195154787
2026-10-07T17:28:51+03:00,10.05,287.57,39.0515073638894,24.51384,192.9951037118665,195.4473630750264,0.7907963488395623,7.1150400000000005,7.814879999999999,0.5385803274229739,,-16.988198625628907,24.815065,59.480301,19.51037532535286,52.334162812646525,245.32926652451303,4.347681917410626,0.003928114542210318,0.670223834057689
2026-10-07T17:28:53+03:00,9.82,287.57,36.0492085174039,21.17016,219.99860459638222,196.24950398820957,2.8958432881502065,6.68736,7.32888,0.492743703812508,,-17.251759211389086,24.815001,59.480249,16.247165703957457,50.06676931436493,270.06537391074716,4.292579388482917,0.0036859037045559083,0.6739097377622449
2026-10-07T17:28:57+03:00,9.78,287.57,51.00340697031838,19.90656,205.99551608338487,176.33349102946215,-0.6081946995313688,5.94864,6.8623199999999995,-0.06302535746439056,,-22.276599074686406,24.814893,59.480139,16.811424079024512,66.96557188517167,272.9610879685565,2.3276086919025576,0.0031697082100208248,0.6770794459722658
2026-10-07T17:28:59+03:00,10.12,287.57,35.18404224675635,19.77048,180.99736748182707,188.57186953345652,4.832497931471902,7.3094399999999995,9.93384,0.005729577951308233,,-32.36065626898889,24.814882,59.480079,14.42498954275774,52.16026492970933,233.15763241153638,4.484011673792813,0.003622060151166955,0.6807015061234327
2026-10-07T17:29:01+03:00,10.23,287.58,39.939591946342176,24.241680000000002,200.9993241098441,200.32323391158974,10.540991035919319,6.4152,7.4844,0.3666929888837269,,-22.6891286871806,24.814851,59.480015,19.75702501965654,51.97134998510896,252.97067409495307,3.9521188134270138,0.0039615690107082345,0.6846630751341409
2026-10-07T17:29:03+03:00,10.16,287.57,42.28298932842725,24.76656,206.9981922248638,205.54860900318283,3.57141782438896,7.2122399999999995,6.492959999999999,0.37242256683503505,,-15.670395696828017,24.814794,59.479957,20.027436298192093,56.30442099568677,263.3026132205506,4.001208176413607,0.003896315325751497,0.6885593904598925
2026-10-07T17:29:05+03:00,10.08,287.57,20.93458188185278,25.44696,219.99860459638222,206.2934541368529,-0.9769503364775668,6.5124,6.43464,0.4239887683968092,,-15.154733681210274,24.814728,59.479909,19.503752338481405,27.786566881722194,247.78517147810442,5.761457085295408,0.003518956063111783,0.6920783465230043
2026-10-07T17:29:07+03:00,10.46,287.57,21.753911528889855,25.524720000000002,207.99513878839142,213.63877307043003,10.65753065144893,6.045839999999999,7.348319999999999,0.23491269600363757,,-26.986312150661774,24.814674,59.479863,20.035133203074576,28.175262860241986,236.1704016486334,5.32945264559277,0.003219015468607892,0.6952973619916122
2026-10-07T17:29:09+03:00,10.38,287.57,21.478891787227056,28.907279999999997,215.99935918636905,233.18236346234244,5.933837405272371,6.940079999999999,5.79312,0.1604281826366305,,-12.318592595312701,24.814603,59.479808,22.59253899634402,27.937086244441616,243.93644543081066,6.131300876265084,0.003953008695639614,0.6992503706872518
2026-10-07T17:29:11+03:00,10.42,287.57,11.354727547265412,24.82488,244.99675319794,233.90429028420726,-4.958376759062145,5.42376,4.97664,-0.492743703812508,,1.283425461093044,24.814504,59.47978,19.536484478536675,14.488018717646469,259.48477191558646,5.2512843066037735,0.003459048473087689,0.7027094191603395
2026-10-07T17:29:13+03:00,10.38,287.58,17.29629988277205,24.785999999999998,249.9986747494321,224.84582754318896,-5.055263922218767,5.0544,4.4712,-0.8479775367936184,,1.8678424121264836,24.814413,59.479767,20.016648392145395,21.60180292877368,271.6004776782058,4.699403718832542,0.002885610572517884,0.7055950297328574
2026-10-07T17:29:15+03:00,10.5,287.57,25.025500539086856,22.31712,242.99713049293345,198.94813520327574,-20.949342342265854,4.68504,4.957199999999999,-0.5500394833255903,,-10.960682620852648,24.814344,59.47975,18.18026059451474,31.283885978432835,274.2810164713663,4.003858174955396,0.002341025465005124,0.7079360551978625
2026-10-07T17:29:17+03:00,10.68,287.57,67.01757734422489,17.515439999999998,199.99664796836515,177.27314181347668,-11.1759428644833,3.9851999999999994,3.07152,0.13750987083139757,,-26.33886984216394,24.814302,59.47972,16.375708837954257,79.96422468877756,279.9608726571427,0.694473125811518,0.0022125385931725146,0.710148593791035
2026-10-07T17:29:19+03:00,10.53,287.57,70.14592690563919,21.44232,201.99627067337175,163.29870119023593,-9.259800110227287,4.97664,5.0544,0.3666929888837269,,-22.265139918783788,24.814264,59.47968,20.299178040582657,83.47786558267055,285.4741362560423,0.5652818090379214,0.0026694966363194103,0.7128180904273544
2026-10-07T17:29:21+03:00,10.53,287.57,78.16733603747072,23.405759999999997,183.99966632831257,156.78990063754978,10.000577243551929,6.2208000000000006,6.804,0.22918311805232927,,-14.977116764719721,24.814253,59.479625,22.952454414688816,93.55037029597017,277.5500366242827,-0.3852292831360807,0.0033229329943079925,0.7161410234216624
2026-10-07T17:29:23+03:00,10.68,287.57,45.19934450564314,22.53096,162.99503355881663,182.79072538058654,13.648714116708906,6.57072,5.754239999999999,-0.08021409131831525,,-12.221189770140459,24.814278,59.479558,18.49814842513067,59.79781218641574,222.79284574523237,3.3054200678512506,0.004098884294654043,0.7202399077163164
2026-10-07T17:29:25+03:00,10.53,287.58,39.76770460780294,24.5916,189.9985344433323,197.744923833501,4.729823894584459,6.318,6.14304,0.5729577951308232,,-13.361375782450798,24.814274,59.4795,20.14487107901619,51.34095784067125,241.33949228400354,3.9467573444898587,0.0034883851372787137,0.7237282928535951
2026-10-07T17:29:27+03:00,10.65,287.57,35.51635776793222,24.76656,215.99935918636905,199.1314816977176,4.44414713793223,5.69592,5.81256,0.6073352628386726,,-10.40491355957575,24.814222,59.479451,20.400512901987504,44.850967693270206,260.8503268796393,4.038086290148859,0.003345784010987936,0.727074076864583
2026-10-07T17:29:29+03:00,10.8,287.58,26.21152317500766,25.272,201.99627067337175,209.1639726904583,6.2423178821708065,4.80168,4.60728,0.3036676314193363,,-5.6550934379412245,24.814184,59.47941,21.07108326120085,31.988211489250546,233.9844821626223,4.07257902333779,0.002723762416809324,0.7297978392813923
2026-10-07T17:29:31+03:00,10.76,287.58,28.09082474303676,24.533279999999998,209.99476149339802,211.74801234649834,-2.6298762796504787,5.22936,4.52952,0.045836623610465865,,-7.030192146255201,24.814129,59.479375,20.071538453074382,35.137552954031094,245.1323144474291,4.276427690804678,0.002691575770563729,0.7324894150519561
2026-10-07T17:29:33+03:00,10.72,287.57,42.24288228276809,22.375439999999998,235.9955862364348,185.74145802551027,-13.363151951615704,4.1212800000000005,5.13216,-0.9511099399171665,,-17.44083528378226,24.814077,59.479355,19.522058287659227,50.4020308372518,286.3976170736866,2.6268901838406884,0.0019911803161334015,0.7344805953680895
2026-10-07T17:29:35+03:00,10.98,287.57,83.61616466916485,21.228479999999998,200.9993241098441,155.16843007732956,-11.150790017277057,4.58784,4.1212800000000005,0.47555496995858326,,-18.008063500961775,24.814051,59.479324,21.214115424442262,96.02714964822304,297.02647375806714,-0.48172185329986505,0.002025324656049514,0.7365059200241391
2026-10-07T17:29:37+03:00,10.68,287.58,97.4416362656716,22.95864,181.9943140453547,148.64817036874078,6.868732639587335,4.87944,6.24024,0.813600069085769,,-14.547398418371603,24.814052,59.479279,24.081658358994495,109.03204779287995,291.02636183823466,-1.591170596328677,0.002705019482493809,0.7392109395066329
2026-10-07T17:29:39+03:00,10.98,287.58,66.17532938538258,17.107200000000002,148.99767462377056,170.56380603249477,9.567306558873998,6.88176,7.1150400000000005,0.21772396214971285,,-26.06957967845246,24.8141,59.479229,15.649450001128256,89.89562233843104,238.8932969622016,0.012536728273473586,0.0033435395343767494,0.7425544790410096
2026-10-07T17:29:41+03:00,10.76,287.57,49.82311391234889,23.44464,186.9962355968468,189.38546960254232,-2.646893126165864,6.201359999999999,6.57072,0.6589014644004466,,-15.916767548734269,24.8141,59.47917,20.01282525463468,63.51836395218284,250.51459954902964,2.765254350627585,0.0035463552677451695,0.7461008343087547
2026-10-07T17:29:43+03:00,10.87,287.57,50.367423817723164,23.36688,204.99856951985726,189.82664710479304,-0.6120908125382584,6.43464,6.492959999999999,0.6990085100596044,,-10.98933051060919,24.814046,59.479121,19.889722480978183,64.79499457613518,269.79356409599245,2.7402450873490047,0.0033751839853306807,0.7494760182940854
2026-10-07T17:29:45+03:00,10.83,287.57,52.86551980449356,20.93688,203.9958933783783,193.85454040456273,4.555472837526149,6.47352,7.13448,0.6875493541569879,,-13.498885653282196,24.814007,59.479068,17.793745008406574,69.72562445887057,273.7215178372489,2.2431793161611333,0.003400890009249713,0.7528769083033351
2026-10-07T17:29:47+03:00,10.95,287.57,44.397203592459974,20.664720000000003,198.9997014048375,198.7132225072721,2.363393609135133,6.8623199999999995,6.53184,0.6531718864491385,,-17.349162036561328,24.81397,59.479006,16.47654795854294,61.33829752471128,260.3379989295488,3.29142319552433,0.0038940736562587393,0.7567709819595938
2026-10-07T17:29:49+03:00,11.1,287.57,38.684814375005686,21.92832,211.9943841984046,198.39236614199885,3.3508863690431068,6.62904,6.59016,0.5614986392282068,,-20.116548187043207,24.813916,59.478946,17.25846749607037,52.57598881516411,264.5703730135687,4.028525314299886,0.003965325503852073,0.7607363074634459
2026-10-07T17:29:51+03:00,10.98,287.56,41.90483718364091,22.744799999999998,203.9958933783783,204.98711036395463,0.8788599619511699,6.901199999999999,7.63992,0.6130648407899808,,-20.597832734953094,24.813864,59.478886,18.20182301554178,56.57367103240192,260.56956441078023,3.8016248260607024,0.003940338344812791,0.7646766458082587
2026-10-07T17:29:53+03:00,11.13,287.56,30.491517904634907,24.027839999999998,218.99592845490324,204.9068962726363,1.7224257237222806,6.648479999999999,7.387199999999999,0.49847328176381617,,-22.775072356450224,24.813786,59.478838,18.607182774316623,40.937096887237374,259.9330253421406,5.022457193690867,0.003740792838454091,0.7684174386467127
2026-10-07T17:29:55+03:00,11.17,287.55,30.331089721998275,23.77512,213.99973648136248,210.7396066270681,-1.0159687623259759,7.15392,7.29,0.2119943841984046,,-23.227709014603573,24.813716,59.478788,17.967367058806314,41.93063552928666,255.93037201064914,5.322189945698919,0.003687598119149929,0.7721050367658627
2026-10-07T17:29:57+03:00,11.4,287.56,42.46060624491781,23.814,221.99822730138877,200.82170719335355,-5.677266904612789,6.4152,6.648479999999999,0.11459155902616464,,-22.162007515660243,24.813637,59.478749,19.56653975695748,55.248162103903795,277.2463894052926,3.656812310120341,0.0033631729413758815,0.7754682097072386
2026-10-07T17:29:59+03:00,11.28,287.55,32.31925327110223,21.772799999999997,220.99555115990984,196.34690681338182,9.962991212191346,6.6095999999999995,7.85376,0.16615776058793874,,-28.241089721998275,24.813574,59.478711,16.568370856347645,44.63399880123771,265.6295499611475,4.7034526266298,0.002985898384179781,0.7784541080914184
2026-10-07T17:30:01+03:00,11.55,287.55,33.51100548497435,22.453200000000002,200.9993241098441,207.9607613206836,9.116388774106042,7.776,7.17336,-0.20053522829578813,,-34.75561985263574,24.813523,59.478654,16.536716579342272,48.55796514466408,249.5572892545082,5.146638941225558,0.0037632671089321656,0.7822173752003505
2026-10-07T17:30:03+03:00,11.58,287.54,20.940311459804086,24.183359999999997,215.99935918636905,218.3943227700159,0.34194121213407536,7.44552,7.44552,0.005729577951308233,,-32.53827318547945,24.813452,59.478599,17.43386752982312,29.719886811170596,245.71924599753964,6.466132525846555,0.003953051226271962,0.7861704264266225
2026-10-07T17:30:05+03:00,11.58,287.55,21.352841072298276,22.62816,226.99441927492956,216.08530285563867,-4.996478452438344,7.01784,7.36776,-0.1604281826366305,,-26.06957967845246,24.813355,59.478554,16.293667233473023,30.37554536344757,257.36996463837716,6.054498105850685,0.004010491521737245,0.7901809179483598
2026-10-07T17:30:07+03:00,11.77,287.55,24.4296244321508,22.72536,228.9997715578874,217.9932523134243,3.873022807745826,6.68736,5.79312,0.10886198107485642,,-18.73571990077792,24.813263,59.478516,16.865043300848065,33.86828759292507,262.8680591508125,5.552654519751567,0.0036199917016052604,0.793800909649965
2026-10-07T17:30:09+03:00,11.88,287.55,21.11792837629464,21.753359999999997,233.99596353142817,216.7212860082339,1.1802357621899828,6.318,5.87088,0.03437746770784939,,-21.961472287364455,24.81318,59.47848,16.022195303468884,29.285685797536274,263.2816493289645,5.51050594511443,0.0033319604809311544,0.7971328701308962
2026-10-07T17:30:11+03:00,11.88,287.54,34.19855483913133,21.03408,224.99479656992298,221.08722440713075,-0.17034035249239374,6.6679200000000005,7.056719999999999,0.011459155902616466,,-19.19981571483389,24.813095,59.478433,15.96520301842125,47.7752807787013,272.7700773486243,4.481109846692765,0.0038358434064720815,0.8009687135373682
2026-10-07T17:30:13+03:00,12.15,287.54,22.235196076799745,21.092399999999998,233.99596353142817,221.07003567327686,6.11764226595034,6.201359999999999,6.454079999999999,-0.10886198107485642,,-16.976739469726294,24.813004,59.478401,15.530496577529322,30.92585705354125,264.9218205849694,5.319731637069027,0.0033788207673700194,0.8043475343047383
2026-10-07T17:30:15+03:00,12.0,287.54,19.078198625628907,19.964879999999997,234.99863967290713,221.61434557865113,-0.2133694829067186,6.29856,7.13448,0.03437746770784939,,-15.739150632243714,24.812909,59.478368,14.162709970450075,27.436509982845052,262.4351496557522,5.590110295419754,0.0035134876050495634,0.8078610219097878
2026-10-07T17:30:17+03:00,12.18,287.54,24.366599074686405,19.6344,232.9990169679006,219.1620862154912,-6.144170211864895,5.90976,6.648479999999999,-0.3552338329811104,,-14.312485722367963,24.812819,59.478335,14.45812787481065,34.07532014372478,267.07433711162537,4.89506455066808,0.003388603290719819,0.8112496252005076
2026-10-07T17:30:19+03:00,12.41,287.54,32.65156879227811,20.003759999999996,229.99671812141503,214.32059284663575,-1.9916012958747416,6.08472,6.76512,-0.045836623610465865,,-13.200947599814167,24.812734,59.478298,15.238449210570838,45.09256564977778,275.0892837711928,4.295590073077676,0.0034174380591155333,0.8146670632596231
2026-10-07T17:30:21+03:00,12.45,287.53,34.58816613982029,20.489759999999997,235.9955862364348,212.24075605031084,0.10691392457141162,6.1624799999999995,6.37632,0.6703606203030631,,-19.979038316211806,24.812644,59.478265,15.808405340316419,47.37311192200576,283.36869815844057,4.173362931394009,0.0033886079067769006,0.8180556711664
2026-10-07T17:30:23+03:00,12.48,287.54,23.656131408724185,21.24792,220.99555115990984,214.28048580097658,3.222028160918184,5.38488,5.67648,0.49847328176381617,,-20.953066567934208,24.812584,59.478228,16.457977561942037,31.199911877008304,252.19546303691814,4.606038187620493,0.002881121781803127,0.8209367929482031
2026-10-07T17:30:25+03:00,12.37,287.53,23.99990608580268,21.26736,227.99709541640848,213.63877307043003,-3.3664708210706653,5.890319999999999,6.74568,0.3036676314193363,,-22.855286447768535,24.812512,59.478186,16.06591989924979,32.576019819898164,260.57311523630665,4.963641996794009,0.0033472488531303256,0.8242840418013334
2026-10-07T17:30:27+03:00,12.6,287.53,32.10152930895252,20.684160000000002,220.99555115990984,216.96192828218884,-0.05477476521450671,5.890319999999999,6.8623199999999995,-0.22918311805232927,,-19.83006928947779,24.812436,59.478147,16.003542221902567,43.381115543474294,264.3766667033841,4.281091012696181,0.0032981533390283374,0.8275821951403618
2026-10-07T17:30:29+03:00,12.9,287.54,26.910531685067262,21.772799999999997,224.99479656992298,215.0597084023545,-2.6647694093739456,5.7348,7.1150400000000005,-0.6245239966925973,,-29.46148982562693,24.812362,59.47811,16.859985493473182,35.766325822803765,260.76112239272675,4.6532595778512285,0.0031700309928939705,0.8307522261332557
2026-10-07T17:30:31+03:00,12.9,287.54,26.400599247400827,22.97808,227.99709541640848,218.2510833212332,-3.42009967069491,5.28768,7.1150400000000005,0.395340878640268,,-22.51151177069005,24.812285,59.478071,18.392758835654,33.74478748366306,261.7418829000716,4.396812478287483,0.0033197014791442074,0.8340719276123999
2026-10-07T17:30:33+03:00,13.08,287.53,24.05720186531576,21.94776,233.99596353142817,214.64717878986033,3.312039830533237,6.6679200000000005,6.47352,-0.9224620501606254,,-27.862937577211934,24.8122,59.478029,16.09027762327423,33.78294804234608,267.7789115737743,5.54204166245047,0.003620234725355983,0.8376921623377559
2026-10-07T17:30:35+03:00,13.08,287.53,27.85591204703312,23.19192,225.9974727114019,212.35534760933703,-1.525672016874356,5.79312,6.4152,1.2032113697747289,,-26.974852994759157,24.812124,59.477985,18.271687572989592,36.37527164797541,262.3727443593773,4.664329622158946,0.0035181295271024563,0.8412102918648584
2026-10-07T17:30:37+03:00,13.05,287.53,21.845584776110783,22.9392,222.99517386491638,214.90500979766918,6.559793796452795,6.29856,7.892639999999999,-0.813600069085769,,-33.28311831914952,24.812048,59.477945,17.252873984429026,29.653130017790602,252.64830388270698,5.473678704610984,0.0033411527550651792,0.8445514446199236
2026-10-07T17:30:39+03:00,13.2,287.53,29.952937577211934,23.48352,223.99785000639537,221.3106779472318,-4.840920411060325,6.6095999999999995,6.95952,-0.22918311805232927,,-29.570351806701787,24.811963,59.477899,18.06078501027386,40.48126842665047,264.47911843304587,5.027382368478604,0.003791820738864862,0.8483432653587885
2026-10-07T17:30:41+03:00,13.35,287.53,33.407873081850795,25.408079999999998,236.99826237791373,215.91341551709942,-4.702894878213311,5.94864,7.056719999999999,0.05156620156177409,,-17.521049375100574,24.811866,59.477864,20.70304383554766,42.51050975850589,279.5087721364196,4.38506020714777,0.003632361902812305,0.8519756272616008
2026-10-07T17:30:43+03:00,13.38,287.53,25.489596353142822,23.405759999999997,225.9974727114019,206.45961189744088,-2.227029653893997,6.10416,6.68736,-0.005729577951308233,,-15.830823879464644,24.811782,59.477826,18.087531574239733,33.840373703334905,259.8378464147368,5.07006809276544,0.003434028317605841,0.8554096555792067
2026-10-07T17:30:45+03:00,13.31,287.54,25.077066740648625,20.25648,221.99822730138877,201.65249599629323,-4.707421244794844,6.318,6.82344,0.0,,-25.565376818737334,24.811704,59.477783,14.77864936301027,35.51637783946765,257.5146051408564,5.142532895327971,0.003514256600050062,0.8589239121792568
2026-10-07T17:30:47+03:00,13.83,287.53,29.271117801006252,22.08384,194.99472641687308,205.37099208669227,-4.994702283273439,6.006959999999999,6.6679200000000005,0.3323155211758775,,-23.26781606026273,24.811657,59.47773,17.0980231754433,39.1623145055857,234.15704092245878,4.657556682481056,0.003493896673906879,0.8624178088531637
2026-10-07T17:30:49+03:00,13.53,287.52,22.349787635825912,24.33888,210.99743763487695,211.88552221732974,3.6054515174197315,6.318,7.6593599999999995,0.040107045659157625,,-26.149793769770774,24.811587,59.477681,18.650873693717067,29.750816667837086,240.74825430271403,5.485235423162493,0.003638818282205236,0.8660566271353689
2026-10-07T17:30:53+03:00,14.06,287.53,33.51100548497435,25.758,221.99822730138877,216.8015000995522,-2.8504077349963324,6.648479999999999,7.251119999999999,-0.4239887683968092,,-22.91831180523293,24.811416,59.477576,20.54518657187419,43.8027346453309,265.80096194671967,4.798388803302415,0.004047753254430737,0.8701043803897996
2026-10-07T17:30:55+03:00,14.43,287.51,29.322684002568028,25.6608,229.99671812141503,221.0986835630334,5.864795990959107,6.0652800000000004,6.492959999999999,-0.08021409131831525,,-13.212406755716785,24.811334,59.477544,20.588030432811006,37.61797494271465,267.6146930641297,4.804297300434821,0.0031568706784435613,0.8732612510682433
2026-10-07T17:30:57+03:00,13.91,287.52,21.587753768301912,23.65848,237.99520894144138,215.1284633377702,-0.8829279622965986,6.4152,6.47352,-0.040107045659157625,,-8.726147219842437,24.811239,59.477512,17.850014522016657,29.186261604367445,267.1814705458088,5.600719993464886,0.0034799684920192087,0.8767412195602625
2026-10-07T17:30:59+03:00,14.66,287.52,18.923500020943585,22.5504,225.9974727114019,214.86490275201004,9.255789405661371,5.52096,6.43464,-0.022918311805232933,,-17.53250853100319,24.811169,59.47748,17.42009350445028,24.822910481070323,250.82038319247224,5.01087675247006,0.0028750721892029595,0.8796162917494654
2026-10-07T17:31:01+03:00,14.28,287.52,17.35932524023644,22.14216,219.99860459638222,213.3866716405725,-2.1664680149486686,6.43464,5.38488,0.19480565034447989,,-21.35413702452578,24.811104,59.477438,16.11536985405449,24.20135056692726,244.19995516330948,5.869102407086221,0.003211008988389844,0.8828273007378553
2026-10-07T17:31:03+03:00,14.73,287.52,24.28638498336809,23.48352,218.99592845490324,216.07384369973607,-5.280665518823232,5.404319999999999,6.35688,0.14896902673401402,,-25.450785259711168,24.811035,59.477399,18.690123436795524,31.116641294639663,250.1125697495429,4.626730353873978,0.003151532008219211,0.8859788327460745
2026-10-07T17:31:05+03:00,14.85,287.51,24.108768066877534,23.98896,222.99517386491638,218.88133689587707,-2.2281182737047454,6.201359999999999,6.74568,-0.08594366926962349,,-24.092875285251115,24.810959,59.477363,18.502746080166183,31.977409239966335,254.97258310488272,5.260346833964295,0.003172562816808746,0.8891513955628833
2026-10-07T17:31:07+03:00,15.0,287.51,21.32992276049304,23.79456,227.99709541640848,220.67469479463657,3.494297705164352,5.52096,6.27912,0.08594366926962349,,-26.453461401190108,24.810873,59.477323,18.759574053196673,27.47511689534946,255.47221231175794,4.89825800664472,0.003559946453019782,0.8927113420159031
2026-10-07T17:31:09+03:00,14.96,287.52,21.238249513272113,23.9112,231.99634082642166,228.32941093758436,6.455916548195576,6.29856,6.92064,0.18334649444186346,,-20.678046826271412,24.81078,59.477284,18.184135049134515,28.446371424745507,260.44271225116717,5.53809294027499,0.0036817818761660376,0.8963931238920692
2026-10-07T17:31:11+03:00,14.88,287.51,22.44719046099815,23.094720000000002,245.99942933941892,224.37027257323038,-4.513475031143059,5.5598399999999994,6.4152,0.040107045659157625,,-15.068790011940653,24.810684,59.477261,18.08119801995415,29.18987171067667,275.1893010500956,4.853786486445748,0.003240355272025694,0.8996334791640949
2026-10-07T17:31:13+03:00,15.48,287.51,21.478891787227056,23.48352,234.99863967290713,220.64604690488002,-4.177492580078345,5.42376,5.754239999999999,0.34377467707849396,,-14.810959004131782,24.810603,59.477237,18.543080607718185,27.62703547500257,262.6256751479097,4.805369301859376,0.002862769145123673,0.9024962483092185
2026-10-07T17:31:15+03:00,15.11,287.52,13.3658094081746,22.12272,237.99520894144138,219.11624959188075,-1.258960163240958,5.598719999999999,6.201359999999999,0.26929016371148695,,-24.2189260001799,24.81052,59.47721,16.72579629392212,17.80379067384962,255.798999615291,5.33059262951261,0.0030089714990825895,0.9055052198083011
2026-10-07T17:31:17+03:00,15.41,287.52,18.562536610011165,22.51152,227.99709541640848,219.7980693680864,-0.5377208907302775,5.7153599999999996,5.94864,0.05729577951308232,,-22.07033426843931,24.810445,59.477176,17.190048291991708,24.63820296287588,252.63529837928436,5.195024163573743,0.00306898705220389,0.908574206860505
2026-10-07T17:31:19+03:00,15.75,287.51,27.523596525857243,23.05584,229.99671812141503,215.43786054714084,-2.93772650297427,5.52096,6.68736,0.12605071492878112,,-24.579889411112315,24.810365,59.477141,18.3380837044901,35.52089657573646,265.5176146971515,4.493529626292466,0.003223388718798636,0.9117975955793037
2026-10-07T17:31:21+03:00,15.63,287.51,18.963607066602744,22.76424,228.9997715578874,216.29156766188578,1.627773095966669,5.6181600000000005,5.50152,-0.11459155902616464,,-31.478301264487428,24.810296,59.477102,17.546247873575883,24.936149267643344,253.93592082553076,5.094424968778231,0.003151544386204703,0.9149491399655084
2026-10-07T17:31:23+03:00,15.86,287.52,16.99836182930402,24.3,224.99479656992298,222.01541603524268,5.028392201627131,5.404319999999999,6.08472,-0.6818197762056798,,-33.615433840325394,24.810227,59.477065,19.19690289954097,21.71919598883349,246.71399255875647,5.020659983850957,0.003063180616749076,0.9180123205822575
2026-10-07T17:31:25+03:00,16.08,287.51,26.12557950573803,23.386319999999998,231.99634082642166,220.5085370340486,1.256324557383356,5.57928,6.76512,-0.21772396214971285,,-30.744915286719973,24.810144,59.477031,18.540561915169683,33.740147512640505,265.73648833906213,4.63953472610231,0.0032552573684855074,0.921267577950743
2026-10-07T17:31:27+03:00,16.27,287.51,16.75198997739777,24.144479999999998,228.9997715578874,226.7595065789259,7.510216187015804,5.65704,6.454079999999999,-0.47555496995858326,,-31.24338856848379,24.810063,59.476994,18.79836463640935,21.727943919461865,250.72771547734928,5.255119360827891,0.0033257468767236256,0.9245933248274666
2026-10-07T17:31:29+03:00,16.16,287.52,33.37349561414295,22.744799999999998,231.99634082642166,220.10173699950576,-2.712840568385422,6.35688,6.0264,0.10313240312354818,,-22.328165276248182,24.809974,59.476955,17.783353819978803,44.71392755278012,276.7102683792018,4.51737991172794,0.0035884841443705813,0.9281818089718372
2026-10-07T17:31:31+03:00,16.38,287.52,28.973179747538225,21.44232,235.9955862364348,211.6506095213261,-5.19844607522196,5.598719999999999,7.056719999999999,0.37242256683503505,,-20.91295952227505,24.809887,59.476928,16.765109312437495,38.28258253982278,274.2781687762576,4.39479780119003,0.003112513591420966,0.9312943225632582
2026-10-07T17:31:33+03:00,16.2,287.52,26.933449996872497,22.12272,228.9997715578874,212.95695329422438,-3.294048955766129,5.57928,6.59016,0.3552338329811104,,-21.961472287364455,24.809809,59.476895,17.333818437647313,35.316702578401475,264.3164741362889,4.552520087204152,0.003099107398150222,0.9343934299614084
2026-10-07T17:31:35+03:00,16.5,287.52,26.72145561267409,20.898,226.99441927492956,211.74801234649834,-0.4614029124188519,5.5404,6.82344,0.31512678732195276,,-18.856041037755393,24.809728,59.47686,16.142691088661007,35.599248080139176,262.59366735506876,4.504945781878574,0.0032465948546621533,0.9376400248160706
2026-10-07T17:31:37+03:00,16.42,287.51,27.13398522516828,20.820240000000002,229.99671812141503,209.94319529183625,0.9123779929663229,5.90976,6.72624,0.41252961249419273,,-17.83617616242253,24.809635,59.476819,15.792591785667192,36.96061267664197,266.957330798057,4.722188008007706,0.00375949587392247,0.941399520689993
2026-10-07T17:31:39+03:00,16.57,287.51,26.652700677258395,20.8008,220.99555115990984,207.4049922594067,-2.189443622533415,6.492959999999999,7.01784,0.29793805346802804,,-19.24565233844435,24.809561,59.476774,15.277972077141381,37.64294428582113,258.638495445731,5.141334186738561,0.0035241432992090807,0.944923663989202
2026-10-07T17:31:41+03:00,16.53,287.53,19.77720713568851,23.6196,221.99822730138877,209.547854413196,3.009059748468058,6.6095999999999995,6.76512,-0.26929016371148695,,-23.875151323101406,24.809485,59.476726,17.543003659452438,27.101419616005984,249.09964691739475,5.883875948837425,0.003702323188972947,0.9486259871781749
2026-10-07T17:31:43+03:00,16.95,287.53,23.9426103062896,20.975759999999998,215.99935918636905,209.38742623055936,5.196211539820948,6.1624799999999995,7.17336,-0.1604281826366305,,-29.62764758621487,24.809418,59.476675,15.546020524308995,33.19992557023093,249.19928475659998,5.156547729827787,0.0036852166689450606,0.95231120384712
2026-10-07T17:31:45+03:00,16.72,287.53,26.85896548350549,24.63048,219.99860459638222,212.0001137763559,0.10674203723287237,6.72624,7.07616,0.07448451336700701,,-26.121145880014236,24.809345,59.476625,18.876081187721343,36.12341358277726,256.12201817915945,5.433113935237126,0.0037414939502685867,0.9560526977973886
2026-10-07T17:31:47+03:00,17.1,287.52,22.0633087382605,23.69736,219.99860459638222,215.99362960841773,0.7325265410747575,6.10416,5.50152,-0.22918311805232927,,-24.545511943404467,24.809274,59.476581,18.18534219325006,29.306764175297587,249.3053687716798,5.322897664533843,0.0034194572375141697,0.9594721550349027
2026-10-07T17:31:49+03:00,17.17,287.53,21.70234532732808,24.144479999999998,226.99441927492956,213.67315053813792,0.19268570650249586,6.68736,7.7176800000000005,-0.22345354010102106,,-30.510002590716336,24.80919,59.476539,18.100851845550764,29.554478689545277,256.5488979644748,5.817248131832701,0.003598498407621553,0.9630706534425242
2026-10-07T17:31:51+03:00,16.98,287.52,22.60761864363478,25.87464,221.99822730138877,216.63534233896428,-0.6969458619971334,6.337439999999999,6.6095999999999995,-0.45836623610465854,,-31.231929412581177,24.809123,59.476492,20.171830989173817,29.544375296970827,251.5426025983596,5.513408377246103,0.003487778117223967,0.9665584315597482
2026-10-07T17:31:53+03:00,17.28,287.52,25.03695969498947,26.477279999999997,218.99592845490324,219.25375946271214,1.8782702439978647,6.492959999999999,6.0652800000000004,-0.09167324722093173,,-24.322058403303444,24.809049,59.476447,20.776939411114803,32.63683692872374,251.63276538362697,5.467759491614971,0.0035241573169521967,0.9700825888767004
2026-10-07T17:31:55+03:00,17.36,287.53,18.493781674595468,27.313200000000002,231.99634082642166,220.36529758526592,4.786145645845819,6.18192,7.23168,-0.06875493541569878,,-20.97025530178813,24.808965,59.47641,21.53996898229022,23.717000209232623,255.71334103565428,5.659815383115073,0.003394426555997666,0.973477015432698
2026-10-07T17:31:57+03:00,17.55,287.53,17.863528099951562,26.0496,226.99441927492956,219.66628907520632,4.5671611765468185,6.35688,7.63992,-0.12032113697747288,,-25.00387817950913,24.808887,59.476371,20.094025435273657,23.432428274057315,250.42684754898687,5.832626204919082,0.0033414713214625193,0.9768184867541606
2026-10-07T17:31:59+03:00,17.43,287.54,24.103038488926227,27.48816,231.99634082642166,219.69493696496286,-2.155696408400209,6.74568,7.60104,0.08021409131831525,,-19.692559418646393,24.808795,59.476337,21.50777034154875,31.46190476409413,263.4582455905158,5.753979899540183,0.003473446766123766,0.9802919335202843
2026-10-07T17:32:01+03:00,17.47,287.53,23.564458161503254,26.69112,237.99520894144138,219.975686284577,-1.3572224251058942,5.69592,7.01784,-0.06875493541569878,,-14.146327961780026,24.808703,59.476307,21.590595035177326,29.618591418608133,267.6138003600495,4.951660384686108,0.003337654170063428,0.9836295876903477
2026-10-07T17:32:03+03:00,17.92,287.54,24.905179402109383,25.21368,233.99596353142817,213.4611561539395,-1.0793951902469578,5.38488,6.492959999999999,0.08594366926962349,,-17.876283208081684,24.80862,59.476276,20.4556448203087,31.26994874860182,265.26591228002997,4.602624927433997,0.0031452289680802066,0.9867748166584279
2026-10-07T17:32:05+03:00,17.73,287.53,20.3960015544298,23.502959999999998,227.99709541640848,213.11738147686103,1.5297400172197848,6.0652800000000004,6.74568,-0.19480565034447989,,-23.92671752466318,24.808538,59.476236,17.94287906052728,27.161536078628387,255.15863149503687,5.396419316243242,0.0034709319079770993,0.990245748566405
2026-10-07T17:32:07+03:00,17.85,287.54,32.11871804280645,24.241680000000002,219.99860459638222,212.206378582603,1.7459742891021577,6.37632,7.095599999999999,0.12032113697747288,,-27.22695442461672,24.808465,59.476197,19.143832639207137,42.31887376721741,262.31747836359966,4.714710678997657,0.00323447655170433,0.9934802251181093
2026-10-07T17:32:09+03:00,17.88,287.54,25.334897748457497,24.45552,222.99517386491638,211.40996724737116,0.16386592940741546,6.1236,6.47352,0.005729577951308233,,-30.257901160858776,24.808395,59.476166,19.10145795222594,33.21960191417378,256.21477577909013,5.122862508694999,0.002835274311332421,0.9963154994294418
2026-10-07T17:32:11+03:00,17.92,287.54,32.27914622544308,24.76656,220.99555115990984,216.97911701604275,-1.1445977873328457,6.25968,6.62904,0.2119943841984046,,-25.393489480198085,24.808321,59.476121,19.759116047472588,42.01959070673365,263.0151418666435,4.650416372680249,0.003524171292046747,0.9998396707214885
2026-10-07T17:32:13+03:00,17.88,287.55,29.82688686228315,24.31944,234.99863967290713,212.4355617006553,-3.8028354778423004,6.29856,7.251119999999999,-1.3235325067522015,,-26.562323382264967,24.808227,59.476088,19.11372001366242,39.26036615343233,274.2590058263395,4.876837448337161,0.003488493044878642,1.0033281637663671
2026-10-07T17:32:15+03:00,18.37,287.55,34.66838023113861,23.736240000000002,220.99555115990984,217.29997338131602,-1.4647666032519497,5.443199999999999,7.1150400000000005,0.17188733853924698,,-19.4862946123993,24.808153,59.476047,19.506730499822563,43.80135708166543,264.79690824157524,3.92859603782106,0.0033431954373622065,1.0066713592037293
2026-10-07T17:32:17+03:00,18.07,287.55,29.63781078988998,22.27824,232.9990169679006,209.2842938274358,-2.5203840450009785,6.6679200000000005,6.84288,0.21772396214971285,,-20.259787635825912,24.80806,59.47601,16.809280825881352,40.950590165131274,273.94960713303186,5.036113687480751,0.0036065162872701397,1.0102778754909993
2026-10-07T17:32:19+03:00,18.15,287.55,28.686700849972812,22.97808,227.99709541640848,209.22126846997142,-5.51632305996054,6.14304,7.15392,0.17188733853924698,,-17.263218367291703,24.807978,59.475969,17.83451826694875,38.20375920939139,266.2008546257999,4.827301070132297,0.0035128500007642546,1.0137907254917635
2026-10-07T17:32:21+03:00,18.48,287.55,25.518244242899364,23.6196,218.99592845490324,215.69569155494972,3.1853588620298114,5.6181600000000005,6.492959999999999,0.26356058576017866,,-21.00463276949598,24.807901,59.475922,18.70673265706079,32.95206530240972,251.94799375731296,4.714343731348542,0.003675162673105738,1.0174658881648693
2026-10-07T17:32:23+03:00,18.33,287.55,26.944909152775114,24.261120000000002,227.99709541640848,215.16284080547806,1.7725595307962276,6.68736,6.74568,0.31512678732195276,,-21.165060952132613,24.807812,59.475878,18.548917832667858,36.34724945641295,264.34434487282147,5.386265897674659,0.0037917090025390383,1.0212575971674083
2026-10-07T17:32:25+03:00,18.41,287.56,29.15079666402878,23.98896,228.9997715578874,214.48102102927237,-4.998254621603249,6.2208000000000006,7.29,0.4068000345428845,,-22.001579333023614,24.807732,59.475839,18.801871552104995,38.4253488797423,267.42512043762974,4.873490249943428,0.003385280405346601,1.024642877572755
2026-10-07T17:32:27+03:00,18.63,287.57,25.730238627097766,22.51152,227.99709541640848,213.12884063276366,0.9542612077903861,6.6679200000000005,6.648479999999999,0.45836623610465854,,-20.09935945318928,24.807646,59.475795,16.756672635980575,35.67819352825299,263.6752889446615,5.416388494837881,0.0037266323284647126,1.0283695099012198
2026-10-07T17:32:29+03:00,18.6,287.57,32.365089894712696,23.21136,229.99671812141503,212.45848001246054,-7.481396409920724,6.454079999999999,7.15392,0.25210142985756223,,-16.08292530932221,24.807555,59.475752,18.09283002878278,43.373714393483425,273.3704325148984,4.691404984259309,0.003794510656440698,1.0321640205576605
2026-10-07T17:32:31+03:00,18.71,287.57,29.231010755347096,20.78136,223.99785000639537,208.91187126060078,-1.1429362097269662,6.006959999999999,7.15392,0.18334649444186346,,-20.26551721377722,24.807477,59.475716,15.813786283744221,39.92105125551069,263.91890126190606,4.606914364646533,0.003217567407848111,1.0353815879655086
2026-10-07T17:32:33+03:00,18.93,287.58,26.69280772291755,22.60872,214.99668304489012,214.83052528430215,2.6562896340060096,5.96808,7.32888,0.29220847551671986,,-21.961472287364455,24.807406,59.475667,17.483438344329564,35.513315525860094,250.5099985707502,4.857900987968984,0.0036569054264528065,1.0390384933919614
2026-10-07T17:32:35+03:00,18.82,287.57,24.922368135963307,22.0644,232.9990169679006,212.09178702357684,-3.042806962601263,6.68736,6.804,0.38961130068895977,,-19.68110026274378,24.807317,59.475628,16.246035779557047,34.91123586462999,267.91025283253055,5.483900425233781,0.0035885649536011375,1.0426270583455626
2026-10-07T17:32:37+03:00,18.93,287.58,23.564458161503254,22.53096,227.99709541640848,213.28353923744896,-2.9691245901474392,5.98752,6.92064,0.1546986046853223,,-19.113872045564264,24.807229,59.475592,17.21001305558248,31.559492445465196,259.5565878618737,5.101948872168858,0.0034496284120148595,1.0460766867575775
2026-10-07T17:32:39+03:00,19.08,287.57,32.68594625998596,21.5784,230.99939426289401,210.3901023720383,1.694809157996975,6.492959999999999,7.62048,0.27501974166279514,,-19.887365068990874,24.807146,59.475558,16.490739551203998,44.96244134182126,275.96183560471525,4.5942247035759305,0.0032553433675678455,1.0493320301251454
2026-10-07T17:32:41+03:00,19.08,287.57,19.376136679096938,23.30856,227.99709541640848,210.43020941769745,2.858257256789625,6.43464,7.03728,0.24064227395494575,,-22.700587843083216,24.807061,59.475517,17.370057087974335,26.43573355017068,254.43282896657917,5.7617972436916,0.003578718660497667,1.052910748785643
2026-10-07T17:32:43+03:00,19.08,287.58,20.516322691407275,24.202799999999996,221.99822730138877,215.25451405269897,0.2580601909269228,6.39576,6.901199999999999,0.12605071492878112,,-26.550864226362346,24.806986,59.475476,18.350129910504346,27.532777635711795,249.53100493710056,5.671417999358805,0.0033639263210777856,1.056274675106721
2026-10-07T17:32:45+03:00,19.23,287.58,26.383410513546902,23.7168,227.99709541640848,212.75068848797727,-4.0280651871082265,6.6095999999999995,6.68736,0.18907607239317165,,-25.21587256370753,24.806894,59.475432,18.036410125239055,35.75550258398198,263.75259800039044,5.36380849988045,0.003857893733806184,1.0601325688405272
2026-10-07T17:32:47+03:00,19.2,287.59,22.997229944323742,23.502959999999998,225.9974727114019,217.2827846474621,0.3631406505539158,6.6095999999999995,7.4844,0.005729577951308233,,-26.115416302062922,24.806805,59.475384,17.60903508270281,31.42979671264493,257.4272694240468,5.639837706179829,0.003963184732085792,1.064095753572613
2026-10-07T17:32:49+03:00,19.53,287.59,19.891798694714677,24.08616,222.99517386491638,220.03871164204133,0.43516144540186025,7.44552,6.84288,-0.26929016371148695,,-23.542835801925527,24.806723,59.475339,17.271657838376143,28.32601906668151,251.3211929315979,6.554008107033732,0.003685539126055955,1.067781292698669
2026-10-07T17:32:53+03:00,19.5,287.59,19.59386064124665,21.65616,225.9974727114019,220.2793539159963,2.504627705634881,6.39576,7.4844,-0.26929016371148695,,-30.75064486467128,24.806538,59.475254,15.777224694450407,27.407082283391503,253.40455499479341,5.677890262025749,0.0034074019936652118,1.0711886946923341
2026-10-07T17:32:55+03:00,19.42,287.59,17.491105533116528,23.28912,229.99671812141503,222.04979350295056,-1.6936632424067135,6.492959999999999,6.78456,-0.13750987083139757,,-29.885478594023738,24.806455,59.475217,17.207390537848557,24.003094793561814,253.99981291497684,5.931471458201775,0.003371490055451601,1.0745601847477857
2026-10-07T17:32:57+03:00,19.42,287.6,21.983094646942185,21.53952,231.99634082642166,219.5975341397906,-3.4245687414969304,6.37632,6.7068,-0.011459155902616466,,-27.4905150103769,24.806357,59.475185,15.808030922237624,30.667443167973005,262.66378399439463,5.484542138820488,0.003556823384431425,1.0781170081322171
2026-10-07T17:32:58+03:00,19.53,287.61,24.45827232190734,22.97808,230.99939426289401,221.29348921337782,0.9076224432667371,6.47352,6.72624,-0.005729577951308233,,-23.325111839775815,24.806267,59.475148,17.294423274961268,33.37372250264289,264.3731167655369,5.406038117304514,0.003534922665000358,1.0816519307972174
2026-10-07T17:33:02+03:00,19.46,287.61,26.412058403303444,20.314799999999998,226.99441927492956,217.3629987387804,-0.5211624104509969,6.6095999999999995,7.056719999999999,0.08594366926962349,,-24.70021054808979,24.806085,59.475055,14.692303074887821,37.9555687211471,264.94998799607663,5.211589920758938,0.003620398465993509,1.085272329263211
2026-10-07T17:33:04+03:00,19.61,287.62,23.123280659252522,20.606399999999997,231.99634082642166,216.5035620460842,-1.3290901973649707,5.6376,6.10416,0.25210142985756223,,-26.42481351143357,24.806002,59.475026,15.579820475636089,31.292864069432653,263.2892048958543,4.817461837307266,0.0030756118542273605,1.0883479411174384
2026-10-07T17:33:06+03:00,19.5,287.62,22.99150036637243,22.919759999999997,232.9990169679006,216.62388318306165,-1.715435638621685,6.1624799999999995,6.29856,0.12605071492878112,,-23.880880901052713,24.805915,59.474996,17.41396733722809,30.936600148425583,263.93561711632617,5.285785160845964,0.0032103519167047726,1.0915582930341432
2026-10-07T17:33:08+03:00,19.53,287.62,18.740153526501725,22.56984,223.99785000639537,221.65445262431027,3.266948052056441,6.39576,6.68736,1.1229972784564135,,-27.45040796471774,24.805835,59.474961,16.640502615070353,25.83327702068621,249.83112702708158,5.756605097742916,0.003223508129559313,1.0947818011637025
2026-10-07T17:33:10+03:00,19.46,287.61,28.623675492508426,22.53096,233.99596353142817,220.45124125453555,-0.15699043586584555,6.72624,6.24024,0.011459155902616466,,-24.60280772291755,24.805743,59.474921,16.936120565832795,39.59153000439281,273.58749353582095,5.183290750709835,0.003697247167434168,1.0984790483311366
2026-10-07T17:33:12+03:00,19.68,287.62,20.734046653556987,23.48352,222.99517386491638,221.33359625903702,4.443574180137099,6.82344,6.08472,-0.395340878640268,,-24.568430255209698,24.805658,59.474883,17.27177819021234,28.774046333009096,251.76922019792548,5.980914473009603,0.0034570528486403402,1.101936101179777
2026-10-07T17:33:14+03:00,19.53,287.62,21.82839604225686,22.08384,230.99939426289401,217.6838551040537,0.07660445720899108,6.57072,7.17336,-0.29793805346802804,,-27.31862767183765,24.805571,59.474845,16.169870591965008,30.51875165861071,261.5181459215047,5.660432216361341,0.0035031213025548146,1.105439222482332
2026-10-07T17:33:16+03:00,19.68,287.63,15.353972957278557,20.91744,225.9974727114019,219.03603550056243,1.5280784396139055,6.76512,6.6679200000000005,-0.14896902673401402,,-27.335816405691578,24.805488,59.474801,14.50481024391585,22.447854757586043,248.44532746898795,6.252509487439736,0.003662736353423066,1.109101958835755
2026-10-07T17:33:18+03:00,19.46,287.62,29.534678386766434,20.43144,234.99863967290713,214.46383229541846,-5.980533465575533,6.1236,6.59016,0.1604281826366305,,-27.244143158470642,24.805391,59.474762,15.402257284924657,40.83701993457058,275.83565960747774,4.632948645205137,0.0037769156597216064,1.1128788744954765
2026-10-07T17:33:20+03:00,19.76,287.63,22.240925654751056,21.01464,226.99441927492956,217.3629987387804,1.1958775099970544,6.29856,6.53184,-0.017188733853924696,,-25.3992190581494,24.805309,59.47472,15.370697759413197,31.163606565773676,258.1580258407032,5.389634525319542,0.003555341356310296,1.1164342158517868
2026-10-07T17:33:22+03:00,19.68,287.63,20.808531166923995,21.65616,225.9974727114019,217.0707902632637,2.798440462977967,6.6095999999999995,6.72624,-0.2119943841984046,,-21.801044104727822,24.805222,59.474676,15.654776412964658,29.434785838188105,255.43225854959002,5.756403812207302,0.0037482653953969033,1.1201824812471837
2026-10-07T17:33:24+03:00,19.8,287.64,30.31963056609566,21.5784,224.99479656992298,213.71898716174837,3.5447179911358644,5.7153599999999996,6.804,-0.040107045659157625,,-25.27889792117192,24.805141,59.47464,16.8929891766088,40.15370827829747,265.14850484822045,4.3683483653011415,0.0032859854257338995,1.1234684666729176
2026-10-07T17:33:26+03:00,19.72,287.65,23.604565207162413,21.69504,223.99785000639537,219.27094819656605,-1.343242254904702,6.84288,7.1150400000000005,-0.20053522829578813,,-28.4645432620993,24.805059,59.474602,15.666177928312639,33.67749865107112,257.6753486574665,5.694452847468303,0.0033888577222756094,1.1268573243951931
2026-10-07T17:33:28+03:00,19.95,287.64,31.310847551671984,21.772799999999997,227.99709541640848,218.18805796376878,-1.4896902673401402,6.5124,6.7068,0.011459155902616466,,-26.464920557092725,24.804965,59.474567,16.558417706256567,43.10462147187221,271.1017168882807,4.754749878233599,0.003558326054885065,1.1304156504500782
2026-10-07T17:33:30+03:00,20.06,287.65,29.735213615062218,20.314799999999998,222.99517386491638,211.78811939215748,-3.199911990026135,6.29856,6.29856,0.017188733853924696,,-26.71129240899898,24.804886,59.474532,15.17073478953189,41.61888407917638,264.6140579440928,4.7086726152074245,0.003200461770541863,1.13361611222062
2026-10-07T17:33:32+03:00,19.91,287.65,26.646971099307084,19.28448,220.99555115990984,213.78201251921277,1.7953059552629216,6.492959999999999,7.056719999999999,-0.02864788975654116,,-26.860261435732994,24.804805,59.474492,13.79208435146109,38.836052343159565,259.8316035030694,5.05764919195128,0.0034490703235675623,1.1370651825441878
2026-10-07T17:33:34+03:00,20.06,287.65,26.85896548350549,20.54808,220.99555115990984,213.7705533633101,2.3967970485912597,6.43464,7.44552,-0.24064227395494575,,-30.0000701530499,24.804727,59.474448,15.090278857465917,37.966447949068254,258.9619991089781,5.0728845108442,0.003558854365731544,1.1406240369099192
2026-10-07T17:33:36+03:00,20.17,287.65,27.941855716302744,22.00608,223.99785000639537,217.59218185683275,0.7881607429819605,7.03728,6.804,-0.10313240312354818,,-28.39005874873229,24.804646,59.4744,16.12983926708331,39.738252748648534,263.73610275504393,5.411477743064473,0.003799950789703846,1.144423987699623
2026-10-07T17:33:38+03:00,20.25,287.65,28.560650135044035,21.131279999999997,226.99441927492956,219.25948904066342,0.016902254956359285,6.940079999999999,6.88176,-0.022918311805232933,,-28.052013649605104,24.804555,59.474357,15.3974693293128,41.004825543564976,267.9992448184945,5.23736137528224,0.0037945946475061894,1.1482185823471291
2026-10-07T17:33:40+03:00,20.28,287.65,22.114874939822272,21.52008,227.99709541640848,220.3080018057528,-0.521334297789536,7.1150400000000005,6.9984,0.10313240312354818,,-23.330841417727125,24.80446,59.474311,15.166885509194001,32.28700234213167,260.28409775854016,6.014934076122563,0.00400713102655785,1.152225713373687
2026-10-07T17:33:42+03:00,20.28,287.66,33.00107304730791,20.586959999999998,230.99939426289401,212.29805182982392,-3.1230783496990915,6.59016,6.318,-0.18334649444186346,,-25.22733171961015,24.804363,59.474269,15.481884414287826,46.40665659033792,277.40605085323193,4.544148646038838,0.00389143815378171,1.1561171515274689
2026-10-07T17:33:44+03:00,20.7,287.66,26.394869669449523,21.83112,229.99671812141503,219.11624959188075,-0.06617662533761008,6.55128,7.9120800000000004,-0.12605071492878112,,-23.565754113730762,24.80428,59.474225,16.22630896076561,36.7347235336475,266.73144165506255,5.2502830045255795,0.003662766242471455,1.1597799177699404
2026-10-07T17:33:46+03:00,20.73,287.67,27.191281004681368,22.5504,231.99634082642166,221.13306103074123,-0.5840731763563611,6.62904,7.270560000000001,0.09740282517223994,,-22.46567514707958,24.804193,59.474189,16.927216296065314,37.50022383044157,269.49656465686326,5.259155261872775,0.003425991607487353,1.1632059093774276
2026-10-07T17:33:48+03:00,20.66,287.66,27.04804155589866,23.19192,235.9955862364348,222.61702172013008,-2.263240586546265,6.35688,6.8623199999999995,0.16615776058793874,,-20.523348221586087,24.804101,59.474156,17.767057735204833,36.41172629910528,272.4073125355401,5.115841128429874,0.0034385730229887436,1.1666444824004163
2026-10-07T17:33:50+03:00,20.66,287.65,28.950261435732994,22.355999999999998,230.99939426289401,223.25873445067654,4.370693948596459,6.53184,6.8623199999999995,-0.005729577951308233,,-21.342677868623163,24.804008,59.47412,16.938085512932656,39.70845005481269,270.7078443177067,5.024979394542796,0.0035698904043371285,1.1702143728047534
2026-10-07T17:33:52+03:00,20.77,287.66,30.16493196141034,22.239359999999998,231.99634082642166,221.70028924792078,-1.9068035421953795,6.8623199999999995,6.8623199999999995,0.21772396214971285,,-22.88393433752508,24.803918,59.474082,16.666927141364702,42.105206765430296,274.10154759185195,5.09125754412293,0.003573111359029629,1.173787484163783
2026-10-07T17:33:54+03:00,20.88,287.66,30.119095337799873,22.82256,233.99596353142817,221.23619343386477,-1.6253666732271195,6.006959999999999,6.62904,0.011459155902616466,,-25.63986133210434,24.803829,59.474046,17.882509959561332,39.823235753325235,273.8191992847534,4.613488666616609,0.0034735543134531977,1.1772610384772362
2026-10-07T17:33:56+03:00,21.03,287.67,25.191658299674792,23.016959999999997,232.9990169679006,221.66018220226158,-2.1056198971057754,5.9292,7.056719999999999,-0.45836623610465854,,-27.862937577211934,24.803738,59.474004,17.83119570074558,33.32837443955259,266.3273914074532,4.9540563024588655,0.0037539326540686605,1.181014971131305
2026-10-07T17:33:58+03:00,21.37,287.67,20.728317075605677,23.6196,239.99483164644792,221.99822730138877,3.97942107030162,5.443199999999999,7.795439999999999,-0.22918311805232927,,-31.231929412581177,24.803649,59.47397,18.62863115286554,26.664391146199847,266.65922279264777,4.864318204684876,0.0033999708765136746,1.1844149420078187
2026-10-07T17:34:00+03:00,21.15,287.67,23.598835629211106,24.3,239.99483164644792,228.90809831066647,-1.4862525205693555,6.2208000000000006,7.776,0.022918311805232933,,-29.341168688649457,24.803557,59.473937,18.765424123242365,31.22510591022953,271.21993755667745,5.319637422624295,0.0034385878954577066,1.1878535299032764
2026-10-07T17:34:02+03:00,21.33,287.68,27.82153457932527,23.48352,239.99483164644792,227.74499398655092,-6.106011222709183,6.68736,6.97896,0.08594366926962349,,-24.367895026913914,24.80345,59.473906,17.844257042610284,37.89488838298419,277.8897200294321,5.277255813125828,0.003760825155497343,1.1916143550587737
2026-10-07T17:34:04+03:00,21.56,287.68,22.14352282957881,22.744799999999998,236.99826237791373,221.00701031581244,-3.2537700227684323,6.57072,7.1150400000000005,0.12605071492878112,,-24.963771133849967,24.803354,59.473876,16.84182041900233,30.599869493218648,267.5981318711324,5.655702470284417,0.0034412238630852905,1.1950555789218589
2026-10-07T17:34:06+03:00,21.33,287.68,30.669134821125464,23.05584,233.99596353142817,220.05590037589528,-5.477934887686775,6.940079999999999,6.76512,-0.10313240312354818,,-25.261709187318,24.803267,59.473839,17.449345159154042,42.374124501497874,276.37008803292605,5.127052035016939,0.003464290534013049,1.1985198694558719
2026-10-07T17:34:08+03:00,21.63,287.68,23.822289169312125,21.772799999999997,229.99671812141503,216.91609165857835,4.301079576488063,6.88176,7.13448,-0.18334649444186346,,-30.6245941497425,24.80317,59.473796,15.724954849394068,34.00341476706987,264.0001328884849,5.705008244708302,0.003930729692098927,1.2024505991479708
2026-10-07T17:34:10+03:00,21.6,287.68,19.891798694714677,21.17016,219.99860459638222,218.91571436358495,0.670246028744037,7.3094399999999995,8.1648,-0.4526366581533504,,-31.61008155736752,24.803095,59.473753,14.511524877603138,29.75992344721209,249.7585280435943,6.345418851293163,0.00345304333560239,1.2059036424835732
2026-10-07T17:34:12+03:00,21.63,287.69,21.788288996597704,21.69504,229.99671812141503,222.88631188384153,-1.3445600578335029,7.1928,7.270560000000001,-0.10313240312354818,,-26.05812052254984,24.802997,59.473711,15.251576327217526,31.869937079553466,261.86665520096847,6.1084770616182995,0.003914759873914012,1.2098184023574872
2026-10-07T17:34:14+03:00,21.63,287.69,30.004503778773707,21.53952,235.9955862364348,217.86147202054423,0.8032295329939012,6.1236,6.72624,0.22918311805232927,,-19.921742536698723,24.802893,59.473681,16.522811418467864,40.685032513635434,276.68061875007027,4.643554411346574,0.0036515097015198746,1.2134699120590071
2026-10-07T17:34:16+03:00,21.67,287.69,20.34443535286803,21.2868,224.99479656992298,216.85306630111398,-3.051344033748712,6.318,6.47352,0.22918311805232927,,-19.583697437571537,24.80281,59.473643,15.519151287736547,28.48123173883539,253.47602830875837,5.553353735411797,0.003411526584692832,1.2168814386437
2026-10-07T17:34:18+03:00,21.67,287.69,20.098063500961775,19.86768,227.99709541640848,216.83587756726007,3.495157141857048,6.804,6.7068,0.246371851906254,,-24.68875139218717,24.80272,59.473599,13.679292227705478,29.939292473680467,257.93638789008895,5.896038115361384,0.003813778259179449,1.2206952169028793
2026-10-07T17:34:20+03:00,21.78,287.7,31.603056027188707,23.46408,220.99555115990984,220.26216518214238,-3.352146876192395,6.940079999999999,7.13448,0.022918311805232933,,-22.671939953326675,24.802638,59.473555,17.926015160908847,43.30844585664505,264.3039970165549,5.05009949689473,0.003641745363478622,1.224336962266358
2026-10-07T17:34:22+03:00,21.93,287.69,19.920446584471218,22.744799999999998,226.99441927492956,223.37905558765405,0.3426287614882323,6.37632,7.3094399999999995,-0.22345354010102106,,-20.96452572383682,24.802547,59.473518,16.890298669428716,27.3105686289708,254.30498790390035,5.665568291622394,0.0035588092457121694,1.2278957715120702
2026-10-07T17:34:24+03:00,21.75,287.71,26.95063873072642,20.956319999999998,235.9955862364348,216.18843525876224,1.630695180721836,6.59016,6.68736,0.05156620156177409,,-18.340379022137654,24.802451,59.473485,15.37477837493917,38.152538598662346,274.1481248350972,5.1822967834791065,0.0035390768499571823,1.2314348483620274
2026-10-07T17:34:26+03:00,21.82,287.71,15.342513801375942,21.50064,228.9997715578874,215.87903804939157,4.09653364362636,6.39576,6.57072,-0.10313240312354818,,-22.402649789615186,24.802367,59.473448,15.425918070612859,21.64062010413818,250.6403916620256,5.9449565747451425,0.003394596420931804,1.2348294447829593
2026-10-07T17:34:28+03:00,21.75,287.71,22.223736920897128,20.27592,226.99441927492956,215.00241262284143,-3.1112181233398837,6.10416,7.6593599999999995,-0.005729577951308233,,-26.590971272021505,24.802281,59.473413,14.80632188622681,31.194442991699447,258.18886226662903,5.221586965702698,0.003364515393000983,1.2381939601759604
2026-10-07T17:34:30+03:00,22.23,287.71,26.744373924479326,22.04496,222.99517386491638,217.52915649936836,-0.569348161021499,6.337439999999999,6.84288,-0.05156620156177409,,-26.390436043725717,24.802195,59.473369,16.631817784285097,36.617876951182865,259.61305081609925,5.08662838400652,0.00372676516069372,1.2419207253366542
2026-10-07T17:34:32+03:00,22.01,287.72,16.60875052861506,20.23704,226.99441927492956,218.65215377782474,1.5657217667540009,6.4152,6.1236,-0.20053522829578813,,-32.34346753513497,24.802115,59.473325,14.208311229689135,24.02387382417828,251.01829309910784,5.85948907756058,0.003600052698492339,1.2455207780351465
2026-10-07T17:34:34+03:00,22.08,287.72,22.77377640422272,20.956319999999998,224.99479656992298,221.2705709015726,1.454052292483003,6.59016,6.940079999999999,-0.246371851906254,,-27.67959108277007,24.802033,59.47328,15.097014539396724,32.50196995610014,257.4967665260231,5.557962823580544,0.003685642764163048,1.2492064207993094
2026-10-07T17:34:36+03:00,22.05,287.73,20.103793078913082,20.178720000000002,231.99634082642166,216.8817141908705,-2.003518818013463,6.97896,7.03728,0.0,,-19.9733087382605,24.801936,59.47325,13.834534926424205,30.08898773010418,262.08532855652584,6.038529752352652,0.003467310918547953,1.2526737317178573
2026-10-07T17:34:38+03:00,22.23,287.73,23.369652511158776,19.78992,230.99939426289401,215.39202392353036,0.12650908116488577,5.890319999999999,6.454079999999999,0.27501974166279514,,-20.082170719335352,24.801849,59.473216,14.571354921731542,32.59665654230702,263.596050805201,4.962499384091055,0.0033514197037527874,1.25602515142161
2026-10-07T17:34:40+03:00,22.08,287.73,34.68556896499253,20.78136,231.99634082642166,218.79539322660747,-3.297658589875453,5.754239999999999,7.7176800000000005,-0.10313240312354818,,-15.630288651168858,24.80178,59.473183,16.380366686466445,46.21719459171388,278.2135354181355,3.981511378395098,0.002893522646462843,1.258918674068073
2026-10-07T17:34:42+03:00,22.65,287.73,30.434222125121824,20.7036,235.9955862364348,210.1208122083268,-0.6120908125382584,6.14304,6.43464,0.395340878640268,,-17.30905499090217,24.801686,59.473146,15.718100654424555,41.85263648930257,277.8482227257374,4.575725384965242,0.0036307905012718618,1.2625494645693447
2026-10-07T17:34:44+03:00,22.12,287.75,17.382243552041672,19.6344,231.99634082642166,212.03449124406376,-0.33890453581988195,6.006959999999999,6.6095999999999995,0.29793805346802804,,-22.660480797424057,24.801609,59.473109,14.017108899214453,24.737760970054012,256.73410179647567,5.455716800293051,0.0032361821686878985,1.2657856467380326
2026-10-07T17:34:46+03:00,22.53,287.75,28.15385010050115,20.93688,221.99822730138877,213.33510543901073,-1.1245442645032666,6.59016,6.37632,0.09740282517223994,,-23.032903364259095,24.801528,59.473061,15.442742570692538,39.77018054524112,261.7684078466299,5.065306129658048,0.0038000145743855938,1.2695856613124181
2026-10-07T17:34:48+03:00,22.46,287.75,24.349410340832485,22.04496,230.99939426289401,214.76177034888647,4.1751434531183085,5.67648,6.43464,0.08021409131831525,,-23.342300573629736,24.80145,59.473017,17.03495328501665,32.24619221818739,263.24558648108143,4.800958360489588,0.0035589218598570836,1.2731445831722752
2026-10-07T17:34:50+03:00,22.53,287.75,23.40975955681793,23.386319999999998,222.99517386491638,224.0322274741032,0.28642160178589854,6.62904,6.43464,0.22918311805232927,,-24.52832320955054,24.80139,59.472971,17.502234824629603,32.06453435195516,255.05970821687154,5.617784526796404,0.0033167409360753326,1.2764613241083504
2026-10-07T17:34:54+03:00,22.53,287.76,21.18095373375903,22.453200000000002,229.99671812141503,220.95544411425064,0.9900710699860625,6.454079999999999,7.32888,0.2807493196141034,,-22.179196249514167,24.80119,59.47288,16.59974619274502,29.256650231725445,259.25336835314044,5.630792957899257,0.0038622404871456783,1.2803235645954962
2026-10-07T17:34:56+03:00,22.53,287.77,21.54191714469145,21.772799999999997,227.99709541640848,221.0471173614716,-2.9101672330284774,6.4152,6.47352,0.2119943841984046,,-22.144818781806322,24.801097,59.472834,15.980267908032387,30.01839299732947,258.01548841373796,5.554696185608852,0.003963248372834401,1.2842868129683307
2026-10-07T17:34:57+03:00,22.53,287.77,15.720665946162285,21.44232,232.9990169679006,218.33702699050284,-2.2685117982614686,6.454079999999999,6.14304,0.13750987083139757,,-23.21624985870096,24.801003,59.472798,15.329728701220684,22.270862576537098,255.26987954443769,5.9726222117808705,0.0035943101065025454,1.2878811230748333
2026-10-07T17:35:02+03:00,22.76,287.77,22.011742536698723,22.02552,218.99592845490324,222.46805269339603,3.8267851136787683,6.8623199999999995,6.55128,-0.1604281826366305,,-19.61234532732808,24.800928,59.472755,15.873172676441106,31.336648181833482,250.33257663673672,5.861288365748535,0.0034530881894425046,1.2913342112642758
2026-10-07T17:35:04+03:00,22.57,287.78,17.153060433989346,20.450879999999998,223.99785000639537,223.4077034774106,3.7591187980738185,6.78456,7.17336,0.10313240312354818,,-21.921365241705296,24.800841,59.472711,14.110685269903696,25.305256714828772,249.30310672122414,6.133536262895619,0.003748374870218818,1.2950825861344946
2026-10-07T17:35:06+03:00,22.53,287.78,26.95063873072642,19.20672,242.99713049293345,217.72396214971283,-3.5900962485102257,6.10416,6.25968,0.09167324722093173,,-15.212029460723356,24.800739,59.472673,14.040741794347543,38.314375844691966,281.3115063376254,4.78945114464702,0.0038620592234065547,1.2989446453579012
2026-10-07T17:35:08+03:00,22.76,287.78,26.446435871011296,19.69272,221.99822730138877,214.95657599923098,-0.5515291735929304,6.24024,6.88176,0.27501974166279514,,-15.848012613318572,24.800656,59.472636,14.376691469986596,37.59245577994477,259.5906830813335,4.9445788140624,0.00337163555344702,1.3023162809113482
2026-10-07T17:35:10+03:00,22.53,287.78,19.605319797149267,18.31248,224.99479656992298,213.5241815114039,-1.6322994625482024,6.37632,6.57072,0.18334649444186346,,-13.538992698941353,24.800574,59.472594,12.49042256978326,29.468242772143356,254.46303934206634,5.551405897657128,0.003555452286797933,1.3058717331981462
2026-10-07T17:35:12+03:00,22.98,287.79,23.19203559466822,17.82648,216.9963057498967,211.82822643781665,2.7462440078415487,6.57072,6.55128,0.18907607239317165,,-11.333105187687684,24.800492,59.472547,12.067440348228795,35.57422756441176,252.57053331430845,5.344377415251596,0.003774786708843792,1.30964651990699
2026-10-07T17:35:14+03:00,22.65,287.79,17.7489365409254,21.50064,220.99555115990984,214.24610833326875,1.2273901887292495,6.045839999999999,6.454079999999999,0.23491269600363757,,-12.341510907117932,24.800403,59.47251,15.850093301228647,24.4264139109371,245.42196507084694,5.504695717873792,0.003511409282008043,1.313157929188998
2026-10-07T17:35:16+03:00,22.72,287.79,23.667590564626803,21.34512,215.99935918636905,205.6918484519655,-1.799030180931272,6.29856,6.25968,0.25210142985756223,,-18.15703252769579,24.800335,59.472467,15.7802125436595,32.88771204481631,248.88707123118536,5.2891297045553065,0.0033152348640375887,1.3164731640530356
2026-10-07T17:35:18+03:00,23.02,287.79,24.561404725030886,20.39256,219.99860459638222,206.63149923598007,0.7821446861330869,6.10416,6.47352,-0.03437746770784939,,-22.746424466693686,24.800271,59.47242,15.056064988297628,34.263405696545504,254.26201029292773,5.044832140211648,0.003435003925923683,1.3199081679789593
2026-10-07T17:35:20+03:00,22.83,287.79,26.343303467887747,19.86768,221.99822730138877,210.23540376735295,1.8381059025591937,5.2488,7.07616,-0.37242256683503505,,-34.921777613223675,24.800207,59.472381,15.341793999479773,35.07555238870046,257.0737796900892,4.2955916376010475,0.0030518126813614916,1.3229599806603207
2026-10-07T17:35:22+03:00,23.17,287.8,37.160746639957694,21.44232,205.99551608338487,215.3232689881147,-6.10595392692967,6.201359999999999,6.74568,-0.06875493541569878,,-30.160498335686533,24.800149,59.472329,16.920053706095487,49.951507398868785,255.94702348225366,3.9901765698001372,0.003592395492494135,1.3265523761528148
2026-10-07T17:35:24+03:00,22.83,287.81,26.612593631599232,21.03408,235.9955862364348,208.785820545672,-0.5354290595497543,6.08472,6.804,0.0,,-27.387382607253347,24.800059,59.472295,15.83042062042574,36.52719649022316,272.52278272665797,4.889525384709461,0.0034245289268675983,1.3299769050796824
2026-10-07T17:35:26+03:00,22.91,287.81,30.881129205323862,20.19816,223.99785000639537,214.5784238544446,-0.40135693548914164,7.13448,7.15392,0.005729577951308233,,-24.95804155589866,24.799992,59.47225,14.543646449827865,45.46413611374169,269.46198612013706,5.003807365632577,0.0033912927710754485,1.3333681978507579
2026-10-07T17:35:28+03:00,23.13,287.82,28.652323382264967,19.303919999999998,226.99441927492956,211.72509403469311,-2.868169426645388,6.648479999999999,7.15392,0.22918311805232927,,-22.597455439959663,24.799898,59.472206,13.841683982621346,41.967750366480544,268.9621696414101,4.943286732779731,0.003902772333350727,1.3372709701841086
2026-10-07T17:35:30+03:00,23.13,287.82,28.921613545976452,19.71216,218.99592845490324,210.75106578297073,1.6351642515238562,6.337439999999999,6.648479999999999,0.08594366926962349,,-23.313652683873194,24.799806,59.47216,14.492887776601291,41.13034730847781,260.12627576338105,4.773455509337014,0.003941471869935275,1.3412124420540439
2026-10-07T17:35:32+03:00,23.02,287.82,26.19433444115373,19.45944,213.99973648136248,210.87138691994818,1.7385258377654569,6.454079999999999,7.698239999999999,0.06875493541569878,,-28.281196767657434,24.79974,59.472107,13.96193533220268,37.96826288671943,251.9679993680819,5.088084669712322,0.003769543721629485,1.3449819857756733
2026-10-07T17:35:34+03:00,23.32,287.83,32.44530398603102,19.75104,226.99441927492956,213.43250826418299,-5.147223648337264,6.84288,6.648479999999999,0.09740282517223994,,-24.923664088190808,24.799661,59.472054,14.450418545086832,47.162755656751415,274.15717493168097,4.652598048958539,0.003995835198482962,1.3489778209741563
2026-10-07T17:35:36+03:00,23.13,287.83,38.885349603301464,20.820240000000002,227.99709541640848,212.49285748016842,-4.298902336866567,6.6095999999999995,7.4844,-0.022918311805232933,,-24.069956973445883,24.799581,59.472014,16.215164441236045,53.71157103772063,281.7086664541291,3.9118944522897396,0.0034273745200093953,1.3524051954941656
2026-10-07T17:35:38+03:00,23.43,287.83,23.810830013409507,20.25648,223.99785000639537,213.17467725637408,1.6936059466272004,6.24024,6.6095999999999995,-0.19480565034447989,,-22.6891286871806,24.799499,59.471973,14.763921178692863,33.63579578781756,257.63364579421295,5.195469967136695,0.003513061021893356,1.355918256516059
2026-10-07T17:35:40+03:00,23.32,287.83,25.478137197240205,20.898,224.99479656992298,210.83700945224035,8.074522319440153,6.201359999999999,6.55128,-0.320856365273261,,-20.580644001099174,24.799412,59.471933,15.530543617603737,35.368647213525634,260.3634437834486,5.056865907580606,0.003582833085805015,1.359501089601864
2026-10-07T17:35:42+03:00,23.25,287.84,25.220306189431334,19.88712,223.99785000639537,211.53028838434864,4.335055973739322,6.18192,7.15392,-0.20626480624709637,,-21.646345500042504,24.799337,59.471891,14.535159450145905,35.66135274410064,259.659202750496,5.022667527922047,0.0034083700924201626,1.3629094596942841
2026-10-07T17:35:44+03:00,23.43,287.84,35.075180265681496,20.27592,219.99860459638222,211.982925042502,-0.4560171091446223,7.3094399999999995,7.387199999999999,0.12605071492878112,,-20.47751159797562,24.799256,59.471838,14.898263756861223,51.45103993196784,271.44964452835006,4.555119911247643,0.0040329996422106915,1.3669424593364947
2026-10-07T17:35:46+03:00,23.32,287.84,29.133607930174854,18.97344,223.99785000639537,212.20064900465167,0.7006700876654838,6.7068,7.056719999999999,0.14896902673401402,,-20.43167497436515,24.799174,59.471794,13.515485025976329,43.11394469529296,267.1117947016883,4.895936899484285,0.0036418350709060254,1.3705842944074007
2026-10-07T17:35:48+03:00,23.51,287.84,25.518244242899364,19.828799999999998,220.99555115990984,217.59791143478407,4.617065800502712,6.454079999999999,6.97896,0.12032113697747288,,-25.301816232977153,24.79909,59.471749,14.277669772752425,36.74767514851817,257.743226308428,5.171512894059715,0.00372746990145983,1.3743117643088605
2026-10-07T17:35:48+03:00,23.4,287.83,30.772267224249013,22.20048,225.9974727114019,214.5096689190289,-1.1568017883691322,7.056719999999999,7.23168,0.011459155902616466,,-25.290357077074535,24.798996,59.471707,16.5362406049163,43.38341443666812,269.38088714807003,5.1286373299953505,0.0038223618892274836,1.378134126198088
2026-10-07T17:35:50+03:00,23.62,287.83,25.00831180523293,21.26736,224.99479656992298,222.77744990276668,4.5416072588839835,7.348319999999999,7.03728,-0.22345354010102106,,-28.940098232057878,24.798909,59.471665,14.934629538792686,37.01386658388705,262.00866315381006,5.867558838034255,0.0036646045078264117,1.3817987307059143
2026-10-07T17:35:52+03:00,23.58,287.83,33.09847587248015,22.258799999999997,228.9997715578874,220.9210666465428,-9.052905050405547,7.17336,6.95952,0.1776169164905552,,-25.08982184877875,24.798809,59.47162,16.714930189442093,46.65207638528557,275.651847943173,4.92398683831929,0.004079043496792422,1.3858777742027066
2026-10-07T17:35:54+03:00,23.73,287.83,32.60573216866764,24.047279999999997,229.99671812141503,218.78393407070482,-3.4802029434041337,6.454079999999999,7.270560000000001,0.1776169164905552,,-21.955742709413148,24.798715,59.471576,18.932542403276077,43.19079073274577,273.1875088541608,4.705531911797589,0.0039028116862902403,1.3897805858889969
2026-10-07T17:35:56+03:00,23.73,287.82,23.593106051259795,23.6196,225.9974727114019,223.87752886941786,1.6831781147558196,7.056719999999999,6.9984,-0.13178029288008933,,-19.343055163616594,24.79863,59.471532,17.383720565989805,32.94353222947953,258.94100494088144,5.922048318241006,0.0037054169059046204,1.3934860027949014
2026-10-07T17:35:58+03:00,23.88,287.83,28.78410367514505,24.4944,235.9955862364348,219.16781579344251,-1.3663324540484743,6.201359999999999,6.804,0.25210142985756223,,-16.37513378483893,24.798535,59.471498,19.291770259649404,37.68826094681188,273.6838471832467,4.907438851149471,0.003548250676502573,1.397034253471404
2026-10-07T17:36:00+03:00,23.62,287.83,23.06025530178813,22.919759999999997,235.9955862364348,216.97911701604275,0.004068000345428846,6.1236,6.62904,-0.2119943841984046,,-25.0554443810709,24.798444,59.471463,17.451102980343,30.960417226585975,266.9560034630208,5.251127291882535,0.003485082456454188,1.4005193359278583
2026-10-07T17:36:02+03:00,23.81,287.82,26.92199084096988,23.502959999999998,224.99479656992298,219.75223274447592,-1.8633733413244635,6.1624799999999995,6.9984,0.10313240312354818,,-25.49662188332163,24.798366,59.471424,18.223224362262723,35.72941583605848,260.72421240598146,5.002601604121263,0.003341719819670761,1.403861055747529
2026-10-07T17:36:04+03:00,23.88,287.82,24.985393493427694,22.18104,227.99709541640848,218.68653124553262,0.5297567773779592,6.454079999999999,6.68736,-0.1432394487827058,,-29.68494336572795,24.798288,59.471385,16.55693360095413,34.46237239443204,262.4594678108405,5.321375950877807,0.0033417217788128187,1.4072027775263418
2026-10-07T17:36:06+03:00,24.0,287.826,24.962475181622462,23.21136,222.99517386491638,222.45659353749343,2.5094978468934923,7.056719999999999,9.078479999999999,0.1546986046853223,,-24.276221779692982,24.798206,59.471337,17.07555611120248,35.006670275530126,258.0018441404465,5.780055363903309,0.0038200382897140245,1.4110228158160558
2026-10-07T17:36:08+03:00,23.88,287.819,18.430756317131078,23.21136,230.99939426289401,221.2705709015726,-1.5336361302266746,7.17336,6.901199999999999,0.2864788975654116,,-22.95268927294078,24.798108,59.471293,16.561961062436847,26.301302019264966,257.300696282159,6.430747673035052,0.00399350110006989,1.4150163169161256
2026-10-07T17:36:10+03:00,24.03,287.818,23.913962416533057,21.5784,223.99785000639537,218.69226082348393,0.3886372724372374,7.1150400000000005,6.88176,0.3666929888837269,,-21.65207507799381,24.798016,59.471256,15.347589045379625,34.74563119858195,258.74348120497734,5.84636004788544,0.003582842511281947,1.4185991594274077
2026-10-07T17:36:12+03:00,24.03,287.82,19.27300427597339,21.209039999999998,222.99517386491638,223.13268373574778,2.124126433888501,6.43464,6.84288,0.31512678732195276,,-24.224655578131205,24.797936,59.471226,15.28331353469283,27.261092079346923,250.2562659442633,5.719934777081994,0.0030361356785122127,1.42163529510592
2026-10-07T17:36:14+03:00,23.96,287.819,31.90672365860804,21.15072,232.9990169679006,218.53183264084728,-8.581589968130931,6.940079999999999,6.84288,-0.18334649444186346,,-14.84533647183963,24.79783,59.471187,15.693906143436198,45.42334226247306,278.4223592303737,4.870984784656685,0.003996272506353753,1.4256315676122737
2026-10-07T17:36:16+03:00,24.07,287.825,21.031984707025018,20.04264,228.9997715578874,213.8622266105311,1.2548921628955292,5.5598399999999994,6.006959999999999,0.20626480624709637,,-16.76474508552789,24.797741,59.471155,14.986623851284062,28.683243366704886,257.68301492459227,4.877572972234082,0.003329282961622016,1.4289608505738958
2026-10-07T17:36:18+03:00,23.81,287.811,20.057956455302616,20.29536,226.99441927492956,217.38018747263433,2.438050009840679,5.7348,6.648479999999999,0.2807493196141034,,-19.18262698097996,24.797668,59.471115,15.03758238796635,27.573593466662942,254.5680127415925,5.083424265627582,0.0032785293741030334,1.4322393799479989
2026-10-07T17:36:20+03:00,24.22,287.811,21.18095373375903,21.01464,223.99785000639537,222.4967005831526,2.8937233443082224,5.87088,6.72624,0.10313240312354818,,-18.300271976478495,24.797587,59.471075,15.684477757127372,28.953695386094637,252.95154539249,5.137085924590282,0.0034492496547961866,1.435688629602795
2026-10-07T17:36:22+03:00,23.96,287.811,26.61832320955054,20.489759999999997,244.99675319794,214.0226547931677,-2.049641920521494,5.7348,5.67648,0.25210142985756223,,-16.575669013134714,24.797506,59.471044,15.576175759712479,36.11324371360783,281.1099969115478,4.632879236424631,0.003096557593396208,1.4387851871961912
2026-10-07T17:36:24+03:00,24.15,287.825,30.594650307758453,21.05352,225.9974727114019,216.7212860082339,-0.28384329170780986,5.52096,7.44552,0.17188733853924698,,-21.388514492233632,24.797429,59.471006,16.541549250625852,40.375053704613435,266.3725264160154,4.205980085349462,0.0032778854802240818,1.4420630726764152
2026-10-07T17:36:26+03:00,24.22,287.82,30.39411507946267,21.53952,224.99479656992298,216.40615922091195,-0.8162356749433708,6.25968,6.5124,0.06875493541569878,,-17.561156420759733,24.797356,59.470965,16.44792382265985,41.49577724964584,266.4905738195688,4.688528829380152,0.003322867250051554,1.4453859399264668
2026-10-07T17:36:28+03:00,24.15,287.808,21.524728410837522,22.04496,225.9974727114019,212.66474481870765,2.387285949192088,6.201359999999999,7.85376,0.26356058576017866,,-22.081793424341928,24.797266,59.470919,16.434353830680138,29.482751144828683,255.4802238562306,5.3983080669946215,0.003898259970084728,1.4492841998965516
2026-10-07T17:36:30+03:00,24.18,287.816,26.59540489774531,21.83112,218.99592845490324,216.41188879886323,1.036996313407277,6.97896,6.92064,0.22345354010102106,,-23.749100608172622,24.797189,59.470866,15.900588710143168,37.9274979216992,256.92342637660244,5.504928139295647,0.003959322714417341,1.4532435226109688
2026-10-07T17:36:32+03:00,24.18,287.818,22.206548187043207,23.094720000000002,224.99479656992298,215.50661548255653,4.314085718437534,6.53184,6.201359999999999,0.0,,-20.47751159797562,24.797112,59.470824,17.225185605047702,30.4464640252082,255.44126059513118,5.63111897347594,0.0034497437786241026,1.4566932663895928
2026-10-07T17:36:34+03:00,24.3,287.819,16.328001209000956,23.7168,229.99671812141503,218.3312974125515,2.909193204776755,6.0264,6.57072,-0.02864788975654116,,-17.86482405217907,24.797028,59.470782,18.01330913916452,21.724915918853384,251.7216340402684,5.598355015691651,0.0035988098393080607,1.460292076228901
2026-10-07T17:36:36+03:00,24.33,287.811,21.948717179234336,21.617279999999997,228.9997715578874,215.3347281440173,-0.482946125515771,5.90976,7.698239999999999,0.29220847551671986,,-18.460700159115124,24.796943,59.47074,16.286361254555313,29.74380615237746,258.74357771026484,5.131163610292978,0.0036206360419217903,1.4639127122708226
2026-10-07T17:36:38+03:00,24.18,287.812,31.413979954795536,21.92832,226.99441927492956,212.95122371627306,-1.8777545819822468,6.57072,6.18192,0.38961130068895977,,-21.48591731740587,24.796855,59.470698,16.676172868054078,43.26510814132888,270.25952741625844,4.784734376449244,0.003686852446095059,1.4675995647169178
2026-10-07T17:36:40+03:00,24.33,287.816,35.550735235640076,21.88944,220.99555115990984,214.5039393410776,-5.307709126753407,6.57072,6.95952,0.05156620156177409,,-18.01952265686439,24.796774,59.470651,16.978883690519094,48.55403942070666,269.5495905806165,4.349247380188321,0.003754697645659292,1.471354262362577
2026-10-07T17:36:42+03:00,24.67,287.818,34.29595766430357,21.88944,218.99592845490324,211.55893627410518,-1.0644982875735562,5.773680000000001,6.201359999999999,0.12032113697747288,,-24.642914768576706,24.796699,59.47061,17.425957031900147,45.05573927849272,264.05166773339596,4.078634649257765,0.003364150805767598,1.4747184131683446
2026-10-07T17:36:44+03:00,24.33,287.811,22.05184958235788,22.29768,217.99898189137562,221.0643060953255,3.998729747997529,6.454079999999999,7.814879999999999,-0.1546986046853223,,-24.952311977947353,24.796621,59.470567,16.494709201952652,30.499458637284732,248.49844052866035,5.561054482163921,0.003514601246673442,1.478233014415018
2026-10-07T17:36:46+03:00,24.48,287.816,35.206960558561576,23.1336,231.99634082642166,217.95887484571648,-3.8683245538257536,6.6095999999999995,7.1928,0.022918311805232933,,-17.435105705830953,24.796528,59.470531,18.13787441243343,47.334771614291526,279.3311124407132,4.479415418363571,0.0035701303036289084,1.4818031447186468
2026-10-07T17:36:48+03:00,24.63,287.811,22.269573544507594,22.355999999999998,225.9974727114019,213.85076745462845,0.7760140377251871,5.96808,7.07616,0.1432394487827058,,-13.922874421679005,24.796446,59.470495,16.984333452775648,29.922006978874776,255.9194796902767,5.172566081767888,0.003309254615669793,1.4851123993343167
2026-10-07T17:36:50+03:00,24.37,287.807,20.837179056680537,22.375439999999998,232.9990169679006,208.89468252674686,1.7091903986547587,6.4152,5.832,0.011459155902616466,,-19.148249513272113,24.796351,59.470452,16.538019703419824,28.76835365568317,261.76737062358376,5.623388766565433,0.0038851470100170742,1.4889975463443337
2026-10-07T17:36:52+03:00,24.37,287.811,21.908610133575177,23.6196,219.99860459638222,205.98978650543359,0.38061586330540587,6.43464,6.53184,0.10886198107485642,,-24.843449996872497,24.796282,59.470403,17.812223503833625,29.655183200143426,249.65378779652565,5.591823110601631,0.0036212395195827484,1.4926187858639164
2026-10-07T17:36:54+03:00,24.48,287.811,25.203117455577406,23.58072,211.9943841984046,212.49285748016842,-1.7317076400034002,7.03728,6.88176,0.21772396214971285,,-26.115416302062922,24.796221,59.470352,17.472260300550985,35.0787666129076,247.0731508113122,5.759047840634666,0.003586972873343682,1.4962057587372601
2026-10-07T17:36:56+03:00,24.71,287.815,32.0900701530499,23.502959999999998,215.99935918636905,209.9718431815928,-7.01139913057491,6.318,7.29,0.395340878640268,,-19.02792837629464,24.796146,59.470303,18.45799975593334,42.567168126867074,258.5665273132361,4.653111172470019,0.0037308068492303607,1.4999365655864905
2026-10-07T17:36:57+03:00,24.48,287.816,25.85628934202655,22.31712,219.99860459638222,206.60858092417484,-0.11361753077444224,6.201359999999999,6.78456,0.05156620156177409,,-23.411055509045436,24.796072,59.470258,16.95367980087172,35.03552278203634,255.03412737841856,5.0776504710635635,0.0035244226326621893,1.5034609882191527
2026-10-07T17:36:59+03:00,24.63,287.823,29.139337508126168,24.183359999999997,211.9943841984046,209.7197417517352,0.4317809944105884,6.97896,5.90976,-1.6844959176846201,,-32.95080279797364,24.79601,59.470209,18.404137265040546,39.77999239776861,251.7743765961732,5.3633796274859185,0.0035012128612011903,1.5069622010803538
2026-10-07T17:37:01+03:00,24.63,287.822,29.551867120620358,25.71912,217.99898189137562,213.2319730358872,-1.6576241970929848,6.25968,6.648479999999999,-0.10886198107485642,,-27.983258714189407,24.795943,59.470164,20.507491841836284,38.210503550126106,256.2094854415017,4.918502949675068,0.0033913689547610142,1.510353570035115
2026-10-07T17:37:03+03:00,24.71,287.814,24.83069488874237,23.502959999999998,224.99479656992298,212.86528004700344,2.391296653758004,6.2208000000000006,6.97896,-0.08021409131831525,,-24.665833080381937,24.795862,59.470123,18.047326591400534,33.153503564211974,258.14830013413496,5.20810597826996,0.0034914632491615007,1.5138450332842766
2026-10-07T17:37:05+03:00,24.63,287.82,24.418165276248182,24.649919999999998,222.99517386491638,211.86833348347582,2.001513465730505,6.201359999999999,6.82344,-0.2119943841984046,,-31.443923796779575,24.795777,59.470074,19.17539448846375,32.10116515944432,255.0963390243607,5.253240982598806,0.003925647808795012,1.5177706810930716
2026-10-07T17:37:07+03:00,24.48,287.83,20.768424121264836,24.649919999999998,214.99668304489012,219.36262144378696,4.50602657980636,6.29856,7.9120800000000004,-0.2864788975654116,,-37.43133275589668,24.795712,59.470026,18.89310694482735,27.55742457961358,242.5541076245037,5.583973258614419,0.0035018983845491224,1.5212725794776207
2026-10-07T17:37:09+03:00,24.75,287.829,30.818103847859476,23.386319999999998,220.99555115990984,224.88593458884813,0.26396165621677026,6.97896,7.03728,0.005729577951308233,,-27.799912219747544,24.795628,59.469982,17.756497893285957,42.434511726501654,263.4300628864115,5.150814764427642,0.0036841781482638185,1.5249567576258845
2026-10-07T17:37:11+03:00,24.6,287.829,25.16873998786956,22.97808,243.9998066344124,216.62961276101296,-5.098006573735526,6.492959999999999,6.201359999999999,0.06875493541569878,,-13.699420881577984,24.795525,59.46996,17.323068560663387,34.341029641040535,278.34083627545294,5.361201623052475,0.0034117109483190198,1.5283684685742034
2026-10-07T17:37:14+03:00,24.63,287.843,21.47316220927575,22.58928,234.99863967290713,210.84846860814295,-2.917558388585665,5.50152,6.78456,0.12032113697747288,,-11.367482655395532,24.795439,59.469935,17.585325238326718,28.04924838137964,263.0478880542868,4.855332004269429,0.0030254954604170725,1.5313939640346204
2026-10-07T17:37:16+03:00,24.71,287.836,21.37575938410351,22.00608,219.99860459638222,204.7006314663892,3.5721626695226303,6.0264,6.201359999999999,0.24064227395494575,,-18.976362174732866,24.795369,59.469894,16.540727092957606,29.0068715092402,249.00547610562242,5.270457769565995,0.00326217564817769,1.534656139682798
2026-10-07T17:37:18+03:00,24.63,287.844,30.29098267633912,21.42288,212.99706033988352,209.1525135345557,-0.48563902715288576,6.55128,6.84288,0.22345354010102106,,-25.21587256370753,24.795307,59.469842,16.1085793499618,42.12830487028435,255.12536521016787,4.8587211131798345,0.003654215252995334,1.5383103549357933
2026-10-07T17:37:20+03:00,24.48,287.838,31.683270118507018,23.736240000000002,214.99668304489012,211.17505455136754,-0.70914986303342,6.18192,6.72624,-0.08021409131831525,,-31.323602659802102,24.795241,59.469794,18.758778130872262,41.650582838422764,256.6472658833129,4.619202708163018,0.003519301490359362,1.5418296564261527
2026-10-07T17:37:22+03:00,24.78,287.847,21.8570439320134,23.094720000000002,216.9963057498967,215.36337603377382,4.271514954259313,6.72624,6.76512,-0.005729577951308233,,-34.77853816444097,24.795168,59.469744,17.037026256689636,30.309077633004478,247.30538338290117,5.806867955960811,0.0037417643396187887,1.5455714207657714
2026-10-07T17:37:24+03:00,24.78,287.867,30.54308410619668,25.3692,219.99860459638222,218.600587576263,-6.614625857446814,6.74568,6.55128,0.022918311805232933,,-24.683021814235865,24.795086,59.469696,19.857635866675093,40.48396161948958,260.48256621587177,5.13068144496742,0.0038201179860547227,1.549391538751826
2026-10-07T17:37:26+03:00,24.75,287.865,27.053771133849967,24.08616,229.99671812141503,218.23389458737924,0.10462209339088831,6.2208000000000006,6.97896,0.11459155902616464,,-24.72885843784633,24.795003,59.46966,18.76062362608268,35.72793479850469,265.7246529199197,5.050038736522363,0.003332463560570157,1.5527240023123963
2026-10-07T17:37:28+03:00,24.67,287.851,22.58470033182955,23.814,222.99517386491638,223.25873445067654,-0.011860226359208042,6.4152,6.7068,0.06302535746439056,,-31.14598574331155,24.794924,59.469618,18.05960932624732,30.425625249633498,253.42079911454988,5.531745242487996,0.0034917073198336723,1.55621570963223
2026-10-07T17:37:30+03:00,24.67,287.852,24.899449824158072,25.349759999999996,226.99441927492956,222.8003682145719,-7.469822662459081,7.1928,6.92064,0.14896902673401402,,-22.729235732839758,24.794836,59.469573,19.06756726866559,34.03802171448797,261.0324409894175,5.960431015393496,0.0038126549518196517,1.5600283645840496
2026-10-07T17:37:32+03:00,24.56,287.862,20.126711390718317,23.016959999999997,232.9990169679006,215.43786054714084,-2.7049910465921294,6.318,6.648479999999999,0.20626480624709637,,-24.940852822044736,24.794749,59.469533,17.222539307232594,27.37852594398126,260.37754291188185,5.610306935727937,0.003582972975479476,1.563611337559529
2026-10-07T17:37:34+03:00,24.48,287.869,20.56788889296905,24.1056,221.99822730138877,219.33970313198176,-1.9289770088669427,6.47352,7.36776,0.24064227395494575,,-22.167737093611553,24.794666,59.469491,18.18747710139314,27.751257492020443,249.7494847934092,5.7289190164791455,0.003577182029577322,1.5671885195891064
2026-10-07T17:37:36+03:00,24.63,287.872,24.4296244321508,23.36688,224.99479656992298,218.749556602997,2.9594416034097284,6.68736,6.648479999999999,0.3552338329811104,,-19.28575938410351,24.794582,59.469454,17.498194486760244,33.52380761788382,258.5186041878068,5.574960519953518,0.003394825471479757,1.5705833450605862
2026-10-07T17:37:38+03:00,24.33,287.872,19.97201278603299,24.3,232.9990169679006,220.74344973005228,-1.2198271458335226,5.96808,6.68736,0.3036676314193363,,-17.555426842808423,24.79449,59.469417,18.80167392218605,26.196214698900008,259.1952316668006,5.355083799208236,0.0035829623774377138,1.5741663074380239
2026-10-07T17:37:40+03:00,24.26,287.877,19.71418177822412,22.997519999999998,225.9974727114019,215.42640139123824,-4.297126167701661,6.74568,7.1150400000000005,0.2864788975654116,,-17.69866629159113,24.794403,59.469378,16.80202389060767,27.49770346650115,253.49517617790306,5.983616080317834,0.003542927917385522,1.5777092353554094
2026-10-07T17:37:42+03:00,24.33,287.877,28.004881073767134,22.70592,218.99592845490324,215.93633382890465,2.0513607939068863,6.57072,6.8623199999999995,0.3495042550298022,,-20.97025530178813,24.794324,59.469331,17.183821007361768,38.34810997701908,257.3440384319223,5.15312447793422,0.0037148183276999296,1.5814240536831092
2026-10-07T17:37:44+03:00,24.18,287.885,31.047286965911805,24.12504,225.9974727114019,215.79309438012197,-5.5697227264667335,6.4152,6.648479999999999,0.3552338329811104,,-18.145573371793173,24.794237,59.46929,18.920403283324582,41.11837543164353,267.11584814304547,4.832907121994112,0.0036235955316304,1.5850476492147396
2026-10-07T17:37:46+03:00,24.18,287.876,25.776075250708228,21.63672,221.99822730138877,214.1601646639991,-2.2497760783606906,6.1624799999999995,6.88176,0.05729577951308232,,-21.61196803233465,24.794156,59.469251,16.309071824731557,35.23337952272482,257.23160682411356,5.033568758179463,0.0034077208935177636,1.5884553701082573
2026-10-07T17:37:48+03:00,24.22,287.87,21.07782133063548,21.384,218.99592845490324,216.1082211674439,3.039942173625609,6.318,6.74568,0.09740282517223994,,-21.818232838581753,24.794085,59.469212,15.654495432908869,29.423520376686156,248.4194488315894,5.5030551920196915,0.0031930188216314406,1.5916483889298887
2026-10-07T17:37:50+03:00,24.0,287.883,24.595782192738735,21.4812,227.99709541640848,219.52304962642359,-0.4191759229177102,6.27912,6.88176,0.3552338329811104,,-22.448486413225655,24.794004,59.469172,15.986869233801585,34.00444979298405,262.00154520939253,5.205353691610551,0.0034493495299107685,1.5950977384597995
2026-10-07T17:37:52+03:00,24.22,287.883,19.62250853100319,21.52008,224.99479656992298,214.7846886606917,-4.578563036669921,6.318,6.92064,0.246371851906254,,-18.729990322826612,24.79392,59.469129,15.712901594358815,27.382892438270062,252.37768900819304,5.610085496738913,0.003641315063608725,1.5987390535234083
2026-10-07T17:37:54+03:00,24.03,287.881,17.81196189838979,19.78992,228.9997715578874,210.27551081301215,1.6610619438637695,6.4152,6.43464,-0.12605071492878112,,-24.625726034722785,24.793836,59.469085,13.822239154852623,25.97393855853386,254.97371011642127,5.767222138407534,0.003684225550174342,1.6024232790735826
2026-10-07T17:37:56+03:00,23.88,287.888,25.88493723178309,20.898,215.99935918636905,216.37751133115538,4.718192851343304,6.2208000000000006,6.804,1.2490479933851946,,-24.585618989063626,24.793775,59.469044,15.540456428177638,35.949386314133164,251.9487455005022,5.03596101206234,0.003089132796894451,1.605512411870477
2026-10-07T17:37:58+03:00,23.92,287.885,29.24246991124971,20.85912,224.99479656992298,214.1085984624373,-2.86633596170097,6.5124,6.84288,0.13750987083139757,,-13.814012440604149,24.793689,59.468998,15.50651355792226,41.081463205209246,266.07625977513226,4.9088910322654105,0.0038132520038512913,1.6093256638743283
2026-10-07T17:38:00+03:00,23.73,287.889,23.237872218278685,23.328,229.99671812141503,210.05778685086239,-1.6532124220704774,6.37632,6.901199999999999,0.1546986046853223,,-19.24565233844435,24.793605,59.468957,17.649184056901788,31.43291539318446,261.42963351459946,5.440603621222475,0.0035570028457791404,1.6128826667201075
2026-10-07T17:38:02+03:00,24.03,287.889,21.04344386292763,23.094720000000002,208.9978149298704,213.6158547586248,3.9763270982079133,6.78456,6.2208000000000006,-0.11459155902616464,,-29.409923624065154,24.793536,59.468912,16.93873642991433,29.312540420259268,238.31035535012967,5.915879453934774,0.0034286007912720084,1.6163112675113795
2026-10-07T17:38:04+03:00,23.77,287.895,25.105714630405167,24.33888,222.99517386491638,217.98179315752168,1.483158548475649,6.6095999999999995,6.7068,-0.24064227395494575,,-29.610458852360946,24.793459,59.468868,18.566726349091706,33.793125061381915,256.7882989262983,5.492916099943546,0.003538756426039934,1.6198500239374194
2026-10-07T17:38:06+03:00,23.77,287.903,24.561404725030886,23.561279999999996,224.99479656992298,215.8904972052942,-0.2294695969498947,5.851439999999999,6.43464,-0.17188733853924698,,-33.13987887036682,24.793385,59.468832,18.400759125505452,32.15713150461758,257.1519280745406,4.953780100225073,0.0031286028323270834,1.6229786267697466
2026-10-07T17:38:08+03:00,23.73,287.899,27.93039656040013,23.15304,220.99555115990984,220.46270041043815,1.4666573639758813,6.68736,7.270560000000001,-0.14896902673401402,,-29.117715148548438,24.793305,59.468786,17.52681646593275,38.225467483947796,259.22101864385763,5.253469230976746,0.0036894865317784924,1.626668113301525
2026-10-07T17:38:10+03:00,23.92,287.891,20.877286102339696,22.72536,222.99517386491638,223.2071682491148,4.23261111996993,6.492959999999999,7.5816,-0.21772396214971285,,-26.31595153035871,24.793222,59.468744,16.818620472053006,28.785035195763896,251.78020906068028,5.690641016102127,0.0035772217230805627,1.6302453350246056
2026-10-07T17:38:12+03:00,23.73,287.905,18.533888720254627,21.42288,232.9990169679006,221.48829486372233,2.360872594836557,6.5124,6.1624799999999995,0.1776169164905552,,-20.68377640422272,24.79312,59.468712,15.388112680341415,26.26497290326796,259.2639898711685,5.840041128017265,0.0036606479590416833,1.6339059829836473
2026-10-07T17:38:14+03:00,23.58,287.896,27.88455993678966,19.77048,232.9990169679006,213.63304349247875,-5.140233563236668,5.98752,6.25968,-0.32658594322456924,,-20.82701585300542,24.793029,59.468681,14.746487485380383,38.831330526680944,271.83034749458153,4.664249390232719,0.0033456324397585654,1.6372516154234058
2026-10-07T17:38:16+03:00,23.73,287.907,36.89718605419752,20.74248,218.99592845490324,211.74228276854706,-5.382652006356519,6.0652800000000004,7.63992,-0.14896902673401402,,-19.858717179234336,24.792959,59.468643,16.30385554179521,49.803102059361834,268.79903051426504,3.914630782180573,0.003128236313867211,1.640379851737273
2026-10-07T17:38:18+03:00,23.73,287.885,32.13590677666037,20.178720000000002,223.99785000639537,210.69377000345762,-0.2577737120293574,6.29856,6.74568,0.06875493541569878,,-19.377432631324442,24.792873,59.468603,15.218547548088354,44.853849495326244,268.8516995017216,4.465100656351579,0.003560446250138526,1.6439402979874116
2026-10-07T17:38:20+03:00,23.58,287.923,31.29938839576937,20.2176,219.99860459638222,210.28124039096346,-1.9779649003506277,6.14304,6.68736,0.3781521447863433,,-20.890041210469814,24.792797,59.468554,15.305017739825391,43.334901824629014,263.33350642101124,4.468169969713163,0.003749700839788118,1.6476899988271998
2026-10-07T17:38:22+03:00,23.43,287.909,27.638188084883407,19.61496,222.99517386491638,207.93211343092707,-2.8517255379251334,6.68736,6.92064,0.1546986046853223,,-24.551241521355774,24.792719,59.468506,14.037726993133134,40.40528882266895,263.40046268758533,5.092280714968934,0.003741256425163706,1.6514312552523636
2026-10-07T17:38:24+03:00,23.85,287.917,27.30587256370753,19.78992,213.99973648136248,212.59026030534065,0.19887365068990875,6.57072,7.056719999999999,0.1432394487827058,,-25.891962761961903,24.792652,59.46846,14.273281831048639,39.497485745949035,253.4972222273115,5.070312482186269,0.0034395614112858615,1.6548708166636494
2026-10-07T17:38:26+03:00,23.51,287.917,24.38951738649164,23.05584,223.99785000639537,213.3179167051568,-4.154058606257494,6.18192,6.7068,0.06875493541569878,,-13.693691303626673,24.792579,59.468416,17.61158814020717,32.72373282335241,256.7215828297478,5.200768520718972,0.003458828558305371,1.6583296452219547
2026-10-07T17:38:28+03:00,23.58,287.923,22.659184845196556,22.43376,219.99860459638222,208.98635577396777,4.811756859288167,6.18192,7.03728,-0.09167324722093173,,-25.462244415613785,24.792501,59.468376,16.897678220302264,30.761491106077784,250.76009570246,5.312147659393387,0.0033843073997912613,1.661713952621746
2026-10-07T17:38:30+03:00,23.58,287.924,23.512891959941484,22.12272,217.99898189137562,215.65558450929055,3.9855517187095195,6.47352,6.59016,-0.24064227395494575,,-31.61008155736752,24.792433,59.468329,16.391434634509388,32.57823028496199,250.5772121763376,5.454957226688128,0.0035060654726843704,1.6652200180944303
2026-10-07T17:38:32+03:00,23.66,287.921,33.65997451170836,23.502959999999998,226.99441927492956,217.34581000492648,-0.15378187221311296,6.25968,6.006959999999999,0.09167324722093173,,-29.129174304451052,24.79236,59.468283,18.61888488637711,44.399450726665776,271.39387000159536,4.472412329292939,0.003551600002831117,1.6687716180972614
2026-10-07T17:38:34+03:00,23.55,287.921,33.47089843931519,23.46408,225.9974727114019,217.28851422541342,-2.7942005752939987,6.804,6.43464,0.03437746770784939,,-23.353759729532356,24.792279,59.46824,18.179904076827917,45.382895119676675,271.3803678310786,4.778895457023052,0.0035774251264248827,1.6723490432236863
2026-10-07T17:38:36+03:00,23.73,287.917,26.583945741842694,22.97808,223.99785000639537,219.37408059968962,1.9747563366978953,6.492959999999999,6.62904,0.1776169164905552,,-21.182249685986534,24.792191,59.468195,17.415660540483508,36.18817358668713,260.1860235930825,5.240352452872802,0.00381273217909246,1.6761617754027787
2026-10-07T17:38:38+03:00,23.58,287.921,19.209978918508998,23.46408,238.99788508292028,217.90157906620337,1.1826994807090454,6.006959999999999,6.76512,0.1432394487827058,,-22.545889238397894,24.792097,59.468157,17.901040312048938,25.549003501770386,264.5468885846907,5.419579928564219,0.0036682478586674695,1.679830023261446
2026-10-07T17:38:40+03:00,23.66,287.916,27.72986133210434,22.9392,228.9997715578874,218.7552861809483,-1.0308656649993773,6.24024,6.901199999999999,0.07448451336700701,,-20.64939893651487,24.792015,59.468117,17.656035013114565,37.19537737869612,266.19514893658356,4.970842232349779,0.0034713658356256543,1.6833013890970716
2026-10-07T17:38:42+03:00,23.7,287.924,22.928475008908045,22.70592,227.99709541640848,216.52648035788943,4.734980514740637,6.24024,7.62048,-0.10313240312354818,,-23.89234005695533,24.791927,59.46808,17.132074999274263,31.086422779343025,259.0835181957515,5.344075776454354,0.003488107004570943,1.6867894961016425
2026-10-07T17:38:44+03:00,23.73,287.925,18.52242956435201,23.25024,222.99517386491638,221.76331460538512,5.1373114784815,7.1150400000000005,6.57072,-0.1432394487827058,,-27.67386150481876,24.791842,59.46803,16.65782285004343,26.320869296469425,249.3160431613858,6.377388139651664,0.003971045995599819,1.6907605420972422
2026-10-07T17:38:46+03:00,23.73,287.924,24.315032873124633,24.669359999999998,221.99822730138877,225.53910647529727,1.4013974711104809,6.648479999999999,6.14304,-0.09167324722093173,,-22.28232865263772,24.791763,59.467982,18.810893241976064,32.682959533169566,254.68118683455833,5.595835594569131,0.0037607936281636068,1.6945213357254059
2026-10-07T17:38:48+03:00,23.88,287.927,19.490728238123104,23.405759999999997,233.99596353142817,218.69799040143525,1.0082911278712228,6.0264,7.095599999999999,0.1432394487827058,,-22.797990668255455,24.791667,59.467943,17.838386637358504,25.962836030160048,259.9587995615882,5.418204861331951,0.003753487833205162,1.698274823558611
2026-10-07T17:38:50+03:00,23.7,287.923,22.097686205968348,24.047279999999997,225.9974727114019,222.56545551856829,-1.9475408414291813,6.62904,7.01784,0.13750987083139757,,-24.459568274134842,24.791579,59.467901,18.078009816555944,30.026592945335437,256.0240656567373,5.7393780414718325,0.003687014543948697,1.7019618381025596
2026-10-07T17:38:52+03:00,23.88,287.93,24.378058230589023,23.386319999999998,228.9997715578874,222.33627240051595,1.5822802470332815,6.29856,6.6095999999999995,0.23491269600363757,,-24.562700677258395,24.791486,59.467862,17.839775053307694,32.757533797849675,261.7573053557371,5.296886607354937,0.0036823924977044497,1.7056442306002642
2026-10-07T17:38:54+03:00,23.92,287.927,23.88531452677652,23.48352,226.99441927492956,222.73161327915622,0.9051587247476744,5.98752,6.1236,0.3609634109324186,,-25.141388050340527,24.791399,59.467828,18.171240739751116,31.552527344926602,258.54694661985616,5.102329787870859,0.0033517554330734747,1.7089959860333377
2026-10-07T17:38:56+03:00,23.66,287.93,23.793641279555583,23.28912,232.9990169679006,218.09638471654787,-5.096631475027212,6.6095999999999995,7.17336,0.27501974166279514,,-21.08484686081429,24.791311,59.467785,17.446300999428438,32.585548837827645,265.58456580572823,5.569171357817015,0.003728434698571744,1.7127244207319094
2026-10-07T17:38:58+03:00,23.88,287.927,25.512514664948053,24.57216,222.99517386491638,219.99860459638222,-0.15097437901697194,6.39576,6.92064,0.03437746770784939,,-21.136413062376068,24.791225,59.467748,19.000789800005908,33.84855027800688,256.8437241429233,5.311760463344758,0.003441298955195482,1.716165719687105
2026-10-07T17:39:00+03:00,24.03,287.92,25.999528790809254,23.65848,222.99517386491638,217.4775902978066,-2.3134889851792377,6.0652800000000004,5.6181600000000005,0.3781521447863433,,-22.849556869817228,24.791142,59.467707,18.400130708389284,34.30779231704648,257.30296618196286,5.010052571586577,0.0035351146895529523,1.719700834376658
2026-10-07T17:39:02+03:00,23.81,287.931,31.648892650799173,23.9112,226.99441927492956,218.06200724884002,-2.404531978825526,6.39576,7.44552,0.3666929888837269,,-22.310976542394258,24.791067,59.467671,18.769080495616016,41.948837472745936,268.9432567476755,4.7567955407616775,0.0031507844664014346,1.7228516188430594
2026-10-07T17:39:04+03:00,24.03,287.928,30.170661539361642,22.355999999999998,225.9974727114019,219.5058608925697,0.1506879001194065,7.07616,7.348319999999999,0.29793805346802804,,-19.188356558931268,24.79098,59.467629,16.623298373201767,42.523758318960745,268.5212310303626,5.215109629789804,0.003664834509278371,1.7265164533523378
2026-10-07T17:39:06+03:00,23.88,287.932,23.07171445769075,22.880879999999998,229.99671812141503,219.46575384691053,1.2914468702248756,6.648479999999999,6.68736,0.3552338329811104,,-19.440457988788832,24.790883,59.467592,16.965432964546995,31.905737186825434,261.90245530824046,5.644019459734892,0.0037040044054438446,1.7302204577577818
2026-10-07T17:39:08+03:00,23.96,287.93,29.557596698571665,21.88944,226.99441927492956,216.41188879886323,-2.0863112194098665,6.43464,6.045839999999999,0.31512678732195276,,-20.72388344988188,24.790798,59.467558,16.598535628340446,40.58237709454551,267.57679636947506,4.886925274953699,0.003303575273211511,1.7335240330309933
2026-10-07T17:39:10+03:00,23.96,287.935,28.56637971299534,22.900319999999997,217.99898189137562,218.33702699050284,-1.9892521689147051,6.95952,7.46496,0.13750987083139757,,-20.87285247661589,24.790725,59.467514,17.114689691800184,39.778730319328815,257.7777122107044,5.3485379379417735,0.00345886690405815,1.7369828999350514
2026-10-07T17:39:14+03:00,24.3,287.924,22.87690880734627,22.72536,219.99860459638222,219.62045245159584,-2.649643323582492,6.5124,6.53184,0.22345354010102106,,-24.711669703992406,24.790538,59.467428,16.91574014912706,31.48448586751016,251.48309046389238,5.553654966333435,0.0034646769892153393,1.7404475769242667
2026-10-07T17:39:16+03:00,24.03,287.928,27.265765518048372,22.900319999999997,226.99441927492956,219.99287501843085,2.0507878361117555,6.045839999999999,6.72624,1.8048170546620932,,-18.638317075605677,24.790456,59.467392,17.74372893246168,36.246086458991584,263.24050573392117,4.875879219828584,0.003309428578170702,1.7437570055024374
2026-10-07T17:39:18+03:00,24.18,287.927,25.09998505245386,22.103279999999998,236.99826237791373,219.84963556964817,2.4504258982155047,6.045839999999999,8.378639999999999,2.5783100780887045,,-18.099736748182707,24.79037,59.467357,16.82496892084254,33.8677958481388,270.86605822605253,5.020015997064423,0.0033648826854858547,1.7471218881879234
2026-10-07T17:39:20+03:00,24.26,287.943,12.523561449332291,24.86376,232.9990169679006,218.31983825664886,5.726598570773552,6.47352,6.62904,0.492743703812508,,-25.049714803119592,24.790274,59.467316,18.597317218989396,16.852362416571935,249.85137938447252,6.195514376885026,0.003829759692778112,1.7509516478807015
2026-10-07T17:39:22+03:00,24.18,287.948,27.357438765269304,23.7168,228.9997715578874,222.37637944617512,2.5418699623183842,6.454079999999999,5.9292,0.865166270647543,,-21.187979263937844,24.790195,59.467269,18.227483318036544,36.722035035161156,265.72180659304854,5.173240380850729,0.003714913913265575,1.754666561793967
2026-10-07T17:39:24+03:00,24.18,287.939,27.93039656040013,25.09704,232.9990169679006,219.67774823110892,-3.958336223440805,6.29856,6.318,-0.8250592249883855,,-24.585618989063626,24.790099,59.46723,19.753706440677767,36.519717140757564,269.5187341086581,5.061851079545157,0.0037535361383967333,1.7584200979323636
2026-10-07T17:39:26+03:00,24.18,287.93,25.678672425535996,26.06904,226.99441927492956,217.68958468200495,-4.117561194707661,6.5124,7.42608,-0.888084582452776,,-32.36065626898889,24.790011,59.467194,20.3959821016787,33.63159825994504,260.62601753487456,5.422327931230072,0.0034501485315930904,1.7618702464639568
2026-10-07T17:39:28+03:00,24.26,287.943,23.186306016716916,26.22456,224.99479656992298,221.08722440713075,2.818436690028032,6.8623199999999995,7.13448,-0.3781521447863433,,-30.143309601832613,24.789922,59.467152,20.09894230203173,30.911814551501863,255.90661112142485,5.887589162512185,0.003709372780942194,1.7655796192448991
2026-10-07T17:39:30+03:00,24.33,287.939,24.99685264933031,27.0216,231.99634082642166,223.4879175687289,2.099374657138849,6.43464,6.59016,0.4812845479098915,,-20.110818609091893,24.789828,59.467106,21.363430890914717,32.309128492070016,264.30546931849165,5.438407725472827,0.003985529693821327,1.7695651489387205
2026-10-07T17:39:32+03:00,24.33,287.935,22.103415783919655,26.71056,229.99671812141503,221.29348921337782,0.8220225486741921,6.43464,6.9984,0.49847328176381617,,-16.23189433605622,24.789743,59.467067,20.889617224463603,28.759275811006887,258.7559939324219,5.640919918901129,0.003497502905355057,1.7730626518440755
2026-10-07T17:39:34+03:00,24.22,287.934,25.088525896551243,24.37776,232.9990169679006,218.22816500942798,-1.2975202228532623,6.53184,6.68736,-0.5271211715203573,,-19.83006928947779,24.789645,59.467032,18.66876215800669,33.62017758773521,266.6191945556358,5.439234979826365,0.003658075053022018,1.7767207268970975
2026-10-07T17:39:36+03:00,24.41,287.939,24.23481878180632,24.3,225.9974727114019,213.57001813501438,-2.090894881770913,6.72624,7.07616,0.23491269600363757,,-19.21700444868781,24.789563,59.466989,18.375147528301543,32.87655713455959,258.8740298459615,5.648979102230447,0.003598669231135701,1.780319396128233
2026-10-07T17:39:38+03:00,24.26,287.938,22.58470033182955,23.736240000000002,221.99822730138877,216.94473954833492,2.2682253193639026,5.98752,6.7068,0.2119943841984046,,-20.460322864121697,24.78948,59.466948,18.35251526431395,29.78255957648895,251.78078687787772,5.196668530531636,0.003535155501505494,1.7838545516297386
2026-10-07T17:39:40+03:00,24.18,287.939,24.55567514707958,25.330319999999997,222.99517386491638,214.7674999268378,-4.5300335114223405,6.492959999999999,6.62904,0.13750987083139757,,-18.31173113238111,24.789403,59.466904,19.61111771798955,32.46418602665159,255.45935989156797,5.4782865179288684,0.003538847221855046,1.7873933988515938
2026-10-07T17:39:42+03:00,24.18,287.939,22.389894681485067,24.51384,221.99822730138877,213.65023222633266,3.668706058002175,6.648479999999999,6.92064,0.09167324722093173,,-22.253680762881178,24.789323,59.466856,18.540337803467583,30.24055981803275,252.23878711942152,5.743744845055545,0.00378050584330938,1.7911739046949031
2026-10-07T17:39:44+03:00,24.33,287.939,27.042311977947353,23.21136,219.99860459638222,216.42907753271717,2.594639375249933,6.78456,6.1624799999999995,0.32658594322456924,,-22.081793424341928,24.789241,59.466805,17.443444800571516,37.22769864274551,257.22630323912773,5.402121378549029,0.003958208695969072,1.7951321133908722
2026-10-07T17:39:46+03:00,24.07,287.939,22.430001727144223,23.85288,225.9974727114019,217.59218185683275,0.6089968404445519,5.98752,6.37632,0.24064227395494575,,-19.74412562020817,24.789153,59.466763,18.46024730130496,29.53891904880561,255.53639176020752,5.209268190710181,0.0036870804962462664,1.7988191938871185
2026-10-07T17:39:48+03:00,24.03,287.935,20.716857919703063,22.919759999999997,229.99671812141503,214.58988301034722,1.8056191955752765,6.37632,6.901199999999999,0.2119943841984046,,-25.21587256370753,24.789072,59.466727,17.10510791288967,28.294432554180332,258.29115067559536,5.614499071907666,0.0032864213286319336,1.8021056152157504
2026-10-07T17:39:50+03:00,24.03,287.936,21.9257988674291,24.5916,223.99785000639537,220.57156239151303,1.1534786331573734,6.74568,6.901199999999999,0.11459155902616464,,-25.954988119426293,24.788989,59.466685,18.506071337386313,29.748649636297017,253.74649964269238,5.856670267860964,0.0035773311332984855,1.805682946349049
2026-10-07T17:39:52+03:00,24.03,287.936,26.2401710647642,24.45552,231.99634082642166,220.0730891097492,-1.091370008165192,5.754239999999999,6.4152,0.246371851906254,,-20.620751046758325,24.788904,59.466655,19.46127599440294,33.75188190305386,265.7482227294755,4.784370696351892,0.0031605471690210715,1.80884349351807
2026-10-07T17:39:54+03:00,23.73,287.935,19.737100090029355,25.68024,226.99441927492956,220.3080018057528,3.020461608591161,6.0652800000000004,7.75656,0.31512678732195276,,-21.296841245012697,24.788825,59.466616,20.076044362988533,25.592936333529337,252.5873556084589,5.47018983778089,0.0033637940810851406,1.812207287599155
2026-10-07T17:39:56+03:00,23.58,287.939,25.747427360951693,25.89408,234.99863967290713,220.23351729238584,-2.628558476721678,6.7068,6.940079999999999,0.16615776058793874,,-19.589427015522844,24.788739,59.466575,20.065784320268786,34.0960410271916,269.0946807000987,5.553894850591859,0.0036014237435011173,1.8158087113426562
2026-10-07T17:39:58+03:00,23.92,287.927,24.16033426843931,24.84432,220.99555115990984,220.0616299538466,1.4320507131499796,6.29856,6.7068,0.09740282517223994,,-21.560401830772882,24.788665,59.466536,19.270702089027438,31.848150577997245,252.84370173790708,5.350308936127626,0.0032560344023461535,1.8190647457450024
2026-10-07T17:40:00+03:00,23.58,287.939,25.283331546895727,24.35832,229.99671812141503,217.39737620648825,0.8137719564243082,5.890319999999999,6.27912,0.045836623610465865,,-17.847635318325143,24.788585,59.466493,19.197799455725345,32.813162821245214,262.80988094266024,4.950473100214233,0.003556468322251128,1.8226212140672535
2026-10-07T17:40:02+03:00,23.55,287.935,20.653832562238673,23.4252,223.99785000639537,218.98446929900064,3.4093280641464507,5.890319999999999,7.03728,0.5557690612768985,,-23.428244242899364,24.788504,59.466448,18.033541356711133,27.26955456372852,251.2674045701239,5.235674672493393,0.0036653098136859175,1.8262865238809394
2026-10-07T17:40:04+03:00,23.73,287.939,22.533134130267776,23.96952,223.99785000639537,218.6693425116787,3.1658782969953636,6.53184,5.9292,-0.19480565034447989,,-27.370193873399426,24.788421,59.466401,18.110153014434538,30.477772134569875,254.47562214096524,5.62930950600071,0.003795413321509094,1.8300819372024484
2026-10-07T17:40:06+03:00,23.51,287.938,23.329545465499617,23.30856,230.99939426289401,219.09906085802677,1.2780969535983275,6.37632,6.045839999999999,0.05156620156177409,,-28.47600241800191,24.788328,59.466357,17.635273660398934,31.561859554392754,262.5612538172868,5.433106373743245,0.003880734563550333,1.8339626717659987
2026-10-07T17:40:08+03:00,23.32,287.941,18.069792906198657,25.25256,227.99709541640848,223.55667250414464,2.2492031205655594,6.2208000000000006,7.23168,0.13178029288008933,,-26.854531857781684,24.78825,59.466316,19.434596683149472,23.767715972419268,251.76481138882775,5.693194700273409,0.0034273715883225936,1.8373900433543213
2026-10-07T17:40:10+03:00,23.25,287.927,28.595027602751884,25.69968,236.99826237791373,224.5765373794775,-3.666643409939703,6.57072,7.1928,0.17188733853924698,,-18.54091425043344,24.788144,59.466279,20.17701635673162,37.56187612588806,274.5601385038018,5.2085798516503745,0.003927349143109404,1.8413173924974306
2026-10-07T17:40:12+03:00,23.28,287.93,24.194711736147163,23.93064,231.99634082642166,218.600587576263,-2.078518993396087,6.53184,7.2122399999999995,0.2578310078088704,,-15.916767548734269,24.788046,59.466243,18.170845309754345,32.66659235399908,264.66293318042074,5.4986703795697025,0.0036930271569435616,1.8450104196543742
2026-10-07T17:40:14+03:00,23.1,287.932,23.97698777399745,23.26968,224.99479656992298,219.95276797277174,-0.6051007274376624,6.29856,7.095599999999999,0.1604281826366305,,-18.139843793841862,24.787959,59.466202,17.700665287942773,32.291195167816966,257.28599173773995,5.324449520024938,0.0036237735082725563,1.8486341931626467
2026-10-07T17:40:16+03:00,23.13,287.93,19.542294439684873,21.85056,224.99479656992298,216.21708314851875,3.932381235321379,5.7348,5.48208,0.2578310078088704,,-24.76323590555418,24.78788,59.466165,16.55761356276042,26.195317912996927,251.1901144829199,5.145804186514759,0.003281173538506493,1.8519153667011532
2026-10-07T17:40:18+03:00,22.83,287.923,20.774153699216146,23.28912,228.9997715578874,217.48331987575784,0.15017223810378877,6.74568,7.13448,0.246371851906254,,-23.605861159389917,24.78779,59.466114,17.149723070904724,28.793765363653677,257.7935369215411,5.911638032432135,0.00411714126858139,1.8560325079697346
2026-10-07T17:40:20+03:00,22.83,287.938,23.793641279555583,22.1616,227.99709541640848,215.62120704158272,-4.932249883604178,6.92064,6.55128,0.3036676314193363,,-20.133736920897128,24.78771,59.466072,16.07354393927008,33.797070309548786,261.79416572595727,5.751141206982315,0.0035130494032624775,1.859545557372997
2026-10-07T17:40:22+03:00,22.76,287.934,20.590807204774283,23.4252,227.99709541640848,217.5692635450275,-0.16294919693520615,6.045839999999999,6.804,0.4068000345428845,,-19.658181950938545,24.787626,59.466038,17.89238121617086,27.41577315956232,255.4128685759708,5.366823616971784,0.003279727888174524,1.8628252852611715
2026-10-07T17:40:24+03:00,22.68,287.935,25.30624985870096,23.93064,225.9974727114019,215.58682957387487,-4.457382462999752,6.492959999999999,7.07616,0.18334649444186346,,-16.208976024250987,24.787547,59.466001,18.27278333901554,34.042735687898414,260.04020839930035,5.380198151684246,0.0032811821455431796,1.8661064674067147
2026-10-07T17:40:26+03:00,22.53,287.931,20.384542398527184,23.96952,226.99441927492956,214.96803515513355,3.159804944366977,5.90976,6.43464,0.24064227395494575,,-16.01417037390651,24.787465,59.465963,18.544455414926194,26.757656448775805,253.75207572370536,5.2769357405633315,0.0033893306375544076,1.869495798044269
2026-10-07T17:40:28+03:00,22.68,287.935,28.560650135044035,24.76656,220.99555115990984,217.91303822210602,-3.241336838614093,6.045839999999999,6.76512,0.22345354010102106,,-14.23227163104965,24.787392,59.465922,19.6699598750631,37.010711384153694,258.00626254406353,4.827742218279393,0.0033230904016307633,1.8728188884458998
2026-10-07T17:40:30+03:00,22.5,287.935,31.00717992025265,23.60016,231.99634082642166,213.1975955681793,-3.2329143590256706,5.7348,6.6095999999999995,0.38388172273765153,,-16.071466153419593,24.787308,59.465886,18.91695384657548,39.99182528523065,271.9881661116523,4.393637567134658,0.0033559626163964947,1.8761748510622964
2026-10-07T17:40:32+03:00,22.38,287.93,28.044988119426293,20.684160000000002,215.99935918636905,212.80225468953907,2.7669850800252846,6.006959999999999,6.57072,0.045836623610465865,,-25.066903536973516,24.787242,59.465846,15.639665619039503,38.44871833190862,254.44807751827767,4.70444091878452,0.0031373436128939785,1.8793121946751905
2026-10-07T17:40:34+03:00,22.42,287.93,32.81772655286605,24.41664,220.99555115990984,217.99898189137562,-1.3198655768633645,6.0652800000000004,6.39576,0.29793805346802804,,-20.105089031140587,24.787168,59.4658,19.59704691425957,42.474112531293855,263.46966369120366,4.473644432721266,0.0035709493488426084,1.882883144024033
2026-10-07T17:40:36+03:00,22.23,287.932,21.261167825077347,23.114160000000002,229.99671812141503,216.96192828218884,1.1156061228992258,5.7348,6.648479999999999,0.3552338329811104,,-21.743748325214742,24.787083,59.465766,17.89095561002241,27.936018636097202,257.9327367575122,5.066531178587522,0.0033036834139543707,1.8861868274379874
2026-10-07T17:40:38+03:00,22.23,287.93,31.110312323376192,21.01464,227.99709541640848,213.09446316505577,-1.866581904977196,6.006959999999999,6.35688,0.40107045659157625,,-24.551241521355774,24.787005,59.465727,16.17225787750646,42.17495386768232,270.1720492840908,4.451747001626203,0.0033420059984606717,1.889528833436448
2026-10-07T17:40:40+03:00,22.35,287.934,26.383410513546902,20.8008,225.9974727114019,216.01654792022296,-0.7602004025795763,5.9292,6.88176,0.1432394487827058,,-25.347652856587622,24.786927,59.465688,15.711680882599493,36.03732313529824,262.03479584670015,4.794552313311457,0.00334200795758115,1.8928708413940292
2026-10-07T17:40:42+03:00,22.31,287.927,33.47662801726649,21.52008,224.99479656992298,218.8870664738284,2.035031496745658,6.045839999999999,6.337439999999999,0.02864788975654116,,-23.433973820850667,24.786849,59.465647,16.811268759862973,44.918335694192535,269.9131322641155,4.281143399721264,0.0034274043574166217,1.896298245751446
2026-10-07T17:40:44+03:00,22.35,287.927,24.916638558011993,21.384,234.99863967290713,218.1995171196714,4.767295334386015,6.1624799999999995,6.18192,-0.06875493541569878,,-24.522593631599232,24.786758,59.465608,16.007064106092848,34.25089861438914,269.2495382872963,5.093788400927398,0.003635643546186264,1.899933889297632
2026-10-07T17:40:46+03:00,22.08,287.936,29.0247459491,20.37312,231.99634082642166,215.63839577543663,-0.7026181441689285,6.53184,5.90976,0.0,,-25.175765518048372,24.786667,59.46556,15.000216206301696,41.22180845682388,273.21814928324557,4.913015802101683,0.004005852467658609,1.9039397417652906
2026-10-07T17:40:48+03:00,22.23,287.925,22.710751046758325,22.04496,223.99785000639537,217.32289169312125,0.21124953906473454,5.98752,7.15392,-0.040107045659157625,,-27.93742209057894,24.786591,59.465513,16.682614106206422,30.675673123010398,254.67352312940577,5.149680114301761,0.0036561649357064498,1.907595906700997
2026-10-07T17:40:50+03:00,22.12,287.909,26.457895026913913,21.94776,226.99441927492956,218.72663829119176,0.3966586815690689,6.47352,8.70912,-0.022918311805232933,,-26.9347459491,24.786506,59.465467,16.407751045415335,36.582152631664314,263.57657190659387,5.198257000204076,0.0037924742583933507,1.9113883809593903
2026-10-07T17:40:52+03:00,22.05,287.934,24.99685264933031,22.9392,227.99709541640848,223.3446781199462,4.4423709687673245,6.4152,8.08704,-0.14896902673401402,,-25.571106396688638,24.78642,59.465428,17.33814155676359,33.99209625213334,261.9891916685418,5.318936644789282,0.00352031980646604,1.9149087007658563
2026-10-07T17:40:54+03:00,22.08,287.931,31.855157457046264,22.21992,230.99939426289401,220.78928635366273,-0.3810742295415105,7.01784,6.78456,0.06302535746439056,,-19.314407273860052,24.786323,59.465386,16.67560455741383,44.688197118426245,275.68759138132026,4.989293749820288,0.0038920307243450756,1.9188007314902014
2026-10-07T17:40:56+03:00,21.93,287.925,27.311602141658835,20.56752,235.9955862364348,213.92525196799545,-3.092081332982514,6.37632,6.57072,0.29793805346802804,,-14.736474490764774,24.786223,59.465351,15.186478465721795,38.418956954008536,274.41454319044334,4.995769570959461,0.003708329556597889,1.9225090610467992
2026-10-07T17:40:58+03:00,22.05,287.931,25.72450904914646,19.964879999999997,217.99898189137562,215.5008859046052,2.541526187641306,6.14304,6.804,-1.082890232797256,,-16.95382115792106,24.786147,59.465311,14.674931413936497,36.19297773633784,254.19195962771346,4.957634106244461,0.0033417553113486197,1.9258508163581478
2026-10-07T17:41:00+03:00,21.78,287.921,26.56102743003746,20.898,222.99517386491638,215.77017606831672,-3.5357225537523105,6.92064,7.1150400000000005,0.24064227395494575,,-14.873984361596172,24.786067,59.465267,15.029803020779728,38.44295622290932,261.4381300878257,5.420435880686202,0.0036004479368875486,1.9294512642950354
2026-10-07T17:41:02+03:00,22.08,287.925,28.15385010050115,20.13984,220.99555115990984,213.47834488779344,-0.00246371851906254,7.17336,6.78456,0.7104676659622208,,-18.959173440878942,24.785982,59.465215,14.223781688129975,41.91998801417054,262.9155391740804,5.337543114540768,0.004062925987180066,1.9335141902822155
2026-10-07T17:41:04+03:00,22.08,287.917,26.990745776385577,20.13984,214.99668304489012,217.84428328669028,2.960415631661451,6.804,6.78456,-0.21772396214971285,,-19.996227050065727,24.785909,59.465163,14.411648350769296,39.36340128637926,254.36008433126938,5.26043681295051,0.003839164825055009,1.9373533551072706
2026-10-07T17:41:06+03:00,21.93,287.928,24.859342778498913,19.926,223.99785000639537,218.68653124553262,-0.1400881809094863,6.4152,6.7068,0.47555496995858326,,-21.927094819656602,24.785829,59.465122,14.360723693091128,35.68358358696517,259.68143359336057,5.210750626818756,0.0034701553294436333,1.9408235104367142
2026-10-07T17:41:08+03:00,21.93,287.921,27.993421917864517,20.314799999999998,227.99709541640848,217.34581000492648,-2.3148067881080387,6.1624799999999995,6.14304,-0.18334649444186346,,-14.994305498573642,24.785742,59.465086,15.151968305898427,38.998632246971226,266.99572766337974,4.789239022172174,0.0034265464674694047,1.9442500569041836
2026-10-07T17:41:10+03:00,21.78,287.921,30.113365759848563,19.88712,227.99709541640848,215.9477929848073,-0.2681442481212253,6.72624,6.92064,1.008405719430249,,-16.506914077719017,24.785655,59.465047,14.467766031879545,43.601987002685235,271.59908241909375,4.87079287476156,0.0035431832173751904,1.9477932401215587
2026-10-07T17:41:12+03:00,21.93,287.917,23.38111166706139,17.22384,225.9974727114019,211.74228276854706,-2.115703954300078,7.23168,6.39576,0.5672282171795151,,-12.553505291316336,24.785565,59.465003,10.968098372619565,38.54940145454779,264.5468741659497,5.655688096372771,0.0038142819701343657,1.951607522091693
2026-10-07T17:41:14+03:00,21.78,287.917,21.33565233844435,19.49832,220.99555115990984,212.95122371627306,3.267177235174493,5.832,6.76512,0.6073352628386726,,-16.936632424067135,24.785484,59.464957,14.225157464254496,29.914054973396418,250.90960613330626,5.055028540139318,0.0037099613264279163,1.955317483418121
2026-10-07T17:41:16+03:00,21.78,287.913,25.45521888543497,19.926,217.99898189137562,218.8183115384127,3.6147907294803634,6.39576,7.542719999999999,0.2119943841984046,,-12.983223637664453,24.785409,59.464908,14.415655986628375,36.44832015890617,254.4473020502818,5.144704917874413,0.003731031287425828,1.959048514705547
2026-10-07T17:41:18+03:00,21.9,287.92,25.88493723178309,19.01232,227.99709541640848,215.86757889348897,-1.2917333491224408,7.17336,7.095599999999999,0.4526366581533504,,-15.670395696828017,24.785312,59.464863,12.94321155449204,39.886733258575475,267.883828674984,5.504217100546944,0.004011377652277765,1.9630598923578246
2026-10-07T17:41:20+03:00,21.97,287.93,26.578216163891387,20.0232,221.99822730138877,217.2312184459003,-1.213066243850979,6.940079999999999,6.4152,-0.37242256683503505,,-18.048170546620934,24.785225,59.464812,14.161141920252055,39.244420943068604,261.24264824445737,5.3747744428145126,0.0040566261286354745,1.96711651848646
2026-10-07T17:41:22+03:00,21.63,287.925,20.063686033253923,19.47888,227.99709541640848,218.62350588806822,2.608676841230638,5.7153599999999996,6.47352,0.3036676314193363,,-22.316706120345565,24.785149,59.464778,14.245952288117136,27.97468293860007,255.97177835500855,5.047548476259069,0.0030924674835259335,1.970208985969986
2026-10-07T17:41:24+03:00,21.63,287.925,18.144277419565668,21.228479999999998,230.99939426289401,220.30227222780155,-1.1158926017967914,6.318,7.23168,0.09167324722093173,,-25.118469738535293,24.785067,59.464746,15.351244371725112,25.507851428234318,256.50724569112833,5.702161046710777,0.003157622700243581,1.9733666086702297
2026-10-07T17:41:26+03:00,21.78,287.917,22.24665523270236,20.5092,230.99939426289401,219.96422712867434,-1.7061537223405654,7.095599999999999,7.5816,0.395340878640268,,-26.642537473583282,24.78497,59.464711,14.198228060711216,33.15296561566535,264.15235987855937,5.940532314832485,0.0036333018223524876,1.9769999104925822
2026-10-07T17:41:28+03:00,22.01,287.924,28.92734312392776,17.92368,229.99671812141503,216.63534233896428,-2.003633409572489,6.4152,6.901199999999999,-0.739115555718762,,-20.867122898664583,24.784885,59.464674,12.69398854966811,43.076617876504,273.073335997919,4.685925465341837,0.0034182326761573218,1.9804181431687395
2026-10-07T17:41:30+03:00,21.75,287.917,25.420841417727125,19.45944,224.99479656992298,219.8439059916969,-0.8598950589323396,6.43464,6.82344,0.6302535746439055,,-16.32929716122846,24.784807,59.464635,13.924516062543857,36.862293308806045,261.857089878729,5.14822436068796,0.003342060853957186,1.9837602040226967
2026-10-07T17:41:32+03:00,21.52,287.923,23.925421572435674,21.131279999999997,236.99826237791373,216.9390099703836,0.03002298846485514,6.1236,6.59016,0.18334649444186346,,-22.78653151235284,24.784717,59.464604,15.731115503773447,33.008476317749626,270.00673869566333,5.135189632502029,0.0033205894184676205,1.9870807934411643
2026-10-07T17:41:34+03:00,21.78,287.927,21.93152844538041,22.744799999999998,222.99517386491638,221.59715684479718,-0.5166360438694634,6.74568,7.17336,0.246371851906254,,-19.520672080107147,24.784637,59.464561,16.67869625152554,30.61994448500178,253.61511834991816,5.805094619108371,0.0035565642575590166,1.9906373576987233
2026-10-07T17:41:36+03:00,21.78,287.917,22.87690880734627,20.178720000000002,229.99671812141503,220.09600742155445,0.3403942260872221,6.4152,6.0652800000000004,0.46982539200727513,,-18.47215931501774,24.784537,59.464521,14.484442741172561,32.7914808188421,262.78819894025713,5.392919529862649,0.003886774546949071,1.9945241322456724
2026-10-07T17:41:38+03:00,21.63,287.912,18.934959176846203,20.85912,229.99671812141503,217.64374805839452,0.683424058032046,5.65704,6.201359999999999,0.38961130068895977,,-21.58904972052942,24.784455,59.464489,15.616461534431023,25.68555313947141,255.68227126088644,5.098047160215339,0.0031576378018588103,1.9976817700475311
2026-10-07T17:41:40+03:00,21.9,287.917,20.470486067796806,23.69736,223.99785000639537,221.68883009201812,3.330947437772554,6.201359999999999,8.748,1.0599719209920229,,-15.739150632243714,24.784374,59.464446,18.018596435783067,27.38353026344336,251.38138026983873,5.5064829358825085,0.00357761712406944,2.0012593871716007
2026-10-07T17:41:42+03:00,21.78,287.912,23.656131408724185,23.094720000000002,236.99826237791373,218.51464390699337,1.441389925210612,6.6679200000000005,6.92064,1.065701498943331,,-16.17459855654314,24.784271,59.464404,17.19650904811812,32.606726574331276,269.604988952245,5.61698338800725,0.004033308656485091,2.0052926958280857
2026-10-07T17:41:44+03:00,21.97,287.912,18.264598556543138,22.12272,227.99709541640848,217.72396214971283,3.328598310812518,5.96808,5.57928,0.12605071492878112,,-19.343055163616594,24.784186,59.464368,16.56127823138809,24.74942004347116,252.74651545987965,5.419896403718121,0.003379451493818505,2.0086721473219042
2026-10-07T17:41:46+03:00,21.75,287.917,20.436108600088957,21.6756,225.9974727114019,217.39164662853696,1.4541668840420292,5.67648,6.24024,0.22345354010102106,,-19.698288996597704,24.784109,59.464327,16.476035078991867,27.34534273821245,253.34281544961436,5.042155999573041,0.003406315353240583,2.0120784626751447
2026-10-07T17:41:48+03:00,21.52,287.912,23.043066567934208,21.228479999999998,226.99441927492956,216.7900409436496,0.9902429573246018,6.59016,6.57072,0.09167324722093173,,-21.577590564626803,24.78403,59.464288,15.381978286760251,32.69711722460852,259.6915364995381,5.545869818880446,0.0033639132647917363,2.0154423759399362
2026-10-07T17:41:50+03:00,21.9,287.919,20.126711390718317,21.53952,223.99785000639537,220.72626099619833,4.404097388052587,7.03728,7.4844,0.08594366926962349,,-22.213573717222015,24.783941,59.464239,15.127052204724741,29.33814249254374,253.3359924989391,6.13470162975846,0.004007762409873039,2.0194501383498094
2026-10-07T17:41:52+03:00,22.05,287.913,23.690508876432034,21.01464,225.9974727114019,220.39394547502246,-2.058465470566509,6.648479999999999,6.1624799999999995,0.26356058576017866,,-20.798367963248886,24.783845,59.464196,15.163588710822639,33.837122167941715,259.8345948793436,5.522386178565984,0.003908403660795304,2.023358542010605
2026-10-07T17:41:54+03:00,21.78,287.913,24.09730891097492,20.586959999999998,229.99671812141503,217.2770550695108,0.348702114116619,6.0652800000000004,7.9120800000000004,0.13750987083139757,,-24.969500711801278,24.78376,59.464157,15.252620747629601,33.44107383033909,263.4377919517541,5.061191235485647,0.003497668779211711,2.0268562107898167
2026-10-07T17:41:56+03:00,22.08,287.921,23.965528618094826,21.85056,223.99785000639537,224.47340497635395,0.9221755712630602,7.03728,7.60104,0.08594366926962349,,-24.12152317500766,24.783678,59.464115,15.682666557791187,34.467432091544936,258.4652820979403,5.801871495569451,0.0035558947152204657,2.0304121055050373
2026-10-07T17:41:58+03:00,22.23,287.914,20.63664382838475,21.753359999999997,230.99939426289401,221.78623291719035,1.6499465626382317,7.2122399999999995,7.1150400000000005,0.2119943841984046,,-21.520294785113723,24.783573,59.464074,15.217691527485,30.252102599164118,261.25149686205816,6.230055646214309,0.0040442407717214655,2.034456346276759
2026-10-07T17:42:00+03:00,22.35,287.914,18.276057712445755,21.461759999999998,236.99826237791373,222.11854843836625,0.6242375177950319,6.14304,5.94864,0.5385803274229739,,-21.927094819656602,24.783477,59.464043,15.746877236097978,25.30307334782114,262.3013357257349,5.5536744379484455,0.003473817998256354,2.037930164275015
2026-10-07T17:42:02+03:00,22.31,287.921,26.062554148273644,21.03408,235.9955862364348,222.17584421787933,-5.011547242450285,6.006959999999999,6.92064,0.4068000345428845,,-17.131438074411616,24.78339,59.464015,15.859077423224306,35.641934679143844,271.63752091557865,4.881703145676959,0.003145130476195686,2.0410752947512107
2026-10-07T17:42:04+03:00,22.27,287.921,22.435731305095533,20.08152,233.99596353142817,219.1620862154912,-6.164567509371553,5.90976,7.46496,0.20053522829578813,,-16.05427741956567,24.783293,59.46399,14.79204264962821,31.206212035324313,265.2021755667525,5.0546655403315315,0.0033216707520416907,2.0443969655032523
2026-10-07T17:42:06+03:00,22.68,287.925,16.99836182930402,20.412,224.99479656992298,218.95009183129278,-0.03265859432245692,6.25968,7.13448,0.2864788975654116,,-18.374756489845502,24.783205,59.463955,14.541393816814113,24.22799913903785,249.22279570896083,5.708325427854081,0.0034129738956583016,2.0478099393989107
2026-10-07T17:42:08+03:00,22.68,287.921,19.049550735872366,19.61496,227.99709541640848,215.2831619424555,-4.07441747273431,6.24024,5.832,0.5271211715203573,,-18.094007170231396,24.783123,59.463913,13.866846266031693,27.495557060733717,255.4926524771422,5.535383901756311,0.0035559052555837545,2.0513658446544945
2026-10-07T17:42:10+03:00,22.53,287.913,14.712260226732035,20.08152,234.99863967290713,212.63036735099982,0.8585772560035385,6.08472,6.47352,0.3093972093706446,,-20.042063673676196,24.783043,59.463876,14.280154757185965,20.924601626058802,255.92324129896593,5.6834400923119235,0.0033038132959724094,2.054669657950467
2026-10-07T17:42:12+03:00,22.87,287.924,22.86544965144365,19.439999999999998,217.99898189137562,217.2025705561438,1.0054836346750817,6.25968,7.01784,0.22345354010102106,,-18.11119590408532,24.782977,59.463831,13.886877876440172,32.952950561081906,250.95193245245753,5.252607189335821,0.003373263586931454,2.0580429215373983
2026-10-07T17:42:14+03:00,22.98,287.923,26.3776809355956,18.44856,226.99441927492956,214.81333655044824,2.0268954960548005,6.84288,6.55128,0.3552338329811104,,-16.747556351673964,24.782894,59.463789,12.687752233126321,40.241599870102846,267.2360191450324,5.2233563603148285,0.003577485021271326,2.06162040655867
2026-10-07T17:42:16+03:00,22.83,287.938,18.470863362790237,19.51776,224.99479656992298,212.13762364718733,1.2014924963893363,6.045839999999999,5.46264,0.10313240312354818,,-24.4309203843783,24.782812,59.463746,13.9158299530322,26.38251239376018,251.37730896368316,5.41615021666193,0.0035988364321466637,2.0652192429908167
2026-10-07T17:42:18+03:00,23.81,287.939,26.1714161293485,19.323359999999997,215.99935918636905,216.47491415632763,1.994466084850396,6.0652800000000004,8.748,0.09167324722093173,,-27.284250204129805,24.782756,59.463706,14.135347415510022,37.080545085689124,253.07990427205817,4.838811867614019,0.002950520962999579,2.0681697639538164
2026-10-07T17:42:20+03:00,22.87,287.934,17.657263293704467,19.69272,221.99822730138877,218.99592845490324,-1.5990106146511014,6.76512,7.01784,0.17188733853924698,,-25.725805001373967,24.782671,59.463658,13.404316667927352,26.463066957631696,248.46129425902046,6.056282877828718,0.0038810841510765665,2.072050848104893
2026-10-07T17:42:22+03:00,23.02,287.931,20.877286102339696,20.83968,227.99709541640848,217.78125792922594,1.9070327253134323,7.03728,6.57072,0.26929016371148695,,-19.21700444868781,24.782576,59.463614,14.483205035171425,30.84867228009955,258.845767696508,6.041678074300416,0.003925824541954637,2.0759766726468474
2026-10-07T17:42:24+03:00,22.95,287.939,20.34443535286803,19.187279999999998,225.9974727114019,218.973010143098,-1.6129907848522935,6.10416,6.25968,0.20626480624709637,,-14.392699813686278,24.782489,59.463575,13.630124513783137,29.301745196673494,255.2992179080754,5.3231593770412085,0.003543269988136548,2.0795199426349837
2026-10-07T17:42:26+03:00,22.91,287.945,20.69393960789783,18.62352,223.99785000639537,214.95084642127964,1.6304659976037836,5.79312,6.648479999999999,0.31512678732195276,,-18.082548014328783,24.782411,59.463538,13.3619146647006,29.506806402042827,253.5046564084382,5.041736073393715,0.0032589220491615876,2.0827788646841454
2026-10-07T17:42:28+03:00,22.83,287.931,20.258491683598404,19.67328,227.99709541640848,218.14222134015836,-0.5031142399043759,6.29856,7.98984,0.21772396214971285,,-17.618452200272817,24.782324,59.463501,13.936057038918399,29.26196827724098,257.25906369364947,5.494825461215941,0.003464913711249283,2.086243778395395
2026-10-07T17:42:30+03:00,22.98,287.939,24.70464417381359,20.76192,231.99634082642166,214.96803515513355,-1.8111195904085322,6.648479999999999,6.82344,0.18334649444186346,,-13.750987083139757,24.782231,59.463461,14.981879921657013,35.393106653726875,267.38944748014853,5.419824168871359,0.0037212278926497875,2.0899650062880446
2026-10-07T17:42:32+03:00,22.98,287.939,25.157280831966943,18.64296,224.99479656992298,210.59063760033408,-2.727221809043206,5.9292,6.43464,0.18907607239317165,,-11.333105187687684,24.782148,59.463422,13.513326413353367,35.90714995781295,260.90194652773596,4.802464996313124,0.0034526215190575703,2.0934176278071024
2026-10-07T17:42:34+03:00,22.83,287.935,16.780637867154308,18.215279999999996,223.99785000639537,206.58566261236965,2.1102608552463353,5.57928,6.006959999999999,0.31512678732195276,,-17.675747979785896,24.782075,59.463384,12.97396374184158,23.912606657664412,247.91045666405978,5.1003813336769195,0.0031917723106613463,2.0966094001177638
2026-10-07T17:42:36+03:00,22.98,287.943,20.900204414144923,18.23472,217.99898189137562,208.7915501236233,4.766550489252345,5.9292,6.53184,0.38388172273765153,,-23.164683657139182,24.782003,59.463335,12.870639731491437,30.35923466679216,248.35821655816778,5.116149487827099,0.0036755630173132357,2.100284963135077
2026-10-07T17:42:38+03:00,22.98,287.936,21.8570439320134,20.39256,216.9963057498967,212.80225468953907,3.290954983672423,6.29856,6.492959999999999,0.5557690612768985,,-24.877827464580342,24.781928,59.463281,14.734552371554233,31.014212073554432,248.01051782345112,5.3981148418540545,0.0039726265409054,2.1042575896759823
2026-10-07T17:42:40+03:00,22.98,287.943,18.39064927147192,21.967200000000002,218.99592845490324,226.0834163806715,6.536302526852432,6.6095999999999995,5.6181600000000005,0.26929016371148695,,-21.78958494882521,24.781863,59.463234,15.833090551891035,25.958752982747114,244.95468143765035,5.942753457983066,0.003452773812350296,2.1077103634883327
2026-10-07T17:42:42+03:00,23.02,287.939,11.81309378337007,22.355999999999998,222.99517386491638,254.0609455169096,17.416541873268713,6.454079999999999,5.0544,-0.3666929888837269,,-8.405290854569177,24.78179,59.463186,16.092945433836814,16.5225450339031,239.51771889881948,6.187577514505671,0.0036461751958459286,2.111356538684179
2026-10-07T17:42:44+03:00,22.95,287.945,-1.6276366537063467,17.86536,253.99792015944524,276.15992767510545,5.545142837055621,5.2488,3.86856,-0.9740282517223995,,6.428586461367836,24.781699,59.463174,12.619558400849064,2.304537438265868,251.69338272117938,5.244554843070177,0.0028712379773211056,2.1142277766615
2026-10-07T17:42:46+03:00,23.02,287.948,-21.967638380850573,16.83504,289.9968584275149,281.28217036357506,3.141183816025225,4.78224,3.57696,-1.8850311459804083,,15.756339366097642,24.781614,59.463197,12.52839503685589,30.177075048949973,259.8197833785649,4.134131701616625,0.002941096390053371,2.1171688730515537
2026-10-07T17:42:48+03:00,23.13,287.95,-32.68767872774828,16.407359999999997,295.9957265425346,287.32687510220524,7.195490470150443,5.52096,3.57696,-1.9996227050065731,,18.76436779053446,24.781531,59.463223,12.132846138189741,46.913835044052774,249.08189149848184,3.77135366231012,0.002977876948977135,2.1201467500005307
2026-10-07T17:42:50+03:00,23.06,287.943,-30.957346186453183,17.398799999999998,299.99497195254776,294.8383517963703,2.0551996111342627,5.87088,4.101839999999999,-2.217346667156286,,23.187601968944417,24.781454,59.463249,12.727698625869193,44.683179469280134,255.31179248326762,4.174230561158928,0.002823534263102858,2.1229702842636335
2026-10-07T17:42:52+03:00,23.28,287.945,-28.860320656274375,17.14608,311.9984377605385,293.1423967227831,-1.9643285048265144,5.0544,4.93776,-3.6210932652268033,,32.17158019659572,24.781389,59.46328,12.951294258584321,39.71800491435502,272.28043284618343,3.8878383512602195,0.0027226272748211732,2.125692911538455
2026-10-07T17:42:54+03:00,23.36,287.945,-37.95316086500054,19.439999999999998,316.9946297340793,287.5732469541115,-1.303536279702136,5.26824,5.20992,-3.72995524630166,,32.458059094161136,24.781319,59.463318,15.625534431161267,49.9206473821709,267.0739823519084,3.39194545664944,0.0031284681076137835,2.1288213796460687
2026-10-07T17:42:56+03:00,23.28,287.948,-25.617379535833916,19.03176,309.9988150555319,285.6481087624719,-0.8443679026842942,4.374,5.754239999999999,-3.586715797518954,,31.042853340188,24.781276,59.463342,15.205776622021787,32.76174391514715,277.2370711403847,3.6782195608731265,0.00195079765615055,2.130772177302219
2026-10-07T17:42:58+03:00,23.36,287.949,-40.26791035732907,16.8156,298.9980253890201,287.83680753987164,2.8824360757441454,4.68504,5.851439999999999,-2.492366408819081,,23.296463950019273,24.781206,59.463363,13.58264482716701,53.150199601465815,245.84782578755426,2.8097091556414147,0.0024826441237228,2.133254821425942
2026-10-07T17:42:59+03:00,23.43,287.954,-40.52574136513793,18.5652,297.9953492475411,299.99497195254776,5.839242073296272,4.68504,5.48208,-1.552715624804531,,16.506914077719017,24.781131,59.463386,15.30976059583674,51.99524737213514,246.000101875406,2.884704864705208,0.0026753801606111626,2.135930201586553
2026-10-07T17:43:02+03:00,23.32,287.961,-34.46957747060513,18.254160000000002,311.9984377605385,304.5499864238378,-1.785279193848132,5.5404,5.7348,-2.515284720624314,,21.187979263937844,24.781058,59.463424,14.04111829145967,47.3738096438299,264.62462811670855,3.752027441251737,0.003191772218994421,2.139121973805547
2026-10-07T17:43:04+03:00,23.58,287.952,-27.71440506601273,18.58464,323.9961739905779,302.3498284905354,-1.86795700368551,6.1236,6.43464,-4.0164341438670705,,32.42368162645329,24.780987,59.463472,13.46809782286264,39.92192084514957,284.0742531454283,4.69630937000853,0.0036091423190969477,2.142731116124644
2026-10-07T17:43:06+03:00,23.55,287.961,-27.85764451479543,21.79224,321.9965512855714,294.68365319168504,-2.2279463863662063,6.95952,6.18192,-4.0622707674775365,,33.66700004188717,24.780908,59.463528,15.973783540502899,39.60431057179309,282.3922407137783,5.362068559211413,0.0041413868165414165,2.1468725029411857
2026-10-07T17:43:08+03:00,23.58,287.957,-27.37635996688554,22.95864,313.99806046554505,292.24285298442766,-0.27295709360032416,6.940079999999999,5.851439999999999,-3.495042550298022,,28.029095337799873,24.780829,59.463572,17.09630388596138,38.13457850039927,275.86348196514575,5.4588066206324894,0.003579880230020324,2.150452383171206
2026-10-07T17:43:10+03:00,23.85,287.961,-37.2999889785514,21.92832,304.9968935040398,291.43498249329326,-2.246739402046497,6.62904,6.8623199999999995,-2.9220847551671985,,23.78920765383178,24.780739,59.463604,17.132699788133365,50.86042790407325,254.13646559996656,4.1843272351565615,0.0033547563651490963,2.153807139536355
2026-10-07T17:43:12+03:00,23.58,287.961,-32.26941953730278,20.06208,306.99651620904643,292.0537769120345,0.14891173095450097,6.201359999999999,6.24024,-2.1084846860814292,,18.672694543313533,24.780642,59.463639,15.183914175258138,44.86417987553182,262.1323363335146,4.395406113816689,0.0036333809293687103,2.1574405204657237
2026-10-07T17:43:14+03:00,23.85,287.971,-28.453520621731492,18.83736,309.9988150555319,295.0159687128609,-0.1234724048506924,5.98752,6.0652800000000004,0.14896902673401402,,21.697911701604276,24.780553,59.463677,13.86965561119053,40.322902297509074,269.67591275802283,4.564943528374374,0.003550329981147908,2.1609908504468716
2026-10-07T17:43:16+03:00,23.66,287.97,-25.382466839830276,18.215279999999996,309.9988150555319,294.2195573776291,-2.7142729628732485,6.1236,7.40664,-1.5126085791453732,,24.184548532472046,24.780461,59.463717,12.95160270276144,37.07575282628787,272.923062229244,4.885647701393727,0.003697957335641703,2.1646888077825133
2026-10-07T17:43:18+03:00,23.58,287.972,-28.60821922641681,19.26504,309.9988150555319,291.6985430790534,-0.2532473454478239,6.53184,6.27912,-1.4209353319244415,,20.282705947631143,24.780379,59.463755,13.887403433435072,41.623358132806715,268.3754569227252,4.882729120063834,0.0033894535901210932,2.168078261372634
2026-10-07T17:43:20+03:00,23.77,287.971,-37.52344251865243,18.8568,301.99459465755433,294.76959686095466,3.704172145520772,6.318,6.901199999999999,-0.9797578296737078,,16.776204241430506,24.780277,59.463787,14.370786476186293,53.055632511704616,248.9389621458497,3.7973662219781743,0.0036610366894762854,2.1717392980621106
2026-10-07T17:43:22+03:00,23.73,287.974,-35.98218604975051,20.06208,304.9968935040398,297.0900759312345,0.3254973234138207,6.940079999999999,6.6679200000000005,-2.8819777095080408,,18.260164930819336,24.780184,59.463821,15.01059843471168,51.744271461605905,253.2526220424339,4.29710643159675,0.0034990339472081486,2.175238332009319
2026-10-07T17:43:24+03:00,23.88,287.983,-42.41650208906965,21.44232,312.9953843240661,298.55111830881805,2.4844022954667624,6.1624799999999995,7.13448,-1.5183381570966814,,20.443134130267776,24.780095,59.463861,17.396687928248372,56.24022045857707,256.755163865489,3.4245649761199837,0.003628826427185004,2.178867158436504
2026-10-07T17:43:26+03:00,23.73,287.971,-24.162066736201623,22.6476,310.9957616190596,297.07861677533185,-4.919702107890814,6.78456,5.96808,-0.4812845479098915,,16.186057712445756,24.780007,59.463901,16.690083568444326,33.74001253635416,277.2557490827054,5.641812429292059,0.0036060063093147927,2.1824731647458187
2026-10-07T17:43:28+03:00,23.66,287.978,-19.28046632168701,23.6196,316.9946297340793,295.7149772229205,0.08943871181992151,6.37632,6.5124,-2.0855663742761967,,24.76896548350549,24.779918,59.463949,17.72638211372824,26.101754477072035,290.8928752570073,5.726025290250259,0.003963817927965924,2.1864369826737846
2026-10-07T17:43:30+03:00,23.58,287.975,-25.130365409972715,23.17248,313.99806046554505,292.936131916536,0.4887329992465922,6.901199999999999,7.32888,-3.707036934496426,,26.442002245287494,24.779843,59.463988,17.176407654614444,34.95476962880903,279.043290836736,5.656255134952548,0.0032774240910327587,2.1897144067648173
2026-10-07T17:43:32+03:00,23.7,287.974,-28.138393834409538,24.37776,309.9988150555319,293.54919675732594,-0.03059594625998596,6.37632,7.32888,-1.9308677695908742,,25.536728928980793,24.779759,59.464025,18.994591838369722,37.247384417055144,272.7514306384768,5.075739673948374,0.0033951389421380956,2.1931095457069554
2026-10-07T17:43:34+03:00,23.51,287.979,-20.076877656918853,22.9392,310.9957616190596,295.27379972066973,3.592731854367827,6.27912,6.8623199999999995,-2.1084846860814292,,30.63032372769381,24.779674,59.46406,17.177421750941765,27.285615012093302,283.7101466069663,5.5804571092097035,0.0033413037573410704,2.1964508494642963
2026-10-07T17:43:36+03:00,23.55,287.979,-21.86450597772702,22.842,313.99806046554505,288.6332188751035,-4.01047538279771,6.57072,6.74568,-3.592445375470262,,29.283872909136377,24.779585,59.464101,16.921794451171202,30.179066209627962,283.8189942559171,5.680114948465361,0.0036689132558970932,2.200119762720193
2026-10-07T17:43:38+03:00,23.47,287.979,-28.207148769825235,23.60016,309.9988150555319,287.3669821478644,5.519588919392786,6.6095999999999995,6.9984,-3.328884789710083,,25.28462749912323,24.779501,59.464138,18.04793364194615,38.175260729166496,271.8235543263654,5.19596411540452,0.0033951324616382467,2.2035148951818315
2026-10-07T17:43:40+03:00,23.43,287.983,-24.580325926647127,22.76424,306.99651620904643,289.4525485221406,-3.368132398676544,6.39576,6.53184,-3.151267873219528,,25.622672598250414,24.779402,59.464173,17.155611261489423,33.501568778315914,273.4949474307305,5.333236929173997,0.003683310958240764,2.207198206140072
2026-10-07T17:43:42+03:00,23.28,287.985,-31.043289855722815,22.43376,303.9999469405122,285.47049184598137,2.8781961880601776,7.1928,7.387199999999999,-4.096648235185386,,25.508081039224248,24.779296,59.464213,16.688557021173377,43.885184279034064,260.11476266147815,5.184069546250053,0.004032364673966315,2.2112305708140383
2026-10-07T17:43:44+03:00,23.28,287.985,-23.45732864819071,21.753359999999997,302.99727079903323,289.7562161535599,2.639501970608676,6.337439999999999,6.78456,-2.9163551772158907,,22.86101602571985,24.779205,59.464245,16.13806297508308,32.45075047221107,270.54652032682213,5.347867622488438,0.0033797800463787257,2.214610350860417
2026-10-07T17:43:46+03:00,23.13,287.988,-28.717081207491667,19.65384,303.9999469405122,294.48884754134053,-1.9832361120658313,6.55128,6.4152,-2.538203032429547,,21.462999005600636,24.779112,59.464271,14.260110012947424,41.4696431114765,262.5303038290357,4.908917932565769,0.0032417297572800577,2.217852080617697
2026-10-07T17:43:48+03:00,23.28,287.988,-25.812185186178397,19.828799999999998,307.99919235052533,289.70464995199814,0.8921525827982048,6.78456,7.36776,-2.904896021313274,,22.408379367566496,24.779011,59.464308,14.035571786535382,37.9624315609972,270.0367607895281,5.34904391338932,0.0038026343958647573,2.2216547150135617
2026-10-07T17:43:50+03:00,23.02,287.993,-28.682703739783822,20.0232,306.99651620904643,293.47471224395895,1.903709570101673,6.47352,6.006959999999999,-2.1543213096918956,,18.82739314799885,24.77891,59.464341,14.676683179131224,40.90457241696316,266.09194379208327,4.89269428780801,0.003667204128388429,2.22532191914195
2026-10-07T17:43:52+03:00,22.98,287.993,-25.73770067281139,19.75104,309.9988150555319,293.2283403920527,-2.67061357888428,6.43464,7.29,-2.5783100780887045,,22.597455439959663,24.778825,59.464372,14.231777686364962,37.060662303505495,272.93815275202644,5.134829121800838,0.003195366970478136,2.2285172861124285
2026-10-07T17:43:54+03:00,22.98,287.993,-25.932506323155867,21.15072,309.9988150555319,290.9880754130912,-1.2727111503240978,6.804,6.37632,-2.3262086482311424,,28.321303813316593,24.778724,59.464413,15.323476172722982,37.12917458287848,272.86964047265343,5.424670506498019,0.003948063687518789,2.232465349799947
2026-10-07T17:43:56+03:00,23.13,287.988,-30.72243349044955,20.7036,305.99956964551876,287.26957932269215,0.7616327970674033,6.76512,7.73712,-2.274642446669368,,28.84269540688564,24.778628,59.464451,15.28385018285253,43.79186242615103,262.20770721936776,4.883459538918953,0.003716486292250487,2.2361818360921975
2026-10-07T17:43:58+03:00,22.91,288.001,-28.642596694124663,21.384,302.99727079903323,284.61678473123646,0.9078516263847894,6.97896,7.17336,-2.8819777095080408,,22.666210375375368,24.778527,59.46448,15.62148027604599,41.00820799123133,261.98906280780193,5.266432002471959,0.0035429222720410923,2.2397247583642383
2026-10-07T17:44:00+03:00,22.91,287.997,-36.89891852195983,22.103279999999998,296.9984026840135,285.14963548070807,5.60627743379608,6.6679200000000005,7.2122399999999995,-2.177239621497128,,18.999280486538098,24.778416,59.464513,17.242189848002166,50.3249226014112,246.6734800826023,4.257020719861192,0.003927527662523025,2.2436522860267614
2026-10-07T17:44:02+03:00,22.8,287.992,-26.196066908916045,20.83968,301.99459465755433,298.8318676284322,5.6760063974635,6.25968,6.4152,-1.32926208470351,,24.17308937656943,24.778334,59.464539,15.471707367459658,36.48449025709178,265.5101044004625,5.032894438762422,0.002951841191531791,2.2466041272182933
2026-10-07T17:44:04+03:00,22.83,287.994,-24.08185264488331,20.39256,315.9976831705516,295.82956878194665,-7.680671131067226,6.55128,6.68736,-2.423611473403382,,25.783100780887047,24.778251,59.464577,14.657310024568579,34.590242554932985,281.4074406156186,5.393230282155233,0.0034120338015991665,2.2500161610198925
2026-10-07T17:44:06+03:00,22.83,287.996,-30.47033206059199,21.17016,311.9984377605385,291.0052641469451,-0.6015483891078512,6.24024,6.901199999999999,-1.9308677695908742,,23.76055976407524,24.778166,59.464621,16.105669331483732,41.8012893710891,270.19714838944935,4.651855550641064,0.003705791078182051,2.2537219520980747
2026-10-07T17:44:08+03:00,22.83,287.993,-37.48333547299326,21.24792,306.99651620904643,292.1798276269633,-0.6916746502819298,6.25968,7.29,-3.1111608275603704,,29.490137715383476,24.778074,59.46466,16.72035884899492,50.65200749957583,256.3445087094706,3.9688176486958375,0.003659101754947381,2.257381053853022
2026-10-07T17:44:10+03:00,22.87,288.004,-21.663970749431233,21.05352,311.9984377605385,288.72489212232443,-0.813714660644795,6.88176,6.92064,-2.566850922186088,,27.88585588901717,24.777982,59.4647,14.876382429124217,31.496747281024,280.5016904795145,5.867869098788767,0.0036978952483083137,2.2610789491013303
2026-10-07T17:44:12+03:00,22.83,288.011,-33.11739707409639,22.14216,304.9968935040398,287.38990045966966,0.0311116082756037,6.901199999999999,6.492959999999999,-2.6757129032609446,,25.41067821405201,24.777872,59.464737,16.79086464860013,46.09425424110583,258.902639262934,4.785803344302147,0.004028751131947099,2.2651077002332776
2026-10-07T17:44:14+03:00,22.98,288.01,-34.32060844387112,21.55896,300.99764809402666,288.5530047837852,2.447847588137416,6.82344,7.6593599999999995,-3.7815214478634336,,26.860261435732994,24.777777,59.464766,16.381674591069586,47.903307151828415,253.09434094219824,4.57432357135229,0.003384579157878409,2.268492279391156
2026-10-07T17:44:16+03:00,22.68,288.015,-21.417598897524982,22.414319999999996,303.9999469405122,287.1148807180068,-0.6959718337454109,6.7068,6.24024,-2.841870663848883,,28.624971444735927,24.777683,59.464804,16.355073412772043,30.02968809483147,273.97025884568075,5.806520817476569,0.0036684732409153326,2.2721607526320713
2026-10-07T17:44:18+03:00,22.76,288.01,-22.529137020078778,22.239359999999998,302.99727079903323,287.21228354317907,0.5104480996820504,6.25968,5.94864,-0.4526366581533504,,21.58904972052942,24.777582,59.464837,16.631237012672184,30.82076154467407,272.1765092543592,5.3756522981207056,0.0036671660559843334,2.2758279186880555
2026-10-07T17:44:20+03:00,22.42,288.015,-33.00280551507022,21.6756,302.99727079903323,294.9644025112991,3.4919485782043154,6.18192,6.59016,-2.910625599264582,,32.21741682020619,24.777482,59.464869,16.831414991043783,44.542842118208796,258.45442868082444,4.406016070300359,0.003609126230199397,2.279437044918255
2026-10-07T17:44:22+03:00,22.98,288.011,-24.941289337579544,22.861439999999998,309.9988150555319,290.9708866792373,-4.527168722446686,7.17336,6.6095999999999995,-4.211239794211551,,33.403439456126996,24.777386,59.464909,16.6344152820574,35.418688756012074,274.58012629951986,5.845849406496259,0.0037915242555107893,2.2832285691737657
2026-10-07T17:44:24+03:00,22.68,288.023,-23.508894849752487,23.114160000000002,302.99727079903323,284.9605594083149,-2.431460995196675,6.47352,6.6679200000000005,-1.3521803965087429,,25.10701058263267,24.777284,59.464944,17.370953528989975,32.05772653636885,270.9395442626644,5.486397292203037,0.0037588198433635926,2.2869873890171295
2026-10-07T17:44:26+03:00,22.83,288.017,-28.184230458020004,23.25024,292.99915727400037,284.71991713435995,1.537417651674538,6.006959999999999,6.88176,-0.888084582452776,,22.247951184929864,24.777175,59.46497,18.178269423812985,37.16326036035562,255.83589691364475,4.787051184951578,0.0036773182319140953,2.290664707249044
2026-10-07T17:44:28+03:00,22.8,288.012,-18.678860636799644,22.53096,302.99727079903323,289.59005839297197,-1.9159708669174729,6.045839999999999,7.1150400000000005,-0.005729577951308233,,22.156277937708932,24.777095,59.464996,16.914752559152646,25.252019745046823,277.7452510539864,5.468100181534842,0.00290017794079148,2.293564885189835
2026-10-07T17:44:30+03:00,22.83,288.017,-24.75221326518637,21.87,306.99651620904643,287.9513990988978,-1.3082918294017218,5.67648,6.492959999999999,-2.6356058576017865,,22.775072356450224,24.776999,59.46503,16.883162224169027,32.844858520402425,274.15165768864404,4.769050548228027,0.0035737163890476216,2.2971386015788826
2026-10-07T17:44:32+03:00,22.72,288.014,-28.063909321042534,22.900319999999997,306.99651620904643,285.779889055352,1.7258061747135527,6.337439999999999,6.2208000000000006,-2.6298762796504787,,22.746424466693686,24.776915,59.465061,17.562933778233013,37.83778744722679,269.15872876181965,5.004997162492556,0.003170565454980372,2.300309167033863
2026-10-07T17:44:34+03:00,22.68,288.019,-29.794241862337614,22.453200000000002,301.99459465755433,287.06904409439636,3.3636633278745243,7.270560000000001,7.13448,-3.2658594322456924,,24.224655578131205,24.776803,59.4651,16.542978189809798,42.408104459957,259.5864901975973,5.3682903434910365,0.004146545028780316,2.3044557120626434
2026-10-07T17:44:36+03:00,22.72,288.022,-32.532980123062956,22.62816,303.9999469405122,288.66186676486,-0.46484065918963685,6.62904,5.9292,-3.0939720937064457,,25.250250031415376,24.776701,59.465135,17.408278670203863,44.35004095544426,259.6499059850679,4.740310358398935,0.0037588052552598983,2.308214517317903
2026-10-07T17:44:38+03:00,22.68,288.021,-23.216686374235763,22.14216,306.99651620904643,288.78218790183746,-2.3085042523616,6.27912,6.59016,-3.896113006889598,,29.197929239866756,24.776615,59.465169,16.557587657786645,31.814392885013774,275.18212332403266,5.335746852072873,0.003327769515193985,2.311542286833097
2026-10-07T17:44:40+03:00,22.95,288.023,-28.48789808943934,21.81168,304.9968935040398,283.49378745278,-2.1585611973758634,6.68736,7.13448,-4.40604544455603,,32.70443094606739,24.776518,59.465206,16.250161576121968,39.8077984426624,265.18909506137743,5.13720582471198,0.0037041742394613793,2.3152464610725585
2026-10-07T17:44:42+03:00,23.02,288.028,-38.010456644513624,22.78368,295.9957265425346,281.299359097429,3.2209968368869495,5.96808,6.337439999999999,-3.0137580023881303,,24.51686405364793,24.776425,59.465235,18.451161603571716,49.49969910916957,246.49602743336504,3.8759817405532075,0.0033323395817693342,2.3185788006543278
2026-10-07T17:44:44+03:00,22.8,288.028,-24.345413230643487,22.414319999999996,298.9980253890201,285.854373568719,1.810317449495349,6.0652800000000004,6.72624,-2.790304462287109,,22.96414842884339,24.776334,59.46526,17.07246807927268,32.76689693113059,266.2311284578895,5.100169244938898,0.003159253961743369,2.321738054616071
2026-10-07T17:44:46+03:00,22.8,288.015,-17.819423944103413,21.63672,303.9999469405122,283.9693424227386,0.15630288651168858,6.454079999999999,6.318,-2.7100903709687945,,22.07033426843931,24.776237,59.465293,15.61766020457102,25.08470706405103,278.91523987646116,5.845344022567488,0.003565001832206688,2.325303056448278
2026-10-07T17:44:48+03:00,22.83,288.023,-31.318309597385603,21.131279999999997,296.9984026840135,286.4788975654116,5.127342012846224,6.25968,5.7153599999999996,-2.457988941111232,,16.58712816903733,24.776126,59.465321,16.115562345346742,42.966399004353434,254.03200367966008,4.580542951759639,0.0037845708416709817,2.329087627289949
2026-10-07T17:44:50+03:00,22.65,288.021,-24.52303014713404,19.67328,310.9957616190596,287.7909709162612,-1.710049835347455,5.48208,7.46496,-1.9537860813961072,,16.403781674595468,24.776042,59.465353,14.860941113096482,33.330337411295375,277.6654242077642,4.58036853214852,0.003206241858657676,2.3322938691486064
2026-10-07T17:44:52+03:00,22.5,288.028,-24.91837102577431,20.625839999999997,310.9957616190596,285.5392467813971,-1.437952178439827,6.57072,7.40664,-2.440800207257307,,20.483241175926928,24.775949,59.465393,14.925783855417155,35.60743064355361,275.38833097550594,5.342161330799717,0.0037211065444271653,2.3360149756930335
2026-10-07T17:44:54+03:00,22.53,288.022,-22.68956520271541,21.34512,305.99956964551876,283.32190011424075,-0.1585374219126988,6.92064,5.98752,-2.8819777095080408,,23.370948463386277,24.775849,59.465429,15.196397708685367,32.80722623452266,273.1923434109961,5.816785986827007,0.0037427534268134072,2.339757729119847
2026-10-07T17:44:56+03:00,22.61,288.019,-21.113931266105645,21.98664,301.99459465755433,283.6312973236115,0.035179608621032546,5.890319999999999,6.62904,-2.4064227395494577,,20.855663742761966,24.775752,59.465463,16.62769829082691,28.445338884283956,273.5492557732704,5.179193034535945,0.0035987799130273723,2.343356509032874
2026-10-07T17:44:58+03:00,22.38,288.023,-28.68843331773513,22.78368,301.99459465755433,284.49073401630767,-0.698779326941552,6.0264,6.18192,-2.566850922186088,,22.414108945517803,24.775663,59.465488,17.734608997014405,38.07674157339869,263.91785308415564,4.743894301073747,0.0031056484952843915,2.3464621575281583
2026-10-07T17:44:59+03:00,22.57,288.026,-21.36603269596321,22.880879999999998,303.9999469405122,282.7031056954995,0.8952465548919113,6.25968,6.55128,-3.2945073220022336,,25.490892305370327,24.775575,59.465516,17.203247013830264,28.983898427892626,275.0160485126196,5.475692115031527,0.0031708723812532715,2.3496330299094117
2026-10-07T17:45:01+03:00,22.68,288.032,-25.084528786362252,23.30856,301.99459465755433,282.51975920105764,-0.5424191446503503,5.69592,5.7153599999999996,-2.4293410513546903,,20.55772568929394,24.775476,59.46554,18.30979934278948,32.663141220049,269.33145343750533,4.795156663558332,0.003349812044861273,2.352982841954273
2026-10-07T17:45:03+03:00,22.42,288.036,-28.699892473637743,20.93688,297.9953492475411,290.0312358952227,6.574576107567171,6.14304,6.88176,-2.3548565379876836,,20.05925240753012,24.775372,59.465568,15.825910102585569,39.44292565740582,258.5524235901353,4.74401068072376,0.0035943402793722416,2.356577182233645
2026-10-07T17:45:05+03:00,22.57,288.026,-21.600945391966846,20.85912,308.99613891405295,288.95407524037677,-3.073116429963684,6.7068,6.7068,-3.6210932652268033,,28.017636181897256,24.775272,59.465603,14.830310573513426,31.18452160355713,277.8116173104958,5.73769539025972,0.0037083134096806657,2.3602854956433257
2026-10-07T17:45:07+03:00,22.65,288.028,-30.83702504947571,21.772799999999997,304.9968935040398,284.91472278470445,-0.2327927521616535,7.17336,6.492959999999999,-3.575256641616337,,29.0890672587919,24.775166,59.465642,16.040683126338656,44.08892551869957,260.90796798534024,5.152343253990928,0.003996705688249863,2.3642822013315756
2026-10-07T17:45:09+03:00,22.53,288.036,-29.284309424671182,21.209039999999998,303.9999469405122,287.6649202013324,2.8229630566095665,6.55128,6.9984,-3.4320171928336314,,28.258278455852206,24.775068,59.465678,15.822885713304142,40.96891395354572,263.03103298696647,4.9466449617118124,0.0036930702845252438,2.3679752716161007
2026-10-07T17:45:11+03:00,22.53,288.046,-25.084528786362252,21.24792,305.99956964551876,285.9059397702808,-0.757278317824409,6.4152,7.1150400000000005,-4.119566546990619,,31.254847724386405,24.774968,59.465711,15.675526589155213,35.07609910356723,270.92347054195153,5.250132380017177,0.0036414514520358068,2.3716167230681364
2026-10-07T17:45:13+03:00,22.53,288.05,-27.74305295576927,22.58928,309.9988150555319,276.9849869000939,-2.054340174441567,6.7068,6.24024,-3.4262876148823227,,26.625348739729358,24.774874,59.465749,16.943589430857052,38.36117550794063,271.6376395475913,5.258896959353874,0.003668410431136664,2.3752851334992733
2026-10-07T17:45:15+03:00,22.42,288.04,-22.632269423202324,22.20048,294.99877997900694,281.9869084515859,0.9115758520531397,5.94864,5.3654399999999995,-2.6298762796504787,,21.950013131461837,24.774785,59.465774,16.865990493486493,30.432782585528855,264.5659973934781,5.129060137951564,0.003105628367185197,2.3783907618664584
2026-10-07T17:45:17+03:00,22.27,288.047,-21.010798862982096,20.76192,298.9980253890201,282.8692634560875,3.9312926155106305,6.27912,6.92064,-2.9908396905828973,,23.36521888543497,24.774681,59.4658,15.069402684405356,29.602846237046037,269.39517915197405,5.459508923253968,0.003539625079453224,2.3819303869459114
2026-10-07T17:45:19+03:00,22.76,288.05,-28.447791043780185,21.88944,301.99459465755433,282.55413666876547,-0.4102377813136694,6.6095999999999995,6.2208000000000006,-2.733008682774027,,22.683399109229292,24.774585,59.465831,16.383326606431737,39.52777719921545,262.4668174583389,5.098091024902317,0.0034736893705361164,2.3854040763164477
2026-10-07T17:45:21+03:00,22.91,288.05,-28.035261431285985,21.772799999999997,299.99497195254776,283.17293108750675,0.8557697628073975,6.045839999999999,5.90976,-2.3032903364259094,,19.560779125766306,24.774469,59.465857,16.680219902092997,37.84398583051609,262.15098612203167,4.774304640079578,0.003871804402074413,2.389275880718522
2026-10-07T17:45:23+03:00,22.72,288.039,-24.895452713969078,20.23704,301.99459465755433,284.53084106196684,-1.1712403248064287,5.90976,5.79312,-2.5725805001373967,,21.405703226087557,24.77437,59.46588,15.083013541170235,34.38921291540947,267.60538174214486,4.876851261165851,0.0033243418139193262,2.3926002225324416
2026-10-07T17:45:25+03:00,22.83,288.044,-24.351142808594798,19.926,297.9953492475411,282.22755072554094,-0.27312898093886345,6.901199999999999,5.832,-2.859059397702808,,24.04130908368934,24.77427,59.465908,13.932443999320805,36.13612940942642,261.8592198381147,5.573534649533158,0.0034868485225393858,2.396087071054981
2026-10-07T17:45:27+03:00,22.72,288.05,-28.70562205158905,19.2456,299.99497195254776,279.68934769311136,-1.0797962607035496,6.74568,5.81256,-2.9220847551671985,,24.883557042531656,24.774158,59.465941,13.717111608456195,42.36813250151866,257.6268394510291,4.983912565618642,0.003953790884423205,2.4000408619394045
2026-10-07T17:45:29+03:00,22.83,288.062,-28.75145867519952,19.86768,296.9984026840135,279.28254765856843,-3.931636390187709,6.5124,6.76512,-2.6298762796504787,,21.48591731740587,24.774061,59.465967,14.500565696758393,41.227337494553325,255.7710651894602,4.897979577726006,0.00334914064248044,2.403390002581885
2026-10-07T17:45:31+03:00,22.95,288.047,-29.52495169862613,19.964879999999997,293.99610383752804,280.70348299049294,1.2958013494678697,6.2208000000000006,6.7068,-2.4751776749651566,,19.89882422489349,24.773967,59.46599,14.871315550037892,41.421402388629815,252.57470144889822,4.664753905556377,0.0031861067205344274,2.4065761093024194
2026-10-07T17:45:33+03:00,22.98,288.044,-25.359548528025044,18.7596,297.9953492475411,282.98958459306493,-0.4625488280091136,6.08472,5.94864,-2.417881895452074,,17.326243724756097,24.77387,59.466017,13.514860538883648,36.477527456164324,261.51782179137683,4.892663113897343,0.003377603149032348,2.409953712451452
2026-10-07T17:45:35+03:00,22.98,288.051,-31.02037154391758,19.20672,300.99764809402666,287.76232302650465,-0.47326313877806,6.10416,6.57072,-2.4293410513546903,,20.941607412031587,24.773776,59.466045,14.325211906796355,43.70557726937585,257.2920708246508,4.412696597465322,0.003327544066255134,2.413281256517707
2026-10-07T17:45:37+03:00,22.83,288.054,-27.055503601612287,20.08152,306.99651620904643,281.7863732232902,-3.161237338854804,6.62904,6.92064,-2.8017636181897254,,23.20479070279834,24.773682,59.466079,14.495002746150066,39.06181185995001,267.9347043490964,5.147228054769946,0.0035237121302086434,2.4168049686479156
2026-10-07T17:45:39+03:00,22.95,288.054,-32.200664601887084,20.975759999999998,296.9984026840135,275.3635163398737,2.14566964698542,6.78456,7.62048,-2.9163551772158907,,21.308300400915318,24.773564,59.46611,15.657867619399683,45.55071395023913,251.44768873377438,4.751075894044986,0.004056698410231236,2.420861667058147
2026-10-07T17:45:41+03:00,22.83,288.051,-28.55665302485504,19.47888,289.9968584275149,282.3478718625184,5.028621384745183,6.25968,5.57928,-1.948056503444799,,15.521426670094,24.77346,59.46613,14.297357985386206,40.637421349467985,249.3594370780469,4.750133805439725,0.0033958174516727155,2.4242574845098197
2026-10-07T17:45:43+03:00,22.8,288.054,-31.91991528227297,18.254160000000002,297.9953492475411,286.22106655760274,-0.77532648837103,5.81256,6.14304,-1.8907607239317168,,17.125708496460305,24.773362,59.466149,13.670465764061541,44.91178090247908,253.08356834506205,4.116424095859895,0.0032031886221816903,2.427460673132001
2026-10-07T17:45:45+03:00,22.91,288.062,-25.40538515163551,19.36224,304.9968935040398,284.9949368760228,-1.6598587324939948,6.68736,6.10416,-2.4809072529164644,,22.219303295173326,24.773273,59.46618,13.627022987035865,37.55929002228987,267.43760348174993,5.301223851175997,0.0032952539216573235,2.4307559270536587
2026-10-07T17:45:47+03:00,22.68,288.063,-26.43097960491968,19.945439999999998,300.99764809402666,280.88682948493476,-1.6439878015688711,6.25968,6.318,-2.452259363159923,,20.987444035642053,24.773178,59.466211,14.608261261293517,37.426654397133035,263.57099369689365,4.971012066912159,0.0034479282721585126,2.4342038553258174
2026-10-07T17:45:49+03:00,22.65,288.047,-35.26598880583698,19.57608,295.9957265425346,282.6400803380351,4.314658676232664,6.648479999999999,6.201359999999999,-2.337667804133759,,18.684153699216147,24.773072,59.466236,14.659243091828653,50.44637994459072,245.5493465979439,4.233752488212195,0.0035687661204316812,2.437772621446249
2026-10-07T17:45:51+03:00,22.53,288.055,-28.447791043780185,20.586959999999998,299.99497195254776,288.3123625098302,-0.36846915804863245,6.27912,5.98752,-2.423611473403382,,19.171167825077347,24.77297,59.46626,15.360081593265507,39.67689036083061,260.31808159171715,4.8327694945487325,0.0034326624293876946,2.441205283875637
2026-10-07T17:45:53+03:00,22.76,288.057,-21.841587665921786,19.59552,304.9968935040398,286.80548350863614,-3.7596344600894356,6.29856,6.337439999999999,-3.065324203949904,,24.608537300868857,24.772876,59.46629,13.947358594190092,31.51385351313033,273.48303999090945,5.369609350413695,0.003389916118510935,2.444595199994148
2026-10-07T17:45:55+03:00,22.68,288.066,-26.39087255926053,21.50064,308.99613891405295,280.1878209748752,-1.9668495191250899,6.0264,6.454079999999999,-3.5637974857137205,,27.81137137565016,24.772788,59.466326,16.323581384245493,35.83579188787985,273.1603470261731,4.885591908018856,0.003450204520048513,2.4480454045141964
2026-10-07T17:45:57+03:00,22.83,288.059,-28.831672766517833,21.85056,296.9984026840135,280.65764636688243,6.664129410946118,6.337439999999999,7.1150400000000005,-3.1455382952682194,,23.393866775191512,24.772689,59.466352,16.582760589590197,39.45182668194778,257.54657600206576,4.893512057643018,0.0034032478351849506,2.4514486523493813
2026-10-07T17:46:00+03:00,22.76,288.065,-32.8423773324336,19.55664,295.9957265425346,287.50449201869577,3.3464745940205995,6.492959999999999,6.57072,-2.2861016025719847,,19.24565233844435,24.772572,59.46638,14.534490168240165,46.8631553517078,249.1325711908268,4.439517058511169,0.003949425103733197,2.4553980774531143
2026-10-07T17:46:02+03:00,22.68,288.068,-39.00167363008994,18.8568,302.99727079903323,290.2145823896646,1.3513209598160465,6.37632,6.37632,-2.2345354010102105,,18.919066395219783,24.772486,59.466409,14.46918794221283,55.103219623243575,247.89405117578966,3.647891305722389,0.003152057654601558,2.458550135107716
2026-10-07T17:46:04+03:00,22.68,288.072,-35.33474374125268,18.798479999999998,311.9984377605385,294.55760247675624,-0.9387340515423407,6.337439999999999,6.24024,-2.532473454478239,,21.88125819604614,24.772399,59.466448,14.112748193296923,50.38781726804069,261.6106204924978,4.040674481939822,0.00354310293107675,2.4620932380387925
2026-10-07T17:46:06+03:00,22.68,288.072,-22.78123844993634,18.83736,311.9984377605385,290.86202469816243,-5.465730886650488,6.901199999999999,6.39576,-3.5122312841519467,,27.19257695690887,24.772311,59.466484,12.757530233218192,34.87216265779247,277.12627510274604,5.661949845980543,0.003450194734450731,2.4655434327732433
2026-10-07T17:46:08+03:00,22.83,288.072,-26.453897916724916,20.87856,308.99613891405295,282.1874436798817,-3.691910848704972,6.337439999999999,6.648479999999999,-3.8330876494252073,,30.727726552866052,24.772215,59.466523,15.464575584452641,36.97270997163935,272.0234289424136,5.063120648140765,0.003753586679203236,2.4692970194524464
2026-10-07T17:46:10+03:00,22.57,288.076,-26.34503593565006,20.87856,296.9984026840135,279.4200575293999,2.588279543723981,6.5124,7.056719999999999,-3.168456607073453,,24.19027811042336,24.772116,59.466553,15.317660364275671,37.22044912248015,259.77795356153337,5.185915835058756,0.0035201258791744848,2.472817145331621
2026-10-07T17:46:12+03:00,22.57,288.072,-26.34503593565006,21.65616,290.9995345689938,282.93228881355185,1.2520273739198748,6.08472,6.24024,-2.1715100435458203,,17.79606911676337,24.772007,59.466574,16.42686553996277,35.80626518591757,255.19326938307623,4.934707008003888,0.003559856132903818,2.4763770014645248
2026-10-07T17:46:14+03:00,22.53,288.073,-30.710974334546936,19.12896,298.9980253890201,287.17790607547124,4.7962297030401215,6.6679200000000005,7.3094399999999995,-2.492366408819081,,17.96222687735131,24.771902,59.466598,13.822237823263556,44.9736685373897,254.0243568516304,4.71709779486175,0.003515973754110825,2.4798929752186356
2026-10-07T17:46:16+03:00,22.68,288.086,-21.726996106895626,17.92368,299.99497195254776,292.1168022694989,1.448437306090721,5.9292,5.96808,-2.4751776749651566,,18.976362174732866,24.771802,59.466623,12.608219587734473,31.752392861642022,268.24257909090574,5.041778105353942,0.0034034188876469803,2.4832963941062824
2026-10-07T17:46:18+03:00,22.53,288.091,-23.841210370928362,17.6904,308.99613891405295,295.34255465608544,0.5077551980449355,6.337439999999999,8.378639999999999,-2.3262086482311424,,19.76131435406209,24.771699,59.46666,12.166465921733822,35.99562567871246,273.00051323534046,5.127381039995125,0.00385216440934037,2.487148558515623
2026-10-07T17:46:20+03:00,22.68,288.092,-29.673920725360144,17.496,306.99651620904643,293.7382728297191,-0.2840724748258621,6.57072,7.095599999999999,-2.148591731740587,,20.55199611134263,24.771606,59.466695,12.227612213378487,45.102135208691635,261.89438100035477,4.6379109944597685,0.003534283472258785,2.4906828419878817
2026-10-07T17:46:22+03:00,22.53,288.084,-30.922968718745334,17.8848,309.9988150555319,293.7554615635731,2.1949440173666708,6.62904,7.1150400000000005,-0.9568395178684748,,20.425945396413848,24.771506,59.466736,12.664767893968566,46.52653090651424,263.4722841490177,4.560902926824286,0.003924087697131307,2.494606929685013
2026-10-07T17:46:24+03:00,22.61,288.086,-26.717458502485098,18.156959999999998,309.9988150555319,294.8612701081756,-1.8892137378848637,5.851439999999999,8.80632,-1.105808544602489,,23.588672425535997,24.771431,59.46677,13.195162030855663,38.21774079468722,271.78107426084466,4.5972737986756504,0.003069514953840804,2.497676444638854
2026-10-07T17:46:26+03:00,22.61,288.08,-26.637244411166776,20.08152,309.9988150555319,291.03964161465296,-3.335015438117983,6.59016,7.75656,-2.65852416940702,,22.62610332971621,24.771337,59.466808,14.49514505993975,38.398618317341686,271.6001967381902,5.164763986733316,0.0036683400452368273,2.5013447846840906
2026-10-07T17:46:28+03:00,22.57,288.09,-32.29233784910801,19.22616,302.99727079903323,287.6649202013324,0.5071822402498047,6.25968,6.35688,-2.137132575837971,,16.85068875479751,24.771248,59.466842,14.33030917805287,45.78749773910607,257.20977305992716,4.365009573422624,0.0034004312233901265,2.5047452159074806
2026-10-07T17:46:30+03:00,22.53,288.086,-30.791188425865247,18.681839999999998,299.99497195254776,290.4724133974735,3.6264217727215193,5.96808,6.648479999999999,-2.2058875112536693,,17.681477557737203,24.771149,59.46687,13.895056246906798,43.49266354541322,256.50230840713454,4.3296182705730715,0.003460059746265434,2.508205275653746
2026-10-07T17:46:32+03:00,22.68,288.084,-29.765593972581073,18.954,305.99956964551876,289.97394011570964,-1.7751378408743166,6.0652800000000004,6.97896,-2.217346667156286,,18.79874525824231,24.771051,59.466909,14.016213405206347,42.17123998351667,263.8283296620021,4.4952317954329395,0.003801450699535997,2.512006726353282
2026-10-07T17:46:34+03:00,22.57,288.092,-33.02572382687546,19.51776,303.9999469405122,288.46706111451556,1.5583306111968132,6.940079999999999,6.7068,-2.0569184845196555,,17.028305671288066,24.770953,59.466945,14.211614898733698,48.46114633570997,255.53880060480222,4.602159850002193,0.003692979365221685,2.5156997057185038
2026-10-07T17:46:36+03:00,22.83,288.094,-26.25336268842913,19.28448,304.9968935040398,288.2779850421224,-1.516504692152263,6.337439999999999,6.0264,-2.165780465594512,,18.11119590408532,24.770854,59.466982,13.886663673511869,37.89974116726111,267.09715233677866,5.000790629087137,0.0037530685816750853,2.519452774300179
2026-10-07T17:46:38+03:00,22.91,288.099,-24.79232031084553,18.390240000000002,303.9999469405122,288.0201540343136,-0.69390918568294,6.25968,6.25968,-2.165780465594512,,17.56688599871104,24.770762,59.467012,12.97575843254982,36.4632602840027,267.53668665650946,5.034273230903518,0.00333830655763138,2.5227910808578105
2026-10-07T17:46:40+03:00,22.98,288.098,-21.113931266105645,18.72072,298.9980253890201,288.32382166573285,-1.329376676262536,6.08472,5.50152,-2.068377640422272,,15.068790011940653,24.770665,59.467039,13.227358582802164,30.6522132927073,268.3458120963128,5.234549433853551,0.003377524589501855,2.5261686054473125
2026-10-07T17:46:42+03:00,22.83,288.098,-28.573841758708966,18.3708,303.9999469405122,289.4697372559945,-0.9448646999502405,5.9292,7.8732,-2.0340001727144226,,16.60431690289126,24.770577,59.467071,13.465772218907768,40.731319425983315,263.2686275145289,4.4930159437342185,0.0033046744114721967,2.5294732798587845
2026-10-07T17:46:44+03:00,22.8,288.102,-35.346202897155294,18.31248,304.9968935040398,289.52130345755626,4.689086595350657,6.78456,6.901199999999999,-0.962569095819783,,12.140975678822144,24.770485,59.467112,13.367711289310853,52.420766482875806,252.57612702116398,4.137617945522448,0.003737104598024564,2.533210384456809
2026-10-07T17:46:46+03:00,23.02,288.094,-25.56008375632083,18.701279999999997,305.99956964551876,294.8899179979321,1.4626466594099656,6.24024,5.87088,0.05156620156177409,,9.545476866879515,24.770377,59.467146,13.346148959389922,37.19857245886098,268.8009971866578,4.9706318556120825,0.0038798331405012596,2.5370902175973105
2026-10-07T17:46:48+03:00,23.13,288.098,-26.917993730780882,16.757279999999998,310.9957616190596,297.0900759312345,1.9624950398820957,6.55128,6.006959999999999,-0.02864788975654116,,11.716986910425334,24.770286,59.467184,11.311539709984086,42.11850717699775,268.8772544420618,4.8594725195730115,0.0035970828672859654,2.5406873004645965
2026-10-07T17:46:50+03:00,23.06,288.101,-29.043667150716242,16.77672,315.9976831705516,298.53392957496413,-2.5530426393234356,6.55128,6.24024,-2.446529785208615,,16.902254956359283,24.770194,59.467227,11.497901655053749,45.101935074699014,270.8957480958526,4.624205574239417,0.0038174429979280873,2.5445047434625248
2026-10-07T17:46:52+03:00,23.21,288.102,-40.60595545645624,17.009999999999998,315.9976831705516,294.3169602028013,0.8973092029543823,6.4152,6.25968,-3.134079139365603,,16.741826773722657,24.770114,59.467266,12.837539065247272,59.58641037875621,256.4112727917954,3.2476200962058788,0.0033857295915327725,2.5478904730540575
2026-10-07T17:46:54+03:00,22.95,288.101,-32.11472093261746,17.94312,307.99919235052533,297.7031407720244,4.450908039914775,6.78456,6.006959999999999,-1.0542423430407146,,12.662367272391194,24.770032,59.4673,12.718816555436693,48.588614435266095,259.41057791525924,4.487721238543725,0.0032321128349208617,2.551122585888978
2026-10-07T17:46:56+03:00,22.98,288.101,-27.806078313233666,18.13752,315.9976831705516,297.8750281105637,0.054144511639862794,6.35688,6.492959999999999,-0.5385803274229739,,16.29491969352061,24.769957,59.46734,12.861184373382054,41.13651448495568,274.86116868559594,4.787647908413003,0.003320525609838514,2.5544431114988164
2026-10-07T17:46:58+03:00,23.02,288.112,-28.081098054896454,16.79616,314.99500702907267,293.2627178597606,-3.235492669103759,6.55128,5.98752,-2.435070629305999,,18.867500193658007,24.769874,59.467384,11.43958209144204,43.72006968045355,271.2749373486191,4.734774479279211,0.0036631235168507288,2.5581062350156674
2026-10-07T17:47:00+03:00,23.43,288.112,-32.974157625313694,16.54344,304.9968935040398,290.0828020967845,0.9597616026236419,6.648479999999999,6.14304,-2.137132575837971,,14.673449133300382,24.769786,59.467419,11.547512856080997,51.23587857539019,253.76101492864962,4.162717494235877,0.00341275919691829,2.5615189942125856
2026-10-07T17:47:03+03:00,23.13,288.11,-33.736191492837676,17.61264,304.9968935040398,295.3998504355986,3.8485002141142273,6.006959999999999,5.94864,-0.4469070802020421,,14.661989977397768,24.769708,59.467447,13.05082298236181,48.5466674170068,256.450226087033,3.976666412200179,0.0029164538133890933,2.5644354480259746
2026-10-07T17:47:05+03:00,23.21,288.113,-28.762917831102136,19.7316,312.9953843240661,293.6408700045469,0.3711620596857473,6.27912,6.5124,-2.761656572530568,,20.26551721377722,24.769624,59.467484,14.544500207699713,40.752671068791216,272.2427132552749,4.756650359858132,0.003394940570820304,2.567830388596795
2026-10-07T17:47:07+03:00,23.17,288.112,-28.287362861143553,18.468,313.99806046554505,294.2768531571421,0.9289937690251168,5.28768,6.0264,-0.34377467707849396,,19.93320169260134,24.769552,59.467515,14.037231825499946,38.57040269817861,275.42765776736644,4.134133721576468,0.0028820043285527398,2.5707123929253477
2026-10-07T17:47:09+03:00,23.4,288.11,-22.723942670423256,19.20672,311.9984377605385,294.7123010814415,-1.0298343409681416,5.52096,6.68736,-2.4751776749651566,,23.36521888543497,24.769475,59.467553,14.274533047670937,31.316444112667057,280.6819936478714,4.716609631224359,0.003278059706064439,2.573990452631412
2026-10-07T17:47:11+03:00,23.32,288.116,-30.212501052783114,19.439999999999998,310.9957616190596,291.9792923986675,0.7822592776921129,6.62904,6.59016,-2.6929016371148693,,20.609291890855715,24.769387,59.467592,14.111357267984761,43.886097013563784,267.1096646054958,4.777677376208543,0.0035659895933018893,2.577556442224714
2026-10-07T17:47:13+03:00,23.4,288.11,-39.282422949704056,19.20672,307.99919235052533,296.05302232204764,4.84527489030332,6.78456,7.03728,-1.9767043932013404,,23.53137664602291,24.769299,59.46763,14.601397401637389,56.39145547205065,251.60773687847467,3.755360862651371,0.003526764682820469,2.5810832069075347
2026-10-07T17:47:15+03:00,23.51,288.116,-33.02572382687546,19.61496,310.9957616190596,296.2249096605869,-3.298460730788636,6.1236,6.492959999999999,-3.076783359852521,,25.066903536973516,24.769222,59.467667,14.860398982792649,46.004335409013606,264.991426210046,4.253476675161863,0.0032364591226932125,2.5843196660302277
2026-10-07T17:47:17+03:00,23.47,288.119,-27.479492370009094,20.33424,311.9984377605385,294.50603627519445,0.008651662706475431,5.81256,6.18192,-1.3980170201192088,,23.857962589247478,24.769144,59.467704,15.412638195162197,37.50108275658485,274.49735500395366,4.611347022135543,0.003258709337611844,2.5875783753678396
2026-10-07T17:47:19+03:00,23.47,288.123,-29.86299679775331,20.10096,309.9988150555319,296.07021105590155,0.1306916730693408,5.57928,6.62904,-2.039729750665731,,25.783100780887047,24.769067,59.467735,15.51327763367063,40.17902622645258,269.81978882907936,4.26274987745967,0.0030000943140148194,2.5905784696818546
2026-10-07T17:47:21+03:00,23.47,288.126,-28.092557210799068,21.40344,311.9984377605385,291.3776867137801,-2.9659160264947064,6.2208000000000006,5.98752,-2.0053522829578814,,22.734965310791065,24.768971,59.467775,16.182863198131173,38.521504190446024,273.47693357009246,4.866995042087574,0.003791332023992871,2.5943698017058474
2026-10-07T17:47:23+03:00,23.55,288.126,-33.04291256072939,19.90656,303.9999469405122,290.33490352664205,1.7414479225206243,6.1624799999999995,6.47352,-2.589769233991321,,18.70134243307007,24.768877,59.467811,15.118917147897347,45.88420234527982,258.1157445952324,4.289768714562182,0.0035946507958784218,2.597964452501726
2026-10-07T17:47:25+03:00,23.62,288.116,-27.93785860611375,18.33192,303.9999469405122,296.133236413366,2.59068596646353,6.74568,6.2208000000000006,-2.274642446669368,,23.5944020034873,24.76878,59.467845,12.769684918419603,42.267233945553414,261.7327129949588,4.991910141979655,0.0035986080639662725,2.601563060565692
2026-10-07T17:47:27+03:00,23.73,288.124,-30.07499118195172,17.86536,309.9988150555319,296.0644814779503,2.7607398400583585,6.43464,6.37632,-2.5725805001373967,,29.702132099581874,24.768695,59.467881,12.712775830039611,44.768668322475236,265.2301467330567,4.5683109750389885,0.003379246367674366,2.6049423069333666
2026-10-07T17:47:29+03:00,23.58,288.119,-32.4986026553551,19.964879999999997,313.99806046554505,293.6294108486443,-3.0949461219581678,5.9292,7.3094399999999995,-4.131025702893235,,30.08028424436822,24.768619,59.46792,15.299494307305903,44.516563838916795,269.48149662662826,4.227802962524661,0.0032986493352012993,2.608240956268568
2026-10-07T17:47:31+03:00,23.88,288.12,-24.82669777855338,20.33424,307.99919235052533,288.2951737759763,2.913834162917315,6.2208000000000006,6.68736,-1.8907607239317168,,21.743748325214742,24.768532,59.467957,14.91878280783791,34.9099259357161,273.08926641480923,5.1013841152708395,0.003464647331844377,2.611705603600412
2026-10-07T17:47:33+03:00,23.81,288.128,-30.304174300004053,18.390240000000002,305.99956964551876,293.15958545663705,3.362402820725236,5.67648,6.6095999999999995,-2.1199438419840457,,22.121900470001087,24.768444,59.467986,13.790146662621131,42.29213380746987,263.7074358380489,4.19902557688197,0.0032030163461685087,2.6149086199465805
2026-10-07T17:47:35+03:00,23.88,288.124,-27.09561064727144,17.37936,307.99919235052533,296.3681491093696,1.866524609197683,5.69592,7.23168,-3.5351495959571793,,25.697157111617422,24.768364,59.468018,12.579024106165514,38.99799150733304,269.0012008431923,4.4266868780830615,0.0031092230634418116,2.6180178430100223
2026-10-07T17:47:37+03:00,23.85,288.124,-31.988670217688668,17.6904,308.99613891405295,293.7841094533296,-0.6643445634541896,6.74568,6.68736,-2.7100903709687945,,23.8063963876857,24.768279,59.468054,12.491112034843004,48.61245580268741,260.38368311136554,4.459898098736437,0.003379236161550993,2.6213970791715733
2026-10-07T17:47:39+03:00,24.18,288.123,-21.54937919040507,18.29304,309.9988150555319,291.6125994097838,-2.024832847992329,6.37632,5.773680000000001,-2.6642537473583277,,20.620751046758325,24.768186,59.468091,12.582308546992266,32.27684541845005,277.7219696370819,5.391036423117881,0.0036070426708225754,2.625004121842396
2026-10-07T17:47:41+03:00,24.15,288.124,-26.25336268842913,18.64296,304.9968935040398,295.14201942778965,2.7041889056789468,5.90976,7.698239999999999,-1.9652452372987235,,14.386970235734971,24.76809,59.468123,13.596480438432486,37.338375478360405,267.6585180256794,4.698657662543333,0.0035061328339614597,2.6285102546763572
2026-10-07T17:47:43+03:00,24.03,288.124,-26.751835970192943,16.69896,307.99919235052533,299.9548649068886,-1.4195602332161275,5.851439999999999,6.9984,-2.142862153789279,,18.12265505998794,24.767994,59.468158,11.772263920498602,39.68045852003874,268.3187338304866,4.5033698662455794,0.003608206045400523,2.632118460721758
2026-10-07T17:47:45+03:00,24.11,288.134,-22.042122894217577,18.5652,315.9976831705516,295.95561949687544,-2.1499668304489012,6.2208000000000006,5.9292,-2.5611213442347798,,22.95268927294078,24.767924,59.468196,13.010265690594633,32.37940207328893,283.6182810972627,5.253593136032577,0.0031282572750597503,2.6352467179968175
2026-10-07T17:47:47+03:00,24.18,288.124,-27.21593178424891,19.40112,311.9984377605385,292.47776568043133,-0.2826973761175482,6.045839999999999,6.82344,-2.5611213442347798,,21.94428355351053,24.767844,59.468239,14.29459261509809,38.36908969731917,273.6293480632193,4.7401105287201375,0.003556383759532758,2.6388031017563502
2026-10-07T17:47:49+03:00,24.18,288.12,-24.03601602127284,19.36224,304.9968935040398,293.05072347556217,-0.2856194608727154,6.201359999999999,7.23168,-2.417881895452074,,19.67537068479247,24.767756,59.468276,13.929529143213971,34.48341928004163,270.5134742239982,5.1117194397676124,0.003488097264943533,2.642291199021294
2026-10-07T17:47:51+03:00,24.41,288.128,-19.326302945297478,18.91512,303.9999469405122,293.60076295888774,1.4437963479501614,6.10416,6.14304,-1.9881635491039567,,15.699043586584558,24.767672,59.46831,13.309145143594654,28.05681204919074,275.94313489132145,5.38680919429824,0.0032795950287262225,2.64557079405002
2026-10-07T17:47:53+03:00,24.0,288.131,-23.193768062430532,19.26504,310.9957616190596,299.94913532893725,0.7780766857876579,5.96808,5.38488,-2.0569184845196555,,16.66734226035565,24.767584,59.468345,13.978346496124104,32.874129797219666,278.1216318218399,5.012381707248062,0.0034127012178615077,2.6489834952678817
2026-10-07T17:47:55+03:00,24.15,288.127,-29.62235452379837,17.63208,314.99500702907267,298.65425071194164,-4.3019390131807596,5.81256,6.55128,-3.065324203949904,,24.648644346528016,24.767511,59.468383,12.90313339664429,42.487791937865154,272.5072150912075,4.286305369437238,0.0031915437450301437,2.6521750390129117
2026-10-07T17:47:57+03:00,24.11,288.131,-30.258337676393584,18.176399999999997,314.99500702907267,293.9731855257228,-0.7903379826034576,5.50152,5.7153599999999996,-3.3174256338074666,,26.373247309871793,24.767437,59.46843,13.707645817163764,41.92623050957775,273.0687765194949,4.093162396284143,0.003617582301254349,2.6557926213141663
2026-10-07T17:47:59+03:00,23.88,288.132,-32.67048999389435,17.009999999999998,311.9984377605385,295.6061152418456,-3.2102252303384895,6.0264,6.337439999999999,-3.242941120440459,,24.425190806426997,24.767367,59.468468,12.372372793601686,47.914594027018126,264.0838437335203,4.039119907049353,0.0031282455197054787,2.658920866833872
2026-10-07T17:48:01+03:00,24.15,288.143,-19.25181843193047,17.65152,316.9946297340793,294.1851799099212,-2.844735452824537,5.87088,6.006959999999999,-3.2945073220022336,,23.966824570322334,24.767289,59.468505,12.262697593775979,28.334337128323796,288.6602926057555,5.167507927616442,0.003258668073902252,2.662179534907774
2026-10-07T17:48:01+03:00,23.77,288.143,-27.846185358892814,19.55664,314.99500702907267,293.9846446816254,0.3237784500284282,5.7153599999999996,6.901199999999999,-2.595498811942629,,21.32548913476924,24.767205,59.468546,14.746750637991957,38.27609460741428,276.7189124216584,4.486757016151158,0.0035570275858318894,2.6657365624936062
2026-10-07T17:48:03+03:00,23.88,288.142,-27.198743050394988,20.003759999999996,311.9984377605385,296.505658980201,-0.4254211628846363,5.81256,5.9292,-3.185645340927377,,25.932069807621062,24.767129,59.468588,15.069957459824096,37.35291604448551,274.64552171605294,4.620482271245825,0.00342911341535509,2.6691656759089613
2026-10-07T17:48:05+03:00,23.88,288.149,-21.251441136937043,20.586959999999998,312.9953843240661,291.412064181488,-3.25485864257918,6.804,6.201359999999999,-3.6096341093241864,,29.22657712962329,24.767039,59.468632,14.457536294055839,31.073070282329837,281.9223140417363,5.827692454659081,0.0038140718934795846,2.6729797478024406
2026-10-07T17:48:07+03:00,24.0,288.146,-29.903103843412477,22.0644,311.9984377605385,286.2611736032619,0.39075721627922144,6.10416,6.045839999999999,-2.65852416940702,,23.680345672756925,24.766957,59.468671,17.046714023294058,40.18652004607671,271.81191771446174,4.663259993837442,0.0034299807268552886,2.676409728529296
2026-10-07T17:48:09+03:00,24.03,288.146,-23.01042156798867,19.61496,299.99497195254776,288.24933715236585,1.6066882491058545,5.851439999999999,6.14304,-2.3548565379876836,,20.924418678177666,24.766848,59.468703,14.411767156053807,32.142561716082895,267.85241023646483,4.9545719002163,0.0038441547818055693,2.6802538833111016
2026-10-07T17:48:12+03:00,24.07,288.142,-20.076877656918853,19.984319999999997,300.99764809402666,290.70159651552575,-2.949357546215426,6.24024,6.492959999999999,-2.7215495268714105,,21.96720186531576,24.76674,59.468732,14.28481375369251,28.70149910584388,272.2961489881828,5.4735241678140545,0.003730148437610805,2.6839840317487123
2026-10-07T17:48:14+03:00,24.33,288.145,-19.30911421144355,19.6344,304.9968935040398,290.17447534400543,-1.3753851872115412,6.24024,6.4152,-2.182969199448437,,19.47483545649668,24.766631,59.468772,13.899201487775496,27.846599812146593,277.15029369189324,5.51762870117107,0.00410591468638063,2.6880899464350927
2026-10-07T17:48:16+03:00,24.18,288.15,-28.951993903495307,20.64528,304.9968935040398,292.42046990091825,1.9415820803598207,6.6679200000000005,5.87088,-1.8793015680291005,,16.14022108883529,24.766537,59.468806,15.158324836384896,41.24657980700894,263.75031369703083,5.013470121111525,0.003523523438114111,2.691613469873207
2026-10-07T17:48:18+03:00,24.3,288.15,-28.115475522604303,20.820240000000002,308.99613891405295,296.07021105590155,0.47028375824337976,5.832,6.1624799999999995,-2.200157933302361,,19.784232665867325,24.766448,59.468841,15.91550850522508,38.059300986790845,270.9368379272621,4.591960056749726,0.003436764699786517,2.695050234572993
2026-10-07T17:48:20+03:00,24.33,288.152,-22.471841240565695,18.954,312.9953843240661,295.6920589111152,-0.41888944402014483,6.68736,6.74568,-2.612687545796554,,22.36827232190734,24.766366,59.468879,13.027650750933464,33.78703318554898,279.2083511385171,5.557934078472533,0.003389173088740109,2.6984394076617333
2026-10-07T17:48:22+03:00,24.48,288.156,-38.30266512003034,21.03408,310.9957616190596,295.1133715380331,-0.6213727288193779,5.98752,6.648479999999999,-2.5725805001373967,,21.136413062376068,24.766274,59.46892,16.751644916853422,51.10216056628451,259.89360105277507,3.7597656499072842,0.0037369916078954283,2.7021763992696286
2026-10-07T17:48:24+03:00,24.45,288.152,-31.513115247730088,19.67328,310.9957616190596,297.44530976421555,4.202530835725562,6.0652800000000004,6.901199999999999,-2.1084846860814292,,18.747179056680537,24.766187,59.468962,14.844976522697383,43.84413750285384,267.15162411620577,4.374442637951854,0.0036647609380685594,2.7058411602076973
2026-10-07T17:48:26+03:00,24.48,288.155,-22.38589757129607,20.898,315.9976831705516,300.390312831188,-1.3427838886685972,6.43464,6.4152,-2.807493196141034,,24.098604863202425,24.766108,59.469001,15.14781573385545,31.696021850048822,284.30166132050283,5.474897948251741,0.0033636739769295656,2.709204834184627
2026-10-07T17:48:28+03:00,24.41,288.152,-26.35076551360137,21.88944,319.99692858056477,297.9094055782715,2.7647505446242744,6.92064,7.3094399999999995,-3.552338329811104,,27.570729101695214,24.766027,59.469052,15.98581688250566,37.429622845703136,282.56730573486163,5.49568362362776,0.003938860572442709,2.7131436947570697
2026-10-07T17:48:30+03:00,24.41,288.161,-23.514624427703794,23.016959999999997,316.9946297340793,296.4025265770774,-0.9944255492290569,6.39576,7.795439999999999,-3.5637974857137205,,27.398841763155968,24.765944,59.469098,17.341095550129356,31.976619444959198,285.01801028912007,5.425294677644519,0.0037507534484205337,2.7168944482054904
2026-10-07T17:48:32+03:00,24.48,288.156,-25.657486581493075,23.016959999999997,311.9984377605385,295.27379972066973,-0.42461902197145307,6.0264,6.0264,-3.1569974511708363,,26.717021986950286,24.765857,59.469137,17.7773177717818,34.09791534292003,277.90052241761845,4.990345725954452,0.0035429444224910206,2.7204373926279812
2026-10-07T17:48:34+03:00,24.33,288.155,-27.851914936844125,23.07528,310.9957616190596,295.69778848906657,2.202277877144345,6.318,6.08472,-2.9679213787776644,,24.780424639408103,24.765772,59.469174,17.736503253645182,37.43159968616638,273.56416193289317,5.016994411659416,0.0034179723700807113,2.723855364998062
2026-10-07T17:48:36+03:00,24.33,288.146,-28.115475522604303,23.21136,317.9973058755582,295.83529835989793,-1.2599341914926803,6.08472,6.2208000000000006,-2.853329819751499,,24.453838696183535,24.765691,59.469216,18.07355190694291,37.24420158188704,280.7531042936712,4.843822009634416,0.0035341947956718267,2.7273895597937337
2026-10-07T17:48:38+03:00,24.33,288.159,-23.97872024175976,23.26968,316.9946297340793,295.31390676632896,-1.8196566615559817,6.97896,6.648479999999999,-3.2257523865865347,,26.917557215246074,24.765606,59.469265,17.129466780696365,33.5094243560786,283.4852053780007,5.819022126668777,0.0039256913788350565,2.731315251172569
2026-10-07T17:48:40+03:00,24.48,288.153,-21.102472110203028,23.79456,310.9957616190596,292.43765863477216,-1.492268577418229,6.24024,6.006959999999999,-3.197104496829994,,25.032526069265664,24.765519,59.469307,18.112685796578567,28.227856652818218,282.76790496624136,5.498110711113973,0.0036647412772781406,2.7349799924498472
2026-10-07T17:48:42+03:00,24.33,288.156,-31.627706806756255,25.23312,307.99919235052533,294.98732082310437,2.165837761374025,6.201359999999999,6.4152,-2.807493196141034,,24.82626126301857,24.76543,59.469343,20.216098973294596,40.884573851735695,267.11461849878964,4.6884124785194485,0.0034738524662432124,2.7384538449160907
2026-10-07T17:48:44+03:00,24.48,288.152,-22.947396210524282,25.349759999999996,315.9976831705516,293.3142840613223,-3.3387969595658458,7.13448,6.901199999999999,-4.417504600458647,,33.26020000734429,24.765344,59.469388,18.984766801184865,31.372658458456442,284.6250247120952,6.091414214194979,0.0037698770429783713,2.742223721959069
2026-10-07T17:48:46+03:00,24.63,288.156,-11.155924786731937,26.5356,312.9953843240661,282.4739225774472,-7.470510211813239,6.97896,5.98752,-4.938896194027696,,35.24263397849693,24.765252,59.469432,19.734761159898852,15.07926785980706,297.91611646425906,6.738652281756596,0.003858259570378686,2.7460819815294477
2026-10-07T17:48:48+03:00,24.78,288.156,-23.967261085857146,24.86376,298.9980253890201,281.39676192260123,5.360134765007877,6.29856,5.13216,-3.0481354700959793,,22.42556810142042,24.765151,59.469467,19.278809202909333,31.593710341467613,267.4043150475525,5.3650154634706695,0.003733210476660148,2.749815192006108
2026-10-07T17:48:50+03:00,24.71,288.16,-25.611649957882605,22.997519999999998,296.9984026840135,298.55684788676933,4.235991570961202,5.346,6.92064,-1.3407212406061262,,13.183758865960243,24.765053,59.469486,18.32310331752511,32.85709165745723,264.1413110265563,4.490781177015394,0.003202912537820923,2.7530181045439286
2026-10-07T17:48:52+03:00,24.9,288.159,-21.28581860464489,22.04496,317.9973058755582,301.0893213412476,1.9859290137029464,6.5124,6.006959999999999,-1.5412564689019144,,11.711257332474027,24.764968,59.469531,16.150795401685517,29.702954227028016,288.2943516485302,5.656709499131695,0.0037486639520150048,2.7567667684959436
2026-10-07T17:48:54+03:00,24.63,288.159,-36.77859738498235,20.7036,316.9946297340793,309.1680262525922,1.9553330674429603,5.754239999999999,5.69592,-1.260507149287811,,10.095516350205104,24.764894,59.46957,16.459319371578605,48.860887251462,268.1337424826173,3.785654132878806,0.003255895414295972,2.7600226639102394
2026-10-07T17:48:56+03:00,25.01,288.167,-36.744219917274506,23.17248,324.9988501320569,313.43656182631685,0.37139124280379965,6.5124,6.59016,-1.8907607239317168,,17.062683138995915,24.764827,59.469621,18.371853766753084,48.98753586398476,276.0113142680721,4.273587923054555,0.0036854554441185963,2.7637081193543582
2026-10-07T17:48:58+03:00,24.93,288.166,-33.37522808190526,23.6196,331.99466481060426,310.7665785010072,-2.408829162289007,6.95952,6.82344,-2.097025530178813,,28.183793942485195,24.764778,59.469676,18.214714332467615,45.508774671750245,286.485890138854,4.877231782863992,0.003628733654810287,2.7673368530091684
2026-10-07T17:49:00+03:00,25.08,288.171,-45.33858684423684,24.76656,328.99809554207,305.2661836677513,-2.551552949056095,7.1150400000000005,6.62904,-3.036676314193363,,22.42556810142042,24.764717,59.469727,20.40288132640995,59.70016208631431,269.2979334557557,3.5897168460913322,0.0035869922221144672,2.770923845231283
2026-10-07T17:49:02+03:00,25.38,288.172,-37.35728475806448,22.62816,319.99692858056477,305.02554139379635,2.076169866436051,7.251119999999999,6.6095999999999995,-2.687172059163561,,21.84115115038698,24.764633,59.46978,17.42898537901194,51.97952389891529,268.0174046816495,4.466276980668793,0.004089909615920425,2.7750137548472034
2026-10-07T17:49:04+03:00,25.57,288.172,-29.387441827794735,23.69736,317.9973058755582,300.71116919646124,0.4220980076728775,6.78456,6.47352,-0.8307888029396938,,18.19140999540364,24.76455,59.469831,18.094742620973115,39.9897548316317,278.00755104392647,5.198054208262133,0.003977455020785266,2.7789912098679888
2026-10-07T17:49:06+03:00,25.83,288.17,-25.83510349798363,23.79456,313.99806046554505,299.40482542356295,-2.4114074723670957,6.62904,6.24024,-1.5183381570966814,,16.58712816903733,24.764474,59.469871,18.060612021981164,35.039179534890394,278.9588809306547,5.427590366950467,0.003341539733611867,2.7823327496016006
2026-10-07T17:49:08+03:00,25.83,288.17,-26.17314859711081,24.55272,314.99500702907267,297.31352947133547,1.41978941633418,6.0652800000000004,6.648479999999999,-1.2318592595312698,,17.904931097838226,24.764398,59.469915,19.29570491477198,34.14275300582966,280.852254023243,5.0198790512633025,0.003518497040655151,2.7858512466422556
2026-10-07T17:49:10+03:00,26.02,288.166,-25.290793592609347,24.805439999999997,312.9953843240661,297.0728871973805,0.4431828545336917,6.62904,6.6679200000000005,-2.217346667156286,,21.39997364813625,24.764321,59.469955,19.023762771286457,33.85206333162549,279.14332099244064,5.505276080554561,0.003362812529968197,2.789214059172224
2026-10-07T17:49:12+03:00,26.13,288.178,-25.130365409972715,24.688799999999997,311.9984377605385,293.81275734308616,-3.331176620890606,6.4152,6.55128,-2.142862153789279,,19.28575938410351,24.764243,59.469998,19.076383741820504,33.34116336876167,278.6572743917768,5.359339602886729,0.0035146304772452814,2.792728689649469
2026-10-07T17:49:14+03:00,26.55,288.183,-24.08185264488331,25.01928,307.99919235052533,292.9418614944873,1.1077566011059337,5.890319999999999,6.43464,0.38388172273765153,,17.967956455302616,24.764156,59.470038,19.7881412028253,31.05830017723298,276.94089217329235,5.045900160762326,0.003582945872189215,2.796311635521658
2026-10-07T17:49:16+03:00,26.43,288.182,-24.683458329770673,24.41664,306.99651620904643,296.68327589669155,-0.5153182409406625,5.94864,6.0652800000000004,-0.4526366581533504,,20.05352282957881,24.764066,59.470071,19.173147784172347,32.127949083135945,274.8685671259105,5.037680751768794,0.0033891504251143604,2.7997007859467726
2026-10-07T17:49:18+03:00,26.73,288.179,-23.6578638764865,22.21992,310.9957616190596,297.66876330431654,-0.7037067639796771,6.39576,6.6095999999999995,-2.142862153789279,,26.189900815429933,24.763971,59.470105,16.561733710458093,32.57250735204579,278.4232542670138,5.389776168781846,0.0035483508195964,2.803249136766369
2026-10-07T17:49:20+03:00,26.81,288.175,-22.95312578847559,22.21992,314.99500702907267,295.42849832535506,0.459340264356381,6.940079999999999,6.82344,-3.7528735581068924,,28.636430600638544,24.763877,59.470148,16.059034703498774,32.65566383526101,282.33934319381166,5.8430516608490475,0.003862425531461785,2.807111562297831
2026-10-07T17:49:22+03:00,27.03,288.179,-30.229689786637042,23.07528,314.99500702907267,293.8700531225992,2.6586387609660456,6.43464,7.8732,-3.0252171582907463,,29.66775463187403,24.763796,59.470189,17.812736964077484,40.708492652441265,274.28651437663143,4.877699517705396,0.003491461952937028,2.810603024250768
2026-10-07T17:49:24+03:00,27.48,288.179,-25.49132882090513,24.261120000000002,306.99651620904643,293.9044305903071,-0.7903379826034576,6.201359999999999,7.056719999999999,-0.813600069085769,,21.35986660247709,24.763723,59.470224,18.853323183689586,33.62954998461967,273.36696622442673,5.163473856550385,0.003064992056864578,2.8136680163076324
2026-10-07T17:49:26+03:00,27.56,288.182,-28.56238260280635,22.97808,306.99651620904643,294.77532643890595,0.1079452486026471,6.27912,5.3654399999999995,-0.6703606203030631,,22.104711736147163,24.76364,59.470258,17.71932219269441,38.316926789743235,268.67958941930317,4.926555080517419,0.0032556547872894864,2.816923671094922
2026-10-07T17:49:28+03:00,28.05,288.188,-24.73502453133245,23.094720000000002,311.9984377605385,295.3883912796959,-1.0712591895561,6.18192,6.454079999999999,-2.0511889065683473,,27.58791783554914,24.763557,59.470297,17.670322931659147,33.152459619325725,278.84597814121275,5.175616914028485,0.003452245129009583,2.8203759162239317
2026-10-07T17:49:30+03:00,28.08,288.188,-28.992100949154466,22.239359999999998,316.9946297340793,294.7294898152955,-1.895115203174711,5.96808,7.542719999999999,-1.0771606548459478,,25.473703571516403,24.763482,59.470341,17.263236438876213,38.638201433736896,278.3564283003424,4.661693146257283,0.003498414843235472,2.823874331067167
2026-10-07T17:49:32+03:00,28.35,288.186,-26.534112008043234,22.00608,308.99613891405295,294.1221545524568,0.4991608311179731,6.74568,6.454079999999999,-2.320479070279834,,26.791506500317297,24.763386,59.47038,16.252749521219656,37.21943277311402,271.7767061409389,5.371752363393065,0.0037533253712299197,2.827627656438397
2026-10-07T17:49:34+03:00,28.68,288.182,-22.809886339692884,23.814,309.9988150555319,292.99915727400037,-2.102296741894017,6.39576,6.6095999999999995,-1.6959550735872368,,25.943528963523672,24.763298,59.470418,18.089148396691975,30.688203579365876,279.31061147616606,5.500080930875797,0.003526595764101167,2.831154252202498
2026-10-07T17:49:36+03:00,28.95,288.178,-24.053204755126767,22.21992,311.9984377605385,291.6928135011021,-0.8989707805602616,6.59016,6.10416,-0.7104676659622208,,22.59172586200836,24.763205,59.470456,16.42314504339714,33.4663702064141,278.5320675541244,5.497574989053002,0.0036442555617464505,2.8347985077642446
2026-10-07T17:49:38+03:00,29.17,288.186,-17.441271799317068,23.7168,306.99651620904643,293.3601206849328,1.1766261280806585,6.454079999999999,7.056719999999999,-0.045836623610465865,,19.440457988788832,24.763111,59.470489,17.665684242980475,23.728015284491022,283.2685009245554,5.90849046517575,0.003488886602081428,2.838287394366326
2026-10-07T17:49:40+03:00,29.51,288.178,-20.77588616697846,20.470319999999997,308.99613891405295,294.50603627519445,-0.9261862758289757,6.43464,7.503839999999999,-2.2345354010102105,,17.584074732564968,24.763018,59.470523,14.633194288822828,29.749396760820872,279.24674215323205,5.586580436618929,0.0034985768028891764,2.841785971169215
2026-10-07T17:49:42+03:00,29.73,288.182,-39.5287948016103,21.65616,313.99806046554505,293.92161932416104,3.4716658722566844,6.57072,6.804,-1.575633936609764,,14.020277246851244,24.762936,59.470563,17.107179125552936,53.67878205760431,260.3192784079407,3.8919136234023024,0.0034712372437988867,2.845257208413014
2026-10-07T17:49:44+03:00,29.92,288.189,-24.024556865370226,19.42056,313.99806046554505,299.1412648378028,0.04182591904455009,6.492959999999999,6.53184,-1.7990874767107847,,16.885066222505362,24.762845,59.470604,13.746640676973191,35.11154508977194,278.8865153757731,5.311460984602513,0.003713988308849844,2.848971196721864
2026-10-07T17:49:46+03:00,30.33,288.19,-27.96077691791898,18.74016,315.9976831705516,297.9323238900768,-3.887747823080688,6.62904,6.35688,-1.8964903018830246,,17.08560145080115,24.762759,59.470646,13.254512361695403,41.522728259663666,274.47495491088796,4.963114597029008,0.0036425927805265584,2.8526137895023904
2026-10-07T17:49:48+03:00,30.37,288.182,-33.455442173223574,20.29536,315.9976831705516,298.67716902374684,2.0241452986381723,6.68736,6.8623199999999995,-1.850653678272559,,17.091331028752457,24.762671,59.470688,15.170762760179036,47.51976742742457,268.477915743127,4.516213627506087,0.0036868554596965132,2.856300644962087
2026-10-07T17:49:50+03:00,30.93,288.199,-23.256793419894922,21.617279999999997,311.9984377605385,299.6855747431771,0.21898446929900064,6.39576,6.92064,-2.0511889065683473,,18.271624086721953,24.762583,59.470728,15.942499695389191,32.371166045776135,279.62727171476234,5.401842727747683,0.0036056017389654305,2.8599062467010525
2026-10-07T17:49:52+03:00,30.93,288.196,-29.765593972581073,23.094720000000002,315.9976831705516,297.806273175148,0.1897063259678156,6.62904,6.337439999999999,-2.738738260725335,,21.801044104727822,24.762491,59.470774,17.64982724453546,40.51192074375294,275.4857624267987,5.039865725879414,0.003941556714062645,2.863847803415115
2026-10-07T17:49:54+03:00,31.42,288.2,-23.875587838636214,23.6196,313.99806046554505,299.63973811956663,-1.5587316816534045,6.14304,6.72624,-2.778845306384493,,21.732289169312125,24.762409,59.470815,18.173137377307196,31.739332659049495,282.2587278064956,5.224349479166715,0.0035131243400330203,2.867360927755148
2026-10-07T17:49:56+03:00,31.5,288.201,-20.019581877405773,23.328,314.99500702907267,298.0010788254925,-1.5400532575321397,5.851439999999999,6.18192,-2.687172059163561,,23.032903364259095,24.762331,59.470857,17.942304184855768,26.429800379683712,288.565206649389,5.239849701779501,0.003470625179799261,2.870831552934947
2026-10-07T17:49:58+03:00,31.68,288.192,-26.534112008043234,23.21136,312.9953843240661,293.8070277651349,-0.9432031223443613,6.804,6.27912,-2.985110112631589,,23.055821676064326,24.762242,59.470899,17.391707022012604,36.599405942030444,276.39597838203565,5.462412162003238,0.0037091544739906858,2.8745407074089377
2026-10-07T17:50:00+03:00,31.91,288.204,-28.75145867519952,21.753359999999997,308.99613891405295,295.371202545842,-0.7431262602846778,6.454079999999999,7.251119999999999,-2.7043607930174858,,23.416785086996747,24.762151,59.47094,16.391644903041353,39.668896810597175,269.3272421034558,4.968003546293861,0.003713967638143795,2.8782546750470814
2026-10-07T17:50:02+03:00,31.83,288.193,-30.28125598819882,21.597839999999998,308.99613891405295,296.73484209825335,1.4262065436396454,6.37632,6.68736,-2.3090199143772177,,20.55199611134263,24.762064,59.470977,16.409573896151763,41.580670789140754,267.4154681249122,4.769627823993772,0.0034644652852788382,2.8817191403323603
2026-10-07T17:50:04+03:00,31.83,288.203,-28.0409910092373,22.66704,313.99806046554505,295.1534785836923,0.2903177147927882,7.07616,7.056719999999999,-2.182969199448437,,19.165438247126037,24.761975,59.471017,16.755081001383626,39.49248559728764,274.50557486825744,5.46072927483795,0.0036283953941857435,2.885347535726546
2026-10-07T17:50:06+03:00,31.98,288.208,-20.78161574492977,22.258799999999997,305.99956964551876,295.69778848906657,0.913122838099993,6.88176,6.0264,-2.0340001727144226,,18.15703252769579,24.761885,59.471054,16.01203409979175,29.55294688134859,276.4466227641702,5.9864449305662975,0.0035351838187882186,2.888882719545334
2026-10-07T17:50:08+03:00,31.91,288.211,-24.43708647786442,21.34512,313.99806046554505,293.1309375668805,0.8938714561835973,6.27912,7.503839999999999,-2.446529785208615,,19.921742536698723,24.761805,59.47109,15.842915344576998,33.874015736180326,280.12404472936475,5.213334466282767,0.0032632656686952637,2.892145985214029
2026-10-07T17:50:10+03:00,31.91,288.211,-24.385520276302646,21.617279999999997,309.9988150555319,294.3971742941196,1.5633726397939642,6.318,7.01784,-2.498095986770389,,20.597832734953094,24.761726,59.471127,16.07596804763736,33.723811044230104,276.2750040113018,5.254828867197614,0.003280915051602466,2.895426900265632
2026-10-07T17:50:12+03:00,32.02,288.21,-18.770533884020576,21.325680000000002,308.99613891405295,293.81848692103745,0.9394788966760107,6.37632,7.40664,-2.985110112631589,,22.253680762881178,24.761636,59.471165,15.425547779150998,26.41414443719995,282.58199447685297,5.710644735458027,0.003573296175894705,2.8990001964415266
2026-10-07T17:50:14+03:00,31.87,288.204,-23.738077967804816,21.98664,309.9988150555319,294.5289545869997,-2.49271018349616,6.201359999999999,7.75656,-2.853329819751499,,21.835421572435674,24.76155,59.471201,16.499887297551812,32.440219378673106,277.5585956768588,5.233647621148128,0.003402557809211674,2.9024027542507382
2026-10-07T17:50:16+03:00,32.21,288.204,-18.62729443523787,21.617279999999997,309.9988150555319,294.95867293334777,-4.6502973526203,5.773680000000001,7.6788,-2.864788975654116,,22.087523002293235,24.761465,59.471236,16.25102450771082,25.14328899973097,284.85552605580096,5.226612519880801,0.003340875572900362,2.9057436298236388
2026-10-07T17:50:18+03:00,31.98,288.212,-26.917993730780882,21.753359999999997,312.9953843240661,292.65538259692187,1.0298916367476547,6.0652800000000004,7.52328,-2.223076245107594,,20.133736920897128,24.76137,59.471275,16.57425337800363,36.45410017495087,276.5412841491152,4.878505567784851,0.0037294683680486633,2.9094730981916874
2026-10-07T17:50:20+03:00,31.83,288.21,-20.730049543367993,20.898,305.99956964551876,294.6607348798798,1.7547405433676593,6.47352,6.337439999999999,-1.7417916971977028,,15.939685860539502,24.761278,59.471311,15.019405701182887,29.505521575523574,276.4940480699952,5.633957779685861,0.0035458436762181304,2.9130189418679056
2026-10-07T17:50:22+03:00,31.83,288.208,-26.534112008043234,20.27592,310.9957616190596,298.104211228616,1.8711082715587295,6.4152,7.056719999999999,-1.9136790357369495,,15.183381570966816,24.761187,59.471348,14.81625262415478,37.686969870422985,273.3087917486366,5.07674925636632,0.003558950932788267,2.916577892800694
2026-10-07T17:50:24+03:00,31.76,288.211,-21.686889061236467,19.78992,317.9973058755582,293.5606559132286,-5.479080803277037,6.0652800000000004,7.01784,-1.9881635491039567,,14.833877315937015,24.761107,59.471388,14.330320013764487,30.685156713019694,287.3121491625385,5.216046825454996,0.0034274088327240207,2.920005301633418
2026-10-07T17:50:26+03:00,31.8,288.219,-23.021880723891286,20.8008,311.9984377605385,293.8070277651349,1.218623934463748,5.67648,5.87088,-1.673036761782004,,10.645555833530695,24.761025,59.471421,15.733821514881516,31.133128663516743,280.86530909702174,4.858886820434447,0.003194206825793447,2.9231995084592115
2026-10-07T17:50:28+03:00,31.68,288.218,-23.256793419894922,18.58464,311.9984377605385,298.7344648032599,1.1573174503847499,6.006959999999999,7.251119999999999,-1.4725015334862157,,11.89460382691589,24.760933,59.471458,13.279319552347237,33.54580036885554,278.45263739168297,5.006466904817636,0.0035828317565391415,2.9267823402157505
2026-10-07T17:50:30+03:00,31.61,288.218,-27.553976883376098,18.798479999999998,317.9973058755582,297.5885492129983,-3.360569355780817,6.318,6.804,-2.1886987773997446,,15.79071683380549,24.760848,59.471503,13.516840550960971,40.041065692884274,277.9562401826739,4.836956807225219,0.003748559082549637,2.9305308992983
2026-10-07T17:50:32+03:00,31.5,288.21,-26.7919430158521,20.78136,312.9953843240661,295.4399574812577,2.181536804960609,6.95952,7.095599999999999,-2.7501974166279517,,23.073010409918254,24.760763,59.471546,14.90285820824484,38.943464604656526,274.05191971940957,5.412881871039096,0.0036627586103096695,2.9341936579086094
2026-10-07T17:50:34+03:00,31.23,288.222,-23.24533426399231,21.71448,311.9984377605385,294.76959686095466,-1.097615248132118,6.74568,6.24024,-2.125673419935354,,19.795691821769942,24.760681,59.471589,15.743135363098709,32.98137173748748,279.01706602305103,5.658597472418673,0.003598434287499303,2.937792092196109
2026-10-07T17:50:36+03:00,31.2,288.21,-30.48752079444591,21.42288,309.9988150555319,293.49190097781286,1.3400909870314826,6.454079999999999,6.62904,-2.0225410168118056,,18.850311459804086,24.760598,59.471626,16.195619580797338,42.152175516389235,267.84663953914264,4.784829146822415,0.003371694576775466,2.9411637867728846
2026-10-07T17:50:38+03:00,31.08,288.218,-22.94166663257297,21.07296,307.99919235052533,294.92429546563994,3.1042853340188,6.492959999999999,6.2208000000000006,-1.8391945223699424,,16.260542225812763,24.760508,59.471663,15.304301936188699,32.46055839027818,275.5386339602471,5.4785071722040035,0.0035351453188249725,2.9446989320917094
2026-10-07T17:50:40+03:00,30.93,288.218,-21.383221429817134,20.19816,313.99806046554505,297.91513515622285,0.381418004218589,6.006959999999999,5.69592,-1.7647100090029357,,15.26932524023644,24.760424,59.471699,14.768011746612576,29.911903064907705,284.0861574006374,5.206791903831885,0.003355627454603275,2.948054559546313
2026-10-07T17:50:42+03:00,30.9,288.218,-22.483300396468316,20.470319999999997,319.99692858056477,297.2619632697737,-1.1989141863112476,5.79312,6.2208000000000006,-1.650118449976771,,15.401105533116528,24.760343,59.471736,15.27899060933661,30.820266380111462,289.1766622004533,4.975008212744897,0.0033260350609202356,2.951380594607233
2026-10-07T17:50:44+03:00,30.78,288.215,-23.14220186086876,20.43144,315.9976831705516,296.24209839444086,0.44707896754058135,6.454079999999999,6.1236,-1.850653678272559,,16.27200138171538,24.760259,59.471779,14.716947117963281,33.067004349840175,282.9306788207115,5.408732465986611,0.0036411756762956883,2.955021770283529
2026-10-07T17:50:46+03:00,30.6,288.219,-25.01004427299524,21.52008,315.9976831705516,294.0935066627003,-1.3811720609423626,6.2208000000000006,5.6376,-1.6959550735872368,,14.129139227926103,24.760179,59.471819,16.098862005656894,34.412388682075175,281.58529448847645,5.132106003242757,0.0034273866278739322,2.958449156911403
2026-10-07T17:50:48+03:00,30.48,288.223,-34.43520000289729,21.772799999999997,311.9984377605385,295.594656085943,-0.43160910707204914,5.96808,6.29856,-2.417881895452074,,18.25443535286803,24.760102,59.471858,17.185155102573066,45.760456035383214,266.23798172515524,4.163689073503907,0.003320009526601577,2.9617691664380046
2026-10-07T17:50:50+03:00,30.48,288.226,-26.61432609936155,21.5784,312.9953843240661,293.58930380298517,1.40156935844902,7.095599999999999,5.90976,-2.5095551426730056,,20.15665523270236,24.760019,59.471902,15.562719445900258,38.40000042279624,274.5953839012699,5.5607752632780825,0.0036628890692608283,2.9654320555072653
2026-10-07T17:50:52+03:00,30.3,288.23,-33.01426467097285,21.111839999999997,309.9988150555319,292.8444586693151,1.5127231707043993,5.7153599999999996,5.50152,-2.079836796324888,,19.469105878545374,24.759937,59.471938,16.61375675634543,43.81740287106243,266.1814121844695,4.123917808193815,0.0033091757359299686,2.9687412312431953
2026-10-07T17:50:54+03:00,30.26,288.23,-29.312957314427727,20.664720000000003,310.9957616190596,295.1592081616436,4.637004731773266,6.006959999999999,6.43464,-2.7043607930174858,,22.96414842884339,24.759864,59.471972,15.704713988779856,40.10595800551229,270.8898036135473,4.594449885254937,0.0030239658463609813,2.971765197089556
2026-10-07T17:50:56+03:00,30.18,288.23,-29.50776296477221,20.85912,317.9973058755582,292.2657712962329,-2.3611017779546097,6.68736,5.851439999999999,-3.6955777785938095,,29.68494336572795,24.759787,59.472015,15.39565519584813,41.861322100129456,276.1359837754287,4.980492955464191,0.0034939170101759487,2.975259114099732
2026-10-07T17:50:58+03:00,30.18,288.226,-34.20028730689364,22.239359999999998,312.9953843240661,288.91969777266894,0.4361354736535827,5.773680000000001,6.39576,-2.9965692685342056,,31.558515355805742,24.759718,59.472053,17.76305350319601,44.72736603946075,268.2680182846053,4.101988509002012,0.0031073095012840064,2.9783664236010163
2026-10-07T17:51:00+03:00,30.03,288.221,-20.500866425315664,21.87,304.9968935040398,288.57592309559044,-1.656993943518341,5.57928,6.2208000000000006,-0.9281916281119336,,25.038255647216975,24.759642,59.472088,16.75837773365462,27.196638372599125,277.8002551314407,4.962452603145777,0.0031321444363724307,2.981498568037389
2026-10-07T17:51:02+03:00,30.03,288.23,-27.15290642678452,22.58928,305.99956964551876,290.7130556714284,1.531172411707612,5.81256,6.006959999999999,-2.543932610380855,,21.096306016716916,24.759559,59.472118,17.618154087029463,35.81251649808334,270.18705314743545,4.71361423308141,0.0031102521175897084,2.9846088201549787
2026-10-07T17:51:04+03:00,30.03,288.23,-30.063532026049106,22.6476,308.99613891405295,295.27952929862107,0.36594814375005685,5.96808,6.0652800000000004,-2.3548565379876836,,19.84152844538041,24.759463,59.472151,17.73620982022372,39.7681407242078,269.22799818984515,4.587301056312917,0.0035391750628072085,2.988147995217786
2026-10-07T17:51:06+03:00,29.88,288.233,-29.553599588382674,21.40344,314.99500702907267,296.0071856984372,1.4221958390737293,6.5124,6.35688,-2.956462222875048,,24.14444148681289,24.759375,59.472192,16.062791080282267,41.089109775941495,273.9058972531312,4.908319855394446,0.0036458725223074157,2.9917938677400935
2026-10-07T17:51:08+03:00,29.81,288.225,-25.359548528025044,21.81168,317.9973058755582,291.188610641387,-2.0863112194098665,6.76512,6.57072,-3.0424058921446715,,25.382030324295467,24.759295,59.472235,15.963617604504956,35.81700434889865,282.18030152665955,5.485769363947715,0.003556185338649447,2.995350053078743
2026-10-07T17:51:10+03:00,29.88,288.23,-22.764049716082415,21.81168,309.9988150555319,292.41474032296696,1.6304087018242703,6.39576,5.754239999999999,-2.807493196141034,,23.680345672756925,24.759201,59.472275,16.105382221287847,31.603151983304684,278.3956630722272,5.447256685380138,0.003744018121741151,2.999094071200484
2026-10-07T17:51:12+03:00,29.73,288.23,-23.60056809697342,20.606399999999997,314.99500702907267,290.70159651552575,-1.0986465721633536,6.4152,6.7068,-2.7501974166279517,,27.123822021493172,24.759102,59.472314,14.950047734346098,33.49290074887878,281.50210628019386,5.349983006852577,0.003825154504248076,3.002919225704732
2026-10-07T17:51:14+03:00,29.73,288.23,-24.551678036890582,20.178720000000002,308.99613891405295,288.7306217002757,0.38428279319424313,6.901199999999999,6.9984,-2.6184171237478617,,25.806019092692278,24.759017,59.472346,14.194151250168286,36.20695715237406,272.7891817616789,5.568499549554681,0.003230295033647499,3.0061495207383797
2026-10-07T17:51:16+03:00,29.7,288.23,-24.013097709467612,19.78992,306.99651620904643,288.8566724152045,1.4902632251352712,6.92064,6.39576,-2.566850922186088,,21.566131408724186,24.758911,59.472386,13.759552428688975,35.82394100395669,271.17257520508974,5.611388646515467,0.004031736238523082,3.0101812569769026
2026-10-07T17:51:18+03:00,29.66,288.22,-31.47873778002224,20.0232,308.99613891405295,292.8043516236559,2.946435461460258,6.39576,7.095599999999999,-1.9824339711526484,,18.747179056680537,24.758818,59.472422,14.946582565516161,44.39024179280415,264.6058971212488,4.570357848549783,0.003570006309960283,3.013751263286863
2026-10-07T17:51:20+03:00,29.62,288.23,-32.57308716872211,20.23704,309.9988150555319,292.1110726915476,-0.8408155643544831,6.804,7.07616,-2.079836796324888,,17.3319733027074,24.758735,59.472457,14.95871802341477,46.7478795747632,263.2509354807687,4.662168470561414,0.003293591508794706,3.0170448547956576
2026-10-07T17:51:22+03:00,29.66,288.23,-30.413036281078906,20.664720000000003,306.99651620904643,292.64392344101924,2.0431102016570026,6.5124,6.901199999999999,-1.501149423242757,,13.223865911619402,24.758645,59.472495,15.4053280141591,42.770024343955214,264.22649186509125,4.780656652009791,0.0035732129930365164,3.020618067788694
2026-10-07T17:51:24+03:00,29.7,288.23,-29.032207994813625,19.75104,305.99956964551876,294.44874049568136,0.7123584266861526,6.6095999999999995,6.37632,-1.9136790357369495,,16.896525378407976,24.758559,59.472529,14.335429779330452,41.96197961619299,264.03759002932577,4.914823766451007,0.003327318137549445,3.0239453859262433
2026-10-07T17:51:26+03:00,29.58,288.23,-22.454652506711774,22.31712,315.9976831705516,290.2145823896646,-2.7573020932875734,6.318,6.47352,-1.7417916971977028,,15.991252062101276,24.758477,59.472571,16.653900925097478,30.7862212780598,285.2114618924918,5.427686458702143,0.0035554556784553417,3.0275008416046987
2026-10-07T17:51:28+03:00,29.43,288.23,-25.227768235144957,20.625839999999997,306.99651620904643,292.05950648998584,-0.8370340429066196,6.045839999999999,6.337439999999999,-1.3407212406061262,,12.885820812492215,24.758398,59.472605,15.37413818068237,34.87660029531918,272.11991591372725,4.959919307636776,0.0031613823476336284,3.030662223952332
2026-10-07T17:51:30+03:00,29.13,288.23,-31.896996970467736,19.7316,309.9988150555319,288.44414280271036,1.2251556533282393,6.6095999999999995,6.39576,-1.1401860123103382,,10.015302258886791,24.758304,59.472641,14.54555862845339,45.789777411586215,264.2090376439457,4.608827821983805,0.0035943231970527296,3.034256547149385
2026-10-07T17:51:32+03:00,29.17,288.23,-37.2999889785514,18.62352,308.99613891405295,291.5896810979786,0.09975195213227632,6.492959999999999,6.24024,-1.111538122553797,,10.62836709967677,24.758216,59.472678,14.02190697828668,53.59647660540706,255.39966230864587,3.853366467500251,0.0034878276035760027,3.037744374752961
2026-10-07T17:51:34+03:00,29.1,288.22,-29.312957314427727,18.273600000000002,308.99613891405295,291.44071207124455,2.1577017606831674,6.7068,7.1150400000000005,-1.7360621192463943,,15.762068944048947,24.758129,59.472717,12.852070064439037,44.11529079365579,264.88084812039716,4.815083685281486,0.0035427333938554003,3.0412871081468165
2026-10-07T17:51:36+03:00,29.06,288.21,-19.916449474282224,19.86768,313.99806046554505,288.91396819471765,-2.970671576194292,6.045839999999999,5.94864,-2.515284720624314,,21.932824397607913,24.758055,59.472756,14.332185680121034,28.17836382070726,285.8196966448378,5.329298137660032,0.003255747565526626,3.044542855712343
2026-10-07T17:51:38+03:00,29.13,288.23,-24.540218880987968,21.01464,305.99956964551876,288.2722554641711,1.1624740705409273,5.87088,6.97896,-1.948056503444799,,18.351838178040268,24.757969,59.47279,15.862607075958877,33.38265427400404,272.6169153715147,4.902269796011386,0.0033273021313544797,3.0478701578436977
2026-10-07T17:51:40+03:00,28.98,288.23,-26.264821844331745,20.10096,307.99919235052533,290.20312323376197,-0.9241236277665048,6.7068,6.78456,-1.7188733853924696,,15.435483000824377,24.757877,59.472825,14.395839478733738,38.1624440048287,269.8367483456966,5.273302491612874,0.003509384768568914,3.0513795426122665
2026-10-07T17:51:42+03:00,28.98,288.22,-19.624240998765508,20.0232,307.99919235052533,286.5763003905838,-1.0580238644885782,6.940079999999999,6.6095999999999995,-1.4839606893888322,,13.040519417177535,24.757771,59.472867,13.686167906292045,29.429810046987626,278.56938230353774,6.044520168363447,0.004104524486093058,3.0554840670983596
2026-10-07T17:51:44+03:00,29.1,288.23,-22.70675393656933,18.895680000000002,302.99727079903323,287.3555229919618,0.4877016752153568,5.79312,5.6376,-1.380828286265284,,12.559234869267646,24.757684,59.472898,13.734837681004242,32.07704857079594,270.9202222282373,4.908711713097109,0.0032446321194803483,3.05872869921784
2026-10-07T17:51:46+03:00,28.87,288.22,-24.66626959591675,18.817919999999997,307.99919235052533,286.6679736378048,-1.1251745180779107,6.0264,5.851439999999999,-1.5928226704636885,,14.587505464030759,24.757586,59.472931,13.576389763445361,35.34191048029086,272.65728187023444,4.915822964835917,0.003589853094951244,3.0623185523127914
2026-10-07T17:51:48+03:00,28.91,288.22,-23.646404720583885,19.75104,304.9968935040398,285.98615386159906,-0.311803632110194,6.43464,6.53184,-1.598552248414997,,15.469860468532227,24.757494,59.472964,14.094965910179251,34.19714874702859,270.79974475701124,5.322145725607392,0.0034386562136445257,3.0657572085264357
2026-10-07T17:51:50+03:00,28.8,288.24,-23.210956796284457,20.975759999999998,303.9999469405122,287.527410330501,0.07872440105097511,6.18192,6.59016,-1.4266649098757496,,13.90568568782508,24.75741,59.473002,15.487051390169109,32.26225908308302,271.73768785742914,5.2275158082139255,0.003434303922816142,3.069191512449252
2026-10-07T17:51:52+03:00,28.8,288.24,-18.254871868402834,20.87856,306.99651620904643,289.16034004662384,0.14192164585390493,6.08472,5.890319999999999,-1.650118449976771,,13.659313835918825,24.757319,59.473041,15.219886131407026,25.448982481095243,281.5475337279512,5.494309053899039,0.0036351788241941827,3.072826691273446
2026-10-07T17:51:54+03:00,28.76,288.23,-32.64757168208912,19.809359999999998,307.99919235052533,292.4319290568209,1.0302927072042465,5.96808,7.542719999999999,-1.8907607239317168,,15.968333750296045,24.757222,59.473078,15.130718362196166,44.93322341916249,263.0659689313628,4.2249853412955245,0.0037036224723975353,3.0765303137458435
2026-10-07T17:51:56+03:00,28.83,288.23,-23.147931438820066,19.59552,311.9984377605385,293.2913657495171,-0.9083672884004071,6.08472,6.57072,-1.7818987428568602,,16.438159142303316,24.757137,59.473116,14.203518886354473,32.843023406560036,279.1554143539785,5.11213590797163,0.003457156923549091,3.079987470669393
2026-10-07T17:51:58+03:00,28.8,288.23,-24.889723136017768,18.62352,313.99806046554505,294.4659292295353,2.1184541517167057,6.045839999999999,5.6376,-2.6642537473583277,,20.41448624051123,24.757062,59.473151,13.38333877248956,35.849907924282434,278.1481525412626,4.900479671605054,0.003109539225510573,3.0830970098949035
2026-10-07T17:52:00+03:00,28.83,288.24,-23.875587838636214,19.809359999999998,318.9999820170371,293.05645305351345,-4.055968231731097,5.832,6.37632,-2.738738260725335,,22.92404138318424,24.756981,59.473195,14.667613886877762,33.13668490579846,285.86329711123864,4.883535371872463,0.0036208449123489366,3.0867178548072527
2026-10-07T17:52:02+03:00,28.68,288.24,-37.15674952976869,19.55664,310.9957616190596,288.79937663569143,1.2127224691739005,6.35688,7.056719999999999,-2.595498811942629,,21.96720186531576,24.756899,59.473237,14.99035442237266,51.99754495144745,258.99821666761216,3.91390075713366,0.003555420927623959,3.0902732757348765
2026-10-07T17:52:04+03:00,28.68,288.24,-33.37522808190526,19.42056,308.99613891405295,292.4319290568209,2.8455375937377205,6.454079999999999,6.88176,-2.137132575837971,,19.102412889661643,24.756816,59.473273,14.473109829462237,47.57586544060396,261.420273473449,4.354008758883521,0.003332259532656282,3.0936055352675327
2026-10-07T17:52:06+03:00,28.72,288.24,-24.975666805287396,17.94312,314.99500702907267,292.4834952583827,-1.958427039536667,6.37632,6.35688,-2.360586115938992,,21.726559591360818,24.756729,59.473318,12.457474251023584,37.4568416872919,277.53816534178077,5.061597212080229,0.0037909933626284033,3.0973965286301612
2026-10-07T17:52:08+03:00,28.87,288.23,-21.818669354116558,18.895680000000002,309.9988150555319,288.58738225149307,3.1783687769292155,6.5124,6.57072,-3.242941120440459,,22.855286447768535,24.756638,59.47336,13.075777055697401,32.48625487770508,277.5125601778268,5.493341721878852,0.0037539744049849993,3.101150503035146
2026-10-07T17:52:10+03:00,28.61,288.24,-28.184230458020004,19.10952,312.9953843240661,290.1400978762976,-0.7420376404739293,5.7153599999999996,7.15392,-2.337667804133759,,21.25673419935354,24.756551,59.473396,14.328386789410711,39.043424083672306,273.95196024039376,4.438941682110755,0.0034260421371576054,3.1045765451723035
2026-10-07T17:52:12+03:00,28.61,288.23,-34.16018026123449,19.40112,311.9984377605385,288.25506673031714,2.6750253539067876,6.940079999999999,7.056719999999999,-2.9679213787776644,,21.829691994484364,24.756462,59.47343,14.203448895937813,50.08428983246091,261.91414792807757,4.4531714527681405,0.0034000077716774516,3.107976552943981
2026-10-07T17:52:14+03:00,28.57,288.23,-28.155582568263466,19.59552,308.99613891405295,287.76805260445593,-0.042456172619194,5.87088,6.59016,-0.8307888029396938,,19.400350943129673,24.75639,59.473461,14.68304861409228,39.030863591747476,269.9652753223055,4.560539810638031,0.0028817092127836072,3.1108582621567646
2026-10-07T17:52:16+03:00,28.5,288.24,-25.869480965691476,18.876240000000003,305.99956964551876,290.28906690303154,-1.4800072806024296,6.37632,5.67648,0.09167324722093173,,24.51686405364793,24.756296,59.473495,13.430214614418146,37.82514435782619,268.17442528769254,5.0365656502850475,0.0035231989882870303,3.1143814611450518
2026-10-07T17:52:18+03:00,28.76,288.24,-17.091767544287265,19.51776,309.9988150555319,289.0973146891595,-3.590497318966817,5.6181600000000005,7.29,-0.7677634454753031,,27.375923451350737,24.756198,59.473533,14.243754890695424,23.74869433896623,286.2501207165657,5.142417900685944,0.003764215771578516,3.1181456769166305
2026-10-07T17:52:20+03:00,28.98,288.25,-22.66091731295887,19.537200000000002,308.99613891405295,289.71610910790076,-1.672463803986873,5.67648,7.56216,-0.3036676314193363,,21.594779298480727,24.75611,59.473566,14.465222523752534,31.3568857917449,277.63925312230805,4.847388132386038,0.003339601556808806,3.1214852784734393
2026-10-07T17:52:22+03:00,28.65,288.25,-26.734647236339022,18.3708,307.99919235052533,291.96783324276487,0.05116513110518251,6.1624799999999995,6.7068,-0.865166270647543,,19.377432631324442,24.756023,59.473602,13.162348481557123,38.89330948143052,269.1058828690948,4.796359689023894,0.0034260295813630616,3.124911308054802
2026-10-07T17:52:24+03:00,28.38,288.25,-28.29309243909486,18.195839999999997,308.99613891405295,291.1599627516304,3.2289609502392675,6.39576,6.4152,-0.6818197762056798,,12.438913732290171,24.755931,59.473641,12.924696331764657,41.85813578093993,267.138003133113,4.763557645723698,0.003658528502338934,3.128569836557141
2026-10-07T17:52:26+03:00,28.38,288.24,-28.304551594997474,18.09864,307.99919235052533,293.3314727951763,-1.1278674197150256,6.492959999999999,6.55128,-1.1287268564077217,,10.94922346495003,24.755835,59.47368,12.758987741775513,42.267582658233295,265.73160969229207,4.804866756465744,0.0037531018003215326,3.1323229383574627
2026-10-07T17:52:28+03:00,28.23,288.24,-34.097154903770104,16.56288,309.9988150555319,292.13399100335283,1.6263979972583549,6.74568,7.29,-2.5095551426730056,,12.593612336975495,24.75575,59.47372,11.6100002885809,53.10638049265037,256.89243456288153,4.0496419549462885,0.003537698666853598,3.135860637024316
2026-10-07T17:52:30+03:00,28.08,288.23,-28.791565720858678,16.912799999999997,309.9988150555319,294.99305040105565,3.8945087250632318,6.2208000000000006,6.39576,1.0943493886998723,,14.513020950663753,24.755664,59.473757,11.84617134053133,43.44172152333971,266.5570935321922,4.516762112186969,0.0034409448035938837,3.13930158182791
2026-10-07T17:52:32+03:00,28.05,288.24,-23.29690046555408,16.524,313.99806046554505,296.45982235659056,-2.426247079260984,5.5404,7.7176800000000005,0.5385803274229739,,15.991252062101276,24.75558,59.4738,11.643365005510951,34.14427517405923,279.8537852914858,4.5853838275233745,0.003641067621240638,3.1429426494491506
2026-10-07T17:52:34+03:00,28.08,288.24,-18.134550731425364,17.35992,316.9946297340793,296.49419982429845,-3.7142562027150743,5.87088,7.36776,0.8307888029396938,,16.23189433605622,24.7555,59.473842,11.921532582248037,26.951490889166934,290.0431388449124,5.23324708721592,0.003512660925511995,3.1464553103746624
2026-10-07T17:52:36+03:00,27.93,288.24,-21.78429188640871,18.44856,310.9957616190596,293.02780516375697,-1.396240850954303,5.96808,5.90976,-0.011459155902616466,,12.559234869267646,24.755418,59.473879,13.095332938570042,31.52162004806425,279.47414157099536,5.087447682324915,0.0033486816066896153,3.149803991981352
2026-10-07T17:52:38+03:00,27.71,288.25,-29.502033386820898,17.84592,305.99956964551876,295.28525887657236,0.033919101471744734,6.0652800000000004,5.87088,-1.3178029288008932,,13.35564620449949,24.755329,59.473911,12.91715104488687,42.87171938551535,263.1278502600034,4.445115167134125,0.00332910414581739,3.1531330961271693
2026-10-07T17:52:40+03:00,27.78,288.23,-26.95810077644004,18.0792,309.9988150555319,295.5717377741378,-0.11344564343590299,6.27912,6.1236,-0.6703606203030631,,13.229595489570707,24.755251,59.473948,12.802842013332185,39.80454099222703,270.1942740633049,4.823825870796189,0.003258387675874668,3.156391483803044
2026-10-07T17:52:42+03:00,27.78,288.24,-30.61357150937469,16.21296,313.99806046554505,295.26807014271844,0.7715449669231665,6.27912,6.006959999999999,-1.0026761414789407,,18.432052269358582,24.755171,59.473988,11.272068338243397,47.093278516053346,266.90478194949173,4.27486759631326,0.003427274879736942,3.159818758682781
2026-10-07T17:52:44+03:00,27.78,288.25,-22.552055331884013,18.059759999999997,314.99500702907267,294.50603627519445,-3.678045270062807,6.18192,5.90976,-0.7104676659622208,,20.660858092417484,24.755095,59.474027,12.57607200487075,33.41878378183526,281.5762232472374,5.159846780824786,0.003298354276006971,3.163117112958788
2026-10-07T17:52:46+03:00,27.48,288.25,-27.193013472443678,18.42912,311.9984377605385,291.9219966191544,-0.7043943133338341,6.045839999999999,6.37632,-0.18334649444186346,,17.65855924593197,24.755016,59.47407,13.340747794690326,39.14554399340378,272.8528937671347,4.688820029903326,0.0035351946374065422,3.1666523075961943
2026-10-07T17:52:48+03:00,27.63,288.25,-21.457705943184138,17.92368,309.9988150555319,293.7382728297191,2.6500443940390834,5.151599999999999,5.67648,-0.836518380891002,,19.079494577856416,24.754941,59.474103,13.263709461682545,29.62602331684016,280.3727917386917,4.47813388259349,0.003029451911879992,3.1696817595080744
2026-10-07T17:52:50+03:00,27.3,288.25,-29.45046718525912,17.65152,310.9957616190596,296.48847024634705,1.2440632605675566,6.201359999999999,5.67648,-0.4526366581533504,,18.563832562238673,24.754857,59.474139,12.625199297778416,43.42575629348602,267.57000532557356,4.503835245285465,0.0033554858952402978,3.173037245403315
2026-10-07T17:52:52+03:00,27.3,288.257,-32.02304768539652,18.3708,313.99806046554505,299.9663240627912,0.6335194340761513,5.754239999999999,6.62904,-2.733008682774027,,19.956120004406575,24.754774,59.474176,13.83287161296398,44.766108918056574,269.2319515474885,4.085437961259188,0.0033715508247914765,3.1764087962281065
2026-10-07T17:52:54+03:00,27.3,288.255,-29.87445595365593,17.748720000000002,318.9999820170371,294.9128363097373,-5.225375091593108,5.890319999999999,6.39576,-3.1111608275603704,,24.264762623790364,24.754689,59.474219,12.977131017437033,42.94132921171206,276.05865280532504,4.3120186712261805,0.0036626131341530714,3.1800714093622595
2026-10-07T17:52:56+03:00,27.26,288.247,-25.445492197294666,19.67328,313.99806046554505,290.5526274887918,-1.1767407196396846,5.890319999999999,6.14304,-3.5007721282493303,,27.0035008845157,24.7546,59.474262,14.575745838494331,35.44444424510564,278.5536162204394,4.798715313015698,0.003750127584939356,3.1838215369471987
2026-10-07T17:52:58+03:00,27.15,288.244,-24.48292310147489,18.681839999999998,308.99613891405295,290.82764723045455,2.420746684427728,6.045839999999999,7.1150400000000005,-3.5695270636650287,,28.51610946366107,24.754516,59.4743,13.415657582362615,35.24677581046933,273.7493631035836,4.937480525999894,0.0034342303443693723,3.187255767291568
2026-10-07T17:53:00+03:00,26.92,288.248,-24.866804824212537,20.08152,308.99613891405295,292.41474032296696,1.0663317525179752,5.87088,6.72624,-3.5007721282493303,,29.06614894698666,24.754435,59.474332,14.96005084646771,34.365424519322744,274.6307143947302,4.846143027693544,0.0031329067989732382,3.190388674090541
2026-10-07T17:53:02+03:00,26.73,288.252,-21.48635383294068,19.77048,311.9984377605385,287.40135961557223,-2.97342177361092,6.18192,6.92064,-3.9075721627922144,,31.982504124202553,24.754338,59.474373,14.199869575763906,30.6619083124221,281.3365294481164,5.317635058882934,0.003852711336289736,3.194241385426831
2026-10-07T17:53:04+03:00,26.88,288.254,-22.30568347997776,20.489759999999997,303.9999469405122,284.3646833013789,0.4779040969186196,6.08472,6.901199999999999,-3.644011577032036,,26.42481351143357,24.754243,59.47441,15.038731293877614,31.139341554084154,272.860605386428,5.207986145530661,0.0036548879681510783,3.197896273394982
2026-10-07T17:53:06+03:00,26.55,288.248,-41.3336118562724,20.64528,300.99764809402666,287.7737821824073,1.3165424216516055,6.43464,6.940079999999999,-3.2601298542943837,,23.519917490120292,24.754154,59.474439,16.37473048908277,56.37569520321135,244.6219528908153,3.5631485915601053,0.003228240295892212,3.201124513690874
2026-10-07T17:53:08+03:00,26.28,288.248,-36.578062156686556,19.167839999999998,308.99613891405295,286.65078490395086,0.0077349302342661136,6.08472,6.53184,-2.6642537473583277,,30.762104020573904,24.754077,59.474472,14.73465161406659,50.82408138975083,258.1720575243021,3.8437391519711315,0.0030758442816333827,3.2042003579725074
2026-10-07T17:53:10+03:00,26.25,288.248,-33.58722246610367,20.25648,301.99459465755433,284.19852554079097,0.5411013417215494,5.48208,5.851439999999999,-3.2887777440509254,,26.751399454658138,24.753999,59.474507,15.980078093929565,44.52723794171942,257.4673567158349,3.908268915887283,0.003177520926266001,3.2073778788987735
2026-10-07T17:53:12+03:00,25.91,288.244,-31.96575190588344,19.1484,301.99459465755433,283.0812578402858,3.1527002677073543,5.5404,6.59016,-2.423611473403382,,24.665833080381937,24.753918,59.474538,14.74284843472521,43.44157811016231,258.553016547392,4.0227507918801715,0.0030963551456070636,3.2104742340443804
2026-10-07T17:53:14+03:00,25.87,288.252,-22.42600461695523,17.41824,299.99497195254776,284.2959283659632,0.8467170296443306,5.7348,5.754239999999999,-0.49847328176381617,,19.24565233844435,24.753819,59.474564,12.313064369599003,32.660581225412244,267.33439072713554,4.828026392084216,0.00340259524173397,3.2138768292861144
2026-10-07T17:53:16+03:00,25.65,288.248,-21.113931266105645,17.34048,297.9953492475411,286.94299337946757,-0.07689093610655648,6.1624799999999995,6.1236,-0.9682986737710912,,17.435105705830953,24.753718,59.474593,11.802356385726435,31.95510182282237,266.04024742471876,5.228636832792349,0.0035421187579325448,3.217418948044047
2026-10-07T17:53:18+03:00,25.53,288.241,-29.714027771019303,17.37936,298.9980253890201,289.96248095980707,2.1328353923744894,6.18192,6.55128,-1.501149423242757,,15.458401312629611,24.753614,59.474625,12.395023958740747,44.02663014345862,254.97139524556147,4.444904687245049,0.003712274567940168,3.2211312226119873
2026-10-07T17:53:20+03:00,25.23,288.248,-24.259469561373862,17.80704,305.99956964551876,291.81886421603093,-0.04835763790904148,5.81256,6.25968,-1.3693691303626676,,13.64785468001621,24.753531,59.474657,12.733721145847257,35.06928351291759,270.93028613260117,4.757335432436197,0.0031813059759511005,3.224312528587938
2026-10-07T17:53:22+03:00,25.23,288.248,-22.752590560179797,17.496,308.99613891405295,293.3200136392736,-0.37018803143402484,5.94864,5.69592,-1.3120733508495852,,12.77122925346605,24.753451,59.474695,12.228630533030895,33.59664573072175,275.3994931833312,4.954941320276715,0.0033440013175170006,3.227656529905455
2026-10-07T17:53:24+03:00,25.05,288.248,-26.9982078220992,19.6344,311.9984377605385,293.8299460769401,-0.3283048166099617,6.2208000000000006,6.4152,-2.1027551081301215,,18.21432830720887,24.753371,59.474734,14.371725283368834,38.33043520491066,273.6680025556278,4.879888125251514,0.003385340073357807,3.231041869978813
2026-10-07T17:53:26+03:00,24.93,288.248,-22.95312578847559,19.77048,315.9976831705516,295.4571462151116,0.24809072529164644,6.337439999999999,6.39576,-2.904896021313274,,24.264762623790364,24.753292,59.474779,14.15228264324364,33.01045264664944,282.9872305239022,5.314394626451189,0.003623980452769998,3.2346658504315826
2026-10-07T17:53:28+03:00,24.9,288.243,-23.92715404019799,19.75104,316.9946297340793,289.9510218039044,-3.058964372423952,5.94864,6.7068,-3.477853816444097,,29.547433494896556,24.75322,59.474817,14.515519536007188,33.494663709759635,283.49996602431963,4.960792325570756,0.0031700015706613784,3.237835852002244
2026-10-07T17:53:30+03:00,24.78,288.239,-28.768647409053443,19.7316,306.99651620904643,283.78599592829676,1.5803894863093497,6.318,5.96808,-3.2945073220022336,,27.96606998033548,24.753131,59.474855,14.515482758242241,40.860472853430394,266.13604335561604,4.778334870619575,0.003549641800155881,3.2413854938023996
2026-10-07T17:53:32+03:00,24.78,288.244,-25.703323205103537,19.809359999999998,300.99764809402666,285.56789467115357,-0.7249634981790305,6.08472,5.7153599999999996,-2.9335439110698154,,25.1241993164866,24.75303,59.474888,14.56774013162039,36.14033829979948,264.85730979422715,4.913866951745656,0.0036663945357996446,3.245051888338199
2026-10-07T17:53:34+03:00,24.78,288.252,-34.63000565324177,21.36456,303.9999469405122,287.7737821824073,3.0550682594170624,5.94864,6.68736,-3.3804509912718568,,26.73994029875552,24.752939,59.474918,16.8131326824978,46.229004061647345,257.77094287886484,4.115136606540086,0.003312103730311951,3.2483639920685112
2026-10-07T17:53:36+03:00,24.52,288.252,-24.362601964497415,22.0644,311.9984377605385,283.0812578402858,-3.6103789544578566,6.0264,6.29856,-3.2887777440509254,,27.65094319301353,24.752851,59.474952,16.760023228677618,32.8925391563497,279.1058986041888,5.060311356966119,0.003375561189563097,3.251739553258074
2026-10-07T17:53:38+03:00,24.78,288.247,-21.566567924258994,22.95864,300.99764809402666,283.03542121667533,4.105586376789427,5.98752,6.29856,-2.9621918008263566,,23.1073878776261,24.752743,59.474987,17.52901872464975,28.779534920964608,272.2181131730621,5.247933736055572,0.003911182861499349,3.2556507361195735
2026-10-07T17:53:40+03:00,24.6,288.266,-26.895075418975654,22.76424,302.99727079903323,288.8222949474967,2.259401769318888,5.67648,5.90976,-0.38388172273765153,,21.147872218278685,24.752647,59.475012,17.887020492954584,35.14878468157039,267.8484861174628,4.641429676262305,0.0032936150563313486,3.258944351175905
2026-10-07T17:53:42+03:00,24.48,288.255,-24.225092093666017,20.27592,308.99613891405295,290.19166407785934,-1.8096871959207055,5.87088,7.15392,-2.543932610380855,,29.301061642990298,24.752568,59.475042,15.115222127500717,33.39557982129321,275.60055909275974,4.901540931995995,0.0030114093713778127,3.261955760547283
2026-10-07T17:53:44+03:00,24.75,288.258,-12.92636437368618,20.178720000000002,311.9984377605385,282.46819299949584,-8.22950740302304,6.18192,6.68736,-3.0080284244368216,,31.59289282351359,24.75249,59.47508,14.220858115746578,18.50682924494751,293.491608515591,5.862227126054536,0.003299648573688389,3.265255409120971
2026-10-07T17:53:46+03:00,24.48,288.257,-30.567734885764228,20.35368,308.99613891405295,274.32646273068684,-1.3944073860098845,6.006959999999999,5.832,-1.7360621192463943,,28.344222125121824,24.75241,59.475115,15.485823003369884,41.94506216018061,267.05107675387234,4.467893213650562,0.003223501611319483,3.2684789107322905
2026-10-07T17:53:48+03:00,24.56,288.252,-24.162066736201623,19.61496,294.99877997900694,275.12860364387,-2.5178057349228893,6.006959999999999,7.056719999999999,-3.2887777440509254,,26.48210929094665,24.752307,59.475136,14.346528363657834,34.03035545531819,260.9684245236888,4.978215204752933,0.0033884211323460195,3.2718673318646365
2026-10-07T17:53:50+03:00,24.56,288.252,-30.527627840105072,19.28448,288.9999118639872,275.3119501383119,0.6216019119374301,5.81256,6.24024,-2.6069579678452457,,23.97828372622495,24.752207,59.475154,14.579715332408512,42.21129766794843,246.7886141960388,4.305201201825999,0.0032389900222265463,3.275106321886863
2026-10-07T17:53:52+03:00,24.33,288.257,-24.121959690542464,19.22616,295.9957265425346,278.14809122420945,-1.64118030837273,6.5124,6.006959999999999,-2.2803720246206765,,21.377055336331015,24.752101,59.475183,13.546464284279654,35.4526370847359,260.5430894577987,5.304970247739392,0.0036757230503960793,3.278782044937259
2026-10-07T17:53:54+03:00,24.48,288.248,-22.68956520271541,19.2456,296.9984026840135,276.7959108277007,2.1978088063423247,6.08472,6.35688,-2.0569184845196555,,19.314407273860052,24.752002,59.475208,13.83237210464399,32.45890942834825,264.53949325566526,5.134144120970434,0.0033753586501281707,3.2821574035873873
2026-10-07T17:53:56+03:00,24.26,288.248,-25.85802180978886,18.817919999999997,297.9953492475411,280.26803506619353,0.9418853194155602,5.773680000000001,5.79312,-1.8334649444186342,,17.07987187284984,24.751907,59.475233,13.853105497808293,36.331185651469866,261.66416359607126,4.651310872893523,0.003266461033133505,3.2854238646205207
2026-10-07T17:53:58+03:00,24.18,288.258,-24.322494918838256,19.75104,299.99497195254776,283.0869874182372,2.57097621831103,5.90976,6.76512,-2.182969199448437,,19.881635491039564,24.751815,59.475262,14.570568850767511,33.93904640656106,266.0559255459867,4.902925982245279,0.003305642729490588,3.2887295073500113
2026-10-07T17:54:00+03:00,24.18,288.258,-25.83510349798363,18.97344,302.99727079903323,280.54878438580755,0.9095704997701819,6.72624,6.72624,-3.300236899953542,,26.241467016991702,24.751718,59.475295,13.247816071929762,38.6180053983104,264.37926540072283,5.2553752808871925,0.003564273396078566,3.29229378074609
2026-10-07T17:54:01+03:00,24.15,288.254,-29.94894046702294,17.573759999999996,303.9999469405122,278.4689475894827,-0.9191961907283799,6.337439999999999,6.08472,-3.2658594322456924,,27.341545983642884,24.751621,59.47533,12.489912920175186,44.62244564068379,259.3775012998284,4.510678767360871,0.0036325454846907806,3.2959263262307807
2026-10-07T17:54:03+03:00,24.11,288.254,-37.391662225772336,18.798479999999998,297.9953492475411,279.05336454051616,2.9837350139232752,6.43464,6.14304,-3.3174256338074666,,27.335816405691578,24.751516,59.47536,14.23302394641203,53.32612530024666,244.66922394729448,3.8431498511333526,0.003677952468528327,3.299604278699309
2026-10-07T17:54:05+03:00,23.96,288.252,-24.66626959591675,19.12896,297.9953492475411,280.073229415849,-3.9190313186948313,6.201359999999999,6.43464,-3.707036934496426,,30.0000701530499,24.751424,59.475388,13.739397868051302,35.52367477000982,262.47167447753134,5.047134975903352,0.0032743361673233575,3.3028786148666325
2026-10-07T17:54:07+03:00,24.03,288.258,-29.221284067206792,22.29768,299.99497195254776,271.27259768263957,-0.7760140377251871,6.84288,7.32888,-3.9476792084513725,,30.99701671657754,24.751328,59.475422,16.6638936855476,40.78563417998191,259.20933777256585,5.181147251153159,0.0035729768802958317,3.3064515917469284
2026-10-07T17:54:09+03:00,23.96,288.252,-22.867182119205964,22.97808,290.9995345689938,268.8547157871875,-0.5778279363894353,6.18192,6.27912,-3.0710537819012123,,26.774317766463373,24.751231,59.475444,17.448172604064933,30.780823749862606,260.21871081913116,5.311080494916112,0.003243167802992963,3.3096947595499215
2026-10-07T17:54:11+03:00,24.15,288.262,-19.750291713694285,23.15304,287.9972357225083,273.07741473730164,5.688038511161248,5.773680000000001,5.98752,-2.457988941111232,,20.259787635825912,24.751134,59.475459,17.826092896592964,26.033854009240258,261.96338171326806,5.187852818173867,0.003095541465057377,3.312790301014979
2026-10-07T17:54:13+03:00,24.03,288.258,-26.97528951029397,21.092399999999998,297.9953492475411,280.7894266597625,0.44266719251807407,6.10416,6.0652800000000004,-2.841870663848883,,23.411055509045436,24.751036,59.475485,15.895378675269304,37.007065620997,260.9882836265441,4.8745458787117695,0.003375432817656641,3.3161657338326354
2026-10-07T17:54:15+03:00,24.0,288.252,-28.436331887877564,22.20048,299.99497195254776,280.9326661085453,-0.04090918657234078,6.454079999999999,6.6679200000000005,-3.1455382952682194,,26.57378253816758,24.750931,59.475521,16.80846159615738,38.97175523209947,261.0232167204483,5.017763862252131,0.0038675523941743206,3.32003328622681
2026-10-07T17:54:17+03:00,24.0,288.247,-30.573464463715535,23.25024,302.99727079903323,279.0017983389544,-1.8256154226253423,6.47352,6.2208000000000006,-3.374721413320549,,27.983258714189407,24.750843,59.475555,17.98074188404341,41.12525282458526,261.872017974448,4.876331613497725,0.003375523023787284,3.323408809250597
2026-10-07T17:54:19+03:00,24.03,288.25,-23.451599070239403,22.744799999999998,296.9984026840135,278.57207999260623,-1.6419251535064,6.39576,5.65704,-3.0137580023881303,,25.393489480198085,24.750744,59.475587,17.06820994880334,32.02799426146609,264.9704084225474,5.422255490211727,0.0035825137877541218,3.326991323038351
2026-10-07T17:54:21+03:00,23.96,288.258,-21.835858087970482,20.956319999999998,298.9980253890201,278.474677167434,2.108083615624838,6.2208000000000006,6.08472,-2.647065013504403,,22.328165276248182,24.750649,59.475614,15.357151313622454,30.501453359185774,268.4965720298343,5.359942591920445,0.0033234506098033184,3.3303147736481544
2026-10-07T17:54:23+03:00,23.88,288.258,-23.377114556872396,18.48744,298.9980253890201,282.19317325783305,3.0543234142833926,5.98752,5.9292,-2.6986312150661775,,22.74069488874237,24.750549,59.475641,13.206855129235322,33.740267464041665,265.2577579249784,4.9790059144158,0.003457460028687816,3.333772233676842
2026-10-07T17:54:25+03:00,23.73,288.262,-22.03066373831496,18.83736,305.99956964551876,284.34749456752496,-1.8448095087622245,6.18192,6.57072,-2.641335435553095,,22.144818781806322,24.75046,59.475673,13.310368853606784,32.06359617275453,273.9359734727642,5.238926110839636,0.003328988480032238,3.3371012221568743
2026-10-07T17:54:27+03:00,23.88,288.257,-33.20907032131733,20.52864,304.9968935040398,283.20157897726335,4.251518727209248,6.68736,7.5816,-2.9335439110698154,,24.276221779692982,24.75037,59.475709,15.376072665773757,46.989618881928436,258.00727462211137,4.561654620984647,0.0034973846491518253,3.3405986068060263
2026-10-07T17:54:29+03:00,23.92,288.263,-26.40233171516314,22.31712,298.9980253890201,285.79707778920596,-1.3204958304380083,6.14304,6.7068,-2.515284720624314,,22.259410340832485,24.750277,59.47574,17.035275453827467,35.62964324800973,263.36838214101033,4.993059705025251,0.003396030959044267,3.3439946377650704
2026-10-07T17:54:31+03:00,23.92,288.263,-26.167419019159503,21.50064,305.99956964551876,284.49073401630767,-0.17882012786032994,6.53184,6.648479999999999,-2.7100903709687945,,23.46262171060721,24.750181,59.475776,15.901330362870272,36.60412055385521,269.3954490916635,5.243595205852917,0.0036430475621337588,3.347637685327204
2026-10-07T17:54:33+03:00,23.96,288.268,-33.11739707409639,21.1896,306.99651620904643,281.8895056264137,0.824715450311307,6.43464,6.6095999999999995,-3.2200228086352265,,26.808695234171218,24.750096,59.475811,16.18664109724444,45.661545656837575,261.33497055220886,4.497140739229143,0.0033406025898068546,3.350978287917011
2026-10-07T17:54:35+03:00,23.92,288.258,-29.616624945847065,20.43144,307.99919235052533,280.76077877000597,2.9481543348456514,6.045839999999999,7.270560000000001,-3.3231552117587753,,26.235737439040395,24.75001,59.475844,15.466810872702412,40.75482287024656,267.2443694802788,4.579784474060148,0.0032905358385184676,3.35426882375553
2026-10-07T17:54:37+03:00,23.88,288.252,-26.08147534988988,19.47888,304.9968935040398,283.51670576458525,-0.04142484858795852,6.39576,7.23168,-2.9163551772158907,,24.877827464580342,24.749907,59.475874,14.019290495279792,37.651931577396084,267.3449619266437,5.063755335320345,0.003624818166093157,3.3578936419216228
2026-10-07T17:54:39+03:00,23.96,288.263,-24.9813963832387,20.54808,301.99459465755433,281.54000137138394,-0.24757506327602874,6.39576,6.318,-2.6757129032609446,,23.474080866509826,24.749803,59.475907,14.995942046862167,35.358198945921686,266.63639571163264,5.216063363911357,0.0037436691365526236,3.361637311058175
2026-10-07T17:54:41+03:00,23.88,288.255,-22.68956520271541,20.664720000000003,301.99459465755433,284.3818720352328,1.1987422989727083,6.27912,6.1236,-2.1715100435458203,,18.96490301883025,24.749705,59.475939,15.067501034012754,31.939975725151243,270.05461893240306,5.328478721572749,0.00355676959967189,3.3651940806578473
2026-10-07T17:54:43+03:00,23.81,288.255,-21.056635486592562,20.15928,307.99919235052533,287.8539962737256,-1.7471202046924192,5.7153599999999996,6.1236,-1.9881635491039567,,16.72463803986873,24.749619,59.47597,14.96709587700077,28.942449620767803,279.0567427297575,5.001547141404032,0.0032194903736523285,3.3684135710314997
2026-10-07T17:54:45+03:00,23.81,288.266,-23.067717347501755,20.08152,308.99613891405295,288.79364705774015,0.04136755280844544,6.0264,6.318,-2.343397382085067,,18.70134243307007,24.749533,59.476006,14.72749867087328,32.29375625379521,276.70238266025774,5.094236801615966,0.0034022696370758936,3.3718158406685754
2026-10-07T17:54:47+03:00,23.85,288.255,-20.661294607952296,20.2176,313.99806046554505,288.2779850421224,-2.0318229330929256,6.18192,7.93152,-2.65852416940702,,20.895770788421125,24.749446,59.476044,14.597176130679244,29.25515122128587,284.7429092442592,5.393428923303719,0.00350305209556911,3.3753188927641444
2026-10-07T17:54:49+03:00,23.88,288.263,-29.26712069081726,20.489759999999997,307.99919235052533,287.76805260445593,0.15893849236929036,6.14304,6.4152,-3.2028340747813018,,25.1241993164866,24.749349,59.476084,15.426044406676715,40.49345030703742,267.5057420434879,4.671660296688089,0.0038144263179369143,3.379133319082081
2026-10-07T17:54:51+03:00,23.88,288.259,-21.881694711580952,20.450879999999998,309.9988150555319,287.5675173761602,-2.909422387894807,6.35688,7.776,-4.417504600458647,,30.057365932562988,24.749256,59.476127,14.743574380613698,31.128679101153068,278.87013595437884,5.4415428640660615,0.0038394183171189204,3.3829727373992
2026-10-07T17:54:53+03:00,23.85,288.258,-22.552055331884013,21.967200000000002,313.99806046554505,286.4960862992656,-2.232358161388713,5.5404,6.5124,-4.469070802020421,,30.618864571791192,24.749166,59.47617,16.983912406816117,29.73920304588728,284.2588574196578,4.810686699373732,0.0037721942412316106,3.3867449316404317
2026-10-07T17:54:55+03:00,24.03,288.259,-32.017318107445206,22.70592,306.99651620904643,286.23825529145665,1.7388123166630225,5.832,6.59016,-3.575256641616337,,28.69372638015163,24.749073,59.476204,18.028167688968807,41.89285587765659,265.10366033138985,4.341310540410626,0.0034981893007952456,3.3902431209412267
2026-10-07T17:54:57+03:00,23.73,288.261,-26.76329512609556,22.919759999999997,304.9968935040398,288.28371462007374,0.6391917162479462,6.201359999999999,6.2208000000000006,-2.8476002418001913,,22.488593458884814,24.748973,59.476234,17.605601064134927,35.88979354278811,269.1070999612517,5.024007505739291,0.0035456333423783595,3.393788754283605
2026-10-07T17:54:59+03:00,23.7,288.261,-24.895452713969078,21.92832,304.9968935040398,289.97394011570964,1.7349734994356456,6.1236,6.9984,-3.036676314193363,,25.307545810928463,24.748881,59.476266,16.57541881435206,33.84242578783878,271.154467716201,5.086092667692714,0.003404111227279563,3.3971928655108847
2026-10-07T17:55:02+03:00,23.58,288.268,-23.692241344194354,24.47496,307.99919235052533,289.7848640433165,-2.567366584201706,6.4152,5.79312,-3.162727029122144,,26.533675492508426,24.748788,59.4763,18.778225998842473,31.58243083168304,276.4167615188423,5.46502913296092,0.003498182752612006,3.400691048263497
2026-10-07T17:55:04+03:00,23.55,288.255,-29.444737607307815,24.669359999999998,313.99806046554505,286.97737084717545,-0.7981302086172368,5.96808,6.006959999999999,-3.6210932652268033,,29.07187852493797,24.748696,59.476342,19.69194935239188,38.01286788801434,275.9851925775307,4.702085895918152,0.0037764419618089343,3.404467490225306
2026-10-07T17:55:06+03:00,23.55,288.259,-21.079553798397793,24.90264,304.9968935040398,288.25506673031714,4.641645689913825,6.59016,6.92064,-4.159673592649776,,30.389681453738863,24.7486,59.476383,18.902674088450425,28.2829423172669,276.7139511867729,5.803416527820232,0.003829160366011362,3.4082966505913173
2026-10-07T17:55:08+03:00,23.58,288.254,-27.021126133904435,24.805439999999997,314.99500702907267,289.2405541379422,7.6160987875559805,6.76512,7.1928,-3.237211542489151,,32.005422436007784,24.748518,59.476422,19.028665900149853,36.31629757882396,278.6787094502487,5.451062100944251,0.0034295614721054275,3.4117262120634226
2026-10-07T17:55:10+03:00,23.81,288.265,-22.311413057929066,24.163919999999997,312.9953843240661,291.22298810909484,-4.57352100807277,6.14304,7.44552,-1.6558480279280792,,27.57645867964652,24.748445,59.476456,18.62735325453084,29.50372443347254,283.49165989059355,5.346433208573838,0.0030237478277138096,3.4147499598911364
2026-10-07T17:55:12+03:00,23.73,288.258,-27.508140259765632,24.84432,308.99613891405295,289.830700666927,0.194175396769836,6.045839999999999,6.14304,-0.716197243913529,,20.523348221586087,24.748355,59.476498,19.68109720940908,35.66498286216478,273.3311560518882,4.911882339013026,0.003731246826165052,3.4184812067173014
2026-10-07T17:55:14+03:00,23.73,288.252,-28.464979777634106,22.43376,308.99613891405295,291.6240585656864,0.06491611818832227,6.1236,5.79312,-1.770439586954244,,26.35605857601787,24.748271,59.476534,17.29844855562366,38.178537539289664,270.8176013747633,4.813691465177683,0.003355346947428177,3.4218365536647295
2026-10-07T17:55:16+03:00,23.62,288.262,-17.441271799317068,22.53096,311.9984377605385,290.2489598573724,-1.3238762814292802,6.18192,6.43464,-0.6589014644004466,,21.697911701604276,24.748188,59.476573,16.736141078300655,23.797644272177507,288.200793488361,5.656310034572242,0.0034518995801475615,3.425288453244877
2026-10-07T17:55:18+03:00,23.73,288.263,-27.794619157331045,24.57216,309.9988150555319,288.70197381051923,-1.4755955055799221,6.43464,6.88176,-0.9281916281119336,,20.84420458685935,24.748114,59.476608,19.116858519740354,36.82484406827527,273.17397098725667,5.15074627112178,0.0030869561345842856,3.428375409379461
2026-10-07T17:55:20+03:00,23.7,288.27,-39.58036100317207,22.453200000000002,309.9988150555319,288.3352808216355,-0.6902422557941028,5.832,6.92064,-1.2318592595312698,,24.597078144966243,24.748024,59.476642,18.338710814552783,51.27097653218024,258.7278385233517,3.6487202741101856,0.003424247462842567,3.4317996568423035
2026-10-07T17:55:22+03:00,23.77,288.269,-13.012308042955805,21.94776,307.99919235052533,285.2986045074421,-3.159804944366977,6.492959999999999,6.62904,-1.1974817918234204,,28.212441832241737,24.747924,59.47668,15.689788318666421,18.35882151176878,289.64037083875655,6.1624853708630205,0.003812703760140141,3.435612360602444
2026-10-07T17:55:26+03:00,23.58,288.27,-31.5933293390484,20.52864,296.9984026840135,285.96323554979386,-1.3632384819547678,5.87088,7.17336,-2.1027551081301215,,21.84115115038698,24.747709,59.476747,15.82957090758981,42.79712894679912,254.2012737372144,4.3078398635365085,0.003403581041380467,3.439015941643824
2026-10-07T17:55:28+03:00,23.73,288.279,-27.307605031469844,20.412,303.9999469405122,282.88072261199,-3.364236285669655,6.53184,6.9984,-0.8823550045014679,,16.60431690289126,24.74761,59.476784,14.91227488041548,38.900022028234815,265.0999249122774,5.083358150285966,0.0037523622601902413,3.4427683039040144
2026-10-07T17:55:30+03:00,23.81,288.263,-21.698348217139085,20.54808,299.99497195254776,284.1011227156187,3.8668348635584127,6.6679200000000005,7.36776,-0.5729577951308232,,17.584074732564968,24.747512,59.476815,14.562809898574628,31.444589956701265,268.55038199584646,5.688703058404748,0.003524561028800008,3.4462928649328144
2026-10-07T17:55:32+03:00,23.96,288.273,-20.87901857010201,24.144479999999998,300.99764809402666,287.5732469541115,1.0483408777508674,6.55128,6.2208000000000006,-0.5958761069360561,,21.388514492233632,24.747415,59.476845,18.17399486515778,28.26032156026116,272.7373265337655,5.770403178536322,0.0034670440089865574,3.4497599089418007
2026-10-07T17:55:34+03:00,24.0,288.265,-28.29309243909486,23.328,305.99956964551876,287.750863870602,-0.037643327140095086,6.55128,7.251119999999999,-1.2318592595312698,,23.89234005695533,24.747322,59.476878,17.831818246690144,38.321565266124225,267.67800437939457,5.139761123704592,0.0034633711442029268,3.4532232800860037
2026-10-07T17:55:36+03:00,23.96,288.269,-18.65594232499441,23.77512,309.9988150555319,287.07477367234765,-1.4609850818040864,6.25968,7.503839999999999,-1.970974815250032,,24.734588015797634,24.747232,59.476911,17.95634048718367,25.058513382702785,284.94030167282915,5.670492096250858,0.0033886993707197793,3.4566119794567234
2026-10-07T17:55:38+03:00,23.88,288.265,-27.98369522972422,22.04496,310.9957616190596,283.56827196614705,2.0709559505003603,6.24024,7.2122399999999995,-0.5958761069360561,,16.27773095966669,24.747149,59.476948,16.791582791945945,38.026035967064246,272.9697256519953,4.9156299179969585,0.003371394559632615,3.459983374016356
2026-10-07T17:55:40+03:00,23.7,288.263,-20.74150869927061,21.85056,301.99459465755433,286.50754545516816,1.8021814488044916,5.6181600000000005,7.13448,-0.4640958140559668,,18.919066395219783,24.747058,59.476977,16.71536768205109,27.57782263900546,274.41677201854884,4.979840615788767,0.0032796229620639253,3.4632629969784197
2026-10-07T17:55:42+03:00,23.66,288.266,-24.500111835328813,22.842,306.99651620904643,285.1553650586594,-3.09219592454154,5.94864,7.251119999999999,-3.2486706983917677,,27.244143158470642,24.746968,59.477008,17.60268579722068,32.55616123029972,274.4403549787467,5.013896768599816,0.0033197565599944997,3.466582753538414
2026-10-07T17:55:44+03:00,23.85,288.265,-34.02839996835439,21.753359999999997,301.99459465755433,281.9296126720729,-2.5413543003027663,6.35688,6.57072,-3.953408786402681,,30.137580023881306,24.746866,59.477045,16.864484809159293,46.20563424059233,255.788960416962,4.399419897969375,0.0038264922315869873,3.4704092457700013
2026-10-07T17:55:46+03:00,23.88,288.27,-29.049396728667546,22.861439999999998,302.99727079903323,277.3803277787341,1.130388434013601,6.84288,7.3094399999999995,-6.80673860615418,,34.04515218667351,24.746765,59.477085,17.203303366844462,40.18550720596119,262.81176359307204,5.227681614746477,0.00390991372737712,3.4743191594973784
2026-10-07T17:55:48+03:00,23.92,288.262,-28.264444549338315,24.37776,301.99459465755433,277.04801225755824,4.277531011108187,6.95952,6.88176,-2.807493196141034,,30.865236423697446,24.746661,59.477122,18.543223681822948,38.50181012232977,263.4927845352246,5.446440245206152,0.003876332959925566,3.4781954924573038
2026-10-07T17:55:50+03:00,24.03,288.269,-26.31065846794221,26.08848,301.99459465755433,274.24624863936856,-2.8312136488594497,5.90976,6.454079999999999,-2.0511889065683473,,27.037878352223547,24.746568,59.477148,20.955307509153972,33.49145967258707,268.50313498496723,4.928551216902055,0.003240781687450056,3.481436274144754
2026-10-07T17:55:52+03:00,24.15,288.263,-31.581870183145785,25.01928,290.9995345689938,273.36389363486705,1.6833500020943588,6.08472,6.84288,-0.8708958485988514,,20.953066567934208,24.746458,59.477169,20.090094244798337,40.70860814408795,250.29092642490585,4.612438976564415,0.003587439662406948,3.485023713807161
2026-10-07T17:55:54+03:00,24.15,288.265,-18.369463427429,23.736240000000002,294.99877997900694,277.8215052809849,-0.6858304807715954,5.98752,5.96808,1.5699043586584558,,14.725015334862157,24.74635,59.477191,18.15215932982203,24.336169171503997,270.6626108075029,5.455488838910963,0.003552286867931769,3.4885760006750925
2026-10-07T17:55:56+03:00,24.03,288.266,-28.992100949154466,20.74248,296.9984026840135,280.6175393212233,-0.9933942251978213,5.2488,6.76512,-1.111538122553797,,20.689505982174023,24.746246,59.47722,16.350555269753222,37.943304594355624,259.0550980896579,4.139306440911721,0.0036219145914980094,3.4921979152665905
2026-10-07T17:55:58+03:00,24.03,288.268,-20.495136847364357,21.36456,301.99459465755433,280.9670435762531,-0.613866981703164,6.37632,6.0652800000000004,-0.985487407625016,,22.20784413927071,24.746151,59.477254,15.552915811248832,28.748110036961947,273.24648462059235,5.590391510176998,0.0035478491191996593,3.49574576438579
2026-10-07T17:56:00+03:00,24.15,288.269,-35.6212226388181,21.5784,301.99459465755433,283.95215368888466,0.583271035443178,6.2208000000000006,6.59016,-1.873571990077792,,20.87285247661589,24.746049,59.47729,16.91421253950031,47.990234560527426,254.0043600970269,4.16331554778876,0.0037918540882697855,3.49953761847406
2026-10-07T17:56:02+03:00,24.33,288.266,-15.33278711323564,23.405759999999997,296.9984026840135,284.3589537234276,-2.553672892898079,6.0264,6.901199999999999,-1.0771606548459478,,23.63450904914646,24.745953,59.477318,17.665880214645732,20.50812236073193,276.4902803232816,5.64446203744928,0.00337952442675594,3.502917142900816
2026-10-07T17:56:03+03:00,24.26,288.261,-14.57648282366295,21.65616,306.99651620904643,281.8723168925598,-2.6640818600197886,5.94864,5.57928,0.888084582452776,,20.534807377488704,24.745861,59.477352,15.969322507598463,19.955800429052744,287.04071577999366,5.591460960830872,0.0034733808168318056,3.506390523717648
2026-10-07T17:56:05+03:00,24.41,288.262,-20.621187562293137,20.956319999999998,300.99764809402666,282.62862118213246,-0.3896685964684729,5.404319999999999,7.01784,1.3006141949469687,,14.661989977397768,24.74576,59.477384,16.01178629231268,27.448130971257598,273.5495171227691,4.795947504090895,0.003634033952688124,3.510024557670336
2026-10-07T17:56:07+03:00,24.63,288.261,-24.545948458939275,20.39256,302.99727079903323,287.21228354317907,2.294925152616999,5.26824,6.454079999999999,0.040107045659157625,,16.592857746988642,24.745673,59.477408,15.753184394930965,32.53172666502894,270.4655441340043,4.441620454856509,0.0030223784669787725,3.513046936137315
2026-10-07T17:56:09+03:00,24.37,288.252,-19.205981808320004,19.303919999999998,307.99919235052533,289.8536189787322,1.7081590746235233,6.29856,6.201359999999999,-1.707414229489853,,15.991252062101276,24.745583,59.477441,13.515692673632886,28.024418351742924,279.97477399878244,5.560037671539785,0.0033886644205004994,3.5164356005578155
2026-10-07T17:56:11+03:00,24.41,288.262,-23.096365237258293,18.48744,306.99651620904643,290.798999340698,-1.9565935745922483,6.648479999999999,5.81256,-1.32926208470351,,13.298350424986406,24.745495,59.477476,12.643768292192826,35.00034601088754,271.9961701981589,5.4460929540118395,0.003412129507507363,3.519847730065323
2026-10-07T17:56:13+03:00,24.33,288.268,-22.964584944378203,16.09632,306.99651620904643,291.75010928061516,-2.3115982244553064,6.0652800000000004,6.14304,-1.3178029288008932,,13.464508185574346,24.745405,59.477511,10.774815729484041,35.65172069351246,271.344795515534,4.928494589890729,0.003460401020411744,3.5233081310857344
2026-10-07T17:56:15+03:00,24.48,288.27,-22.901559586913812,16.77672,308.99613891405295,294.4086334500222,0.0350077212824933,6.006959999999999,6.37632,-1.3006141949469687,,14.375511079832355,24.745314,59.477545,11.483696081458572,34.646680852735926,274.349458061317,4.941766527971248,0.003448730741443196,3.5267568618271774
2026-10-07T17:56:17+03:00,24.41,288.274,-29.049396728667546,16.912799999999997,315.9976831705516,294.8039743286625,-0.029908396905828975,6.08472,6.37632,-1.707414229489853,,17.72731418134767,24.745233,59.477585,11.96407517188074,43.346446636913896,272.65123653363776,4.424909160218131,0.0034489100970554656,3.530205771924233
2026-10-07T17:56:19+03:00,24.48,288.276,-25.583002068126063,19.2456,313.99806046554505,293.1423967227831,-2.8739563003762094,6.53184,6.24024,-1.9767043932013404,,20.00195662801704,24.745143,59.477631,13.648757452316106,37.50932881956939,276.4887316459757,5.181409592645526,0.003897877811299144,3.534103649735532
2026-10-07T17:56:21+03:00,24.56,288.27,-27.89775156045459,21.34512,308.99613891405295,289.125962578916,-1.412971218572123,6.59016,6.72624,-2.492366408819081,,22.746424466693686,24.745058,59.477669,15.82417563906753,39.13431503002681,269.86182388402614,5.111779849477044,0.0034568944009367723,3.537560544136469
2026-10-07T17:56:24+03:00,24.6,288.27,-25.714782361006158,21.209039999999998,309.9988150555319,275.1801698454318,-10.315188368858264,6.43464,6.492959999999999,-3.030946736242055,,23.85223301129617,24.744974,59.47771,15.662502405787967,35.98297884831388,274.01583620721806,5.2068564765363385,0.003556526006768075,3.541117070143237
2026-10-07T17:56:26+03:00,24.6,288.28,-15.791153349340298,21.36456,299.99497195254776,240.9459415863651,-20.227358224621504,5.65704,5.26824,-2.521014298575622,,13.951522311435545,24.744885,59.477737,15.99527132190541,21.31411635742535,278.6808555951224,5.270108095626446,0.0031647187154271454,3.544281788858664
2026-10-07T17:56:28+03:00,24.48,288.269,13.171003757830121,16.73784,271.99452450450445,205.58298647089066,-7.464150380287287,5.6181600000000005,5.01552,-0.21772396214971285,,-3.019487580339438,24.744783,59.477743,11.339957399361966,19.652818344526338,291.6473428490308,5.290889905256933,0.0031345793074284744,3.5474163681660924
2026-10-07T17:56:30+03:00,24.48,288.27,18.997984534310593,16.29072,220.99555115990984,202.48328479923293,2.5932642765416194,4.45176,4.276800000000001,0.5672282171795151,,-10.439291027283598,24.744716,59.477717,12.16805479595723,25.838091005232116,246.83364216514195,4.006714102560531,0.0025740361460710875,3.5499904043121635
2026-10-07T17:56:32+03:00,24.6,288.274,26.320385156082516,19.75104,214.99668304489012,205.99551608338487,-1.6148815455762255,4.45176,4.704479999999999,0.8078704911344607,,-12.685285584196427,24.744664,59.477682,15.883921192606403,33.45888279938259,248.4555658442727,3.7140218747115523,0.0026354735866037306,3.5526258778987674
2026-10-07T17:56:34+03:00,24.37,288.274,24.97393433752508,19.09008,224.99479656992298,199.49817468660132,-4.043363160238219,3.9463199999999996,4.89888,0.8193296470370772,,-16.11730277703006,24.74461,59.477658,15.601962190089388,31.10433661855825,256.09913318848123,3.3789496282075353,0.0021905463371535054,3.554816424235921
2026-10-07T17:56:36+03:00,24.48,288.265,28.847129032609445,17.37936,203.9958933783783,200.30031559978448,4.244356754770113,4.43232,4.957199999999999,0.6990085100596044,,-24.413731650524376,24.744577,59.477619,13.665407137576086,37.850270094049364,241.84616347242766,3.4998350297395935,0.00255149501544071,3.5573679192513614
2026-10-07T17:56:38+03:00,24.63,288.27,20.590807204774283,19.303919999999998,198.9997014048375,211.518829228446,3.97254557676005,5.151599999999999,4.68504,0.492743703812508,,-30.80794064418436,24.74454,59.477572,14.594320553535496,27.722039333053488,226.721740737891,4.560272329868953,0.0030424933187526413,3.560410412570114
2026-10-07T17:56:40+03:00,24.63,288.279,24.761939953326674,22.14216,226.99441927492956,213.40958995237773,-1.4954198452914487,4.87944,5.1127199999999995,0.544309905374282,,-30.693349085158196,24.74448,59.477538,17.828881838627677,31.3443012048387,258.33872047976826,4.167319310353622,0.002744347713988799,3.563154760284103
2026-10-07T17:56:42+03:00,24.52,288.274,24.985393493427694,22.70592,232.9990169679006,211.8053081260114,-0.4033622877720996,5.0544,5.5598399999999994,0.664631042351755,,-29.37554615635731,24.74441,59.477508,18.24983759881562,31.703386447958906,264.7024034158595,4.3001826852815865,0.0027960737714736597,3.565950834055577
2026-10-07T17:56:44+03:00,25.35,288.273,22.888367963248886,23.736240000000002,212.99706033988352,217.11089730892283,-1.0237609883397547,5.5404,5.754239999999999,0.6990085100596044,,-22.219303295173326,24.744354,59.477467,18.756261921793175,29.485522989093397,242.48258332897692,4.822807888188074,0.002999306656633937,3.568950140712211
2026-10-07T17:56:46+03:00,24.48,288.269,25.569810444461133,23.34744,233.99596353142817,215.86757889348897,0.23216249858700957,5.307119999999999,5.5404,0.492743703812508,,-15.572992871655774,24.744282,59.477443,18.700913396382624,32.6054357401907,266.6013992716189,4.470724676810208,0.002629091124590924,3.5715792318368016
2026-10-07T17:56:48+03:00,24.71,288.262,24.675996284057053,19.61496,223.99785000639537,212.206378582603,1.9204972334990065,6.08472,5.87088,0.6990085100596044,,-19.125331201466878,24.744202,59.477411,14.31310606262408,34.8989990523572,258.89684905875254,4.990455339960052,0.003108687756724386,3.574687919593526
2026-10-07T17:56:50+03:00,24.48,288.266,19.46780992631787,21.98664,227.99709541640848,216.33740428549623,-0.4067427387633714,4.723920000000001,5.69592,0.6818197762056798,,-22.5516188163492,24.744139,59.477385,17.603336161498802,24.598980830001295,252.59607624640978,4.2951936190143565,0.0024781333289349674,3.577166052922461
2026-10-07T17:56:52+03:00,24.63,288.272,27.85591204703312,21.53952,226.99441927492956,215.86757889348897,-2.4149598106969066,5.9292,6.37632,0.7677634454753031,,-21.468728583551947,24.744056,59.477352,16.531160415386957,37.50349521659632,264.4979144915259,4.703730427973803,0.0032178427385090094,3.58038389566097
2026-10-07T17:56:54+03:00,24.48,288.272,27.139714803119592,20.23704,230.99939426289401,218.45161854952894,-0.3644011577032036,6.14304,6.57072,0.5729577951308232,,-16.260542225812763,24.74397,59.477319,15.033835712409934,37.882145771007856,268.88154003390184,4.848550765122681,0.003290442327781861,3.583674337988752
2026-10-07T17:56:56+03:00,24.6,288.262,26.72145561267409,19.6344,236.99826237791373,214.98522388898752,0.2817233478658258,6.045839999999999,6.08472,0.5786873730821314,,-14.570316730176838,24.743878,59.477287,14.49151234671748,37.53391150884377,274.5321738867575,4.794308165869577,0.003404038995375907,3.587078376984128
2026-10-07T17:56:58+03:00,24.56,288.266,15.12478983922623,19.323359999999997,225.9974727114019,216.5035620460842,-4.8523222711834295,5.94864,6.55128,0.4297183463481174,,-14.140598383828717,24.743802,59.47725,13.669189872721553,21.644770387849633,247.64224309925154,5.5291927857825,0.0032138660711945708,3.5902922430553224
2026-10-07T17:57:00+03:00,24.33,288.268,17.617156248045312,18.09864,231.99634082642166,216.76139305389304,4.117045532692043,5.5598399999999994,6.29856,0.4297183463481174,,-16.26627180376407,24.743722,59.477225,12.909692642492598,25.106690265048087,257.10303109146975,5.034542204068861,0.0028674804954352618,3.5931597235507575
2026-10-07T17:57:02+03:00,24.48,288.265,20.28140999540364,17.515439999999998,227.99709541640848,219.2423003068095,-0.7606587688156808,5.90976,6.337439999999999,0.2864788975654116,,-16.134491510883983,24.743644,59.477192,12.146069392498717,29.991097556839577,257.98819297324803,5.118461348714007,0.0030990913123361504,3.5962588148630936
2026-10-07T17:57:04+03:00,24.48,288.259,20.321517041062794,17.72928,236.99826237791373,215.43213096918953,4.337576988037897,5.6181600000000005,5.81256,0.21772396214971285,,-20.32854257124161,24.743563,59.477159,12.612630855050275,29.220660357756515,266.2189227356703,4.903227243724034,0.0031700016975326904,3.5994288165606263
2026-10-07T17:57:06+03:00,24.56,288.254,13.480400967200765,18.273600000000002,231.99634082642166,220.42832294273032,1.699335524578509,5.2488,6.6679200000000005,0.10886198107485642,,-23.313652683873194,24.74349,59.47713,13.226124020254982,18.78848129904887,250.78482212547053,4.969112595630271,0.0028292698970410076,3.602258086457667
2026-10-07T17:57:08+03:00,24.6,288.259,20.814260744875302,20.08152,236.99826237791373,216.02227749817428,-1.0939483182432808,5.7348,6.29856,0.25210142985756223,,-24.50540489774531,24.74341,59.477101,14.861364184975514,28.69553238686214,265.6937947647759,5.030472545147895,0.0030004802931521053,3.6052585667508192
2026-10-07T17:57:10+03:00,24.63,288.258,14.878417987319976,21.753359999999997,227.99709541640848,217.6322889024919,-2.082816176859569,5.773680000000001,6.1236,-0.16615776058793874,,-28.596323554979385,24.743336,59.477068,16.241058572109985,20.11572648886127,248.11282190526975,5.421484881130324,0.0030062916374104234,3.6082648583882295
2026-10-07T17:57:12+03:00,24.63,288.266,16.12173640275386,21.03408,215.99935918636905,218.17086922991487,-1.7244883717847517,5.890319999999999,5.7348,-0.11459155902616464,,-33.32322536480868,24.743271,59.477027,15.462156380854912,22.19396322118837,238.19332240755742,5.4539084861028435,0.0031639849607230496,3.6114288433489525
2026-10-07T17:57:14+03:00,24.48,288.273,26.33757388993644,19.945439999999998,230.99939426289401,218.18232838581747,-4.819205310624867,6.24024,6.454079999999999,0.3036676314193363,,-25.3992190581494,24.743185,59.476992,14.61753668135991,37.25525381681854,268.2546480797125,4.966897161621775,0.0033642983303028067,3.614793141679255
2026-10-07T17:57:16+03:00,24.6,288.274,29.987315044919782,19.67328,227.99709541640848,215.66131408724186,3.0067679172875343,5.79312,6.1236,0.17188733853924698,,-15.613099917314935,24.743098,59.47696,14.938932216366318,41.16305730993528,269.16015272634377,4.361289313437541,0.0032792595252233076,3.6180724012044783
2026-10-07T17:57:18+03:00,24.48,288.274,20.6022663606769,18.44856,228.9997715578874,211.89125179528102,3.6096914051036997,5.7348,5.5404,0.1546986046853223,,-21.520294785113723,24.743023,59.476919,13.23526680398613,29.372240654069657,258.3720122119571,4.997600336287163,0.003363859751865651,3.6214362609563437
2026-10-07T17:57:20+03:00,24.37,288.27,22.338328479923295,18.8568,221.99822730138877,213.85649703257977,-1.365530313135291,6.29856,6.14304,0.2119943841984046,,-25.886233184010592,24.742941,59.476878,13.24898202804338,32.748134708815144,254.7463620102039,5.297445610910593,0.0035128019993192544,3.624949062955663
2026-10-07T17:57:22+03:00,24.37,288.274,24.108768066877534,20.29536,227.99709541640848,212.7736067997825,-0.02194428355351053,5.754239999999999,5.6376,0.06875493541569878,,-26.5164867586545,24.742855,59.476843,15.225569949038993,32.98927210804379,260.98636752445225,4.826498442122269,0.0033643073669808814,3.6283133703226436
2026-10-07T17:57:24+03:00,24.22,288.27,34.427737957183666,20.85912,221.99822730138877,214.37788862614883,0.6060174599098717,5.98752,6.72624,-0.07448451336700701,,-29.994340575098594,24.742779,59.476802,16.27628702987228,46.43174066039464,268.4299679617834,4.126708127555847,0.0033847176812110036,3.6316980880038545
2026-10-07T17:57:26+03:00,24.33,288.27,21.845584776110783,20.39256,215.99935918636905,218.90998478563364,4.0934396715326535,6.454079999999999,6.6679200000000005,-0.4068000345428845,,-36.62346226476222,24.742708,59.476756,14.600814462331517,31.31286207070559,247.31222125707464,5.513992803592509,0.0035132559842095713,3.6352113439880642
2026-10-07T17:57:28+03:00,26.13,288.274,19.63396768690581,22.239359999999998,224.99479656992298,223.0696583782834,-4.024570144557928,6.35688,6.37632,-0.2119943841984046,,-32.257523865865345,24.742625,59.47672,16.391841408460913,27.121313470730826,252.1161100406538,5.657898356048152,0.003332060867928272,3.6385434048559926
2026-10-07T17:57:30+03:00,25.16,288.266,23.335275043450924,22.43376,236.99826237791373,220.30227222780155,-4.585266642872952,6.045839999999999,6.0264,0.13178029288008933,,-23.8063963876857,24.742538,59.476695,17.0514636640348,31.40897485726714,268.4072372351809,5.159938079604786,0.0030515722300696636,3.6415949770860623
2026-10-07T17:57:32+03:00,24.11,288.27,21.788288996597704,21.83112,234.99863967290713,216.32021555164232,-2.4365030237938257,5.96808,6.7068,0.40107045659157625,,-18.099736748182707,24.742448,59.476664,16.439325055370357,29.53252756553391,264.53116723844107,5.192683176372231,0.0033197776285347814,3.644914754714597
2026-10-07T17:57:34+03:00,23.88,288.266,16.35091952080619,21.05352,225.9974727114019,215.21440700703982,0.1435259276802712,6.0264,6.804,0.3036676314193363,,-15.68185485273063,24.742366,59.476626,15.36480681977861,22.690325567588218,248.68779827899013,5.559976146310786,0.0033887469258780337,3.6483035016404752
2026-10-07T17:57:36+03:00,23.88,288.262,25.930773855393557,20.0232,226.99441927492956,214.17162381990173,1.3972721749855386,5.7348,6.62904,0.246371851906254,,-14.381240657783662,24.742292,59.476586,15.0757969343143,35.50598876907304,262.5004080440026,4.6684415626125535,0.00329911277254929,3.6516026144130245
2026-10-07T17:57:38+03:00,24.11,288.266,27.202740160583986,18.77904,224.99479656992298,212.44702085655794,-0.1616886897859183,6.27912,6.27912,0.22918311805232927,,-16.32929716122846,24.742218,59.47654,13.503047040975636,39.47616533861839,264.47096190854137,4.846784416850467,0.0035704949046738506,3.6551731093176985
2026-10-07T17:57:40+03:00,24.3,288.274,34.525140782355905,18.72072,223.99785000639537,212.2694039400674,2.348554002241244,6.045839999999999,6.006959999999999,0.246371851906254,,-14.902632251352712,24.742143,59.476498,14.16052709662812,48.528668151763384,272.52651815815875,4.003828656401556,0.0034081603189234345,3.658581269636622
2026-10-07T17:57:42+03:00,24.11,288.261,20.573618470920355,20.489759999999997,225.9974727114019,212.79079553363647,0.7696542061992349,5.5598399999999994,5.7348,0.3552338329811104,,-22.121900470001087,24.742068,59.476461,15.40888675929153,27.85810863516261,253.85558134656452,4.915496337851437,0.0031919365086451367,3.661773206145267
2026-10-07T17:57:44+03:00,24.07,288.266,22.389894681485067,21.1896,231.99634082642166,212.24075605031084,-1.6749275225059355,5.42376,6.25968,0.24064227395494575,,-25.3992190581494,24.741992,59.476422,16.306124853296915,29.668705690502208,261.6650465169239,4.71271590503055,0.0032982366798124693,3.6650714428250795
2026-10-07T17:57:46+03:00,24.18,288.257,26.59540489774531,20.13984,212.99706033988352,215.35191687787122,1.250709570991074,6.55128,6.201359999999999,-0.06302535746439056,,-28.544757353417612,24.741926,59.476376,14.57979540196966,38.20042122727867,251.19748156716219,5.148338762134599,0.0034212086867129645,3.6684926515117926
2026-10-07T17:57:48+03:00,24.71,288.262,20.734046653556987,20.820240000000002,222.99517386491638,211.0833813041466,-0.7144210747486235,6.0264,5.773680000000001,0.10886198107485642,,-23.84650343334486,24.741855,59.476337,15.333305856434048,28.732335661622244,251.72750952653863,5.284399519841483,0.0031927084537099735,3.6716853599655024
2026-10-07T17:57:50+03:00,24.18,288.262,30.77799680220032,21.228479999999998,229.99671812141503,208.3045359977621,2.1044166857360005,5.2488,6.43464,0.022918311805232933,,-28.26400803380351,24.741778,59.476303,16.933306948858284,39.90452043191786,269.90123855333286,4.026430804626197,0.003114847490797445,3.6748002074563
2026-10-07T17:57:52+03:00,24.07,288.265,32.46822229783625,23.016959999999997,214.99668304489012,214.41226609385666,2.5204413407804918,6.18192,6.5124,-0.10886198107485642,,-30.43551807734933,24.741716,59.476256,18.108041176886815,43.028477336444325,258.02516038133444,4.5190740371264395,0.0034005183515011493,3.6782007258078013
2026-10-07T17:57:54+03:00,24.33,288.262,26.7959401260411,22.62816,224.99479656992298,217.33435084902388,-0.18655505809459605,5.94864,6.47352,-0.1546986046853223,,-30.95690967091838,24.74164,59.476215,17.524700876717727,35.59825901965317,260.5930555895761,4.836948930261037,0.0033847453160849206,3.6815854711238862
2026-10-07T17:57:56+03:00,23.88,288.254,31.866616612948885,22.5504,228.9997715578874,215.8904972052942,-0.5085573389581187,6.0652800000000004,6.10416,0.13750987083139757,,-25.903421917864517,24.741553,59.476175,17.691484884469553,42.29452014581969,271.29429170370713,4.486460076721394,0.0035825858323919697,3.6851680569562784
2026-10-07T17:57:58+03:00,23.77,288.262,26.538109118232228,20.87856,231.99634082642166,214.2174604435122,1.602161882524321,5.96808,6.648479999999999,0.08021409131831525,,-28.401517904634908,24.741467,59.476138,15.76641410294257,36.27506272450208,268.27140355092376,4.811381780636411,0.003440801413074921,3.6886088583693533
2026-10-07T17:58:00+03:00,25.27,288.266,35.098098577486724,20.314799999999998,218.99592845490324,217.44894240805002,-1.5296254256607589,6.78456,6.4152,-0.09740282517223994,,-31.00847587248015,24.741389,59.47609,15.270556140434776,49.898776298812265,268.8947047537155,4.370206251192551,0.0037409161350833112,3.6923497745044367
2026-10-07T17:58:02+03:00,24.3,288.263,24.154604690488,22.18104,216.9963057498967,218.66361293372736,0.22425568101420423,6.25968,6.76512,-0.5958761069360561,,-33.483653547445314,24.741312,59.476047,16.667428492903824,32.994895442979754,249.99120119287645,5.2501130959598585,0.0034937262205745976,3.695843500725011
2026-10-07T17:58:04+03:00,24.45,288.257,22.097686205968348,22.62816,222.99517386491638,223.36186685380014,1.602964023437504,6.648479999999999,6.35688,-0.739115555718762,,-37.1677721701365,24.741231,59.476002,16.656893133701296,30.733438561152553,253.72861242606893,5.714728679577921,0.0036648379235546444,3.699508338648566
2026-10-07T17:58:06+03:00,24.3,288.259,18.67712816903733,21.52008,231.99634082642166,220.4111342088764,0.09940817745519784,6.1624799999999995,6.804,-1.0026761414789407,,-37.24225668350351,24.741143,59.475965,15.80580866527188,25.84953462664666,257.8458754530683,5.545875557699622,0.003487623980653051,3.702995962629219
2026-10-07T17:58:08+03:00,25.05,288.266,23.656131408724185,22.12272,231.99634082642166,220.5085370340486,0.6377593217601193,5.87088,6.10416,-0.12032113697747288,,-32.14866188479049,24.741054,59.475932,16.91005288015719,31.663816415051002,263.6601572414727,4.996957165420666,0.003364056753548745,3.706360019382768
2026-10-07T17:58:10+03:00,23.81,288.262,26.90480210711595,19.809359999999998,228.9997715578874,218.52610306289597,-1.3659886793713958,6.39576,6.10416,0.25210142985756223,,-23.835044277442243,24.740966,59.475896,14.399718598059808,38.499425683250365,267.4991972411378,5.00541385399411,0.0034496095841920482,3.70980962896696
2026-10-07T17:58:12+03:00,23.43,288.265,27.449112012490232,22.239359999999998,228.9997715578874,216.74420432003913,1.24709993688175,6.454079999999999,6.6679200000000005,0.13178029288008933,,-18.22005788516018,24.740884,59.475858,16.777757520346487,37.66296347048265,266.6627350283701,5.109170189870413,0.003388788966919936,3.71319841793388
2026-10-07T17:58:14+03:00,23.58,288.265,25.323438592554886,23.63904,222.99517386491638,217.66093679224844,0.9821642524132572,6.68736,6.29856,0.10313240312354818,,-20.849934164810655,24.740796,59.475815,17.825278247168807,34.55744215648858,257.55261602140496,5.50742830043048,0.0037279745006142634,3.7169263924344946
2026-10-07T17:58:16+03:00,23.25,288.261,24.905179402109383,23.4252,230.99939426289401,217.05360152940978,0.5767966123581998,6.337439999999999,6.454079999999999,-0.20053522829578813,,-26.31595153035871,24.740703,59.475771,17.877431412627853,33.49059672031231,264.4899909832063,5.285275356718852,0.00388015563053845,3.720806548065033
2026-10-07T17:58:18+03:00,23.25,288.25,25.30052028074965,21.07296,222.99517386491638,219.87255388145343,-0.9402237418096809,6.201359999999999,7.07616,0.31512678732195276,,-24.28195135764429,24.740629,59.475732,15.691866671584439,35.02399868402375,258.0191725489401,5.078366424111502,0.003255607654821672,3.7240621557198548
2026-10-07T17:58:20+03:00,23.13,288.263,27.208469738535292,20.29536,220.99555115990984,217.09370857506892,-0.6893828191014064,6.59016,6.88176,0.06875493541569878,,-24.43664996232961,24.740559,59.475691,14.745563121359838,38.99975862383096,259.9953097837408,5.1215337011850846,0.0032619353982832134,3.727324091118138
2026-10-07T17:58:22+03:00,22.87,288.255,36.3987127724337,20.85912,229.99671812141503,216.33740428549623,-2.140856801506321,6.10416,6.84288,0.4354479242994257,,-21.520294785113723,24.740469,59.475659,16.35206968355134,49.19668973799091,279.19340785940597,3.988850875076194,0.003353951030457086,3.730678042148595
2026-10-07T17:58:24+03:00,22.68,288.262,30.94988414073957,19.45944,230.99939426289401,215.4779675928,3.0656679786269825,5.9292,6.74568,-0.6531718864491385,,-23.44543297675329,24.740376,59.475623,14.694328062862448,42.926742979965695,273.9261372428597,4.341509006357331,0.00356978993944616,3.734247832088041
2026-10-07T17:58:26+03:00,22.5,288.261,32.239039179783916,19.78992,227.99709541640848,217.40883536239087,-0.4974992535120938,6.5124,6.78456,0.6302535746439055,,-25.04398522516828,24.740292,59.475576,14.698006221530095,45.91099017505667,273.9080855914651,4.531165348234435,0.0038154058707573738,3.7380632379587984
2026-10-07T17:58:28+03:00,22.53,288.261,23.925421572435674,20.8008,222.99517386491638,217.72396214971283,-0.16890795800456668,6.6095999999999995,7.348319999999999,0.06302535746439056,,-24.310599247400827,24.740209,59.475536,15.000573136728596,34.219089945670675,257.21426381058706,5.465433638938136,0.003493051952785614,3.741556289911584
2026-10-07T17:58:30+03:00,22.35,288.258,25.00258222728162,20.13984,226.99441927492956,217.4260240962448,-0.4707421244794844,6.27912,8.47584,-0.37242256683503505,,-30.693349085158196,24.740129,59.475498,14.69085087525422,35.410304274724865,262.4047235496544,5.117631003440442,0.0033439569113336873,3.744900246822918
2026-10-07T17:58:32+03:00,23.1,288.262,31.15041936903535,19.88712,228.9997715578874,217.71823257176152,-0.8384664373944467,6.37632,8.1648,0.09740282517223994,,-24.350706293059986,24.740043,59.475459,14.802353014401488,44.02563419901992,273.02540575690733,4.584758594021659,0.0035197382799142586,3.7484199851028324
2026-10-07T17:58:34+03:00,21.63,288.27,32.714594149742496,19.12896,220.99555115990984,217.6380184804432,-0.01844924100321251,6.940079999999999,7.698239999999999,-0.25210142985756223,,-20.093629875237973,24.739959,59.475415,13.80892071665577,48.47536708616363,269.47091824607344,4.600870391089038,0.003683891050017746,3.7521038761528502
2026-10-07T17:58:36+03:00,20.62,288.262,29.918560109504085,20.975759999999998,232.9990169679006,215.69569155494972,-1.5182808613171686,6.47352,7.2122399999999995,0.3093972093706446,,-21.560401830772882,24.739873,59.475377,15.700516338670639,41.78602596847941,274.78504293638,4.826906001588534,0.0034799992863798405,3.75558387543923
2026-10-07T17:58:38+03:00,20.43,288.263,29.15079666402878,19.69272,223.99785000639537,217.466131141904,1.4715275052344932,6.72624,7.62048,0.41252961249419273,,-15.01149423242757,24.739791,59.47533,14.201537459888495,42.489594059892596,266.48744406628794,4.959929536998523,0.0037746499352614513,3.7593585253744917
2026-10-07T17:58:40+03:00,20.43,288.259,27.575162727419016,18.50688,232.9990169679006,216.8645254570166,-1.3626655241596366,6.47352,6.78456,0.38961130068895977,,-13.424401139915188,24.739697,59.475289,13.115652227672976,40.78278360469062,273.78180057259124,4.9016934329597435,0.003782701464329682,3.763141226838821
2026-10-07T17:58:42+03:00,20.58,288.266,24.13168637868277,18.156959999999998,227.99709541640848,214.74458161503253,2.2107003567327683,6.68736,6.74568,0.09740282517223994,,-14.535939262468984,24.739609,59.475248,12.360190793321474,36.91099284170244,264.9080882581109,5.347008732911766,0.003645691027178806,3.766786917866
2026-10-07T17:58:44+03:00,20.28,288.248,24.017094819656602,18.74016,225.9974727114019,213.79347167511537,-3.5892368118175293,5.94864,6.29856,0.3666929888837269,,-23.27927521616535,24.739531,59.475207,13.525002372423502,34.329369545292195,260.32684225669414,4.912442384220004,0.003426936098595112,3.770213853964595
2026-10-07T17:58:46+03:00,20.28,288.259,33.35057730233771,19.6344,219.99860459638222,214.80760697249693,0.7414073868992853,6.2208000000000006,7.056719999999999,-0.25210142985756223,,-15.956874594393428,24.739457,59.475158,14.837542353580753,46.67667526254502,266.67527985892724,4.26818150227995,0.0037119453371733412,3.7739257993017685
2026-10-07T17:58:48+03:00,20.06,288.255,28.51481351143357,18.31248,224.99479656992298,216.314485973691,-0.7412927953402592,6.4152,7.13448,0.6245239966925973,,-21.760937059068667,24.739375,59.475111,13.040205685949912,42.09774856232988,267.0925451322529,4.760092416037542,0.003774660698228816,3.7777004599999975
2026-10-07T17:58:50+03:00,20.25,288.262,33.45943928341257,17.63208,219.99860459638222,214.417995671808,-0.06067623050435418,6.76512,6.95952,0.1432394487827058,,-17.074142294898532,24.739293,59.47506,12.554955034538713,50.74221942238324,270.74082401876547,4.281038852667643,0.003957821760900144,3.7816582817608975
2026-10-07T17:58:52+03:00,20.13,288.254,32.95523642369744,16.368479999999998,220.99555115990984,214.0111956372651,1.346049748100843,6.6679200000000005,6.6095999999999995,0.18907607239317165,,-21.136413062376068,24.739215,59.475011,11.367683300743034,51.56274014849876,272.55829130840857,4.145161079208107,0.003787515085648958,3.7854457968465463
2026-10-07T17:58:54+03:00,20.02,288.258,28.033528963523672,20.003759999999996,222.99517386491638,215.41494223533562,-0.31879371721079003,6.7068,7.15392,-0.6302535746439055,,-21.818232838581753,24.739127,59.474969,14.432279413421508,40.64903839220577,263.64421225712215,5.088543348666662,0.003686604927087632,3.789132401773634
2026-10-07T17:58:56+03:00,20.4,288.254,24.97393433752508,17.47656,217.99898189137562,214.91646895357178,-1.0513775540650607,7.056719999999999,6.43464,-0.544309905374282,,-33.30030705300345,24.73904,59.474924,11.473241093201798,40.02510089774222,258.02408278911787,5.40377344488723,0.00379090241694595,3.79292330419058
2026-10-07T17:58:58+03:00,20.43,288.255,27.775697955714808,17.67096,220.99555115990984,215.57537041797224,3.4280064882677155,7.32888,7.17336,-0.8766254265501595,,-31.58143366761098,24.738961,59.474877,11.696275259945544,44.75357899923563,265.74913015914547,5.204541087012373,0.0037145612457077843,3.7966378654362876
2026-10-07T17:59:00+03:00,20.4,288.248,32.46822229783625,17.82648,222.99517386491638,220.27362433804498,-1.4716993925730324,6.84288,7.52328,0.5557690612768985,,-22.987066740648626,24.73888,59.474835,12.600572160148882,49.417944428154385,272.41311829307074,4.451542450099163,0.0035339048261742783,3.800171770262462
2026-10-07T17:59:02+03:00,20.4,288.248,38.02591291060523,18.09864,236.99826237791373,214.2976745348305,-0.6803300859383394,6.454079999999999,6.0264,0.3093972093706446,,-13.808282862652838,24.738783,59.4748,13.608299078512838,55.013350476656626,292.01161285457033,3.700676212796525,0.0036325808577702887,3.8038043511202324
2026-10-07T17:59:04+03:00,20.43,288.262,26.440706293059986,18.215279999999996,224.99479656992298,209.38742623055936,-3.2094803852048197,6.37632,6.82344,-0.6130648407899808,,-18.919066395219783,24.738699,59.474756,12.824189061029205,39.23160421750205,264.22640078742506,4.939070340437266,0.00368392587342056,3.807488276993653
2026-10-07T17:59:06+03:00,20.36,288.252,26.3089260001799,20.23704,217.99898189137562,210.3901023720383,-1.8266467466565774,6.5124,7.056719999999999,0.8594366926962348,,-20.64366935856356,24.73863,59.474712,14.685652807343027,37.64381763642308,255.6427995277987,5.156666775754318,0.0033811578350134105,3.8108694348286667
2026-10-07T17:59:10+03:00,20.36,288.258,21.96017633513695,19.20672,215.99935918636905,212.10897575743076,-0.41218583781711426,6.84288,7.83432,0.6073352628386726,,-19.262841072298276,24.738481,59.474601,13.112456086120112,33.21402661707609,249.21338580344514,5.724960330372251,0.0037968420676413816,3.814666276896308
2026-10-07T17:59:12+03:00,20.51,288.262,27.483489480198084,20.412,220.99555115990984,213.57574771296566,0.8107352801101148,6.76512,7.03728,0.5271211715203573,,-8.508423257692725,24.7384,59.474561,14.74468921917582,39.70788918349467,260.7034403434045,5.204485253440262,0.003449066702321286,3.8181153435986293
2026-10-07T17:59:14+03:00,20.4,288.259,22.687832734953094,16.99056,225.9974727114019,213.93098154594676,1.7506152472427172,6.454079999999999,6.14304,-0.12032113697747288,,-11.052355868073581,24.738322,59.474523,11.31318459775913,35.399479192612006,261.3969519040139,5.260933987933146,0.003299674975015238,3.8214150185736444
2026-10-07T17:59:16+03:00,20.21,288.257,20.241302949744483,16.407359999999997,225.9974727114019,214.45810271746714,-1.9310969527089263,5.87088,6.25968,0.19480565034447989,,-10.622637521725462,24.738249,59.474485,11.086695172327888,30.797998678602568,256.7954713900045,5.042955480104653,0.003191260866343129,3.8246062794399873
2026-10-07T17:59:18+03:00,19.98,288.252,13.933037625354114,16.99056,223.99785000639537,213.47834488779344,-0.5601808362994058,6.39576,6.4152,0.8078704911344607,,-10.765876970508168,24.738174,59.474445,10.892394743225681,22.061032150672645,246.058882157068,5.92748991097935,0.003320191636506687,3.827926471076494
2026-10-07T17:59:20+03:00,20.21,288.266,26.188604863202425,15.49368,223.99785000639537,214.2002717096583,0.719577694904801,6.35688,6.7068,0.20053522829578813,,-7.987031664123675,24.73811,59.474404,10.183426160306096,42.180016363883425,266.1778663702788,4.710694943690226,0.003145023560952567,3.8310714946374467
2026-10-07T17:59:22+03:00,20.43,288.258,21.937258023331715,18.29304,227.99709541640848,214.82479570635087,0.11287268564077217,5.57928,6.25968,-0.12032113697747288,,-7.0244625683038935,24.738034,59.474371,13.282303789344502,30.965905352449965,258.9630007688585,4.78408547140438,0.0030525777283363894,3.8341240723657832
2026-10-07T17:59:24+03:00,20.43,288.251,14.712260226732035,19.6344,233.99596353142817,212.0001137763559,-2.7612555020739764,5.13216,5.81256,0.2807493196141034,,-14.62188293173861,24.737956,59.474345,14.728291335464645,19.789324647930414,253.7852881793586,4.8290744727989665,0.0028483645581853455,3.8369724369239684
2026-10-07T17:59:26+03:00,20.43,288.251,16.116006824802554,19.187279999999998,230.99939426289401,211.83395601576797,1.8398247759445865,4.60728,5.79312,0.6187944187412892,,-19.847258023331715,24.737888,59.474315,14.816357231989755,21.067766124240478,252.0671603871345,4.299310592316071,0.0027498426469496733,3.839722279570918
2026-10-07T17:59:28+03:00,20.43,288.259,31.127501057230123,16.387919999999998,213.99973648136248,211.48445176073818,0.7165410185906075,5.38488,5.20992,0.38388172273765153,,-21.428621537892788,24.737834,59.474271,12.102836716233549,44.42472060125775,258.4244570826202,3.8457237305089644,0.003116509537968599,3.8428387891088867
2026-10-07T17:59:30+03:00,20.4,288.252,24.73902164152144,17.63208,219.99860459638222,212.0688687117716,0.43086426193837907,5.404319999999999,5.754239999999999,0.22345354010102106,,-24.37935418281653,24.737769,59.474225,12.92318822804966,34.81800764680031,254.81661224318253,4.436783495790073,0.0034033926177119067,3.8462421817265984
2026-10-07T17:59:32+03:00,19.98,288.254,27.122526069265664,16.97112,223.99785000639537,214.71020414732467,4.745580233950556,5.38488,5.46264,0.12605071492878112,,-27.181117801006252,24.737704,59.474182,12.423366985661067,38.519559509976744,262.51740951637214,4.213106410702086,0.0032585943830200225,3.8495007761096183
2026-10-07T17:59:34+03:00,19.83,288.252,34.68556896499253,15.88248,221.99822730138877,216.46918457837631,0.8423052546218233,5.404319999999999,6.006959999999999,0.4239887683968092,,-18.5122663606769,24.737641,59.474142,11.844804993391358,49.73459344661276,271.73282074800153,3.4929697450780615,0.003078994607027475,3.8525797707166456
2026-10-07T17:59:36+03:00,19.53,288.25,31.40252079889292,15.88248,227.99709541640848,212.8137138454417,0.14891173095450097,6.14304,5.79312,-0.10313240312354818,,-22.52297092659266,24.737558,59.474096,11.110278951490114,48.14645015760317,276.1435455740117,4.098813923869134,0.0037504978294810405,3.8563302685461265
2026-10-07T17:59:38+03:00,19.38,288.248,25.701590737341224,16.21296,222.99517386491638,212.21210816055432,-0.18953443862927635,5.9292,5.96808,0.4068000345428845,,-22.55734839430051,24.737484,59.474055,11.170360030925613,39.010347449551205,262.0055213144676,4.607179885703763,0.0033432854538670963,3.859673553999994
2026-10-07T17:59:40+03:00,19.31,288.25,28.15385010050115,17.94312,212.99706033988352,211.7938489701088,1.0473095537196317,5.5404,5.50152,-0.5557690612768985,,-20.437404552316465,24.737427,59.474016,13.317341330601712,39.474492690334955,252.47155303021847,4.276677312343875,0.0029195369322458503,3.8625930909322395
2026-10-07T17:59:42+03:00,18.71,288.25,26.394869669449523,19.28448,223.99785000639537,212.49858705811974,0.9286499943480383,5.20992,6.25968,0.3495042550298022,,-21.096306016716916,24.737359,59.473979,14.80003525158413,35.398241525631306,259.3960915320267,4.246843229728522,0.0030423982554097727,3.865635489187649
2026-10-07T17:59:44+03:00,18.78,288.25,26.59540489774531,20.29536,221.99822730138877,212.56161241558414,0.05156620156177409,5.890319999999999,5.832,0.045836623610465865,,-19.635263639133314,24.737287,59.47394,15.25789967097867,36.54780365567848,258.5460309570673,4.732049252237833,0.0032136188323728166,3.8688491080200222
2026-10-07T17:59:46+03:00,18.6,288.252,26.051094992371027,20.0232,218.99592845490324,214.54404638673677,1.6449045340410802,5.42376,5.69592,0.641712730546522,,-19.033657954245946,24.73721,59.473897,15.336583007547858,34.986027630536,253.98195608543924,4.443642605654542,0.003493826881571408,3.8723429349015936
2026-10-07T17:59:48+03:00,18.33,288.247,30.050340402384176,18.91512,217.99898189137562,214.32059284663575,0.2288393433752508,5.09328,5.87088,0.34377467707849396,,-21.74947790316605,24.73714,59.473854,14.728957739859682,40.02212978989482,258.02111168127044,3.9004140477125917,0.0033537579613885198,3.875696692862982
2026-10-07T17:59:50+03:00,18.11,288.254,11.383375437021954,20.003759999999996,218.99592845490324,217.64947763634584,2.4677865194079684,6.006959999999999,6.18192,0.2807493196141034,,-25.267438765269304,24.737063,59.473811,14.164672222353621,16.184763327640212,235.18069178254345,5.768891223313038,0.0034938309087394807,3.8791905237717215
2026-10-07T17:59:52+03:00,17.85,288.252,23.020148256128973,20.08152,217.99898189137562,216.0451958099795,-2.328729662529718,6.18192,5.7348,0.32658594322456924,,-27.123822021493172,24.736989,59.473765,14.59350669712257,32.55536407055837,250.554345961934,5.210566454703611,0.003570612319829392,3.882761136091551
2026-10-07T17:59:54+03:00,17.4,288.248,23.277979263937844,20.5092,231.99634082642166,215.87330847144028,0.08703228908037204,5.346,5.96808,-0.3666929888837269,,-33.13414929241551,24.736905,59.473734,15.740798795588992,30.991384089538542,262.9877249159602,4.582830382064661,0.0031700309383009056,3.8859311670298515
2026-10-07T17:59:56+03:00,17.13,288.248,28.26844165952731,19.71216,219.99860459638222,212.53869410377885,0.0725937526430753,6.5124,5.326560000000001,0.18907607239317165,,-32.887777440509254,24.736828,59.473693,14.312712143320999,40.71291029123336,260.7115148876156,4.9363170233941664,0.003405865504719271,3.889337032534571
2026-10-07T17:59:58+03:00,16.61,288.247,40.208882110053665,21.90888,226.99441927492956,211.3125644221989,-2.5844407264966045,5.5404,5.67648,0.4640958140559668,,-27.209765690762794,24.736747,59.473658,18.035913544239886,51.64718660701186,278.6416058819414,3.4378301108764404,0.003246773374211535,3.8925838059087825
2026-10-07T18:00:00+03:00,15.97,288.259,30.08471787009202,20.78136,223.99785000639537,213.23770261383848,1.9577394901825098,5.98752,6.0652800000000004,0.5328507494716656,,-20.84420458685935,24.736676,59.473624,15.88655146371512,40.97498254929718,264.97283255569255,4.520553457368846,0.0029791643760455717,3.895562970284828
2026-10-07T18:00:02+03:00,15.78,288.251,35.96899442608559,16.44624,224.99479656992298,210.4760460413079,-4.987253831936737,5.57928,5.3654399999999995,0.5213915935690492,,-20.317083415338992,24.736605,59.473593,12.372589615257718,51.3274909026357,276.3222874725587,3.486314252483993,0.0028584797700667614,3.8984214500548946
2026-10-07T18:00:03+03:00,15.48,288.263,33.09847587248015,18.42912,227.99709541640848,211.3011052662963,3.645042901063271,5.890319999999999,6.6095999999999995,0.37242256683503505,,-22.36827232190734,24.736531,59.473555,13.872661112267183,46.50537062735202,274.5024660437605,4.054228205600798,0.003212700259303341,3.901634150314198
2026-10-07T18:00:08+03:00,15.33,288.259,44.23104583187205,17.94312,218.99592845490324,214.0054660593138,-0.29318250376844224,6.18192,6.25968,0.29793805346802804,,-24.67729223628456,24.736463,59.473505,14.184916792112734,61.92907857983511,280.9250070347383,2.9089897832437805,0.0036527440120154367,3.9052868943262133
2026-10-07T18:00:10+03:00,15.18,288.257,40.82194695084365,16.1352,224.99479656992298,208.9290599944547,-2.700235496892544,5.9292,5.94864,0.38388172273765153,,-25.909151495815827,24.736396,59.473465,12.276250771078987,59.226834622305574,284.22163119222853,3.03361892789993,0.0031567495704630123,3.9084436438966765
2026-10-07T18:00:12+03:00,14.55,288.255,35.46479156637045,17.34048,223.99785000639537,209.7140121737839,2.029359214573863,6.1624799999999995,6.59016,0.045836623610465865,,-30.429788499398022,24.736318,59.473424,12.829607072929713,51.64684338001666,275.64469338641203,3.8238610378511875,0.0034270234295326043,3.911870667326209
2026-10-07T18:00:14+03:00,14.28,288.255,29.970126311065858,19.45944,210.99743763487695,217.24840717975422,1.5447515114522123,7.15392,6.92064,-0.246371851906254,,-31.168904055116784,24.73625,59.473373,13.735167292109336,45.05135921054932,256.0487968454263,5.054048860574471,0.003702361282574756,3.9155730286087835
2026-10-07T18:00:16+03:00,14.02,288.258,38.12904531372878,19.55664,226.99441927492956,210.39583194998957,-1.540855398445323,6.492959999999999,6.53184,0.4297183463481174,,-23.800666809734395,24.736173,59.473335,14.994978698829804,53.635965493585545,280.6303847685151,3.8497637998862415,0.0032777692488456076,3.9188507978576292
2026-10-07T18:00:18+03:00,13.53,288.258,24.41243569829687,18.91512,222.99517386491638,209.93746571388493,2.8433030583367107,5.98752,6.55128,0.26929016371148695,,-26.396165621677028,24.736092,59.473297,13.688467371483585,34.82785854349817,257.8230324084145,4.914985229250168,0.003366437408195074,3.9222172352658244
2026-10-07T18:00:20+03:00,13.35,288.259,40.12293844078404,20.56752,214.99668304489012,208.09827119151498,-3.798480998599305,5.87088,6.24024,0.38961130068895977,,-25.93779938557237,24.736026,59.473253,16.51740712221524,53.364292912416346,268.36097595730644,3.503301337754756,0.0033249196962832905,3.9255421549621077
2026-10-07T18:00:22+03:00,14.62,288.247,31.643163072847866,18.62352,227.99709541640848,209.1353248007018,0.8925536532547964,6.1624799999999995,7.03728,0.20053522829578813,,-26.453461401190108,24.735943,59.47321,13.762336640044971,45.229889025639665,273.22698444204815,4.340012556388292,0.003619657028554739,3.9291618119906624
2026-10-07T18:00:24+03:00,15.03,288.251,37.12063959429854,19.90656,217.99898189137562,209.2040797361175,-1.3414660857397964,6.37632,6.39576,0.5557690612768985,,-21.760937059068667,24.735872,59.473163,15.313659105934473,51.67415066592932,269.67313255730494,3.9541666116721372,0.003560894559880953,3.9327227065505435
2026-10-07T18:00:26+03:00,14.36,288.257,43.394527450981045,19.828799999999998,231.99634082642166,205.03867656551637,-3.090534346935661,5.79312,6.72624,0.13178029288008933,,-8.439668322277026,24.73578,59.473119,16.118384214377738,57.68995440357686,289.6862952299985,3.0964257674866458,0.003858033736440696,3.9365807402869843
2026-10-07T18:00:28+03:00,14.28,288.255,44.540443041242696,13.8996,214.99668304489012,196.30679976772265,-2.2811741655338595,6.454079999999999,7.03728,0.21772396214971285,,-14.570316730176838,24.735713,59.473066,10.342759410773978,70.49733981212859,285.4940228570187,2.1546986405783066,0.003785922159017223,3.9403666624460016
2026-10-07T18:00:30+03:00,14.1,288.263,47.078646073672246,16.7184,202.99894681485068,190.40533447787516,-6.487429226927771,6.08472,6.88176,-0.5385803274229739,,-17.154356386216847,24.73567,59.47301,13.340842984505022,66.59008006635952,269.5890268812102,2.4175005139968047,0.0036129961382924173,3.943979658584294
2026-10-07T18:00:32+03:00,13.53,288.254,68.03744221955776,18.254160000000002,207.99513878839142,165.76241970929848,-13.646479581307895,5.9292,6.1236,-0.9052733163067008,,-12.616530648780728,24.735627,59.472951,16.95322032368685,86.96411271841218,294.9592515068036,0.3140189627352078,0.003781561903363734,3.9477612204876578
2026-10-07T18:00:34+03:00,13.23,288.252,90.19944973521801,18.97344,186.9962355968468,134.5304902967173,-13.933015774652821,6.0652800000000004,7.62048,-0.7047380880109125,,-4.789927167293682,24.73562,59.472888,19.939414219745682,107.9085051765462,294.904740773393,-1.8650606946552764,0.0037928123498290178,3.9515540328374867
2026-10-07T18:00:36+03:00,13.01,288.252,104.31140022929017,14.56056,153.99959617526267,113.84098431454326,-6.582482925139976,6.37632,6.59016,-0.320856365273261,,-3.5294200180058715,24.735671,59.472837,17.279100660930602,125.26226909636478,279.26186527162747,-3.681177376523279,0.003438288971507418,3.954992321808994
2026-10-07T18:00:38+03:00,12.37,288.248,112.65939530434626,11.72232,126.99609529074696,103.03500029837595,-7.341021750113671,6.27912,5.48208,-0.1546986046853223,,-4.182591904455009,24.735765,59.4728,15.282465835647166,134.9408268889971,261.93692217974404,-4.435420476893936,0.003630813733003606,3.9586231355419974
2026-10-07T18:00:38+03:00,11.96,288.248,134.6781633712238,12.266639999999999,118.99760447072069,94.56095450839106,-1.437780291101288,5.7348,6.7068,-0.08021409131831525,,-2.727279104822719,24.735873,59.47277,16.80128855651188,148.72466739239565,267.72227186311636,-4.901432731055085,0.003758264577700259,3.9623814001196975
2026-10-07T18:00:42+03:00,13.98,288.252,172.19543979639013,7.950959999999999,109.99643750921543,92.6300867388002,-3.4274908262520976,6.92064,5.443199999999999,0.18334649444186346,,-7.436992180798086,24.736128,59.472724,14.837286941222802,175.82694906467538,285.8233865738908,-6.902292099478008,0.003943110273568034,3.9663245103932656
2026-10-07T18:00:44+03:00,13.68,288.255,150.45742104912668,8.6508,106.99986824068124,92.24047543811125,3.4363716720766257,6.24024,5.5404,0.0,,-3.2887777440509254,24.736238,59.472711,14.412020763273889,162.78459565718651,269.78446389786774,-5.960669913009774,0.003448183488688619,3.9697726938819544
2026-10-07T18:00:46+03:00,13.72,288.257,172.40743418058852,6.82344,103.99756939419571,93.77600232906184,-2.808238041274704,6.35688,5.42376,0.19480565034447989,,-5.7639554190160815,24.736342,59.472704,13.15143556877677,176.0691386473871,280.0667080415828,-6.341925432707804,0.0032030459237159673,3.9729757398056704
2026-10-07T18:00:48+03:00,13.23,288.252,154.34207490011366,8.28144,104.99451595772337,89.77102734109738,0.7388863726007096,5.443199999999999,5.50152,0.011459155902616466,,-2.182969199448437,24.736427,59.472697,13.396866189528254,164.47477111475888,269.46928707248225,-5.244592260552894,0.002629076673958071,3.9756048164796285
2026-10-07T18:00:50+03:00,12.75,288.252,166.3340815522018,8.92296,102.99489325271679,94.80732636029732,2.0923845720382537,5.96808,5.22936,-0.08594366926962349,,-2.503825564721698,24.736525,59.472689,14.789451393755959,171.80494519963645,274.79983845235324,-5.907137175042168,0.0030304952754911336,3.9786353117551196
2026-10-07T18:00:52+03:00,12.33,288.257,148.0338095757233,7.83432,101.99794668918915,93.55254878896082,-0.6784393252144078,4.957199999999999,5.42376,0.10886198107485642,,-2.904896021313274,24.736606,59.472679,12.32253074062664,160.33076929998984,262.328715989179,-4.667954507591606,0.0025450621867473978,3.981180373941867
2026-10-07T18:00:54+03:00,12.63,288.258,158.59915131793568,9.25344,104.99451595772337,97.13926458647978,2.8099569146600967,5.42376,5.26824,-0.18907607239317165,,-0.11459155902616464,24.736682,59.47267,14.439503299666942,166.47691028701075,271.4714262447341,-5.273390402861198,0.002382632090277132,3.9835630060321443
2026-10-07T18:00:56+03:00,13.2,288.266,154.38218194577283,7.6593599999999995,102.99489325271679,93.4666051196912,-1.8735146942982788,5.03496,5.19048,0.14896902673401402,,-4.136755280844544,24.736763,59.472661,12.39208698627841,164.4999661927489,267.4948594454657,-4.851839992756695,0.002531541510323837,3.9860945475424683
2026-10-07T18:00:58+03:00,14.77,288.258,152.17629443451915,8.70912,104.99451595772337,96.38868987485839,-0.4406618402351161,5.07384,4.93776,0.017188733853924696,,-1.873571990077792,24.736848,59.472651,13.407180803119843,162.35033304066513,267.3448489983885,-4.835005217076521,0.0026638922115898157,3.9887584397540583
2026-10-07T18:01:00+03:00,14.88,288.263,167.54875207787913,9.29232,105.9971920992023,98.40550131371889,1.068222513241907,5.19048,4.80168,0.12605071492878112,,-3.2658594322456924,24.736937,59.472639,14.404258531378055,172.00473644667778,278.0019285458801,-5.140026304172805,0.0028114223626603016,3.9915698621167186
2026-10-07T18:01:02+03:00,14.73,288.268,162.04835724462322,8.456399999999999,103.99756939419571,101.63125370030542,-0.6147264183958603,4.52952,5.13216,0.19480565034447989,,-3.5294200180058715,24.737024,59.472626,12.841521136716617,168.28958738395258,272.2871567781483,-4.435242303555669,0.0027688075863157974,3.9943386697030343
2026-10-07T18:01:04+03:00,14.47,288.259,150.21677877517175,8.8452,110.99911365069438,99.96967609442602,0.18099736748182707,4.91832,5.19048,0.005729577951308233,,0.24064227395494575,24.737111,59.47261,13.339482923696812,160.76963746451707,271.76875111521144,-4.6438873966362,0.0028250003671357895,3.99716367007017
2026-10-07T18:01:06+03:00,14.21,288.262,165.5663181067265,8.41752,112.99873635570096,101.23591282166515,0.11470615058519079,5.26824,5.01552,0.0,,-4.142484858795853,24.737198,59.472592,13.583101778723004,171.11409924051,284.11283559621097,-5.205010092018966,0.0028681551441694536,4.000031825214339
2026-10-07T18:01:08+03:00,13.91,288.259,138.7690820284579,7.98984,110.99911365069438,101.62552412235412,-0.6585576897233684,5.1710400000000005,5.07384,0.739115555718762,,-1.0026761414789407,24.737281,59.472575,12.358035408433143,154.77811303953717,265.77722669023154,-4.678055483365338,0.002732394685965817,4.002764219900305
2026-10-07T18:01:10+03:00,13.72,288.266,146.9967559665365,9.136800000000001,111.99606021422201,100.25615499199145,-1.0714883726741524,6.0264,5.443199999999999,0.5271211715203573,,-2.773115728433184,24.737378,59.472552,14.56547260167152,160.02090094629443,272.0169611605164,-5.663715120754465,0.003268364939390253,4.006032584839695
2026-10-07T18:01:12+03:00,13.2,288.262,168.36235214696492,8.59248,107.99681480420887,100.49106768799508,-1.6882201433529707,5.69592,4.84056,0.13750987083139757,,-4.033622877720996,24.737477,59.472534,14.217811418263729,172.99767386243502,280.99448866664386,-5.65343528944282,0.0032104495500941115,4.009243034389789
2026-10-07T18:01:14+03:00,12.78,288.265,147.34053064361498,8.14536,110.99911365069438,97.67784491390276,-1.8748324972270798,5.443199999999999,5.890319999999999,0.4239887683968092,,-0.11459155902616464,24.737568,59.47252,13.062504160214905,160.33589880357923,271.3350124542736,-5.125761109952005,0.0029030344059991957,4.012146068795788
2026-10-07T18:01:16+03:00,12.78,288.254,138.32790452620716,8.43696,109.99643750921543,99.41390703314916,1.2120922155992566,5.81256,5.6376,0.44117750225073393,,-2.3147494923285254,24.737662,59.472503,13.350306764252004,155.15441966072422,265.1508571699396,-5.274569824445661,0.003046470986953776,4.015192539782742
2026-10-07T18:01:18+03:00,12.45,288.251,122.39394824361895,6.53184,106.99986824068124,100.73170996195005,-1.7250040338003694,5.307119999999999,5.42376,-0.13178029288008933,,-1.208940947726037,24.737752,59.472488,10.391026045359297,147.94159592457464,254.94146416525587,-4.497823928844899,0.0028920012924320295,4.018084541075174
2026-10-07T18:01:20+03:00,12.18,288.252,130.99404474853262,8.86464,106.99986824068124,97.2252082557494,1.9051419645895005,5.6376,7.15392,0.4812845479098915,,1.2433184154338865,24.73784,59.472476,13.263861488035682,149.7057601620881,256.7056284027693,-4.867764682278803,0.0027819361447718877,4.020866477219946
2026-10-07T18:01:22+03:00,12.33,288.257,155.31610315183607,8.39808,103.99756939419571,103.65952429506854,1.909725626950547,6.318,6.27912,-0.022918311805232933,,-3.850276383279132,24.73796,59.472461,14.38285533705232,165.8866213220824,269.8841907162781,-6.127291828699467,0.0037731295587309604,4.024639606778677
2026-10-07T18:01:24+03:00,12.48,288.262,130.89091234540908,6.88176,109.99643750921543,103.02927072042463,-1.7026586797902672,5.890319999999999,6.201359999999999,0.20626480624709637,,-0.8250592249883855,24.738052,59.472445,11.624354374119857,153.41429580702751,263.41073331624295,-5.267512486223208,0.0029690083388615018,4.027608615117538
2026-10-07T18:01:26+03:00,12.48,288.261,141.84013581035907,11.372399999999999,113.99568291922859,95.36309542157423,-3.444278489649431,6.201359999999999,6.25968,0.13178029288008933,,1.5126085791453732,24.738145,59.472423,16.694116023241953,155.1086845146362,269.1043674338648,-5.625302161120053,0.003132287570655728,4.030740902688194
2026-10-07T18:01:30+03:00,12.78,288.244,152.96124661384837,9.097919999999998,95.99907857416943,93.38639102837288,-1.1535932247163996,7.13448,7.095599999999999,-0.14896902673401402,,-6.084811784289343,24.738401,59.472391,15.789288174485463,164.81477492423292,260.81385349840235,-6.885373019928179,0.0036826826799926716,4.034423585368187
2026-10-07T18:01:32+03:00,12.78,288.254,144.8252459229907,11.119679999999999,99.99832398418258,93.73589528340267,-0.035580679077624126,6.35688,6.7068,-0.18907607239317165,,-5.042028597151244,24.738513,59.472382,16.721700922179124,157.4754433922598,257.47376737644237,-5.871948155176513,0.003462101685388693,4.037885687053576
2026-10-07T18:01:34+03:00,12.63,288.265,154.6514721094843,12.655439999999999,94.99640243269049,93.28898820320065,-0.37196420059893043,5.19048,7.1150400000000005,-0.395340878640268,,-4.83003421295284,24.738615,59.472372,17.487940163976713,161.9516963611455,256.948098793836,-4.935085853369567,0.003171733625411619,4.041057420678988
2026-10-07T18:01:36+03:00,12.71,288.25,140.3676342768729,12.20832,102.99489325271679,91.23206971868099,-0.9114612604941135,7.17336,7.348319999999999,-0.4640958140559668,,-2.8304115079462666,24.738731,59.472358,18.313710039202057,154.83598867521428,257.83088192793105,-6.49256735413322,0.0036403045276379915,4.044697725206626
2026-10-07T18:01:38+03:00,12.78,288.255,153.3164804468295,11.177999999999999,98.99564784270365,91.45552325878201,0.9844560835937803,7.251119999999999,7.892639999999999,-0.5614986392282068,,-2.291831180523293,24.738861,59.472346,17.954616869124,163.76531464317227,262.7609624858759,-6.961978804497583,0.004034160722280456,4.048731885928906
2026-10-07T18:01:40+03:00,12.78,288.254,150.50898725068845,11.5668,98.99564784270365,93.42076849608073,-2.9191053746325184,6.82344,7.095599999999999,-0.3495042550298022,,-5.1680793120800255,24.738989,59.472335,17.825506156580598,161.37091793144168,260.36656577414533,-6.465935354289877,0.003963628397092973,4.0526955143259995
2026-10-07T18:01:50+03:00,13.31,288.269,168.72331555789734,9.6228,101.99794668918915,92.66446420650803,-2.0538818082054617,7.63992,7.4844,-0.3093972093706446,,-6.027516004776261,24.739695,59.47227,17.180305390600985,173.7119394624731,275.70988615166226,-7.593956718122855,0.003933534874950555,4.05662904920095
2026-10-07T18:01:54+03:00,14.13,288.269,163.92765881265234,7.85376,95.99907857416943,90.93986124316426,1.334877071095792,7.3094399999999995,7.63992,0.09740282517223994,,0.5844169510334397,24.739959,59.472251,15.014490387797265,171.67344730353838,267.6725258777078,-7.232389610697886,0.0038587596536717498,4.060487808854622
2026-10-07T18:01:56+03:00,15.15,288.263,177.63853885013293,8.456399999999999,96.99602513769707,92.17745008064685,-0.056149863922820675,7.32888,7.40664,-0.21772396214971285,,-3.0080284244368216,24.740086,59.472245,15.781945416604007,178.73491964704283,275.7309447847399,-7.327093590874734,0.0038943062789781376,4.0643821151336
2026-10-07T18:01:58+03:00,15.18,288.265,173.049146911135,7.4844,98.99564784270365,91.63314017527254,-1.0033063950535845,7.1150400000000005,7.17336,-0.1546986046853223,,-1.7417916971977028,24.740198,59.472234,14.572607219578463,176.4365386247292,275.43218646743287,-7.101283555479554,0.0034829251117057414,4.067865040245305
2026-10-07T18:02:00+03:00,15.15,288.257,162.18586711545464,9.05904,96.99602513769707,89.5762216907529,0.4363073609921219,6.88176,6.82344,0.3036676314193363,,-0.9339212060632418,24.740325,59.472226,15.75217404569329,169.86664987924166,266.86267501693874,-6.774410996308288,0.003907275222672786,4.071772315467978
2026-10-07T18:02:02+03:00,15.45,288.261,166.50023931278972,10.244879999999998,95.99907857416943,90.1262611740785,-0.711327102654917,7.270560000000001,7.387199999999999,-0.2578310078088704,,-3.6096341093241864,24.74044,59.472221,17.39754794835782,172.0987363746209,268.0978149487903,-7.201536442331284,0.0035240275005333633,4.075296342968511
2026-10-07T18:02:04+03:00,15.48,288.261,174.13776672188362,8.786879999999998,93.99945586916286,89.9257259457827,-1.6505195204333623,6.74568,6.95952,-0.4469070802020421,,-0.8479775367936184,24.74056,59.472213,15.51259043095038,176.68336225203015,270.682818121193,-6.734381383187621,0.003695270431319488,4.078991613399831
2026-10-07T18:02:06+03:00,15.33,288.265,169.85204241430503,8.72856,92.99677972768393,87.8344299935552,-0.09132947254385322,6.492959999999999,6.804,-0.19480565034447989,,0.3323155211758775,24.740677,59.472208,15.163161105057707,174.1788889229488,267.1756686506327,-6.4594784434689725,0.0035848743355019817,4.0825764877353325
2026-10-07T18:02:08+03:00,15.18,288.266,176.73326553382623,8.92296,89.9944808811984,90.39555133778998,0.4139620069820198,6.492959999999999,6.55128,0.0,,-3.5007721282493303,24.740792,59.472209,15.40981194373392,178.1090982704952,268.10357915169357,-6.489424376868244,0.0035117047523462335,4.086088192487678
2026-10-07T18:02:10+03:00,15.15,288.25,169.27908461917423,8.68968,99.99832398418258,89.04910051923255,1.5709356826896912,6.25968,7.83432,0.23491269600363757,,-1.627200138171538,24.740917,59.472199,14.885712729214031,173.7657230796174,273.7640470638,-6.222661354101864,0.003863554756003835,4.089951747243682
2026-10-07T18:02:12+03:00,15.78,288.262,172.7569384356183,9.136800000000001,103.99756939419571,90.93986124316426,-0.2271204699898583,6.92064,7.7176800000000005,0.37242256683503505,,-1.9767043932013404,24.741041,59.472183,16.025985680797177,175.87799138760118,279.8755607817969,-6.902738003685485,0.003906221277553755,4.0938579685212355
2026-10-07T18:02:14+03:00,16.12,288.27,169.65150718600924,9.17568,100.9952705477102,96.15950675680607,2.11518829228446,7.44552,6.92064,-0.011459155902616466,,-4.89305957041723,24.741154,59.47217,16.554204588399653,174.28569483467842,275.2809653823886,-7.408521286926553,0.003537510318737117,4.097395478839973
2026-10-07T18:02:16+03:00,16.12,288.252,145.90240657783662,8.59248,102.99489325271679,99.70611550866586,-0.5475757648065277,6.59016,6.72624,-0.5614986392282068,,-2.039729750665731,24.741271,59.472159,14.52731137480209,160.63523588411869,263.6301291368355,-6.21733324891011,0.003632932803358517,4.101028411643331
2026-10-07T18:02:18+03:00,16.38,288.258,141.94899779143395,10.06992,108.99949094568781,96.82986737710912,-1.6458212665132899,6.55128,6.92064,-0.5500394833255903,,4.400315866604722,24.741399,59.472145,15.755053520806737,156.79941817522325,265.79890912091105,-6.021486757404847,0.003997685681551713,4.105026097324883
2026-10-07T18:02:20+03:00,16.68,288.268,163.9792250142141,9.136800000000001,106.99986824068124,99.34515209773343,-0.12708203896001657,7.3094399999999995,7.85376,0.06302535746439056,,-0.3552338329811104,24.74151,59.472127,16.28776182774026,171.0937977737864,278.09366601446766,-7.221310905656496,0.0035575809079939754,4.108583678232877
2026-10-07T18:02:24+03:00,16.98,288.266,154.03840726869433,7.8732,104.99451595772337,100.34782823921239,-1.0877603740558677,6.901199999999999,6.62904,-0.5271211715203573,,-3.580986219567645,24.741763,59.472081,14.398501689988638,166.1503526509651,271.14486860868845,-6.700562956865476,0.003952688792432037,4.112536367025309
2026-10-07T18:02:26+03:00,17.02,288.255,145.63884599207645,9.097919999999998,103.99756939419571,101.30466775708085,0.08542800725400575,6.5124,6.9984,0.3609634109324186,,0.7620338675239948,24.741876,59.472065,14.933306881080833,159.8879135201962,263.8854829143919,-6.115285157285838,0.0035816724795618665,4.116118039504871
2026-10-07T18:02:28+03:00,17.55,288.268,138.287797480548,9.078479999999999,107.99681480420887,101.68281990186719,-0.6976907071308035,7.44552,7.542719999999999,-0.13750987083139757,,-2.469448097013848,24.742002,59.472048,15.452247119764172,156.98771364638577,264.98452845059467,-6.853013298608586,0.003980454015195009,4.120098493520065
2026-10-07T18:02:30+03:00,17.88,288.272,153.78057626088545,7.44552,106.99986824068124,99.33369294183083,-0.8514152835644033,6.92064,7.056719999999999,0.31512678732195276,,-3.884653850986982,24.742129,59.472032,13.99224893374448,166.40278790397122,273.40265614465244,-6.726671354062945,0.003995078570340405,4.1240935720904055
2026-10-07T18:02:32+03:00,17.73,288.269,143.4444176367254,8.32032,106.99986824068124,99.37379998748999,-0.23170413235090492,6.492959999999999,6.59016,0.320856365273261,,-2.320479070279834,24.742248,59.472017,14.07757780649115,159.38902629181266,266.3888945324939,-6.077359468690488,0.0037435356570688855,4.1278371077474745
2026-10-07T18:02:34+03:00,18.11,288.27,148.19423775835992,8.242560000000001,105.9971920992023,99.98686482827996,-1.5224634532216235,6.492959999999999,6.82344,-0.1432394487827058,,-1.5412564689019144,24.742365,59.471994,14.17966174167681,162.15962258499079,268.1568146841931,-6.180737753467917,0.00383045681211979,4.131667564559594
2026-10-07T18:02:36+03:00,18.22,288.27,149.46047448559904,7.75656,100.9952705477102,96.45744481027408,-0.5462006660982138,6.7068,6.492959999999999,-0.05156620156177409,,-0.9740282517223995,24.742478,59.471978,13.955492153408668,163.59508978333207,264.5903603310423,-6.433764659685964,0.00358168103706097,4.135249245596655
2026-10-07T18:02:38+03:00,18.18,288.272,157.10946105059554,7.698239999999999,100.9952705477102,94.96202496498265,0.39814837183640905,6.95952,7.095599999999999,0.1546986046853223,,0.4469070802020421,24.742589,59.471963,14.367033854080582,167.97013677970943,268.96540732741965,-6.806682690510508,0.0035069664411013393,4.138756212037756
2026-10-07T18:02:40+03:00,18.18,288.283,171.47351297452528,7.814879999999999,102.99489325271679,97.11634627467454,-0.4369376145667658,7.01784,6.97896,-0.045836623610465865,,-5.225375091593108,24.742711,59.471952,14.791796962013123,175.507247517882,278.50214077059877,-6.996275934159792,0.003783168357333459,4.14253938039509
2026-10-07T18:02:42+03:00,18.07,288.276,157.55063855284627,6.27912,102.99489325271679,96.08502224343906,-3.217845569013729,6.14304,6.37632,0.3781521447863433,,-2.9335439110698154,24.742829,59.471938,12.184570213317878,168.65075978133322,271.64565303405004,-6.022918378772535,0.003699785032898635,4.146239165427988
2026-10-07T18:02:44+03:00,18.45,288.276,137.81224251058939,7.42608,104.99451595772337,93.7473544393053,-0.09442344463755967,6.25968,7.83432,-0.18334649444186346,,4.194051060357626,24.742926,59.471924,12.77560300656066,157.02314301145918,262.01765896918255,-5.763053283732397,0.003078868227358949,4.149318033655347
2026-10-07T18:02:46+03:00,19.01,288.276,179.62670239923688,7.1150400000000005,103.99756939419571,96.50328143388455,1.275862418197317,7.03728,7.44552,-0.7964113352318443,,0.38961130068895977,24.743045,59.471905,14.15224490875759,179.81232565313206,283.80989504732776,-7.037242248083078,0.0038086092844634286,4.15312664293981
2026-10-07T18:02:48+03:00,19.23,288.281,165.43453781384642,6.1624799999999995,105.9971920992023,94.54949535248845,-0.997233042425198,5.851439999999999,6.76512,-0.4297183463481174,,2.452259363159923,24.743144,59.471892,11.917065268255605,172.52769789603715,278.52488999523945,-5.80174866119975,0.0031220713566717934,4.156248714296482
2026-10-07T18:02:50+03:00,19.23,288.27,161.876469906084,7.270560000000001,100.9952705477102,93.63276288027913,0.8047192232612413,6.337439999999999,6.84288,0.1546986046853223,,2.595498811942629,24.743261,59.471876,13.438963934576647,170.31164837197073,271.3069189196809,-6.24705354863136,0.003699480937873397,4.159948195234356
2026-10-07T18:02:52+03:00,19.23,288.279,-167.52756623383618,7.056719999999999,101.99794668918915,95.13964188147321,0.132238659116194,6.8623199999999995,6.8623199999999995,-0.011459155902616466,,-0.6302535746439055,24.743382,59.471862,13.83669017506115,173.6763396048593,288.32160708432986,-6.820566596368109,0.0037890466621768016,4.163737241896532
2026-10-07T18:02:54+03:00,19.31,288.266,163.94484754650625,6.47352,102.99489325271679,95.3516362656716,1.164250239705833,5.98752,6.18192,-0.005729577951308233,,0.9052733163067008,24.743498,59.471849,12.339120558518342,171.65727408540639,274.65216733812315,-5.924159263389398,0.0036269334225307866,4.167364175319063
2026-10-07T18:02:56+03:00,19.68,288.285,149.93602945555762,6.76512,101.99794668918915,92.02848105391283,-0.8482067199116707,5.94864,6.804,-0.02864788975654116,,3.185645340927377,24.743605,59.47184,12.280536164824904,163.979979531833,265.97792622102213,-5.717626488206943,0.003311454809221016,4.170675630128285
2026-10-07T18:02:58+03:00,20.21,288.277,-177.2735783290115,8.00928,100.9952705477102,93.50098258739904,-0.4795656745244991,6.454079999999999,6.59016,0.13178029288008933,,-1.2146705256773451,24.743731,59.471828,14.459313791888905,178.49018000874955,282.50509053896064,-6.451839296999408,0.003914119714876692,4.174589749843162
2026-10-07T18:03:00+03:00,20.28,288.272,164.08808699528896,6.72624,99.99832398418258,93.94788966760109,-0.496926295716963,5.773680000000001,6.201359999999999,-0.1604281826366305,,-0.7677634454753031,24.743846,59.471817,12.380307331136203,171.4338536340808,271.4321776182634,-5.70927207366875,0.0035729405914128546,4.178162690434575
2026-10-07T18:03:02+03:00,20.13,288.28,154.53115097250685,6.62904,95.99907857416943,91.68470637683433,-0.07087487925768284,5.773680000000001,6.10416,0.5042028597151245,,2.5611213442347798,24.743954,59.471813,12.099110596512823,166.3726588635098,262.37173743767926,-5.611143297036353,0.003306257724837815,4.181468948159413
2026-10-07T18:03:04+03:00,20.28,288.27,175.799344327763,7.6788,97.99870127917599,92.7790557655342,-1.3206104219970345,6.045839999999999,6.318,-0.48701412586119974,,0.3380450991271857,24.744063,59.471803,13.715550138808766,177.64966439157004,275.64836567074605,-6.040753954407878,0.003381881938114679,4.184850830097528
2026-10-07T18:03:06+03:00,20.28,288.262,159.1778386910178,5.94864,97.99870127917599,92.37225573099133,2.5706897394134645,6.1624799999999995,5.773680000000001,-0.19480565034447989,,1.2318592595312698,24.744185,59.471795,11.911791754477449,169.77479216724714,267.7734934464231,-6.064605043507792,0.003755869480904046,4.188606699578432
2026-10-07T18:03:08+03:00,20.13,288.28,159.4299401208754,6.74568,96.99602513769707,92.09723598932852,-0.41000859819561714,6.24024,5.851439999999999,0.2578310078088704,,0.6073352628386726,24.744294,59.47179,12.777577302761756,169.31030531127902,266.3063304489761,-6.131947966747283,0.0033415812556103703,4.191948280834042
2026-10-07T18:03:10+03:00,20.13,288.27,168.33370425720835,7.542719999999999,98.99564784270365,90.95704997701819,0.6844553820632814,6.39576,6.62904,0.3781521447863433,,3.8216284935225904,24.744401,59.471781,13.866797584448905,173.6852041866653,272.6808520293689,-6.356954269852227,0.0033114604373497463,4.195259741271392
2026-10-07T18:03:12+03:00,20.13,288.266,-175.22238942244317,8.9424,96.99602513769707,93.63276288027913,-0.7428397813871124,6.39576,6.57072,-0.38388172273765153,,-0.5614986392282068,24.744535,59.471773,15.325198624147376,177.21435069026458,279.78167444743247,-6.388202394279316,0.00411951347427867,4.19937925474567
2026-10-07T18:03:14+03:00,19.8,288.276,160.03727538371402,8.68968,98.99564784270365,91.35812043360976,0.4828315339567448,5.9292,6.47352,0.3781521447863433,,1.9767043932013404,24.744645,59.471762,14.405559501838672,168.11525871692743,267.1109065596311,-5.802100872141694,0.003423037054269963,4.20280229179994
2026-10-07T18:03:16+03:00,19.68,288.281,169.30773250893074,9.914399999999999,96.99602513769707,91.79929793586051,-0.05288400449057499,6.39576,6.53184,-0.40107045659157625,,3.214293230683918,24.744754,59.471756,16.242519706825895,173.49732699936348,270.4933521370606,-6.354613347259038,0.003347525887049061,4.206149817686989
2026-10-07T18:03:18+03:00,19.68,288.283,159.14919080126126,8.92296,96.99602513769707,90.52733163067008,0.3432017192833631,6.76512,6.6095999999999995,0.040107045659157625,,1.8105466326134017,24.744878,59.471746,15.434030871264495,168.12488917486183,265.1209143125589,-6.6203360642624745,0.0038334474996744063,4.209983265186664
2026-10-07T18:03:20+03:00,19.83,288.274,160.66752895835796,9.195120000000001,91.99983316415629,91.19769225097312,-0.4799667449810907,6.68736,6.492959999999999,-0.18334649444186346,,0.5672282171795151,24.744998,59.471738,15.662650997241435,168.7932411656988,260.7930743298551,-6.559846996934926,0.0036953215017068207,4.213678586688371
2026-10-07T18:03:22+03:00,20.02,288.28,155.11556792354025,8.28144,95.99907857416943,88.50479061385826,0.6481298578519872,6.337439999999999,6.648479999999999,0.18907607239317165,,4.675335608267518,24.74512,59.471733,14.281681102365818,165.8772078287329,261.87628640290234,-6.145891059022206,0.0037370714665560826,4.217415658154927
2026-10-07T18:03:24+03:00,20.43,288.279,167.20497740080066,9.15624,92.99677972768393,88.90586107044986,-1.4425931365803866,6.97896,7.17336,0.10886198107485642,,-0.7620338675239948,24.745235,59.471726,16.036557437572302,172.73567060270605,265.73245033038995,-6.922942378902773,0.0035363598280493944,4.2209520179829765
2026-10-07T18:03:26+03:00,20.58,288.288,176.61294439684875,9.408959999999999,93.99945586916286,89.24963574752834,1.021010790923127,7.07616,7.13448,-0.18334649444186346,,-0.08594366926962349,24.745364,59.471725,16.478063602675114,178.0667536217523,272.0662094909152,-7.072132314138199,0.003939154478898452,4.2248911724618745
2026-10-07T18:03:28+03:00,20.58,288.272,174.24662870295847,10.18656,96.99602513769707,88.83137655708283,-1.9514369544360708,7.2122399999999995,7.07616,-0.3380450991271857,,3.7643327140095084,24.745479,59.471718,17.377516221693572,176.63114421421474,273.6271693519118,-7.199776654699522,0.0035363606535047235,4.228427533115379
2026-10-07T18:03:32+03:00,21.56,288.287,-163.31059686167336,10.26432,90.99715702267736,94.3031235005822,-0.46363744781986216,6.53184,6.940079999999999,0.14896902673401402,,-2.045459328617039,24.745747,59.471712,16.62716278199652,169.78835757533997,281.20879944733736,-6.428373069567722,0.004000214068862969,4.232427747184242
2026-10-07T18:03:34+03:00,21.78,288.288,161.24048675348877,9.70056,98.99564784270365,92.60716842699497,-0.7067434402938705,6.39576,7.095599999999999,-0.41252961249419273,,0.9339212060632418,24.745846,59.471701,15.890239879503154,168.67780211134857,267.6734499540522,-6.271290005798961,0.0030941901026025477,4.235521937286845
2026-10-07T18:03:36+03:00,21.63,288.291,167.96128169037334,10.1088,99.99832398418258,92.95667268202477,0.3068761950720689,6.88176,7.40664,-0.641712730546522,,3.9362200525487556,24.745963,59.471688,16.90027122234314,172.83330445109144,272.831628435274,-6.827995468535496,0.003656771360946725,4.239178708647792
2026-10-07T18:03:40+03:00,21.33,288.284,168.61445357682248,10.53648,97.99870127917599,92.9910501497326,-1.4074135279593543,6.97896,6.88176,-0.26356058576017866,,-2.1715100435458203,24.746236,59.471666,17.43262747962235,173.14731955196868,271.14602083114465,-6.929103860473185,0.003998256337057689,4.243176964984849
2026-10-07T18:03:42+03:00,21.33,288.28,158.8397935918906,11.97504,101.99794668918915,92.24047543811125,0.5404710881469056,7.23168,10.225439999999999,-0.7849521793292279,,3.85600596123044,24.746351,59.471654,18.900266757510693,166.77875976880006,268.77670645798923,-7.039998417485649,0.003584567006290666,4.24676153199114
2026-10-07T18:03:46+03:00,20.88,288.292,171.39902846115825,11.119679999999999,97.99870127917599,91.90815991693536,-0.5983971212346318,7.7176800000000005,7.6593599999999995,-0.6016056848873644,,-0.7620338675239948,24.746625,59.471632,18.78605556773452,174.92143877372249,272.9201400528985,-7.6873823787172055,0.0040059337134940864,4.250767465704635
2026-10-07T18:03:50+03:00,20.88,288.283,174.07474136441922,11.2752,98.99564784270365,93.63849245823044,1.123341053133492,7.950959999999999,8.28144,-0.836518380891002,,5.213915935690491,24.746907,59.471609,19.201232129470675,176.5246830508469,275.5203308935505,-7.936338228619155,0.0041655001420930916,4.254932965846728
2026-10-07T18:03:54+03:00,20.73,288.288,168.93530994209573,10.96416,99.99832398418258,93.08272339695354,0.6754026489002145,7.270560000000001,8.0676,-0.3323155211758775,,0.4239887683968092,24.747176,59.47159,18.15327428616822,173.34367920861075,273.3420031927933,-7.221551368191194,0.004064292434201056,4.258997258280929
2026-10-07T18:03:56+03:00,20.88,288.283,159.40129223111884,10.41984,98.99564784270365,93.60411499052259,-0.8293564084518666,7.15392,7.542719999999999,-0.3380450991271857,,-0.5786873730821314,24.747303,59.471581,17.3004518330082,167.76645597925977,266.7621038219634,-6.991468827001536,0.0039152002788215914,4.26291245855975
2026-10-07T18:04:00+03:00,20.58,288.291,153.01281281541017,9.17568,101.99794668918915,94.75576015873554,-0.14965657608817104,7.13448,7.29,-0.813600069085769,,2.079836796324888,24.747572,59.471553,15.867084640545537,164.78628447985534,266.78423116904446,-6.884442900114405,0.004064296744768191,4.266976755304518
2026-10-07T18:04:02+03:00,20.43,288.294,171.4219467729635,9.661679999999999,101.99794668918915,91.91961907283797,-1.5403397364297053,7.52328,7.36776,-0.44117750225073393,,3.7528735581068924,24.747691,59.471541,17.137579318066514,175.17628736551939,277.17423405470856,-7.496633615814838,0.003704292699484432,4.270681048004002
2026-10-07T18:04:03+03:00,20.7,288.279,167.46853798656082,9.272879999999999,94.99640243269049,89.1579625003074,-0.40198718906378555,7.6593599999999995,8.39808,-0.03437746770784939,,3.678389044739885,24.747826,59.471536,16.832014963417812,173.13482040678522,268.1312228394757,-7.604443686638097,0.004132855797916467,4.274813903801919
2026-10-07T18:04:07+03:00,20.88,288.281,-167.17233240085508,4.0824,92.99677972768393,86.26452563489674,-4.32090391619959,7.2122399999999995,6.74568,-0.492743703812508,,-2.423611473403382,24.748116,59.471523,11.229390841090897,175.37037805888428,277.62640166879964,-7.188708497383276,0.00397652712249912,4.278790430924418
2026-10-07T18:04:09+03:00,20.77,288.288,-170.97677216052375,3.18816,91.99983316415629,73.58496962865163,-5.400241810667035,6.84288,6.7068,-0.9396507840145503,,2.9220847551671985,24.748242,59.47152,10.004089447108203,177.1351046062927,274.8647285578636,-6.8343275466248805,0.0038513452637310426,4.282641776188149
2026-10-07T18:04:18+03:00,20.77,288.29,-152.39002128647985,10.06992,71.99787653613924,74.84547677793944,-0.11029437556268348,6.5124,7.3094399999999995,-0.10313240312354818,,2.360586115938992,24.748504,59.471541,16.125673998854303,163.17744906990492,268.8204274662343,-6.233706165869705,0.0039358928031410665,4.28657766899129
2026-10-07T18:04:20+03:00,21.03,288.279,-143.01070218018828,6.43464,79.99636735616555,74.82828804408551,1.9459938553823282,6.78456,7.01784,0.7333859777674538,,0.1776169164905552,24.748636,59.471548,12.536963150048095,162.0126453249736,277.983722031192,-6.452962553736274,0.004052218301308864,4.290629887292599
2026-10-07T18:04:22+03:00,21.33,288.28,-146.94692223273705,6.7068,78.9994207926379,77.47535305758993,-2.485891985734103,6.29856,6.74568,1.1172677005051053,,-2.5783100780887045,24.748742,59.471558,12.468624386128122,162.93982371436883,276.05959707826906,-6.021405460052405,0.0032918072264489073,4.293921694519049
2026-10-07T18:04:24+03:00,21.18,288.283,-168.59326773277954,7.6593599999999995,81.99599006117212,75.42416415102157,2.020306481410796,6.8623199999999995,7.270560000000001,0.985487407625016,,-2.0282705947631143,24.748864,59.471567,14.450010903495984,173.9825628092544,268.01342725191773,-6.8245088741156605,0.0037640629297184132,4.297685757448767
2026-10-07T18:04:26+03:00,21.48,288.287,-157.51799355290072,11.00304,77.99674465115896,74.70796690710804,-2.156899619769984,6.901199999999999,7.42608,0.08594366926962349,,1.3006141949469687,24.748994,59.471579,17.578957994292264,166.15193789453048,271.8448067566285,-6.700608660649355,0.004034250760840241,4.301720008209608
2026-10-07T18:04:28+03:00,21.78,288.274,-165.64826466580712,9.5256,82.99866620265107,76.08879519337333,1.78579485586375,6.7068,7.056719999999999,-0.29793805346802804,,-0.9797578296737078,24.749113,59.471586,16.10910680965601,171.57166661087732,271.4269995917738,-6.634366374577099,0.0036576669604779307,4.305377675170085
2026-10-07T18:04:30+03:00,21.93,288.277,-152.23532268179454,8.262,77.99674465115896,77.22325162773235,-1.4222531348532426,7.095599999999999,7.29,0.5213915935690492,,-3.437746770784939,24.749238,59.471596,14.911638248840994,165.04230430733858,272.95444034382035,-6.855177386032285,0.0038636231554674957,4.309241298325553
2026-10-07T18:04:32+03:00,21.78,288.288,-164.9549857336988,10.886399999999998,79.99636735616555,75.55021486595035,-0.04755549699585833,6.55128,7.17336,0.1546986046853223,,-0.05729577951308232,24.749349,59.471604,17.29691610122363,170.5972039607378,269.39916339542776,-6.463258247386422,0.003423066252634921,4.312664364578188
2026-10-07T18:04:34+03:00,21.78,288.294,-176.9126149180791,9.408959999999999,75.99712194615239,76.71331919006593,-1.686443974188065,7.387199999999999,7.40664,0.06875493541569878,,1.208940947726037,24.749475,59.471613,16.79015254667864,178.27044829404574,257.7266736521067,-7.383834584283989,0.003884960183549468,4.316549324761738
2026-10-07T18:04:38+03:00,22.23,288.292,-165.47064774931656,6.804,76.99979808763133,72.35311036912034,-1.5496789484903377,6.6679200000000005,7.270560000000001,0.31512678732195276,,-2.498095986770389,24.749735,59.471632,13.363786476067972,172.6615475728897,264.3382505147416,-6.613302690104961,0.0038541399878285324,4.320403464749567
2026-10-07T18:04:40+03:00,22.57,288.285,-155.86214552497265,6.045839999999999,80.99904349764448,71.4077300071545,-1.832548211946425,7.348319999999999,7.503839999999999,-0.6990085100596044,,-5.67228217179515,24.749865,59.471638,13.100936695147942,169.122183873174,271.87685962447046,-7.216284308781582,0.0039855895579375125,4.324389054307504
2026-10-07T18:04:44+03:00,23.13,288.301,-160.94428116778306,8.59248,75.99712194615239,67.4314029089466,0.4708567160385105,7.15392,7.01784,-0.19480565034447989,,3.724225668350351,24.750131,59.471668,15.531007607957184,169.59364971662225,266.40347222953017,-7.036248440907545,0.0041001292486299214,4.328489183556134
2026-10-07T18:04:46+03:00,23.13,288.285,-158.80714859194507,7.17336,69.99825383113267,64.91611818832227,0.7486266551179336,7.2122399999999995,7.542719999999999,0.06302535746439056,,1.673036761782004,24.750259,59.471692,14.14028162038706,169.43254433201307,260.56570949911963,-7.089918072875259,0.0041659133231255994,4.33265509687926
2026-10-07T18:04:50+03:00,23.73,288.288,-167.2296281803682,9.87552,71.99787653613924,63.552478635910916,-1.605656925074619,7.56216,6.74568,-0.08594366926962349,,2.440800207257307,24.750518,59.47175,17.331418588401814,172.76426519049406,259.23361134564516,-7.501937523325923,0.004051553905374418,4.336706650784635
2026-10-07T18:04:52+03:00,23.73,288.288,-142.77578948418466,9.11736,65.99900842111953,61.948196809544605,-0.9682413779915782,7.03728,8.08704,-0.011459155902616466,,2.6699833253096363,24.750636,59.471772,15.324155581267323,158.90493375632428,267.09407466479524,-6.565673378886591,0.0038378479239642993,4.340544498708599
2026-10-07T18:04:54+03:00,23.88,288.294,-137.51030734693236,10.303199999999999,63.999385716112954,59.186540237014036,-1.1493533370324314,7.6593599999999995,8.22312,0.4469070802020421,,1.598552248414997,24.750749,59.471797,16.76922007648456,155.48012761723675,268.5192580988762,-6.96861888260722,0.0037632107297446084,4.344307709438344
2026-10-07T18:05:00+03:00,24.33,288.292,-127.00226138423307,8.41752,61.99976301110639,61.06584180504315,0.2773688686228315,7.23168,7.970399999999999,-0.12605071492878112,,-1.7818987428568602,24.751123,59.471893,14.015135405185035,151.33759088038724,270.6621721307191,-6.345517469344879,0.003950095177599945,4.348257804615944
2026-10-07T18:05:02+03:00,24.48,288.298,-131.889591376699,9.64224,62.99670957463401,60.229323424152135,-1.2048156516010953,7.2122399999999995,7.503839999999999,0.05729577951308232,,-2.9163551772158907,24.75123,59.471918,15.422561796877329,152.262460476778,270.73424909785604,-6.383473399936936,0.003595988383501778,4.351853792999446
2026-10-07T18:05:04+03:00,24.67,288.292,-138.1634792333815,9.078479999999999,65.99900842111953,59.98868115019719,-0.2667691494129113,6.648479999999999,7.32888,0.02864788975654116,,-4.004974987964455,24.751354,59.471939,14.716004876625414,155.70184970997627,270.29715871114325,-6.059534779447552,0.003990887224704814,4.355844680224151
2026-10-07T18:05:08+03:00,24.78,288.295,-146.8667081414187,8.68968,66.99595498464716,63.07119408800102,-0.9590167574899718,7.23168,7.23168,-0.5786873730821314,,1.581363514561072,24.751842,59.472055,15.26610541128149,161.87290651099894,265.1230484736482,-6.87276243334754,0.00405152196867531,4.359896202192826
2026-10-07T18:05:12+03:00,24.93,288.276,-147.74333356796888,10.0116,67.99863112612611,59.770957188047475,-0.032486706983917674,7.095599999999999,8.14536,-0.5271211715203573,,-2.733008682774027,24.752089,59.472108,16.453844554671743,161.0498127968293,266.94881832929684,-6.711027465207108,0.003994513194777461,4.363890715387604
2026-10-07T18:05:16+03:00,25.12,288.277,-148.06991951119346,10.1088,64.99633227964058,62.19456866145086,1.5301410876763766,7.970399999999999,7.970399999999999,-0.41252961249419273,,0.09740282517223994,24.752342,59.472162,17.39182823058275,162.09692287350208,262.8994094061385,-7.584456459217669,0.004035138724155233,4.367925854111759
2026-10-07T18:05:20+03:00,25.31,288.288,-146.500015152535,6.62904,69.99825383113267,61.92527849773937,1.2579288392097223,7.60104,7.814879999999999,-0.3323155211758775,,-3.6039045313728777,24.752609,59.472207,13.629196697150846,164.4277149174133,265.57053891371936,-7.322025090860662,0.004080051641665689,4.372005905753424
2026-10-07T18:05:22+03:00,25.27,288.292,-161.98133477696985,5.48208,67.99863112612611,63.47799412254391,0.17119978918509,7.32888,7.42608,-0.23491269600363757,,-3.3403439456126995,24.752722,59.472233,12.656213833298471,172.3000161337327,255.6986149923934,-7.262797229235154,0.0037875728314178685,4.375793478584842
2026-10-07T18:05:24+03:00,25.23,288.292,-148.27618431744057,7.73712,69.99825383113267,62.76179687863038,-0.9664079130471596,7.42608,7.13448,-0.12605071492878112,,-5.580608924574218,24.75284,59.472261,14.586082133705327,163.8041481079277,266.194105723205,-7.131367709854985,0.003976504060412195,4.379769982645254
2026-10-07T18:05:26+03:00,25.27,288.292,-143.73835858000444,6.76512,68.99557768965373,63.655611039034454,2.1953450878232625,6.59016,7.387199999999999,-0.3323155211758775,,-4.463341224069113,24.75295,59.472283,12.692286746203616,161.62340001077044,267.3721776788833,-6.254093774966983,0.0036094794862070916,4.383379462131461
2026-10-07T18:05:28+03:00,25.5,288.301,-138.0832651420632,8.04816,71.99787653613924,64.66974633641601,-0.4855244355938596,7.2122399999999995,7.15392,-0.790681757280536,,-2.904896021313274,24.753065,59.472308,14.253917132129798,157.8396694149032,274.15820712123605,-6.679486006425641,0.003819225029194991,4.387198687160656
2026-10-07T18:05:30+03:00,25.53,288.288,-140.90221749410685,10.82808,70.99520039466032,60.9627094019196,0.17291866257048244,6.84288,7.23168,-1.0313240312354817,,3.6955777785938095,24.753182,59.472335,16.705647205164986,155.87272617883264,275.12247421582765,-6.245083958403153,0.003923614176431333,4.391122301337087
2026-10-07T18:05:32+03:00,25.57,288.288,-151.1008662474355,12.03336,61.99976301110639,58.13802747192463,-1.8079110267557996,7.387199999999999,7.348319999999999,-0.5328507494716656,,5.689470905649074,24.753304,59.472366,18.84194328399379,162.02279264103828,259.9769703700681,-7.026552242426492,0.004164961897135527,4.395287263234223
2026-10-07T18:05:38+03:00,26.13,288.297,-142.540876788181,10.26432,62.99670957463401,66.72093524298437,-3.5803559659930015,7.17336,7.6788,0.08021409131831525,,-2.469448097013848,24.753684,59.472462,16.544061255459635,157.83108114372163,265.16562843091236,-6.643072340507175,0.004139481646518165,4.399426744880741
2026-10-07T18:05:40+03:00,26.06,288.287,-165.01228151321192,13.0248,73.99749924114583,62.922225061267014,1.2626843889093082,6.9984,8.748,-1.0427831871380984,,11.029437556268347,24.753802,59.472482,19.867731080080013,170.23894184266894,263.7585573984769,-6.8970866548812175,0.0037980315478455128,4.403224776428587
2026-10-07T18:05:42+03:00,26.32,288.292,-144.9644882615844,10.26432,72.99482309966687,62.44667009130843,-1.9743552662413035,7.270560000000001,8.08704,-0.2578310078088704,,7.0015442564986605,24.753932,59.472499,16.745940522704014,159.39757690760777,273.5972461920591,-6.8055688282217695,0.004098560664767816,4.407323337093355
2026-10-07T18:05:44+03:00,26.43,288.299,-141.25745132708798,12.908159999999999,63.999385716112954,61.633070022222654,2.7393685142999793,7.503839999999999,8.1648,0.6703606203030631,,3.930490474597447,24.754059,59.472523,19.339710344259277,155.3104903862126,268.68889532990033,-6.817873992568053,0.004137193929598981,4.4114605310229535
2026-10-07T18:06:02+03:00,27.03,288.292,-168.74796633746487,9.38952,71.99787653613924,68.9726593778485,1.605771516633645,7.23168,7.8732,0.3323155211758775,,2.790304462287109,24.755271,59.47275,16.542488115151908,173.6412714230359,258.35660511310334,-7.187190378397276,0.004001309096550724,4.415461840119504
2026-10-07T18:06:04+03:00,27.22,288.294,-160.0103599617198,9.93384,72.99482309966687,69.55707632888193,-1.3443881704949636,7.63992,7.85376,-0.09740282517223994,,4.2398876839680915,24.755398,59.47277,17.311629607343036,168.68738230953826,264.3074407901286,-7.491487687924407,0.00405959049463647,4.41952143061414
2026-10-07T18:06:05+03:00,27.48,288.285,-148.6657956181295,9.89496,68.99557768965373,68.65753259052654,-3.325790817616377,7.29,7.4844,-1.0542423430407146,,-0.06875493541569878,24.755522,59.472791,16.56143338590284,161.89847029624758,267.09710739340613,-6.929199213802994,0.003990796656122142,4.423512227270263
2026-10-07T18:06:09+03:00,27.37,288.279,-163.7059377403136,8.514719999999999,71.99787653613924,67.76371843012247,-1.0108121421697984,7.6788,8.378639999999999,-0.22918311805232927,,2.733008682774027,24.755774,59.472834,16.030527288127956,171.4295640769604,260.56831245917886,-7.593053975127355,0.003884989359596563,4.427397216629859
2026-10-07T18:06:11+03:00,27.63,288.288,-151.18108033875384,8.47584,70.99520039466032,66.91001131537753,-1.3463362269984083,7.75656,8.514719999999999,0.06302535746439056,,-1.9652452372987235,24.755905,59.472851,15.72278147343807,164.93825437657264,266.0569460180877,-7.490093816650383,0.0041280950268192985,4.431525311656678
2026-10-07T18:06:13+03:00,27.71,288.29,-163.25330108216025,8.90352,69.99825383113267,66.91001131537753,2.4227520367106865,7.056719999999999,7.52328,-0.41252961249419273,,1.9079494577856415,24.756024,59.472868,15.792396722710224,170.65088604649654,259.34736778463616,-6.962984367635811,0.003774206504329227,4.435299518161007
2026-10-07T18:06:15+03:00,27.93,288.298,-162.0099826667264,9.11736,72.99482309966687,64.84163367495526,-2.324547070625263,6.88176,7.46496,-0.5557690612768985,,3.804439759668666,24.756141,59.472887,15.806227440173796,169.7378723119533,263.25695078771355,-6.771672558450459,0.0037503022805406004,4.439049820441547
2026-10-07T18:06:19+03:00,28.31,288.299,-140.71887099966497,8.32032,68.99557768965373,62.87065885970523,-3.62103596944729,6.62904,7.01784,-0.25210142985756223,,-4.520637003582196,24.75639,59.472925,14.091073538092143,158.0473478845403,270.94822980511344,-6.148388886294221,0.0037616644244972035,4.442811484866045
2026-10-07T18:06:21+03:00,28.27,288.295,-148.04127162143692,11.33352,72.99482309966687,62.27478275276918,1.3983607947962873,6.6679200000000005,9.60336,-0.4640958140559668,,-1.0771606548459478,24.756517,59.472948,17.353477629359173,159.77607126449286,273.21875183517403,-6.256834278602414,0.004116574649858388,4.446928059515903
2026-10-07T18:06:23+03:00,28.42,288.301,-145.64630803779008,6.318,71.99787653613924,63.56393779181352,-1.1654534510756076,7.40664,8.184239999999999,-1.1459155902616465,,-0.29793805346802804,24.756643,59.472973,13.116431397307473,164.22768234745212,267.7701941886871,-7.1277758037242025,0.0041300325957352516,4.451058092111638
2026-10-07T18:06:27+03:00,28.53,288.297,-167.76247892983986,9.097919999999998,73.99749924114583,66.05630420063261,2.4236687691828953,7.698239999999999,8.1648,-0.6875493541569879,,0.32658594322456924,24.7569,59.47302,16.70114027371054,173.36940908876716,260.62809015237866,-7.646748456313906,0.00405956309035397,4.455117655201992
2026-10-07T18:06:35+03:00,28.83,288.287,-140.1000765809237,11.702879999999999,75.99712194615239,69.71750451151858,-4.451194518812339,7.40664,8.10648,-0.1604281826366305,,-5.368614540375813,24.757445,59.47309,18.022489027404355,155.38468428822387,280.6124376579285,-6.733560113951316,0.003862067272525102,4.458979722474517
2026-10-07T18:06:37+03:00,29.02,288.288,-168.79953253902661,11.58624,71.99787653613924,67.94706492456433,-1.326569183066395,7.03728,8.10648,-0.590146528984748,,-1.9136790357369495,24.757567,59.473113,18.539945321431752,173.02774894416493,258.97012759197435,-6.985239721367117,0.003973097251534977,4.462952819726052
2026-10-07T18:06:39+03:00,28.87,288.288,-153.42134531771535,8.33976,67.99863112612611,69.02995515736158,0.9646890396617671,7.2122399999999995,7.6788,-0.6589014644004466,,0.5844169510334397,24.757682,59.473135,15.137762951556953,165.72963475700982,262.2689963691163,-6.989694475159061,0.003751859674369374,4.466704679400421
2026-10-07T18:07:14+03:00,31.12,288.302,-158.29148657632734,9.020159999999999,77.99674465115896,66.66363946347128,1.2519700781403618,6.9984,7.60104,-0.9224620501606254,,3.3976397251257815,24.760052,59.473417,15.736583962373741,167.75943189436924,270.2373127567897,-6.839298524187741,0.0038955497440098085,4.470600229144431
2026-10-07T18:07:16+03:00,31.42,288.294,-140.7818963571294,9.078479999999999,68.99557768965373,70.60558909397135,-0.266597262074372,7.251119999999999,8.63136,-0.45836623610465854,,0.693278932108296,24.760172,59.473441,15.394775531928236,158.10792258798668,270.88765510166706,-6.728225929401034,0.0039374972436996905,4.474537726388131
2026-10-07T18:07:18+03:00,31.38,288.302,-152.71087765175312,12.0528,76.99979808763133,69.71750451151858,1.7647673047824486,7.83432,8.0676,-0.18334649444186346,,-5.551961034817677,24.760299,59.473456,19.351466038383386,163.40775728190093,273.5920408057304,-7.508108669408619,0.003980879066850991,4.4785186054549815
2026-10-07T18:07:26+03:00,31.76,288.297,-131.4827913421561,10.63368,75.99712194615239,68.72628752594224,-3.2445454022668256,7.2122399999999995,7.52328,-0.5958761069360561,,-7.345318933577154,24.760832,59.473523,16.33074480366393,150.8033769145224,285.19374503163,-6.2959308895532065,0.003921309561670477,4.482439915016652
2026-10-07T18:07:28+03:00,31.83,288.297,-148.11575613480392,11.87784,74.99444580467346,68.44553820632815,2.989120817197505,7.03728,8.0676,0.05729577951308232,,-6.044704738630185,24.76096,59.473542,18.236168421091453,159.876924616007,275.1175211886665,-6.607694660696414,0.004071409759559955,4.486511324776212
2026-10-07T18:07:32+03:00,31.98,288.29,-149.6340942919006,9.68112,73.99749924114583,71.7572342621843,-1.8683007783625885,7.29,7.503839999999999,-1.7188733853924696,,-0.4812845479098915,24.76122,59.473585,16.39070162621451,162.62741545050767,271.37008379063815,-6.95745430996128,0.004145276091677067,4.490656600867889
2026-10-07T18:07:34+03:00,31.83,288.292,-150.14975630751832,10.26432,76.99979808763133,69.62010168634633,0.8107352801101148,7.095599999999999,8.88408,-1.1631043241155712,,1.6787663397333121,24.761345,59.473602,16.794094496237914,162.28944027280997,274.71035781482135,-6.759307097415307,0.003950785053035137,4.494607385920924
2026-10-07T18:07:48+03:00,30.93,288.292,-146.79222362805172,9.60336,75.99712194615239,71.4077300071545,0.22568807550203127,7.542719999999999,8.553600000000001,0.1604281826366305,,-5.334237072667964,24.762316,59.47374,16.44169058328444,161.3437091204456,274.6534128257068,-7.146384666312108,0.004083848041813362,4.498691233962737
2026-10-07T18:07:50+03:00,30.71,288.292,-152.92860161390286,9.93384,73.99749924114583,73.12087381459567,1.6602025071710733,7.44552,7.73712,0.16615776058793874,,-6.589014644004467,24.762448,59.473756,16.906669768522534,164.4902081131008,269.50729112804504,-7.174389661242954,0.004143215254712761,4.50283444921745
2026-10-07T18:07:52+03:00,30.45,288.297,-166.57645629391905,9.93384,73.99749924114583,72.53072728561091,-2.1194281799684282,6.76512,7.29,-0.03437746770784939,,-2.245994556912827,24.76257,59.47377,16.588650805880686,172.00898719161336,261.98851204953246,-6.699429918358744,0.003818618895542542,4.506653068112993
2026-10-07T18:07:54+03:00,30.18,288.287,-167.76820850779117,9.272879999999999,81.99599006117212,71.60826523545029,1.4555992785298564,6.804,7.62048,0.10886198107485642,,1.598552248414997,24.762688,59.473782,15.987541153262896,172.94140548849833,269.0545845726738,-6.752432489870706,0.003674116182337854,4.51032718429533
2026-10-07T18:07:56+03:00,30.03,288.287,-158.23419079681426,8.262,78.9994207926379,73.48183722552808,-0.8586345517830516,7.42608,6.804,-1.6386592940741544,,-2.343397382085067,24.762817,59.473797,15.40673966610094,168.53015795236627,270.46926284027165,-7.277777523521987,0.004040339186167963,4.514367523481498
2026-10-07T18:07:58+03:00,29.28,288.297,-155.552748315602,7.814879999999999,71.99787653613924,70.7717468545593,-0.03437746770784939,6.7068,7.251119999999999,0.16615776058793874,,-2.4751776749651566,24.762942,59.473819,14.194393238760616,166.8293204534116,265.1685560827276,-6.5303818600688714,0.004038940507832403,4.51840646398933
2026-10-07T18:08:00+03:00,29.25,288.292,-153.00308612726985,7.29,68.99557768965373,72.34165121321774,-0.1328689126908379,7.1150400000000005,7.32888,-0.09167324722093173,,-4.0393524556723035,24.763065,59.473841,14.007177692956393,166.3344925128416,262.66108517681215,-6.9136240493703776,0.003981292556956453,4.522387756546287
2026-10-07T18:08:04+03:00,28.83,288.292,-160.13068109869727,9.54504,72.99482309966687,73.99176966319452,1.7820706301953995,6.940079999999999,6.6679200000000005,0.022918311805232933,,-4.440422912263879,24.763327,59.473863,16.244146138075344,168.47995748017095,264.51486561949594,-6.800271423380719,0.0038633701982736454,4.526251126744561
2026-10-07T18:08:05+03:00,28.61,288.298,-148.70590266378866,5.832,79.99636735616555,74.38711054183477,-2.41278257107541,7.23168,6.76512,-0.21772396214971285,,-1.753250853100319,24.763452,59.473875,12.585221718429363,166.07186370864184,273.9245036475237,-7.019057004999468,0.003883888394184172,4.530135015138745
2026-10-07T18:08:07+03:00,28.42,288.301,-166.70823658679913,5.01552,78.9994207926379,69.6716678879081,0.0794119504051321,7.1928,6.6679200000000005,-0.005729577951308233,,2.1600508876432034,24.763576,59.473888,12.128902850686929,174.54454409039923,264.45487670223866,-7.160219579183305,0.0038655924246839865,4.534000607563429
2026-10-07T18:08:09+03:00,28.16,288.308,-137.78532708859518,7.6788,73.99749924114583,69.4596735037097,-1.1908927771794162,6.59016,7.776,-0.37242256683503505,,-5.2311046695444166,24.763692,59.473906,13.317390458008605,157.20574826969928,276.79175097144656,-6.075481848598438,0.0037031251053348878,4.5377037326687635
2026-10-07T18:08:11+03:00,27.71,288.292,-165.7170196012228,8.39808,71.99787653613924,65.38021400237824,0.49222804179689017,7.2122399999999995,8.57304,-0.4297183463481174,,6.279617434633823,24.763819,59.47392,15.489919396420051,172.3131950562377,259.68468147990154,-7.14743102827136,0.00396764534137418,4.541671378010138
2026-10-07T18:08:15+03:00,27.67,288.299,-147.74333356796888,12.0528,73.99749924114583,68.25646213393497,-0.21268193355256157,7.56216,7.62048,-0.09740282517223994,,-8.468316212033567,24.764098,59.473947,18.884199724351646,160.0840604295834,273.91343881156246,-7.109892904503853,0.004075116722245748,4.545746494732383
2026-10-07T18:08:17+03:00,27.18,288.305,-154.30370032221683,10.05048,66.99595498464716,69.50551012732016,-2.744639726015183,7.56216,7.6593599999999995,-1.1516451682129547,,0.5786873730821314,24.764218,59.473972,17.180581817455476,165.30624747294658,261.6897075117006,-7.314842707076242,0.003959860724921106,4.549706355457304
2026-10-07T18:08:19+03:00,27.07,288.303,-153.58750307830326,7.15392,72.99482309966687,67.47150995460574,1.4183570218463528,7.62048,7.52328,-0.040107045659157625,,0.2119943841984046,24.764339,59.473989,14.384071057284952,167.21832890859974,265.7764941910671,-7.431645859978711,0.0038329064597402546,4.553539261917044
2026-10-07T18:08:21+03:00,27.33,288.297,-140.42666252414827,11.4696,72.99482309966687,70.29046230664939,1.6427845901990965,7.40664,8.1648,-1.4438536437296745,,-5.76968499696739,24.764467,59.474007,17.81495073267365,155.78544992841728,277.2093731712496,-6.754974098686956,0.004054907878275811,4.55759416979532
2026-10-07T18:08:30+03:00,26.96,288.29,-141.67571051753347,12.48048,75.99712194615239,68.89244528653018,-5.020771862951891,7.15392,7.01784,-0.911002894258009,,-8.284969717591705,24.765038,59.474066,18.628755376059743,155.4524267426883,280.54469520346413,-6.507324625365172,0.004075102896276903,4.561669272691597
2026-10-07T18:08:32+03:00,26.17,288.298,176.5212711496278,9.60336,76.99979808763133,72.03798358179841,-0.9376454317315922,6.6095999999999995,6.84288,-0.5958761069360561,,10.94922346495003,24.765149,59.474086,16.20574452033882,177.9393626376111,254.93916072524246,-6.605325786180407,0.003595781725508381,4.565265054417105
2026-10-07T18:08:34+03:00,26.58,288.298,-135.6424649348059,9.64224,69.99825383113267,67.70642265060938,-2.5225612846224754,6.95952,8.43696,0.25210142985756223,,0.6302535746439055,24.765255,59.474108,15.406725034133482,154.0523278339105,275.94592599722216,-6.257958854428295,0.0034959670398576463,4.568761021456963
2026-10-07T18:08:42+03:00,26.58,288.297,-146.31093908014182,10.82808,76.99979808763133,72.27289627780205,-2.2714911787961487,7.56216,8.00928,-1.1459155902616465,,-7.098947081670899,24.765797,59.474194,17.62662320153184,160.0777435226298,276.92205456500153,-7.1096088570781655,0.004113766175565028,4.572874787632528
2026-10-07T18:08:44+03:00,26.43,288.297,176.70461764406969,9.64224,70.99520039466032,70.34775808616247,0.6222321655120739,7.32888,8.41752,-0.4297183463481174,,-0.9912169855763242,24.765922,59.474214,16.96423332151253,178.1276486680405,249.12284906270082,-7.324967103239464,0.004001151365453054,4.576875938997981
2026-10-07T18:09:00+03:00,26.28,288.302,-164.85185333057527,6.6679200000000005,78.9994207926379,72.44478361634128,-0.7018160032557453,8.02872,7.795439999999999,-0.6130648407899808,,-8.697499330085895,24.767008,59.474387,14.569520122398936,173.1313079282218,265.8681128644161,-7.971096589238357,0.004053731330632257,4.580929670328613
2026-10-07T18:09:02+03:00,26.13,288.305,171.23860027852163,8.80632,81.99599006117212,71.01811870646554,-0.6548334640550179,7.503839999999999,8.0676,-0.8823550045014679,,6.079082206338034,24.767142,59.474396,16.262814805826743,175.26879181123965,257.2647818724118,-7.478271477477245,0.00412664763681953,4.5850563179654324
2026-10-07T18:09:09+03:00,25.83,288.303,181.98155893722455,10.18656,73.99749924114583,64.4520223742663,-1.7213371039115324,7.1928,8.125919999999999,-0.641712730546522,,3.644011577032036,24.767661,59.474487,17.376838733840348,178.83853283896474,252.83603208011056,-7.1913221793783615,0.004098334495717814,4.589154652461151
2026-10-07T18:09:13+03:00,25.83,288.303,-121.1580918738987,10.92528,66.99595498464716,65.73544783535935,1.5811343314430197,7.056719999999999,7.387199999999999,-1.9595156593474157,,-4.222698950114167,24.767911,59.474544,15.77779561778614,143.66138300905288,283.33457197559426,-5.684393212522815,0.004029599402886642,4.593184251864037
2026-10-07T18:09:16+03:00,25.38,288.28,-150.36748026966805,8.92296,70.99520039466032,59.41572335506637,-0.037070369344964264,7.01784,8.67024,-1.7589804310516275,,1.6673071838306956,24.768024,59.474567,15.418480656784665,163.37306482337567,267.6221355712846,-6.724411227133368,0.0037165791468664736,4.596900831010903
2026-10-07T18:09:32+03:00,24.78,288.288,-156.07986948712235,10.342080000000001,76.99979808763133,77.85350520237625,-0.37459980645653224,7.3094399999999995,9.4284,-1.2719663051904275,,0.9740282517223995,24.7691,59.474786,17.27977767132348,165.95566702512622,271.04413106250513,-7.090948026613123,0.004116851363563925,4.601017682374468
2026-10-07T18:09:40+03:00,24.67,288.277,176.83066835899845,10.96416,80.99904349764448,80.042203979776,-1.4966803524407364,7.387199999999999,6.88176,-0.26356058576017866,,-8.279240139640395,24.769672,59.474816,18.344608251781413,178.10638285091915,259.10542634856364,-7.383165874349532,0.004031717564998389,4.605049399939466
2026-10-07T18:09:42+03:00,24.3,288.287,165.80696038068143,11.97504,87.99485817619184,78.74158978482905,-1.3583683406961555,7.348319999999999,7.40664,-1.0313240312354817,,0.9052733163067008,24.769801,59.474815,19.183849589300927,171.19607660249764,259.1909347786895,-7.261741382738664,0.003938794310118362,4.6089881942495845
2026-10-07T18:09:50+03:00,24.41,288.283,180.14236441485465,9.972719999999999,74.99444580467346,68.0673860615418,2.7126686810468827,7.814879999999999,7.83432,-0.49847328176381617,,-7.087487925768284,24.77036,59.474846,17.787586474723234,179.92018256959975,254.9146283742732,-7.814872416975354,0.0040687352380959765,4.613056929487681
2026-10-07T18:09:58+03:00,24.03,288.292,178.40057271765693,11.68344,67.99863112612611,68.36532411500983,3.601956474869434,7.15392,7.7176800000000005,-0.25210142985756223,,-11.54509957188609,24.770909,59.474953,18.835631217970075,179.0079801877221,247.00661131384823,-7.1528477435652515,0.004044649252489804,4.61710157874017
2026-10-07T18:10:00+03:00,24.48,288.295,-177.15898676998535,11.74176,77.99674465115896,71.14989899934562,-0.14627612509689916,7.62048,7.6788,-0.6359831525952138,,-7.408344291041544,24.771034,59.474965,19.3565592469595,178.27707739863342,259.71966725252554,-7.617034867913638,0.003883767410194463,4.6209853461503645
2026-10-07T18:10:13+03:00,24.52,288.285,-173.1712005158748,11.4696,77.99674465115896,67.5803719356806,-2.699261468640821,6.9984,7.698239999999999,-0.7505747116213785,,6.657769579420166,24.77203,59.475084,18.437140458596954,175.7580337272123,262.23871092394666,-6.97922834801729,0.003716093257729727,4.624701439408094
2026-10-07T18:10:15+03:00,24.63,288.283,-143.3143698116076,7.23168,70.99520039466032,65.12238299456938,0.1373379834928583,7.698239999999999,8.98128,-0.07448451336700701,,-0.4640958140559668,24.772143,59.475109,14.172099990721973,162.2507973253524,268.7444030693079,-7.331804099543156,0.003762900661689759,4.628464340069784
2026-10-07T18:10:17+03:00,24.63,288.287,-139.97402586599492,9.54504,70.99520039466032,67.25378599245603,-0.04784197589342375,8.32032,8.86464,-0.20053522829578813,,-8.680310596231973,24.772265,59.475138,16.79179340806208,158.55670509029662,272.4384953043637,-7.744386077158542,0.0041123080688958,4.63257664813868
2026-10-07T18:10:25+03:00,24.93,288.283,-163.0011996523027,11.372399999999999,78.9994207926379,73.63653583021339,-3.5075330302318735,7.2122399999999995,7.270560000000001,-1.8048170546620932,,-6.497341396783535,24.772815,59.475197,18.39081396990793,169.58464916808248,269.41477162455544,-7.093404428979358,0.004066027518286734,4.636642675656967
2026-10-07T18:10:27+03:00,24.48,288.273,170.1728987795783,11.450159999999999,76.99979808763133,69.48259181551492,1.2338646118142278,6.95952,11.83896,0.5672282171795151,,5.867087822139631,24.772933,59.475208,18.34605813845551,173.88512506184446,250.8849231494758,-6.919922577051345,0.003662640600043274,4.6403053162570105
2026-10-07T18:10:33+03:00,25.27,288.273,-170.97677216052375,10.45872,71.99787653613924,65.57501965272273,-2.4232676987263035,7.3094399999999995,7.03728,-0.38961130068895977,,-5.5863385025255266,24.773382,59.475265,17.71483594601957,174.68713001042184,257.3107465257174,-7.2780380934751605,0.003942843400821148,4.644248159657832
2026-10-07T18:10:35+03:00,25.31,288.262,-170.96531300462115,12.36384,80.99904349764448,65.19686750793636,-0.1403173640275386,7.251119999999999,7.970399999999999,-1.3006141949469687,,1.7647100090029357,24.77351,59.475278,19.558172721381222,174.30291324797713,266.69613024966736,-7.215303953207155,0.003985112454578994,4.648233272112411
2026-10-07T18:10:37+03:00,25.38,288.268,-144.61498400655458,8.33976,70.99520039466032,63.397780031225594,-1.2710495727182183,7.9120800000000004,8.6508,-0.022918311805232933,,-5.242563825447032,24.773635,59.475304,15.483693473591186,161.826525380124,269.16867501453635,-7.517398127584398,0.004123765978392684,4.652357038090804
2026-10-07T18:10:49+03:00,25.31,288.274,180.9445053280378,10.225439999999999,71.99787653613924,67.42567333099528,1.8118071397626891,7.52328,7.98984,0.022918311805232933,,3.575256641616337,24.774439,59.475468,17.748131084308163,179.4558474757366,251.45372401187583,-7.522940710830201,0.0038470082659622135,4.656204046356766
2026-10-07T18:10:59+03:00,25.83,288.274,-161.13908681812754,9.75888,72.99482309966687,76.00858110205502,0.15532885825996617,8.22312,8.47584,-0.8479775367936184,,-6.503070974734843,24.775148,59.475572,17.740761610854225,169.75683320686068,263.2379898928062,-8.092059194276443,0.0041138453862253135,4.6603178917429915
2026-10-07T18:11:03+03:00,25.68,288.265,168.13316902891256,10.730879999999999,82.99866620265107,72.81147660522501,1.8552946364131186,7.85376,9.408959999999999,-1.260507149287811,,8.600096504913656,24.775418,59.475588,18.487468953674245,173.1448040628135,256.14347026546454,-7.797613334706057,0.003701829675236818,4.664019721418228
2026-10-07T18:11:12+03:00,25.91,288.262,156.63390608063693,11.72232,82.99866620265107,72.57083433127006,0.834455732828531,7.36776,7.15392,-1.208940947726037,,9.195972611849713,24.775966,59.475637,18.715370979403055,165.6164227594332,248.61508896208426,-7.136813168861979,0.004065975498748139,4.668085696916976
2026-10-07T18:11:14+03:00,25.72,288.276,-174.80985980994896,11.664,79.99636735616555,70.17587074762324,-1.1718705783810728,6.6679200000000005,7.776,-0.1776169164905552,,9.998113525032863,24.776087,59.475647,18.31451708278174,176.6972358427048,263.29913151346074,-6.656844840619433,0.003742590608125388,4.671828287525101
2026-10-07T18:11:16+03:00,25.68,288.27,-130.94994059268447,10.342080000000001,73.99749924114583,70.31338061845463,-2.72619048501197,7.387199999999999,8.47584,-1.9136790357369495,,-10.846091061826483,24.77622,59.475661,16.17631218034414,151.12643493354537,282.8710643076005,-6.468878027831736,0.004146638250040554,4.675974925775142
2026-10-07T18:11:22+03:00,25.68,288.27,-174.23690201481813,8.32032,73.99749924114583,70.03263129884051,-1.7145762019289885,7.52328,8.378639999999999,-1.2547775713365028,,1.8391945223699424,24.77662,59.475729,15.823618048746763,176.97336761463012,257.0241316265157,-7.512785776178886,0.0039058378984250654,4.679880763673567
2026-10-07T18:11:32+03:00,25.53,288.268,-170.69602284090968,9.0396,67.99863112612611,65.78701403692114,-2.0090192128467184,7.3094399999999995,9.56448,0.03437746770784939,,1.948056503444799,24.777284,59.47583,16.29578548400667,174.8546357731381,253.143995352988,-7.279985666454217,0.0036447811182393716,4.683525544791806
2026-10-07T18:11:34+03:00,25.83,288.258,-157.1570301419683,9.56448,66.99595498464716,66.48602254698073,0.07820873903535737,7.32888,9.25344,-0.7505747116213785,,-0.4640958140559668,24.777406,59.475854,16.564737436938103,167.0470619120919,259.9488930725553,-7.142393039416544,0.003994128079610643,4.687519672871416
2026-10-07T18:11:40+03:00,25.83,288.257,-146.13905174160257,8.262,73.99749924114583,66.49175212493203,0.9805026748073778,7.6593599999999995,7.950959999999999,0.4068000345428845,,-3.197104496829994,24.777814,59.475915,15.232320655857288,162.40939205258425,271.5881071885616,-7.301210012504757,0.004157328991776671,4.691677001863193
2026-10-07T18:11:42+03:00,25.95,288.274,-148.46526038983373,12.36384,69.99825383113267,69.91231016186305,-1.6582544506676284,6.97896,7.75656,-0.27501974166279514,,-8.58863734901104,24.777925,59.475933,18.672407776377504,159.73809311285532,270.26016071827735,-6.547097681013603,0.003557218941541381,4.695234220804734
2026-10-07T18:11:44+03:00,26.06,288.28,-163.1387095231341,9.8172,72.99482309966687,71.22438351271263,1.360545580317653,6.76512,6.82344,-0.6245239966925973,,-8.0042203979776,24.778045,59.475954,16.409234709988272,170.00673266117553,262.9880904384913,-6.662480621621876,0.0038748083857588966,4.699109029190493
2026-10-07T18:11:46+03:00,25.98,288.276,-166.29570697430492,10.26432,77.99674465115896,72.6682371564423,1.6009586711545463,6.84288,7.56216,-1.1000789666511805,,-1.776169164905552,24.778166,59.475967,16.989913498697366,171.77111815089756,266.2256265002614,-6.772427132806266,0.0037757144823316463,4.702884743672825
2026-10-07T18:11:48+03:00,26.06,288.274,-160.68072058202287,10.7892,79.99636735616555,74.39284011978609,-2.3117128160143325,6.78456,8.72856,-1.575633936609764,,2.7043607930174858,24.778281,59.475979,17.33762420456473,168.1191774934036,271.87718986276195,-6.6392208094952325,0.003584127958539968,4.7064688716313645
2026-10-07T18:11:50+03:00,26.13,288.281,-151.01492257816588,6.8623199999999995,77.99674465115896,70.44516091133471,-2.1782136497488507,6.82344,8.59248,-0.6245239966925973,,0.7333859777674538,24.778408,59.475996,13.250285941884648,165.4653881829048,272.53135646825416,-6.605064070338452,0.0040095344500868805,4.710478406081451
2026-10-07T18:11:52+03:00,26.1,288.28,-153.82814535225822,6.43464,74.99444580467346,68.20489593237319,0.8775421590223688,7.387199999999999,10.14768,-0.29220847551671986,,-2.0855663742761967,24.778535,59.476015,13.4646364003649,167.83185249941747,267.162593305256,-7.221233441519499,0.00404184141122168,4.714520247492673
2026-10-07T18:11:58+03:00,26.66,288.277,-170.80488482198453,8.61192,69.99825383113267,69.05860304711813,1.808999646566548,6.1236,7.01784,-0.3380450991271857,,3.964867942305297,24.778937,59.47607,14.68945963323591,174.624451052192,255.37380277894067,-6.096668620294603,0.0034518022836680603,4.717972049776341
2026-10-07T18:12:04+03:00,27.18,288.277,-173.26860334104705,9.38952,74.99444580467346,69.65447915405417,-3.104113446680261,6.59016,6.318,-0.8422479588423101,,-1.707414229489853,24.77936,59.476125,15.952964089773022,176.04403204304228,258.9504137616312,-6.574458046303173,0.003966482138027578,4.721938531914368
2026-10-07T18:12:06+03:00,26.88,288.276,-164.5768335889125,11.21688,73.99749924114583,71.93485117867486,-0.23731911874318698,6.454079999999999,11.74176,-0.3552338329811104,,3.701307356545118,24.779477,59.476144,17.52280425373988,170.198222741245,263.7992764999008,-6.3598673305762174,0.003749974273077566,4.725688506187446
2026-10-07T18:12:07+03:00,26.96,288.266,-155.8850638367779,7.270560000000001,70.99520039466032,70.73163980890013,-0.16971009891774982,7.23168,8.63136,-0.5786873730821314,,0.962569095819783,24.779599,59.476163,14.182302199295187,167.90972047096724,263.0854799236931,-7.071272553721953,0.0038956413746311018,4.729584147562076
2026-10-07T18:12:13+03:00,27.18,288.274,-171.0684454077447,4.393439999999999,71.99787653613924,71.50513283232674,2.3984586261971392,7.44552,8.10648,0.10313240312354818,,-1.2318592595312698,24.78,59.476217,11.805409328288363,176.68767980044956,255.3101967356897,-7.433081630837589,0.003866075873996645,4.733450223436073
2026-10-07T18:12:21+03:00,27.33,288.274,-163.31632643962465,9.95328,72.99482309966687,68.22208466622713,-0.6892109317628673,7.60104,8.33976,-0.9912169855763242,,-0.5672282171795151,24.780586,59.476285,17.371949594941746,170.5325548704313,262.4622682292356,-7.497507911496743,0.0038784329858458345,4.737328656421918
2026-10-07T18:12:25+03:00,27.78,288.268,-145.01032488519485,9.8172,70.99520039466032,68.75493541569878,1.3970429918674863,7.83432,7.07616,-0.2119943841984046,,-5.064946908956478,24.780853,59.476332,16.84558191088267,160.4772864193667,270.5179139752936,-7.3839177908702585,0.004077405519956198,4.741406061941874
2026-10-07T18:12:27+03:00,27.78,288.272,-169.33811286644962,10.36152,65.99900842111953,70.30192146255202,1.8036711390718316,6.97896,6.72624,-0.10313240312354818,,-7.694823188606956,24.780973,59.476359,17.26833657634457,173.6262678286648,252.37274059245473,-6.935822481398104,0.004006787571226419,4.745412849513101
2026-10-07T18:12:29+03:00,27.63,288.265,175.98842040015614,11.97504,71.99787653613924,70.63423698372787,2.006555494327656,6.648479999999999,7.776,-0.7563042895726866,,-2.016811438860498,24.781085,59.476378,18.61304297709137,177.4203139157044,249.41819045184366,-6.6417423652907495,0.0036048598317309738,4.749017709344832
2026-10-07T18:12:33+03:00,27.93,288.272,-162.50845594849022,8.22312,75.99712194615239,73.37297524445322,-2.0938742623055937,7.32888,7.503839999999999,-0.8823550045014679,,-3.941949630500064,24.781335,59.476404,15.371774112883866,170.74741688221877,265.2497050639336,-7.233524811919236,0.0035370899375624376,4.752554799282395
2026-10-07T18:12:35+03:00,27.78,288.265,-162.69753202088336,8.262,78.9994207926379,73.77977527899611,0.6481871536315004,7.970399999999999,10.4976,-1.1917522138721122,,-4.3029130414324825,24.781461,59.476412,16.04777209464593,171.1921630790761,267.8072577135618,-7.8764086338825265,0.0038765050249242967,4.756431304307319
2026-10-07T18:12:37+03:00,27.82,288.273,-165.02947024706583,10.653120000000001,78.9994207926379,74.67358943940019,1.2507668667705871,7.387199999999999,8.1648,-1.3120733508495852,,-4.383127132750798,24.781593,59.476426,17.891646836482334,171.15213868765306,267.84728210498486,-7.299294106745323,0.004116659863507276,4.760547964170827
2026-10-07T18:12:39+03:00,27.93,288.276,-170.1574425134867,11.664,75.99712194615239,75.37259794945979,-0.6677250144454613,7.814879999999999,8.6508,-1.0599719209920229,,-3.9877862541105293,24.781715,59.476444,19.40988015522077,174.10394851182468,261.8931734343277,-7.773538492798609,0.0038784161518844065,4.764426380322711
2026-10-07T18:12:41+03:00,27.97,288.274,175.35243724756097,10.5948,75.99712194615239,75.42416415102157,1.7471202046924192,7.29,9.25344,-0.7505747116213785,,-1.776169164905552,24.78184,59.476464,17.870594849707512,177.2465966959381,253.2437186420905,-7.281583949250916,0.004000908947426302,4.768427289270138
2026-10-07T18:12:43+03:00,27.82,288.269,-168.47867617375337,12.5388,77.99674465115896,77.23471078363498,-0.028017636181897253,7.892639999999999,7.9120800000000004,-0.7792226013779195,,-1.9537860813961072,24.781973,59.476475,20.33360687332024,172.92514777297578,265.0715968781832,-7.832546168340574,0.004113738264481462,4.772541027534619
2026-10-07T18:12:49+03:00,28.01,288.266,-158.73266407857807,10.05048,83.99561276617868,74.80536973228028,-2.4647498430937755,7.42608,7.46496,-0.7276563998161455,,-2.1886987773997446,24.782392,59.476489,17.183262127440464,167.7513452749311,276.24426749124757,-7.2570333684794655,0.003930199903697809,4.776471227438317
2026-10-07T18:12:51+03:00,27.82,288.276,-173.32016954260882,8.8452,73.99749924114583,74.22095278124685,2.5662206686114444,6.84288,7.3094399999999995,-0.8307888029396938,,-2.6986312150661775,24.782516,59.476507,15.661867804128152,176.23332506612292,257.7641741750229,-6.828098329115354,0.003937078896209393,4.780408306334526
2026-10-07T18:12:53+03:00,28.05,288.27,-163.86636592295025,11.4696,78.9994207926379,74.17511615763637,-0.8877981035552106,7.46496,7.6788,-0.836518380891002,,-3.6554707329346523,24.782634,59.476518,18.755625071739196,170.21621023947472,268.7832105531632,-7.356389734220239,0.0036625032027512933,4.784070809537277
2026-10-07T18:12:57+03:00,27.86,288.263,-157.48934566314418,9.078479999999999,81.99599006117212,71.34470464969012,-1.3632957777342807,7.270560000000001,9.11736,-1.2261296815799616,,-0.5672282171795151,24.782902,59.476537,16.0384835119626,167.48397135816384,274.51201870300827,-7.097778190714864,0.004053480215626963,4.788124289752904
2026-10-07T18:13:03+03:00,27.86,288.25,-172.37478918064298,7.03728,75.99712194615239,68.96692979989719,-2.2968732091204442,6.39576,6.88176,-0.8594366926962348,,-2.177239621497128,24.783321,59.476581,13.403378727665128,176.00504787096585,259.99207407518657,-6.3802195316396935,0.004014904607045007,4.792139194359949
2026-10-07T18:13:05+03:00,27.67,288.251,-152.7624438533149,7.98984,75.99712194615239,66.66363946347128,-1.584171007757213,6.53184,8.28144,-0.9281916281119336,,2.2517241348641353,24.783441,59.476602,14.11756145688904,164.98780327420795,271.00931867194447,-6.308912930643354,0.0038747419476423545,4.796013936307592
2026-10-07T18:13:20+03:00,27.78,288.236,-156.3949962744443,9.719999999999999,68.99557768965373,72.93179774220249,1.1540515909525042,7.73712,7.56216,-0.590146528984748,,-2.647065013504403,24.78442,59.47678,17.0928619582536,166.8378681579431,262.1577095317106,-7.53386286179975,0.004087027195616354,4.800100963503208
2026-10-07T18:13:22+03:00,27.75,288.236,178.74434739473543,10.478159999999999,70.99520039466032,72.48489066200044,2.797466434726245,6.78456,7.17336,-0.45836623610465854,,4.520637003582196,24.784534,59.476799,17.261731091093573,179.23783636246802,250.23303675712833,-6.783959744051054,0.003662781321218525,4.803763744824427
2026-10-07T18:13:24+03:00,27.93,288.24,-153.01454528317245,9.972719999999999,75.99712194615239,73.81415274670395,-3.145939365724811,7.29,7.73712,-2.0225410168118056,,5.534772300963753,24.784651,59.476807,16.797927193395672,164.37177835255653,271.62534359359586,-7.0204886317447865,0.003603992184267558,4.807367737008694
2026-10-07T18:13:30+03:00,28.08,288.239,-142.50076974252187,12.69432,67.99863112612611,72.23278923214288,-2.2760175453776825,7.13448,7.07616,-1.5870930925123803,,-6.365561103903446,24.785043,59.476869,18.861386506741407,155.81345311489318,272.18517801123295,-6.508189243588698,0.0037391372106043703,4.811106874219298
2026-10-07T18:13:32+03:00,27.86,288.24,-174.56921753599403,6.6679200000000005,69.99825383113267,69.02422557941028,2.1499668304489012,6.74568,8.3592,-0.9682986737710912,,8.044327443636758,24.785158,59.476892,13.3985395128048,177.30036196197068,252.697891869162,-6.738193459056827,0.003773101108402645,4.814879975327701
2026-10-07T18:13:40+03:00,27.97,288.233,177.94220648155226,6.55128,68.99557768965373,71.35616380559273,0.1741218739402572,6.454079999999999,8.04816,-0.6531718864491385,,5.082135642810402,24.785719,59.47698,13.003263210737092,178.9634126027668,247.95899029242054,-6.453023768569697,0.003653106958534462,4.818533082286235
2026-10-07T18:13:42+03:00,27.93,288.233,-148.30483220719708,6.74568,75.99712194615239,71.80307088579477,1.0390589614697479,6.97896,8.68968,-0.24064227395494575,,5.849899088285706,24.785847,59.476992,13.203141173058839,164.42886400143988,271.5682579447125,-6.722817643469667,0.0039735686601605315,4.822506650946396
2026-10-07T18:13:48+03:00,28.46,288.226,178.61256710185535,6.47352,77.99674465115896,71.94058075662616,-2.2461664442513665,6.8623199999999995,6.76512,0.492743703812508,,0.544309905374282,24.786259,59.477031,13.334863360061057,179.3265095077981,257.32325415895707,-6.861845917807024,0.0040148531502654135,4.826521504096662
2026-10-07T18:13:50+03:00,28.38,288.226,167.3195689598268,10.26432,78.9994207926379,72.662507578491,-1.160869788714561,6.901199999999999,7.251119999999999,-0.836518380891002,,7.494287960311168,24.786378,59.477043,17.064572374412254,172.41269224795397,251.41211304059186,-6.840778707388943,0.0037037136205503077,4.830225217717212
2026-10-07T18:13:52+03:00,28.57,288.23,-170.34078900792855,9.29232,77.99674465115896,67.62620855929106,-2.5044558182963415,7.23168,7.62048,-0.017188733853924696,,5.958761069360561,24.786498,59.477053,16.46624534125117,174.5667061176129,263.43003853354605,-7.199188866824605,0.003712310701471162,4.833937528418683
2026-10-07T18:13:56+03:00,28.83,288.221,-174.76975276428982,10.12824,66.99595498464716,70.5024566908478,-6.358341835684798,6.84288,7.1150400000000005,-0.16615776058793874,,-6.846845651813337,24.786756,59.477093,16.954108300574585,176.8782881545067,250.11766683014048,-6.832725890295278,0.004029981067672995,4.837967509486356
2026-10-07T18:13:58+03:00,28.53,288.222,176.2004147843546,13.160879999999999,74.99444580467346,66.56623663829905,2.568226020894402,6.25968,8.02872,-0.1776169164905552,,6.044704738630185,24.786874,59.47711,19.41123352434752,177.42488967129552,252.41933547596898,-6.253358859452324,0.0037443892301680082,4.841711898716524
2026-10-07T18:14:02+03:00,28.53,288.222,-156.8017963089872,10.96416,76.99979808763133,70.7774764325106,-5.052742907920191,6.95952,7.03728,-0.5557690612768985,,-2.142862153789279,24.787126,59.477145,17.57610271388602,165.77518805200717,271.22461003562415,-6.746134356239213,0.0037579336684401094,4.845469832384964
2026-10-07T18:14:04+03:00,28.31,288.208,164.58083069910145,10.63368,74.99444580467346,66.41726761156504,1.0235318052217026,6.57072,9.93384,0.045836623610465865,,7.912547150756669,24.787226,59.477159,17.057595990744787,170.45928902166096,245.45373482633443,-6.479834323647281,0.003166621694415181,4.848636454079379
2026-10-07T18:14:07+03:00,28.38,288.214,-158.3315936219865,10.089360000000001,72.99482309966687,68.91536359833542,-0.9641733776461493,7.62048,7.75656,-0.38961130068895977,,-10.233026221036504,24.787496,59.477207,17.40035544055213,167.63753014378193,265.35729295588493,-7.443781840071774,0.004022470838014249,4.852658924917393
2026-10-07T18:14:17+03:00,27.75,288.208,176.61294439684875,12.69432,69.99825383113267,66.955847938988,1.5576430618426558,7.03728,10.4004,-0.246371851906254,,-1.008405719430249,24.788186,59.477304,19.723689900546965,177.82080879837534,247.819062629508,-7.03219058471523,0.0039056668403722296,4.856564591757765
2026-10-07T18:14:23+03:00,28.05,288.21,-154.18910876319066,6.492959999999999,73.99749924114583,63.78739133191455,-2.6486692953307696,6.88176,7.44552,0.18907607239317165,,-6.050434316581493,24.788604,59.477349,13.037163380893475,167.47618294353893,266.5213162976069,-6.718015071162859,0.003742406914933069,4.860306998672698
2026-10-07T18:14:27+03:00,27.48,288.204,174.64769915955003,10.26432,70.99520039466032,67.88403956709993,2.7131270472829874,7.60104,8.63136,-0.18334649444186346,,2.733008682774027,24.788863,59.477388,17.846309210602982,176.92461833038018,247.9198187250405,-7.5900930904721085,0.004054530970167915,4.864361529642866
2026-10-07T18:14:33+03:00,27.33,288.204,177.21455008173615,12.71376,80.99904349764448,68.58877765511085,1.4745641815486867,7.387199999999999,8.63136,-0.07448451336700701,,1.2318592595312698,24.789303,59.47742,20.09543888713673,178.23814879832878,259.2371922959733,-7.383707721830457,0.0040741979436541825,4.868435727586521
2026-10-07T18:14:41+03:00,27.0,288.201,144.78513887733152,12.908159999999999,84.99828890765764,68.95547064399457,-2.9471803065939284,6.78456,8.514719999999999,-2.939273489021123,,27.41603049700989,24.789849,59.477461,18.861323493718302,156.75653099434962,241.75481990200726,-6.233899328989531,0.003884420807034088,4.8723201483935545
2026-10-07T18:14:51+03:00,26.96,288.204,-130.94421101473316,11.10024,67.99863112612611,57.08378512888392,-1.1458582944821334,7.698239999999999,7.814879999999999,-0.4354479242994257,,-2.137132575837971,24.790508,59.477597,17.160306053665316,150.75132273555417,277.24730839057196,-6.716770498572323,0.0035677790839341076,4.875887927477488
2026-10-07T18:14:53+03:00,26.43,288.186,-148.21315895997617,12.072239999999999,59.994410728148495,59.63917689516739,0.11396130545152074,7.17336,8.1648,-0.18907607239317165,,-1.5641747807071475,24.790623,59.477629,18.55844643927289,159.96116857179106,260.03324215635746,-6.739089129304315,0.004003019056673504,4.879890946534162
2026-10-07T18:15:10+03:00,26.43,288.18,-146.54012219819415,10.16712,66.99595498464716,64.34316039319144,1.2662367272391195,8.242560000000001,8.08704,-0.22345354010102106,,-8.03859786568545,24.791732,59.477872,17.639141093737695,161.47023364952267,265.5257213351245,-7.815254816513398,0.004165242710043764,4.884056189244205
2026-10-07T18:15:12+03:00,26.28,288.18,-161.83809532818714,8.63136,67.99863112612611,65.81566192667768,1.703059750246859,7.98984,8.59248,-0.5844169510334397,,0.8250592249883855,24.791858,59.477894,16.413187685598558,170.56559467955339,257.4330364465727,-7.881768695233462,0.00406736191289289,4.888123551157098
2026-10-07T18:15:14+03:00,26.13,288.17,-156.3205117610773,7.60104,75.99712194615239,65.44323935984264,-1.0834631905923866,6.78456,8.02872,-1.2146705256773451,,6.606203377858392,24.791976,59.477912,14.080547260860678,167.47857147859125,268.5185504675611,-6.62318917801531,0.0037611551098764863,4.891884706266975
2026-10-07T18:15:16+03:00,26.13,288.18,-149.9148436115147,5.46264,79.99636735616555,62.27478275276918,0.4667314199135686,7.32888,9.447840000000001,-1.0714310768946396,,5.31704833881404,24.792104,59.477925,12.362687819768409,167.20278866150707,272.7935786946585,-7.146831619062934,0.003984812211341133,4.895869518478316
2026-10-07T18:15:18+03:00,26.28,288.18,-129.0419911348988,11.8584,71.99787653613924,64.22283925621397,-0.16959550735872367,8.242560000000001,9.331199999999999,-0.4812845479098915,,-1.2948846169956605,24.792231,59.477946,18.212545177302896,149.62161554872054,282.37626098741873,-7.110893730319812,0.00407722938113253,4.899946747859448
2026-10-07T18:15:24+03:00,25.98,288.19,-146.2135362549696,5.46264,72.99482309966687,66.1135999801457,-1.8666392007567087,7.503839999999999,8.72856,-1.2261296815799616,,6.663499157371475,24.792631,59.478029,12.42111993742634,165.84387688799072,267.15094621167617,-7.275970298431149,0.003894592158332657,4.903841340017781
2026-10-07T18:15:32+03:00,25.8,288.18,-136.04353539139746,11.197439999999999,65.99900842111953,59.75376845419355,-0.31489760420390045,7.3094399999999995,9.05904,-1.4610423775835992,,3.2028340747813018,24.793162,59.478136,17.223489070209272,153.1754425003789,272.82356592074063,-6.522889334317906,0.004090510586725136,4.907931850604506
2026-10-07T18:15:38+03:00,25.68,288.18,-144.72384598762943,8.8452,67.99863112612611,66.74958313274091,-0.11774282689938417,7.13448,7.2122399999999995,-0.7677634454753031,,-0.3380450991271857,24.793544,59.478228,15.237286870862375,160.41241482137758,267.5862163047485,-6.721608471093968,0.003948291908401122,4.911880142512907
2026-10-07T18:15:42+03:00,25.61,288.17,-152.52180157935993,10.12824,76.99979808763133,69.83209607054474,0.9552925318216215,7.1150400000000005,7.3094399999999995,-0.8537071147449266,,-0.045836623610465865,24.793799,59.478273,16.765183562239827,163.81443102290632,273.185367064725,-6.833027736589449,0.0036046779099139256,4.915484820422821
2026-10-07T18:15:44+03:00,25.53,288.17,-154.6474749992953,8.125919999999999,80.99904349764448,69.75188197922643,3.7496076986746467,7.36776,7.698239999999999,-0.8995437383553924,,0.9969465635276323,24.793932,59.478288,15.116945493534734,166.69314613275674,274.30589736488776,-7.169945566001126,0.004158944635154173,4.919643765057976
2026-10-07T18:15:46+03:00,25.68,288.18,-140.7818963571294,8.10648,79.99636735616555,74.23814151510076,1.7648246005619617,7.387199999999999,7.6593599999999995,-0.888084582452776,,-0.911002894258009,24.79404,59.4783,14.597111490099557,159.44341166980044,280.5529556863651,-6.916826313238609,0.003374852039280891,4.923018617097257
2026-10-07T18:15:48+03:00,25.38,288.18,-163.1616278349393,8.1648,77.99674465115896,73.52194427118722,-0.004239887683968092,6.59016,8.378639999999999,-0.9281916281119336,,-1.8391945223699424,24.794168,59.478318,14.597771815950246,170.67587584837784,267.3208688027811,-6.503088079808851,0.00405442729352704,4.9270730443907835
2026-10-07T18:15:50+03:00,25.38,288.17,-158.57223589594145,7.75656,80.99904349764448,72.82293576112762,-1.2411984715919024,7.348319999999999,8.59248,-1.1229972784564135,,4.463341224069113,24.794297,59.478331,14.841762497600323,168.9931332511789,272.0059102464656,-7.213142571800143,0.0040147044965839545,4.931087748887368
2026-10-07T18:15:54+03:00,25.27,288.18,-151.82279306930033,10.342080000000001,74.99444580467346,78.00820380706158,1.7185296107153913,7.01784,7.46496,-0.6187944187412892,,-6.1421075638024245,24.794563,59.478363,16.85717448994163,163.15997493022834,271.8344708744451,-6.716896460277521,0.004142680708974536,4.935230429596342
2026-10-07T18:15:56+03:00,25.2,288.17,176.96244865187853,10.43928,78.9994207926379,75.96274447844455,-2.573669119948145,6.47352,9.6228,-1.0599719209920229,,3.798710181717358,24.794686,59.478384,16.907185153379572,178.1250187705874,257.1244395632253,-6.470054065709649,0.003961255018401822,4.939191684614744
2026-10-07T18:16:08+03:00,25.08,288.17,-152.51034242345733,6.7068,84.99828890765764,77.95663760549981,-0.9637723071895578,6.92064,7.251119999999999,-0.5099324376664327,,2.148591731740587,24.795539,59.478422,13.23729556853799,166.4750870797555,278.52320182790214,-6.728719050507323,0.003640598575198831,4.942832283189943
2026-10-07T18:16:10+03:00,25.08,288.18,-169.17195510586168,5.832,86.9979116126642,74.42148800954263,-1.7355464572307766,6.59016,7.32888,0.011459155902616466,,2.142862153789279,24.795659,59.478418,12.366950425971087,174.9173941383245,272.0805174743397,-6.564247533614478,0.0036710589619113466,4.946503342151854
2026-10-07T18:16:12+03:00,25.23,288.19,-145.96716440306332,8.67024,82.99866620265107,75.57313317775558,0.22757883622596298,6.78456,7.07616,-0.716197243913529,,1.4438536437296745,24.795789,59.478428,14.788502900045582,160.84508135250002,282.15358485015105,-6.408931723578062,0.004013704305686399,4.9505170464575405
2026-10-07T18:16:14+03:00,25.08,288.18,-155.70171734233602,6.74568,73.99749924114583,72.85158365088418,0.30051636354611677,6.62904,6.27912,-0.6760901982543714,,-0.26356058576017866,24.79591,59.478443,13.075190668849908,167.74328995933678,266.25420928180904,-6.477939327093581,0.0038021500470671807,4.954319196504608
2026-10-07T18:16:16+03:00,24.93,288.18,-152.48742411165207,4.1796,71.99787653613924,75.29238385814149,1.5560960757958027,6.39576,6.62904,-0.29220847551671986,,-4.027893299769687,24.79602,59.478463,10.285525280372836,169.18058798059258,262.81728855554667,-6.282067108297668,0.0035666130509915467,4.9578858095555995
2026-10-07T18:16:18+03:00,25.05,288.19,-145.69214466140053,3.9463199999999996,74.99444580467346,78.39781510775055,-1.041866454665889,6.4152,7.892639999999999,-0.32658594322456924,,-6.864034385667263,24.796136,59.478477,9.927338161947223,167.05249962940076,267.94194617527273,-6.252098520984864,0.003639681891214477,4.961525491446814
2026-10-07T18:16:20+03:00,24.97,288.19,-167.85988175501205,5.1127199999999995,76.99979808763133,78.43219257545839,2.239806612725414,6.74568,10.303199999999999,-0.40107045659157625,,3.3689918353692403,24.796256,59.478494,11.793178202198408,174.76889925462453,262.2308988330068,-6.717584617828961,0.003803019040031412,4.965328510486845
2026-10-07T18:16:22+03:00,25.08,288.17,-176.780834625199,7.9120800000000004,82.99866620265107,77.4638939016873,-2.0772584862467998,6.29856,8.28144,-0.12032113697747288,,1.558445202755839,24.796371,59.478506,14.205105225246294,178.20761284647077,264.7910533561803,-6.295478272475045,0.0035838707107708153,4.968912381197616
2026-10-07T18:16:24+03:00,24.86,288.18,-153.75939041684254,5.57928,81.99599006117212,77.86496435827888,-1.8469294526042086,6.57072,8.02872,-1.0255944532841736,,0.3495042550298022,24.796498,59.478519,11.834971344539563,167.9692952542663,274.0266948069058,-6.426400972920583,0.003954815662884,4.9728671968605
2026-10-07T18:16:26+03:00,24.78,288.18,-157.00806111523428,6.27912,81.99599006117212,74.23814151510076,-0.04394586288653414,6.74568,8.514719999999999,1.3579099744600511,,0.7849521793292279,24.796619,59.47853,12.76384463521265,168.92143549878102,273.0745545623911,-6.619971700910291,0.003752402907219828,4.97661959976772
2026-10-07T18:16:32+03:00,24.86,288.17,178.21149664526376,7.3094399999999995,77.99674465115896,78.05404043067205,-0.007792226013779195,7.3094399999999995,7.60104,0.1546986046853223,,2.498095986770389,24.797042,59.478561,14.617099468950537,179.10574832263134,257.1024929737903,-7.3085497344752675,0.004083364315383844,4.980702964083104
2026-10-07T18:16:38+03:00,25.01,288.17,-158.71547534472415,8.456399999999999,90.99715702267736,78.5009475108741,-1.5307140454715074,6.92064,6.74568,0.13178029288008933,,-3.4320171928336314,24.797466,59.478566,15.11520673981237,168.28258876986112,282.7145682528162,-6.776421763961008,0.003876845736789776,4.984579809819894
2026-10-07T18:16:40+03:00,24.75,288.18,181.63205468219476,9.38952,82.99866620265107,77.9394488716459,1.1826421849295323,6.337439999999999,7.9120800000000004,0.18334649444186346,,1.558445202755839,24.797566,59.478575,15.725425035095903,179.0255985803835,262.0242647830346,-6.336523560185143,0.0031001971672222077,4.987680006987116
2026-10-07T18:16:42+03:00,24.63,288.18,175.57589078766196,8.98128,81.99599006117212,77.36076149856375,0.09746012095175303,7.1928,7.348319999999999,-0.27501974166279514,,2.864788975654116,24.797682,59.478585,16.162174788187833,177.5432230869226,259.53921314809475,-7.186188688396791,0.0035917071977504783,4.991271714184866
2026-10-07T18:16:44+03:00,24.75,288.18,-163.60280533719003,8.68968,85.99523547118525,79.56664900981743,-0.5184695088138819,7.2122399999999995,7.29,0.3552338329811104,,-0.12605071492878112,24.797815,59.478594,15.740808061966971,171.03447875749174,274.9607567136935,-7.1241230080426545,0.00409588279739772,4.9953675969822635
2026-10-07T18:16:46+03:00,24.82,288.17,166.6835858072316,8.184239999999999,80.99904349764448,79.44632787283996,0.649333069221762,6.901199999999999,6.82344,0.040107045659157625,,-2.6814424812122524,24.797943,59.4786,14.984434537163223,172.7729578345264,253.77200133217087,-6.846372979643091,0.003923976848932419,4.999291573831196
2026-10-07T18:16:48+03:00,24.56,288.17,150.84130277186435,9.73944,81.99599006117212,79.37757293742425,0.9385621642038015,6.62904,6.95952,-0.48701412586119974,,4.95608492788162,24.798059,59.478609,15.860750959205502,162.59114723831343,244.58713729948556,-6.32539093873993,0.003582135758385079,5.002873709589581
2026-10-07T18:16:50+03:00,24.63,288.17,171.04952420612847,8.80632,82.99866620265107,76.67321214440676,-1.5285368058500102,6.318,7.503839999999999,-0.08021409131831525,,5.7639554190160815,24.798182,59.478614,15.07945822736484,174.78701597583665,257.7856821784877,-6.29186770596603,0.003766744035022727,5.006640453624604
2026-10-07T18:16:52+03:00,24.63,288.17,-167.13795493314726,7.348319999999999,79.99636735616555,76.8393699049947,-1.465912518842211,6.901199999999999,6.1624799999999995,-0.08594366926962349,,3.7643327140095084,24.798306,59.478623,14.159942305655537,173.36633462587187,266.6300327302937,-6.854996882280942,0.003823721671729675,5.010464175296334
2026-10-07T18:16:54+03:00,24.48,288.18,-152.82546921077926,5.5598399999999994,77.99674465115896,78.40927426365316,0.533137228369231,6.35688,6.0652800000000004,-0.3609634109324186,,-5.723848373356923,24.79842,59.478634,11.584722946910619,167.33885455301228,270.6578900981467,-6.202302330579258,0.003542251165431475,5.014006426461765
2026-10-07T18:16:56+03:00,24.48,288.17,-177.76632203282404,6.9984,80.99904349764448,80.07085186953255,-0.14965657608817104,6.88176,7.095599999999999,-0.47555496995858326,,-4.2169693721628585,24.798551,59.47864,13.877523329150266,178.87377462611067,262.1252688715338,-6.880430584021325,0.004015172292942669,5.018021598754707
2026-10-07T18:16:58+03:00,24.33,288.17,139.8290539494499,9.15624,89.9944808811984,79.37757293742425,-0.7330422030903752,7.15392,10.41984,0.5213915935690492,,0.1776169164905552,24.79866,59.47864,15.333624606883872,157.34422262554827,247.33870350674667,-6.60189254674793,0.0033273642487335097,5.021348963003441
2026-10-07T18:17:06+03:00,24.3,288.18,-159.80409515547268,6.7068,80.99904349764448,75.42989372897287,-4.686508285272569,6.27912,6.337439999999999,-1.4896902673401402,,5.053487753053861,24.799205,59.478649,12.78498081372835,169.56599747110172,271.43304602654274,-6.175289523010037,0.0035735962129939285,5.024922559216435
2026-10-07T18:17:08+03:00,24.18,288.18,165.3772420343333,9.5256,74.99444580467346,67.63766771519369,-2.000883212155861,6.1624799999999995,9.38952,-1.0141352973815572,,13.750987083139757,24.7993,59.478666,15.56640812457888,171.11308372816814,246.1075295328416,-6.088500467620988,0.0030747535105524115,5.0279973127269875
2026-10-07T18:17:09+03:00,24.33,288.19,-154.80217360398063,9.097919999999998,74.99444580467346,68.46845651813338,2.383217948846659,7.776,8.0676,-0.6818197762056798,,2.417881895452074,24.799414,59.478688,16.470135400174932,166.3979556207306,268.5964901839428,-7.557903493952189,0.0037227684434197094,5.031720081170407
2026-10-07T18:17:11+03:00,24.3,288.19,-153.39842700591012,10.5948,67.99863112612611,70.40505386567555,2.4744901256109992,7.29,7.814879999999999,-0.8479775367936184,,-4.663876452364901,24.799537,59.478717,17.42165164093901,164.19792719816783,263.8007039279583,-7.014497359248641,0.00413961854815735,5.035859699718564
2026-10-07T18:17:15+03:00,24.33,288.18,175.76496686005513,10.983600000000001,77.99674465115896,76.79926285933556,3.992656395369141,7.1928,6.59016,-2.543932610380855,,5.3456962285705805,24.799797,59.478764,18.16452818007158,177.44066990918662,255.4374145603456,-7.185625310406105,0.004096147975929065,5.039955847694493
2026-10-07T18:17:17+03:00,24.52,288.18,180.63510811866715,6.97896,73.99749924114583,75.20644018887185,-2.304493547795684,5.57928,6.2208000000000006,-1.9537860813961072,,1.7589804310516275,24.799891,59.478777,12.558049515780342,179.64705256067114,253.644551801817,-5.579174142509484,0.002973950470664036,5.042929798165157
2026-10-07T18:17:19+03:00,23.81,288.18,179.05374460410607,8.786879999999998,77.99674465115896,68.78931288340662,0.6229770106457442,5.6376,8.22312,0.8537071147449266,,6.955707632888194,24.799986,59.478787,14.424011653321212,179.42357264409102,257.42031729525,-5.637314698206748,0.002961621508141226,5.045891419673298
2026-10-07T18:17:21+03:00,24.3,288.18,-150.6768774790387,8.04816,83.99561276617868,69.34508194468353,-1.4543387713805684,6.78456,8.28144,0.005729577951308233,,-1.3922874421679003,24.800111,59.478797,14.3532974059414,164.06163531648167,279.933977449697,-6.523745594300991,0.003862819632061149,5.04975423930536
2026-10-07T18:17:25+03:00,24.18,288.18,-171.30908768169962,5.94864,74.99444580467346,72.35311036912034,0.9718510121009024,5.832,6.006959999999999,-1.409476176021825,,0.9339212060632418,24.800357,59.478831,11.746777926534984,175.61143684711578,259.38300895755765,-5.814900846007012,0.003550611917443412,5.053304851222803
2026-10-07T18:17:27+03:00,23.73,288.18,175.84518095137344,7.6788,77.99674465115896,70.12430454606145,-2.343110903187502,6.24024,7.2122399999999995,-1.1860226359208041,,10.9263051531448,24.800465,59.47885,13.909989653008083,177.70779301156716,255.70453766272612,-6.235246836681853,0.0034890230779452735,5.056793874300748
2026-10-07T18:17:29+03:00,23.96,288.17,-161.01876568115006,9.914399999999999,79.99636735616555,68.30229875754543,1.4303318397645872,6.9984,7.52328,-1.180293057969496,,8.130271112906382,24.800595,59.478864,16.688235783995502,168.85839512750272,271.1379722286628,-6.866498404882849,0.004056631555808429,5.060850505856557
2026-10-07T18:17:33+03:00,24.18,288.18,-156.37207796263908,8.767439999999999,75.99712194615239,69.95241720752222,1.1816108608982967,6.804,7.07616,0.011459155902616466,,-5.529042723012444,24.800722,59.478885,15.246898524949183,166.6752623874954,269.321859558657,-6.620832628554877,0.00407712690514042,5.064927632761697
2026-10-07T18:17:35+03:00,23.66,288.18,-169.3151945546444,4.64616,64.99633227964058,67.31108177196911,1.6078914604756294,6.1236,7.270560000000001,1.707414229489853,,-6.31972448029298,24.800826,59.478909,10.723859182118337,175.39258112858056,249.60375115106,-6.1038114986905265,0.003487094408467286,5.068414727170165
2026-10-07T18:17:41+03:00,23.7,288.17,-172.95920613167638,6.901199999999999,73.99749924114583,71.16708773319955,0.11327375609736376,5.87088,6.43464,-0.5328507494716656,,3.9992454100131463,24.801202,59.478963,12.748136100452987,176.19525808649757,257.80224115464824,-5.85794046255772,0.0032694535190814023,5.071684180689246
2026-10-07T18:17:43+03:00,23.28,288.17,178.0281501508219,7.776,75.99712194615239,69.09298051482597,-0.41430578165909826,6.82344,8.22312,1.3464508185574346,,8.090164067247223,24.801311,59.478977,14.597287788236608,178.94974076138016,254.94686270753255,-6.822293671798,0.0034320944457303646,5.0751162751349765
2026-10-07T18:17:45+03:00,23.47,288.18,-142.4778514307166,7.9120800000000004,72.99482309966687,69.97533551932744,0.29301061642990295,7.776,7.698239999999999,-0.6187944187412892,,1.3521803965087429,24.801443,59.478994,14.854605143460264,161.07011389549925,271.92470920416764,-7.355444925371223,0.004156972968665456,5.079273248103642
2026-10-07T18:17:47+03:00,23.47,288.17,-136.51909036135606,8.80632,68.99557768965373,69.50551012732016,-1.996242254015301,7.348319999999999,7.23168,-0.26356058576017866,,-3.0252171582907463,24.801562,59.479018,15.015295956868377,156.19837392245194,272.7972037672018,-6.7233322650557215,0.003908547706055336,5.083181795809698
2026-10-07T18:17:49+03:00,23.13,288.18,-169.79647910255426,6.47352,67.99863112612611,67.45432122075182,-0.4590537854588156,6.84288,7.63992,0.005729577951308233,,2.114214264032738,24.801678,59.47904,13.263685533665944,175.04012312229142,252.9585080038347,-6.817256748923988,0.003779867097494084,5.086961662907192
2026-10-07T18:17:51+03:00,22.98,288.18,-139.23491031027615,8.0676,68.99557768965373,70.82331305612105,2.0408756662559924,6.82344,7.52328,0.6990085100596044,,-0.03437746770784939,24.8018,59.479056,13.965408558409669,157.83937408081943,271.1562036088343,-6.3193926313961635,0.003846334127956398,5.0908079970351485
2026-10-07T18:17:53+03:00,23.21,288.17,-144.55195864909018,8.67024,74.99444580467346,74.86266551179337,1.5930518535817408,7.13448,6.5124,0.5672282171795151,,-5.7868737308213145,24.801922,59.479075,15.061790290130041,160.49716725344908,274.4972785512244,-6.725139112095104,0.0038953344272579893,5.094703331462407
2026-10-07T18:17:55+03:00,22.91,288.17,-169.6933466994307,5.13216,81.99599006117212,79.93907157665245,1.4839606893888322,6.0652800000000004,6.337439999999999,0.11459155902616464,,-2.6642537473583277,24.802021,59.479087,11.1524937505199,175.27727090761493,266.7187191535572,-6.0446871831647595,0.0031069473524364816,5.097810278814843
2026-10-07T18:17:57+03:00,22.53,288.17,164.62093774476062,8.3592,81.99599006117212,89.9944808811984,5.285306476963791,5.890319999999999,6.24024,0.017188733853924696,,-5.861358244188322,24.802124,59.479095,14.12524701796482,170.97036372814614,252.96635378931825,-5.817322988118711,0.0031807230396162906,5.100991001854459
2026-10-07T18:17:59+03:00,22.72,288.18,157.3615624804531,9.29232,94.99640243269049,97.76951816112367,-1.0699986824068124,6.27912,6.24024,0.4812845479098915,,-7.62033867523995,24.802235,59.479095,15.280007738318593,166.46258158137357,261.4589840140641,-6.104668815292269,0.003388371161356791,5.104379373015816
2026-10-07T18:18:01+03:00,22.72,288.18,141.6396005820633,10.82808,101.99794668918915,93.86767557628278,2.019905410954204,6.24024,7.36776,0.5213915935690492,,0.18334649444186346,24.802341,59.479083,16.19116895368734,155.47820972854495,257.4761564177341,-5.6773921445671744,0.0033151609187499734,5.107694533934566
2026-10-07T18:18:03+03:00,22.38,288.19,148.7958434432473,11.10024,96.99602513769707,94.53230661863452,1.028573833818854,6.53184,7.98984,0.47555496995858326,,-3.8216284935225904,24.802463,59.479076,17.026777998915676,160.25972475084237,257.2557498885394,-6.147985683659343,0.003747850354444553,5.111442384289011
2026-10-07T18:18:05+03:00,22.23,288.18,140.21866525013888,9.50616,92.99677972768393,95.85583912538672,-0.7887337007770913,6.88176,8.262,0.44117750225073393,,-5.826980776480473,24.802589,59.479072,15.436120886501245,156.79325285469386,249.7900325823778,-6.324949519715083,0.003853768920387575,5.115296153209398
2026-10-07T18:18:07+03:00,22.23,288.18,154.39937067962674,10.38096,95.99907857416943,95.4203912010873,2.134955336216474,6.76512,7.542719999999999,0.011459155902616466,,-8.13600069085769,24.802721,59.479062,16.739148594908208,164.45657230775143,260.45565088192086,-6.517703470342303,0.004074003032646952,5.119370156242045
2026-10-07T18:18:10+03:00,22.01,288.19,135.18809580889024,11.02248,100.9952705477102,93.99372629121156,1.0304645945427857,6.4152,8.98128,-0.37242256683503505,,-4.27999472962725,24.802988,59.479038,16.21661646962245,151.37714406251067,252.37241461022086,-5.631210917349957,0.003973334555907409,5.123343490797953
2026-10-07T18:18:24+03:00,20.58,288.18,152.78935927530912,10.06992,98.99564784270365,92.61862758289759,0.48695683008168666,7.503839999999999,8.262,-0.4469070802020421,,0.3495042550298022,24.804053,59.478954,17.091288212577414,164.3707033014164,263.36635114412,-7.226385034066922,0.003906508931223786,5.127249999729177
2026-10-07T18:18:34+03:00,20.06,288.18,161.55561354081073,10.7892,99.99832398418258,97.66638575800012,-1.281878475046191,6.18192,6.7068,0.27501974166279514,,-2.498095986770389,24.804751,59.478886,16.768020877226036,168.25397377523117,268.25229775941375,-6.052468084088732,0.004083258665863209,5.13133325839504
2026-10-07T18:18:36+03:00,19.72,288.18,141.36458084040052,12.42216,96.99602513769707,92.75613745372897,-1.881937173886702,5.57928,6.0652800000000004,-0.544309905374282,,0.5271211715203573,24.804856,59.478872,17.138091149863236,153.09225914724158,250.08828428493865,-4.975247039550885,0.003313861271455522,5.134647119666496
2026-10-07T18:18:38+03:00,19.38,288.18,155.83749474540508,12.130560000000001,102.99489325271679,91.83367540356835,-1.1571455630462106,6.1236,9.05904,-1.403746598070517,,7.545854161872943,24.804958,59.478863,17.894084841139765,163.88979430837387,266.8846875610907,-5.883124653132503,0.003160304162445551,5.137807423828941
2026-10-07T18:18:40+03:00,19.38,288.18,170.08122553235737,10.32264,92.99677972768393,89.19233996801526,-0.36606273530908295,7.795439999999999,8.786879999999998,-0.8021409131831525,,3.3403439456126995,24.805092,59.478855,18.051572141006346,174.3471538066708,267.34393353435473,-7.757530557400607,0.004118661750497636,5.141926085579439
2026-10-07T18:18:44+03:00,19.08,288.17,153.9467340214734,10.28376,89.9944808811984,93.08272339695354,0.5012234791804442,6.59016,6.74568,0.06302535746439056,,-2.8762481315567325,24.805383,59.478847,16.460744233468446,164.074222344819,254.0687032260174,-6.337216192918883,0.003945198496174131,5.145871284075613
2026-10-07T18:18:46+03:00,18.56,288.17,145.78208544085916,10.94472,92.99677972768393,91.50708946034378,1.0768168801688693,6.006959999999999,7.503839999999999,-0.590146528984748,,3.20856365273261,24.805496,59.478845,16.266509772550986,157.76756679714254,250.76434652482646,-5.560381891170985,0.00345154247776603,5.149322826553379
2026-10-07T18:19:00+03:00,17.43,288.18,154.7431453567052,9.350639999999999,98.99564784270365,96.01053773007204,-1.1963358762331588,7.542719999999999,8.28144,-0.16615776058793874,,-0.5042028597151245,24.806538,59.478766,16.489420756497292,165.9980284060251,264.9936762487288,-7.318606185074802,0.0040353518223085255,5.153358178375687
2026-10-07T18:19:04+03:00,17.28,288.19,163.45783342064504,10.1088,99.99832398418258,93.62130372437652,0.8301012535855367,7.095599999999999,7.892639999999999,-0.06302535746439056,,2.9507326449237397,24.806802,59.478731,17.030965936797415,170.2704768101635,270.2688007943461,-6.993540576159141,0.004113249893137764,5.157471428268825
2026-10-07T18:19:06+03:00,16.98,288.19,170.9177439132484,9.73944,99.99832398418258,94.66981648946593,-1.1863664105978826,6.4152,7.3094399999999995,-1.2261296815799616,,1.065701498943331,24.806916,59.478723,16.106077300651997,174.52253775918794,274.5208617433705,-6.385907061698083,0.003513052127449252,5.160984480396274
2026-10-07T18:19:10+03:00,16.83,288.19,167.84096055339586,10.53648,99.99832398418258,91.04872322423913,0.7299482309966688,7.6593599999999995,7.387199999999999,-0.011459155902616466,,3.6669298888372683,24.807188,59.478699,18.096069767942527,172.9556559087635,272.9539798929461,-7.601543578065113,0.004123561352953941,5.165108041749228
2026-10-07T18:19:14+03:00,16.57,288.19,154.25040165289272,8.184239999999999,92.99677972768393,91.4497936808307,-0.43739598080287045,6.6679200000000005,9.17568,0.3552338329811104,,2.3663156938903005,24.807451,59.47869,14.48270782628592,165.78842080934263,258.7852005370265,-6.463853340690433,0.0037285631823660847,5.168836604931594
2026-10-07T18:19:22+03:00,16.23,288.19,157.3615624804531,9.05904,94.99640243269049,93.92497135579586,2.806920238345903,6.648479999999999,6.940079999999999,0.320856365273261,,-1.1401860123103382,24.808031,59.478663,15.409256452317713,166.92126904980557,261.9176714824961,-6.476018671623702,0.0038773004835060483,5.1727139054151
2026-10-07T18:19:24+03:00,16.23,288.19,150.9501647529392,9.21456,94.99640243269049,94.53230661863452,-1.9619793778664782,6.648479999999999,6.88176,0.6703606203030631,,-2.200157933302361,24.808145,59.478657,15.369516275641404,163.07520570494864,258.07160813763915,-6.360519009107419,0.0034986313093809526,5.176212536724481
2026-10-07T18:19:26+03:00,16.08,288.18,145.6101981023199,10.5948,98.99564784270365,94.36614885804659,2.7292271613261634,7.01784,7.698239999999999,0.10313240312354818,,2.7845748843358007,24.808252,59.478647,16.858632901010594,159.20894893575638,258.20459677846003,-6.560846179389083,0.003321156162492745,5.179533692886974
2026-10-07T18:19:30+03:00,16.05,288.19,150.9616239088418,10.90584,98.99564784270365,95.99334899621813,1.6107562494512833,6.82344,6.7068,0.3093972093706446,,0.9224620501606254,24.808525,59.478623,17.193562060203284,162.06816955549422,261.0638173981979,-6.491981209722123,0.004104249520706651,5.183637942407681
2026-10-07T18:19:32+03:00,16.12,288.19,148.41769129846094,10.05048,109.99643750921543,97.3627181265808,-1.3710880037480602,6.0652800000000004,6.08472,-1.2490479933851946,,-0.5156620156177408,24.808637,59.478611,15.545426736864513,160.20845747161147,270.2048949808269,-5.707008520340257,0.0034942024441355136,5.187132144851816
2026-10-07T18:19:34+03:00,15.82,288.19,146.58422635404233,10.886399999999998,98.99564784270365,94.29739392263087,-3.3598245106471474,5.754239999999999,9.37008,-0.3666929888837269,,5.294130027008806,24.808743,59.478597,16.006269768891467,158.00308393757825,256.9987317802819,-5.335354439173549,0.0033434212030482363,5.1904755660548645
2026-10-07T18:19:36+03:00,15.48,288.18,149.46047448559904,11.48904,100.9952705477102,88.7454328878132,-1.6148815455762255,8.08704,9.60336,-0.790681757280536,,7.860980949194894,24.80887,59.478584,18.906218421466203,162.01397726050598,263.0092478082162,-7.691841497767706,0.003954806887150107,5.194430372942015
2026-10-07T18:19:42+03:00,15.45,288.18,147.117077103514,7.503839999999999,93.99945586916286,96.04491519777989,3.2566921075235995,6.0264,6.9984,0.6818197762056798,,-5.007651129443396,24.809278,59.478578,12.983716247404999,161.71288741991137,255.71234328907423,-5.722043172239919,0.0035735555539650925,5.19800392849598
2026-10-07T18:19:44+03:00,15.33,288.19,141.38749915220575,9.29232,98.99564784270365,98.54301118455028,0.7598566279024976,6.940079999999999,7.15392,0.16615776058793874,,-0.246371851906254,24.809389,59.478565,15.33929608326718,157.7876485842046,256.78329642690824,-6.4250504939778255,0.003477355525563252,5.2014812840215425
2026-10-07T18:19:46+03:00,15.33,288.19,144.32104306327557,9.00072,101.99794668918915,99.671738040958,0.1325251380137594,7.01784,7.056719999999999,0.2119943841984046,,-0.06302535746439056,24.809518,59.47855,15.260459173477958,159.8792030606979,261.87714974988705,-6.5895373673330715,0.0040397973674598285,5.205521081389002
2026-10-07T18:19:48+03:00,15.18,288.18,147.7530602561092,8.04816,99.99832398418258,99.89519158105902,-0.9842841962552413,6.35688,6.4152,-1.5870930925123803,,1.650118449976771,24.809638,59.478538,13.846392958297665,161.93263199655556,261.93095598073813,-6.043438258918627,0.0037335012241231018,5.209254582613125
2026-10-07T18:19:50+03:00,15.0,288.18,135.73240571426453,9.661679999999999,101.99794668918915,94.10258827228641,-0.734875668034794,6.0264,9.078479999999999,-0.22345354010102106,,7.591690785483408,24.809753,59.478525,14.596375397975105,152.4818682279215,254.47981491711064,-5.344601212361853,0.0035964468196952276,5.21285102943282
2026-10-07T18:19:52+03:00,14.88,288.17,142.4646598070517,9.21456,94.99640243269049,91.46698241468464,-2.6921567919811995,7.75656,10.45872,-1.260507149287811,,6.1650258756076575,24.809874,59.478514,16.075627074643418,159.5602098829352,254.55661231562567,-7.268204586917862,0.003752403445413594,5.216603432878234
2026-10-07T18:20:02+03:00,14.51,288.13,133.46922242349777,9.95328,100.9952705477102,98.42269004757281,-0.48059699855573446,5.1127199999999995,5.98752,-1.2433184154338865,,2.417881895452074,24.810609,59.478483,13.972346115401516,148.8695798322387,249.8648503799489,-4.376451098422472,0.0032751636589461067,5.21987859653718
2026-10-07T18:20:04+03:00,13.83,288.12,129.07463613484433,11.450159999999999,103.99756939419571,92.2232867042573,-0.9593605321670503,6.7068,9.93384,-0.5672282171795151,,6.7609019825437136,24.810714,59.478464,16.519646131982856,147.44630914778915,251.44387854198487,-5.65307843304019,0.003402654535860728,5.223281251073041
2026-10-07T18:20:12+03:00,13.65,288.09,141.27290759317958,7.73712,88.99753431767077,95.52352360421085,0.9081381052823547,6.318,6.57072,0.12032113697747288,,-3.242941120440459,24.811291,59.47843,13.268420782543716,158.60420460647398,247.60173892414474,-5.882579800816007,0.003907387813182473,5.227188638886223
2026-10-07T18:20:14+03:00,13.53,288.09,123.37943565124397,6.68736,89.9944808811984,92.94521352612216,-0.6044704738630186,6.47352,5.98752,0.246371851906254,,3.420558036931015,24.811394,59.478432,11.587180692297027,151.18824984018613,241.18273072138453,-5.67214913219252,0.0031465233395911846,5.230335162225814
2026-10-07T18:20:16+03:00,13.38,288.07,152.73206349579604,8.514719999999999,89.9944808811984,89.65070620411991,-0.13103544774641926,6.9984,8.32032,0.0,,4.159673592649776,24.811509,59.478424,15.080218716872837,165.0079064541272,255.0023873353256,-6.760185188898978,0.003543324258966954,5.233878486484781
2026-10-07T18:20:18+03:00,13.23,288.07,156.50212578775685,9.020159999999999,88.99753431767077,88.85429486888806,-1.6068601364443937,7.44552,8.10648,0.4354479242994257,,1.7188733853924696,24.81164,59.47842,16.123899973606832,167.1116253344782,256.10915965214895,-7.257941080842678,0.004006189381760821,5.237884675866542
2026-10-07T18:20:20+03:00,13.23,288.05,167.78939435183406,8.57304,79.99636735616555,91.3753091674637,2.084363162906422,6.97896,6.72624,0.2119943841984046,,-3.466394660541481,24.811771,59.478424,15.464720052539235,173.26654946637137,253.2629168225369,-6.930821683649266,0.004006189381760821,5.241890865248302
2026-10-07T18:20:22+03:00,13.08,288.05,161.20037970782963,8.786879999999998,76.99979808763133,94.18280236360472,-2.095994206147578,6.0264,6.27912,0.1604281826366305,,-2.3548565379876836,24.811895,59.478428,14.621330309517663,168.8331932009056,245.83299128853696,-5.9123052822723405,0.003792910464284427,5.245683775712586
2026-10-07T18:20:24+03:00,12.86,288.04,146.11440096203503,9.89496,93.99945586916286,91.19769225097312,-1.016770903239159,5.81256,9.447840000000001,0.17188733853924698,,4.709713075975367,24.811992,59.47842,15.072776908790674,158.5301896884635,252.52964555762637,-5.409229668856566,0.0029998584693542406,5.2486836341819405
2026-10-07T18:20:26+03:00,12.63,288.04,152.66903813833164,10.4976,92.99677972768393,90.11480201817588,-0.5016818454165488,7.07616,9.56448,0.022918311805232933,,0.5614986392282068,24.812113,59.478409,17.09539630616964,163.62438197993856,256.6211617076225,-6.789108754584,0.0037524147475724067,5.252436048929513
2026-10-07T18:20:28+03:00,12.63,288.03,145.5987389464173,10.206,93.99945586916286,92.23474586015993,1.6962415524848022,7.6788,9.136800000000001,0.418259190445501,,-1.4209353319244415,24.812248,59.478399,17.101241773803054,160.29469369667407,254.29414956583693,-7.229124262333643,0.004164680451850864,5.256600729381364
2026-10-07T18:20:32+03:00,12.45,288.0,145.31798962680318,12.55824,92.99677972768393,86.05826082864965,-2.543073173688159,5.98752,5.38488,-0.8078704911344607,,8.680310596231973,24.812499,59.478372,17.810815359361776,156.34605289786765,249.34283262555158,-5.484480740388684,0.00360227464599473,5.260203004027359
2026-10-07T18:20:34+03:00,12.15,288.0,166.0476026546364,13.43304,90.99715702267736,83.5830831536845,-1.8948860200566584,6.0652800000000004,7.8732,-0.9052733163067008,,7.580231629580791,24.812629,59.47836,19.374644773063565,170.37651143829814,261.3736684609755,-5.979926874358883,0.004033465588760901,5.26423646961612
2026-10-07T18:20:42+03:00,11.81,287.98,178.79591359629717,11.52792,74.99444580467346,72.41613572658476,-1.6094957423019955,6.2208000000000006,5.96808,-0.10886198107485642,,-1.970974815250032,24.813168,59.478383,17.747827794016594,179.21793127523318,254.21237707990664,-6.220220499156074,0.0037455958021164193,5.267982065418236
2026-10-07T18:20:44+03:00,11.47,287.97,-156.1085173768789,11.21688,76.99979808763133,69.77480029103165,-2.8015917308511864,6.4152,8.767439999999999,-0.48701412586119974,,-0.3495042550298022,24.813285,59.47839,17.278848136278988,164.7567926553122,272.24300543231914,-6.189503644432583,0.0035962994299793606,5.2715783648482155
2026-10-07T18:20:46+03:00,11.43,287.96,-167.0119042182185,8.41752,72.99482309966687,68.58877765511085,-0.5702648934937083,7.698239999999999,8.08704,-0.5099324376664327,,-3.2028340747813018,24.81341,59.478405,16.01256165256214,173.2148641347163,259.7799589649506,-7.644323005155517,0.003920884186536852,5.275499249034753
2026-10-07T18:20:50+03:00,11.28,287.94,-173.34881743236537,11.664,68.99557768965373,72.83439491703025,0.8503839595331678,6.8623199999999995,7.2122399999999995,-0.8307888029396938,,-7.385425979236311,24.813659,59.478447,18.49721917774763,175.811572867342,253.18400482231175,-6.84399245797511,0.003772950742324069,5.279272199777076
2026-10-07T18:20:52+03:00,10.98,287.93,174.89980058940756,12.130560000000001,71.99787653613924,75.18925145501794,1.2348386400659503,6.8623199999999995,6.7068,0.11459155902616464,,-5.861358244188322,24.813769,59.478467,18.975519117774525,176.74212288309468,248.73999941923392,-6.851229577542144,0.003566612676624715,5.282838812453701
2026-10-07T18:20:54+03:00,11.13,287.93,181.40860114209374,14.71608,76.99979808763133,77.54983757095692,-0.10313240312354818,6.454079999999999,6.27912,-0.3093972093706446,,-10.152812129718187,24.813879,59.478478,21.168804201376993,179.02082291526605,256.02062100289737,-6.453137522488503,0.0034223830960794666,5.2862611955497805
2026-10-07T18:20:56+03:00,11.06,287.91,169.66869591986315,13.122,79.99636735616555,77.71599533154487,-0.7958383774367135,5.87088,5.87088,-1.0370536091867901,,-4.010704565915763,24.813968,59.478486,18.927004453660526,172.8576241096041,252.85399146576964,-5.825323444689048,0.0027590776663186534,5.289020273216099
2026-10-07T18:20:58+03:00,10.68,287.92,165.64653219804478,13.19976,82.99866620265107,76.79353328138424,2.6635089022246583,5.9292,7.07616,0.06302535746439056,,-2.8934368654106573,24.814076,59.478495,19.00081731882785,170.08325869984841,253.08192490249948,-5.840612107404875,0.0033409407003020986,5.292361213916402
2026-10-07T18:21:00+03:00,10.68,287.9,176.89369371646288,14.094,84.99828890765764,81.9788013273182,6.632674027993436,7.387199999999999,7.56216,0.10313240312354818,,-10.118434662010339,24.814207,59.478501,21.474077466476942,177.961818515801,262.9601074234587,-7.382526475729226,0.004015188682202853,5.296376402598605
2026-10-07T18:21:02+03:00,10.68,287.89,156.78287510737096,13.00536,88.99753431767077,89.77102734109738,1.5139836778536873,7.4844,6.82344,0.544309905374282,,-10.542423430407146,24.814335,59.478505,20.101369033822117,165.22323177721418,254.22076609488494,-7.23686757789408,0.003914769537673498,5.300291172136278
2026-10-07T18:21:04+03:00,10.53,287.89,145.13464313236133,14.30784,93.99945586916286,98.42841962552411,6.686360173397194,6.35688,6.10416,-0.8708958485988514,,-12.18681230243261,24.814451,59.478504,19.85895318224455,155.67837533605035,249.6778312052132,-5.7926935335414536,0.0035415725077620423,5.3038327446440405
2026-10-07T18:21:06+03:00,10.27,287.89,131.8878589089367,11.236320000000001,101.99794668918915,114.13319279006,7.106911195023218,6.08472,5.87088,-0.7047380880109125,,-18.638317075605677,24.814566,59.478495,15.955449659833802,148.3811018911156,250.37904858030475,-5.18146801590087,0.003551973334658981,5.3073847179786995
