time,dpt,mtw,awa,aws,cog,hdg,rot,sog,stw,pitch,yaw,roll,lng,lat,tws,twa,twd,vmg,dist,cum_dist
2026-09-16T17:21:49+03:00,6.52,289.92,53.70203818538455,17.32104,106.99986824068124,102.34745094421895,0.43040589570227444,6.6095999999999995,6.14304,0.27501974166279514,,-13.246784223424633,24.817641,59.483001,14.427694651336665,75.36959884113547,182.3694670818167,1.6694712056762402,0.00353746557465696,0.00353746557465696
2026-09-16T17:21:51+03:00,6.56,289.917,59.97592604206707,17.515439999999998,112.99873635570096,97.71222238161059,-4.246304811273557,6.4152,6.006959999999999,0.2578310078088704,,-9.322023326778494,24.817746,59.482979,15.345964107338952,81.19555108381722,194.19428743951818,0.9819269991466972,0.0034669441808890156,0.007004409755545976
2026-09-16T17:21:53+03:00,6.48,289.916,58.45185830701908,16.07688,101.99794668918915,97.03613218335623,1.360602876097166,6.0264,5.754239999999999,0.44117750225073393,,-10.800254438216017,24.817853,59.482963,13.906814664050449,80.12394111946439,182.12188780865353,1.033632796893046,0.003404551124975913,0.01040896088052189
2026-09-16T17:21:55+03:00,6.33,289.91,62.2964051123469,15.901919999999999,102.99489325271679,93.37493187247026,-4.625201801193571,5.404319999999999,5.851439999999999,0.48701412586119974,,-10.639826255579388,24.817951,59.482954,14.21872024611641,81.96101108697034,184.95590433968715,0.7557775669912875,0.003039717395965399,0.013448678276487288
2026-09-16T17:21:57+03:00,6.18,289.909,64.80596025501991,15.18264,97.99870127917599,93.75881359520793,3.353980341136813,5.6181600000000005,5.598719999999999,0.49847328176381617,,-14.094761760218251,24.818054,59.482945,13.764289544289987,86.48092089691738,184.47962217609336,0.3448477632791264,0.0031900094905647864,0.016638687767052074
2026-09-16T17:21:59+03:00,6.18,289.914,58.24559350077199,15.27984,97.99870127917599,96.71527581808296,-0.9311137128671009,6.454079999999999,7.348319999999999,0.48701412586119974,,-18.340379022137654,24.81817,59.482939,13.089238230824105,83.03436758725272,181.03306886642872,0.7827118719437738,0.003558917569407837,0.02019760533645991
2026-09-16T17:22:01+03:00,6.33,289.916,63.59128972934256,17.534879999999998,100.9952705477102,101.38488184839917,-0.28241089721998275,6.78456,6.6095999999999995,0.4812845479098915,,-15.326621019749524,24.818291,59.482929,15.737742520328794,86.30416167196931,187.29943221967952,0.4373315476109157,0.0037418035775435106,0.02393940891400342
2026-09-16T17:22:03+03:00,6.33,289.909,60.59472046080835,18.195839999999997,105.9971920992023,98.85813797187224,-2.8965881332838768,6.045839999999999,5.90976,0.4297183463481174,,-12.226919348091768,24.818393,59.482916,16.11258252135127,79.67447758744169,185.67166968664398,1.083659197598224,0.003209849420521677,0.027149258334525098
2026-09-16T17:22:05+03:00,6.11,289.91,63.07562771372483,16.6212,106.99986824068124,94.83597425005385,-2.662764057090988,5.42376,5.7348,0.4812845479098915,,-11.482074214421695,24.818491,59.482903,14.96795370559272,81.92494088686405,188.9248091275453,0.7618769812573415,0.003091576671623432,0.03024083500614853
2026-09-16T17:22:07+03:00,6.03,289.909,66.75974633641601,16.44624,96.99602513769707,96.26263915992962,0.5330226368102049,5.81256,6.88176,0.4297183463481174,,-12.691015162147734,24.818592,59.482895,15.126918404510212,87.43518729333968,184.43121243103676,0.2601090240872825,0.003120043230984373,0.0333608782371329
2026-09-16T17:22:09+03:00,6.03,289.916,64.98930674946178,17.14608,100.9952705477102,94.99067285473917,-1.4986857047236943,6.1236,6.27912,0.44117750225073393,,-14.117680072023486,24.818697,59.482888,15.578985465090437,85.85689936868329,186.8521699163935,0.44241630226146944,0.0032323573473359768,0.03659323558446888
2026-09-16T17:22:11+03:00,6.03,289.916,68.209329558097,18.64296,99.99832398418258,90.5502499424753,-2.4374770520455487,6.006959999999999,6.27912,0.5500394833255903,,-12.828525032979131,24.818806,59.48288,17.33494352607235,86.97889614724689,186.97722013142948,0.31658949599039016,0.0033615173526815143,0.039954752937150395
2026-09-16T17:22:13+03:00,5.88,289.925,69.26930147908904,18.58464,94.99640243269049,91.34093169975584,3.3762111035878886,5.773680000000001,6.18192,0.4354479242994257,,-13.109274352593236,24.818907,59.482875,17.39999215978287,87.34883844899733,182.3452408816878,0.267061500411926,0.00309738233001654,0.04305213526716693
2026-09-16T17:22:15+03:00,5.88,289.921,70.69023681101348,17.61264,90.99715702267736,90.11480201817588,-1.3848962866107128,6.25968,6.39576,0.5271211715203573,,-14.008818090948628,24.819029,59.482873,16.627541442193493,91.5012349006076,182.49839192328494,-0.16399418890705986,0.0037256790165575027,0.046777814283724434
2026-09-16T17:22:17+03:00,5.88,289.923,67.76815205584627,18.40968,96.99602513769707,93.57546710076605,-0.24780424639408105,6.25968,5.79312,0.3552338329811104,,-10.479398072942757,24.819149,59.482866,17.055718806098394,87.62857233275699,184.62459747045406,0.25900931258735815,0.003686782582334363,0.050464596866058795
2026-09-16T17:22:19+03:00,5.88,289.92,63.03552066806567,15.552,95.99907857416943,88.6652187964949,-1.7529070784232406,5.81256,5.773680000000001,0.4640958140559668,,-12.09513905521168,24.819258,59.482861,13.916599551655182,84.89089841122829,180.8899769853977,0.5176231130239454,0.003340495140591675,0.05380509200665047
2026-09-16T17:22:21+03:00,5.73,289.916,73.25135815524825,17.573759999999996,91.99983316415629,87.63962434321073,0.24115793597056348,5.42376,5.3654399999999995,0.5614986392282068,,-13.28689126908379,24.819359,59.482857,16.832088160890937,91.22370433971135,183.22353750386765,-0.11583006869774377,0.0030921305391164063,0.05689722254576687
2026-09-16T17:22:23+03:00,5.51,289.92,65.31589269268635,17.90424,89.9944808811984,87.59951729755156,0.40611248518872745,5.65704,6.47352,0.5672282171795151,,-15.762068944048947,24.819463,59.482858,16.369716800263102,83.6164641715807,173.6109450527791,0.6289687398517794,0.0031749054984832655,0.06007212804425014
2026-09-16T17:22:25+03:00,5.58,289.916,67.7910703676515,18.74016,92.99677972768393,89.18088081211265,-1.767918572655668,6.045839999999999,6.901199999999999,0.7677634454753031,,-18.334649444186343,24.819582,59.482855,17.38086166240944,86.5773294083797,179.5741091360636,0.3609448034248478,0.0036366469747663517,0.06370877501901649
2026-09-16T17:22:27+03:00,5.58,289.906,71.65853548478455,20.13984,93.99945586916286,89.50746675533722,1.1504992526226931,6.35688,6.0652800000000004,0.6187944187412892,,-12.324322173264008,24.819691,59.482855,19.1167054782142,90.05780292629272,184.0572587954556,-0.006413146079596236,0.003326949040199183,0.06703572405921568
2026-09-16T17:22:29+03:00,5.58,289.913,78.97520652860518,19.03176,94.99640243269049,88.109449735218,0.004354479242994257,6.29856,6.43464,0.5844169510334397,,-9.791848718785769,24.81981,59.482853,18.868819266734107,98.10124278879077,193.09764522148126,-0.8876101207808633,0.003634162693826722,0.07066988675304241
2026-09-16T17:22:31+03:00,5.55,289.909,73.06801166080638,16.87392,89.9944808811984,88.28133707375724,1.760126346641889,6.0652800000000004,5.832,0.3781521447863433,,-12.83425461093044,24.819919,59.482852,16.183436055845558,94.07837329154219,184.0728541727406,-0.4313684633307193,0.0033274922227213006,0.07399737897576371
2026-09-16T17:22:33+03:00,5.43,289.916,80.50500384160448,16.368479999999998,89.9944808811984,87.26147219842437,0.7612890223903248,5.98752,6.47352,0.46982539200727513,,-13.894226531922463,24.820019,59.482851,16.475524492591703,101.50944087522171,191.5039217564201,-1.1946862621487497,0.0030528389335903487,0.07705021790935405
2026-09-16T17:22:35+03:00,5.55,289.906,65.774258928791,16.426799999999997,91.99983316415629,93.1171008646614,3.2172153154390855,6.08472,6.43464,0.3552338329811104,,-14.44999559319936,24.820129,59.482849,14.994532986914978,87.49356627229594,179.49339943645222,0.26609435828652034,0.0033596234937208437,0.0804098414030749
2026-09-16T17:22:37+03:00,5.58,289.916,62.118788195856354,17.496,95.99907857416943,94.60679113200153,-0.8335390003563217,6.2208000000000006,6.4152,0.3781521447863433,,-15.584452027558392,24.820244,59.482843,15.588884566275803,82.77323718530398,178.77231575947343,0.7825557125527163,0.0035285635818330953,0.083938404984908
2026-09-16T17:22:39+03:00,5.51,289.91,59.093571037565596,17.748720000000002,99.99832398418258,93.1228304426127,-4.0250858065735455,6.0264,6.940079999999999,0.45836623610465854,,-11.997736230039438,24.82036,59.482833,15.538864435440749,78.52988485750592,178.5282088416885,1.1983905545392066,0.003591267113160025,0.08752967209806803
2026-09-16T17:22:41+03:00,5.43,289.914,65.97479415708679,15.007679999999999,96.99602513769707,91.28936549819406,2.397599189504443,6.08472,6.492959999999999,0.5213915935690492,,-13.28689126908379,24.820463,59.482824,13.707534878416094,89.89347896111494,186.889504098812,0.011312357172790641,0.0031900205909452073,0.09071969268901324
2026-09-16T17:22:43+03:00,5.43,289.903,55.6099876431702,14.30784,90.99715702267736,98.25653228698488,7.267568560777902,5.87088,6.43464,0.5385803274229739,,-19.039387532197257,24.820568,59.48282,12.012146546096025,79.39578367645953,170.3929406991369,1.080380960501558,0.0032138682853178344,0.09393356097433107
2026-09-16T17:22:45+03:00,5.58,289.906,46.91821789103561,19.28448,95.99907857416943,114.2191364593296,9.735870742201486,6.4152,5.90976,0.4469070802020421,,-21.54894267487026,24.820686,59.482813,15.621863768537967,64.37186635921445,160.3709449333839,2.774756953208098,0.0036261488213099424,0.09755970979564102
2026-09-16T17:22:47+03:00,5.58,289.912,38.20925940504709,20.39256,110.99911365069438,130.9093970314905,7.914266024142062,5.96808,5.7153599999999996,0.5042028597151245,,-20.91295952227505,24.820781,59.482793,16.13115870422359,51.43809896543678,162.43721261613115,3.7202610651560244,0.003138961781457133,0.10069867157709815
2026-09-16T17:22:49+03:00,5.58,289.909,31.912453236559347,21.597839999999998,126.99609529074696,138.8505920720037,-0.4321247690876669,5.46264,5.598719999999999,0.7734930234266114,,-19.113872045564264,24.82087,59.482759,17.204906160868262,41.57472540818833,168.57082069893528,4.086551230704908,0.0033994059539109054,0.10409807753100905
2026-09-16T17:22:51+03:00,5.43,289.907,34.731405588602996,21.03408,141.99613036727192,139.91629357094706,1.0101245928156413,5.46264,6.24024,0.7505747116213785,,-18.850311459804086,24.820922,59.48272,16.83488493275959,45.384838108365415,187.38096847563733,3.83663848887291,0.002830971325771419,0.10692904885678048
2026-09-16T17:22:53+03:00,5.32,289.902,31.620244761042628,21.05352,143.9957530722785,138.47816950516867,1.3686242852289972,5.50152,5.7348,0.6875493541569879,,-18.0252522348157,24.820985,59.482676,16.620934535545008,41.61387214843046,185.60962522070895,4.1131416814356605,0.0032699060448393093,0.1101989549016198
2026-09-16T17:22:55+03:00,5.32,289.91,36.25547332365099,21.2868,140.99918380374427,140.67259786051974,2.15088356292111,6.201359999999999,5.98752,1.4381240657783663,,-16.27200138171538,24.821049,59.482636,16.693914789906774,48.946002196991344,189.94518600073562,4.072867242018888,0.0030978484435931685,0.11329680334521296
2026-09-16T17:22:57+03:00,5.43,289.913,36.69092124795041,20.76192,145.99537577728506,144.35098690525962,0.5228239880568761,5.98752,5.38488,0.5099324376664327,,-8.072975333393298,24.821115,59.482588,16.356737122853513,49.32473544826101,195.32011122554607,3.9024921679365536,0.0035188645808859487,0.1168156679260989
2026-09-16T17:22:59+03:00,5.28,289.914,23.913962416533057,20.625839999999997,151.9999734702561,143.2337192047545,-2.5855866420868656,5.28768,5.832,0.7849521793292279,,-4.2169693721628585,24.821159,59.482543,15.936878867723662,31.643405373288545,183.64337884354464,4.501559215879169,0.0030199085903034936,0.11983557651640239
2026-09-16T17:23:01+03:00,5.36,289.914,23.255060952132613,17.84592,142.99880650875087,139.41209071123188,0.09121488098482707,5.48208,5.443199999999999,0.4239887683968092,,-7.563042895726867,24.821212,59.482503,12.990809172473945,32.84612079539514,175.844927304146,4.6056613939768365,0.0028978742466841214,0.12273345076308652
2026-09-16T17:23:03+03:00,5.43,289.912,22.939934164810655,19.65384,139.99650766226534,143.88689109120364,6.264434053062855,5.13216,5.346,-0.22345354010102106,,-8.886575402479068,24.821269,59.482463,15.060991874288627,30.572283946398983,170.56879160866433,4.418729037024284,0.002967760712260538,0.12570121147534705
2026-09-16T17:23:05+03:00,5.28,289.918,19.015173268164517,21.05352,147.99499848229166,156.84719641706283,6.142967000495121,4.548959999999999,4.91832,0.813600069085769,,-4.068000345428845,24.821312,59.482428,16.818221375155165,24.071023846569858,172.06602232886152,4.153385009292784,0.002479608367720631,0.12818081984306767
2026-09-16T17:23:07+03:00,5.4,289.912,10.856254265501596,20.78136,155.99921888026924,173.54891614512636,12.224627516911244,4.276800000000001,4.1212800000000005,0.5213915935690492,,-1.386557864216592,24.821347,59.482393,16.60065736898369,13.637519879199914,169.63673875946915,4.156223366944158,0.0023594733258550603,0.13054029316892274
2026-09-16T17:23:09+03:00,5.28,289.91,-11.642938912593138,20.5092,169.99657781531528,193.7399488455366,10.965094395875155,4.0629599999999995,3.9851999999999994,0.739115555718762,,0.8594366926962348,24.821359,59.482356,16.550162521742248,14.482738513704476,155.5138393016108,3.933851435333541,0.0022539451603296647,0.1327942383292524
2026-09-16T17:23:11+03:00,4.98,289.914,-21.566567924258994,19.69272,198.9997014048375,216.3259451295936,13.141990242695206,3.6352800000000003,3.57696,-0.5213915935690492,,3.076783359852521,24.82135,59.482328,16.366583233996423,26.249742634293483,172.74995877054403,3.2603907620432344,0.0017052878510239726,0.13449952618027639
2026-09-16T17:23:13+03:00,5.28,289.918,-49.6873365092798,16.368479999999998,215.99935918636905,246.3145561267409,13.860823092466337,3.51864,3.5964,-1.4896902673401402,,10.771606548459477,24.821319,59.482303,14.345212052154357,60.46711868240135,155.5322405039677,1.7344184616654788,0.0017757822036640416,0.13627530838394042
2026-09-16T17:23:15+03:00,5.25,289.92,-83.36579570706958,16.21296,254.9948667229729,275.71875017285475,11.308410706717543,3.6352800000000003,3.34368,-0.9511099399171665,,10.479398072942757,24.821258,59.482292,16.20052315595158,96.24464179992563,158.75022492304726,-0.39542362675542886,0.001975814234568744,0.13825112261850916
2026-09-16T17:23:17+03:00,5.13,289.916,-86.50560442438649,16.757279999999998,274.9968233509899,281.86658731460847,0.4222698950114167,4.996079999999999,4.510079999999999,-0.2119943841984046,,6.577555488101851,24.821165,59.482295,17.19190338300187,103.36752736818407,171.62929598280584,-1.1550764163129084,0.0028443584495722665,0.14109548106808142
2026-09-16T17:23:19+03:00,5.28,289.912,-80.47808841961023,14.15232,297.9953492475411,282.6687282277917,3.368476173353623,6.10416,5.346,-0.5729577951308232,,9.144406410287939,24.821076,59.482317,14.455707894115406,105.08866364325065,192.9066856042905,-1.588995121501164,0.003021303060451948,0.14411678412853338
2026-09-16T17:23:21+03:00,5.4,289.916,-95.31196573554725,15.1632,287.9972357225083,286.541922922876,0.3410817754413791,5.46264,5.52096,-0.4526366581533504,,7.924006306659286,24.820972,59.482342,16.586133791843388,114.45547494002493,173.54176078248338,-2.261456365660716,0.0035120952486831975,0.14762887937721658
2026-09-16T17:23:23+03:00,5.43,289.92,-88.43074261602607,15.04656,295.9957265425346,287.29249763449735,-0.059473019134579454,5.90976,5.65704,-0.4526366581533504,,7.2479161084049135,24.820876,59.482363,16.014179554968386,110.07820008424451,185.9175264582901,-2.0288345718781273,0.0031905141799171565,0.15081939355713375
2026-09-16T17:23:25+03:00,5.43,289.909,-87.37077069503404,14.443919999999999,298.9980253890201,283.78599592829676,-0.8325649721045992,5.67648,5.7153599999999996,-0.5958761069360561,,7.22499779659968,24.82078,59.482394,15.275045115758173,109.16206070948321,189.83596467953686,-1.8632548408555827,0.003472476789220303,0.15429187034635405
2026-09-16T17:23:27+03:00,5.43,289.903,-90.58506392571796,12.75264,294.99877997900694,289.35514569696835,6.827651565676455,5.7348,5.7348,-0.5271211715203573,,5.064946908956478,24.820686,59.482416,14.0360718870361,114.69913003861431,180.2996499403926,-2.3963049858192904,0.0031592222008628213,0.15745109254721687
2026-09-16T17:23:29+03:00,5.43,289.912,-104.82306513471892,13.5108,291.99648113252147,300.0694564659147,6.635252338071525,5.94864,5.832,-0.26929016371148695,,2.142862153789279,24.820585,59.482437,16.09507366846129,125.7571647547318,166.23931637778966,-3.476094608440937,0.0033312179670101265,0.160782310514227
2026-09-16T17:23:31+03:00,5.43,289.912,-104.86317218037806,12.674879999999998,303.9999469405122,307.88460079149917,1.3775051310535253,5.832,6.4152,-0.16615776058793874,,2.2402649789615188,24.820497,59.482467,15.250817310075828,126.55479349514553,177.44515344536666,-3.473488254983947,0.0032351645317850617,0.16401747504601208
2026-09-16T17:23:33+03:00,5.28,289.91,-118.24746627463409,11.97504,316.9946297340793,313.37926604680376,5.691877328388625,6.29856,5.6376,-0.23491269600363757,,2.515284720624314,24.820423,59.482508,15.952063104650977,138.6016095233677,178.3930202107116,-4.724736586668145,0.0033429053320529673,0.16736038037806505
2026-09-16T17:23:35+03:00,5.43,289.91,-123.76504984174392,11.99448,316.9946297340793,316.0721676839186,1.6322421667686893,6.29856,6.57072,-0.07448451336700701,,1.306343772898277,24.82035,59.482548,16.355940564867574,142.4362606949505,174.5583690391288,-4.992714992969985,0.0032780184450607545,0.17063839882312581
2026-09-16T17:23:37+03:00,5.43,289.907,-127.66116284863352,11.702879999999999,323.9961739905779,319.83650039792815,-0.3528847060210741,6.24024,6.08472,0.26356058576017866,,1.386557864216592,24.820282,59.482597,16.28305219207967,145.32210402358695,178.67406996699097,-5.13174623779935,0.0036031307221185177,0.17424152954524433
2026-09-16T17:23:39+03:00,5.43,289.902,-133.56262813848102,10.96416,330.99771824707665,319.79639335226904,-0.09597043068441288,6.1624799999999995,6.37632,0.813600069085769,,3.2486706983917677,24.820226,59.482648,15.852928985046486,149.92317353024168,181.07454471683496,-5.332727876634438,0.0035098225768585276,0.17775135212210286
2026-09-16T17:23:41+03:00,5.43,289.912,-117.36511127013263,10.67256,328.99809554207,318.19211152590265,-0.6088822488855258,6.25968,6.14304,0.3323155211758775,,1.7876283208081685,24.820167,59.482698,14.645949806479107,139.6722887276687,189.32580681440132,-4.772100967492988,0.003503619816804577,0.18125497193890744
2026-09-16T17:23:43+03:00,5.58,289.91,-125.44954575942855,9.60336,329.99504210559763,317.43007765837865,-2.456270067725839,6.4152,5.773680000000001,0.6130648407899808,,2.566850922186088,24.820107,59.482744,14.312310750902649,146.86572389048774,183.1293182151099,-5.372036334912074,0.0033164496626325035,0.18457142160153994
2026-09-16T17:23:45+03:00,5.43,289.913,-143.07372753765267,9.83664,327.995419400591,316.1008155736752,0.6174766158124881,6.5124,6.1236,0.418259190445501,,3.168456607073453,24.820045,59.482797,15.543209741071449,157.65314868327133,170.34227071731968,-6.023313055815173,0.0037053894458733117,0.18827681104741326
2026-09-16T17:23:47+03:00,5.55,289.912,-143.5149050399034,8.88408,326.99847283706345,315.80860709815846,0.9142114579107417,6.1624799999999995,6.201359999999999,0.34377467707849396,,5.162349734128718,24.819981,59.482846,14.3156918273523,158.3455901592968,168.65288267776666,-5.727572120768795,0.0035342029630131802,0.19181101401042644
2026-09-16T17:23:49+03:00,5.43,289.912,-140.98816116337647,12.20832,323.9961739905779,314.75436475511776,-0.3617655518456018,6.4152,6.25968,0.06302535746439056,,3.552338329811104,24.819923,59.482894,17.660911588029975,154.20602839209891,169.790145598479,-5.776018721369107,0.0033849931546340523,0.1951960071650605
2026-09-16T17:23:51+03:00,5.47,289.907,-138.7135187167071,12.86928,322.9992274270503,313.30478153343677,-0.33558138060812315,6.6679200000000005,6.940079999999999,-0.4640958140559668,,3.810169337619975,24.819854,59.482949,18.41304416343982,152.5376448258249,170.4615826012254,-5.916538917703915,0.003919766139930151,0.19911577330499064
2026-09-16T17:23:53+03:00,5.47,289.924,-135.43047055060748,14.230080000000001,323.9961739905779,312.4224265289353,-2.1684160714521132,6.43464,6.68736,-0.20626480624709637,,3.580986219567645,24.819784,59.482999,19.348439031160996,148.92700346815883,175.06917052241909,-5.511336282019361,0.003687445592779749,0.2028032188977704
2026-09-16T17:23:55+03:00,5.43,289.914,-137.0519411108277,13.860719999999999,325.9957966955845,312.9724660122609,-0.2413871190886158,7.17336,6.648479999999999,-0.23491269600363757,,4.755549699585833,24.819717,59.483049,19.726467333135176,151.3970377710747,174.59875892450978,-6.2979104170133,0.003635154611718005,0.2064383735094884
2026-09-16T17:23:57+03:00,5.62,289.916,-131.3968476728865,12.5388,322.9992274270503,311.21921515916057,0.22654751219472752,7.03728,7.01784,-0.1776169164905552,,4.222698950114167,24.819647,59.483099,17.984565289103553,148.46621906220156,174.53300836484874,-5.998098634253459,0.003687441927276142,0.21012581543676453
2026-09-16T17:23:59+03:00,5.66,289.909,-121.27268343292485,11.80008,324.9988501320569,306.87046549411764,-3.5061006357440467,6.55128,6.6095999999999995,-0.418259190445501,,7.144783705281366,24.819575,59.483152,16.199434133040203,141.49448935212882,183.50436077992805,-5.126692898609775,0.0038701663910446138,0.21399598182780916
2026-09-16T17:24:01+03:00,5.58,289.92,-115.6748857744967,13.95792,318.9999820170371,302.6706848558087,-4.205624807819269,6.68736,6.29856,-0.41252961249419273,,10.089786772253797,24.819494,59.483199,17.900487983117348,135.35084224394922,183.64913977308788,-4.757544130572547,0.003754094953580225,0.21775007678138938
2026-09-16T17:24:03+03:00,5.73,289.914,-111.26884032994067,13.18032,314.99500702907267,294.55760247675624,-3.7845008283981136,6.74568,6.74568,-1.3235325067522015,,13.64785468001621,24.819411,59.483243,16.844239934543367,133.1817705994809,181.81323642959177,-4.616170956267054,0.0036623005853100264,0.22141237736669941
2026-09-16T17:24:05+03:00,5.73,289.92,-101.93535784725957,14.34672,307.99919235052533,288.4899794263208,-2.045631215955578,6.901199999999999,6.97896,-0.9281916281119336,,13.596288478454435,24.819318,59.483284,17.15828905376908,125.1086126292966,182.89057972122873,-3.969074932455819,0.0037590881553625356,0.22517146552206194
2026-09-16T17:24:07+03:00,5.73,289.916,-96.71571233361777,14.98824,300.99764809402666,286.4502496756551,-1.183215142724663,7.056719999999999,6.59016,-0.3781521447863433,,11.940440450526356,24.819212,59.483318,17.296886008408517,120.61793443862287,180.3797136554038,-3.594063821321271,0.0038267445290313586,0.2289982100510933
2026-09-16T17:24:09+03:00,5.73,289.907,-94.48117693260755,14.4828,297.9953492475411,285.2871453515395,1.4645947159134103,5.90976,6.78456,0.3380450991271857,,10.542423430407146,24.819113,59.483347,16.063975315409003,115.99738394495246,181.99796530258868,-2.590425741996692,0.0034884151705272524,0.23248662522162056
2026-09-16T17:24:11+03:00,5.85,289.927,-81.93340121924254,14.8716,294.99877997900694,281.7978323791928,-1.7424219507723466,6.53184,6.55128,0.9396507840145503,,9.602772646392598,24.819004,59.483375,15.380753131133032,106.79793747760954,188.2008425013974,-1.8876843549656828,0.0037283778383350352,0.2362150030599556
2026-09-16T17:24:13+03:00,5.85,289.92,-80.07701796301868,14.132879999999998,293.99610383752804,277.91317852820583,-3.607170390805124,6.37632,7.251119999999999,-0.09740282517223994,,7.448451336700702,24.818896,59.483398,14.468500088904431,105.80574378291422,188.19036005461382,-1.7367610381800485,0.0035745391454216936,0.2397895422053773
2026-09-16T17:24:15+03:00,5.88,289.927,-85.46855081519969,14.03568,291.99648113252147,277.1339559268279,-0.043544792429942566,6.37632,6.045839999999999,-0.37242256683503505,,6.325454058244288,24.818787,59.483418,14.950460833030244,110.62955572922581,181.36692540329565,-2.246533519942217,0.0035374287938187304,0.24332697099919604
2026-09-16T17:24:17+03:00,6.0,289.921,-85.14769444992646,13.62744,288.9999118639872,277.1282263488766,-0.43264043110328465,5.754239999999999,5.5404,1.0370536091867901,,8.050057021588067,24.818686,59.483438,14.337100293589048,108.72054031655395,180.27937154743327,-1.8468379507713695,0.0033088244247586,0.24663579542395464
2026-09-16T17:24:19+03:00,5.92,289.918,-88.06404962714234,14.01624,294.99877997900694,279.4085983734973,-0.687606649936501,5.81256,6.84288,-0.2807493196141034,,8.9782486497,24.818583,59.483461,14.991208656067728,110.86369834174498,184.13508163726198,-2.07012017542155,0.0034343069077589334,0.25007010233171356
2026-09-16T17:24:21+03:00,5.96,289.907,-89.06099619066997,14.79384,296.9984026840135,278.2684123611869,0.5939280504326113,6.37632,6.37632,-0.09167324722093173,,7.127594971427441,24.81847,59.483483,16.01322562636828,112.52278488916832,184.4756177948452,-2.442454493021416,0.0036937916236238788,0.25376389395533744
2026-09-16T17:24:23+03:00,6.03,289.912,-86.04150861033052,14.40504,290.9995345689938,280.0674998378977,1.0131039733503215,6.25968,6.2208000000000006,0.11459155902616464,,7.815144325584429,24.818364,59.483503,15.304871552335204,110.12223972662514,180.87729484236866,-2.1534813052456414,0.003451445185886211,0.25721533914122363
2026-09-16T17:24:25+03:00,6.18,289.932,-80.88488845415311,14.85216,290.9995345689938,278.9731504491978,-0.25691427533666117,6.08472,6.045839999999999,0.7276563998161455,,7.442721758749393,24.818259,59.483525,15.132003345720266,104.27762451633411,186.72191005265967,-1.5006171037007412,0.00346689821512425,0.2606822373563479
2026-09-16T17:24:27+03:00,6.15,289.912,-74.35889916761305,15.765839999999999,290.9995345689938,278.4632180115314,0.10651285411482003,7.01784,6.648479999999999,0.320856365273261,,6.399938571611295,24.818155,59.483546,15.432147762005568,100.32980915884262,190.66972541015116,-1.2583974864470155,0.0034160376002333255,0.2640982749565812
2026-09-16T17:24:29+03:00,6.18,289.903,-71.66026795254686,14.502239999999999,291.99648113252147,278.2454940493817,-0.20494700331829546,6.2208000000000006,6.1236,-0.320856365273261,,7.912547150756669,24.818049,59.48357,13.865083621604853,96.86650026659368,195.1299808659278,-0.7437362809827766,0.003542359466443241,0.2676406344230245
2026-09-16T17:24:31+03:00,6.18,289.913,-88.14426371846066,14.4828,295.9957265425346,278.19965742577125,0.16088654887273515,6.24024,6.006959999999999,-1.008405719430249,,9.344941638583727,24.817947,59.483593,15.583285316256907,111.7370978648132,184.25862867772142,-2.311062115712104,0.003406378219737105,0.2710470126427616
2026-09-16T17:24:33+03:00,6.33,289.91,-83.577790091268,15.7464,293.99610383752804,275.9823107586149,-1.063581555101347,6.006959999999999,6.045839999999999,0.418259190445501,,9.631420536149138,24.817839,59.483616,16.21334521228741,105.18057866769648,188.81552516983157,-1.572994893606133,0.0035745195230804812,0.27462153216584206
2026-09-16T17:24:35+03:00,6.33,289.91,-73.82604841814138,16.87392,291.99648113252147,276.06252484993325,0.3042978849939802,6.006959999999999,5.7153599999999996,0.0,,7.121865393476132,24.817738,59.483638,16.258648176000296,94.60964319033529,197.38683794218616,-0.48275947102816164,0.003354354459200841,0.2779758866250429
2026-09-16T17:24:37+03:00,6.33,289.905,-74.84018371552293,13.95792,289.9968584275149,276.7443446261389,0.6634851267614933,6.0652800000000004,5.96808,-0.06875493541569878,,9.344941638583727,24.817633,59.48366,13.68694893805025,100.1632625827721,189.83359584474277,-1.0702407862189436,0.0034668863727991455,0.28144277299784204
2026-09-16T17:24:39+03:00,6.48,289.912,-82.13966602548962,14.502239999999999,294.99877997900694,277.1224967709253,1.369712905039746,6.18192,5.98752,0.6703606203030631,,7.253645686356221,24.817542,59.483684,14.966956569638182,106.29156416219068,188.70721581681624,-1.7341855234464167,0.003129765623763743,0.2845725386216058
2026-09-16T17:24:41+03:00,6.45,289.906,-74.5365160841036,17.47656,298.9980253890201,279.55183782228,-0.583271035443178,5.832,5.754239999999999,0.3781521447863433,,9.178783877995789,24.817446,59.48371,16.88466591170692,93.98133145883604,205.01669393018403,-0.40492413613220835,0.003320803737100448,0.2878933423587063
2026-09-16T17:24:43+03:00,6.48,289.906,-73.60259487804035,17.18496,293.99610383752804,278.8127222665612,-1.696069665146263,6.6679200000000005,5.65704,0.3380450991271857,,12.226919348091768,24.817335,59.483736,16.585780455404688,96.28822095744545,197.7078828800826,-0.7303370590495672,0.003730986326764196,0.2916243286854705
2026-09-16T17:24:45+03:00,6.56,289.907,-71.59724259508248,20.52864,295.9957265425346,278.38300392021307,-1.992575324126464,6.318,6.1624799999999995,0.10886198107485642,,11.99200665208813,24.817231,59.48376,19.479502347025562,89.52119511063437,206.47453143190023,0.05279715377686995,0.0034866793164844844,0.295111008001955
2026-09-16T17:24:47+03:00,6.52,289.901,-78.62743474133768,19.01232,295.9957265425346,279.27108850266586,2.213966216165014,6.0264,6.08472,-0.5328507494716656,,16.76474508552789,24.817142,59.483783,18.777642542044664,96.96612627969796,199.02960026283665,-0.7308969843510694,0.0030479852286064723,0.2981589932305615
2026-09-16T17:24:49+03:00,6.75,289.92,-81.2229335532803,20.15928,294.99877997900694,280.1534435071673,-1.241083880032876,6.37632,5.5598399999999994,-0.4812845479098915,,14.90836182930402,24.817041,59.483808,20.19468998916872,99.4054434777196,195.59333650128735,-1.0420162529160895,0.003429434823662158,0.30158842805422365
2026-09-16T17:24:51+03:00,6.63,289.916,-86.87802699122153,17.86536,294.99877997900694,279.8784237655045,2.402526626542568,6.4152,6.78456,-0.22918311805232927,,15.876660503075112,24.81694,59.483837,18.650527401441394,106.965741654838,188.03303832416896,-1.8719544482404253,0.003541384266917458,0.3051298123211411
2026-09-16T17:24:53+03:00,6.78,289.924,-85.45136208134578,19.65384,295.9957265425346,278.5319729469471,0.5907194867798787,6.88176,6.18192,0.20626480624709637,,13.97444062324078,24.816833,59.483864,20.30220369644179,105.20025553586731,190.7954710066673,-1.8043526205151612,0.003646824963681517,0.30877663728482263
2026-09-16T17:24:55+03:00,6.9,289.92,-83.82989152112555,18.798479999999998,295.9957265425346,277.6209700526891,-1.8515704107447681,6.492959999999999,6.08472,-1.4266649098757496,,16.27200138171538,24.816735,59.483885,19.217275354334923,103.45800488843987,192.53772165409475,-1.5111234611733682,0.003246544938191758,0.3120231822230144
2026-09-16T17:24:57+03:00,6.78,289.918,-86.58581851570482,19.59552,292.99915727400037,278.3772743422618,0.40485197803943973,6.29856,6.35688,-1.6673071838306956,,18.24297619696541,24.816631,59.483901,20.2226522688766,104.69976716943039,188.29939010456997,-1.5982848820129312,0.003316731239013851,0.3153399134620282
2026-09-16T17:24:59+03:00,6.93,289.918,-74.56516397386014,20.489759999999997,291.99648113252147,274.38948808815127,-0.45217829191724573,6.57072,7.1928,-1.747521275149011,,16.403781674595468,24.816523,59.483924,19.782362052004455,93.23843126346215,198.75804986905933,-0.3711878485182706,0.0035744917994342423,0.3189144052614625
2026-09-16T17:25:01+03:00,6.93,289.916,-75.93453310422281,21.87,293.99610383752804,274.2405190614173,1.5218331996469798,6.92064,7.13448,-1.3178029288008932,,14.048925136607787,24.816405,59.48395,21.27497863315085,94.32807202163349,199.66803181589455,-0.522281931131933,0.003925991135028892,0.32284039639649137
2026-09-16T17:25:03+03:00,7.08,289.925,-85.6690860434955,21.40344,290.9995345689938,276.5552685537458,0.9271030083011851,6.648479999999999,6.84288,-1.4152057539731333,,15.555804137801852,24.816292,59.483973,21.927549157389535,103.26707079335652,187.73246377563726,-1.525762273892455,0.003715687543660165,0.3265560839401515
2026-09-16T17:25:05+03:00,7.08,289.92,-87.19888335649479,19.78992,292.99915727400037,271.9773357706505,2.855449763593484,6.84288,7.387199999999999,-1.730332541295086,,18.47215931501774,24.816179,59.483995,20.621110344869003,106.55521156495507,186.4439457090453,-1.9498044382288175,0.0036937428010064026,0.33024982674115794
2026-09-16T17:25:09+03:00,7.23,289.916,-67.72977747794943,23.25024,290.9995345689938,269.8172848830073,-2.894296302103353,6.78456,6.25968,-1.9938931270552647,,18.970632596781556,24.815943,59.484045,21.611172833370738,84.61886782444984,206.38066674454396,0.636259185057134,0.0035929528979415223,0.3338427796390995
2026-09-16T17:25:11+03:00,7.23,289.929,-62.76223339416519,22.31712,288.9999118639872,268.1041410755661,-3.6728886499066293,6.901199999999999,7.13448,-1.8391945223699424,,17.85909447422776,24.815829,59.484065,20.11715836385491,80.5210741685815,208.47883769540573,1.136522917176561,0.0036812582174585076,0.337524037856558
2026-09-16T17:25:13+03:00,7.23,289.925,-66.90471825296105,21.55896,283.9979903124951,262.07089549283853,-3.7015938354426834,7.056719999999999,6.82344,-1.6787663397333121,,17.171545120070775,24.815712,59.484082,19.880449184931663,85.96175632518275,198.03623398731236,0.4969505252307461,0.00371432087225805,0.341238358728816
2026-09-16T17:25:15+03:00,7.38,289.923,-69.50021706490367,24.99984,281.99836760748855,254.19845538774106,-2.1897301014309805,6.97896,6.18192,-1.8277353664673262,,17.715855025445055,24.81558,59.484094,23.483946384732327,85.66260565283646,196.33576195465207,0.5278154518172148,0.004092877138220457,0.34533123586703646
2026-09-16T17:25:17+03:00,7.46,289.924,-68.84131560050321,24.12504,277.99912219747546,247.79278723817842,-3.978790816726976,6.97896,6.24024,-2.7043607930174858,,24.619996456771474,24.815455,59.484101,22.564974352891266,85.60544225734382,192.39367994013162,0.5347580811734233,0.003838299373840756,0.34916953524087724
2026-09-16T17:25:19+03:00,7.61,289.924,-50.98222112627546,24.649919999999998,260.9994644159439,243.11172205195962,-4.649323324368578,7.62048,7.348319999999999,-3.9190313186948313,,28.836965828934332,24.815327,59.484096,20.716449677591243,67.58882489291882,193.4106395230251,2.90531329463365,0.003918275008263089,0.3530878102491403
2026-09-16T17:25:21+03:00,7.68,289.92,-54.998655270142535,25.0776,266.99833253096364,244.93945741842697,-0.5640196535267824,5.94864,7.056719999999999,-3.5580679077624127,,27.112362865590555,24.815217,59.484093,22.206689862796196,67.67407036373226,199.32426216723138,2.2597386163375583,0.003362187375070191,0.35644999762421054
2026-09-16T17:25:23+03:00,7.76,289.924,-58.16138229926467,26.12736,260.9994644159439,243.76489393840876,-0.2688317974753823,5.94864,7.83432,-3.283048166099617,,26.55659380431366,24.8151,59.484085,23.538179914059263,70.559171559723,190.44029285622094,1.9799047631058562,0.003603228675079534,0.36005322629929004
2026-09-16T17:25:25+03:00,7.95,289.925,-60.05214302319638,22.78368,258.99984171093735,245.08842644516093,-2.422007191577016,6.35688,7.36776,-4.131025702893235,,28.665078490395082,24.814985,59.48408,20.369124573579,75.74108600584287,183.25875570509447,1.565725490155728,0.003522799522223183,0.3635760258215132
2026-09-16T17:25:27+03:00,8.1,289.929,-68.33711274078809,23.814,259.99678827446496,250.37682689421848,-4.830148804511866,6.29856,6.78456,-3.5466087518597957,,27.58218825759783,24.814878,59.484072,22.271944205520846,83.57508205540013,176.42170621906484,0.7048158648130968,0.003300997788275606,0.3668770236097888
2026-09-16T17:25:29+03:00,8.28,289.938,-55.11324682916869,23.05584,269.9949017994978,242.61324877019578,-4.807574267383711,6.68736,7.98984,-3.517960862103255,,28.91145034230134,24.814743,59.484069,19.998025531099074,71.03377904708783,198.96112275241,2.1734633016225566,0.004124328827922387,0.3710013524377112
2026-09-16T17:25:31+03:00,8.36,289.921,-55.02157358194776,20.684160000000002,264.998709825957,239.69689359297993,0.27828560109504086,6.901199999999999,6.88176,-2.8017636181897254,,25.066903536973516,24.814612,59.484064,17.65780746364407,73.69862234808717,191.30008747786985,1.9370963576119444,0.0040095792299879715,0.37501093166769917
2026-09-16T17:25:33+03:00,8.58,289.932,-70.66332138901923,22.27824,253.99792015944524,249.13923805673585,8.353552765668864,6.72624,7.15392,-2.2631832907667517,,18.552373406336056,24.814484,59.484048,21.031568326229085,88.22758271448637,165.77033744495887,0.2080398038657966,0.0040233699847450075,0.37903430165244417
2026-09-16T17:25:35+03:00,8.7,289.928,-74.16409351726857,22.20048,263.9960336844781,255.87149214952302,-1.6966999187209066,6.95952,7.056719999999999,-1.873571990077792,,16.69026057216088,24.814356,59.484035,21.37692130861013,92.41665745470657,171.57937622977153,-0.29345598585930177,0.003984117665396506,0.3830184193178407
2026-09-16T17:25:37+03:00,8.85,289.934,-75.88296690266102,22.14216,273.99987678746226,257.34972326096056,3.4555657582135075,6.68736,7.3094399999999995,-2.6814424812122524,,21.25673419935354,24.814227,59.484042,21.51197888964697,93.42939267171757,180.5704841157447,-0.40002758790591225,0.0039596784729804295,0.38697809779082115
2026-09-16T17:25:39+03:00,9.07,289.936,-75.08082598947789,25.155359999999998,270.9975779409768,258.8680614180572,3.3182850705001625,7.542719999999999,6.940079999999999,-3.346073523564008,,26.48210929094665,24.814095,59.484044,24.330749596971945,92.5118441148702,178.48573382610658,-0.33056655643179605,0.00403061723129168,0.3910087150221128
2026-09-16T17:25:41+03:00,9.15,289.935,-66.69272386876263,28.090799999999998,270.9975779409768,253.304641227337,0.5251731150169126,7.07616,7.46496,-3.632552421129419,,26.8659910136843,24.81397,59.484042,26.112633089428957,81.10353046007528,189.89404748090152,1.0943246748715683,0.003817067836743819,0.3948257828588566
2026-09-16T17:25:43+03:00,9.22,289.942,-74.12971604956071,26.5356,270.9975779409768,251.1331311837911,-2.5535010055595397,6.78456,7.17336,-3.5466087518597957,,26.464920557092725,24.813851,59.484048,25.5285111274162,88.94087035146771,182.05670758950907,0.12540748169427743,0.0036499071245657596,0.39847568998342237
2026-09-16T17:25:45+03:00,9.48,289.939,-77.16066278580277,26.51616,267.99527909449125,251.78057349228894,-4.552837231668548,7.095599999999999,6.55128,-3.8330876494252073,,28.57340524317415,24.813727,59.484046,25.88116162028554,92.66468143731433,175.33059765717692,-0.32987941732023585,0.0037865612568086593,0.402262251240231
2026-09-16T17:25:47+03:00,9.56,289.939,-70.17057768520672,23.25024,269.9949017994978,247.7068435689088,-5.349363158459418,7.1150400000000005,7.52328,-4.1711327485523935,,33.202904227831205,24.8136,59.484045,21.885274365006318,87.97866222695367,182.01623957254415,0.25095942690033934,0.003876682837090132,0.40613893407732116
2026-09-16T17:25:51+03:00,9.86,289.944,-33.105937918193774,26.12736,260.9994644159439,215.44359012509216,-6.181125989650835,6.62904,7.7176800000000005,-3.72995524630166,,35.12231284151947,24.813343,59.484032,20.89062237523313,43.08669086393519,217.91277355200873,4.841326945414945,0.0036513391426553354,0.4097902732199765
2026-09-16T17:25:53+03:00,10.08,289.944,-23.256793419894922,29.31552,251.9982974544387,206.60858092417484,1.6747556351673962,5.9292,6.47352,-3.346073523564008,,28.539027775466305,24.813247,59.484015,23.98264511856679,28.85887015690699,223.1394272975317,5.192859922579077,0.0031031217533761886,0.4128933949733527
2026-09-16T17:25:55+03:00,10.38,289.944,-43.3561528730842,29.3544,217.99898189137562,210.75106578297073,7.76197384219629,5.19048,6.35688,-3.0825129378038287,,20.55199611134263,24.813168,59.483982,25.8274060909553,51.286592773042486,166.71238911833314,3.246257304197651,0.0031222335574168066,0.4160156285307695
2026-09-16T17:25:57+03:00,10.31,289.946,-35.46652403413276,28.440720000000002,228.9997715578874,217.83282413078769,5.3483318344281825,6.35688,6.18192,-2.813222774092342,,30.18341664749177,24.813085,59.483944,23.55391786102234,44.475858691349146,184.52391286653827,4.535924457260087,0.0034109526951448853,0.4194265812259144
2026-09-16T17:25:59+03:00,10.53,289.946,-32.4986026553551,25.816319999999997,232.9990169679006,214.74458161503253,-6.179521707824468,5.890319999999999,6.82344,-3.6497411549833445,,32.42368162645329,24.812997,59.483911,21.08723036556851,41.130093733194826,191.86892323470576,4.436695120829367,0.0033389376107067583,0.42276551883662117
2026-09-16T17:26:01+03:00,10.53,289.942,-27.52532899361956,28.868399999999998,233.99596353142817,203.80108772803382,-3.684863467824863,6.24024,6.492959999999999,-2.9278143331185067,,25.296086655025846,24.812892,59.483876,23.512044501575225,34.57068165330864,199.42528187811953,5.138381025141345,0.003833580460682716,0.4265990992973039
2026-09-16T17:26:03+03:00,10.68,289.94,-26.41379087106576,28.65456,228.9997715578874,197.42406746822775,-1.636367462893631,6.006959999999999,5.38488,-1.6386592940741544,,11.126840381440589,24.812808,59.483843,23.427595661332823,32.96332216825073,196.0364493896367,5.039953849614646,0.003241545348832937,0.4298406446461368
2026-09-16T17:26:05+03:00,10.68,289.951,-23.251063841943616,28.65456,215.99935918636905,189.00731745775596,-7.857600498203624,5.38488,5.851439999999999,-2.016811438860498,,6.737983670738481,24.812746,59.483796,23.80213275765582,28.374908559037976,187.62445062733107,4.737923165594952,0.0034002832154533765,0.4332409278615902
2026-09-16T17:26:07+03:00,10.83,289.942,-11.05279238360839,27.83808,212.99706033988352,170.2486792451728,-15.488596188433004,4.91832,4.957199999999999,-1.5641747807071475,,5.546231456866368,24.812683,59.48375,23.030300523855804,13.399255075728178,199.59780526415534,4.784437876019332,0.003367844847065296,0.4366087727086555
2026-09-16T17:26:09+03:00,10.98,289.947,17.370784396139058,24.805439999999997,197.9970252633586,140.97053591398773,-12.814659454336967,4.82112,4.257359999999999,-0.6187944187412892,,0.5328507494716656,24.812646,59.483703,20.25540429210069,21.445703532363325,219.44272879572193,4.487327181458493,0.0030424172160588405,0.43965118992471436
2026-09-16T17:26:11+03:00,10.83,289.949,24.687455439959663,24.37776,181.9943140453547,116.10416760531002,-14.493597681408817,4.02408,4.31568,0.07448451336700701,,-6.176485031510275,24.812642,59.483666,20.78953303651337,29.324594152821447,211.31890819817616,3.5084308685219137,0.002227333998946911,0.4418785239236613
2026-09-16T17:26:13+03:00,10.68,289.942,49.16994202589974,21.753359999999997,145.99537577728506,90.52733163067008,-9.538200302881354,4.6655999999999995,4.43232,0.590146528984748,,-17.641370512078048,24.812695,59.483632,19.033164515890615,59.85895341644516,205.85432919373022,2.342739599770367,0.002606406792330032,0.4444849307159913
2026-09-16T17:26:15+03:00,10.76,289.938,79.39346571905067,21.617279999999997,117.99492832924174,72.49634981790307,-10.154473707324067,4.276800000000001,4.33512,0.6187944187412892,,-18.334649444186343,24.812767,59.48362,21.250022512171757,90.80310710790614,208.7980354371479,-0.059945357891910946,0.0023129129092392645,0.44679784362523056
2026-09-16T17:26:17+03:00,10.57,289.951,96.10091502506548,20.91744,91.99983316415629,54.25910319888895,-9.594980420378818,5.851439999999999,4.82112,-0.005729577951308233,,-13.44731945172042,24.812878,59.48362,22.311328320424465,111.21713346523141,203.21696662938768,-2.1176557483417695,0.0033879172339840234,0.4501857608592146
2026-09-16T17:26:33+03:00,9.33,289.955,52.080567625164335,18.895680000000002,78.9994207926379,92.97959099382999,13.758320942917434,6.72624,6.14304,-0.02864788975654116,,-25.519540195126865,24.813873,59.483938,15.6867314805404,71.85136401683636,150.85078480947425,2.0951105609145824,0.003870070358247225,0.4540558312174618
2026-09-16T17:26:35+03:00,9.18,289.943,39.257772170136505,23.93064,106.99986824068124,119.16949180925991,13.13351046732727,6.47352,6.25968,0.022918311805232933,,-18.47215931501774,24.813997,59.483936,19.35659512285024,51.47588889108775,158.475757131769,4.031992555472379,0.0037865735779523896,0.45784240479541416
2026-09-16T17:26:37+03:00,9.03,289.954,24.756210375375368,25.69968,124.99647258574039,141.0908570509652,11.008868371423151,6.201359999999999,5.26824,-0.22345354010102106,,-10.233026221036504,24.81408,59.483898,20.235561245034077,32.12942631278102,157.12589889852143,5.251614837306112,0.003410955257786607,0.4612533600532008
2026-09-16T17:26:39+03:00,9.03,289.957,12.288648753328653,23.386319999999998,152.99692003378374,149.9144070959799,0.6674958313274091,5.346,4.64616,-0.25210142985756223,,-3.3861805692231655,24.814139,59.483854,18.198413992905152,15.873310284547216,168.87023031833095,5.142150721436478,0.0031995974755417234,0.4644529575287425
2026-09-16T17:26:41+03:00,9.15,289.957,14.190868633162985,23.15304,152.99692003378374,146.55114483856195,0.17183004275973388,5.07384,4.19904,-0.1604281826366305,,0.8307888029396938,24.814162,59.483808,18.276408131622212,18.093355014602025,171.09027504838576,4.8229475242826565,0.0028526785589778688,0.46730563608772036
2026-09-16T17:26:43+03:00,9.0,289.95,14.460158796874474,20.975759999999998,173.9958232253284,147.21004630296244,0.6517394919613114,5.307119999999999,3.9463199999999996,-0.05156620156177409,,-0.7563042895726866,24.814171,59.483763,15.892112313862647,19.243537642976804,193.2393608683052,5.0105910385447965,0.0027187599621953337,0.4700243960499157
2026-09-16T17:26:45+03:00,9.18,289.955,20.963229771609317,21.1896,165.99733240530213,147.92624354687595,0.5617851181257721,4.02408,3.5575200000000002,-0.395340878640268,,1.0485127650894066,24.814185,59.483722,17.49122358446249,25.68454544324058,191.6818778485427,3.6264765932280465,0.0025011869570683277,0.472525583006984
2026-09-16T17:26:47+03:00,9.11,289.955,19.146953561044608,19.61496,151.9999734702561,147.3475561737938,-2.634975604027143,3.402,3.0132,-0.17188733853924698,,1.4438536437296745,24.814204,59.48369,16.4390702475175,23.03899283120694,175.03896630146303,3.1306521490875885,0.0020089664832824423,0.4745345494902664
2026-09-16T17:26:49+03:00,9.07,289.949,22.424272149192916,19.2456,147.99499848229166,138.9766427869325,-5.676292876361066,3.7908,2.74104,0.31512678732195276,,-3.580986219567645,24.814223,59.483663,15.807722244528389,27.67286718952053,175.6678656718122,3.357184245711957,0.0017234066077707372,0.47625795609803717
2026-09-16T17:26:51+03:00,9.03,289.953,28.239793769770774,17.3016,165.99733240530213,120.26957077591109,-13.979998313853548,2.8188,3.5964,0.005729577951308233,,-9.768930406980537,24.814231,59.483641,14.878209944862958,33.38295516082184,199.38028756612397,2.3537306643788636,0.0013447240307607343,0.4776026801287979
2026-09-16T17:26:53+03:00,9.03,289.954,72.35754399484416,14.3856,141.99613036727192,88.8027286673263,-12.523253119733429,3.05208,2.97432,0.7792226013779195,,-16.66734226035565,24.814268,59.483627,13.771236628139848,84.55041741085574,226.54654777812766,0.28985547852204047,0.0014083558395747188,0.47901103596837263
2026-09-16T17:26:55+03:00,8.77,289.955,91.54590055377543,17.18496,130.99534070076012,76.8336403270434,-1.6395760265463637,4.16016,3.1687199999999995,1.2719663051904275,,-16.713178883966112,24.814324,59.483614,17.790086631692652,105.06455741109394,236.05989811185407,-1.081255650509141,0.001879366297771023,0.48089040226614366
2026-09-16T17:26:57+03:00,8.88,289.953,81.47330251537556,16.93224,86.9979116126642,78.69575316121856,2.580200838812636,5.46264,4.58784,1.0771606548459478,,-13.831201174458073,24.814409,59.483616,17.003316025463345,99.99828211790724,186.99619373057143,-0.9484161843924703,0.0025971351594620295,0.4834875374256057
2026-09-16T17:26:59+03:00,8.7,289.965,73.68680607954768,17.80704,79.99636735616555,84.96391143994978,3.0858933887951006,5.443199999999999,5.346,0.865166270647543,,-12.885820812492215,24.814508,59.483627,17.095839663427412,91.4795632537508,171.47593060991636,-0.14054549441926875,0.0030931487325852676,0.48658068615819094
2026-09-16T17:27:01+03:00,8.43,289.958,75.03898647605642,17.34048,85.99523547118525,87.24428346457046,-0.9330044735910326,6.201359999999999,6.08472,0.9396507840145503,,-14.438536437296746,24.814613,59.483635,16.841214244505622,95.8779761020178,181.87321157320304,-0.6350823681112485,0.0032406601627512008,0.48982134632094215
2026-09-16T17:27:03+03:00,8.51,289.954,68.90833806815661,19.20672,88.99753431767077,91.72481342249348,-0.567915766533672,6.62904,6.201359999999999,0.6703606203030631,,-10.777336126410784,24.81474,59.483639,17.922213264694506,89.09616245961044,178.0936967772812,0.10456837769562824,0.003883713090969552,0.49370505941191173
2026-09-16T17:27:05+03:00,8.28,289.951,67.48740273623217,18.29304,98.99564784270365,92.75040787577767,0.49835869020479,6.006959999999999,5.81256,0.6589014644004466,,-10.840361483875178,24.814854,59.483636,16.92842211011116,86.6229346126871,185.61858245539077,0.35385072465625705,0.003484150227596097,0.4971892096395078
2026-09-16T17:27:07+03:00,8.13,289.96,71.39497489902439,17.67096,101.99794668918915,90.25804146695857,-0.3436027897399547,6.25968,6.2208000000000006,0.6818197762056798,,-12.106598211114294,24.81497,59.483624,16.75902586308628,92.12662010489606,194.1245667940852,-0.23228421281763664,0.003613250722297003,0.5008024603618048
2026-09-16T17:27:09+03:00,8.06,289.957,60.42283312226911,19.40112,101.99794668918915,97.48876884150957,3.660741944649856,6.1236,6.24024,0.3323155211758775,,-7.901087994854052,24.81508,59.483614,17.22263183756086,78.43528000824905,180.43322669743822,1.2276269179142956,0.003410776843938175,0.504213237205743
2026-09-16T17:27:11+03:00,7.83,289.95,57.78722726466732,15.318719999999999,104.99451595772337,95.89021659309458,2.932283403920527,6.492959999999999,7.056719999999999,0.5844169510334397,,-10.181460019474729,24.815191,59.483601,13.068295676520131,82.645212732054,187.63972868977737,0.8311834046913019,0.003476863260387503,0.5076901004661305
2026-09-16T17:27:13+03:00,7.98,289.96,55.80479329351468,18.798479999999998,97.99870127917599,103.1381327014995,6.231374388283807,6.804,6.08472,0.4526366581533504,,-10.508045962699299,24.815309,59.48359,15.997142800146706,76.4021725473942,174.4008738265702,1.5996561755279508,0.003661760282994639,0.5113518607491251
2026-09-16T17:27:15+03:00,7.68,289.949,44.69514164592802,18.5652,99.99832398418258,117.51364378133185,8.499084045632092,6.29856,6.74568,0.2119943841984046,,-15.343809753603445,24.815425,59.483577,14.76791361178533,62.15119934567811,162.1495233298607,2.94230867019338,0.003625732855692661,0.5149775936048178
2026-09-16T17:27:17+03:00,7.83,289.953,30.216498162972112,21.15072,118.99760447072069,148.48201260815284,16.807487737044646,5.07384,5.57928,-0.4068000345428845,,-14.902632251352712,24.815517,59.483559,16.95959803466883,38.87611213798351,157.8737166087042,3.950009263231734,0.003009235710257647,0.5179868293150754
2026-09-16T17:27:19+03:00,7.83,289.958,0.9850508920902072,21.40344,132.9949634057667,186.46911442532644,18.71005139155606,5.01552,3.8491199999999997,-1.0542423430407146,,-9.006896539456541,24.815575,59.483529,16.388888042141136,1.286494275351174,134.28145768111787,5.014255734823203,0.0025269525557495612,0.520513781870825
2026-09-16T17:27:21+03:00,7.53,289.968,-28.470709355585413,18.7596,196.99434912187962,219.03030592261112,6.085270150525447,3.38256,3.36312,-0.7964113352318443,,2.9679213787776644,24.815583,59.483495,15.868265526980732,34.30304763894847,162.69130148293115,2.794225651847532,0.002058197576486241,0.5225719794473113
2026-09-16T17:27:23+03:00,7.91,289.964,-29.587977056090516,14.230080000000001,214.99668304489012,233.17663388439115,-0.8268353941532909,4.35456,3.6547199999999997,-1.850653678272559,,18.758638212583154,24.815538,59.483464,10.662398327565592,41.22161748949969,173.77506555539043,3.275353432283259,0.0023148425220342254,0.5248868219693454
2026-09-16T17:27:25+03:00,7.91,289.964,-47.61895886885753,15.629759999999997,254.9948667229729,244.17169397295163,3.8340616776769303,5.22936,4.41288,-1.650118449976771,,14.97138718676841,24.815465,59.483449,12.706265128888885,65.31749495015443,189.67737177281845,2.1837265931202485,0.0024036103653837793,0.5272904323347292
2026-09-16T17:27:27+03:00,7.83,289.969,-61.9371741691768,16.79616,262.9990871209505,263.2912955964672,12.114333141348562,4.957199999999999,4.93776,-1.260507149287811,,9.809037452639693,24.815377,59.483436,15.111103041578906,78.76412463429807,184.23496248665242,0.9659031406265444,0.002797286007188524,0.5300877183419177
2026-09-16T17:27:29+03:00,7.87,289.979,-95.47812349613518,15.14376,258.99984171093735,290.28333732508025,9.984247946390699,5.42376,5.01552,-1.1459155902616465,,9.562665600733439,24.815279,59.483428,16.566019484533147,114.49868150510254,144.50116020583482,-2.2490830471225833,0.003029556242312952,0.5331172745842306
2026-09-16T17:27:31+03:00,8.02,289.977,-95.8906531086294,16.912799999999997,281.99836760748855,304.3551807734933,9.271087378791364,5.773680000000001,5.326560000000001,-0.492743703812508,,3.151267873219528,24.815188,59.483445,18.423400600954853,114.05438787837448,167.94397972911406,-2.35337298699268,0.0029594978229665276,0.5360767724071972
2026-09-16T17:27:33+03:00,7.98,289.968,-110.97090227647266,14.63832,316.9946297340793,316.2039479767987,-1.6529832389524253,6.18192,6.78456,-0.02864788975654116,,-0.6187944187412892,24.815116,59.483485,17.812081759940316,129.88042361995582,187.11420611412348,-3.9637696758268084,0.003257307059155403,0.5393340794663526
2026-09-16T17:27:35+03:00,8.1,289.973,-133.10426190237635,10.53648,323.9961739905779,323.83001622999,2.449738348861348,6.4152,5.79312,-0.21772396214971285,,3.72995524630166,24.815054,59.483537,15.63807687811198,150.53263106131837,173.46354292925955,-5.585304064460862,0.0036538192976978278,0.5429878987640504
2026-09-16T17:27:37+03:00,8.25,289.957,-127.34603606131157,15.1632,326.99847283706345,322.68410063972834,1.6757296634191186,7.1928,5.9292,-0.022918311805232933,,2.555391766283472,24.814986,59.483591,20.346588899680885,143.66823970311796,183.33023313394548,-5.7945196272264505,0.003852656345597381,0.5468405551096478
2026-09-16T17:27:39+03:00,8.28,289.966,-105.47623702116806,11.83896,333.9942875156107,318.41556506600375,-2.3085042523616,6.4152,6.39576,-0.16615776058793874,,4.652417296462285,24.814936,59.483643,14.894569046004142,130.00124637174162,203.9930411438691,-4.12371797549726,0.003478265482950226,0.5503188205925981
2026-09-16T17:27:41+03:00,8.13,289.968,-121.62791726590596,13.160879999999999,329.99504210559763,315.2528380368816,-2.608963320128203,6.454079999999999,6.5124,-0.3666929888837269,,7.104676659622208,24.814879,59.483697,17.434178103214244,140.00154075949763,189.9935013461,-4.944223679085026,0.0036826643515904148,0.5540014849441884
2026-09-16T17:27:43+03:00,8.43,289.961,-108.13476119057506,13.977360000000001,327.995419400591,312.9151702327478,-1.9198096841448495,5.87088,7.095599999999999,-0.641712730546522,,7.901087994854052,24.814828,59.483741,16.760557964010673,127.57844048474598,200.41697891584502,-3.5803385223651114,0.003068822177649136,0.5570703071218376
2026-09-16T17:27:45+03:00,8.28,289.969,-114.1278997276435,14.696639999999999,321.9965512855714,312.11875889751593,-0.6010327270922335,6.35688,7.15392,-0.7505747116213785,,10.038220570692022,24.814756,59.483789,18.24227398180721,132.67147165739198,189.32507962817942,-4.308652973551794,0.0036267715020008983,0.5606970786238384
2026-09-16T17:27:47+03:00,8.43,289.962,-103.969358019974,15.435360000000001,315.9976831705516,310.93273626159515,-0.2775407559613708,7.52328,7.52328,-0.6760901982543714,,8.055786599539374,24.814661,59.483835,18.73274377944971,126.90727920963047,189.09040396092115,-4.517893778086044,0.004006542094592634,0.564703620718431
2026-09-16T17:27:51+03:00,8.43,289.961,-116.83226052066095,15.629759999999997,316.9946297340793,311.54007152443387,3.960169688385224,6.940079999999999,7.03728,-1.2261296815799616,,11.865955937159349,24.81446,59.483938,19.757988398062427,135.09865015520967,181.89597957886963,-4.915819727523957,0.003919169118990828,0.5686227898374219
2026-09-16T17:27:53+03:00,8.7,289.968,-122.73372581050846,15.10488,324.9988501320569,324.7983149037611,1.1605260140374825,7.1150400000000005,6.9984,-0.8250592249883855,,11.848767203305426,24.814383,59.483984,19.874830059644545,140.25985193549633,184.73899819656054,-5.4711226117230956,0.0036288008280696846,0.5722515906654916
2026-09-16T17:27:55+03:00,8.58,289.965,-127.62105580297438,16.01856,336.99658636209637,319.97973984671086,-1.710049835347455,6.68736,6.940079999999999,-0.6818197762056798,,7.156242861183982,24.814329,59.484037,20.786948061779963,142.3836793255292,194.61290703656718,-5.29716359430496,0.0035868039790957094,0.5758383946445873
2026-09-16T17:27:57+03:00,8.73,289.95,-119.09544381142773,11.81952,339.9988852085818,314.02670835530165,-2.542901286349619,6.6679200000000005,6.59016,-1.2490479933851946,,13.573370166649203,24.81428,59.484093,16.14958235276008,140.24375854304648,199.7551266655353,-5.1261113336557225,0.003683318359340798,0.5795217130039281
2026-09-16T17:27:59+03:00,8.66,289.95,-97.2886701287486,14.91048,325.9957966955845,305.1573216866764,-10.23612019313021,6.72624,6.72624,-1.5870930925123803,,15.68758443068194,24.814224,59.484147,17.117604019995643,120.22871519913971,205.76708149644477,-3.3863459499690087,0.003668333514389958,0.5831900465183181
2026-09-16T17:28:03+03:00,8.92,289.96,-45.435989669409096,16.368479999999998,301.99459465755433,229.4695969498947,-21.386108069494078,6.53184,6.25968,-2.9621918008263566,,24.803342951213338,24.814038,59.484229,12.670617011345486,66.9842269509063,235.01036770664803,2.5538483334573616,0.0033309791989157263,0.5865210257172337
2026-09-16T17:28:05+03:00,9.18,289.96,-34.36071548953028,22.27824,233.99596353142817,200.15134657305046,-10.180829765900086,5.96808,4.82112,-1.8105466326134017,,15.00576465447626,24.813928,59.484219,17.67550831219943,45.34666543678739,188.64929809464078,4.194459415184932,0.0034107176396290396,0.5899317433568628
2026-09-16T17:28:07+03:00,9.11,289.95,-15.424460360456571,21.4812,222.99517386491638,174.35105705830952,-11.918668054311386,6.18192,4.19904,-1.7818987428568602,,9.058462741018316,24.813838,59.484177,15.608779823615036,21.471076027805566,201.52409783711082,5.7529099968403,0.003730784419926853,0.5936625277767896
2026-09-16T17:28:09+03:00,9.33,289.96,3.4364508185574345,19.61496,216.9963057498967,144.88956723268257,-16.01170665538745,5.26824,4.23792,-1.3750987083139758,,6.864034385667263,24.813788,59.48414,14.359665513206803,4.696553570895759,221.69285932079245,5.250550902948723,0.002697217905068697,0.5963597456818583
2026-09-16T17:28:11+03:00,9.33,289.97,7.745093437941224,18.09864,183.99966632831257,115.86352533135509,-12.951252592696154,4.374,4.41288,-0.641712730546522,,-5.116513110518252,24.813785,59.484103,13.777158252480953,10.197288098167462,194.19695442648003,4.304908246021467,0.002225869604298788,0.5985856152861572
2026-09-16T17:28:13+03:00,9.33,289.97,55.529773551851875,13.39416,137.99688495725877,87.1411510614469,-10.257491518888589,3.1104000000000003,3.6352800000000003,0.48701412586119974,,-16.386592940741544,24.813826,59.484081,11.912996186404,67.9599918999615,205.95687685722027,1.1671898224924295,0.0018206048672081507,0.6004062201533653
2026-09-16T17:28:15+03:00,9.03,289.97,76.62607956856878,15.27984,103.99756939419571,74.79391057637766,-2.062246992014372,5.151599999999999,3.44088,1.3006141949469687,,-21.869799040143523,24.813905,59.484061,14.953188390195647,96.2090976428404,200.2066670370361,-0.5571826801168195,0.002694253781062874,0.6031004739344282
2026-09-16T17:28:17+03:00,9.03,289.98,61.43123884169937,17.80704,87.99485817619184,85.92648053576957,9.554701487381122,6.27912,5.5598399999999994,1.0198648753328654,,-21.577590564626803,24.814007,59.484063,15.798024545364655,81.86161195923451,169.85647013542635,0.8889005701506085,0.003115500690989906,0.6062159746254181
2026-09-16T17:28:19+03:00,9.03,289.96,35.65386763876363,18.040319999999998,106.99986824068124,107.85930493337749,8.424427644926546,5.832,5.1127199999999995,0.7620338675239948,,-16.547021123378176,24.81412,59.484057,13.729023338629991,49.98980076828374,156.989669008965,3.7495325534214854,0.0034677206216717675,0.6096836952470899
2026-09-16T17:28:21+03:00,8.85,289.98,34.88037461533702,18.58464,133.99763954724563,116.59118173117122,5.139889788559589,5.1710400000000005,5.52096,0.6245239966925973,,-8.422479588423101,24.8142,59.484036,14.644265288890141,46.53029687510386,180.52793642234948,3.5575251247208195,0.0027486832502521255,0.612432378497342
2026-09-16T17:28:23+03:00,8.66,289.98,21.04344386292763,18.876240000000003,138.99956109873773,120.6133454529896,3.183353509746854,5.307119999999999,5.3654399999999995,0.32658594322456924,,-4.8128454790989155,24.814266,59.484001,14.052869337429131,28.837125976694637,167.83668707543237,4.649007049411884,0.002912680946335279,0.6153450594436772
2026-09-16T17:28:25+03:00,8.73,289.96,27.454841590441543,18.99288,140.99918380374427,120.51021304986605,-3.2380136834023348,4.93776,4.704479999999999,0.18907607239317165,,-2.4751776749651566,24.814328,59.483964,14.78752694016693,36.31079076085214,177.30997456459642,3.978929821963482,0.002920106815381118,0.6182651662590584
2026-09-16T17:28:27+03:00,8.62,289.97,33.49381675112042,17.6904,139.99650766226534,108.35204863719,-6.38515626049692,4.49064,4.89888,1.1287268564077217,,-7.104676659622208,24.814375,59.483935,14.163926939860884,43.57025193791603,183.56675960018137,3.253602570248372,0.0022574981845770265,0.6205226644436354
2026-09-16T17:28:29+03:00,8.58,289.97,48.83189692677256,15.20208,118.99760447072069,101.52239171923057,-2.6046661366647226,5.773680000000001,5.57928,1.598552248414997,,-16.03708868571174,24.814454,59.483904,12.20177263030252,69.69914576232804,188.69675023304873,2.0031761672479367,0.00304727970109974,0.6235699441447351
2026-09-16T17:28:31+03:00,8.58,289.97,48.728764523649005,15.007679999999999,115.99530562423517,98.29663933264403,0.29707861677533187,5.87088,5.5404,1.1860226359208041,,-19.812880555623867,24.814554,59.483881,11.97751782053775,70.34578441974185,186.34109004397703,1.9746284069639097,0.0033506540083285013,0.6269205981530636
2026-09-16T17:28:33+03:00,8.43,289.96,48.88919270628564,16.07688,110.99911365069438,105.63049911031855,6.178719566911285,5.890319999999999,5.52096,0.26929016371148695,,-20.99890319154467,24.81466,59.483856,12.98579308822165,68.87321171864656,179.87232536934096,2.123065504251229,0.0035672331094373892,0.630487831262501
2026-09-16T17:28:35+03:00,8.21,289.96,35.59084228129923,17.70984,117.99492832924174,112.48880391803452,-3.244087036030721,5.50152,6.27912,1.1917522138721122,,-13.871308220117232,24.814761,59.483834,13.617801692505575,49.18966260013545,167.18459092937718,3.595557851040142,0.003354336171968674,0.6338421674344696
2026-09-16T17:28:37+03:00,8.28,289.96,44.91859518602904,17.96256,120.99722717572726,111.7038517387053,1.915856275358447,6.68736,7.03728,0.8537071147449266,,-15.42402384492176,24.814857,59.483802,14.044744449085236,64.56460327991725,185.5618304556445,2.8721751270150104,0.003504993325869267,0.6373471607603389
2026-09-16T17:28:39+03:00,8.4,289.97,32.30206453724831,17.7876,123.99952602221278,128.77226445565253,9.67828848379084,7.03728,6.201359999999999,-0.246371851906254,,-8.726147219842437,24.814957,59.483772,12.422290839535322,49.92371824293511,173.9232442651479,4.53064960857926,0.0035450444739211977,0.6408922052342602
2026-09-16T17:28:41+03:00,8.17,289.96,23.54726942764933,20.003759999999996,139.99650766226534,136.80513274338665,4.793021139387389,4.548959999999999,5.46264,0.022918311805232933,,-3.036676314193363,24.81503,59.483748,15.937541324693449,30.09486546329353,170.09137312555887,3.9357436327181246,0.0026543162301927155,0.6435465214644529
2026-09-16T17:28:43+03:00,7.95,289.97,12.082383947081556,19.537200000000002,158.99578814880346,134.3815212699833,0.970189434495023,5.28768,5.69592,1.9308677695908742,,-3.6497411549833445,24.815075,59.483712,14.409225662713006,16.48774562054564,175.4835337693491,5.070253019796964,0.0025629674217616397,0.6461094888862146
2026-09-16T17:28:45+03:00,8.1,289.97,19.805855025445055,18.74016,155.99921888026924,129.00717715165615,-2.2156277937708935,5.57928,4.62672,0.5099324376664327,,-6.102000518143266,24.815119,59.48367,13.622724159320091,27.78263762892351,183.78185650919275,4.936113233059434,0.002859501875321248,0.6489689907615358
2026-09-16T17:28:47+03:00,8.13,289.96,28.302819127235164,18.254160000000002,138.99956109873773,123.5297006302055,-2.818665873146085,4.58784,5.07384,1.0427831871380984,,-11.757093956084493,24.815173,59.483634,14.38024948618251,37.00310639214405,176.00266749088178,3.663862238843578,0.0027200819676841148,0.6516890727292199
2026-09-16T17:28:49+03:00,7.98,289.97,41.21728782948392,17.96256,134.99458611077327,123.3864611814228,-0.843508465991598,4.957199999999999,4.93776,0.9969465635276323,,-14.026006824802552,24.815231,59.483606,14.603654475121038,54.14189409456708,189.13648020534035,2.903828148952912,0.002442616293410024,0.65413168902263
2026-09-16T17:28:51+03:00,7.83,289.96,39.34371583940613,17.72928,125.99914872721935,124.61832044095404,-0.002922084755167199,5.22936,5.5598399999999994,0.34377467707849396,,-20.05925240753012,24.815301,59.483582,14.08096089803309,52.96145138190005,178.9606001091194,3.1499165482823797,0.002577944045806113,0.6567096330684361
2026-09-16T17:28:53+03:00,7.83,289.96,36.25547332365099,17.37936,130.99534070076012,120.601886297087,0.8702655950242073,5.01552,6.10416,0.5958761069360561,,-21.97866102121838,24.815371,59.483553,13.660801262679296,48.79574373617811,179.79108443693823,3.3039504881529598,0.0027573957140784038,0.6594670287825145
2026-09-16T17:28:55+03:00,7.83,289.96,31.293658817818063,18.0792,131.99801684223905,128.98998841780224,5.7370836984244455,6.492959999999999,6.25968,0.7219268218648373,,-26.396165621677028,24.815454,59.483515,12.976782893617148,46.35749888169019,178.35551572392924,4.481158764994464,0.0034109765957625665,0.6628780053782771
2026-09-16T17:28:57+03:00,7.83,289.97,36.80551280697658,20.78136,130.99534070076012,132.39908729883064,-0.9984362537949726,6.37632,6.14304,0.8766254265501595,,-20.821286275054117,24.815533,59.483477,16.134747212128726,50.500884701169554,181.49622540192968,4.055762305638164,0.0033213112227383854,0.6661993166010155
2026-09-16T17:28:59+03:00,7.68,289.96,42.999186572340776,21.01464,141.99613036727192,125.67829236194608,-8.063349642435101,6.10416,6.57072,0.29220847551671986,,-16.100114043176134,24.81561,59.483431,17.06581566882897,57.118139267182116,199.11426963445405,3.3140010057694815,0.003628823677624407,0.6698281402786399
2026-09-16T17:29:01+03:00,7.53,289.98,49.88040969186197,17.45712,136.99993839373113,108.0884880514298,-11.63528312883968,6.08472,6.648479999999999,0.12605071492878112,,-16.988198625628907,24.81568,59.483385,14.313612563880652,68.85050572524571,205.85044411897684,2.195382762619604,0.003494248080422881,0.6733223883590628
2026-09-16T17:29:03+03:00,7.53,289.98,64.98930674946178,16.93224,129.99839413723248,94.09685869433511,0.6091687277830913,5.851439999999999,7.13448,0.6589014644004466,,-17.578345154613658,24.815773,59.483353,15.400073141894524,85.13035455749412,215.1287486947266,0.49672324369288046,0.0034288472458574356,0.6767512356049202
2026-09-16T17:29:05+03:00,7.53,289.98,49.450691345513846,18.662399999999998,102.99489325271679,109.45785718179248,7.961133971783762,6.35688,6.7068,0.3380450991271857,,-13.899956109873772,24.815885,59.483337,15.311623586321396,67.8394741532586,170.8343674059754,2.397833030652747,0.003551172707930425,0.6803024083128506
2026-09-16T17:29:07+03:00,7.53,289.98,43.25128800219835,18.31248,114.99835906070751,118.2642184929532,3.411046937531843,5.96808,6.454079999999999,0.395340878640268,,-14.283837832611423,24.815993,59.483325,14.551990906250056,59.572067676087116,174.57042673679462,3.022559115627038,0.00337437177108959,0.6836767800839402
2026-09-16T17:29:09+03:00,7.38,289.97,35.22987887036682,20.664720000000003,125.99914872721935,121.6503990621764,3.543514779766089,5.598719999999999,6.045839999999999,0.46982539200727513,,-14.793770270277856,24.816077,59.483298,16.412347152871295,46.57877054006255,172.5779192672819,3.848317574477404,0.003034332224231984,0.6867111123081722
2026-09-16T17:29:11+03:00,7.2,289.97,37.42430722571787,21.6756,122.99684988073382,121.1691145142665,-4.089830037423329,5.7348,5.832,0.06875493541569878,,-6.342642792098213,24.816145,59.483261,17.47237416423625,48.92993012982561,171.9267800105594,3.7676575646605786,0.003042009051191205,0.6897531213593634
2026-09-16T17:29:13+03:00,7.2,289.97,34.0323970785434,20.72304,134.99458611077327,116.9922521877628,1.8570135097985112,5.19048,5.38488,0.1546986046853223,,-6.697876625079324,24.816201,59.483222,16.676533487936158,44.06401542405263,179.0586015348259,3.7296880411907147,0.002901167842395716,0.6926542892017591
2026-09-16T17:29:15+03:00,7.23,289.97,38.3467692758785,17.67096,126.99609529074696,125.45483882184504,-0.9626836873788093,4.80168,5.28768,0.13178029288008933,,-7.597420363434716,24.816266,59.483192,14.220683619966188,50.43908967731025,177.43518496805723,3.058181174845382,0.0026809813091070236,0.6953352705108661
2026-09-16T17:29:17+03:00,7.35,289.97,33.167230807895855,18.97344,119.9945510342483,125.6897515178487,-0.27393112185204654,4.33512,5.52096,-0.17188733853924698,,-5.735307529259541,24.816347,59.483167,15.526811852111692,41.95339607694916,161.94794711119746,3.223980385732176,0.0028931530127511906,0.6982284235236172
2026-09-16T17:29:19+03:00,7.2,289.97,36.60497757868079,15.901919999999999,129.99839413723248,131.15003930544546,5.22858365524584,4.29624,5.01552,-0.10313240312354818,,-7.013003412401276,24.816406,59.483144,12.713823218392317,48.22961751896992,178.2280116562024,2.8619275048198496,0.0022702773412903417,0.7004987008649076
2026-09-16T17:29:21+03:00,7.08,289.98,23.19203559466822,18.273600000000002,126.99609529074696,149.41020423626478,12.095769308786323,3.86856,3.9851999999999994,-0.1604281826366305,,-7.448451336700702,24.816466,59.48312,14.796299854867001,29.10194098951993,156.0980362802669,3.380176533066142,0.0023312728012845957,0.7028299736661923
2026-09-16T17:29:23+03:00,6.97,289.97,27.351709187318,20.956319999999998,163.9977097002955,155.63825546933683,-2.3619612146473057,3.1104000000000003,3.888,-0.9281916281119336,,1.701684651538545,24.816503,59.483097,18.249692945266396,31.842963896396697,195.8406735966922,2.642276433777175,0.001785108980709146,0.7046150826469014
2026-09-16T17:29:25+03:00,7.08,289.97,19.39905499090217,20.956319999999998,161.99808699528896,136.38687355294115,-11.973156340628325,3.7519199999999997,3.2270399999999997,-0.9396507840145503,,5.466017365548054,24.816523,59.483065,17.4619276709888,23.491490335164315,185.48957733045327,3.4409581958356257,0.0020179919501530086,0.7066330745970544
2026-09-16T17:29:27+03:00,7.23,289.96,43.54349647771507,18.895680000000002,153.99959617526267,121.20349198197437,-6.9072926991996395,3.2464799999999996,3.1104000000000003,-0.26929016371148695,,-0.865166270647543,24.816552,59.483038,16.692966018421725,51.2431141943982,205.24271036966087,2.0323523005120463,0.0018485983048392117,0.7084816729018936
2026-09-16T17:29:29+03:00,6.93,289.97,46.81508548791206,15.18264,112.99873635570096,113.51439837131869,-2.8781961880601776,2.6244,3.53808,0.27501974166279514,,-7.815144325584429,24.816594,59.483026,13.522696927352143,54.950238601781976,167.94897495748293,1.5071605183331722,0.0014709266975100191,0.7099525995994036
2026-09-16T17:29:31+03:00,6.93,289.97,49.8975984257159,16.07688,110.99911365069438,113.46283216975692,3.1421578442769476,3.47976,3.71304,0.3609634109324186,,-10.347617780062668,24.816644,59.483015,14.089070778132385,60.78712030244208,171.78623395313645,1.69831730705237,0.0016631882912420473,0.7116157878906456
2026-09-16T17:29:33+03:00,7.08,289.97,38.77648762222661,19.40112,113.99568291922859,124.68707537636975,7.478359733606531,4.02408,3.0132,0.26356058576017866,,-9.344941638583727,24.816698,59.482999,16.458071614367633,47.58481854154397,161.58050146077255,2.7142340317182763,0.001908270054608439,0.7135240579452541
2026-09-16T17:29:35+03:00,6.93,289.97,36.329957837018,21.4812,107.99681480420887,135.20085091702038,1.7912379549174928,3.12984,3.2464799999999996,0.25210142985756223,,-5.8957357118961715,24.816763,59.482988,19.050196583195667,41.915608541817335,149.9124233460262,2.329006547740168,0.0020912274335186643,0.7156152853787727
2026-09-16T17:29:37+03:00,6.9,289.97,38.088938268069626,21.2868,135.99726225225223,132.19282249258353,-1.031381327014995,2.46888,3.09096,0.1604281826366305,,-4.108107391088002,24.816797,59.482977,19.403521933826415,42.59080321002514,178.58806546227737,1.8176035925249017,0.0012304922874905356,0.7168457776662632
2026-09-16T17:29:39+03:00,6.82,289.97,44.83265151675941,18.545759999999998,121.9999033172062,135.05761146823767,1.8211463518233217,3.14928,3.28536,0.492743703812508,,-9.453803619658585,24.81683,59.482962,16.46280710612256,52.583841091402945,174.58374440860916,1.913502091097493,0.0013518281766032461,0.7181976058428665
2026-09-16T17:29:41+03:00,7.01,289.97,40.97091597757766,18.701279999999997,131.99801684223905,138.34065963433724,0.04302913041432482,2.7215999999999996,3.18816,0.5729577951308232,,-9.963736057325017,24.816884,59.48295,16.74173150427526,47.08964954545132,179.08766638769038,1.8530100456249972,0.001799125842797377,0.7199967316856639
2026-09-16T17:29:43+03:00,6.78,289.97,41.62981744197812,19.78992,135.99726225225223,140.8559443549616,3.092367811880079,3.14928,3.1687199999999995,0.4354479242994257,,-9.20743176775233,24.816926,59.482929,17.56104903727401,48.47193292729571,184.46919517954794,2.0879312404061503,0.001799076655320171,0.7217958083409841
2026-09-16T17:29:45+03:00,7.05,289.97,35.12101688929195,19.01232,131.99801684223905,141.13096409662438,1.6479985061347868,3.3242399999999996,3.47976,0.4354479242994257,,-11.89460382691589,24.816966,59.482905,16.405150061883862,41.81557332698142,173.81359016922048,2.477538801694362,0.0018898783763806395,0.7236856867173648
2026-09-16T17:29:47+03:00,6.86,289.97,37.63630160991627,18.390240000000002,136.99993839373113,147.08972516598493,2.7503693039664907,3.0326400000000002,3.402,0.5328507494716656,,-12.398806686631014,24.817001,59.482889,16.095571885357447,44.24308666539602,181.24302505912715,2.1725412451766974,0.0014374091237081249,0.7251230958410729
2026-09-16T17:29:49+03:00,6.78,289.97,43.0851302416104,18.7596,151.9999734702561,143.01599524260482,-5.2125408369821775,3.18816,3.96576,0.37242256683503505,,-10.79452486026471,24.817036,59.482863,16.574853590340833,50.63509415772319,202.63506762797928,2.0221130783390278,0.00189303465074056,0.7270161304918135
2026-09-16T17:29:51+03:00,7.08,289.98,42.792921766093684,18.35136,148.99767462377056,139.19436674908218,-1.9081786409036936,2.7799199999999997,3.7519199999999997,0.5156620156177408,,-11.625313663204404,24.817054,59.482833,16.4203802797117,49.39723789121052,198.3949125149811,1.8092020130089919,0.0018850700695530334,0.7289012005613665
2026-09-16T17:29:53+03:00,6.78,289.98,29.947207999260627,15.338159999999998,131.99801684223905,134.8742649737958,-1.352982537421926,3.36312,3.888,0.6589014644004466,,-15.807905567659413,24.81709,59.482805,12.536985374430692,37.643024427463786,169.64104126970284,2.6630235171484777,0.0020099568489633257,0.7309111574103299
2026-09-16T17:29:55+03:00,6.78,289.99,34.68556896499253,17.72928,128.99571799575352,133.05798876323107,-0.9466408691151461,4.33512,4.41288,0.5672282171795151,,-14.816688582083088,24.817147,59.482774,14.377795033679323,44.565488610308506,173.56120660606203,3.0885512578759657,0.0025492904107586563,0.7334604478210885
2026-09-16T17:29:57+03:00,6.93,289.98,34.11834074781302,18.29304,137.99688495725877,130.49113784104497,-2.7628597839003426,4.78224,4.49064,0.4640958140559668,,-13.917144843727696,24.817203,59.48274,14.582738933036307,44.71779385494705,182.71467881220582,3.398168845030244,0.002664232809178838,0.7361246806302674
2026-09-16T17:29:59+03:00,6.93,289.97,38.661896063200444,16.79616,120.99722717572726,131.77456330213803,1.1469469142928819,3.402,4.1796,0.4526366581533504,,-17.939308565546074,24.817271,59.482714,14.298554860225842,47.20990403517504,168.2071312109023,2.311027803185564,0.002598113598751601,0.738722794229019
2026-09-16T17:30:02+03:00,6.78,289.97,25.959421745150095,16.465680000000003,120.99722717572726,137.6645694360829,-0.085599894592545,3.6352800000000003,4.257359999999999,0.4068000345428845,,-22.093252580244545,24.817331,59.482693,13.292774945661682,32.83482847527529,153.83205565100255,3.0544973400942106,0.0022242237761820644,0.740947018005201
2026-09-16T17:30:04+03:00,6.78,289.98,27.94758529425405,18.8568,139.99650766226534,136.81659189928928,0.44203693894343016,4.548959999999999,4.58784,0.10313240312354818,,-21.577590564626803,24.817394,59.482664,14.990727321369743,36.123724222167624,176.12023188443297,3.674403555379753,0.0025954042397631502,0.7435424222449641
2026-09-16T17:30:06+03:00,6.78,289.98,29.758131926867453,18.42912,138.99956109873773,132.46211265629503,-1.6950956368945407,4.58784,4.80168,0.18907607239317165,,-22.04168637868277,24.817451,59.482629,14.624653320268031,38.715800620743124,177.71536171948085,3.579698645767774,0.0027299675365110433,0.7462723897814751
2026-09-16T17:30:08+03:00,6.78,289.98,32.6458392143268,17.6904,130.99534070076012,137.96250748955094,1.365473017355778,4.43232,5.13216,0.21772396214971285,,-25.135658472389213,24.817516,59.482599,14.161595421000191,42.3660042570051,173.36134495776523,3.2748431215582454,0.002681007088103139,0.7489533968695783
2026-09-16T17:30:10+03:00,6.78,289.98,28.864317766463373,18.0792,148.99767462377056,141.47473877370285,-0.3059594625998596,4.49064,4.97664,0.4239887683968092,,-22.56307797225182,24.817568,59.482565,14.31158576911967,37.57653379419219,186.57420841796275,3.5590094433608526,0.0025876050563215965,0.7515410019258999
2026-09-16T17:30:12+03:00,6.63,289.98,30.714971444735927,17.94312,148.99767462377056,141.06793873915998,0.32475247828015064,4.58784,5.19048,0.41252961249419273,,-17.234570477535165,24.817608,59.482529,14.193640847004186,40.217809839234775,189.21548446300534,3.5032533247466415,0.0024845498569385366,0.7540255517828385
2026-09-16T17:30:14+03:00,6.63,289.98,29.488841763155968,17.6904,147.99499848229166,139.73294707650518,1.2602779661697587,5.13216,5.28768,0.3666929888837269,,-12.106598211114294,24.817649,59.482491,13.462272648404964,40.30508230788922,188.30008079018089,3.9138414362337657,0.0026044517398898116,0.7566300035227282
2026-09-16T17:30:16+03:00,6.78,289.98,20.69393960789783,17.22384,154.9965427387903,135.9285073168365,-4.933109320296874,4.393439999999999,4.723920000000001,-0.06302535746439056,,-3.214293230683918,24.817699,59.48245,13.205440285044734,27.4456991057167,182.442241844507,3.8989497497761314,0.0028986986330650577,0.7595287021557933
2026-09-16T17:30:17+03:00,6.67,289.97,19.118305671288066,16.893359999999998,145.99537577728506,132.46211265629503,-2.7864083492802196,4.33512,4.276800000000001,0.022918311805232933,,-1.7417916971977028,24.817737,59.482413,12.87586952480022,25.449254961972144,171.4446307392572,3.914466920519875,0.002508267548737337,0.7620369697045306
2026-09-16T17:30:20+03:00,6.63,289.97,20.470486067796806,17.86536,138.99956109873773,130.5828110882659,-2.358179693199442,3.96576,3.73248,0.26929016371148695,,-5.116513110518252,24.817782,59.482383,14.217835706719615,26.068490423918405,165.06805152265613,3.5623207870116933,0.0022667658757550314,0.7643037355802856
2026-09-16T17:30:22+03:00,6.63,289.97,26.46362460486522,17.6904,131.99801684223905,126.34292340429782,1.874889793006593,3.9463199999999996,3.888,0.5385803274229739,,-9.516828977122973,24.817833,59.482359,14.266390160675359,33.54440068984036,165.5424175320794,3.2890914009792755,0.002122326057099263,0.7664260616373849
2026-09-16T17:30:24+03:00,6.63,289.97,30.818103847859476,17.41824,124.99647258574039,126.98463613484434,-0.7540697541716764,3.9463199999999996,4.21848,0.6302535746439055,,-10.914845997242182,24.817894,59.482342,14.174078154986292,39.01860334036948,164.0150759261099,3.0660601226106516,0.0021238654671075995,0.7685499271044925
2026-09-16T17:30:26+03:00,6.63,289.97,39.27496090399043,17.554319999999997,126.99609529074696,125.32878810691626,1.3533263120990044,3.7908,4.0629599999999995,0.7620338675239948,,-13.06343772898277,24.817955,59.482322,14.815438650409929,48.596540566695666,175.59263585744264,2.507072702038562,0.0022162681222180933,0.7707661952267106
2026-09-16T17:30:28+03:00,6.48,289.98,36.10650429691698,17.84592,121.9999033172062,129.06447293116923,-0.3421703952521276,4.16016,4.257359999999999,0.813600069085769,,-15.194840726869431,24.818022,59.482302,14.690825166381824,45.71268358661834,167.71258690382456,2.904860155402116,0.002372204984054167,0.7731384002107649
2026-09-16T17:30:30+03:00,6.48,289.96,34.11261116986171,18.13752,128.99571799575352,126.8242079522077,2.336464592763984,4.1796,4.5684000000000005,0.865166270647543,,-17.44083528378226,24.818077,59.482278,14.863071772291557,43.18643066037501,172.18214865612853,3.047474790877061,0.0022134362574102056,0.7753518364681751
2026-09-16T17:30:32+03:00,6.56,289.97,28.394492374456096,18.77904,119.9945510342483,128.37119399906092,1.6833500020943588,4.510079999999999,4.82112,0.7964113352318443,,-18.99355090858679,24.818144,59.482253,14.966021426788727,36.633692685989786,156.6282437202381,3.619189137808988,0.0025377704691157323,0.7778896069372908
2026-09-16T17:30:34+03:00,6.63,289.97,24.698914595862288,19.28448,128.99571799575352,131.43651820301085,-0.9250976560182272,4.510079999999999,4.43232,0.7677634454753031,,-19.073764999905105,24.818212,59.482227,15.303477975065258,31.772519501540813,160.76823749729434,3.8342234791954897,0.0025981375080243543,0.7804877444453152
2026-09-16T17:30:36+03:00,6.63,289.97,39.07442567569464,20.72304,141.99613036727192,127.14506431748097,-6.48496550840871,4.45176,4.91832,0.6531718864491385,,-14.15778711768264,24.818268,59.482195,17.4935375713402,48.3049102871332,190.3010406544051,2.9611610162212503,0.0025731931852744443,0.7830609376305897
2026-09-16T17:30:38+03:00,6.48,289.96,39.07442567569464,20.1204,128.99571799575352,123.98806686631016,-1.5727118518545968,4.52952,4.859999999999999,0.7219268218648373,,-15.034412544232804,24.818327,59.482165,16.847688326201535,48.83112602735733,177.82684402311085,2.9816951989942324,0.002548479229773344,0.785609416860363
2026-09-16T17:30:40+03:00,6.33,289.97,37.05761423683414,22.08384,123.99952602221278,123.92504150884575,-0.017303325412950862,4.6655999999999995,4.996079999999999,0.6818197762056798,,-18.44924100321251,24.818395,59.482137,18.574573930509573,45.76375640723842,169.76328242945118,3.254808684656516,0.002672178600330758,0.7882815954606938
2026-09-16T17:30:42+03:00,6.33,289.97,32.44530398603102,20.625839999999997,124.99647258574039,125.4090021982346,0.6971177493356727,4.97664,5.13216,0.5614986392282068,,-22.838097713914614,24.818473,59.482109,16.641609160197767,41.677597017242505,166.6740696029829,3.7170436279417896,0.002915608227690339,0.7911972036883841
2026-09-16T17:30:44+03:00,6.48,289.98,42.964809104632934,21.5784,129.99839413723248,123.8219091057222,-1.6986479752243515,5.67648,5.28768,0.5614986392282068,,-20.47751159797562,24.818553,59.482081,17.848840316775725,55.483233598550314,185.4816277357828,3.2165624958816252,0.0029656679256929576,0.7941628716140771
2026-09-16T17:30:46+03:00,6.37,289.97,43.06794150775647,20.664720000000003,128.99571799575352,119.27262421238348,0.7745816432373599,5.346,5.832,0.6187944187412892,,-21.84688072833829,24.818627,59.482046,17.15221919129301,55.35649887925183,184.35221687500535,3.039032801806821,0.003086688293046808,0.7972495599071239
2026-09-16T17:30:48+03:00,6.33,289.97,37.842566416163365,20.489759999999997,123.99952602221278,122.48691744306738,0.8113082379052456,5.48208,5.851439999999999,0.10886198107485642,,-26.293033218553475,24.818708,59.482017,16.50682009670116,49.59875287660796,173.59827889882075,3.5531360170874198,0.0030250858522497225,0.8002746457593736
2026-09-16T17:30:50+03:00,6.18,289.97,33.63705619990313,20.178720000000002,122.99684988073382,127.76958831417357,4.505682805129281,5.13216,6.1236,-0.09167324722093173,,-30.12612086797869,24.818791,59.481991,16.157927678214687,43.770537292634884,166.76738717336872,3.7060150937504566,0.0029766771370696187,0.8032513228964432
2026-09-16T17:30:52+03:00,6.3,289.98,32.38800820651794,22.900319999999997,129.99839413723248,131.98655768633643,0.0350077212824933,5.96808,6.201359999999999,0.20626480624709637,,-27.398841763155968,24.81888,59.481959,18.14447023709795,42.53569422513999,172.53408836237247,4.397617426845053,0.003328573736767661,0.8065798966332108
2026-09-16T17:30:54+03:00,6.33,289.97,19.891798694714677,22.60872,133.99763954724563,131.37922242349777,0.42221259923190363,6.08472,5.96808,0.4239887683968092,,-21.216627153694382,24.818967,59.481923,17.01346605702672,26.88119695809769,160.87883650534332,5.42724141769244,0.003425520199043263,0.8100054168322541
2026-09-16T17:30:56+03:00,6.26,289.96,18.0984407959552,23.386319999999998,141.99613036727192,128.818101079263,0.14203623741293106,5.6376,6.1624799999999995,0.2864788975654116,,-19.406080521080984,24.81904,59.481884,18.11251261541486,23.647117048021784,165.6432474152937,5.164228732672507,0.003234218060909729,0.8132396348931639
2026-09-16T17:30:58+03:00,5.96,289.96,17.51402384492176,23.77512,136.99993839373113,129.15614617839017,2.623917518581118,5.598719999999999,6.337439999999999,0.1432394487827058,,-22.929770961135546,24.819111,59.481846,18.512768954090095,22.73582315300868,159.7357615467398,5.163680579134492,0.003148596352799553,0.8163882312459634
2026-09-16T17:31:00+03:00,6.0,289.96,23.16338770491168,23.736240000000002,134.99458611077327,134.5304902967173,0.033747214133205486,6.27912,6.14304,0.0,,-23.966824570322334,24.819185,59.481807,18.132309063288602,30.99235908497934,165.9869451957526,5.38268757484931,0.0032553257500130286,0.8196435569959765
2026-09-16T17:31:02+03:00,6.18,289.96,20.78561285511876,22.53096,142.99880650875087,129.1618757563415,-2.1133548273400415,5.832,5.9292,0.31512678732195276,,-18.82739314799885,24.819262,59.481766,17.20348000646105,27.695150723593656,170.69395723234453,5.163845051180551,0.0034054777768250956,0.8230490347728016
2026-09-16T17:31:04+03:00,6.03,289.96,22.080497472114423,23.65848,138.99956109873773,127.9873122763233,1.5841137119777,5.19048,5.19048,0.246371851906254,,-15.744880210195022,24.819327,59.481729,18.949405996869505,27.99049806153451,166.99005916027224,4.583325875082899,0.0029803470775435726,0.8260293818503451
2026-09-16T17:31:06+03:00,5.88,289.96,24.922368135963307,20.37312,128.99571799575352,129.84369553254717,0.6524843370949815,5.5598399999999994,4.60728,0.13178029288008933,,-18.581021296092597,24.819399,59.481694,15.508997565806586,33.61099428173057,162.6067122774841,4.630318355625322,0.0030423180624163937,0.8290716999127615
2026-09-16T17:31:08+03:00,6.15,289.95,22.957122898664583,20.625839999999997,124.99647258574039,128.130551725106,-1.8375902405435764,5.6181600000000005,5.346,0.1546986046853223,,-21.31402997886662,24.819475,59.481665,15.607255715712808,31.028340669761377,156.02481325550178,4.814271185198122,0.002901706115385912,0.8319734060281474
2026-09-16T17:31:10+03:00,6.15,289.95,28.950261435732994,22.04496,133.99763954724563,120.88836519465241,-3.6212651525653414,4.89888,5.19048,0.1546986046853223,,-23.869421745150095,24.819546,59.481634,17.91586645817115,36.55612031993692,170.55375986718255,3.9351422251718313,0.0028580885359397344,0.8348314945640871
2026-09-16T17:31:12+03:00,5.85,289.96,30.640486931368923,20.664720000000003,123.99952602221278,124.10265842533632,7.312087381459567,5.1710400000000005,6.0264,-0.246371851906254,,-31.19755194487332,24.819618,59.481604,16.428412080919365,39.87166392449154,163.8711899467043,3.968681630763105,0.002842801599766295,0.8376742961638534
2026-09-16T17:31:14+03:00,5.88,289.95,26.836047171700258,23.17248,129.99839413723248,130.80053505041565,3.088586290432216,5.9292,5.598719999999999,-0.3552338329811104,,-33.71283666549764,24.819696,59.481581,18.08106433872893,35.34925031272485,165.34764444995733,4.836096089613249,0.002753116474977516,0.8404274126388309
2026-09-16T17:31:16+03:00,6.03,289.96,28.102283898939373,22.43376,129.99839413723248,129.21917153585457,-1.8768378495100375,5.13216,5.57928,0.11459155902616464,,-30.37822229783625,24.819781,59.481552,18.069089997761292,35.79102195560131,165.7894160928338,4.162979655960596,0.003125692934396085,0.843553105573227
2026-09-16T17:31:18+03:00,5.88,289.95,23.97698777399745,22.394879999999997,131.99801684223905,130.97242238895487,-0.41843107778404015,5.1127199999999995,5.598719999999999,0.32658594322456924,,-24.47675700798877,24.819852,59.481522,17.84470610615015,30.663084819592143,162.6611016618312,4.397864763573565,0.002819275115689214,0.8463723806889163
2026-09-16T17:31:20+03:00,5.81,289.94,19.95482405217907,23.63904,133.99763954724563,132.2271999602914,-4.097163897201004,6.006959999999999,6.39576,0.22345354010102106,,-17.773150804958135,24.819923,59.481485,18.10913827016904,26.45494303118747,160.4525825784331,5.377941012045762,0.003105284079789954,0.8494776647687062
2026-09-16T17:31:22+03:00,6.0,289.95,19.192790184655074,23.25024,133.99763954724563,125.32878810691626,-1.54841844134105,5.98752,6.454079999999999,0.246371851906254,,-14.593235041982066,24.819992,59.481445,17.705277602966767,25.57584325960846,159.5734828068541,5.400830577122311,0.003196328069483456,0.8526739928381897
2026-09-16T17:31:24+03:00,5.73,289.95,19.95482405217907,23.93064,124.99647258574039,127.6435375992448,3.2283306966646235,5.307119999999999,5.326560000000001,-0.29220847551671986,,-17.62418177822412,24.820065,59.48141,19.028543889065872,25.416723129719742,150.41319571546012,4.793444171046585,0.0030644537676425432,0.8557384466058322
2026-09-16T17:31:26+03:00,5.58,289.95,20.613725516579514,22.70592,130.99534070076012,127.24819672060453,1.603594277012148,5.01552,5.3654399999999995,0.22345354010102106,,-25.485162727419016,24.820126,59.481379,18.097867025530004,26.21293375246148,157.2082744532216,4.4997173167555635,0.0026341782071727625,0.8583726248130049
2026-09-16T17:31:28+03:00,5.58,289.94,20.848638212583154,21.617279999999997,130.99534070076012,127.66645591105004,0.4336717551345201,6.006959999999999,5.67648,-0.32658594322456924,,-31.111608275603704,24.8202,59.481342,16.145797528247037,28.457569213463216,159.45290991422334,5.28114043407576,0.003169876971762938,0.8615425017847679
2026-09-16T17:31:30+03:00,5.88,289.95,27.025123244093425,21.87,132.9949634057667,123.78753163801436,-5.110497053669378,5.81256,5.90976,0.7792226013779195,,-26.201359971332543,24.820294,59.481306,16.899782938113482,36.016230137839784,169.01119354360648,4.701491831965132,0.003593733045083002,0.8651362348298509
2026-09-16T17:31:32+03:00,5.88,289.95,25.128632942210402,21.88944,118.99760447072069,122.48691744306738,0.5833283312226911,5.28768,6.0264,-1.2146705256773451,,-35.408791739084876,24.820383,59.481277,17.24897942118473,32.6084637763293,151.60606824705,4.454197808075063,0.0032277754323819007,0.8683640102622329
2026-09-16T17:31:34+03:00,5.58,289.96,20.745505809459605,22.0644,116.99798176571409,130.26195472299264,5.543194780552175,5.7348,7.03728,-2.177239621497128,,-41.860296512257946,24.820483,59.48125,16.824509690365712,27.680236455803083,144.67821822151717,5.078474592833014,0.003457010300133771,0.8718210205623667
2026-09-16T17:31:36+03:00,5.73,289.95,23.524351115844095,23.405759999999997,122.99684988073382,140.3001752936847,3.880986921098145,6.1624799999999995,5.19048,-1.1974817918234204,,-37.523006003117615,24.820571,59.481223,17.925002564358895,31.41141400659555,154.40826388732938,5.259350000591494,0.003138311096232619,0.8749593316585993
2026-09-16T17:31:38+03:00,5.81,289.95,22.619077799537397,22.6476,127.99877143222591,139.99077808431403,-1.922960952018069,4.276800000000001,4.80168,0.9969465635276323,,-26.00082474303676,24.82065,59.481196,18.77196561375543,27.645992002045716,155.64476343427162,3.7885237338107554,0.002906655321655965,0.8778659869802553
2026-09-16T17:31:40+03:00,5.55,289.95,20.808531166923995,21.50064,143.9957530722785,135.9342368947878,0.3665211015451876,3.9851999999999994,5.46264,0.6875493541569879,,-21.32548913476924,24.820689,59.481169,17.83167239367425,25.362262167782546,169.35801524006104,3.6010969184201405,0.0020127015379698453,0.8798786885182251
2026-09-16T17:31:42+03:00,5.51,289.96,26.59540489774531,20.898,144.99842921375745,131.55110976203702,-0.7889055881156305,5.443199999999999,6.18192,0.6875493541569879,,-21.39997364813625,24.820737,59.481132,16.21490077503148,35.23883210804331,180.23726132180076,4.445755562004159,0.0026632279558374814,0.8825419164740627
2026-09-16T17:31:44+03:00,5.66,289.95,21.9257988674291,21.65616,137.99688495725877,132.2959548957071,1.0068014376038825,5.96808,5.5404,0.18907607239317165,,-20.01914536187096,24.820808,59.481081,16.273075873334832,29.796895506256902,167.79378046351567,5.179054346943976,0.003754202806982491,0.8862961192810451
2026-09-16T17:31:46+03:00,5.58,289.96,24.819235732839758,21.44232,138.99956109873773,132.33606194136624,3.0910500089512785,5.50152,5.57928,-0.3036676314193363,,-22.82090898006069,24.820875,59.48104,16.610251812085117,32.810876926861056,171.81043802559878,4.62382813785412,0.003202473959809772,0.8894985932408549
2026-09-16T17:31:48+03:00,5.55,289.95,21.971635491039564,21.94776,134.99458611077327,133.32727892694257,0.21548942674870264,5.6181600000000005,6.045839999999999,0.4469070802020421,,-20.580644001099174,24.820938,59.480998,16.869127691848327,29.12972862212743,164.1243147329007,4.907573799092342,0.003173519801854804,0.8926721130427097
2026-09-16T17:31:50+03:00,5.58,289.95,18.934959176846203,21.52008,135.99726225225223,131.77456330213803,-0.17521049375100575,5.851439999999999,6.27912,0.10886198107485642,,-26.390436043725717,24.821009,59.480956,16.09764997089904,25.708919109794692,161.70618136204692,5.272203049950347,0.0033271678625482384,0.8959992809052579
2026-09-16T17:31:52+03:00,5.58,289.95,20.56788889296905,20.87856,138.99956109873773,135.6248396854172,5.657900931137367,5.6181600000000005,5.81256,-0.911002894258009,,-26.87172059163561,24.821079,59.480917,15.742741165176973,27.77033343153306,166.7698945302708,4.971073488791711,0.0031718669463178858,0.8991711478515758
2026-09-16T17:31:54+03:00,5.55,289.95,19.347488789340396,20.83968,143.9957530722785,137.21193277792955,0.8175534778721717,5.67648,6.47352,0.9339212060632418,,-21.205167997791765,24.82114,59.480876,15.597556594905795,26.272491618478114,170.2682446907566,5.090094227725731,0.003088739567470434,0.9022598874190463
2026-09-16T17:31:56+03:00,5.58,289.95,23.73061592209119,21.71448,146.99805191876402,136.0660171876679,-3.5856271777082043,6.045839999999999,6.318,0.2578310078088704,,-17.738773337250286,24.8212,59.48083,16.361745632129733,32.28248984254853,179.28054176131255,5.111304869140425,0.0033165055975159017,0.9055763930165622
2026-09-16T17:31:58+03:00,5.7,289.95,23.369652511158776,23.83344,142.99880650875087,136.18633832464536,0.1504014212218411,5.7348,6.0264,0.18334649444186346,,-21.732289169312125,24.821262,59.480784,18.707910089180356,30.35377708619643,173.3525835949473,4.9486829476433565,0.0033506061578349095,0.9089269991743971
2026-09-16T17:32:00+03:00,5.58,289.95,28.11374305484199,25.0776,142.99880650875087,143.77229953217747,-0.7655289100742929,5.20992,5.851439999999999,0.22345354010102106,,-21.182249685986534,24.821326,59.480741,20.62898510610591,34.94866020127941,177.94746671003028,4.27039255541251,0.0032398633193774272,0.9121668624937745
2026-09-16T17:32:02+03:00,5.58,289.93,29.47165302930204,25.64136,148.99767462377056,143.58895303773562,0.8653381579860823,5.09328,5.96808,-0.17188733853924698,,-24.895016198434266,24.821376,59.480696,21.354688505325896,36.21053006446763,185.2082046882382,4.109521904005489,0.0031057279238057866,0.9152725904175804
2026-09-16T17:32:04+03:00,5.7,289.95,22.235196076799745,24.63048,144.99842921375745,146.88918993768914,-0.9127217676434014,5.5404,5.9292,0.05156620156177409,,-26.843072701879066,24.821437,59.480655,19.614442404193962,28.371123726799794,173.36955294055724,4.874932412100259,0.003088746912518332,0.9183613373300987
2026-09-16T17:32:06+03:00,5.58,289.95,21.026255129073707,22.744799999999998,150.99729732877717,147.45641815486866,-1.362780115718663,5.42376,5.5404,-0.16615776058793874,,-30.372492719884942,24.821487,59.480612,17.78893799628342,27.306699433003303,178.30399676178047,4.819355700228057,0.0030016130073046324,0.9213629503374033
2026-09-16T17:32:08+03:00,5.62,289.94,18.379190115569305,22.97808,145.99537577728506,148.99194504581928,-2.3298182823404665,5.7153599999999996,6.318,-0.20053522829578813,,-31.999692858056477,24.821541,59.48057,17.64651321099909,24.240505392956607,170.23588117024167,5.211437235549525,0.0030149947168491703,0.9243779450542525
2026-09-16T17:32:10+03:00,5.85,289.95,25.78180482865954,23.48352,148.99767462377056,146.73449133300383,-2.949758616672017,5.48208,6.045839999999999,0.08021409131831525,,-30.561568792278113,24.821597,59.480522,18.6997833530189,33.10751717105043,182.105191794821,4.592048201094031,0.00335353117346548,0.927731476227718
2026-09-16T17:32:12+03:00,5.62,289.94,17.697370339363623,23.30856,152.99692003378374,150.8139508343353,2.0110818609091896,5.7348,6.006959999999999,0.12032113697747288,,-26.89463890344084,24.821638,59.480477,17.930108290701178,23.276969366256537,176.27388940004028,5.268017678825219,0.0029803476399227614,0.9307118238676407
2026-09-16T17:32:14+03:00,5.58,289.94,18.55107745410855,24.027839999999998,158.99578814880346,151.30096496019647,-2.060127048172388,5.94864,6.25968,0.10313240312354818,,-17.9564972994,24.821683,59.480423,18.485425324553333,24.42738267218428,183.42317082098774,5.416154193660693,0.0035245038392833477,0.9342363277069241
2026-09-16T17:32:16+03:00,5.73,289.94,19.118305671288066,22.76424,162.99503355881663,144.22493619033082,-0.8581761855469471,6.006959999999999,5.94864,0.26356058576017866,,-12.41599542048494,24.821725,59.480363,17.20147773760408,25.685813427017678,188.6808469858343,5.413378455607365,0.0038275572411937023,0.9380638849481178
2026-09-16T17:32:18+03:00,5.58,289.95,16.081629357094705,21.88944,156.99616544379688,142.6034656301106,0.46031429260810336,5.67648,5.98752,0.3609634109324186,,-15.81936472356203,24.82176,59.480307,16.510141062933577,21.54675062812484,178.54291607192172,5.2797974208906355,0.003531512189637738,0.9415953971377555
2026-09-16T17:32:20+03:00,5.43,289.94,16.31081247514703,23.814,145.99537577728506,144.54006297765278,-0.4365938398896873,5.69592,5.94864,0.38388172273765153,,-18.25443535286803,24.821816,59.48026,18.416933208994504,21.293778064070892,167.28915384135595,5.3070633506333875,0.003301967244323794,0.9448973643820793
2026-09-16T17:32:22+03:00,5.58,289.94,17.26765199301551,23.44464,150.99729732877717,141.3486880587741,-0.6979198902488558,5.52096,5.65704,0.418259190445501,,-18.729990322826612,24.821872,59.480213,18.246263367966204,22.420712018674692,173.41800934745186,5.103620800568714,0.00330196847515518,0.9481993328572345
2026-09-16T17:32:24+03:00,5.58,289.94,11.761527581808297,23.46408,145.99537577728506,139.8876456811905,1.0302354114247332,5.6181600000000005,5.94864,0.05729577951308232,,-28.269737611754817,24.821909,59.480172,18.0003424228262,15.409202075199232,161.4045778524843,5.416202551639814,0.0027108925463490622,0.9509102254035835
2026-09-16T17:32:26+03:00,5.43,289.95,21.82839604225686,24.533279999999998,141.99613036727192,146.37925750002273,3.379075892563543,5.90976,5.98752,-0.1604281826366305,,-33.82742822452381,24.821972,59.480129,19.173575011442995,28.40931801481696,170.40544838208888,5.198054756674381,0.0032215707054113456,0.9541317961089948
2026-09-16T17:32:28+03:00,5.7,289.95,24.95674560367116,24.261120000000002,149.99462118729824,146.21309973943477,-3.302872505811144,5.890319999999999,5.754239999999999,0.2864788975654116,,-25.954988119426293,24.822032,59.480085,19.083330232577325,32.43994336933997,182.4345645566382,4.971160140133879,0.0032169906408218113,0.9573487867498166
2026-09-16T17:32:30+03:00,5.58,289.96,22.24665523270236,22.72536,157.9988415852758,143.98429391637586,1.3695410177012068,5.67648,5.67648,0.418259190445501,,-18.409133957553347,24.822071,59.48004,17.60310098674109,29.259137241025712,187.25797882630152,4.95226374378918,0.002955237479961945,0.9603040242297786
2026-09-16T17:32:32+03:00,5.28,289.96,20.6022663606769,22.31712,156.99616544379688,145.7948405489893,-1.7653402625775796,5.50152,6.27912,0.2807493196141034,,-13.659313835918825,24.822106,59.479994,17.276249481273165,27.035981942520493,184.03214738631738,4.900320721472089,0.0029641868225156525,0.9632682110522942
2026-09-16T17:32:34+03:00,5.4,289.95,27.242847206243137,20.15928,152.99692003378374,141.11950494072178,-5.475012802931608,5.57928,6.1236,0.2578310078088704,,-13.046248995128847,24.822147,59.479949,15.411975044800474,36.7815901981551,189.77851023193884,4.468578154910662,0.0029803558552931853,0.9662485669075874
2026-09-16T17:32:36+03:00,5.43,289.95,19.71418177822412,19.945439999999998,148.99767462377056,135.68213546493027,1.3032498008045703,5.7153599999999996,6.006959999999999,0.2807493196141034,,-20.941607412031587,24.822194,59.479906,14.692119660842579,27.254485881321017,176.25216050509158,5.080848107077044,0.0029561172671724876,0.9692046841747599
2026-09-16T17:32:38+03:00,5.43,289.94,21.095010064489404,22.04496,137.99688495725877,138.21460891940848,-0.9427447561082566,5.6376,6.0652800000000004,0.13178029288008933,,-25.880503606059285,24.822268,59.479863,16.907360196317963,27.987715838254104,165.98460079551288,4.978272683580237,0.003432604839253485,0.9726372890140134
2026-09-16T17:32:40+03:00,5.43,289.95,29.294036112811487,21.4812,142.99880650875087,135.5045185484397,-0.9584437996948411,5.404319999999999,5.773680000000001,0.0,,-27.67959108277007,24.82233,59.479824,16.97520332345084,38.255702253522514,181.2545087622734,4.243770992305686,0.003012817304542072,0.9756501063185554
2026-09-16T17:32:42+03:00,5.28,289.95,25.334897748457497,20.606399999999997,134.99458611077327,133.149662010452,-0.06720794936884557,5.326560000000001,5.3654399999999995,-0.5385803274229739,,-36.503141127784744,24.822399,59.47979,15.955773933048215,33.54768657664229,168.54227268741556,4.439294462252235,0.002934757973642101,0.9785848642921975
2026-09-16T17:32:44+03:00,5.28,289.95,25.35208648231142,21.131279999999997,136.99993839373113,139.22301463883875,3.25652022018506,5.67648,7.62048,-0.6016056848873644,,-38.10169337619975,24.822471,59.479756,16.185023291187544,33.989036146231996,170.98897453996312,4.706622522893446,0.0030011599308141872,0.9815860242230117
2026-09-16T17:32:46+03:00,5.28,289.94,34.42200837923235,23.4252,141.99613036727192,138.9881019428351,-3.0398848778460956,5.46264,7.98984,-0.06875493541569878,,-30.21206453724831,24.822545,59.479715,19.169435880262654,43.69199009194787,185.6881204592198,3.9498368196326896,0.003343029687668458,0.9849290539106801
2026-09-16T17:32:48+03:00,5.28,289.95,34.73713516655431,21.98664,150.99729732877717,130.1416335860152,1.0676495554467762,6.37632,6.43464,0.22345354010102106,,-24.854909152775114,24.822602,59.479664,17.136341996381013,46.9780896194961,197.97538694827327,4.350422767057192,0.0035248623942860935,0.9884539163049662
2026-09-16T17:32:50+03:00,5.25,289.94,23.67904972052942,21.53952,138.99956109873773,131.55110976203702,-1.2641740791766483,6.84288,6.43464,0.09167324722093173,,-27.284250204129805,24.822671,59.479616,15.51803135846624,33.879734660920036,172.87929575965777,5.681024023626054,0.003572184284434417,0.9920261005894006
2026-09-16T17:32:52+03:00,5.13,289.94,31.356684175282453,20.37312,136.99993839373113,132.69702535229865,2.440169953682663,6.1624799999999995,6.6095999999999995,0.18907607239317165,,-28.768210893518635,24.822755,59.479569,15.447217625685868,43.338016107336415,180.33795450106754,4.482079872379336,0.0038152021459515293,0.9958413027353521
2026-09-16T17:32:54+03:00,5.06,289.94,26.165686551397194,22.239359999999998,136.99993839373113,157.13367531462828,15.114225565094525,6.454079999999999,6.318,-0.18907607239317165,,-23.296463950019273,24.822831,59.479525,16.69111039549617,35.98331350018188,172.983251893913,5.222565012079803,0.003518059776806067,0.9993593625121582
2026-09-16T17:32:56+03:00,4.98,289.94,2.296264806247096,22.919759999999997,159.99846429028239,189.82091752684175,14.847055345225025,5.03496,5.13216,-0.6818197762056798,,-8.605826082864965,24.822872,59.479479,17.889980475884435,2.9423667765392167,162.9408310668216,5.028322279920741,0.003035019256739622,1.0023943817688978
2026-09-16T17:32:58+03:00,5.06,289.93,-19.79612833730475,18.97344,191.99815714833886,213.042896963494,9.63629067740775,4.29624,4.74336,-0.5614986392282068,,1.6787663397333121,24.822869,59.479439,15.001820287764478,25.361994626821257,166.6361625215176,3.882166734280199,0.002406052034538583,1.0048004338034364
2026-09-16T17:33:00+03:00,4.98,289.94,-30.997453232112345,16.01856,236.99826237791373,224.20411481264242,1.2700182486869829,4.859999999999999,4.31568,-1.4896902673401402,,17.515319797149267,24.822803,59.479406,12.114000404464171,42.921343295339966,194.07691908257377,3.558925862445351,0.00282726994036608,1.0076277037438024
2026-09-16T17:33:02+03:00,4.98,289.94,-28.224337503679163,16.73784,241.99445435145452,221.28775963542657,-1.1661410004297645,5.87088,4.957199999999999,-2.3491269600363753,,24.935123244093425,24.822723,59.479385,11.893608304518041,41.72423165649204,200.27022269496248,4.3817710622900465,0.002748981966326517,1.0103766857101288
2026-09-16T17:33:04+03:00,5.13,289.95,-33.41533512756442,20.56752,238.99788508292028,218.86987773997447,0.05792603308772623,5.9292,5.09328,-1.9595156593474157,,22.28232865263772,24.822635,59.479358,15.956083804582178,45.22369546045334,193.77418962246693,4.176176860304477,0.003138438045987649,1.0135151237561164
2026-09-16T17:33:06+03:00,5.13,289.94,-44.75416989320341,18.273600000000002,237.99520894144138,220.2850834939476,0.6200549258905769,5.94864,6.201359999999999,-2.2345354010102105,,23.88661047900402,24.822539,59.47932,14.660261124687167,61.35405380766581,176.64115513377556,2.8517528492580135,0.003715466238992671,1.017230589995109
2026-09-16T17:33:08+03:00,5.13,289.95,-34.257583086406726,17.26272,234.99863967290713,214.13724635219387,-3.2981169561115578,6.14304,6.08472,-3.346073523564008,,29.352627844552075,24.822446,59.479286,12.666564805802606,50.100600879202204,184.89803879370493,3.94040132062774,0.0034979767575423356,1.0207285667526513
2026-09-16T17:33:10+03:00,5.28,289.94,-25.571542912223453,18.273600000000002,218.99592845490324,208.89468252674686,0.24860638730726423,6.6095999999999995,6.27912,-2.910625599264582,,25.98936558713414,24.822362,59.479243,12.637667922160547,38.61852560436651,180.37740285053673,5.164204151159535,0.003640774310940318,1.0243693410635917
2026-09-16T17:33:12+03:00,5.28,289.95,-27.382089544836848,20.586959999999998,218.99592845490324,210.42447983974614,1.5664093161081574,5.851439999999999,6.27912,-1.850653678272559,,18.17995083950102,24.822303,59.47919,15.624633523435708,37.30024878992384,181.6956796649794,4.65464994773026,0.0036595646408971614,1.028028905704489
2026-09-16T17:33:14+03:00,5.13,289.94,-18.753345150166655,23.07528,224.99479656992298,211.5875841638617,0.5807500211446024,6.201359999999999,6.4152,-2.2631832907667517,,20.340001727144223,24.822222,59.479145,17.3182835426596,25.3639712035513,199.63082536637168,5.603578896452203,0.0036646826905645134,1.0316935883950533
2026-09-16T17:33:16+03:00,5.21,289.95,-24.59178508254974,21.772799999999997,220.99555115990984,211.5016404945921,0.14238001209000956,6.24024,6.201359999999999,-3.231481964537843,,27.421760074961202,24.822134,59.479102,16.30668358600302,33.755290692633594,187.24026046727624,5.188249778563776,0.0037277861273602633,1.0354213745224137
2026-09-16T17:33:18+03:00,5.28,289.94,-33.564304154298426,21.03408,222.99517386491638,208.20713317258983,-1.7298741750589817,5.7348,5.98752,-3.718496090399043,,30.389681453738863,24.822057,59.47906,16.56179328948716,44.60122036881333,178.39395349610305,4.083241200955905,0.0034493532319536304,1.0388707277543674
2026-09-16T17:33:20+03:00,5.32,289.94,-34.20028730689364,21.34512,221.99822730138877,207.92065427502445,0.2508409227082744,6.9984,6.2208000000000006,-3.804439759668666,,30.99701671657754,24.821973,59.47902,16.046532590477426,48.390639066602176,173.6075882347866,4.647276171228854,0.0035150680686156597,1.042385795822983
2026-09-16T17:33:22+03:00,5.51,289.95,-31.232365928115986,20.625839999999997,218.99592845490324,206.2934541368529,-0.29535974338993937,7.15392,6.10416,-3.632552421129419,,31.140256165360242,24.821886,59.478972,14.975401710372493,45.573710495743825,173.4222179591594,5.007680289747696,0.0039213849001633,1.0463071807231463
2026-09-16T17:33:24+03:00,5.43,289.94,-30.17239400712396,18.156959999999998,227.99709541640848,201.76135797736808,-0.6183933482846976,6.92064,6.7068,-3.953408786402681,,31.02566460633408,24.821798,59.478927,12.661115983954875,46.11807980629595,181.87901561011253,4.797210633990955,0.003812130738356084,1.0501193114615024
2026-09-16T17:33:26+03:00,5.43,289.96,-33.925267565230854,17.04888,217.99898189137562,202.84424821016532,1.5920778253300185,6.84288,7.2122399999999995,-3.787251025814742,,29.845371548364582,24.821726,59.478882,11.995105195466206,52.49068148211434,165.50830040926127,4.166564289385321,0.0034852334340327927,1.0536045448955351
2026-09-16T17:33:28+03:00,5.43,289.94,-37.34009602421057,17.28216,215.99935918636905,202.58641720235647,-2.035203384084197,7.2122399999999995,8.41752,-3.1569974511708363,,27.089444553785324,24.821649,59.478831,12.348873889865324,58.087378383532666,157.91198080283638,3.8125728280973434,0.0038629185735688833,1.057467463469104
2026-09-16T17:33:36+03:00,5.55,289.95,-26.70026976863117,18.44856,221.99822730138877,205.2392117938122,2.117709306583036,7.814879999999999,6.78456,-0.29793805346802804,,15.693314008633246,24.821336,59.4786,11.992570795253636,43.72584334642124,178.27238395496752,5.647465614029959,0.004137731786457807,1.0616051952555616
2026-09-16T17:33:38+03:00,5.58,289.93,-31.455819468217005,19.84824,220.99555115990984,204.99283994190594,-2.175005086096118,7.251119999999999,6.6679200000000005,-1.529797312999298,,14.730744912813465,24.821254,59.478549,14.177029649247183,46.936045406128954,174.05950575378088,4.95116832089792,0.0039576582287369775,1.0655628534842987
2026-09-16T17:33:40+03:00,5.58,289.93,-30.332822189760588,20.25648,218.99592845490324,201.28580300740953,0.28768210893518636,6.648479999999999,6.59016,-1.449583221680983,,13.980170201192088,24.821178,59.478507,14.901339010967645,43.35475461671538,175.64117383818785,4.834222993456283,0.00342865047383726,1.068991503958136
2026-09-16T17:33:42+03:00,5.62,289.94,-20.11125512462671,20.56752,214.99668304489012,202.12232138830052,0.3426860572677454,5.98752,6.5124,-1.449583221680983,,14.32967445622189,24.821113,59.478462,15.086216453171367,27.954724958802842,187.04195808608728,5.288885945107709,0.0033545963052162495,1.072346100263352
2026-09-16T17:33:44+03:00,5.58,289.94,-26.545571163945848,18.44856,210.99743763487695,201.68687346400105,0.701586820137693,6.25968,6.57072,-1.604281826366305,,16.31210842737454,24.82106,59.478423,13.149799445905172,38.828640828299,172.16879680657794,4.876444976642153,0.002848312741224687,1.0751944130045767
2026-09-16T17:33:46+03:00,5.73,289.94,-27.290416297615923,19.01232,214.99668304489012,201.33163963101995,0.1798514518915654,6.53184,6.59016,-1.650118449976771,,16.621505636745184,24.820993,59.478376,13.542804881863818,40.066410252232714,174.9302727926574,4.998809888706443,0.0034877112208003087,1.078682124225377
2026-09-16T17:33:48+03:00,5.73,289.94,-25.588731646077374,18.93456,218.99592845490324,203.13072710773076,-0.9430885307853349,6.337439999999999,6.39576,-1.7990874767107847,,17.240300055486472,24.820926,59.478333,13.499132410700021,37.28760847853775,181.7083199763655,5.042095916122996,0.003295979850501108,1.081978104075878
2026-09-16T17:33:50+03:00,5.81,289.94,-22.64372857910494,21.617279999999997,221.99822730138877,205.13034981273734,1.5748317956965807,6.39576,6.88176,-2.0053522829578814,,18.558102984287366,24.82084,59.478287,15.906275318687285,31.549199045037454,190.4490282563513,5.450410313947377,0.0038127549003673647,1.0857908589762453
2026-09-16T17:33:52+03:00,5.85,289.94,-19.04555362568337,23.405759999999997,222.99517386491638,204.60322864121702,0.25983636009182837,6.57072,6.39576,-2.177239621497128,,19.457646722642757,24.82075,59.478241,17.327895755475033,26.153559122455704,196.84161474246068,5.897982981632578,0.0038978402037475545,1.0896886991799928
2026-09-16T17:33:54+03:00,5.77,289.94,-27.101340225222746,21.63672,222.99517386491638,205.02148783166248,1.292249011138059,5.9292,6.25968,-2.0855663742761967,,19.537860813961075,24.820667,59.478201,16.580041458110003,36.47748423248336,186.51768963243302,4.767613680737295,0.0034929069487606742,1.0931816061287534
2026-09-16T17:33:56+03:00,5.88,289.93,-20.472218535559122,21.55896,221.99822730138877,204.08756662559924,-2.095535839911473,6.25968,6.37632,-2.612687545796554,,22.666210375375368,24.820588,59.478161,15.846596478209046,28.413522432535558,193.5847048688532,5.505615760329288,0.003405371727776575,1.09658697785653
2026-09-16T17:33:58+03:00,6.03,289.93,-23.92715404019799,20.37312,220.99555115990984,203.58909334383543,1.2951138001137128,5.443199999999999,6.337439999999999,-2.853329819751499,,25.525269773078175,24.820516,59.478127,15.555151202240069,32.08625856748867,188.90929259242117,4.611747629595145,0.0030012375546450074,1.0995882154111751
2026-09-16T17:34:00+03:00,5.92,289.93,-26.637244411166776,19.88712,222.99517386491638,203.08489048412028,1.0088067898868407,6.57072,6.29856,-1.0198648753328654,,18.17422126154971,24.820435,59.478082,14.32008827777805,38.508852033982976,184.4863218309334,5.141667056660518,0.003664735191824768,1.103252950603
2026-09-16T17:34:02+03:00,5.88,289.93,-24.59178508254974,17.86536,218.99592845490324,203.95578633271913,-0.29444301091773006,6.78456,6.1624799999999995,-0.9797578296737078,,16.948091579969752,24.820352,59.478034,12.032139947818596,38.16305121002924,180.832877244874,5.3343978032511545,0.003839787619305287,1.1070927382223053
2026-09-16T17:34:04+03:00,6.03,289.93,-31.902726548419043,19.01232,216.9963057498967,203.94432717681653,2.790075279169057,6.648479999999999,6.648479999999999,-0.13750987083139757,,13.687961725675368,24.820271,59.477983,13.822147787636913,46.62887166920356,170.36743408069313,4.565652818501011,0.003938447767755472,1.1110311859900608
2026-09-16T17:34:06+03:00,6.03,289.94,-34.56125071782607,16.31016,221.99822730138877,208.84311632518506,0.6196538554339853,6.72624,6.47352,-0.5786873730821314,,13.246784223424633,24.820194,59.477935,11.426868474592121,54.06838362757897,167.92984367380978,3.9470871548467974,0.0037214769979448566,1.1147526629880056
2026-09-16T17:34:08+03:00,5.92,289.94,-26.557030319848465,18.29304,231.99634082642166,208.13837823717415,-0.38600166657963564,6.37632,6.35688,-1.3464508185574346,,19.44618756674014,24.820107,59.4779,12.908219021505705,39.31598555162378,192.68035527479788,4.933125831683583,0.0033881189908600558,1.1181407819788656
2026-09-16T17:34:10+03:00,6.18,289.94,-35.70716630808771,17.28216,221.99822730138877,210.24113334530426,-0.3031519694037185,6.37632,6.62904,-1.3922874421679003,,25.89769233991321,24.82001,59.477855,12.66368585937389,52.79703089945741,169.20119640193136,3.855380615984486,0.004010536762630056,1.1221513187414955
2026-09-16T17:34:12+03:00,6.11,289.95,-34.251853508455426,17.86536,226.99441927492956,207.51958381843286,0.008021409131831525,6.92064,6.72624,-1.7876283208081685,,24.155900642715505,24.819921,59.477814,12.754300826947615,52.0340456694457,174.96037360548385,4.257530138628329,0.0036680938653865505,1.1258194126068821
2026-09-16T17:34:14+03:00,6.15,289.94,-32.034506841299134,18.42912,228.9997715578874,206.35074991636597,0.13046248995128845,6.57072,5.90976,-1.8563832562238671,,26.67691494129113,24.819823,59.477771,13.322893046495421,47.199696101721685,181.80007545616573,4.464444138089662,0.003953516512474535,1.1297729291193566
2026-09-16T17:34:16+03:00,6.33,289.95,-37.191126997476545,18.040319999999998,231.99634082642166,203.96724548862173,-2.3018006461585694,6.39576,7.01784,-2.9736509567289726,,29.20938839576937,24.819733,59.47773,13.510276206091506,53.81924368192341,178.17709714449825,3.7756384474922506,0.0036907668443904506,1.133463695963747
2026-09-16T17:34:18+03:00,6.33,289.94,-34.555521139874756,18.3708,227.99709541640848,204.98711036395463,4.392294457472891,6.29856,6.5124,-1.6214705602202295,,23.78920765383178,24.819648,59.47769,13.658940563974966,49.71790550997849,178.27918990643,4.072342826119761,0.0035374727194110375,1.137001168683158
2026-09-16T17:34:19+03:00,6.33,289.93,-52.78703818093756,17.8848,230.99939426289401,221.62580473455375,10.805754833049274,6.68736,5.9292,-2.7043607930174858,,18.409133957553347,24.819551,59.477651,14.829737419660944,73.8336647163911,157.16572954650292,1.861940429946282,0.0037767170996248914,1.1407778857827828
2026-09-16T17:34:21+03:00,6.37,289.93,-57.21027235934751,17.32104,234.99863967290713,239.50781752058674,7.622229435963882,6.27912,6.55128,-0.6703606203030631,,14.604694197884685,24.819456,59.477612,14.887754191008815,77.97686038778475,157.02177928512236,1.3079828346044324,0.0037290426574835733,1.1445069284402665
2026-09-16T17:34:23+03:00,6.3,289.94,-62.103331929764735,16.387919999999998,258.99984171093735,246.83021814235863,0.7634089662323089,6.78456,6.95952,-1.707414229489853,,14.438536437296746,24.819354,59.477593,14.510417446329468,86.51125737532809,172.48858433560926,0.41285693917400534,0.003316605354245209,1.1478235337945117
2026-09-16T17:34:25+03:00,6.48,289.94,-64.52694340316812,16.66008,264.998709825957,246.28590823698434,-1.9991643387704683,6.492959999999999,6.5124,-1.5412564689019144,,14.444266015248054,24.81925,59.477589,15.055533120056674,87.44055843136721,177.5581513945898,0.28994850086197727,0.0031839223848648896,1.1510074561793766
2026-09-16T17:34:27+03:00,6.48,289.93,-64.36651522053148,16.93224,264.998709825957,242.95129386932297,-1.604969375720462,6.59016,6.6095999999999995,-0.6359831525952138,,15.131815369405041,24.819149,59.477582,15.283447442900659,87.24372741778497,177.75498240817205,0.3169041830478171,0.0031118268296772525,1.1541192830090539
2026-09-16T17:34:29+03:00,6.48,289.942,-59.341675357234166,18.44856,261.99641097947153,239.11247664194647,-3.240706585039449,7.15392,6.62904,-1.1172677005051053,,19.005010064489404,24.819039,59.477577,16.029056141306853,81.91874869759522,180.07766228187631,1.005678489170373,0.0033714181333885773,1.1574907011424425
2026-09-16T17:34:31+03:00,6.56,289.925,-55.817984917179615,18.8568,258.99984171093735,231.68121403909967,-0.008651662706475431,7.17336,6.4152,-1.7647100090029357,,15.733421054292407,24.818908,59.477571,15.97009739976452,77.63124511458793,181.36859659634942,1.5365529828627784,0.004015297628933163,1.1615059987713756
2026-09-16T17:34:33+03:00,6.52,289.934,-52.082300092926644,21.88944,257.9971655694584,227.58456580391433,-2.8878791747978885,6.53184,7.1928,-1.7360621192463943,,15.286513974090362,24.818803,59.477558,18.603330021170464,68.1629238910355,189.83424167842287,2.4296392567498555,0.0032992312475092806,1.164805230018885
2026-09-16T17:34:35+03:00,6.67,289.929,-46.690767240745586,22.18104,249.9986747494321,220.21632855853193,-4.596897686114108,6.6095999999999995,6.55128,-1.6386592940741544,,15.022953388330185,24.81868,59.477534,18.290935484209324,61.93579751865869,188.0628772307734,3.1095567127306345,0.004022434417536904,1.1688276644364217
2026-09-16T17:34:37+03:00,6.63,289.94,-40.21634415576729,21.5784,243.9998066344124,216.27437892803187,0.4848368862397026,6.37632,6.2208000000000006,-1.5641747807071475,,14.295296988514039,24.818587,59.477507,17.20909326641155,54.05779438336714,189.94201225104527,3.7427015116761475,0.0032701632481918616,1.1720978276846137
2026-09-16T17:34:39+03:00,6.67,289.938,-31.753757521685035,18.83736,236.99826237791373,208.97489661806517,-4.171934889465577,6.35688,6.318,-2.2058875112536693,,19.732666464305552,24.818494,59.477472,13.842338739397174,45.7395458992969,191.25871647861683,4.4366009592513835,0.0035335533819348124,1.1756313810665484
2026-09-16T17:34:41+03:00,6.78,289.934,-35.10556062320035,21.05352,231.99634082642166,204.45998919243425,0.8378934795993159,5.98752,6.14304,-2.3032903364259094,,20.958796145885515,24.818394,59.477433,16.518048537738753,47.13760377964243,184.85873704677923,4.072950289421009,0.003848956927733224,1.1794803379942815
2026-09-16T17:34:43+03:00,6.78,289.942,-24.815238622650764,20.19816,228.9997715578874,203.76098068237468,-0.7402614713090235,5.851439999999999,6.0264,-2.4006931615981495,,22.156277937708932,24.818317,59.4774,15.088207393362307,34.182582184209565,194.81718937367785,4.840611981220118,0.003075686812393293,1.1825560248066749
2026-09-16T17:34:45+03:00,6.78,289.936,-34.10861405967272,19.439999999999998,229.99671812141503,200.52949871783682,-1.5954582763212903,5.48208,5.94864,-2.81895235204365,,24.259033045839058,24.81822,59.477363,15.214771797391272,45.765498809990845,184.23121931142418,3.8242807574300937,0.0037033195344945576,1.1862593443411695
2026-09-16T17:34:47+03:00,6.93,289.932,-26.006990836522874,18.545759999999998,221.99822730138877,198.89083942376266,-1.5763787817434338,5.443199999999999,5.851439999999999,-3.231481964537843,,26.90609805934346,24.818144,59.477324,13.860772446862345,35.922385181614544,186.07584211977422,4.407971322751316,0.0032981931003417697,1.1895575374415113
2026-09-16T17:34:49+03:00,7.01,289.934,-28.453520621731492,19.945439999999998,221.99822730138877,197.744923833501,-0.3457227335819387,5.6181600000000005,6.1236,-3.036676314193363,,25.84039656040013,24.818081,59.477285,15.242800584382817,38.56752584169524,183.43070145969352,4.392692950727891,0.003032177026567291,1.1925897144680786
2026-09-16T17:34:51+03:00,6.93,289.927,-32.12045051056876,19.28448,218.99592845490324,200.254478976174,0.564420723983374,5.42376,5.79312,-2.0569184845196555,,29.28960248708768,24.818014,59.47724,14.971293413593013,43.22636011139963,175.7695683435036,3.9520423048240474,0.0033911105344872398,1.1959808250025659
2026-09-16T17:34:53+03:00,7.01,289.924,-23.1020948152096,18.798479999999998,218.99592845490324,196.87975756285346,-1.5727118518545968,5.832,6.08472,-3.197104496829994,,31.770509740004147,24.817946,59.477197,13.627660330697944,32.76878473242789,186.22714372247535,4.903904888223621,0.0033150528459185823,1.1992958778484843
2026-09-16T17:34:55+03:00,7.08,289.936,-26.746106392241632,18.93456,215.99935918636905,193.3446079668963,-0.43407282559111166,5.443199999999999,6.940079999999999,-3.644011577032036,,29.24949544142852,24.817887,59.477157,14.285330039315244,36.61997520679873,179.37938397957032,4.368764371488776,0.0030041244237845634,1.202300002272269
2026-09-16T17:34:57+03:00,7.05,289.94,-32.95123931350845,20.54808,214.99668304489012,193.1841797842597,1.1089025166961952,5.3654399999999995,6.648479999999999,-3.0424058921446715,,25.559647240786024,24.81783,59.477115,16.308997422833958,43.25949706500296,171.73718597988716,3.907421316295983,0.0030661187023617847,1.2053661209746307
2026-09-16T17:34:59+03:00,7.05,289.939,-28.843131922420444,18.99288,213.99973648136248,193.6769234880722,-0.7896504332493006,5.307119999999999,5.851439999999999,-3.3174256338074666,,27.204036112811487,24.817775,59.477074,14.570831846811505,38.963046223445815,175.03669025791666,4.126560122175136,0.0029820233407820314,1.2083481443154127
2026-09-16T17:35:01+03:00,7.08,289.939,-23.03906945774521,19.0512,207.99513878839142,189.12763859473344,-3.719699301768818,6.1236,5.87088,-3.6382819990807276,,34.15401416774837,24.817727,59.477027,13.628395786709646,33.16707167802218,174.82806711036923,5.125936131714263,0.003182478891533463,1.2115306232069463
2026-09-16T17:35:03+03:00,7.2,289.938,-23.85839910478229,21.15072,209.99476149339802,181.81669712886412,-3.6298022237127916,6.74568,6.0264,-3.1455382952682194,,33.26020000734429,24.817661,59.47697,15.227905629795877,34.18017334668343,175.81458814671458,5.580532612885295,0.003974667666094315,1.2155052908730406
2026-09-16T17:35:05+03:00,7.08,289.932,-28.2529853934357,22.00608,209.99476149339802,177.45075872996728,0.9500213201064179,5.404319999999999,6.08472,-2.2631832907667517,,27.73688686228315,24.817605,59.476925,17.43430898516736,36.69073311616279,173.30402837723523,4.333574466365988,0.0031998100543264244,1.218705100927367
2026-09-16T17:35:07+03:00,7.08,289.932,-19.75602129164559,21.15072,197.9970252633586,180.26971108201093,0.6335767298556644,5.96808,6.201359999999999,-1.501149423242757,,23.657427360951694,24.81757,59.476866,15.664358646114401,27.155297908855033,170.84172735450358,5.310234832983982,0.003703818878325508,1.2224089198056927
2026-09-16T17:35:09+03:00,7.23,289.929,-26.568489475751083,20.412,192.9951037118665,183.50119304654876,1.0465647085859617,6.08472,5.94864,-1.2547775713365028,,21.222356731645693,24.817543,59.476811,15.21519570148846,36.87226099815186,156.12284271371465,4.867625405321486,0.00340712927629337,1.225816049081986
2026-09-16T17:35:11+03:00,7.08,289.927,-27.892021982503284,20.7036,193.99777985334543,187.45460183295145,1.2606217408468372,5.890319999999999,6.006959999999999,-1.0485127650894066,,19.979038316211806,24.817505,59.47675,15.74062039482995,37.97409210261284,156.0236877507326,4.6432748257964285,0.003845710010271719,1.2296617590922578
2026-09-16T17:35:13+03:00,7.12,289.924,-21.755643996652168,18.74016,206.9981922248638,189.80372879298778,2.710147666748307,6.47352,6.29856,-1.6787663397333121,,26.207089549283854,24.81746,59.476693,12.951919714864841,32.431622966974544,174.56656925788926,5.4638584260392165,0.003691294096547157,1.233353053188805
2026-09-16T17:35:15+03:00,7.23,289.924,-29.003560105057076,19.22616,212.99706033988352,192.0153458821928,1.2642886707356744,6.39576,5.94864,-1.3579099744600511,,23.44543297675329,24.8174,59.476638,13.980757325199477,41.81893280356235,171.17812753632117,4.766476660804911,0.0037794445855324653,1.2371324977743374
2026-09-16T17:35:17+03:00,7.23,289.929,-38.17661440510156,19.69272,207.99513878839142,195.4931996986369,0.818470210344381,6.201359999999999,5.79312,-0.49847328176381617,,14.32967445622189,24.817346,59.476587,15.305495070962857,52.679683576092515,155.3154552122989,3.759701180782898,0.0034806410305304298,1.2406131388048678
2026-09-16T17:35:19+03:00,7.23,289.924,-28.006613541529447,18.44856,208.9978149298704,199.1830478992794,0.6795852408046694,6.78456,6.8623199999999995,-1.9308677695908742,,17.028305671288066,24.817288,59.476533,12.859404217318263,42.35070958495689,166.6471053449135,5.014028359181246,0.0036973595444533287,1.2443104983493212
2026-09-16T17:35:21+03:00,7.23,289.92,-30.762540536108713,18.29304,216.9963057498967,200.71857479023,0.9245246982230965,6.454079999999999,6.5124,-1.850653678272559,,16.386592940741544,24.817224,59.476481,13.167600222317917,45.28158256654197,171.71472318335472,4.541240095431785,0.0036860192175924966,1.2479965175669137
2026-09-16T17:35:23+03:00,7.38,289.918,-26.287740156136977,20.52864,214.99668304489012,204.7636568238536,2.4065373311084834,6.57072,6.6095999999999995,-1.6844959176846201,,14.954198452914488,24.817158,59.476435,14.923921245698686,37.53196112774168,177.46472191714844,5.210670541035214,0.003421206614256483,1.2514177241811701
2026-09-16T17:35:25+03:00,7.53,289.916,-24.374061120400025,19.75104,221.99822730138877,207.29613027833184,-1.308349125181235,6.804,6.47352,-2.515284720624314,,21.336948290671856,24.817081,59.476391,13.841291441076338,36.07879160527136,185.9194356961174,5.4990467100860805,0.003538408649737374,1.2549561328309076
2026-09-16T17:35:27+03:00,7.53,289.917,-32.54443927896557,19.2456,227.99709541640848,203.526067986371,-2.2033664969550935,7.251119999999999,6.47352,-3.185645340927377,,25.98363600918283,24.816986,59.476342,13.700148047446994,49.08681293551831,178.91028248089017,4.748865528058364,0.004133494179151347,1.2590896270100589
2026-09-16T17:35:29+03:00,7.68,289.914,-35.598304327012855,18.83736,223.99785000639537,200.87327339491532,0.25072633114924825,6.454079999999999,6.0652800000000004,-3.449205926687555,,27.32435724978896,24.816911,59.476298,14.099185855199694,51.05221348526055,172.94563652113482,4.0571116133470015,0.0034981486227504462,1.2625877756328094
2026-09-16T17:35:31+03:00,7.8,289.916,-35.86186491277303,19.303919999999998,217.99898189137562,202.82705947631143,0.948703517177617,5.851439999999999,6.27912,-3.1741861850247606,,26.138334613868157,24.816842,59.476258,14.95977474159085,49.108641920619846,168.89033997075578,3.830509447947505,0.0031965412036530283,1.2657843168364624
2026-09-16T17:35:33+03:00,7.8,289.917,-32.87102522219014,18.72072,217.99898189137562,199.76746485031285,-2.9723331538001716,6.1624799999999995,6.82344,-3.4320171928336314,,27.628024881208297,24.816775,59.476208,13.951734201753046,46.74178037454723,171.2572015168284,4.2230703591252405,0.0036353859492234968,1.269419702785686
2026-09-16T17:35:35+03:00,7.98,289.91,-27.038314867758356,18.00144,213.99973648136248,198.19183091370303,0.9869198021128431,6.4152,6.8623199999999995,-3.0825129378038287,,24.980959867703895,24.8167,59.476154,12.628732108080806,40.389719083552166,173.6100173978103,4.886166533573098,0.003972123581354282,1.2733918263670403
2026-09-16T17:35:37+03:00,7.91,289.913,-33.69608444717852,18.3708,216.9963057498967,198.69603377341818,-1.1502127737251275,6.0264,7.98984,-1.9824339711526484,,17.429376127879646,24.816635,59.476111,13.768967407823894,47.74908551605046,169.24722023384624,4.052022526354377,0.0032585253792856367,1.276650351746326
2026-09-16T17:35:39+03:00,7.98,289.913,-24.196444203909472,18.059759999999997,211.9943841984046,198.39809571995013,0.7481109931023159,5.90976,6.88176,-1.2891550390443522,,10.261674110793043,24.81656,59.47606,12.898670761533536,35.02015142332891,176.97423277507568,4.839799499259248,0.003826188711464657,1.2804765404577905
2026-09-16T17:35:41+03:00,7.98,289.916,-23.520354005655104,16.387919999999998,212.99706033988352,199.79611274006936,0.108575502177291,6.045839999999999,6.27912,-1.32926208470351,,11.447696746713847,24.816501,59.476016,11.10953945466036,36.06366468116238,176.93339565872114,4.88723561266044,0.003199832705254762,1.2836763731630452
2026-09-16T17:35:43+03:00,8.13,289.909,-22.729672248374566,18.195839999999997,218.99592845490324,197.62460269652354,-1.1676306906971048,6.27912,6.337439999999999,-1.3922874421679003,,18.225787463111487,24.816417,59.475972,12.639404916955018,33.79635286414222,185.19957559076101,5.218073538395315,0.003683861616601432,1.2873602347796467
2026-09-16T17:35:45+03:00,8.13,289.918,-23.337007511213237,19.36224,218.99592845490324,195.61925041356568,0.5765101334606343,6.454079999999999,6.39576,-0.7964113352318443,,18.31746071033242,24.816349,59.475931,13.677253542040892,34.110775708712595,184.88515274619064,5.34368703002482,0.0032222546630920577,1.2905824894427387
2026-09-16T17:35:47+03:00,8.28,289.924,-26.287740156136977,19.26504,214.99668304489012,196.4786871062619,-0.24482486585940075,6.318,6.454079999999999,-1.386557864216592,,20.168114388604977,24.816295,59.475885,13.885294175521329,37.913376659291345,177.08330638559877,4.984527015094238,0.003219114880434235,1.2938016043231728
2026-09-16T17:35:49+03:00,8.28,289.916,-28.963453059397928,20.33424,216.9963057498967,194.37593199813176,-1.9706310405729535,6.84288,6.57072,-2.2058875112536693,,25.267438765269304,24.816217,59.47583,14.724904336069688,41.968616850755325,175.02768889914137,5.087758078324775,0.00407424442405085,1.2978758487472237
2026-09-16T17:35:51+03:00,8.43,289.913,-27.851914936844125,20.08152,213.99973648136248,190.27355418499508,-4.017007101662202,6.492959999999999,6.74568,-3.4262876148823227,,36.480222815979516,24.816165,59.475786,14.658031480251257,39.79540159856407,174.2043348827984,4.988767736984568,0.0030846072430591475,1.300960455990283
2026-09-16T17:35:53+03:00,8.43,289.912,-25.095987942264863,20.33424,213.99973648136248,179.93739556083503,-6.2678717998336415,6.57072,6.57072,-4.096648235185386,,34.40611559760594,24.816095,59.475735,14.651299062396806,36.06124831829973,177.93848816306274,5.311692505236063,0.003736858555825304,1.3046973145461083
2026-09-16T17:35:55+03:00,8.58,289.913,-28.888968546030913,21.34512,208.9978149298704,174.0703077386954,2.4875535633399823,6.57072,5.754239999999999,-1.208940947726037,,16.99965778153153,24.816039,59.475679,15.911935723620717,40.39659654530456,168.60121838456584,5.00410794731158,0.003775310937125006,1.3084726254832333
2026-09-16T17:35:57+03:00,8.58,289.914,-24.809509044699453,20.003759999999996,191.99815714833886,188.79532307355757,6.875207062672313,6.318,5.94864,-1.5699043586584558,,14.398429391637588,24.816011,59.475619,14.513045281354069,35.33463523926417,156.6635219090747,5.154149384181075,0.0037063833961409652,1.3121790088793743
2026-09-16T17:35:59+03:00,8.58,289.903,-21.44624678728152,19.36224,196.99434912187962,193.94048407383238,0.7243332446043868,5.890319999999999,6.37632,-0.9682986737710912,,9.224620501606255,24.815984,59.475572,14.045854030216493,30.266268031101333,166.7280810907783,5.087424814810222,0.0029428596376600076,1.3151218685170343
2026-09-16T17:36:01+03:00,8.58,289.91,-19.62997057671681,19.323359999999997,213.99973648136248,193.87745871636795,0.7430116687256515,6.43464,6.10416,-1.082890232797256,,10.542423430407146,24.815925,59.47552,13.437700392660787,28.887185865386357,185.11255061597612,5.633994414691008,0.003607458925372383,1.3187293274424066
2026-09-16T17:36:03+03:00,8.73,289.906,-26.494004962384075,20.003759999999996,212.99706033988352,196.12345327328077,1.7322233020190179,6.045839999999999,6.14304,-1.2891550390443522,,13.361375782450798,24.815866,59.475469,14.839993855576932,36.965343126361745,176.03171721352177,4.83062245826196,0.003555508011376322,1.3222848354537828
2026-09-16T17:36:05+03:00,8.62,289.902,-23.348466667115854,20.52864,212.99706033988352,198.47830981126847,0.4151652183517945,6.25968,6.045839999999999,-1.6100114043176132,,16.20324644629968,24.815798,59.475415,14.988296079345492,32.8758632851187,180.12119705476482,5.257183550111665,0.0038529252534739637,1.3261377607072569
2026-09-16T17:36:07+03:00,8.73,289.909,-21.58948623606423,20.178720000000002,217.99898189137562,197.35531253281206,-0.9858884780816075,6.337439999999999,5.890319999999999,-1.9881635491039567,,19.18262698097996,24.815737,59.475373,14.474955111765421,30.86011864562232,187.1388632457533,5.4401988946122435,0.0031370871247538065,1.3292748478320107
2026-09-16T17:36:09+03:00,8.77,289.902,-24.087582222834616,22.56984,211.9943841984046,197.1948843501754,2.7671569673638237,6.318,5.94864,-1.8334649444186342,,17.509590219197957,24.815657,59.475318,16.998709048525026,32.812622000413825,179.18176219799076,5.309945708049443,0.004110250927874776,1.3333850987598854
2026-09-16T17:36:11+03:00,8.88,289.892,-18.55853949982217,20.74248,216.9963057498967,199.20023663313333,1.1996590314449176,6.10416,5.7153599999999996,-2.016811438860498,,17.996604345059158,24.815594,59.475273,15.081401696153733,25.95997086666287,191.03633488323382,5.488250809149587,0.003318954356458025,1.3367040531163434
2026-09-16T17:36:13+03:00,8.92,289.898,-20.116984702578012,20.35368,220.99555115990984,198.73041124112606,-0.3331749578685737,6.0264,5.52096,-2.687172059163561,,22.597455439959663,24.815521,59.475231,14.840393560878645,28.145543031347955,192.85000812856188,5.313791406327561,0.003367501446978956,1.3400715545633224
2026-09-16T17:36:15+03:00,9.18,289.898,-22.95312578847559,19.40112,212.99706033988352,199.25180283469507,0.8075267164573824,6.006959999999999,5.598719999999999,-2.7673861504818764,,24.058497817543266,24.81546,59.475186,14.066203949042816,32.53981792608039,180.45724241380313,5.063974466488043,0.003283950429015721,1.343355504992338
2026-09-16T17:36:17+03:00,9.11,289.888,-30.401577125176285,19.12896,213.99973648136248,198.9080281576166,-0.00567228217179515,6.454079999999999,6.0652800000000004,-1.9079494577856415,,26.103957146160305,24.815394,59.475139,13.950057446498402,43.941958585673405,170.05777789568907,4.647215962079779,0.00347000998052033,1.3468255149728583
2026-09-16T17:36:19+03:00,9.26,289.892,-27.508140259765632,18.97344,213.99973648136248,198.506957701025,0.0453782573743612,6.2208000000000006,5.773680000000001,-1.8334649444186342,,26.235737439040395,24.815332,59.475103,13.759270781221781,39.56143039801904,174.43830608334343,4.795876993086458,0.0028749189159894503,1.3497004338888476
2026-09-16T17:36:21+03:00,9.33,289.89,-25.680404893298302,19.10952,216.9963057498967,198.30642247272925,-0.08250592249883856,6.25968,5.9292,-1.6157409822689215,,26.87172059163561,24.815254,59.475056,13.73860070845251,37.06807872804933,179.92822702184736,4.994723058559823,0.0036948033426686,1.3533952372315163
2026-09-16T17:36:23+03:00,9.37,289.883,-25.290793592609347,19.45944,219.99860459638222,196.1119941173782,-0.49073835152955003,6.24024,6.76512,-3.185645340927377,,26.470650135044036,24.815176,59.475012,14.072149397179466,36.21123493007772,183.7873696663045,5.034903240434041,0.0035588277652518025,1.3569540649967682
2026-09-16T17:36:25+03:00,9.48,289.872,-24.150607580299006,20.003759999999996,214.99668304489012,193.28731218738324,-1.087072824701711,5.832,6.55128,-1.6443888720254627,,25.588295130542566,24.815113,59.474968,14.874840583752173,33.38134675618144,181.61533628870868,4.86987766120361,0.0032701641365527304,1.3602242291333209
2026-09-16T17:36:27+03:00,9.63,289.88,-26.642973989118087,19.78992,206.9981922248638,193.95194322973498,1.8264748593180382,6.1624799999999995,6.6679200000000005,-1.1172677005051053,,19.67537068479247,24.815053,59.474917,14.546681176441927,37.59402944047588,169.40416278438792,4.882860869907964,0.00357108640430487,1.3637953155376257
2026-09-16T17:36:29+03:00,9.63,289.881,-30.934427874647955,18.11808,210.99743763487695,197.20634350607807,0.22723506154888448,5.754239999999999,6.53184,-0.8995437383553924,,18.79874525824231,24.814998,59.474868,13.510145141057167,43.58162144600129,167.41581618887565,4.16833135397227,0.0033903017257495144,1.3671856172633752
2026-09-16T17:36:31+03:00,9.63,289.881,-26.14450070735427,19.51776,218.99592845490324,197.06310405729533,-1.9529266447034106,5.94864,6.59016,-2.2861016025719847,,24.075686551397194,24.814941,59.474828,14.418018702705599,36.61909161324678,182.37683684165646,4.7744900702131785,0.0029679912909719216,1.370153608554347
2026-09-16T17:36:33+03:00,9.93,289.872,-28.16704172416608,19.49832,216.9963057498967,195.80259690800756,-0.95638115163237,6.006959999999999,6.7068,-2.521014298575622,,29.49586729333478,24.814882,59.47479,14.48302347007341,39.4575824169211,177.5387233329756,4.637945447775409,0.002908882967494428,1.3730624915218415
2026-09-16T17:36:35+03:00,9.93,289.876,-25.852292231837552,19.945439999999998,216.9963057498967,190.15896262596894,-3.555546893463837,6.43464,6.35688,-3.437746770784939,,31.38089843931519,24.814823,59.47475,14.430186947088844,37.064449922341254,179.93185582755544,5.134572756382819,0.003004201369003569,1.376066692890845
2026-09-16T17:36:37+03:00,10.08,289.88,-27.54824730542479,23.6196,214.99668304489012,184.83618470920356,-0.969444589361353,6.14304,6.62904,-2.6814424812122524,,28.71664469195686,24.814762,59.474694,18.393794084699316,36.43379659637901,178.5628864485111,4.942343652724776,0.003846869370307987,1.379913562261153
2026-09-16T17:36:39+03:00,10.08,289.87,-26.190337330964738,23.386319999999998,206.9981922248638,187.07644968816507,3.347448622272321,5.754239999999999,6.82344,-1.3235325067522015,,23.36521888543497,24.81472,59.474651,18.398972623383475,34.124360392270404,172.8738318325934,4.76348585208534,0.0028852205317417487,1.3827987827928947
2026-09-16T17:36:41+03:00,10.08,289.866,-24.48292310147489,21.733919999999998,205.99551608338487,192.25025857819642,-0.47922189984742053,6.27912,8.28144,-1.5068790011940651,,22.769342778498913,24.814666,59.474595,16.22936444683332,33.709516228530276,172.2859998548546,5.223361050251848,0.0037480800002183856,1.386546862793113
2026-09-16T17:36:43+03:00,10.35,289.87,-25.14755414382664,21.2868,205.99551608338487,194.18685592573863,0.8792610324077613,6.29856,6.74568,-1.873571990077792,,24.648644346528016,24.814604,59.474539,15.813405153005329,34.892356868731525,171.10315921465335,5.166256478360445,0.0038617459023214985,1.3904086086954346
2026-09-16T17:36:45+03:00,10.23,289.854,-22.91301874281643,21.83112,213.99973648136248,192.86332341898643,0.5405856797059317,6.62904,6.82344,-3.065324203949904,,30.44124765530064,24.81453,59.474487,15.935521045115822,32.233657584499554,181.76607889686292,5.607372286337807,0.003856612576294898,1.3942652212717295
2026-09-16T17:36:47+03:00,10.38,289.85,-25.18193161153449,22.66704,212.99706033988352,191.72886698462736,-0.41843107778404015,6.39576,7.387199999999999,-2.3663156938903005,,28.103579851166877,24.814475,59.474443,17.09709449408819,34.34069749587172,178.6563628440118,5.280965029077293,0.0031327625481160884,1.3973979838198456
2026-09-16T17:36:49+03:00,10.53,289.842,-27.278957141713303,23.93064,206.9981922248638,194.78273203267466,2.272407911268358,6.4152,7.98984,-0.9797578296737078,,22.843827291865924,24.814413,59.474385,18.46450287808967,36.44157743318331,170.5566147916805,5.160790802030405,0.003966971594467567,1.401364955414313
2026-09-16T17:36:51+03:00,10.53,289.847,-18.283519758159375,22.78368,211.9943841984046,197.3954195784712,-0.042456172619194,6.2208000000000006,6.08472,-0.44117750225073393,,10.559612164261072,24.814355,59.474335,16.989394713008213,24.879692822317196,187.1146913760874,5.643467357939062,0.003488250840830618,1.4048532062551438
2026-09-16T17:36:53+03:00,10.53,289.84,-22.552055331884013,21.461759999999998,211.9943841984046,197.41260831232515,1.510202156405824,6.318,5.9292,-0.26929016371148695,,6.31972448029298,24.81429,59.474289,15.813634273145851,31.36611258630336,180.62827161210123,5.39467988274289,0.0034033904257259684,1.4082565966808698
2026-09-16T17:36:55+03:00,10.53,289.839,-24.162066736201623,19.65384,213.99973648136248,199.64714371333537,0.28825506673031714,6.10416,6.0264,-0.7505747116213785,,13.092085618739311,24.814221,59.474241,14.304359105095825,34.22154856188928,179.7781879194732,5.047341407313433,0.0035723819137457456,1.4118289785946154
2026-09-16T17:36:57+03:00,10.8,289.832,-26.981019088245272,23.26968,217.99898189137562,198.4840393892198,1.457432743474275,6.10416,5.98752,-0.12605071492878112,,9.43088530785335,24.814149,59.474199,18.043714558834026,35.809926136065684,182.18905575530994,4.950244649837357,0.0033474192018800876,1.4151763977964955
2026-09-16T17:36:59+03:00,10.83,289.828,-25.743430250762696,21.6756,213.99973648136248,203.45158347300404,2.5125918189871994,5.50152,6.1236,-1.1688339020668794,,15.830823879464644,24.814096,59.474162,16.890003124039985,33.87673292714754,180.12300355421493,4.567574866221034,0.0027503417125718816,1.4179267395090673
2026-09-16T17:37:01+03:00,10.83,289.821,-14.58221240161426,20.9952,221.99822730138877,205.41682871030275,-1.7385258377654569,6.1236,6.08472,-2.1715100435458203,,27.45613754266905,24.814017,59.474121,15.147521099439686,20.423958787641737,201.57426851374703,5.738646920533436,0.0034482742906596048,1.421375013799727
2026-09-16T17:37:03+03:00,11.13,289.81,-22.64945815705625,20.06208,225.9974727114019,200.7128452122787,-2.3242032959481844,6.0652800000000004,5.890319999999999,-1.5870930925123803,,22.671939953326675,24.813941,59.474082,14.651932071886662,31.82221701124817,194.17525570015374,5.153597432334154,0.0032983497344010425,1.424673363534128
2026-09-16T17:37:05+03:00,11.13,289.81,-29.393171405746042,19.45944,221.99822730138877,200.2430198202714,2.484975253261893,5.81256,6.201359999999999,-0.5213915935690492,,18.053900124572237,24.813877,59.47404,14.675077369901334,40.60272313479962,181.39550416658915,4.4131302439695625,0.003192354800167971,1.427865718334296
2026-09-16T17:37:07+03:00,11.17,289.8,-22.809886339692884,20.54808,215.99935918636905,202.5348510007947,-0.5688324990058813,6.0264,6.337439999999999,-1.2662367272391195,,21.222356731645693,24.813806,59.473993,15.173901070156605,31.666786339509827,184.33257284685922,5.129162906750574,0.0035608621419316215,1.4314265804762276
2026-09-16T17:37:09+03:00,11.43,289.8,-28.871779812176992,20.664720000000003,220.99555115990984,203.66357785720245,0.6987220311620389,6.10416,6.29856,-2.2574537128154435,,21.113494750570837,24.813728,59.473955,15.6002525802292,39.76229425208129,181.23325690782855,4.692295911650597,0.003299703869543362,1.4347262843457709
2026-09-16T17:37:11+03:00,11.43,289.8,-30.07499118195172,21.131279999999997,223.99785000639537,203.377098959637,0.0638847941570868,5.851439999999999,6.35688,-2.274642446669368,,21.45726942764933,24.813647,59.473915,16.33300412297253,40.417682042126046,183.58016796426932,4.454925119350225,0.003449100605160107,1.438175384950931
2026-09-16T17:37:13+03:00,11.58,289.8,-25.107447098167484,18.895680000000002,224.99479656992298,203.59482292178672,0.8855062723746873,5.79312,6.35688,-2.0511889065683473,,19.148249513272113,24.813572,59.473874,13.869497573874257,35.31602514006843,189.67877142985455,4.727046516208757,0.0033640002259225973,1.4415393851768534
2026-09-16T17:37:15+03:00,11.73,289.78,-28.8775093901283,18.895680000000002,223.99785000639537,204.57458075146045,0.5111929448157204,6.337439999999999,6.25968,-2.039729750665731,,19.033657954245946,24.813497,59.473833,13.692708959852315,41.793376485920675,182.2044735204747,4.724897703915554,0.0033640021180066275,1.44490338729486
2026-09-16T17:37:17+03:00,11.73,289.78,-23.520354005655104,18.33192,225.9974727114019,204.04173000198875,0.25502351461272943,6.35688,6.27912,-2.0225410168118056,,19.314407273860052,24.813413,59.473792,12.757947456458288,34.989856469696036,191.00761624170588,5.207896673966207,0.003556738205981395,1.4484601255008414
2026-09-16T17:37:19+03:00,12.03,289.78,-31.22090677221337,18.74016,221.99822730138877,204.80949344746406,-0.052826708711061904,6.27912,6.55128,-2.1543213096918956,,19.159708669174726,24.813328,59.473748,13.760853443272508,44.90212940780441,177.09609789358436,4.44758611333868,0.00370529769058084,1.4521654231914223
2026-09-16T17:37:21+03:00,12.03,289.78,-26.63151483321547,17.16552,225.9974727114019,203.81254688393642,-0.7671331919006592,6.35688,6.35688,-2.457988941111232,,21.835421572435674,24.813247,59.473708,11.831317611309549,40.56774901993808,185.42972369146383,4.8289244220394645,0.003449111468861096,1.4556145346602833
2026-09-16T17:37:23+03:00,12.07,289.77,-26.494004962384075,19.77048,223.99785000639537,201.85876080254033,-0.820532858406852,6.35688,6.97896,-2.6241467016991704,,22.46567514707958,24.813154,59.473664,14.363910651692521,37.88057018692396,186.1172798194714,5.0174367684892935,0.0038802852036592846,1.4594948198639426
2026-09-16T17:37:25+03:00,12.33,289.76,-23.646404720583885,19.964879999999997,225.9974727114019,198.61009010414855,-0.8380653669378552,6.492959999999999,6.59016,-2.910625599264582,,24.20173726632597,24.813073,59.473617,14.256954999958413,34.1715203139963,191.82595239740562,5.372014500375693,0.0037545546459120515,1.4632493745098547
2026-09-16T17:37:27+03:00,12.41,289.77,-27.112799381125367,21.36456,222.99517386491638,198.31215205068054,0.3457227335819387,6.37632,7.095599999999999,-2.589769233991321,,21.835421572435674,24.812994,59.473572,15.9557854934637,37.606434296404416,185.38873956851197,5.051455367202355,0.003624035662358872,1.4668734101722136
2026-09-16T17:37:29+03:00,12.48,289.77,-25.14755414382664,20.85912,220.99555115990984,199.52109299840657,-0.8148032804555437,6.24024,6.84288,-2.647065013504403,,22.32243569829687,24.81292,59.47353,15.439781004374304,35.03718675729897,185.95836440261087,5.109381227915812,0.003387859195629861,1.4702612693678434
2026-09-16T17:37:31+03:00,12.63,289.77,-25.09025836431356,21.4812,220.99555115990984,198.24339711526483,0.7320108790591398,6.43464,7.15392,-2.435070629305999,,21.39424407018494,24.812843,59.473487,15.889754866777695,34.97806435203245,186.0174868078774,5.272361127937683,0.0034938460776248177,1.4737551154454682
2026-09-16T17:37:33+03:00,12.67,289.77,-29.158258709742405,22.258799999999997,217.99898189137562,198.32361120658317,-0.31220470256678556,5.90976,6.59016,-1.9881635491039567,,17.286136679096938,24.812775,59.47344,17.338696101968583,38.71744683428358,179.28153505709204,4.611031035021859,0.0035058794840249767,1.4772609949294933
2026-09-16T17:37:35+03:00,12.82,289.77,-21.921801757240104,20.606399999999997,218.99592845490324,199.30336903625687,-0.6204559963471684,6.27912,6.318,-2.097025530178813,,17.973686033253923,24.812715,59.473395,14.9660362145316,30.933615826313826,188.0623126285894,5.385999696245361,0.003266788789278899,1.4805277837187723
2026-09-16T17:37:37+03:00,12.93,289.78,-22.1280665634872,20.91744,219.99860459638222,197.69908720989056,0.14891173095450097,6.27912,6.492959999999999,-2.360586115938992,,20.259787635825912,24.812651,59.473348,15.284919707314234,31.029853802011445,188.96875079437078,5.380570551556362,0.003434973395198927,1.483962757113971
2026-09-16T17:37:39+03:00,13.08,289.76,-26.104393661695116,20.43144,217.99898189137562,197.86524497047847,-0.3463529871565827,6.08472,6.59016,-2.6814424812122524,,22.637562485618826,24.81259,59.473307,15.20496970848502,36.2460397074405,181.75294218393512,4.907238291832205,0.0030889911140036218,1.4870517482279746
2026-09-16T17:37:41+03:00,13.08,289.76,-22.483300396468316,21.1896,221.99822730138877,195.75103070644576,-1.1871112557315526,6.43464,6.43464,-2.81895235204365,,23.869421745150095,24.812508,59.473258,15.441376310507659,31.652898804335337,190.34532849705343,5.477440950408761,0.0038655445326428667,1.4909172927606174
2026-09-16T17:37:43+03:00,13.31,289.77,-25.89239927749671,21.15072,214.99668304489012,196.13491242918343,2.209955511599098,6.53184,6.08472,-2.182969199448437,,19.910283380796105,24.812431,59.473204,15.53861178707455,36.469859397354924,178.5268236475352,5.252707535919492,0.00400774944236809,1.4949250422029854
2026-09-16T17:37:45+03:00,13.38,289.77,-24.91837102577431,21.01464,211.9943841984046,197.49855198159477,0.1538964637721391,6.006959999999999,6.53184,-1.6615776058793876,,15.607370339363623,24.812366,59.473154,15.771270855371316,34.15282970992891,177.84155448847568,4.97101796464023,0.0036014856037763906,1.4985265278067619
2026-09-16T17:37:47+03:00,13.38,289.76,-22.534866598030085,20.9952,216.9963057498967,199.01116056074014,1.5318026652822558,5.79312,6.492959999999999,-1.673036761782004,,15.464130890580916,24.812301,59.473106,15.80115955490902,30.612103396313586,186.3842023535831,4.985758794422054,0.003501795855768869,1.5020283236625307
2026-09-16T17:37:49+03:00,13.53,289.77,-20.764427011075842,20.83968,214.99668304489012,200.11696910534263,-0.911117485817035,6.006959999999999,6.29856,-1.850653678272559,,16.741826773722657,24.812236,59.473063,15.371137869801755,28.728208484765304,186.26847456012482,5.267561062167316,0.0032586344118403663,1.505286958074371
2026-09-16T17:37:51+03:00,13.68,289.77,-24.179255470055548,20.8008,217.99898189137562,200.2430198202714,1.212951652291953,6.0652800000000004,6.201359999999999,-1.970974815250032,,17.950767721448692,24.812167,59.473022,15.468433601220557,33.42122109174164,184.57776079963398,5.062349075664424,0.0032421248576258634,1.5085290829319968
2026-09-16T17:37:53+03:00,13.68,289.77,-24.987125961190007,21.4812,217.99898189137562,201.58374106087754,1.664213211736989,5.6376,6.006959999999999,-2.165780465594512,,18.84458188185278,24.812092,59.472975,16.543559861954417,33.26346376580017,184.73551812557545,4.713920343487213,0.0036365377308360545,1.5121656206628329
2026-09-16T17:37:55+03:00,13.83,289.78,-21.881694711580952,21.228479999999998,221.99822730138877,201.55509317112097,-0.45876730656125014,6.006959999999999,5.96808,-2.566850922186088,,21.663534233896424,24.812016,59.472934,15.8135617680878,30.02045877423535,191.97776852715342,5.201107166369986,0.003384899784404565,1.5155505204472375
2026-09-16T17:37:57+03:00,14.1,289.78,-29.06658546252147,22.18104,222.99517386491638,199.99664796836515,1.1035167134219657,6.0264,5.96808,-2.778845306384493,,23.70326398456216,24.811941,59.472896,17.16516240573673,38.887270618384065,184.10790324653232,4.690845163587332,0.0032342750871424642,1.5187847955343798
2026-09-16T17:38:00+03:00,14.13,289.79,-26.61432609936155,21.24792,221.99822730138877,200.55241702964207,0.018334649444186345,5.81256,6.4152,-2.7158199489201023,,22.803720246206765,24.811864,59.472854,16.261086104664663,35.82890474507491,186.16932255631386,4.7126412185197175,0.0034496475154921842,1.522234443049872
2026-09-16T17:38:02+03:00,14.17,289.79,-26.71172892453379,22.880879999999998,221.99822730138877,199.733087382605,-0.015469860468532227,6.045839999999999,6.1624799999999995,-2.394963583646841,,20.506159487732162,24.81179,59.472812,17.69024531319245,35.54863253125521,186.44959477013356,4.919030401971996,0.0033878912149857563,1.5256223342648578
2026-09-16T17:38:04+03:00,14.43,289.79,-23.85839910478229,21.967200000000002,216.9963057498967,203.05051301641242,1.583540754182569,5.98752,6.318,-2.9278143331185067,,24.052768239591963,24.811716,59.472767,16.668204644161243,32.21280077689383,184.78350497300286,5.065885547821092,0.003524315073168137,1.529146649338026
2026-09-16T17:38:06+03:00,14.51,289.79,-25.921047167253253,21.2868,225.9974727114019,202.70673833933395,-2.8544757353417616,6.37632,6.62904,-3.4835833943954055,,28.006177025994642,24.811638,59.472724,15.799757100148787,36.081988836611885,189.91548387479003,5.153182800271168,0.003514498224084018,1.53266114756211
2026-09-16T17:38:08+03:00,14.73,289.81,-23.6578638764865,22.31712,218.99592845490324,199.9164338770468,0.24757506327602874,5.98752,6.37632,-3.1398087173169116,,26.56805296021627,24.811567,59.472678,17.003409705599303,31.781132999685212,187.21479545521802,5.089788187322597,0.0035134174133076347,1.5361745649754175
2026-09-16T17:38:10+03:00,14.88,289.8,-24.33968365269218,22.51152,220.99555115990984,200.35761137929757,0.7191766244482093,6.318,6.27912,-2.3491269600363753,,20.712424293979257,24.811485,59.472628,16.956210030479983,33.17345190232351,187.82209925758633,5.288279332182037,0.003911566044344694,1.5400861310197622
2026-09-16T17:38:12+03:00,14.96,289.81,-27.680027598304875,23.736240000000002,218.99592845490324,205.27931883947136,3.6519756903843543,6.454079999999999,6.454079999999999,-1.5126085791453732,,14.375511079832355,24.811419,59.472584,18.2684921883528,37.12586091756924,181.870067537334,5.145912752864295,0.003324943877907607,1.54341107489767
2026-09-16T17:38:14+03:00,15.03,289.82,-23.692241344194354,23.05584,223.99785000639537,205.56579773703675,-2.085795557394249,5.87088,6.454079999999999,-1.730332541295086,,16.781933819381813,24.81134,59.472546,17.836468673420363,31.292475417404745,192.70537458899062,5.0168257705625585,0.0033218778259701148,1.54673295272364
2026-09-16T17:38:16+03:00,15.18,289.83,-22.78696802788765,23.65848,222.99517386491638,204.04745957994007,0.8075267164573824,5.6181600000000005,5.890319999999999,-2.0110818609091896,,18.094007170231396,24.811254,59.472509,18.60648198518359,29.50282600312886,193.49234786178752,4.889661097802721,0.0034410166184679404,1.550173969342108
2026-09-16T17:38:18+03:00,15.41,289.83,-24.47146394557227,22.919759999999997,223.99785000639537,206.48253020924608,0.922863120617217,5.598719999999999,6.318,-2.778845306384493,,23.416785086996747,24.811185,59.472471,17.974237850665325,31.885000170836435,192.11284983555893,4.753929149229101,0.003107290224335622,1.5532812595664436
2026-09-16T17:38:19+03:00,15.48,289.83,-30.779729269962633,24.9804,229.99671812141503,207.35342605784496,-0.20076441141384047,5.81256,5.9292,-3.059594625998596,,25.422137369954626,24.811108,59.472433,20.206720784467898,39.244667213031335,190.7520509083837,4.501545982779895,0.00327781426378765,1.5565590738302313
2026-09-16T17:38:21+03:00,15.67,289.84,-30.223960208685728,25.25256,228.9997715578874,207.54823170818938,1.2244681039740823,5.754239999999999,5.890319999999999,-2.985110112631589,,25.67423879981219,24.811026,59.472395,20.486334529628312,38.352287693061044,190.64748386482637,4.512535071824614,0.0033889785366477947,1.5599480523668792
2026-09-16T17:38:23+03:00,15.71,289.84,-20.145632592334554,22.66704,230.99939426289401,202.83851863221403,-3.968477576414621,6.2208000000000006,5.94864,-4.205510216260243,,33.30603663095476,24.810945,59.472358,16.96267582218961,27.401823151720066,203.59757111117395,5.522830850419401,0.0033259991940437356,1.563274051560923
2026-09-16T17:38:25+03:00,16.08,289.85,-31.22663635016468,23.96952,224.99479656992298,194.77700245472337,-1.2115192578041258,6.4152,6.6679200000000005,-3.678389044739885,,30.64178288359643,24.810856,59.472318,18.780556575362695,41.42678372769845,183.56801284222453,4.810128815538358,0.003628314621107076,1.56690236618203
2026-09-16T17:38:31+03:00,16.08,289.85,-26.877886685121723,24.63048,218.99592845490324,198.7189520852234,3.2289036544597542,6.08472,6.0264,-1.9365973475421825,,18.208598729257563,24.810785,59.47227,19.39910850034688,35.03005507514911,183.96587337975413,4.982479399512423,0.003608801380633001,1.570511167562663
2026-09-16T17:38:33+03:00,16.08,289.85,-31.44436031231439,23.17248,216.9963057498967,204.3969638349699,0.06434316039319145,5.87088,6.2208000000000006,-1.5699043586584558,,15.441212578775687,24.810731,59.472224,18.420149852508622,41.01520785387177,175.98109789602492,4.429786893533368,0.003219206373733393,1.5737303739363964
2026-09-16T17:38:35+03:00,16.23,289.86,-23.566190629265567,21.772799999999997,221.99822730138877,203.153645419536,-1.6797976637645475,6.10416,5.832,-1.9365973475421825,,18.300271976478495,24.810662,59.472179,16.360779083435446,32.14486470238592,189.85336259900285,5.1684261933665026,0.0034284756177611372,1.5771588495541575
2026-09-16T17:38:37+03:00,16.38,289.86,-33.277825256733024,22.70592,223.99785000639537,201.2227776499451,0.5336528903848486,6.08472,5.98752,-2.0340001727144226,,19.102412889661643,24.810587,59.472136,17.932513191946775,44.007782496907225,179.99006750948814,4.376407102244407,0.003453116009686959,1.5806119655638444
2026-09-16T17:38:39+03:00,16.38,289.87,-27.330523343275072,20.33424,222.99517386491638,202.28847914888846,0.6724232683655342,6.10416,6.1624799999999995,-2.498095986770389,,22.213573717222015,24.810519,59.472102,15.17255060547765,37.97489354611898,185.0202803187974,4.8117900211024915,0.002913264619688455,1.583525230183533
2026-09-16T17:38:41+03:00,16.65,289.87,-29.209824911304178,20.43144,223.99785000639537,200.17999446280703,-2.7768972498810482,6.37632,6.045839999999999,-3.237211542489151,,27.31862767183765,24.810446,59.472059,15.188119084885509,41.03215238531706,182.9656976210783,4.809921543870943,0.003412931038795651,1.5869381612223286
2026-09-16T17:38:43+03:00,16.76,289.87,-21.142579155862183,21.42288,219.99860459638222,194.49625313510927,-2.1391379281209284,6.10416,5.6181600000000005,-3.3403439456126995,,28.086391117312957,24.810368,59.472013,15.882958649368213,29.110629339481818,190.8879752569004,5.333094622707409,0.0036491903612248413,1.5905873515835534
2026-09-16T17:38:45+03:00,16.83,289.88,-26.705999346582473,23.67792,210.99743763487695,195.25828700263327,0.450287531193314,6.4152,6.10416,-2.2345354010102105,,19.8357988674291,24.810304,59.471963,18.177163370866722,35.83219688476703,175.16524075010992,5.201027036437026,0.0035847900576040583,1.5941721416411574
2026-09-16T17:38:47+03:00,16.83,289.89,-28.21287834777655,21.34512,212.99706033988352,199.54974088816311,2.0404173000198873,6.14304,6.39576,-1.0771606548459478,,11.18413616095367,24.810248,59.471911,16.194412973491307,38.5435106061409,174.45354973374262,4.8046877670573345,0.0035627006631227948,1.59773484230428
2026-09-16T17:38:49+03:00,16.91,289.89,-24.07039348898069,19.926,214.99668304489012,201.38893541053307,-0.6307692366595232,6.24024,6.4152,-1.105808544602489,,11.24716151841806,24.810183,59.471862,14.454221139296381,34.21205610197072,180.7846269429194,5.160443117655926,0.0035515234857526174,1.6012863657900327
2026-09-16T17:38:51+03:00,17.13,289.88,-26.665892300923325,19.61496,219.99860459638222,200.3633409572489,3.0962639248869688,6.2208000000000006,6.1236,-1.3178029288008932,,12.822795455027823,24.810099,59.471816,14.33039044878036,37.89997111807838,182.09863347830384,4.908736201220475,0.003771310502174601,1.6050576762922073
2026-09-16T17:38:53+03:00,17.02,289.89,-27.77170084552581,17.80704,217.99898189137562,203.13645668568208,-0.34417574753508556,5.890319999999999,5.81256,-1.6787663397333121,,17.171545120070775,24.810031,59.471775,12.890784490961373,40.06471302821117,177.93426886316445,4.507967655043858,0.003222419202139188,1.6082800954943466
2026-09-16T17:38:55+03:00,17.21,289.89,-28.201419191873924,16.99056,223.99785000639537,201.84157206868642,-0.15641747807071474,6.318,5.9292,-2.6929016371148693,,23.13603576738264,24.809945,59.471729,11.80632602628932,42.85007232771494,181.14777767868043,4.631951998912352,0.003813105850526873,1.6120932013448734
2026-09-16T17:38:57+03:00,17.36,289.89,-28.361847374510557,19.323359999999997,222.99517386491638,202.2254537914241,-0.033288847897100834,5.81256,5.9292,-3.134079139365603,,26.224278283137778,24.809871,59.471692,14.474319465554217,39.359260867644196,183.6359129972722,4.494182412329971,0.0031703368483420066,1.6152635381932154
2026-09-16T17:38:59+03:00,17.43,289.89,-30.550546151910307,19.945439999999998,218.99592845490324,201.50352696955923,-1.5604505550387968,6.37632,6.72624,-3.2715890101970007,,26.688374097193744,24.809799,59.471648,14.813189552366502,43.18889583833092,175.80703261657231,4.64898308530914,0.003439094359512414,1.6187026325527278
2026-09-16T17:39:01+03:00,17.43,289.89,-28.264444549338315,19.809359999999998,217.99898189137562,201.61811852858537,-0.050649469089564775,6.59016,6.62904,-3.254400276343076,,26.57378253816758,24.809724,59.471598,14.34841766864261,40.826416562066015,177.1725653293096,4.986732631254747,0.0037783856933498333,1.6224810182460776
2026-09-16T17:39:03+03:00,17.43,289.91,-33.73046191488638,18.52632,217.99898189137562,200.62690154300907,-1.046220933908883,6.39576,6.59016,-3.2257523865865347,,26.06385010050115,24.809654,59.471553,13.676399289369074,48.7815063639122,169.21747552746342,4.214372760093016,0.00344734555267774,1.6259283637987554
2026-09-16T17:39:05+03:00,17.58,289.91,-27.536788149522174,18.5652,215.99935918636905,197.84805623662456,-0.09579854334587365,6.492959999999999,6.59016,-3.0939720937064457,,25.198683829853607,24.809576,59.471507,13.15487089579545,40.72733257339712,175.27202661297193,4.920515534467578,0.0036492136365058195,1.6295775774352612
2026-09-16T17:39:07+03:00,17.73,289.92,-31.644895540610175,19.926,213.99973648136248,198.64446757185644,-0.5740464149415718,6.55128,6.454079999999999,-2.65852416940702,,23.015714630405167,24.809513,59.471455,14.75472024972744,45.11585840268617,168.8838780786763,4.6230777136016235,0.0036700787514208407,1.633247656186682
2026-09-16T17:39:09+03:00,17.58,289.92,-30.51616868420245,21.36456,213.99973648136248,195.37860813961075,-0.8288407464362488,6.68736,6.84288,-2.6986312150661775,,22.29951738649164,24.809449,59.471409,15.968716677130281,42.793753037080506,171.20598344428197,4.90721111402754,0.00338577574587032,1.6366334319325524
2026-09-16T17:39:11+03:00,17.7,289.91,-18.34654511562377,20.975759999999998,215.99935918636905,193.9061066061245,-1.636310167114118,6.59016,6.68736,-2.8762481315567325,,23.27927521616535,24.80938,59.471359,14.866011312846608,26.36753848524083,189.63182070112822,5.904543011029795,0.003670259552722656,1.640303691485275
2026-09-16T17:39:13+03:00,17.88,289.92,-27.210202206297605,20.0232,212.99706033988352,193.7399488455366,1.86646731341817,6.1236,6.24024,-2.65852416940702,,21.801044104727822,24.809316,59.471307,14.84375490648353,38.08334874639223,174.91371159349129,4.819973196059212,0.0036861778396813528,1.6439898693249564
2026-09-16T17:39:15+03:00,17.73,289.92,-26.654433145020707,20.314799999999998,209.99476149339802,198.5699830584894,3.033754229438196,6.201359999999999,6.2208000000000006,-2.3835044277442243,,20.05925240753012,24.809259,59.471259,15.032140216148136,37.319583832510745,172.67517766088727,4.931732660169881,0.0033694390468139183,1.6473593083717704
2026-09-16T17:39:17+03:00,17.73,289.93,-24.26519913932517,19.342799999999997,215.99935918636905,204.63760610892484,4.50734438273516,5.7348,6.804,-2.6757129032609446,,20.941607412031587,24.809188,59.47121,14.310059478011848,33.7446437873634,182.25471539900565,4.76860975824276,0.0036570749333013925,1.6510163833050717
2026-09-16T17:39:19+03:00,17.88,289.93,-30.556275729861614,18.44856,226.99441927492956,211.58185458591043,1.2274474845087626,6.35688,6.14304,-3.20856365273261,,24.585618989063626,24.809107,59.471163,13.37089021806427,44.54314894809869,182.45127032683087,4.530690759542172,0.003754672960281452,1.6547710562653533
2026-09-16T17:39:21+03:00,18.03,289.93,-27.599813506986564,18.97344,228.9997715578874,211.51309965049472,1.2560953742653038,6.201359999999999,8.32032,-3.7127665124477343,,28.063472805507722,24.809019,59.471121,13.780584312958949,39.633408239224536,189.36636331866288,4.775924321788295,0.0036868279316979425,1.6584578841970512
2026-09-16T17:39:23+03:00,17.92,289.93,-44.416124794076225,19.12896,229.99671812141503,209.94319529183625,0.829642887349432,6.6095999999999995,7.29,-3.0939720937064457,,25.433596525857244,24.808927,59.471081,15.132261501292204,62.21597511286568,167.78074300854934,3.0809988437665874,0.0034737431201930166,1.6619316273172442
2026-09-16T17:39:26+03:00,18.18,289.93,-26.241903532526514,22.14216,227.99709541640848,197.26363928559113,-1.0534974979070446,6.1236,6.53184,-4.400315866604722,,33.13987887036682,24.808655,59.470972,16.868411682720385,35.4786583756069,192.5184370408016,4.9866419842064005,0.0036204783093433646,1.6655521056265876
2026-09-16T17:39:28+03:00,18.18,289.94,-18.74761557221534,21.5784,224.99479656992298,192.09555997351112,-1.9600886171425462,6.454079999999999,7.15392,-4.669606030316209,,34.824374788051436,24.808577,59.470931,15.60523231279149,26.38632526249333,198.60847130742965,5.781680104483153,0.0034271455385113687,1.668979251165099
2026-09-16T17:39:30+03:00,18.18,289.94,-33.38668723780788,22.72536,217.99898189137562,192.55965578756707,1.9693705334236655,6.55128,6.55128,-2.521014298575622,,21.720830013409508,24.808511,59.470876,17.62777781308221,45.18758906466363,172.811392826712,4.617262839079992,0.0038717115137546997,1.6728509626788537
2026-09-16T17:39:32+03:00,18.03,289.94,-23.36565540096978,23.96952,206.9981922248638,200.0940507935374,2.176437480583945,6.25968,6.940079999999999,-1.730332541295086,,15.893849236929034,24.808454,59.470822,18.391505839136908,31.123399208627006,175.8747930162368,5.358637025728258,0.003682976390685029,1.6765339390695386
2026-09-16T17:39:34+03:00,18.18,289.95,-28.384765686315795,21.52008,217.99898189137562,205.1074315009321,2.0688360066583766,6.35688,6.337439999999999,-2.2288058230589023,,19.778503087916018,24.80839,59.470776,16.2116109318947,39.12808906963909,178.87089282173653,4.931267828242462,0.0033857968740996698,1.6799197359436382
2026-09-16T17:39:36+03:00,18.11,289.95,-23.147931438820066,21.69504,223.99785000639537,203.23958908880562,-0.7533249090380063,6.14304,6.29856,-2.81895235204365,,23.995472460078876,24.808318,59.470732,16.227249100791656,31.706229871609423,192.29162013478594,5.226215661303357,0.003439132456452339,1.6833588684000906
2026-09-16T17:39:38+03:00,18.07,289.95,-26.906534574878265,21.90888,225.9974727114019,204.9813807860033,0.7363080625226209,5.96808,5.890319999999999,-2.870518553605424,,24.459568274134842,24.808251,59.470697,16.805308699539996,36.154617772610095,189.84285493879182,4.818794060165008,0.002934433937818163,1.6862933023379088
2026-09-16T17:39:40+03:00,18.15,289.95,-23.468787804093328,21.772799999999997,220.99555115990984,203.78962857213122,-0.8074694206778692,6.88176,6.82344,-2.423611473403382,,21.228086309597,24.808173,59.470652,15.701358427921333,33.52120390141559,187.47434725849425,5.737196035852648,0.0036039242589698713,1.6898972265968786
2026-09-16T17:39:42+03:00,18.18,289.95,-38.337042587738196,21.65616,221.99822730138877,205.45120617801058,1.2063626376479484,6.35688,7.73712,-1.942326925493491,,17.194463431876002,24.808097,59.470601,17.129977307823196,51.645080437463065,170.3531468639257,3.9446409535797504,0.0038447615163106803,1.6937419881131892
2026-09-16T17:39:44+03:00,18.18,289.96,-25.628838691736533,20.003759999999996,223.99785000639537,208.4535050244961,0.29203658817818057,5.90976,6.74568,-1.793357898759477,,15.555804137801852,24.80802,59.470556,14.896391990183375,35.50963742300155,188.48821258339382,4.810650010057777,0.0035838242195668974,1.6973258123327561
2026-09-16T17:39:46+03:00,18.03,289.95,-28.39622484221841,21.90888,229.99671812141503,205.0673244552729,-3.0020123675879478,6.55128,6.24024,-3.0997016716577535,,25.376300746344164,24.807929,59.470515,16.443699508593937,39.31800917626629,190.67870894514874,5.068339384332386,0.0037139912618094025,1.7010398035945655
2026-09-16T17:39:48+03:00,18.33,289.96,-27.765971267574503,20.08152,222.99517386491638,200.07686205968346,-2.7787307148254663,6.08472,6.1236,-3.632552421129419,,29.977151841244673,24.807842,59.47047,14.968264970099597,38.68236040238912,184.31281346252726,4.74987154827014,0.003791147768115345,1.704830951362681
2026-09-16T17:39:50+03:00,18.3,289.96,-27.250309251956764,21.55896,222.99517386491638,192.88051215284034,-0.7485120635589074,6.006959999999999,6.57072,-1.5126085791453732,,21.560401830772882,24.807765,59.47043,16.450250764922828,36.875289527564945,186.11988433735144,4.805228803814454,0.0033627874766026036,1.7081937388392836
2026-09-16T17:39:52+03:00,18.18,289.97,-31.736568787831114,20.314799999999998,212.99706033988352,196.46722795035924,0.6915600587229037,6.0652800000000004,6.1236,-1.1172677005051053,,16.157409822689214,24.807702,59.470384,15.488580116647814,43.62377448709046,169.37328585279306,4.3905691324666725,0.0033682793785563543,1.71156201821784
2026-09-16T17:39:54+03:00,18.11,289.97,-29.049396728667546,19.36224,210.99743763487695,200.0997803714887,5.287426420805776,5.773680000000001,6.1624799999999995,-0.5156620156177408,,8.439668322277026,24.807651,59.470334,14.586821386686092,40.13020242772251,170.86723520715444,4.414450396495033,0.0033848609544960017,1.714946879172336
2026-09-16T17:39:56+03:00,18.18,289.97,-29.673920725360144,18.00144,217.99898189137562,208.27588810800555,1.7837895035807922,5.890319999999999,6.27912,-0.5614986392282068,,13.79682370675022,24.80759,59.470282,13.209486635440406,42.427394409499925,175.5715874818757,4.34783873020254,0.0036384778735091714,1.7185853570458451
2026-09-16T17:39:58+03:00,18.03,289.97,-30.980264498258418,17.8848,228.9997715578874,205.27358926152002,-1.8559248899877623,6.78456,6.901199999999999,-1.0026761414789407,,17.47521275149011,24.807497,59.470234,12.563242797821008,47.11981866990993,181.87995288797748,4.616672180749304,0.0040481860561330405,1.7226335431019781
2026-09-16T17:40:00+03:00,18.18,289.97,-39.40847366463282,17.92368,224.99479656992298,206.46534147539214,4.49433824078569,6.68736,6.006959999999999,-0.6016056848873644,,15.446942156726994,24.807416,59.470191,13.444651548130768,57.81585886309567,167.1789377068273,3.561969061796224,0.0035773263972324774,1.7262108694992107
2026-09-16T17:40:02+03:00,18.03,289.98,-41.11015831617138,18.954,224.99479656992298,208.5738261614736,-4.103867503404034,6.18192,5.90976,-0.9912169855763242,,18.856041037755393,24.807342,59.470151,14.862850956990611,56.98150892584087,168.0132876440821,3.3685879927627997,0.0032994074487601253,1.7295102769479709
2026-09-16T17:40:04+03:00,18.18,289.97,-32.4928730774038,18.02088,225.9974727114019,200.6670085886682,-0.743298147623217,6.1236,5.90976,-0.911002894258009,,15.710502742487174,24.807261,59.470115,13.270073985393244,46.84576997077377,179.15170274062814,4.1883253838277446,0.0032862346929588976,1.7327965116409298
2026-09-16T17:40:06+03:00,18.03,289.98,-28.780106564956057,18.00144,221.99822730138877,200.57533534144727,-0.5661395973687664,5.851439999999999,6.045839999999999,-0.2864788975654116,,12.289944705556158,24.807187,59.470075,13.177464968469092,41.124486205007116,180.87374109638165,4.407786675310193,0.0032994109290755773,1.7360959225700054
2026-09-16T17:40:08+03:00,18.07,289.97,-22.987503256183437,18.254160000000002,221.99822730138877,200.77587056974306,-1.286805912084316,6.18192,6.10416,-0.7448451336700701,,15.991252062101276,24.807113,59.470034,12.793010966931185,33.86527985894523,188.13294744244354,5.133157985976617,0.0033434671622009646,1.7394393897322065
2026-09-16T17:40:10+03:00,18.18,289.98,-30.07499118195172,20.606399999999997,217.99898189137562,199.63568455743274,-0.0602751600477626,5.65704,6.18192,-0.9396507840145503,,19.05657626605118,24.80704,59.469989,15.964688454028064,40.30353417904712,177.6954477123285,4.31421954649754,0.0035049370481037927,1.7429443267803102
2026-09-16T17:40:12+03:00,17.88,289.98,-32.12618008852006,19.167839999999998,215.99935918636905,199.7502761164589,2.655201014195261,5.94864,6.201359999999999,0.045836623610465865,,13.367105360402105,24.806966,59.469946,14.479839314081318,44.74532653761983,171.25403264874922,4.22497871697369,0.0034330412846363284,1.7463773680649466
2026-09-16T17:40:14+03:00,17.92,289.98,-22.362979259490842,19.03176,213.99973648136248,203.24531866675693,-0.6818770719851928,5.9292,6.7068,-1.105808544602489,,20.49470033182955,24.806898,59.4699,13.73500905590136,31.81632937641814,182.18340710494434,5.038293084795675,0.0034577581110173837,1.749835126175964
2026-09-16T17:40:16+03:00,18.0,289.96,-26.528382430091927,19.22616,223.99785000639537,201.1253748247729,-1.698075017429221,6.18192,6.006959999999999,-0.6875493541569879,,13.006141949469686,24.806825,59.469859,13.97067749968781,37.92709579199931,186.07075421439606,4.876258279598876,0.003322916189593989,1.753158042365558
2026-09-16T17:40:18+03:00,17.85,289.98,-25.840833075934935,21.092399999999998,218.99592845490324,204.33393847750548,3.7412998106452493,6.92064,6.47352,-0.20626480624709637,,-1.0714310768946396,24.806755,59.469813,15.166770273319077,37.31288425864409,181.68304419625915,5.504242373885005,0.0034947731017127047,1.7566528154672707
2026-09-16T17:40:20+03:00,17.73,289.98,-8.480211883470993,20.72304,220.99555115990984,211.54174754025124,3.750123360690264,6.0264,6.37632,0.0,,6.41712730546522,24.806698,59.469761,14.789253077729093,11.925244547480617,209.07030661242922,5.896338454952609,0.003577507894723475,1.7602303233619943
2026-09-16T17:40:21+03:00,17.88,289.99,-24.901182291920385,16.893359999999998,231.99634082642166,212.0803278676742,-2.453691757647751,6.337439999999999,6.2208000000000006,-0.6875493541569879,,11.470615058519082,24.806621,59.469724,11.460068275784932,38.36574861737742,193.63059220904424,4.968962606051626,0.003236353273689026,1.7634666766356832
2026-09-16T17:40:24+03:00,17.73,289.99,-24.17352589210424,18.876240000000003,232.9990169679006,209.47909947778027,1.7232278646354637,5.65704,5.6181600000000005,-0.320856365273261,,12.06076158750383,24.806529,59.469691,13.909532214207399,33.76053904396338,199.2384779239372,4.703078670909208,0.003438876246039641,1.7669055528817228
2026-09-16T17:40:26+03:00,17.73,289.99,-25.66321615944438,18.798479999999998,229.99671812141503,212.41264338885009,-0.5231104669544415,5.7348,5.890319999999999,-1.2433184154338865,,22.396920211663883,24.806452,59.469659,13.853831026411207,35.99068454913919,194.00603357227584,4.640098645527902,0.0030376868068027764,1.7699432396885255
2026-09-16T17:40:28+03:00,17.73,289.99,-20.449300223753887,22.355999999999998,234.99863967290713,205.4569357559619,-4.310647971666748,5.754239999999999,5.38488,-1.2547775713365028,,20.666587670368795,24.806365,59.469631,17.083091214163222,27.207760926568426,207.7908787463387,5.117558947587222,0.0031447575197907683,1.7730879972083162
2026-09-16T17:40:30+03:00,17.88,289.99,-28.596760070514197,23.094720000000002,220.99555115990984,203.04478343846114,0.5733588655874148,5.38488,5.9292,-1.0542423430407146,,18.288812820575878,24.806287,59.469597,18.546706853568637,36.584993482405,184.41055767750484,4.323916515694787,0.0031383089974049753,1.7762263062057213
2026-09-16T17:40:32+03:00,17.73,289.99,-25.955424634961098,21.24792,221.99822730138877,203.1708341533899,-0.19337325585665285,5.69592,5.7153599999999996,-1.4896902673401402,,22.081793424341928,24.806218,59.469557,16.31807015316478,34.74302393390144,187.25520336748733,4.68043048971596,0.0031968165588117247,1.779423122764533
2026-09-16T17:40:34+03:00,17.73,289.99,-23.377114556872396,20.10096,222.99517386491638,200.0367550140243,-1.79639457507367,5.754239999999999,5.832,-1.2891550390443522,,21.554672252821568,24.806148,59.469519,14.993920126651348,32.135809236547885,190.8593646283685,4.872630804531075,0.003128198453568711,1.7825513212181017
2026-09-16T17:40:36+03:00,17.73,289.98,-33.432523861418346,19.90656,215.99935918636905,198.73614081907732,0.20563455267245248,5.9292,5.79312,-0.5213915935690492,,16.32929716122846,24.806087,59.469477,15.310982775327908,45.75173285907164,170.2476263272974,4.13721074297593,0.003137280070605395,1.785688601288707
2026-09-16T17:40:38+03:00,17.7,289.99,-24.82669777855338,18.895680000000002,214.99668304489012,201.66968473014714,0.3832514691630076,5.96808,5.9292,-0.8021409131831525,,14.896902673401405,24.806022,59.469428,13.710105217109392,35.35806431797312,179.638618726917,4.867276968277298,0.00355160337669136,1.7892402046653983
2026-09-16T17:40:40+03:00,17.58,289.99,-22.380167993344763,19.51776,217.99898189137562,203.11353837387685,3.1756185795125877,6.1236,5.98752,-0.8823550045014679,,17.131438074411616,24.805952,59.469386,14.050208694924683,31.932307467160342,186.06667442421528,5.196937542266367,0.003307839326142874,1.7925480439915413
2026-09-16T17:40:42+03:00,17.58,290.0,-21.8473172438731,20.2176,222.99517386491638,207.12997251774388,0.6162161086632004,5.851439999999999,5.81256,-1.3120733508495852,,20.030604517773583,24.805876,59.469343,14.945893828432384,30.22476941036382,192.77040445455256,5.055979223809278,0.0034735665121274485,1.7960216105036688
2026-09-16T17:40:44+03:00,17.58,289.99,-29.249931956963337,19.964879999999997,226.99441927492956,206.2934541368529,0.16180328134494448,5.832,5.57928,-2.0569184845196555,,23.93244710261449,24.805801,59.469303,15.146948958157719,40.09374971157723,186.90066956335232,4.461431376269824,0.0033204319841370644,1.799342042487806
2026-09-16T17:40:46+03:00,17.58,290.0,-24.15633715825032,22.66704,226.99441927492956,205.67465971811163,-2.885014385822234,5.81256,7.32888,-2.761656572530568,,30.81367022213567,24.805725,59.469265,17.525644631584584,31.956859808020738,195.03755946690882,4.931648235748269,0.0032561403922779317,1.8025981828800839
2026-09-16T17:40:48+03:00,17.58,290.0,-20.5237847371209,23.814,226.99441927492956,200.15134657305046,-1.0623210479520593,6.14304,6.492959999999999,-2.016811438860498,,25.760182469081812,24.805649,59.469225,18.18883948295539,27.324088047961197,199.67033122696836,5.457626200058813,0.003341568635465302,1.805939751515549
2026-09-16T17:40:50+03:00,17.58,290.0,-26.95810077644004,24.43608,211.9943841984046,201.2113184940425,1.8197712531150074,6.045839999999999,6.08472,-1.5870930925123803,,23.055821676064326,24.805589,59.46918,19.243377040849285,35.146524024897445,176.84786017350714,4.943577837731684,0.003266916945116951,1.809206668460666
2026-09-16T17:40:52+03:00,17.43,290.0,-23.950072352003218,23.07528,216.9963057498967,204.43707088062902,-0.9736844770453209,5.94864,6.08472,-2.566850922186088,,32.0111520139591,24.805515,59.469136,17.803348577342803,31.74553057879254,185.25077517110415,5.0586834235121705,0.00347855467924894,1.8126852231399149
2026-09-16T17:40:54+03:00,17.43,290.0,-27.74305295576927,25.19424,226.99441927492956,199.8877859872903,-2.5956134035016554,6.27912,5.6376,-2.0511889065683473,,26.103957146160305,24.805443,59.469097,19.853293855245287,36.20941554658049,190.78500372834907,5.066391143133418,0.0032138343765251423,1.81589905751644
2026-09-16T17:40:56+03:00,17.43,289.99,-24.50584141328012,22.97808,218.99592845490324,197.28655759739635,-1.3074896884885385,5.773680000000001,5.87088,-1.4266649098757496,,20.83274543095673,24.805365,59.469057,17.885556449390844,32.200747566339516,186.79518088856372,4.88560841632651,0.0033842736199763616,1.8192833311364163
2026-09-16T17:40:58+03:00,17.43,290.0,-28.48216851148803,22.82256,210.99743763487695,199.5153634204553,2.547943314946771,5.6181600000000005,6.0652800000000004,-0.8307888029396938,,17.463753595587495,24.805303,59.469017,18.083960865008823,37.00215231047591,173.99528532440104,4.486735063523101,0.003060193182510282,1.8223435243189265
2026-09-16T17:41:00+03:00,17.43,290.0,-23.841210370928362,24.5916,216.9963057498967,200.54095787373944,0.7455326830242271,6.35688,6.35688,-0.9396507840145503,,17.360621192463945,24.805236,59.468969,18.95214604992954,31.633186492896925,185.36311925699977,5.412395693534214,0.0035369038188841156,1.8258804281378107
2026-09-16T17:41:02+03:00,17.4,290.01,-24.053204755126767,24.163919999999997,215.99935918636905,202.82132989836012,2.3020871250561346,6.27912,6.37632,-1.850653678272559,,23.817855543588323,24.805159,59.468923,18.60687992561346,31.958985906809602,184.04037327955945,5.327376272066378,0.0036294775775284165,1.8295099057153392
2026-09-16T17:41:04+03:00,17.43,290.0,-21.245711558985736,23.98896,221.99822730138877,204.50009623809342,0.01082890232797256,5.87088,5.851439999999999,-2.790304462287109,,23.285004794116656,24.805097,59.468882,18.638902959087652,27.79966228125869,194.19856502013008,5.193284894874243,0.0031076452156104436,1.8326175509309497
2026-09-16T17:41:06+03:00,17.43,290.01,-22.87291169715727,24.70824,223.99785000639537,205.38818082054624,0.09837685342396235,6.27912,5.754239999999999,-3.168456607073453,,25.508081039224248,24.805027,59.46884,19.079595127892116,30.22220179294581,193.77564821344956,5.425660877264872,0.003307861642917387,1.835925412573867
2026-09-16T17:41:08+03:00,17.43,290.0,-18.358004271526386,23.6196,221.99822730138877,203.4401243171014,-2.610395714616031,5.57928,6.5124,-3.8216284935225904,,30.338115252177086,24.804957,59.468798,18.40832721990717,23.835658598398823,198.16256870298994,5.103413948531824,0.0033078633594606876,1.8392332759333279
2026-09-16T17:41:10+03:00,17.43,290.0,-21.217063669229194,22.9392,225.9974727114019,200.3060451777358,0.354947354083545,6.1624799999999995,6.045839999999999,-3.1741861850247606,,27.31862767183765,24.804881,59.468756,17.33846962846416,28.607388870754477,197.39008384064743,5.4101720582200015,0.003429103655795949,1.8426623795891237
2026-09-16T17:41:12+03:00,17.43,290.0,-26.505464118286692,23.30856,217.99898189137562,199.76746485031285,0.3620520307431672,6.10416,6.2208000000000006,-2.870518553605424,,24.482486585940077,24.804805,59.468712,18.052722643838365,35.184640338108295,182.81434155326733,4.9889262873632365,0.0035185495377592613,1.846180929126883
2026-09-16T17:41:14+03:00,17.43,290.01,-23.35992582301847,22.56984,214.99668304489012,200.81024803745095,-0.25548188084883405,6.59016,6.29856,-2.8476002418001913,,23.835044277442243,24.804742,59.468666,16.72524360094207,32.34824695184216,182.64843609304796,5.567443432592413,0.003368335235876097,1.8495492643627591
2026-09-16T17:41:16+03:00,17.58,290.01,-25.926776745204563,22.9392,215.99935918636905,200.97067622008757,-1.1860799317003172,6.1236,6.2208000000000006,-2.778845306384493,,23.869421745150095,24.804673,59.468616,17.636329440971224,34.658617725384175,181.34074146098487,5.036997752967454,0.0036703577268735795,1.8532196220896326
2026-09-16T17:41:18+03:00,17.43,290.01,-28.241526237533083,24.33888,218.99592845490324,200.0367550140243,0.3143246464087696,6.25968,5.96808,-2.389234005695533,,21.371325758379708,24.8046,59.468568,19.055959574716326,37.18370727255078,181.81222118235246,4.987098390231724,0.003645958136727927,1.8568655802263605
2026-09-16T17:41:20+03:00,17.43,290.02,-21.80148062026263,22.58928,216.9963057498967,201.82438333483248,0.7196922864638271,5.5404,5.69592,-2.4064227395494577,,21.560401830772882,24.804541,59.468524,17.566081823173995,28.528449466741364,188.46785628315533,4.8676850609436615,0.0032000575687289624,1.8600656377950895
2026-09-16T17:41:21+03:00,17.43,290.01,-36.01083393950705,20.8008,216.9963057498967,203.31407360217264,1.843205226935858,5.890319999999999,5.69592,-2.2345354010102105,,20.38583835075469,24.804471,59.468479,16.40577382761946,48.19724726221801,168.79905848767868,3.926300502744703,0.0034474661079146496,1.8635131039030042
2026-09-16T17:41:23+03:00,17.58,290.02,-23.612027252876032,22.33656,221.99822730138877,205.09024276707817,-0.24213196422228586,6.1236,6.25968,-2.807493196141034,,24.092875285251115,24.804395,59.46844,16.904523228347262,31.95478514370828,190.0434421576805,5.195666500706213,0.003298622326876433,1.8668117262298807
2026-09-16T17:41:25+03:00,17.58,290.01,-26.184607753013434,20.956319999999998,225.9974727114019,203.27969613446476,-0.12925927858151373,6.201359999999999,5.6376,-3.1569974511708363,,26.241467016991702,24.804306,59.468403,15.63272700521771,36.265926044415494,189.73154666698642,5.00003385272958,0.00351166489514461,1.8703233911250252
2026-09-16T17:41:27+03:00,17.62,290.01,-27.101340225222746,22.08384,223.99785000639537,200.2258310864175,-2.9510191238213053,6.045839999999999,7.348319999999999,-3.552338329811104,,29.75369830114365,24.80422,59.468364,16.927399210530762,36.46563963638235,187.53221037001302,4.862145736626755,0.003520149596588545,1.8738435407216139
2026-09-16T17:41:29+03:00,17.73,290.02,-28.075368476945144,23.98896,218.99592845490324,196.0317800260599,-0.5038017892585329,5.94864,6.59016,-3.237211542489151,,27.16965864510364,24.804149,59.468329,18.94826557223489,36.57198089557173,182.4239475593315,4.777406014969207,0.003020957773215467,1.8768644984948293
2026-09-16T17:41:31+03:00,17.58,290.02,-27.135717692930598,22.62816,213.99973648136248,195.81978564186147,1.4876849150571823,6.1236,5.87088,-3.0997016716577535,,25.04398522516828,24.804082,59.468283,17.404159001924786,36.370319536016325,177.62941694534615,4.9307294148007745,0.0034395677852232763,1.8803040662800525
2026-09-16T17:41:33+03:00,17.73,290.02,-28.16704172416608,20.003759999999996,210.99743763487695,198.60436052619724,-0.5104480996820504,6.2208000000000006,5.7348,-3.179915762976069,,26.42481351143357,24.804029,59.468234,14.813622889916987,39.6004566090015,171.39698102587545,4.79317717982367,0.0033606322403224465,1.8836646985203749
2026-09-16T17:41:35+03:00,17.73,290.02,-26.04709788218203,21.617279999999997,216.9963057498967,197.42406746822775,0.22414108945517802,6.1236,5.96808,-2.8762481315567325,,24.797613373262028,24.803967,59.468188,16.338420834260493,35.5197766730403,181.4765290768564,4.9840900761806735,0.003351004822622595,1.8870157033429975
2026-09-16T17:41:37+03:00,17.62,290.02,-28.25871497138701,21.52008,213.99973648136248,198.52987601283021,0.547747652145067,6.0264,6.14304,-2.457988941111232,,21.783855370873898,24.803894,59.468136,16.461076073092997,38.24028446043522,175.75945202092726,4.733266527361518,0.0038390509530288924,1.8908547542960263
2026-09-16T17:41:39+03:00,17.73,290.02,-23.961531507905836,21.228479999999998,214.99668304489012,200.17999446280703,0.4847222946806765,6.2208000000000006,6.318,-2.131402997886662,,20.01914536187096,24.803825,59.468085,15.747775640553888,33.1933708535897,181.80331219130042,5.2057375145398845,0.0037197542823709786,1.8945745085783974
2026-09-16T17:41:41+03:00,17.73,290.02,-24.540218880987968,20.91744,221.99822730138877,198.59863094824595,-1.6173452640952877,5.96808,5.79312,-2.1715100435458203,,19.875905913088257,24.803749,59.468041,15.685548149150485,33.632590798438656,188.3656365029501,4.969061171646858,0.0035185799309611645,1.8980930885093585
2026-09-16T17:41:43+03:00,17.73,290.02,-24.643351284111517,22.78368,214.99668304489012,199.57265919996834,0.9052733163067008,6.1236,5.851439999999999,-2.016811438860498,,18.718531166923995,24.803682,59.468001,17.406109403893016,33.07866284803012,181.91802019686,5.131099335792876,0.003156963947359408,1.901250052456718
2026-09-16T17:41:45+03:00,17.73,290.02,-24.849616090358612,23.63904,218.99592845490324,199.1314816977176,-1.0441582858464122,5.65704,5.7348,-2.182969199448437,,19.457646722642757,24.803612,59.467959,18.657835988179535,32.16990349195069,186.82602496295254,4.788531395371844,0.003307897652068738,1.9045579501087868
2026-09-16T17:41:47+03:00,17.73,290.02,-26.717458502485098,22.68648,216.9963057498967,198.19183091370303,-0.901892865315429,5.754239999999999,6.454079999999999,-2.7845748843358007,,23.26781606026273,24.803545,59.46792,17.736286020368443,35.10467530532864,181.89163044456805,4.7075598246642985,0.0031114336704193843,1.9076693837792063
2026-09-16T17:41:49+03:00,17.73,290.02,-21.182686201521346,19.88712,214.99668304489012,197.89962243818636,0.3305393520109719,6.454079999999999,6.78456,-3.168456607073453,,26.430543089384873,24.80348,59.467874,14.063833667910382,30.727851008894675,184.26883203599544,5.547952979755933,0.0034036101438930386,1.9110729939230993
2026-09-16T17:41:51+03:00,17.73,290.02,-13.797260222285031,21.6756,214.99668304489012,196.8281913612917,-0.9080235137233287,6.804,7.503839999999999,-3.466394660541481,,29.008853167473582,24.803412,59.467824,15.155045379540862,19.943758421286333,195.0529246236038,6.395949799192564,0.003652942432291983,1.9147259363553912
2026-09-16T17:41:53+03:00,17.73,290.02,-20.455029801705194,20.87856,210.99743763487695,195.06921093024008,-0.04715442653926675,6.84288,6.82344,-3.122619983462987,,25.909151495815827,24.803346,59.467767,14.663460617622853,29.84105652735181,181.15638110752514,5.935576472494498,0.003974945932030042,1.9187008822874212
2026-09-16T17:41:55+03:00,17.77,290.02,-23.75526670165874,21.617279999999997,213.99973648136248,196.50160541806716,1.3607747634357052,6.6679200000000005,5.98752,-2.435070629305999,,20.64939893651487,24.80329,59.46771,15.745108237115545,33.57770786043724,180.42202862092523,5.555287440360081,0.0038291792293033257,1.9225300615167245
2026-09-16T17:41:57+03:00,17.58,290.02,-24.202173781860782,23.114160000000002,212.99706033988352,198.80489575449306,-0.7399176966319452,6.55128,6.0652800000000004,-2.320479070279834,,20.763990495541034,24.803221,59.467662,17.347868377799237,33.10836462567377,179.88869571420975,5.48760751082858,0.0035726238250570366,1.9261026853417815
2026-09-16T17:41:59+03:00,17.58,290.03,-23.468787804093328,23.541839999999997,210.99743763487695,196.78808431563257,-1.1111370520972055,6.318,6.14304,-2.068377640422272,,18.810204414144923,24.803154,59.467615,17.923967636180222,31.538537597204794,179.45890003767215,5.384758962996572,0.0034880933329520646,1.9295907786747335
2026-09-16T17:42:01+03:00,17.58,290.02,-20.363356554484266,23.46408,213.99973648136248,194.27279959500825,-1.1417329983571916,6.39576,5.81256,-2.0511889065683473,,18.747179056680537,24.80309,59.467569,17.609229313266066,27.624122350401024,186.37561413096145,5.666697380993881,0.0033859039222245697,1.932976682596958
2026-09-16T17:42:03+03:00,17.58,290.02,-26.465357072627533,23.58072,207.99513878839142,197.71627594374448,4.112003504094892,5.851439999999999,6.10416,-1.32926208470351,,13.149381398252395,24.803033,59.467525,18.52692966334264,34.55681621421681,173.4383225741746,4.819036023212764,0.00316610617355806,1.9361427887705163
2026-09-16T17:42:05+03:00,17.43,290.02,-19.675807200327277,21.40344,217.99898189137562,200.00237754631647,-1.1479782383241175,6.201359999999999,5.65704,-1.5068790011940651,,16.11730277703006,24.802977,59.467482,15.703590485586194,27.31660634139297,190.68237554998265,5.509810766010533,0.003099119493717546,1.9392419082642338
2026-09-16T17:42:07+03:00,17.51,290.04,-24.25373998342256,21.34512,215.99935918636905,200.32323391158974,1.9858144221439202,6.2208000000000006,5.890319999999999,-1.0370536091867901,,10.30751073440351,24.802916,59.467445,15.88034333368993,33.51369382417161,182.48566536219744,5.186616161788403,0.0029010056308391165,1.942142913895073
2026-09-16T17:42:09+03:00,17.58,290.04,-10.651721927016812,20.93688,213.99973648136248,203.68076659105634,1.0093797476819713,5.346,5.57928,-0.8021409131831525,,7.901087994854052,24.80286,59.467406,15.714097024378113,14.25702214704151,199.74271433432097,5.181347123866168,0.0029016394695026127,1.9450445533645755
2026-09-16T17:42:11+03:00,17.43,290.03,-17.475649267024917,23.541839999999997,225.9974727114019,206.58566261236965,1.0743531616498065,5.6181600000000005,5.7153599999999996,-1.3407212406061262,,13.44731945172042,24.802789,59.467369,18.26109203714645,22.776746257455272,203.22072645394664,5.180057852674548,0.00310591623599323,1.9481504696005687
2026-09-16T17:42:13+03:00,17.58,290.03,-19.04555362568337,24.72768,228.9997715578874,205.7262259196734,-1.3081772378426957,5.443199999999999,5.7153599999999996,-2.435070629305999,,21.45726942764933,24.802706,59.467337,19.66283497546118,24.228379814016705,204.7713917438707,4.963746400602697,0.003181741386995493,1.9513322109875642
2026-09-16T17:42:15+03:00,17.58,290.03,-18.63302401318918,25.60248,223.99785000639537,205.67465971811163,2.4205747970891887,5.26824,5.6181600000000005,-3.122619983462987,,26.075309256403767,24.802631,59.467298,20.67899771481906,23.301959003009927,200.69589100338544,4.838524712924149,0.0032772654808997446,1.9546094764684638
2026-09-16T17:42:17+03:00,17.58,290.04,-26.17314859711081,23.96952,226.99441927492956,206.85495277608112,-1.0923440364169144,5.65704,5.404319999999999,-3.3518031015153165,,29.037501057230124,24.802569,59.467262,19.05659087619368,33.69696387930489,193.29745539562467,4.706564065198661,0.002875208167935004,1.957484684636399
2026-09-16T17:42:19+03:00,17.58,290.04,-27.85764451479543,24.805439999999997,225.9974727114019,206.52836683285653,0.814230322660413,5.13216,5.81256,-2.5095551426730056,,23.9439062585171,24.8025,59.467232,20.409421357625014,34.60557188433211,191.3919008270698,4.224184119519412,0.002773299837510277,1.9602579844739092
2026-09-16T17:42:22+03:00,17.58,290.05,-26.396602137211836,21.55896,223.99785000639537,209.88589951232316,2.004435550485672,5.5404,5.87088,-2.0511889065683473,,20.16238481065367,24.802427,59.467194,16.778004585825737,34.83865183815101,189.15919816824436,4.547360964739556,0.0031915967735567916,1.963449581247466
2026-09-16T17:42:24+03:00,17.51,290.04,-23.887046994538824,21.92832,230.99939426289401,210.5505305546749,-0.17652829667980663,6.0264,6.045839999999999,-2.0340001727144226,,19.881635491039564,24.802339,59.467156,16.598473937360826,32.34128945532697,198.65810480756704,5.091563979044583,0.003526791099839291,1.9669763723473053
2026-09-16T17:42:26+03:00,17.58,290.04,-22.964584944378203,23.07528,229.99671812141503,210.48750519721057,1.2682993753015903,6.08472,6.24024,-2.0626480624709633,,19.165438247126037,24.802247,59.46712,17.633339085885304,30.701975929172903,199.29474219224213,5.2318531783319955,0.0035461173264291707,1.9705224896737343
2026-09-16T17:42:28+03:00,17.58,290.04,-24.500111835328813,22.744799999999998,231.99634082642166,213.63304349247875,0.8729584966613223,6.337439999999999,6.35688,-2.417881895452074,,21.165060952132613,24.802159,59.467087,17.180184678970672,33.29936899094088,198.69697183548078,5.296917323177628,0.0033400139493386205,1.973862503623073
2026-09-16T17:42:30+03:00,17.58,290.04,-25.428303463440745,22.1616,233.99596353142817,210.9286826994613,-2.4376489393840877,6.27912,6.045839999999999,-3.3689918353692403,,27.341545983642884,24.802065,59.467053,16.709727529602535,34.71364462862067,199.2823189028075,5.1614896821763505,0.003523642382326689,1.9773861460053996
2026-09-16T17:42:32+03:00,17.62,290.03,-23.01042156798867,22.97808,230.99939426289401,206.82057530837326,-1.1388109136020244,6.53184,6.78456,-3.237211542489151,,27.421760074961202,24.801973,59.467027,17.157006299796777,31.568907868139206,199.4304863947548,5.565200542352065,0.003214805215543052,1.9806009512209426
2026-09-16T17:42:34+03:00,17.7,290.04,-30.91150956284272,22.880879999999998,226.99441927492956,208.41339797883694,0.99597253527591,6.14304,6.24024,-2.3720452718416083,,21.25673419935354,24.801893,59.466989,17.890907310484103,41.071022046462815,185.92339722846674,4.6312118738482955,0.003344406211799065,1.9839453574327417
2026-09-16T17:42:36+03:00,17.58,290.03,-24.60324423845236,24.28056,229.99671812141503,209.58796145885512,0.7108687364188124,6.29856,6.454079999999999,-2.6757129032609446,,22.477134302982194,24.801812,59.466953,18.73822411784993,32.64782463016246,197.34889349125257,5.303402592988963,0.0032864088788637294,1.9872317663116055
2026-09-16T17:42:38+03:00,17.58,290.04,-23.98444981971107,22.880879999999998,230.99939426289401,208.14983739307675,-1.4388116151325232,6.39576,6.72624,-3.3632622574179325,,27.215495268714104,24.801722,59.466921,17.234572945254264,32.6605333195825,198.33886094331152,5.3844797773946675,0.003354533228273813,1.9905862995398793
2026-09-16T17:42:40+03:00,17.73,290.04,-21.440517209330213,24.5916,233.99596353142817,202.002000251323,-4.871802836217876,6.97896,7.095599999999999,-4.686794764170134,,35.27128186825348,24.801626,59.466883,18.274535811839723,29.464995016278976,204.5309685151492,6.076276055020362,0.0037163172747975725,1.994302616814677
2026-09-16T17:42:42+03:00,17.73,290.04,-26.012720414474185,25.524720000000002,221.99822730138877,196.98288996597702,3.2745683907316807,7.13448,6.76512,-3.9018425848409057,,29.037501057230124,24.801535,59.466837,19.367413988268854,35.310099300006726,186.68812800138204,5.821990528823449,0.003920081451850486,1.9982226982665274
2026-09-16T17:42:44+03:00,17.73,290.03,-23.53181316155772,24.047279999999997,216.9963057498967,203.12499752977945,-0.5019683243141142,6.18192,5.90976,-3.179915762976069,,26.396165621677028,24.801473,59.466788,18.544443471396292,31.180320288899907,185.81598546099679,5.288893062516305,0.003501316495320925,2.0017240147618485
2026-09-16T17:42:46+03:00,17.58,290.05,-28.676974161832515,23.36688,222.99517386491638,204.10475535945318,-0.20855663742761965,6.0264,6.1236,-2.864788975654116,,25.1241993164866,24.801402,59.466747,18.30950619605951,37.764608888611235,185.23056497630515,4.764070777299388,0.0032823961775604597,2.005006410939409
2026-09-16T17:42:48+03:00,17.58,290.04,-31.627706806756255,24.08616,220.99555115990984,204.8324117592693,0.877599454801882,6.24024,6.337439999999999,-2.097025530178813,,19.19408613688258,24.801327,59.466709,19.055837892917296,41.51584794356492,179.47970321634492,4.672519557721612,0.003234571970684565,2.0082409829100936
2026-09-16T17:42:50+03:00,17.58,290.04,-28.092557210799068,22.997519999999998,228.9997715578874,207.30758943423444,-0.41785811998890937,6.27912,7.095599999999999,-2.0053522829578814,,18.856041037755393,24.80125,59.466667,17.70677775084714,37.70530201662939,191.29446954125802,4.967832158216578,0.0034499409080411677,2.0116909238181346
2026-09-16T17:42:52+03:00,17.58,290.05,-28.459250199682803,22.51152,231.99634082642166,203.90994970910867,-0.9210296556727984,6.318,6.492959999999999,-2.3319382261824506,,20.907229944323742,24.801152,59.466626,17.222217224928904,38.52726912918365,193.469071697238,4.942645895829624,0.0038767545999896674,2.0155676784181242
2026-09-16T17:42:54+03:00,17.73,290.05,-30.91150956284272,21.90888,220.99555115990984,204.56312159555782,1.6559626194871055,6.18192,6.29856,-1.948056503444799,,18.346108600088957,24.801078,59.466586,16.905984080230365,41.73866698832114,179.2568841715887,4.61288114039417,0.0032995707044416816,2.018867249122566
2026-09-16T17:42:56+03:00,17.58,290.05,-29.794241862337614,21.617279999999997,223.99785000639537,205.34807377488704,-1.119846010583194,6.43464,6.76512,-1.8678424121264836,,16.632964792647797,24.801,59.466543,16.34888864609408,41.0720336200761,182.92581638631927,4.85097324166775,0.003514793445759582,2.0223820425683257
2026-09-16T17:42:58+03:00,17.58,290.05,-31.541763137486623,22.08384,228.9997715578874,206.25907666914506,-0.8774848632428558,6.454079999999999,6.648479999999999,-2.337667804133759,,19.68110026274378,24.800919,59.466502,16.923494897964346,43.04955614562775,185.95021541225967,4.716406448557402,0.0034916509956994476,2.025873693564025
2026-09-16T17:43:00+03:00,17.66,290.05,-27.94358818406506,22.6476,224.99479656992298,206.05281186289795,1.9665057444480114,6.1624799999999995,6.0264,-1.9938931270552647,,17.870553630130377,24.80083,59.466463,17.444288650891078,37.47227028253269,187.5225262873903,4.890839141935334,0.003589123073931864,2.029462816637957
2026-09-16T17:43:02+03:00,17.73,290.06,-27.015396555953128,20.56752,229.99671812141503,206.32210202660943,-1.3357938035680015,6.1236,5.65704,-2.6986312150661775,,22.56307797225182,24.800752,59.466426,15.365950143438953,37.444490746314244,192.55222737510078,4.861787809572751,0.0032587732691356226,2.0327215899070925
2026-09-16T17:43:04+03:00,17.7,290.06,-26.76902470404687,22.5504,225.9974727114019,204.7636568238536,-0.1576206894404895,5.773680000000001,5.851439999999999,-3.134079139365603,,26.550864226362346,24.800671,59.466389,17.588783036322624,35.27116068306461,190.7263120283373,4.713796013525626,0.003326324066592221,2.0360479139736847
2026-09-16T17:43:06+03:00,17.58,290.06,-34.383633801335506,24.08616,223.99785000639537,203.54325672022497,1.057221723575395,6.95952,6.4152,-1.32926208470351,,21.079117282862985,24.800584,59.466347,18.758984348478144,46.477471972947654,177.5203780334477,4.792601981762925,0.0036649075679504985,2.0397128215416354
2026-09-16T17:43:08+03:00,17.73,290.05,-23.417221602531555,24.37776,219.99860459638222,206.4309640076843,1.2321457384288352,6.27912,6.318,-0.7849521793292279,,19.27430022820089,24.800503,59.466298,18.782334015281307,31.0522688274269,188.94633576895532,5.3793038558786455,0.0038461687615626624,2.043558990303198
2026-09-16T17:43:10+03:00,17.73,290.06,-25.267875280804112,23.405759999999997,224.99479656992298,207.34769647989364,0.5076406064859094,6.35688,6.201359999999999,-2.2689128687180604,,26.73421072080421,24.800422,59.466255,17.864369703692955,34.004413489498745,190.99038308042424,5.269818528611587,0.003577525578300281,2.0471365158814985
2026-09-16T17:43:12+03:00,17.7,290.06,-23.537542739509025,23.814,231.99634082642166,206.12156679831367,-1.840741508416796,6.27912,6.2208000000000006,-2.7043607930174858,,31.203281522824632,24.800334,59.466214,18.230589343906523,31.44347858970727,200.5528622367144,5.3570637930234595,0.003646220454888188,2.050782736336387
2026-09-16T17:43:14+03:00,17.73,290.05,-22.981773678232127,26.12736,226.99441927492956,202.2541016811806,-1.8638317075605682,6.72624,5.832,-2.543932610380855,,31.506949154243973,24.800242,59.466175,20.10722668274232,30.48655014908033,196.50786912584923,5.796325739960888,0.0036590025632444356,2.0544417388996314
2026-09-16T17:43:16+03:00,17.88,290.05,-27.863374092746746,26.01072,219.99860459638222,201.33736920897127,1.1540515909525042,6.940079999999999,5.851439999999999,-1.6214705602202295,,25.175765518048372,24.800155,59.466128,20.13816825964267,37.13207735050145,182.86652724588077,5.532951676268167,0.0038780659017946147,2.058319804801426
2026-09-16T17:43:18+03:00,17.88,290.06,-28.90042770193353,23.4252,221.99822730138877,203.86411308549822,0.14656260399446458,5.96808,6.337439999999999,-1.4954198452914487,,25.238790875512766,24.800085,59.466085,18.427507410040665,37.905494977464315,184.09273232392445,4.708965324087568,0.0033540711366315465,2.0616738759380575
2026-09-16T17:43:20+03:00,17.88,290.05,-26.534112008043234,22.76424,223.99785000639537,203.12499752977945,-1.2107171168909425,6.1236,6.1624799999999995,-1.7990874767107847,,26.917557215246074,24.80001,59.466047,17.500774778136588,35.52706780612388,188.4707822002715,4.983637301602697,0.0032346037372772557,2.064908479675335
2026-09-16T17:43:21+03:00,17.88,290.05,-28.470709355585413,22.744799999999998,224.99479656992298,200.45501420446982,-0.8547384387761622,6.39576,6.55128,-2.3720452718416083,,21.760937059068667,24.799928,59.466004,17.39187138159991,38.56724119149388,186.4275553784291,5.000697943647182,0.003598720015213921,2.068507199690549
2026-09-16T17:43:23+03:00,17.88,290.05,-29.736946082824534,23.15304,219.99860459638222,202.15096927805706,1.5940831776129762,6.0652800000000004,6.804,-1.8334649444186342,,16.959550735872366,24.799847,59.465963,18.13773386374593,39.28468044859176,180.71392414779046,4.694584542105334,0.0034916789429219166,2.0719988786334707
2026-09-16T17:43:25+03:00,17.88,290.06,-24.52303014713404,22.62816,223.99785000639537,203.46304262890663,-1.9911429296386367,6.0652800000000004,6.39576,-1.4266649098757496,,14.661989977397768,24.799761,59.465919,17.294210067641202,32.89308612603807,191.1047638803573,5.092927082373645,0.0037271730850426572,2.0757260517185134
2026-09-16T17:43:27+03:00,17.88,290.06,-18.37519300538031,23.77512,219.99860459638222,199.96227050065733,0.5594932869452488,6.0652800000000004,6.25968,-1.088619810748564,,9.998113525032863,24.799682,59.465873,18.12025066286519,24.432189341516818,195.5664152548654,5.522142854818812,0.003669477234374963,2.0793955289528885
2026-09-16T17:43:29+03:00,17.88,290.06,-17.819423944103413,22.14216,218.99592845490324,203.0104059707533,0.6841116073862029,5.90976,6.201359999999999,-1.380828286265284,,13.275432113181173,24.799618,59.465829,16.61463657709392,24.06841717247252,194.92751128243071,5.395960266332083,0.0032885270494566266,2.082684056002345
2026-09-16T17:43:31+03:00,17.88,290.06,-24.477193523523578,22.21992,223.99785000639537,203.46304262890663,-0.29203658817818057,5.94864,6.18192,-1.4667719555349077,,14.730744912813465,24.799538,59.465787,16.98567832911504,32.820550056679224,191.17729994971614,4.999072023091809,0.0035130637301714835,2.0861971197325166
2026-09-16T17:43:33+03:00,17.88,290.06,-26.31065846794221,20.87856,225.9974727114019,201.3029917412634,-2.0574341465352735,6.0652800000000004,5.754239999999999,-1.7876283208081685,,17.068412716947226,24.799456,59.465748,15.67389175471817,36.18677763705438,189.81069507434754,4.895266786896893,0.003430136726520292,2.089627256459037
2026-09-16T17:43:35+03:00,18.03,290.05,-26.367954247455295,21.90888,218.99592845490324,200.34615222339497,1.0486273566484325,5.851439999999999,5.96808,-1.9996227050065731,,18.071088858426165,24.799384,59.465708,16.867627101253692,35.23091701078056,183.76501144412268,4.77965358689568,0.0032580857670232014,2.09288534222606
2026-09-16T17:43:37+03:00,18.03,290.05,-26.167419019159503,21.88944,220.99555115990984,204.42561172472642,2.768360178733599,5.773680000000001,6.045839999999999,-1.8964903018830246,,18.15703252769579,24.799322,59.465663,16.90040860408617,34.83242977156161,186.16312138834823,4.7391869492255925,0.0033016649973284873,2.096187007223388
2026-09-16T17:43:39+03:00,18.03,290.05,-28.14412341236084,21.092399999999998,223.99785000639537,204.3052905877489,-1.5279638480548796,5.87088,5.67648,-2.039729750665731,,18.489348048871665,24.799252,59.465621,16.15479041574188,38.01446944166469,185.98338056473068,4.625403628369861,0.0033079932147079454,2.099495000438096
2026-09-16T17:43:41+03:00,18.03,290.06,-24.03601602127284,21.92832,226.99441927492956,202.94738061328889,-0.6780955505373293,5.81256,6.08472,-2.555391766283472,,22.305246964442947,24.799174,59.465581,16.78755129468765,32.14336555360816,194.8510537213214,4.921607770435275,0.0033844460428237915,2.1028794464809195
2026-09-16T17:43:43+03:00,18.18,290.06,-25.302252748511965,22.1616,222.99517386491638,203.48023136276058,1.2815919961486253,5.98752,5.79312,-2.807493196141034,,24.70021054808979,24.799099,59.465545,16.94285915051481,33.98937543267735,189.00579843223903,4.964499826179135,0.003150889196013475,2.106030335676933
2026-09-16T17:43:45+03:00,18.26,290.06,-23.972990663808453,22.919759999999997,223.99785000639537,202.84997778811666,-1.4398429391637586,5.7348,5.42376,-2.9163551772158907,,26.144064191819464,24.799023,59.465508,17.832545658466135,31.48099233519153,192.51685767120384,4.890714598381234,0.003214448266783449,2.1092447839437165
2026-09-16T17:43:47+03:00,18.18,290.05,-33.03718298277808,23.094720000000002,223.99785000639537,202.08794392059264,0.5749631474137811,6.08472,5.9292,-2.7158199489201023,,24.213196422228588,24.798939,59.465468,18.297024166464308,43.482789712007076,180.5150602943883,4.414957852762158,0.003515818553092767,2.112760602496809
2026-09-16T17:43:49+03:00,18.18,290.07,-25.50851755475906,20.956319999999998,222.99517386491638,203.49169051866318,0.3759749051648462,6.0264,6.08472,-2.2689128687180604,,21.176520108035223,24.798866,59.465428,15.73289277553241,35.00321663682499,187.9919572280914,4.936343815218806,0.003278784424102247,2.1160393869209115
2026-09-16T17:43:51+03:00,18.33,290.07,-23.801103325269203,23.85288,219.99860459638222,206.60285134622356,1.7586939521540619,6.24024,6.18192,-1.9136790357369495,,17.973686033253923,24.798795,59.465384,18.31730100719272,31.70336543668617,188.29523915969605,5.309072902506845,0.0034199126482179687,2.1194592995691295
2026-09-16T17:43:53+03:00,18.48,290.08,-22.46038208466308,22.95864,226.99441927492956,208.5910148953275,1.5965468961320388,6.25968,6.29856,-2.3147494923285254,,20.271246791728526,24.798713,59.465344,17.33950362773573,30.387925731676802,196.60649354325275,5.3997269734817746,0.0034715140445075875,2.122930813613637
2026-09-16T17:43:55+03:00,18.48,290.06,-32.16628713417923,21.92832,230.99939426289401,208.27015853005423,-1.7918109127126236,6.0652800000000004,5.90976,-2.813222774092342,,24.316328825352137,24.79862,59.465305,17.101629218985472,43.04985331863185,187.94954094426217,4.432264103587425,0.0036825582135065027,2.1266133718271436
2026-09-16T17:43:57+03:00,18.6,290.07,-23.801103325269203,23.19192,225.9974727114019,208.1670261269307,0.9008042455046802,5.79312,5.90976,-2.4293410513546903,,21.778125792922587,24.798543,59.46527,18.04359373790796,31.245784110916446,194.75168860048547,4.9528281773997564,0.0031551825893005392,2.129768554416444
2026-09-16T17:43:59+03:00,18.63,290.08,-19.876342428623065,21.92832,229.99671812141503,208.53371911581445,-2.311369041337254,5.98752,6.0264,-3.7414144022042755,,29.111985570597128,24.798465,59.465232,16.42413195737015,26.99623193283543,203.0004861885796,5.335098140156247,0.003300147613561492,2.133068702030006
2026-09-16T17:44:01+03:00,18.71,290.06,-32.02304768539652,22.258799999999997,231.99634082642166,201.56655232702363,-2.5607775695577013,5.832,6.8623199999999995,-4.142484858795853,,32.62421685474908,24.79838,59.465197,17.58823134644989,42.14981064867766,189.846530177744,4.32380233543088,0.0033412338249453983,2.1364099358549513
2026-09-16T17:44:03+03:00,18.93,290.06,-30.636489821179932,23.328,214.99668304489012,200.97640579803885,1.9769908720989058,6.006959999999999,6.92064,-2.7673861504818764,,24.4309203843783,24.798312,59.465159,18.415696414935493,40.204687925187756,174.79199511970236,4.587774942203398,0.003086973912904128,2.1394969097678556
2026-09-16T17:44:05+03:00,18.93,290.06,-28.08682763284776,22.51152,215.99935918636905,205.1017019229808,1.16866201472834,6.492959999999999,6.53184,-1.8105466326134017,,17.452294439684874,24.798249,59.465112,17.059331719836855,38.40969341860924,177.5896657677598,5.087807871732631,0.003417961936234919,2.1429148717040905
2026-09-16T17:44:07+03:00,18.93,290.07,-23.388573712775013,22.80312,224.99479656992298,204.5688511735091,-0.4477665168947384,6.337439999999999,6.59016,-2.0626480624709633,,18.517995938628204,24.798171,59.465066,17.17168744922478,31.813023630981974,193.181772938941,5.3853847117187605,0.003649509928135144,2.1465643816322255
2026-09-16T17:44:10+03:00,18.93,290.06,-26.127311973500348,23.30856,225.9974727114019,204.9584624741981,0.8401853107798393,6.1624799999999995,6.648479999999999,-1.770439586954244,,24.82626126301857,24.798084,59.465027,17.981731655121777,34.80739998521324,191.19007272618867,5.0598612996919154,0.003543184396324469,2.15010756602855
2026-09-16T17:44:12+03:00,19.08,290.06,-27.96077691791898,22.31712,226.99441927492956,203.7724398382773,-1.6495454921816401,6.1624799999999995,6.39576,-2.9793805346802804,,25.27889792117192,24.798005,59.46499,17.119585450467667,37.677466276456045,189.3169529984735,4.877380933998426,0.003281235208073513,2.1533888012366234
2026-09-16T17:44:14+03:00,19.23,290.07,-23.869858260684904,22.43376,225.9974727114019,201.54363401521837,-0.91530007772149,6.318,6.43464,-2.824681929994958,,24.579889411112315,24.797924,59.46495,16.851232190847604,32.59639371483394,193.40107899656797,5.322828483877124,0.003449571115097187,2.1568383723517206
2026-09-16T17:44:16+03:00,19.23,290.07,-25.73770067281139,22.861439999999998,221.99822730138877,201.40612414438698,0.3471551280697658,6.4152,6.39576,-1.3006141949469687,,21.646345500042504,24.797845,59.464912,17.30834465221922,34.999859025169,186.99836827621976,5.255033248089096,0.003322273544241788,2.1601606458959624
2026-09-16T17:44:18+03:00,19.23,290.06,-24.29384702908171,22.80312,220.99555115990984,201.9733523615665,0.13143651820301086,6.47352,6.39576,-1.3980170201192088,,22.213573717222015,24.797764,59.464865,17.111383896125638,33.24809195789754,187.7474592020123,5.413833352934198,0.0037549766133031528,2.1639156225092657
2026-09-16T17:44:20+03:00,19.31,290.06,-25.686134471249616,22.62816,223.99785000639537,202.64371298186956,0.3307112393495112,6.59016,6.6095999999999995,-1.558445202755839,,23.40532593109413,24.797681,59.464822,16.931909922575628,35.398488672084994,188.59936133431037,5.371923290568535,0.003620097489797857,2.1675357199990635
2026-09-16T17:44:21+03:00,19.38,290.06,-27.9034811384059,23.36688,222.99517386491638,202.5463101566973,-0.9003458792685756,6.88176,6.454079999999999,-2.0855663742761967,,24.648644346528016,24.797599,59.464774,17.58267674597354,38.4577114613364,184.53746240357998,5.388881949581355,0.0038203570316772697,2.1713560770307407
2026-09-16T17:44:23+03:00,19.53,290.07,-27.58835435108395,22.20048,221.99822730138877,201.53217485931575,0.5208186357739184,6.43464,6.29856,-1.0542423430407146,,15.670395696828017,24.797516,59.464724,16.76445426381854,37.82744083085706,184.1707864705317,5.082473633064185,0.003931560011594195,2.175287637042335
2026-09-16T17:44:25+03:00,19.38,290.07,-26.408061293114454,22.453200000000002,218.99592845490324,203.2166707770004,0.7475953310866982,5.87088,6.35688,-1.088619810748564,,16.60431690289126,24.797442,59.464678,17.392078435099723,35.04274448814007,183.95318396676316,4.806629828540692,0.00357099682592344,2.1788586338682583
2026-09-16T17:44:27+03:00,19.53,290.08,-27.15863600473583,21.52008,225.9974727114019,204.4084229908725,-0.7340162313420976,6.201359999999999,6.492959999999999,-2.6699833253096363,,31.39235759521781,24.797363,59.464635,16.25086976432061,37.18982810889588,188.80764460250603,4.940234325562666,0.003535652099524302,2.1823942859677827
2026-09-16T17:44:29+03:00,19.68,290.07,-21.016528440933406,22.76424,223.99785000639537,199.8877859872903,-1.989137577355679,6.201359999999999,6.1236,-2.7845748843358007,,30.83658853394091,24.797289,59.464595,17.120484676137572,28.48063831084923,195.51721169554614,5.450860910564062,0.003299661881915225,2.185693947849698
2026-09-16T17:44:31+03:00,19.68,290.08,-29.897374265461167,22.51152,219.99860459638222,197.0287265895875,-0.45240747503529805,6.35688,6.27912,-1.6959550735872368,,23.726182296367394,24.797199,59.464549,17.2933748278256,40.455023000650925,179.5435815957313,4.837048815108677,0.003898625170263905,2.189592573019962
2026-09-16T17:44:33+03:00,19.68,290.08,-30.229689786637042,21.733919999999998,215.99935918636905,197.1605068824676,0.9575843630021448,5.81256,5.96808,-1.180293057969496,,18.168491683598404,24.797124,59.464504,16.966079157099493,40.16216836188394,175.8371908244851,4.442086514277548,0.0035443272961260004,2.193136900316088
2026-09-16T17:44:35+03:00,19.83,290.07,-22.38589757129607,20.5092,216.9963057498967,199.42941975118566,-0.20506159487732165,6.1236,6.29856,-1.1745634800181877,,21.858339884240905,24.797052,59.464456,15.029121168090855,31.312785925652946,185.68351982424375,5.231654028071802,0.003627531939017363,2.1967644322551054
2026-09-16T17:44:37+03:00,19.83,290.08,-26.241903532526514,22.12272,217.99898189137562,199.1715887433768,0.12920198280200065,6.29856,6.5124,-0.9339212060632418,,17.807528272665987,24.796995,59.464412,16.707076130747282,35.83760950423596,182.16137238713966,5.106114557418465,0.0031661943209617036,2.199930626576067
2026-09-16T17:44:39+03:00,19.83,290.08,-25.37673726187897,24.9804,218.99592845490324,201.5608227490723,1.753021669982267,6.24024,6.4152,-0.9052733163067008,,16.20324644629968,24.796929,59.464363,19.526295800547597,33.24885131462608,185.74707714027716,5.218694915146211,0.0035689274828344907,2.2034995540589017
2026-09-16T17:44:41+03:00,19.91,290.07,-30.28698556615012,21.50064,219.99860459638222,202.6093355141617,0.1831746071033242,6.2208000000000006,6.318,-0.8193296470370772,,13.687961725675368,24.796859,59.464321,16.431216429728163,41.294521684358045,178.70408291202418,4.673856469054262,0.0033080463511140135,2.206807600410016
2026-09-16T17:44:43+03:00,19.98,290.08,-26.660162722972014,20.450879999999998,219.99860459638222,204.67198357663267,0.8966789493797385,6.045839999999999,6.53184,-0.38961130068895977,,15.830823879464644,24.796789,59.464278,15.290378873640703,36.87943593044861,183.1191686659336,4.836068046170938,0.0033541439815843446,2.2101617443916
2026-09-16T17:44:45+03:00,19.98,290.07,-31.40425326665523,19.187279999999998,225.9974727114019,206.51690767695393,-0.1950348334625322,6.27912,6.14304,-0.9682986737710912,,19.228463604590427,24.796714,59.464237,14.209788526257642,44.716359071043826,181.2811136403581,4.461933955903596,0.0033644448226759142,2.213526189214276
2026-09-16T17:44:47+03:00,20.13,290.08,-25.388196417781586,20.470319999999997,227.99709541640848,205.64028225040377,-0.9224047543811122,6.318,6.27912,-1.7417916971977028,,22.872475181622463,24.796633,59.464194,15.008960292787075,35.7859906195533,192.21110479685518,5.125204705414415,0.003577629876772199,2.217103819091048
2026-09-16T17:44:49+03:00,20.28,290.06,-26.505464118286692,22.49208,223.99785000639537,204.79230471361015,0.411326401124418,6.35688,6.08472,-2.440800207257307,,21.35986660247709,24.796548,59.464151,17.04116497152473,36.08853330592095,187.90931670047442,5.137044213169584,0.0036631587468701756,2.2207669778379184
2026-09-16T17:44:51+03:00,20.28,290.08,-22.87291169715727,22.08384,224.99479656992298,205.3136963071792,-0.43653654411017423,6.29856,6.25968,-2.6642537473583277,,22.958418850892087,24.796467,59.464106,16.463583009518743,31.424657889437697,193.5701386804853,5.374728133552835,0.003665425493584152,2.2244324033315026
2026-09-16T17:44:53+03:00,20.43,290.08,-28.379036108364478,20.606399999999997,224.99479656992298,204.35112721135943,0.04858682102709381,6.1624799999999995,5.90976,-2.0340001727144226,,18.145573371793173,24.796386,59.464065,15.46443215290276,39.29709993001572,185.69769663990726,4.768972372845288,0.0034917773550652282,2.2279241806865677
2026-09-16T17:44:55+03:00,20.43,290.08,-24.099041378737233,19.57608,221.99822730138877,206.276265402999,0.8466597338648175,6.318,6.43464,-2.2631832907667517,,19.102412889661643,24.796309,59.464024,14.04765549941168,34.68099230190603,187.31723499948274,5.195498962170663,0.0034063299066856654,2.2313305105932533
2026-09-16T17:44:57+03:00,20.58,290.08,-26.522652852140617,20.489759999999997,225.9974727114019,205.78925127713777,0.5522740187266005,6.24024,6.39576,-2.5095551426730056,,21.8526103062896,24.796235,59.463989,15.164483172229852,37.11135985188176,188.88611285952015,4.976368729649371,0.0030875719985408727,2.234418082591794
2026-09-16T17:44:59+03:00,20.58,290.07,-28.459250199682803,22.919759999999997,227.99709541640848,204.901166694685,-0.44805299579230384,6.492959999999999,6.10416,-3.0538650480472875,,25.788830358838354,24.796157,59.463948,17.487337880543464,38.65050487511883,189.34659054128966,5.070808488953319,0.003427487578672999,2.237845570170467
2026-09-16T17:45:01+03:00,20.73,290.08,-29.4332784514052,23.386319999999998,227.99709541640848,201.51498612546183,-2.439654291667045,6.10416,6.1236,-3.1913749188786853,,26.797236078268604,24.796074,59.463905,18.31731278462113,38.858487072029675,189.1386083443788,4.7532967372090695,0.003620145643346152,2.241465715813813
2026-09-16T17:45:03+03:00,20.85,290.07,-26.94091204258612,22.900319999999997,219.99860459638222,199.25180283469507,-0.3629687632153765,6.25968,6.201359999999999,-2.3491269600363753,,21.778125792922587,24.795995,59.463858,17.550639505239378,36.240354500558595,183.75825009582363,5.0487082053114545,0.003715072035798374,2.2451807878496113
2026-09-16T17:45:05+03:00,20.88,290.07,-25.50851755475906,19.809359999999998,215.99935918636905,201.85303122458902,1.6897671293998238,6.201359999999999,6.25968,-2.137132575837971,,19.537860813961075,24.79593,59.463811,14.461231159951412,36.150534981229185,179.84882420513986,5.007411523146446,0.0034527543295156636,2.248633542179127
2026-09-16T17:45:07+03:00,20.88,290.07,-27.427926168447318,19.45944,220.99555115990984,205.72049634172208,1.5263022704490001,6.43464,6.318,-2.177239621497128,,20.23113974606937,24.795852,59.463761,14.063992758888249,39.59430705181879,181.40124410809105,4.958382845219976,0.0038349352342670795,2.252468477413394
2026-09-16T17:45:09+03:00,20.96,290.08,-26.620055677312855,20.606399999999997,226.99441927492956,203.3599102257831,-2.1842297065977245,6.318,6.0652800000000004,-2.3835044277442243,,22.247951184929864,24.795777,59.463724,15.223652009813097,37.33689085440895,189.6575284205206,5.023335279390406,0.0031925557667027505,2.255661033180097
2026-09-16T17:45:11+03:00,21.03,290.08,-32.05742515310436,21.111839999999997,221.99822730138877,200.70138605637604,-0.49199885867883786,6.24024,6.0652800000000004,-2.194428355351053,,20.305624259436375,24.795692,59.463684,16.166067052977937,43.87997884612747,178.1182484552613,4.497923597930149,0.0035382619127535945,2.2591992950928503
2026-09-16T17:45:13+03:00,21.18,290.08,-32.65330126004042,21.85056,217.99898189137562,200.68992690047344,-0.2896874612181442,6.006959999999999,5.851439999999999,-1.8678424121264836,,17.65282966798066,24.795623,59.463642,17.102902950369675,43.57718319530082,174.4217986960748,4.351720727592005,0.0032884208598692906,2.2624877159527195
2026-09-16T17:45:15+03:00,21.18,290.08,-27.18728389449237,21.753359999999997,219.99860459638222,201.89313827024816,1.3504615231233505,6.1236,5.98752,-1.770439586954244,,16.52983238952425,24.795545,59.463596,16.54460084730651,36.92342579263223,183.07517880375,4.895445306535647,0.00364957755109184,2.266137293503811
2026-09-16T17:45:17+03:00,21.3,290.08,-27.66856844240226,20.1204,220.99555115990984,204.82095260336672,1.3869016388936706,5.94864,6.1624799999999995,-2.2975607584746007,,20.09935945318928,24.795473,59.463558,15.106687895776519,38.204494009634374,182.79105715027546,4.6744911957003,0.0031705078470391085,2.26930780135085
2026-09-16T17:45:19+03:00,21.33,290.09,-31.87407865866251,19.86768,227.99709541640848,202.79268200860358,-2.432377727668884,5.851439999999999,5.96808,-3.030946736242055,,24.92939366614212,24.79539,59.463522,15.215612727411392,43.59078584316168,184.4063095732468,4.23809708319837,0.003332813668580614,2.2726406150194305
2026-09-16T17:45:22+03:00,21.45,290.09,-29.610895367895754,19.07064,223.99785000639537,198.506957701025,-0.7669040087826069,6.1236,6.62904,-3.0538650480472875,,25.846126138351433,24.795307,59.463482,14.075823392386527,42.02397535242687,181.9738746539685,4.549006665756114,0.003493707832236546,2.276134322851667
2026-09-16T17:45:24+03:00,21.6,290.09,-26.453897916724916,18.545759999999998,220.99555115990984,197.81940834686802,0.07299482309966687,6.18192,6.29856,-2.910625599264582,,24.9179345102395,24.795239,59.463442,13.299379618001298,38.40461816573361,182.59093299417623,4.844420738734303,0.003177021264538757,2.2793113441162056
2026-09-16T17:45:26+03:00,21.63,290.08,-31.238095506067292,21.44232,218.99592845490324,195.04629261843485,-1.7840759824783572,6.29856,6.25968,-2.9965692685342056,,25.27316834322061,24.795169,59.463395,16.385796487191197,42.736679700949594,176.25924875395364,4.626168233801267,0.0035427641216588734,2.2828541082378644
2026-09-16T17:45:28+03:00,21.48,290.09,-29.27857984671988,21.85056,212.99706033988352,196.6161969770933,3.6792484814325808,6.006959999999999,6.27912,-1.753250853100319,,15.04014212218411,24.795096,59.463345,16.86875385675679,39.307945003933156,173.68911533595036,4.647899558073854,0.0037420158027558245,2.2865961240406203
2026-09-16T17:45:30+03:00,21.63,290.09,-23.28544130965146,19.167839999999998,217.99898189137562,202.21399463552143,1.0304072987632724,6.4152,6.62904,-2.0741072183735803,,18.31746071033242,24.795031,59.463296,13.515238950933123,34.10056007938957,183.89842181198605,5.312137500716045,0.0035518046575614315,2.2901479286981816
2026-09-16T17:45:32+03:00,21.78,290.09,-25.932506323155867,21.44232,223.99785000639537,198.46112107741456,-1.959286476229363,6.25968,6.27912,-2.503825564721698,,21.96720186531576,24.794944,59.463251,16.04812278722348,35.753849738867956,188.2440002675274,5.079947681357678,0.003791545441983349,2.293939474140165
2026-09-16T17:45:34+03:00,21.78,290.09,-24.362601964497415,20.72304,220.99555115990984,196.2093969425504,-0.3865746243747665,6.10416,6.57072,-2.452259363159923,,21.377055336331015,24.794877,59.463213,15.370098818628026,33.79166114307637,187.20389001683347,5.072956318687135,0.0030665924942077983,2.297006066634373
2026-09-16T17:45:36+03:00,21.67,290.09,-19.068471937488606,20.13984,218.99592845490324,195.2812053144385,-1.0806556973962456,6.43464,6.5124,-2.4809072529164644,,21.600508876432034,24.794811,59.463164,14.214580727007492,27.573095260709948,191.4228331941933,5.7038002444664615,0.003568967865762452,2.3005750345001355
2026-09-16T17:45:38+03:00,21.78,290.09,-28.66551500592989,18.468,213.99973648136248,195.8598926875206,1.6257104479041977,6.57072,6.39576,-1.9079494577856415,,17.561156420759733,24.794742,59.463112,13.087830639906585,42.60105867369944,171.39867780766303,4.836605672321951,0.003769616826046781,2.3043446513261823
2026-09-16T17:45:40+03:00,21.93,290.09,-26.9982078220992,20.29536,215.99935918636905,199.21169578903593,0.28412977060537525,6.59016,6.492959999999999,-2.016811438860498,,18.59821002994652,24.79468,59.463061,14.730390058901762,38.716283342813796,177.28307584355525,5.141990022357303,0.0036031368512174948,2.3079477881773998
2026-09-16T17:45:42+03:00,21.93,290.09,-25.37673726187897,22.6476,219.99860459638222,195.93437720088764,-2.244619458204513,6.57072,6.201359999999999,-2.3777748497929165,,21.119224328522144,24.79461,59.463017,16.946498515048685,34.94195596452536,185.05664863185686,5.386233986889423,0.0034007276131962864,2.311348515790596
2026-09-16T17:45:44+03:00,21.93,290.09,-24.580325926647127,21.79224,215.99935918636905,194.0951826785177,0.49113942198614163,6.55128,6.337439999999999,-2.0626480624709633,,18.357567755991578,24.79453,59.462969,16.06742827001839,34.34521697015751,181.65414221621154,5.40908602316153,0.0037806874179440544,2.3151292032085404
2026-09-16T17:45:46+03:00,21.93,290.08,-21.239981981034425,19.984319999999997,213.99973648136248,197.38969000051992,1.6941789044223312,5.832,6.2208000000000006,-0.9511099399171665,,17.681477557737203,24.794469,59.46292,14.70109390805413,29.502937551774608,184.49679892958787,5.075767174278502,0.0034850126620047605,2.318614215870545
2026-09-16T17:45:48+03:00,21.93,290.09,-25.72051193895746,22.82256,220.99555115990984,199.30909861420818,-0.4799094492015775,5.87088,5.9292,-1.380828286265284,,22.29951738649164,24.794411,59.462879,17.717509956547065,33.988557026873934,187.0069941330359,4.867835670528732,0.003034967151178954,2.3216491830217243
2026-09-16T17:45:50+03:00,22.01,290.08,-22.03066373831496,22.9392,218.99592845490324,198.72468166317472,0.3213147315093657,5.98752,6.045839999999999,-1.6558480279280792,,23.62877947119515,24.794344,59.462841,17.53331118967756,29.39020613549414,189.6057223194091,5.216912471251586,0.003066607521217264,2.3247157905429416
2026-09-16T17:45:52+03:00,22.08,290.09,-23.29690046555408,21.4812,219.99860459638222,199.6700620251406,0.9040701049369261,6.0652800000000004,6.14304,-1.942326925493491,,25.049714803119592,24.794273,59.462801,16.09025087361468,31.870725280232108,188.1278793161501,5.1508879534488115,0.0032376804462550595,2.327953470989197
2026-09-16T17:45:54+03:00,22.08,290.08,-25.519976710661677,21.131279999999997,219.99860459638222,199.21742536698724,-0.911862330950705,5.7348,5.67648,-2.3720452718416083,,29.507326449237397,24.794202,59.462765,16.14614919686538,34.3220143832086,185.67659021317363,4.736266451094609,0.003063372687396412,2.3310168436765935
2026-09-16T17:45:56+03:00,22.23,290.09,-27.198743050394988,21.2868,219.99860459638222,196.9599716541718,-0.04555014471290045,6.25968,5.890319999999999,-1.32926208470351,,20.83274543095673,24.79413,59.462721,15.977543002002559,37.51457820088348,182.48402639549874,4.965168303314002,0.0034394656427565655,2.33445630931935
2026-09-16T17:45:58+03:00,22.08,290.08,-22.62081026729971,20.003759999999996,215.99935918636905,198.45539149946325,1.454567954498621,6.24024,5.851439999999999,-1.0599719209920229,,17.807528272665987,24.794064,59.462667,14.444390443298746,32.18587025768235,183.8134889286867,5.281268330444571,0.003820773921348832,2.338277083240699
2026-09-16T17:46:00+03:00,22.08,290.09,-26.877886685121723,21.52008,214.99668304489012,204.37404552316465,3.3252751556007585,6.337439999999999,6.0652800000000004,-0.813600069085769,,16.40951125254678,24.793993,59.462612,16.123855973309407,37.1132989776722,177.88338406721792,5.053752845304184,0.003953613689775059,2.342230696930474
2026-09-16T17:46:02+03:00,22.23,290.1,-24.60324423845236,21.01464,220.99555115990984,207.8805472293653,0.9080235137233287,6.045839999999999,6.24024,-1.650118449976771,,24.19027811042336,24.793916,59.462565,15.720504981786485,33.816777375376006,187.17877378453383,5.02301409288696,0.0036757571893721052,2.345906454119846
2026-09-16T17:46:04+03:00,22.23,290.09,-21.205604513326577,22.355999999999998,227.99709541640848,206.64868796983401,-0.6549480556140441,6.25968,6.1624799999999995,-1.6673071838306956,,21.617697610285962,24.793837,59.462527,16.674616155924994,29.009835273798387,198.9872601426101,5.474318468353302,0.0033223971755873554,2.3492288512954334
2026-09-16T17:46:06+03:00,22.23,290.09,-21.94472006904534,21.772799999999997,225.9974727114019,205.81789916689434,0.9206285852162067,6.318,6.492959999999999,-1.4438536437296745,,21.331218712720553,24.793754,59.462488,16.086789106230587,30.38470204076549,195.61277067063642,5.450214798419429,0.0034526729457507854,2.3526815242411843
2026-09-16T17:46:08+03:00,22.23,290.1,-22.632269423202324,22.68648,224.99479656992298,205.49131322366978,-0.3165591818097799,6.55128,6.454079999999999,-1.0542423430407146,,19.875905913088257,24.793678,59.462445,16.829583954561908,31.24747014626061,193.74732642366237,5.60091709864434,0.0034738830080169323,2.3561554072492013
2026-09-16T17:46:10+03:00,22.38,290.1,-32.412658986085475,22.258799999999997,226.99441927492956,205.92676114796916,0.04526366581533503,6.2208000000000006,6.1624799999999995,-1.208940947726037,,19.658181950938545,24.793594,59.462404,17.330934606166338,43.505402576049676,183.48901669887988,4.512005094668721,0.003557361526085872,2.359712768775287
2026-09-16T17:46:12+03:00,22.38,290.09,-24.52303014713404,22.375439999999998,228.9997715578874,203.74379194852077,-0.8394404656461693,6.29856,6.1236,-2.3835044277442243,,25.175765518048372,24.793506,59.462362,16.849093158569715,33.44899766492725,195.55077389296017,5.255372357050713,0.0036873355567523585,2.3634001043320394
2026-09-16T17:46:14+03:00,22.38,290.09,-27.35917123303162,22.21992,225.9974727114019,200.5180395619342,-1.4455725171150668,5.90976,5.98752,-1.770439586954244,,22.95268927294078,24.793427,59.462324,17.187151082665327,36.45121769041822,189.5462550209837,4.753592332566387,0.003322407699198143,2.3667225120312376
2026-09-16T17:46:16+03:00,22.38,290.09,-21.54937919040507,21.44232,219.99860459638222,200.9362987523797,0.3809023422029713,5.94864,5.773680000000001,-2.457988941111232,,27.71396855047792,24.793363,59.462287,16.058817894679272,29.36926315318115,190.62934144320107,5.184103152869526,0.0029608573144531756,2.3696833693456907
2026-09-16T17:46:18+03:00,22.53,290.09,-23.417221602531555,21.092399999999998,219.99860459638222,198.45539149946325,-0.5317621296609171,6.006959999999999,5.773680000000001,-1.3006141949469687,,20.271246791728526,24.793301,59.462246,15.762040967201782,32.128728891108864,187.86987570527336,5.087026299460312,0.0031078717105427127,2.3727912410562335
2026-09-16T17:46:20+03:00,22.53,290.09,-26.08147534988988,21.617279999999997,213.99973648136248,200.11696910534263,2.4813656191525695,5.96808,6.0264,-1.8563832562238671,,17.011116937434142,24.793239,59.462202,16.4673143439883,35.24991455884788,178.7498219225146,4.873787268987083,0.0032527180434922818,2.376043959099726
2026-09-16T17:46:21+03:00,22.53,290.09,-29.897374265461167,20.85912,220.99555115990984,205.46839491186452,0.13080626462836695,5.7348,5.890319999999999,-1.8964903018830246,,17.372080348366563,24.79317,59.462163,16.142613761201808,40.09697428382793,180.8985768760819,4.386866315028333,0.003152167023550872,2.379196126123277
2026-09-16T17:46:23+03:00,22.53,290.1,-23.07344692545306,20.23704,229.99671812141503,204.12767367125838,-1.4119971903204005,5.94864,6.18192,-2.423611473403382,,22.49432303683612,24.793091,59.462129,14.947202318363047,32.04658611961989,197.95013200179514,5.042168084549952,0.0031619510994259025,2.382358077222703
2026-09-16T17:46:25+03:00,22.53,290.09,-19.99093398764923,20.664720000000003,227.99709541640848,200.61544238710644,-1.4378375868808009,6.1236,5.890319999999999,-2.9163551772158907,,25.622672598250414,24.793004,59.462096,15.05633978922045,27.98342714908418,200.0136682673243,5.4076492078945115,0.0033158094438424054,2.3856738866665452
2026-09-16T17:46:27+03:00,22.68,290.1,-25.97261336881503,20.74248,221.99822730138877,196.98288996597702,-1.050231638474799,5.81256,5.832,-2.864788975654116,,25.387759902246778,24.792931,59.462058,15.724381958099118,35.2890110087674,186.70921629262136,4.744492827451148,0.0031918334044116824,2.388865720070957
2026-09-16T17:46:29+03:00,22.68,290.09,-23.125013127014835,20.820240000000002,215.99935918636905,196.4786871062619,0.6634851267614933,6.1236,6.045839999999999,-2.864788975654116,,24.78615421735941,24.792865,59.462014,15.377893609789442,32.12253006663005,183.876829119739,5.186155817922227,0.0033253259584404347,2.3921910460293976
2026-09-16T17:46:31+03:00,22.72,290.09,-26.94664162053743,20.178720000000002,215.99935918636905,198.03713230901772,1.0098381139180759,6.29856,6.35688,-2.498095986770389,,22.505782192738735,24.792797,59.461966,14.841055552225706,38.034955505767215,177.96440368060183,4.960966298602235,0.0035549047559969636,2.3957459507853947
2026-09-16T17:46:33+03:00,22.8,290.1,-31.32403917533691,20.8008,217.99898189137562,199.1314816977176,-0.5976522761009616,6.25968,6.201359999999999,-2.498095986770389,,22.225032873124633,24.792731,59.461916,15.792457767409802,43.21586860439882,174.7831132869768,4.5619233790045595,0.0036187722177436162,2.399364723003138
2026-09-16T17:46:35+03:00,22.68,290.09,-30.189582740977887,21.69504,219.99860459638222,198.1288055562387,-0.3634844252309943,6.318,6.14304,-2.589769233991321,,22.849556869817228,24.792654,59.461873,16.541940542177965,41.26275912972383,178.7358454666584,4.749196120613117,0.003494389859023034,2.4028591128621613
2026-09-16T17:46:37+03:00,22.83,290.09,-25.382466839830276,21.228479999999998,220.99555115990984,196.6563040227525,-2.000825916376348,6.0652800000000004,6.045839999999999,-2.9679213787776644,,25.118469738535293,24.792576,59.461829,15.96187009015752,34.75680669704724,186.2387444628626,4.983107992935832,0.0035594495642671236,2.4064185624264285
2026-09-16T17:46:39+03:00,22.83,290.09,-21.818669354116558,21.71448,218.99592845490324,192.63414030093406,-0.8221371402332183,5.81256,5.79312,-2.9793805346802804,,25.80028951474097,24.792502,59.461782,16.460686097405798,29.360118304041407,189.63581015086183,5.065967485576305,0.00361785801485175,2.4100364204412803
2026-09-16T17:46:41+03:00,22.83,290.09,-22.769779294033725,22.20048,212.99706033988352,193.17845020630838,1.2622260226732036,6.201359999999999,6.006959999999999,-2.532473454478239,,22.3396244321508,24.792434,59.461737,16.656238818399057,31.05475020654916,181.94231013333436,5.312548551170047,0.0034101901805314652,2.4134466106218118
2026-09-16T17:46:43+03:00,22.83,290.09,-25.18193161153449,21.092399999999998,210.99743763487695,195.74530112849445,0.6838824242681507,6.24024,5.890319999999999,-1.7246029633437776,,17.022576093336756,24.792367,59.461682,15.67178870372486,34.9362889074728,176.06114872740415,5.115682209590134,0.0038879841865006237,2.4173345948083123
2026-09-16T17:46:45+03:00,22.83,290.09,-15.75104630368114,23.85288,216.9963057498967,199.3835831275752,1.444942263540423,6.2208000000000006,6.39576,-2.3032903364259094,,20.49470033182955,24.79231,59.461634,17.945300228813338,21.15067476690743,195.84563098298926,5.801734401127968,0.0033696951322490305,2.420704289940561
2026-09-16T17:46:47+03:00,22.91,290.09,-30.53335741805638,20.91744,214.99668304489012,199.70443949284842,0.36818267915106706,5.90976,6.006959999999999,-2.1027551081301215,,19.583697437571537,24.792236,59.461585,16.109423938685595,41.274666160763104,173.72201688412702,4.441514910910569,0.0037124977938612688,2.4244167877344225
2026-09-16T17:46:49+03:00,22.98,290.09,-26.59140778755631,22.375439999999998,218.99592845490324,201.28580300740953,0.5643061324243478,6.14304,6.10416,-2.1600508876432034,,19.51494250215584,24.792172,59.461539,17.104678773223245,35.842521951534394,183.15340650336884,4.979729262250983,0.003386105207818241,2.427802892942241
2026-09-16T17:46:51+03:00,22.98,290.09,-27.702945910110113,20.23704,218.99592845490324,202.70673833933395,1.2316873721927306,6.201359999999999,5.7348,-1.4381240657783663,,13.659313835918825,24.792097,59.461496,15.025706756439263,38.76469799526021,180.23123045964303,4.835348544228157,0.003453594230934716,2.4312564871731754
2026-09-16T17:46:53+03:00,22.98,290.08,-26.087204927841192,20.9952,219.99860459638222,206.09864848650844,1.4397283476047327,6.27912,6.43464,-1.1631043241155712,,11.401860123103383,24.792021,59.461452,15.602033317847496,36.280822652699044,183.71778194368318,5.061764328938366,0.0035188783891323453,2.4347753655623077
2026-09-16T17:46:55+03:00,23.13,290.09,-24.895452713969078,17.7876,223.99785000639537,207.69720073492343,0.6992376931776567,6.201359999999999,6.0652800000000004,-1.3006141949469687,,13.498885653282196,24.791945,59.461412,12.439494993077044,37.009580957479926,186.98826904891544,4.952002163117399,0.003341941275050394,2.4381173068373583
2026-09-16T17:46:57+03:00,23.13,290.1,-23.27398215374885,18.13752,225.9974727114019,208.9577078842112,-0.13928603999630312,5.81256,6.08472,-1.701684651538545,,16.781933819381813,24.79186,59.461377,13.002401174412725,33.4479283143842,192.5495443970177,4.8499250255646364,0.003341461761779937,2.441458768599138
2026-09-16T17:46:59+03:00,23.02,290.1,-25.680404893298302,18.195839999999997,231.99634082642166,206.97527391305857,-0.7512049651960223,6.0652800000000004,6.08472,-2.7673861504818764,,24.24184431198513,24.791775,59.461345,12.998177105132239,37.34677754450479,194.64956328191687,4.821767035368483,0.0032309719300636637,2.444689740529202
2026-09-16T17:47:01+03:00,23.13,290.1,-22.6150806893484,19.67328,228.9997715578874,205.50277237957238,-0.16936632424067136,5.96808,5.832,-3.4434763487362474,,28.68799680220032,24.791691,59.461307,14.348808524965483,31.81852236369386,197.18124919419355,5.071210642077611,0.0034349647190849296,2.448124705248287
2026-09-16T17:47:03+03:00,23.28,290.1,-27.81180789118497,21.384,225.9974727114019,202.35150450635285,-1.3518939176111775,6.1624799999999995,6.55128,-3.4721242384927886,,28.89999118639872,24.791607,59.461268,16.190722455566267,38.040904420358316,187.9565682910436,4.8533906701115646,0.0034752257200717064,2.4515999309683587
2026-09-16T17:47:05+03:00,23.28,290.1,-28.54519386895242,21.44232,223.99785000639537,199.8190310518746,-1.0273133266695662,6.045839999999999,5.9292,-3.231481964537843,,27.45613754266905,24.791531,59.461228,16.38806832250141,38.69879933646766,185.2990506699277,4.718436587229833,0.003341950050509275,2.454941881018868
2026-09-16T17:47:07+03:00,23.28,290.1,-25.97261336881503,22.9392,222.99517386491638,200.45501420446982,1.4206488530268762,6.2208000000000006,5.9292,-2.9965692685342056,,25.823207826546206,24.791451,59.461186,17.55930924029139,34.89817384020668,188.0970000247097,5.1021142276108105,0.003513295024527827,2.4584551760433957
2026-09-16T17:47:09+03:00,23.32,290.1,-23.251063841943616,21.92832,218.99592845490324,200.52949871783682,-0.4514907425630887,6.2208000000000006,5.890319999999999,-3.128349561414295,,27.03214877427224,24.791371,59.461136,16.39767792283913,31.86412634616363,187.1318021087396,5.283340267340549,0.003873290620251085,2.4623284666636467
2026-09-16T17:47:11+03:00,23.43,290.1,-24.838156934456,21.461759999999998,216.9963057498967,197.9970252633586,-0.7665029383260152,5.5404,6.045839999999999,-3.116890405511678,,27.03214877427224,24.791302,59.461089,16.597829400382277,32.89850231862263,184.09780343127406,4.6519085600990975,0.00352450552005618,2.465852972183703
2026-09-16T17:47:13+03:00,23.28,290.09,-24.534489303036658,21.69504,219.99860459638222,195.9171884670337,-0.37757918699121257,6.08472,5.65704,-3.128349561414295,,26.390436043725717,24.791236,59.461053,16.356030944281333,33.42093376631885,186.57767083006337,5.078591359934941,0.0029573205247296805,2.4688102927084326
2026-09-16T17:47:15+03:00,23.4,290.09,-28.946264325543996,20.450879999999998,217.99898189137562,193.54514319519208,-0.7339589355625846,6.29856,5.79312,-3.0252171582907463,,25.450785259711168,24.79116,59.461009,15.247028199961127,40.47949909351587,177.51948279785975,4.790925938300637,0.0035188984565463705,2.4723291911649787
2026-09-16T17:47:17+03:00,23.43,290.1,-27.433655746398625,21.753359999999997,210.99743763487695,192.04972334990063,-3.014273664403748,5.69592,5.79312,-3.7815214478634336,,29.513056027188707,24.791096,59.460964,16.902927706137127,36.3651286393779,174.63230899549905,4.586667005266898,0.0033372235864006137,2.4756664147513794
2026-09-16T17:47:19+03:00,23.43,290.1,-34.46957747060513,21.209039999999998,211.9943841984046,185.2830917894056,-0.9257852053723841,5.57928,6.492959999999999,-3.237211542489151,,26.808695234171218,24.791039,59.460921,16.90683170949912,45.23395037837673,166.76043382002786,3.9290050386918707,0.0031162617018967564,2.4787826764532763
2026-09-16T17:47:21+03:00,23.32,290.09,-21.42332847547629,20.8008,205.99551608338487,186.9962355968468,1.7650537836800142,6.24024,5.7153599999999996,-2.2517241348641353,,19.302948117957435,24.790995,59.460871,15.163992839233664,30.0681605938137,175.92735548957117,5.400490764223656,0.0032921585966801006,2.4820748350499566
2026-09-16T17:47:22+03:00,23.43,290.1,-29.181177021547633,20.898,202.99894681485068,191.10434298793476,1.850539086713533,6.006959999999999,6.18192,-1.7360621192463943,,15.177651993015509,24.790954,59.460821,15.925071584732931,39.77895240295797,163.2199944118927,4.616460585348055,0.0032558317679141223,2.485330666817871
2026-09-16T17:47:26+03:00,23.43,290.09,-27.720134643964037,19.187279999999998,210.99743763487695,192.1757740648294,-0.644520223742663,5.94864,6.1236,-2.0511889065683473,,17.767421227006828,24.790905,59.460771,14.19368967354596,38.96180931977054,172.0356283151064,4.625455833538432,0.0033573931454938017,2.4886880599633647
2026-09-16T17:47:28+03:00,23.43,290.1,-23.520354005655104,19.61496,210.99743763487695,192.5367374757618,0.18941984707025014,6.14304,5.94864,-3.076783359852521,,24.551241521355774,24.790842,59.460721,14.195582149227477,33.4650119670973,177.53242566777965,5.124663478927917,0.003568583775511115,2.492256643738876
2026-09-16T17:47:30+03:00,23.43,290.09,-27.657109286499647,19.187279999999998,211.9943841984046,192.24452900024514,0.38800701886259353,5.87088,5.42376,-3.3231552117587753,,27.249872736421953,24.790772,59.460673,14.250197135862738,38.6819897232439,173.3123944751607,4.582966893992429,0.0035909807429519262,2.4958476244818275
2026-09-16T17:47:32+03:00,23.43,290.09,-22.443193350809157,21.384,208.9978149298704,194.35874326427785,0.8122822661569681,6.18192,6.27912,-2.4006931615981495,,21.961472287364455,24.790722,59.46062,15.847031527842692,31.00795681504721,177.9898581148232,5.2984974685672475,0.00353282579031897,2.4993804502721466
2026-09-16T17:47:34+03:00,23.55,290.09,-23.81829205912313,22.919759999999997,210.99743763487695,196.85683925104823,1.5176506077425247,5.9292,6.18192,-2.0282705947631143,,19.669641106841162,24.790665,59.460574,17.658635645188344,31.611351764450973,179.38608587042597,5.049443698575769,0.003267384777266292,2.502647835049413
2026-09-16T17:47:36+03:00,23.43,290.09,-4.458048161652614,23.4252,216.9963057498967,199.07991549615585,-0.24035579505738033,6.10416,5.87088,-2.200157933302361,,21.205167997791765,24.7906,59.460529,17.34599844981936,6.025474859309071,210.97083089058762,6.0704364791251795,0.0033552194399627607,2.5060030544893754
2026-09-16T17:47:38+03:00,23.43,290.09,-30.063532026049106,20.586959999999998,215.99935918636905,201.15975229248073,2.2091533706859154,6.0652800000000004,5.96808,-1.925138191639566,,18.947714284976325,24.790526,59.460485,15.63571030158227,41.269025195104604,174.73033399126444,4.558790780159425,0.003478930455185505,2.509481984944561
2026-09-16T17:47:40+03:00,23.43,290.09,-23.577649785168187,23.502959999999998,216.9963057498967,204.07610746969664,0.416253838162543,6.37632,6.10416,-1.7360621192463943,,17.372080348366563,24.790442,59.460438,17.84217401766338,31.796026052675785,185.2002796972209,5.419420810243392,0.0038161782627227168,2.513298163207284
2026-09-16T17:47:42+03:00,23.47,290.09,-20.684212919757524,23.4252,226.99441927492956,201.9848115174691,-0.7379123443489873,6.25968,6.10416,-1.9938931270552647,,19.3487847415679,24.790359,59.460394,17.707590387766686,27.857067113857596,199.13735216107196,5.534283313106174,0.0036634839699654195,2.5169616471772494
2026-09-16T17:47:44+03:00,23.43,290.1,-22.196821498902903,24.1056,219.99860459638222,202.3973411299633,-0.4568192500578053,6.43464,6.454079999999999,-2.589769233991321,,22.56880755020313,24.790285,59.460348,18.309912059905,29.82629602381155,190.17230857257067,5.582290049240306,0.0035711800539304454,2.5205328272311798
2026-09-16T17:47:46+03:00,23.55,290.09,-24.72356537542983,23.2308,223.99785000639537,198.32361120658317,-4.314715972012178,6.55128,5.598719999999999,-3.6497411549833445,,29.822453236559348,24.790212,59.460303,17.495921661666458,33.73366757290768,190.2641824334877,5.448227532594927,0.0035053434016780165,2.5240381706328576
2026-09-16T17:47:48+03:00,23.58,290.09,-24.362601964497415,23.6196,217.99898189137562,193.72848968963396,-1.4146327961780027,6.492959999999999,5.6181600000000005,-3.7643327140095084,,31.421005484974348,24.790137,59.460261,17.906268722544677,32.96515974763955,185.03382214373607,5.447603798908401,0.0034088996746349924,2.5274470703074927
2026-09-16T17:47:50+03:00,23.58,290.1,-18.50124372030909,22.5504,213.99973648136248,191.36790357369495,-0.7281720618317632,5.98752,5.48208,-3.6382819990807276,,30.584487104083344,24.790063,59.460222,16.97897624820012,24.926246277091195,189.07349020427128,5.429788795193178,0.003256327419998196,2.530703397727491
2026-09-16T17:47:52+03:00,23.58,290.1,-25.285064014658037,21.52008,204.99856951985726,192.576844521421,1.7763983480236045,5.65704,5.65704,-3.2028340747813018,,28.510379885709764,24.790008,59.460174,16.58200508421036,33.663750620149415,171.33481889970784,4.708382618357451,0.003338584118874723,2.5340419818463658
2026-09-16T17:47:54+03:00,23.58,290.1,-24.460004789669654,20.9952,206.9981922248638,195.00045599482436,-0.45068860164990554,5.851439999999999,5.3654399999999995,-3.0538650480472875,,27.67386150481876,24.789956,59.460128,15.855134796824432,33.24985439183743,173.74833783302637,4.893486417157625,0.0031886465743862944,2.537230628420752
2026-09-16T17:47:56+03:00,23.58,290.1,-22.712483514520645,20.586959999999998,208.9978149298704,193.413362902312,-0.30103202556173453,5.443199999999999,5.773680000000001,-2.853329819751499,,26.42481351143357,24.789901,59.460087,15.707097602276486,30.40189618279149,178.5959187470789,4.694743244378426,0.0029824987712945773,2.5402131271920467
2026-09-16T17:47:58+03:00,23.58,290.1,-24.66626959591675,22.0644,212.99706033988352,194.22696297139777,-0.05047758175102553,6.201359999999999,6.006959999999999,-1.455312799632291,,25.846126138351433,24.789845,59.460038,16.63148467796193,33.618451174899974,179.37860916498354,5.164139048413787,0.003405902381863547,2.54361902957391
2026-09-16T17:48:00+03:00,23.43,290.1,-20.180010060042402,23.016959999999997,208.9978149298704,194.33582495247262,0.25679968377763496,6.08472,5.98752,-0.8193296470370772,,18.294542398527184,24.78979,59.459992,17.43259428365188,27.095748090887838,181.90206683898256,5.416901341009809,0.0032352654003751573,2.546854294974285
2026-09-16T17:48:02+03:00,23.43,290.09,-28.155582568263466,24.37776,204.99856951985726,196.45576879445667,0.25416407792003315,5.9292,6.318,-0.26929016371148695,,6.428586461367836,24.789739,59.459941,19.353461856551547,36.467562083688904,168.53100743616835,4.768224039517917,0.0034385581527855693,2.5502928531270705
2026-09-16T17:48:04+03:00,23.43,290.1,-20.15709174823717,23.541839999999997,208.9978149298704,200.0367550140243,1.6520092107007027,5.890319999999999,6.25968,-0.395340878640268,,7.45991049260332,24.789682,59.459892,18.126299480122057,26.5865373233228,182.4112776065476,5.2674741540472665,0.003421346594087416,2.553714199721158
2026-09-16T17:48:06+03:00,23.43,290.1,-16.98290556321241,22.414319999999996,218.99592845490324,203.80108772803382,2.7287687950900588,5.851439999999999,6.18192,-0.7620338675239948,,17.469483173538798,24.789612,59.459848,16.904671383735806,22.785639168774594,196.21028928612864,5.394795091142308,0.00340085361840085,2.557115053339559
2026-09-16T17:48:08+03:00,23.43,290.09,-23.256793419894922,22.20048,226.99441927492956,205.7434146535273,-0.7382561190260658,6.0264,5.87088,-2.165780465594512,,26.012283898939373,24.789545,59.459809,16.83279746132426,31.38353932174644,195.61087995318312,5.144740358647714,0.0031117565726535186,2.5602268099122125
2026-09-16T17:48:10+03:00,23.43,290.09,-22.219739810708134,23.094720000000002,227.99709541640848,203.80681730598513,-0.8145740973374914,6.24024,5.65704,-2.1543213096918956,,26.63680789563197,24.789453,59.459769,17.477917229862253,29.97931508746592,198.01778032894256,5.40533243869737,0.0036982041672354166,2.563925014079448
2026-09-16T17:48:12+03:00,23.58,290.09,-27.702945910110113,22.20048,224.99479656992298,202.7468453849931,0.09299105014973261,5.851439999999999,5.79312,-1.9595156593474157,,26.64826705153459,24.789379,59.459729,17.23581009537583,36.78368711244846,188.21110945747452,4.686429347358682,0.0032998847238446764,2.5672248988032926
2026-09-16T17:48:14+03:00,23.43,290.1,-25.25068654695019,20.586959999999998,224.99479656992298,203.90994970910867,1.054356934599741,5.5404,5.3654399999999995,-2.0282705947631143,,27.209765690762794,24.789299,59.459688,15.754231963783983,33.878667711677195,191.1161288582458,4.599750259043294,0.003470431880761769,2.5706953306840545
2026-09-16T17:48:16+03:00,23.43,290.09,-14.38740675126978,19.78992,225.9974727114019,202.72392707318787,-0.8718698768505737,5.890319999999999,6.24024,-2.807493196141034,,29.965692685342056,24.789225,59.459649,14.160176508611354,20.32014762826728,205.67732508313463,5.523747004630812,0.0032563540120140494,2.5739516846960684
2026-09-16T17:48:18+03:00,23.43,290.09,-20.139903014383243,20.9952,217.99898189137562,200.95348748623363,0.173319733027074,5.57928,7.270560000000001,-3.409098881028398,,27.857207999260627,24.789153,59.459606,15.87373557504916,27.090813382191698,190.90816850918392,4.967153946513009,0.003393595401207982,2.5773452800972763
2026-09-16T17:48:20+03:00,23.58,290.09,-26.79767259380341,22.82256,219.99860459638222,200.39198884700542,0.6218883908349956,5.404319999999999,6.6679200000000005,-2.790304462287109,,23.158954079187875,24.789086,59.459572,18.16280779211305,34.50698448484067,185.49162011154155,4.453468462849836,0.002892121382618403,2.5802374014798946
2026-09-16T17:48:22+03:00,23.43,290.09,-27.118528959076674,23.25024,217.99898189137562,201.8473016466377,0.387663244185515,6.08472,6.47352,-2.2689128687180604,,19.325866429762666,24.78901,59.459526,18.048828924251172,35.95836232091679,182.04061957045883,4.925239686975719,0.0036101866391666133,2.583847588119061
2026-09-16T17:48:24+03:00,23.43,290.09,-31.255284239921213,21.617279999999997,220.99555115990984,205.04440614346774,1.8838852303901468,6.35688,6.18192,-2.446529785208615,,19.732666464305552,24.788935,59.459479,16.515705612172447,42.77503394740762,178.22051721250222,4.666114273751025,0.0036371137209077163,2.5874847018399687
2026-09-16T17:48:26+03:00,23.43,290.09,-23.81829205912313,21.26736,226.99441927492956,205.19910474815302,-1.5669822739032884,5.98752,5.851439999999999,-3.7815214478634336,,28.063472805507722,24.788843,59.459428,15.973859634178828,32.524697659337704,194.46972161559185,5.048435935346927,0.004158535957341216,2.5916432377973098
2026-09-16T17:48:28+03:00,23.58,290.1,-28.046720587188606,21.384,223.99785000639537,200.867543816964,-2.026093355141617,6.318,7.52328,-4.125296124941927,,31.558515355805742,24.788757,59.459385,16.084663488770836,38.68975332931336,185.308096677082,4.9314656959952865,0.0036851269968409027,2.5953283647941507
2026-09-16T17:48:30+03:00,23.58,290.09,-39.39128493077891,22.56984,214.99668304489012,202.04783687493352,3.3374218608575323,6.78456,6.39576,-2.4006931615981495,,19.492024190350605,24.788681,59.459338,17.85347289657952,53.346386289283146,161.65029675560697,4.050218397307109,0.003656434128527964,2.598984798922679
2026-09-16T17:48:32+03:00,23.43,290.1,-27.680027598304875,20.13984,222.99517386491638,208.73998392206155,0.6304254619824449,6.43464,6.7068,-2.1027551081301215,,17.979415611205233,24.78861,59.459288,14.747705045911317,39.37390927077905,183.62126459413733,4.974121692767277,0.0037061023342081227,2.602690901256887
2026-09-16T17:48:34+03:00,23.43,290.1,-30.430225014932834,18.254160000000002,230.99939426289401,209.04365155348086,-1.2697317697894175,6.47352,6.0652800000000004,-3.0939720937064457,,25.204413407804914,24.788519,59.459249,13.089681055539673,44.936420397128785,186.06297386576523,4.582546567422827,0.0036360432225977244,2.6063269444794845
2026-09-16T17:48:36+03:00,23.43,290.1,-30.476061638543296,18.662399999999998,231.99634082642166,205.26213010561742,-2.7870386028548633,6.68736,6.72624,-4.05081161157492,,31.753321006150223,24.78842,59.459208,13.33741503203027,45.20808103771739,186.78825978870427,4.711473323427119,0.0039008902007133177,2.610227834680198
2026-09-16T17:48:38+03:00,23.51,290.09,-35.294636695593525,19.537200000000002,222.99517386491638,198.89083942376266,-2.924090107450156,7.270560000000001,6.08472,-3.792980603766049,,30.865236423697446,24.788321,59.459162,14.23689123771996,52.456007571663676,170.53916629325272,4.430464028463564,0.004097388892469984,2.614325223572668
2026-09-16T17:48:40+03:00,23.43,290.1,-37.89586508548746,20.2176,214.99668304489012,196.4786871062619,0.7179734130784347,6.7068,5.96808,-2.733008682774027,,23.898069634906637,24.788248,59.459113,15.48315699369678,53.32603269851586,161.67065034637426,4.005708689740611,0.003694082608022053,2.61801930618069
2026-09-16T17:48:42+03:00,23.28,290.09,-31.249554661969906,18.8568,213.99973648136248,198.81062533244435,-0.07402614713090236,6.648479999999999,6.5124,-2.423611473403382,,21.921365241705296,24.788177,59.459063,13.61694496942572,45.9217224501927,168.07801403116977,4.624951849039588,0.0037061107800865525,2.6217254169607767
2026-09-16T17:48:44+03:00,23.4,290.1,-32.92259142375191,18.58464,213.99973648136248,197.14904772656496,-0.7992188284279853,7.03728,5.94864,-2.2803720246206765,,20.35719046099815,24.788113,59.459014,13.24191428879728,49.711138074395535,164.28859840696694,4.550597348349571,0.0035349633920882372,2.6252603803528647
2026-09-16T17:48:46+03:00,23.28,290.1,-38.76676093408631,19.10952,212.99706033988352,197.9912956854073,-0.006417127305465221,6.4152,6.18192,-1.747521275149011,,15.326621019749524,24.788054,59.458967,14.668305895186444,54.6601410039096,158.3369193359739,3.710713647966738,0.00335090080059399,2.6286112811534585
2026-09-16T17:48:48+03:00,23.28,290.09,-21.28581860464489,17.96256,212.99706033988352,197.9511886397481,1.6517800275826502,6.6679200000000005,6.47352,-1.3407212406061262,,11.401860123103383,24.787989,59.458919,11.99626790085004,32.92681571477024,180.07024462511328,5.596822369593795,0.003502268146321145,2.63211354929978
2026-09-16T17:48:50+03:00,23.32,290.1,-31.994399795639982,17.28216,214.99668304489012,202.19680590166752,2.112266207529293,6.53184,6.53184,-1.0026761414789407,,8.582907771059732,24.787918,59.458869,12.241881271031996,48.415944896056715,166.5807381488334,4.335300313568884,0.0037061180624226144,2.6358196673622025
2026-09-16T17:48:52+03:00,23.17,290.1,-21.755643996652168,17.94312,222.99517386491638,204.02454126813484,-1.9816318302394653,6.940079999999999,6.454079999999999,-1.501149423242757,,13.06343772898277,24.787843,59.458828,11.781604415551998,34.36688549689967,188.6282883680167,5.728618851998745,0.00336469437399829,2.6391843617362007
2026-09-16T17:48:54+03:00,23.13,290.09,-25.382466839830276,18.64296,220.99555115990984,201.93897489385867,0.7821446861330869,6.6679200000000005,6.6095999999999995,-1.9938931270552647,,17.480942329441415,24.787754,59.458786,12.938380662901919,38.145154496123894,182.85039666378594,5.2439756485959865,0.0037098657346650342,2.6428942274708658
2026-09-16T17:48:56+03:00,23.28,290.1,-22.540596175981396,19.167839999999998,219.99860459638222,203.1937524651952,-0.37110476390623426,6.68736,6.35688,-2.2631832907667517,,20.334272149192916,24.787674,59.458742,13.241847966618286,33.70309314784305,186.29551144853917,5.563376399442027,0.003600767996104811,2.6464949954669708
2026-09-16T17:48:58+03:00,23.17,290.1,-24.087582222834616,20.003759999999996,219.99860459638222,201.32018047511735,-0.977179519595619,6.5124,6.27912,-2.0110818609091896,,17.893471941935612,24.787601,59.458702,14.30749312462851,34.793691376351035,185.2049132200312,5.348061310715511,0.0032790860827265366,2.6497740815496975
2026-09-16T17:49:00+03:00,23.13,290.09,-25.382466839830276,19.28448,217.99898189137562,201.61238895063408,-0.22167737093611553,6.68736,6.454079999999999,-1.529797312999298,,13.819742018555456,24.787524,59.458654,13.549383251809147,37.596632918918885,180.40234897245674,5.298565843475644,0.003722324496908251,2.6534964060466057
2026-09-16T17:49:02+03:00,23.13,290.09,-25.325171060317196,19.945439999999998,215.99935918636905,201.4290424561922,0.7460483450398449,6.55128,6.47352,-1.1688339020668794,,10.490857228845375,24.78745,59.458608,14.301025265726846,36.62562876525831,179.37373042111074,5.257734348062462,0.0035712536860257995,2.6570676597326317
2026-09-16T17:49:04+03:00,23.13,290.09,-24.196444203909472,18.273600000000002,222.99517386491638,202.36296366225545,-1.0347044822267535,6.5124,6.39576,-1.3579099744600511,,12.209730614237845,24.787373,59.458566,12.61887715877381,36.40820878172741,186.58696508318897,5.241236632524212,0.003450325079249959,2.660517984811882
2026-09-16T17:49:06+03:00,23.02,290.08,-28.951993903495307,18.58464,221.99822730138877,200.6670085886682,0.034320171928336314,6.492959999999999,6.18192,-1.5183381570966814,,13.934333577581622,24.787294,59.458525,13.280432102133863,42.64212401153634,179.35610328985243,4.776216488024843,0.003449053090832687,2.6639670379027147
2026-09-16T17:49:08+03:00,23.13,290.09,-29.249931956963337,18.798479999999998,218.99592845490324,200.5180395619342,0.08743335953696361,6.4152,6.201359999999999,-1.8563832562238671,,16.85641833274882,24.787221,59.45848,13.568287619727414,42.60728212910203,176.3886463258012,4.72165810195752,0.0035054198846933846,2.667472457787408
2026-09-16T17:49:10+03:00,23.13,290.09,-26.041368304230726,18.83736,219.99860459638222,200.20291277461226,-0.787874264084395,6.29856,6.14304,-2.0225410168118056,,18.919066395219783,24.787149,59.458435,13.46523244071286,37.89182704783914,182.10677754854308,4.970645312027278,0.0034860725081606865,2.6709585302955685
2026-09-16T17:49:12+03:00,22.98,290.09,-26.31065846794221,18.798479999999998,217.99898189137562,199.07991549615585,-0.4305777830408137,6.5124,6.25968,-2.0053522829578814,,18.815933992096234,24.787076,59.458386,13.27828587075075,38.8663348226963,179.13264706867932,5.070632692945908,0.003694111551712528,2.674652641847281
2026-09-16T17:49:14+03:00,22.98,290.09,-25.25068654695019,17.34048,219.99860459638222,199.02261971664274,0.808729927827157,6.14304,6.5124,-2.1084846860814292,,19.51494250215584,24.787001,59.45834,12.072251269829325,37.78754760884709,182.21105698753513,4.854772024164532,0.0035906749793795825,2.6782433168266606
2026-09-16T17:49:16+03:00,22.98,290.09,-27.74305295576927,18.701279999999997,215.99935918636905,201.37747625463044,1.7005387359482835,6.35688,6.24024,-1.8621128341751756,,16.885066222505362,24.786935,59.458291,13.405839832798492,40.495414983611255,175.5039442027578,4.834139833755442,0.0035691319957822172,2.6818124488224426
2026-09-16T17:49:18+03:00,22.91,290.1,-27.697216332158806,19.61496,218.99592845490324,203.97870464452438,0.44673519286350283,6.318,6.18192,-1.7589804310516275,,16.52410281157294,24.786874,59.458249,14.325127188517431,39.526507756027826,179.4694206988754,4.873264334655048,0.0031376475334847164,2.6849500963559274
2026-09-16T17:49:20+03:00,22.98,290.1,-18.535621188016943,18.954,218.99592845490324,203.25677782265953,-0.42668167003392404,6.201359999999999,6.43464,-1.8162762105647094,,17.11424934055769,24.786792,59.458202,13.222117056237979,27.110213461253494,191.88571499364974,5.520026410319562,0.003775491746524654,2.688725588102452
2026-09-16T17:49:22+03:00,22.98,290.09,-21.80721019821394,19.6344,221.99822730138877,203.96724548862173,1.4465465453667894,6.318,5.9292,-1.8048170546620932,,16.913714112261903,24.786722,59.458162,13.967132549431861,31.481103631079066,190.5171236703097,5.3880689960489905,0.0032175013347063644,2.6919430894371583
2026-09-16T17:49:24+03:00,22.91,290.09,-29.765593972581073,18.5652,218.99592845490324,206.73463163910364,1.1292998142028525,6.0264,5.773680000000001,-1.747521275149011,,17.131438074411616,24.786648,59.458113,13.665427695106679,42.412007415544736,176.5839210393585,4.449375559367084,0.0037126391232259756,2.6956557285603844
2026-09-16T17:49:26+03:00,22.83,290.1,-31.192258882456823,17.86536,227.99709541640848,207.18153871930568,-0.4710286033770497,6.1624799999999995,5.7153599999999996,-1.9365973475421825,,18.729990322826612,24.786578,59.45807,12.99189410742905,45.413237175211805,182.58385824119668,4.325990296375426,0.0033543942473872683,2.699010122807772
2026-09-16T17:49:28+03:00,22.8,290.11,-20.374815710386883,20.13984,226.99441927492956,207.6914711569721,0.4466206013044767,6.2208000000000006,5.90976,-2.1199438419840457,,20.391567928706,24.786496,59.458031,14.471236051905146,28.982314564833473,198.01210471009608,5.441764931161703,0.003430554157828802,2.7024406769656006
2026-09-16T17:49:30+03:00,22.83,290.1,-20.357626976532956,19.67328,226.99441927492956,206.4882597871974,-1.3399190996929433,5.832,5.87088,-1.9537860813961072,,26.040931788695918,24.786422,59.457995,14.349696328683054,28.485614103238476,198.50880517169108,5.12595994588832,0.0031291262153950164,2.7055698031809956
2026-09-16T17:49:32+03:00,22.83,290.1,-23.990179397662377,19.964879999999997,223.99785000639537,196.00313213630335,-9.062244262466178,5.773680000000001,5.81256,-2.0626480624709633,,24.952311977947353,24.786341,59.457957,14.876338986900313,33.06931239042649,190.92853761596888,4.83840786182652,0.0033672622810406562,2.7089370654620364
2026-09-16T17:49:34+03:00,22.65,290.1,-15.561970231287969,20.85912,208.9978149298704,176.3793276530726,-12.046151163727993,5.22936,6.1624799999999995,-1.4381240657783663,,11.659691130912252,24.786278,59.45792,15.883543274063507,20.62929983033152,188.36851509953888,4.894050765096632,0.002940947603607819,2.711878013065644
2026-09-16T17:49:36+03:00,22.53,290.1,8.95976396361857,19.342799999999997,184.9966128918402,149.33571972289775,-13.737522574954182,4.859999999999999,5.307119999999999,-0.8479775367936184,,-0.05156620156177409,24.786256,59.457874,14.561786539763437,11.939257556034647,196.93587044787483,4.754865903034104,0.002845443215776141,2.7147234562814204
2026-09-16T17:49:38+03:00,22.53,290.09,17.10149423242757,17.26272,161.99808699528896,125.75277687531307,-6.874462217538643,4.5684000000000005,4.4712,0.38961130068895977,,-0.8078704911344607,24.786265,59.457835,12.966092767278255,23.048542086092198,185.04662908138116,4.203720563523991,0.0023602650483716225,2.717083721329792
2026-09-16T17:49:40+03:00,22.42,290.1,27.34597960936669,15.804720000000001,136.99993839373113,116.57972257526859,-1.749698514770508,4.957199999999999,5.13216,1.0771606548459478,,-17.996604345059158,24.786316,59.457801,11.62666999159221,38.64070662501712,175.64064501874824,3.8719550572140773,0.002569687884338573,2.7196534092141307
2026-09-16T17:49:42+03:00,22.53,290.1,31.499923624065154,15.96024,121.9999033172062,118.91166080145105,1.3011871527420997,5.79312,5.0544,0.3093972093706446,,-27.16965864510364,24.786397,59.457774,11.428904538917267,46.85767730761839,168.8575806248246,3.961410398309906,0.0029589310857798977,2.7226123402999107
2026-09-16T17:49:44+03:00,22.53,290.09,29.517489652912506,18.62352,125.99914872721935,119.37002703755572,-1.4856795627742247,5.307119999999999,5.307119999999999,0.06875493541569878,,-28.407247482586214,24.786486,59.457744,14.247231467220887,40.092792428330824,166.09194115555016,4.059959658885122,0.0032622053737415492,2.725874545673652
2026-09-16T17:49:46+03:00,22.53,290.09,32.11871804280645,19.90656,127.99877143222591,120.76804405767491,-0.16449618298205934,5.404319999999999,5.832,0.05156620156177409,,-27.272791048227184,24.786572,59.457709,15.59634602764899,42.7350680588801,170.733839491106,3.9694697314849874,0.0033654678362895337,2.7292400135099415
2026-09-16T17:49:48+03:00,22.38,290.09,32.983884313453984,18.40968,129.99839413723248,119.24970590057825,-0.8851052019180957,5.90976,5.832,0.3093972093706446,,-29.346898266600764,24.786649,59.457672,13.831808361575169,46.434133428499905,176.43252756573239,4.07293569098539,0.0032369624953034136,2.7324769760052448
2026-09-16T17:49:50+03:00,22.38,290.1,37.7279748571372,18.74016,130.99534070076012,120.30967782157026,1.8049316462211196,5.98752,5.9292,-0.4354479242994257,,-34.824374788051436,24.786727,59.457635,14.47581605267069,52.38906243444512,183.38440313520525,3.6541618897168617,0.003259226155341724,2.7357362021605867
2026-09-16T17:49:52+03:00,22.53,290.09,37.42430722571787,20.56752,132.9949634057667,123.93077108679705,1.4530209684517676,5.754239999999999,6.7068,-0.37242256683503505,,-34.325901506287614,24.786806,59.457596,16.37548520553975,49.75456696201417,182.74953036778086,3.717602371096752,0.0033642558729730394,2.7391004580335596
2026-09-16T17:49:54+03:00,22.38,290.1,38.518656614417736,22.56984,137.99688495725877,123.3864611814228,-1.0368817218482507,6.318,6.454079999999999,-0.17188733853924698,,-29.79380534680281,24.786893,59.457551,18.06041658938698,51.1020766941173,189.09896165137607,3.967292380387436,0.0037918594481858394,2.7428923174817457
2026-09-16T17:49:56+03:00,22.23,290.09,33.09847587248015,20.37312,133.99763954724563,121.1633849363152,-2.643684562513131,6.940079999999999,7.2122399999999995,-0.47555496995858326,,-30.177687069540454,24.786977,59.457506,15.044358028306704,47.68908969169124,181.68672923893686,4.671738048896493,0.003728213821519553,2.746620531303265
2026-09-16T17:49:58+03:00,22.23,290.1,48.91211101809087,19.2456,140.99918380374427,115.18170555514939,0.07173431595037907,6.901199999999999,6.492959999999999,1.3464508185574346,,-16.552750701329483,24.787053,59.457461,15.602557954307764,68.38566033146849,209.38484413521275,2.542106987673962,0.0035644534997386493,2.7501849848030036
2026-09-16T17:50:00+03:00,22.08,290.1,34.81734925787262,19.22616,125.99914872721935,115.19889428900332,-2.089920853519191,6.804,7.095599999999999,0.5729577951308232,,-19.54359039191238,24.787147,59.45742,14.18266336605528,50.714641366839345,176.7137900940587,4.308177844904409,0.003783853052071465,2.753968837855075
2026-09-16T17:50:02+03:00,21.97,290.09,30.680593977028078,20.898,127.99877143222591,116.10416760531002,-1.1784595930250772,7.13448,6.92064,0.7047380880109125,,-19.25711149434697,24.787243,59.457383,15.204406173444712,44.53345330626365,172.53222473848956,5.0857504817459915,0.0036803364218358577,2.757649174276911
2026-09-16T17:50:04+03:00,21.93,290.09,22.670644001099173,22.453200000000002,127.99877143222591,117.43915926796484,-0.6949405097141754,7.03728,7.40664,0.5213915935690492,,-16.632964792647797,24.787338,59.457342,16.188501236668362,32.3161128846875,160.3148843169134,5.947286451565772,0.0038070886805746077,2.7614562629574855
2026-09-16T17:50:06+03:00,21.86,290.11,33.48808717316912,21.1896,131.99801684223905,117.15268037039944,1.7188160896129567,6.95952,6.6095999999999995,0.47555496995858326,,-14.392699813686278,24.787429,59.457302,15.8573284911193,47.502144259066625,179.50016110130568,4.701591530308618,0.003675203679742523,2.765131466637228
2026-09-16T17:50:08+03:00,21.78,290.1,18.69431690289126,21.69504,125.99914872721935,119.28981294623739,-1.1008811075643636,6.53184,7.07616,0.46982539200727513,,-19.28575938410351,24.787526,59.457266,15.64848652247644,26.38285614115034,152.38200486836968,5.8515146531529005,0.0036689598952901704,2.7688004265325183
2026-09-16T17:50:10+03:00,21.71,290.1,34.731405588602996,22.29768,123.99952602221278,118.92884953530498,-0.320856365273261,6.454079999999999,6.4152,0.4469070802020421,,-22.408379367566496,24.787616,59.457233,17.386787224016444,46.94092772312317,170.94045374533596,4.406536204432292,0.0033899948314712698,2.7721904213639896
2026-09-16T17:50:12+03:00,21.56,290.1,42.615304849603135,22.861439999999998,126.99609529074696,118.79706924242488,-0.8074121248983561,6.5124,6.74568,0.40107045659157625,,-22.29378780854033,24.787714,59.457193,18.599091004239146,56.32923508579506,183.325330376542,3.61060384346253,0.0038394763504925335,2.776029897714482
2026-09-16T17:50:14+03:00,21.41,290.11,31.499923624065154,18.7596,125.99914872721935,120.5388609396226,-0.4493707987211046,6.84288,7.15392,0.3495042550298022,,-22.677669531277985,24.787805,59.457156,13.410485079474716,46.9626436483731,172.96179237559244,4.67009487936033,0.003559859677693616,2.7795897573921757
2026-09-16T17:50:16+03:00,21.33,290.11,35.098098577486724,20.003759999999996,125.99914872721935,118.58507485822648,-0.22969878006794706,6.37632,6.8623199999999995,0.6359831525952138,,-21.801044104727822,24.787896,59.457121,15.234578978471726,49.0231719776574,175.02232070487673,4.181295752378173,0.0034860227153614047,2.783075780107537
2026-09-16T17:50:18+03:00,21.18,290.1,29.603433322182134,20.56752,126.99609529074696,117.4105113782083,-1.3852973570673046,7.1928,6.55128,0.48701412586119974,,-20.16238481065367,24.787998,59.457081,14.748058391840942,43.54466980834627,170.54076509909322,5.213611063078179,0.003935488766304125,2.787011268873841
2026-09-16T17:50:20+03:00,21.0,290.09,28.560650135044035,21.24792,124.99647258574039,118.68247768339873,-0.6153566719705041,7.1150400000000005,6.68736,0.022918311805232933,,-24.803342951213338,24.788097,59.457045,15.379596074490644,41.33885292543903,166.3353255111794,5.342088762098848,0.0037184855626214773,2.7907297544364624
2026-09-16T17:50:22+03:00,20.81,290.09,27.804345845471342,21.36456,126.99609529074696,120.5388609396226,-1.2619968395551513,6.7068,6.62904,0.017188733853924696,,-29.278143331185067,24.788201,59.457006,15.745994729713694,39.26411682910111,166.26021211984806,5.1926509100388225,0.003948051196203075,2.7946778056326655
2026-09-16T17:50:24+03:00,20.62,290.1,32.061422263293366,22.394879999999997,129.99839413723248,119.55337353199756,-0.9557508980577263,6.68736,6.318,-0.3036676314193363,,-32.06271821552087,24.788303,59.456965,17.099997602618334,44.04275088018073,174.0411450174132,4.807016710051303,0.003972503756866841,2.7986503093895325
2026-09-16T17:50:26+03:00,20.43,290.1,31.84369830114365,23.17248,129.99839413723248,120.77377363562621,0.3645730450417428,7.270560000000001,7.52328,-0.9281916281119336,,-35.145231153324694,24.788401,59.456921,17.423713538477458,44.562029876553794,174.56042401378627,5.180210084584865,0.0039944547561206415,2.8026447641456533
2026-09-16T17:50:28+03:00,20.36,290.1,38.75929888837268,23.30856,130.99534070076012,119.43878197297141,-0.8561708332639891,6.78456,6.95952,-0.3609634109324186,,-32.95080279797364,24.788499,59.456881,18.51194495461242,52.02370029696432,183.01904099772446,4.174780371710428,0.003839497889259561,2.806484262034913
2026-09-16T17:50:30+03:00,20.06,290.1,38.27228476251149,20.898,132.9949634057667,119.89141863112475,0.1471928575691085,6.82344,6.72624,0.09740282517223994,,-28.097850273215574,24.788588,59.456842,16.105524797342238,53.48607250931687,186.48103591508357,4.060070789812938,0.0035897089761475595,2.8100739710110605
2026-09-16T17:50:32+03:00,19.83,290.1,26.46935418281653,21.65616,129.99839413723248,122.79631465243806,0.047211722318779833,6.62904,6.88176,0.12605071492878112,,-26.098227568209,24.788686,59.456818,15.997256036711887,37.11298327703014,167.11137741426262,5.286309524950539,0.003322970599122602,2.813396941610183
2026-09-16T17:50:34+03:00,19.68,290.1,34.68556896499253,23.21136,131.99801684223905,118.13243820007312,-0.8381226627173683,6.940079999999999,6.57072,0.26929016371148695,,-23.00998505245386,24.788781,59.456782,17.944624124063917,47.39980921392842,179.39782605616747,4.69759039040496,0.0036198374922289055,2.817016779102412
2026-09-16T17:50:36+03:00,19.38,290.1,35.218419714464204,23.7168,131.99801684223905,114.71188016314211,-0.746105640819358,6.82344,6.95952,0.27501974166279514,,-21.205167997791765,24.788882,59.456742,18.56417372164195,47.45623054180987,179.45424738404893,4.6136910106427145,0.00391137509461439,2.8209281541970266
2026-09-16T17:50:38+03:00,19.38,290.1,31.723377164166177,24.669359999999998,119.9945510342483,113.74931106732232,0.631227602895628,6.78456,7.07616,0.16615776058793874,,-21.932824397607913,24.78899,59.456709,19.232201543670673,42.4132844062666,162.4078354405149,5.009033723001903,0.003849381214801072,2.824777535411828
2026-09-16T17:50:40+03:00,19.23,290.1,31.030098232057878,22.880879999999998,115.99530562423517,116.19584085253096,3.306023773684363,6.6095999999999995,6.43464,0.21772396214971285,,-24.619996456771474,24.789094,59.456681,17.55102819923217,42.22397093869955,158.21927656293474,4.894564142164429,0.0035950758777841757,2.828372611289612
2026-09-16T17:50:42+03:00,19.31,290.09,28.51481351143357,23.405759999999997,123.99952602221278,119.78828622800123,-0.8431646913145195,6.318,6.82344,0.26356058576017866,,-22.505782192738735,24.789203,59.456646,18.10713958466098,38.103323161293844,162.10284918350663,4.971629350881106,0.0039384782058846,2.8323110894954966
2026-09-16T17:50:44+03:00,19.23,290.1,31.17333768084059,23.58072,128.99571799575352,118.13816777802444,-0.9925920842846381,5.5404,6.940079999999999,0.3036676314193363,,-17.618452200272817,24.789281,59.456616,19.05734828309898,39.82845134221668,168.8241693379702,4.254836443296952,0.00298804798897278,2.835299137484469
2026-09-16T17:50:46+03:00,19.2,290.1,29.89564179769885,25.58304,125.99914872721935,118.7397734629118,0.9795286465556554,6.201359999999999,6.454079999999999,0.3380450991271857,,-17.412187394025718,24.789373,59.456582,20.441894609173143,38.59233919188105,164.59148791910042,4.847007050181478,0.0034747748249043192,2.8387739123093736
2026-09-16T17:50:50+03:00,19.01,290.1,32.852104020573904,24.99984,126.99609529074696,117.28446066327953,0.2826973761175482,6.4152,6.4152,0.2119943841984046,,-20.42021581846254,24.789584,59.4565,19.91699015568584,42.914971774643305,169.91106706539028,4.698267927558476,0.003584249661388327,2.842358161970762
2026-09-16T17:50:52+03:00,18.93,290.1,22.361246791728526,24.57216,122.99684988073382,119.7080721366829,-0.024350706293059986,6.82344,6.318,0.08021409131831525,,-22.832368135963307,24.789685,59.456466,18.445404063097,30.45171868785613,153.44856856858996,5.882191082363591,0.003700657771477371,2.8460588197422396
2026-09-16T17:50:54+03:00,18.93,290.1,24.882261090304148,23.114160000000002,124.99647258574039,120.80815110333407,-0.9763200829029227,6.5124,6.82344,0.12032113697747288,,-25.44505568175986,24.78979,59.456428,17.42309626239627,33.93071479071031,158.92718737645072,5.403424068294077,0.003937546292555971,2.849996366034796
2026-09-16T17:50:56+03:00,18.78,290.11,41.051130068895986,24.43608,128.99571799575352,121.35819058665967,1.112855925482598,6.006959999999999,6.27912,0.22345354010102106,,-21.829691994484364,24.789873,59.456392,20.293227902591546,52.26069298932603,181.25641098507955,3.6766782331169545,0.0033332203657342884,2.85332958640053
2026-09-16T17:50:58+03:00,18.63,290.1,29.0247459491,23.34744,127.99877143222591,123.8219091057222,-0.15532885825996617,5.94864,6.6095999999999995,0.18907607239317165,,-17.429376127879646,24.789963,59.45635,18.373988117764434,38.06225426663792,166.06102569886383,4.683610227924552,0.0037324510174451694,2.857062037417975
2026-09-16T17:51:00+03:00,18.48,290.1,21.4387847415679,23.87232,128.99571799575352,120.80815110333407,-1.1248307434008322,6.4152,5.851439999999999,0.26356058576017866,,-16.993928203580218,24.790056,59.456315,18.05391280356017,28.901308363278247,157.89702635903177,5.616209234816311,0.0035349820296630688,2.860597019447638
2026-09-16T17:51:02+03:00,18.33,290.1,29.339872736421952,22.53096,117.99492832924174,121.48997087953977,0.5010515918419048,6.37632,6.08472,-0.022918311805232933,,-26.367517731920486,24.790151,59.456286,17.257709734022434,39.77018933688311,157.76511766612487,4.900944537905376,0.003385200984529277,2.863982220432167
2026-09-16T17:51:04+03:00,18.33,290.1,34.23866188479049,24.3,126.99609529074696,121.31235396304922,1.484533647183963,6.14304,5.754239999999999,0.246371851906254,,-26.28157406265086,24.790245,59.456253,19.529820372607574,44.432387569520614,171.4284828602676,4.386603985677247,0.003489879081531126,2.8674720995136984
2026-09-16T17:51:06+03:00,18.07,290.11,29.54613754266905,26.6328,130.99534070076012,119.93725525473523,-0.7253072728561092,6.4152,7.03728,0.25210142985756223,,-21.10203559466822,24.790333,59.45621,21.288204008238047,38.09211389745167,169.0874545982118,5.0488903343009,0.00372909808504971,2.871201197598748
2026-09-16T17:51:08+03:00,18.03,290.1,38.37541716563503,26.28288,127.99877143222591,119.20386927696775,0.2616125292567339,6.57072,6.82344,0.3036676314193363,,-20.35146088304684,24.790434,59.45617,21.521812242061316,49.30117884803272,177.29995028025863,4.284653530082921,0.003911416266352142,2.8751126138651
2026-09-16T17:51:10+03:00,18.03,290.11,35.676785950568856,22.68648,124.99647258574039,115.9609281565273,-1.1721570572786382,7.03728,6.6095999999999995,-0.03437746770784939,,-24.637185190625402,24.790544,59.456133,17.459213543653334,49.272838176715624,174.26931076245603,4.5915277634998,0.004029461141412844,2.879142075006513
2026-09-16T17:51:12+03:00,17.88,290.1,37.143557906103766,24.008399999999998,120.99722717572726,120.49302431601213,1.9938358312757514,6.8623199999999995,6.68736,-0.1546986046853223,,-32.60702812089515,24.790655,59.4561,18.99570162134113,49.74288432400763,170.7401114997349,4.434559934898662,0.00392825308489099,2.883070328091404
2026-09-16T17:51:14+03:00,17.77,290.11,47.181778476795785,25.68024,128.99571799575352,117.76574521118941,-2.378290511808534,6.804,7.6593599999999995,-0.005729577951308233,,-29.08333768084059,24.790757,59.456063,21.639137933063495,60.51646939476835,189.5121873905219,3.348747542988069,0.003828063312723501,2.8868983914041273
2026-09-16T17:51:16+03:00,17.32,290.1,40.18596379824844,25.23312,126.99609529074696,119.83412285161167,3.1946407783109314,6.76512,7.07616,0.13750987083139757,,-26.66545578538851,24.790851,59.456027,20.534251507522114,52.46001494892057,179.45611023966754,4.1220886790982405,0.003595447618475967,2.890493839022603
2026-09-16T17:51:18+03:00,17.17,290.1,42.019428742667074,25.155359999999998,124.99647258574039,121.07171168909427,-0.3704172145520772,7.07616,6.57072,-0.26929016371148695,,-25.559647240786024,24.790951,59.455992,20.454349896374286,55.409078218356186,180.40555080409658,4.017230259902412,0.0037090259697522897,2.8942028649923555
2026-09-16T17:51:20+03:00,17.02,290.11,41.11415542636037,23.85288,128.99571799575352,120.69355954430792,1.3797969622340485,6.9984,6.39576,0.0,,-24.76896548350549,24.791052,59.455952,19.14168320793388,55.02497465102259,184.02069264677613,4.011618101532644,0.00391143195760757,2.898114296949963
2026-09-16T17:51:22+03:00,16.87,290.11,41.43501179163363,21.44232,131.99801684223905,123.45521611683849,-0.14656260399446458,7.095599999999999,6.84288,0.18334649444186346,,-20.867122898664583,24.791146,59.455911,16.792577221171555,57.67294893732611,189.67096577956517,3.7943817740115624,0.0037839503034683406,2.901898247253431
2026-09-16T17:51:25+03:00,16.23,290.1,35.596571859250545,22.33656,130.99534070076012,120.93993139621415,1.5169630583883675,7.892639999999999,7.056719999999999,0.19480565034447989,,-21.93855397555922,24.791342,59.455813,16.568437866385224,51.694529102310156,182.68986980307028,4.892284186327498,0.003989456084651134,2.9058877033380823
2026-09-16T17:51:33+03:00,15.22,290.1,41.45793010343887,20.8008,124.99647258574039,119.31273125804263,-1.5162755090342108,7.63992,6.9984,0.25210142985756223,,-16.04854784161436,24.791779,59.455654,15.901079215995328,60.00609668314408,185.00256926888449,3.8192559495603584,0.00390678496617402,2.9097944883042564
2026-09-16T17:51:35+03:00,14.88,290.1,34.77151263426215,20.898,123.99952602221278,119.26689463443216,1.1374931106732233,7.776,7.1150400000000005,0.32658594322456924,,-17.710125447493745,24.79188,59.455617,15.17307549065042,51.7656507742532,175.765176796466,4.812406299731767,0.003803275017212341,2.913597763321469
2026-09-16T17:51:37+03:00,14.62,290.1,39.481225710237524,22.744799999999998,128.99571799575352,118.57934528027516,-0.7591117827688276,6.901199999999999,7.03728,0.29793805346802804,,-18.197139573354946,24.791964,59.455583,17.962426967098065,53.62083016960396,182.61654816535747,4.093282698407682,0.0032803485567633158,2.916878111878232
2026-09-16T17:51:39+03:00,14.21,290.1,29.231010755347096,21.44232,124.99647258574039,119.67369466897503,-0.5556544697178724,6.88176,6.6679200000000005,0.3036676314193363,,-17.778880382909446,24.792033,59.455557,15.79845996272113,41.51257054066414,166.50904312640455,5.153132946986712,0.002623921179875211,2.9195020330581074
2026-09-16T17:51:41+03:00,13.87,290.1,34.19282526118002,19.69272,126.99609529074696,117.39332264435438,1.110735981640614,6.53184,6.492959999999999,0.2807493196141034,,-14.41561812549151,24.79212,59.455525,14.75384028203198,48.59936586422029,175.59546115496727,4.319637521775302,0.003280624441621756,2.922782657499729
2026-09-16T17:51:43+03:00,13.53,290.11,38.913997493058005,18.876240000000003,124.99647258574039,115.05565484022063,-1.2274474845087626,6.6095999999999995,7.095599999999999,0.25210142985756223,,-14.089032182266944,24.792219,59.455492,14.347245827322594,55.73498537654105,180.73145796228144,3.7213470387682643,0.0036166417820990672,2.926399299281828
2026-09-16T17:51:46+03:00,13.27,290.12,38.90253833715539,19.40112,120.99722717572726,116.1500042289205,2.3136035767382643,6.78456,6.53184,0.3666929888837269,,-16.39805209664416,24.792311,59.455463,14.750042704502745,55.69221441783634,176.6894415935636,3.824037846402571,0.0033070392668640455,2.929706338548692
2026-09-16T17:51:48+03:00,13.08,290.12,38.684814375005686,19.1484,119.9945510342483,117.01517049956801,-0.5220791429232061,6.901199999999999,6.76512,0.4469070802020421,,-23.244897748457497,24.792408,59.455435,14.421546958555279,56.08842063937236,176.08297167362065,3.850268100964882,0.003407696538169246,2.933114035086861
2026-09-16T17:51:50+03:00,12.9,290.11,45.239451551302295,19.809359999999998,122.99684988073382,119.34137914779916,2.806920238345903,6.39576,6.24024,0.44117750225073393,,-23.43970339880198,24.792502,59.455405,15.96533076203491,61.76545613121846,184.76230601195226,3.0257190637279243,0.0033906968507082897,2.9365047319375694
2026-09-16T17:51:52+03:00,12.41,290.11,42.18558650325501,19.926,126.99609529074696,119.42159323911748,-0.8416750010471794,6.43464,6.72624,0.418259190445501,,-22.815179402109383,24.79259,59.455374,15.761973047564563,58.09671061085682,185.09280590160378,3.4006240651075172,0.003270817006117651,2.939775548943687
2026-09-16T17:51:54+03:00,12.07,290.1,44.769626159295015,19.828799999999998,124.99647258574039,119.12365518564945,0.9206858809957198,6.62904,6.76512,0.3781521447863433,,-24.723128859895024,24.792689,59.455339,15.826780011319206,61.925852701218034,186.92232528695843,3.119717735416845,0.0036839570462750795,2.943459505989962
2026-09-16T17:51:56+03:00,11.88,290.1,40.22034126595628,19.2456,126.99609529074696,118.44183540944378,-2.2621519667355163,6.57072,6.68736,0.34377467707849396,,-24.940852822044736,24.792789,59.455307,14.847560551045474,56.82488303210859,183.82097832285555,3.5954964910757767,0.003609854863738315,2.9470693608537006
2026-09-16T17:51:58+03:00,11.73,290.1,52.080567625164335,19.36224,125.99914872721935,116.11562676121264,-1.8955162736313027,6.62904,6.6679200000000005,0.3609634109324186,,-21.31975955681793,24.792879,59.455272,16.15800243617834,70.96418997147583,196.96333869869517,2.1621213403214674,0.0034618348882705257,2.9505311957419713
2026-09-16T17:52:00+03:00,11.47,290.11,48.247479975739125,17.496,125.99914872721935,108.54112470958316,-7.414818714126522,6.72624,6.804,-0.20053522829578813,,-16.95382115792106,24.792974,59.455236,13.950614042465075,69.32893659403089,195.32808532125023,2.3743786151247495,0.0036199438715409714,2.9541511396135123
2026-09-16T17:52:02+03:00,11.28,290.1,65.06952084078009,17.70984,115.99530562423517,89.66789493797383,-12.258603914162503,6.648479999999999,6.804,-0.6245239966925973,,-12.616530648780728,24.79308,59.4552,16.0803803674216,87.0893421683333,203.0846477925685,0.33760127267384116,0.003894508675014102,2.9580456482885262
2026-09-16T17:52:04+03:00,11.32,290.1,77.66313317775558,17.009999999999998,92.99677972768393,63.25454058244289,-13.47533708790232,6.55128,5.9292,-0.6073352628386726,,-8.525611991546649,24.793198,59.455187,16.87128367173245,99.95611259881406,192.952892326498,-1.132675589899005,0.0036883238734753262,2.9617339721620017
2026-09-16T17:52:06+03:00,8.17,290.11,102.70138882497255,15.27984,66.99595498464716,38.65173285952533,-10.150577594317179,6.492959999999999,6.24024,-0.19480565034447989,,-4.2456172619194,24.793315,59.455202,17.867826588414403,123.4639443449652,190.45989932961237,-3.5802968395889954,0.0036860232052976834,2.9654199953672995
2026-09-16T17:52:08+03:00,7.8,290.11,125.05247241302598,11.06136,46.99972793458143,23.50845833421768,-7.615010167745232,6.29856,6.492959999999999,-0.13178029288008933,,-1.8277353664673262,24.793412,59.455238,15.55804990453798,144.40714131457452,191.40686924915593,-5.121820884814387,0.0036691059769180636,2.9690891013442178
2026-09-16T17:52:10+03:00,10.98,290.1,137.61170728229362,8.49528,27.99471787009202,13.791094128798916,-2.1692182123652968,6.24024,5.851439999999999,0.18907607239317165,,-3.8445468053278242,24.793486,59.455285,13.762988001140306,155.40989821492133,183.40461608501334,-5.6743002204823245,0.0036181313614971657,2.972707232705715
2026-09-16T17:52:12+03:00,10.91,290.11,143.7881923138039,8.86464,19.996227050065727,12.009195385942055,-1.0160260581054887,6.43464,5.754239999999999,0.3666929888837269,,-6.4056681495626036,24.79354,59.455344,14.561312355152848,158.92127719892287,178.9175042489886,-6.004079949649964,0.003911224166748671,2.9766184568724636
2026-09-16T17:52:14+03:00,10.83,290.1,141.4046878860597,9.6228,18.999280486538098,9.768930406980537,0.1435259276802712,6.39576,6.35688,0.4297183463481174,,-6.755172404592407,24.793578,59.455403,15.156115931537434,156.66739786840486,175.66667835494297,-5.872722176048471,0.003731499216977027,2.980349956089441
2026-09-16T17:52:16+03:00,10.53,290.1,146.35504323598997,10.692,17.996604345059158,9.734552939272687,3.1159736730394694,6.57072,6.29856,0.21772396214971285,,-5.649363859989916,24.793614,59.455461,16.56697034635821,159.04897583050618,177.04558017556533,-6.1363061418229226,0.0036555798666817905,2.984005535956123
2026-09-16T17:52:18+03:00,10.38,290.11,144.85389381274723,8.8452,19.996227050065727,11.92325171667243,1.332069577899651,6.2208000000000006,6.045839999999999,0.31512678732195276,,-7.431262602846777,24.793651,59.455516,14.384751177178916,159.26929464326443,179.26552169333016,-5.8180309818253155,0.003493793478528942,2.9874993294346517
2026-09-16T17:52:20+03:00,10.38,290.1,138.44822566318462,9.93384,18.999280486538098,11.44196716876254,1.790836884460901,6.5124,5.890319999999999,0.38961130068895977,,-3.019487580339438,24.793698,59.455572,15.424643055364204,154.7113418801119,173.71062236665,-5.888298009483697,0.0036594333485652133,2.991158762783217
2026-09-16T17:52:22+03:00,10.31,290.1,139.52538631803057,9.48672,21.995849755072307,12.966034903810531,1.527104411362183,6.10416,5.90976,0.29220847551671986,,-4.738360965731908,24.793739,59.455622,14.675142784968868,155.18960963614725,177.18545939121955,-5.540754563321572,0.0032559065598712815,2.9944146693430884
2026-09-16T17:52:24+03:00,10.23,290.1,141.42760619786492,8.767439999999999,18.999280486538098,13.882767376019846,0.5095886629893542,6.0652800000000004,5.87088,0.5844169510334397,,-5.276941293154882,24.793781,59.45568,14.028734096952265,157.066262812386,176.06554329892407,-5.58585673535004,0.003714828359017144,2.9981294977021054
2026-09-16T17:52:26+03:00,10.23,290.1,144.73357267576975,9.408959999999999,23.995472460078876,13.195218021862859,1.442707728139413,6.045839999999999,5.890319999999999,0.3495042550298022,,-3.122619983462987,24.793827,59.455735,14.763851072964487,158.4100056905634,182.40547815064227,-5.621668449116369,0.0035921604001798234,3.001721658102285
2026-09-16T17:52:28+03:00,10.23,290.1,134.45470983112278,8.184239999999999,19.996227050065727,14.822418160034395,0.7954373069801218,6.10416,6.0652800000000004,0.27501974166279514,,-4.3258313532377155,24.793869,59.455789,13.199171337424211,153.73014828263635,173.72637533270208,-5.4737189641967,0.0034901780606337754,3.0052118361629185
2026-09-16T17:52:30+03:00,10.23,290.12,140.96351038380894,7.63992,19.996227050065727,16.776204241430506,0.751606035652614,5.9292,5.754239999999999,0.41252961249419273,,-6.70933578098194,24.793907,59.455844,12.80213789614491,157.92288041146193,177.91910746152766,-5.494463928086298,0.0035037910271861275,3.0087156271901048
2026-09-16T17:52:32+03:00,10.23,290.12,137.8752678680538,8.72856,20.99890319154467,19.663911528889855,-0.08737606375745055,5.94864,5.404319999999999,0.716197243913529,,-7.414073868992852,24.793946,59.455897,13.733001558077252,154.76575267416334,175.764655865708,-5.380975504339955,0.003401176595441761,3.0121168037855464
2026-09-16T17:52:34+03:00,10.12,290.12,134.5979492799055,10.225439999999999,25.99509516508545,19.079494577856416,-2.0082170719335353,6.0652800000000004,6.006959999999999,0.5786873730821314,,-6.4056681495626036,24.793986,59.455944,15.114210805268904,151.20125451914112,177.19634968422656,-5.315109357046208,0.0030779783916435707,3.01519478217719
2026-09-16T17:52:36+03:00,10.08,290.11,143.70797822248556,8.767439999999999,24.99814860155782,20.31135383738768,-0.4062843725272668,5.94864,5.773680000000001,0.3323155211758775,,-7.551583739824251,24.794037,59.455993,14.011718029437624,158.2618435147357,183.25999211629352,-5.525609190362873,0.003331916659774064,3.018526698836964
2026-09-16T17:52:38+03:00,9.93,290.11,139.4623609605662,9.8172,25.99509516508545,19.652452372987238,0.5043174512741507,6.0652800000000004,5.42376,0.011459155902616466,,-6.102000518143266,24.794081,59.456041,14.955585492181477,154.74543066309406,180.7405258281795,-5.485567353351936,0.0031828750883289374,3.021709573925293
2026-09-16T17:52:40+03:00,9.93,290.11,140.98642869561417,10.555919999999999,24.99814860155782,19.05657626605118,0.8905483009718386,5.79312,5.57928,0.8078704911344607,,-6.004597692971028,24.79412,59.456084,15.492484102349257,154.60111401769854,179.59926261925636,-5.233178064870706,0.002845973654795317,3.0245555475800883
2026-09-16T17:52:42+03:00,9.86,290.12,127.15522752115609,10.94472,25.99509516508545,18.815933992096234,-1.6247937154319887,5.851439999999999,5.90976,0.6760901982543714,,-7.8036851696818115,24.794162,59.456131,15.211391186973987,145.00887614943932,171.00397131452476,-4.793738923867678,0.003102734662276426,3.0276582822423648
2026-09-16T17:52:44+03:00,9.9,290.1,153.5284748310279,10.71144,20.99890319154467,19.21700444868781,-0.12966034903810528,5.90976,6.201359999999999,0.5557690612768985,,-10.095516350205104,24.794207,59.456182,16.216985281969748,162.8770477798998,183.87595097144447,-5.647810762438269,0.003359578363496969,3.0310178606058615
2026-09-16T17:52:46+03:00,9.75,290.11,136.60903114081466,11.35296,22.998525896551243,18.076818436377472,1.8059629702523547,6.27912,6.045839999999999,0.5042028597151245,,-9.419426151950734,24.794256,59.456236,16.490074636281886,151.77326889311496,174.77179478966622,-5.532425193561391,0.003574308136005363,3.034592168741867
2026-09-16T17:52:48+03:00,9.75,290.11,131.9508842664011,10.26432,24.99814860155782,17.870553630130377,0.5588057375910919,6.78456,6.4152,0.3495042550298022,,-8.548530303351884,24.794303,59.456293,15.636265240450713,150.77708594627697,175.7752345478348,-5.921068015714659,0.0037147848567643574,3.0383069535986316
2026-09-16T17:52:50+03:00,9.63,290.11,138.25914959079145,9.6228,22.998525896551243,18.11119590408532,0.8562281290435023,7.03728,6.454079999999999,0.3666929888837269,,-8.290699295543012,24.794351,59.456354,15.594214342635743,155.7433034021018,178.74182929865304,-6.415986933543859,0.003948869326851718,3.0422558229254832
2026-09-16T17:52:52+03:00,9.48,290.11,138.45968481908724,10.26432,21.995849755072307,16.993928203580218,-0.6986074396030127,6.84288,6.59016,0.21772396214971285,,-8.94387118199215,24.794404,59.456412,16.041362797760268,154.89205262922312,176.88790238429542,-6.196295930328414,0.0038438195896493724,3.0460996425151325
2026-09-16T17:52:54+03:00,9.41,290.11,134.15104219970345,9.60336,21.995849755072307,16.52983238952425,1.0465647085859617,7.056719999999999,7.03728,0.2864788975654116,,-9.161595144141863,24.794452,59.456471,15.376281686352764,153.37666429260221,175.3725140476745,-6.30850866042129,0.0038375055619805963,3.049937148077113
2026-09-16T17:52:56+03:00,9.45,290.11,131.2174982886336,9.583919999999999,21.995849755072307,15.807905567659413,-1.0861560922295017,7.36776,6.88176,0.07448451336700701,,-9.281916281119337,24.794497,59.456531,15.465789579262035,152.21625532499417,174.21210508006646,-6.518354951355506,0.0038595405046447685,3.053796688581758
2026-09-16T17:52:58+03:00,9.3,290.12,132.50092374972667,10.18656,19.996227050065727,13.372834938353414,-1.410736683171113,7.1150400000000005,7.270560000000001,-0.005729577951308233,,-7.797955591730505,24.794542,59.456591,15.884649233228414,151.78401347546105,171.78024052552678,-6.269570951999628,0.003859539636534074,3.057656228218292
2026-09-16T17:53:00+03:00,9.3,290.12,137.68619179566062,9.64224,17.996604345059158,11.56801788369132,-0.11058085446024887,7.095599999999999,7.3094399999999995,-0.18334649444186346,,-6.732254092787173,24.794584,59.456652,15.63667238356241,155.47324199198533,173.4698463370445,-6.455346298151134,0.003884542951450318,3.061540771169742
2026-09-16T17:53:02+03:00,9.33,290.11,136.55746493925292,8.456399999999999,16.99965778153153,11.86022635920804,0.10937764309047417,7.17336,7.1150400000000005,-0.1776169164905552,,-7.895358416902745,24.794618,59.456717,14.527735222237792,156.40567321562614,173.40533099715768,-6.573684077222173,0.004042682856308872,3.065583454026051
2026-09-16T17:53:06+03:00,9.63,290.12,142.22974711104806,8.63136,16.99965778153153,11.086733335781428,-0.8343984370490178,7.387199999999999,6.95952,-0.23491269600363757,,-4.961814505832929,24.794698,59.456849,15.161620404634474,159.59289266015736,176.5925504416889,-6.923570043359422,0.004102819967637442,3.0696862739936885
2026-09-16T17:53:10+03:00,9.86,290.11,158.81687528008538,8.57304,17.996604345059158,10.284592422598278,-0.7643829944840312,6.9984,7.095599999999999,-0.20053522829578813,,-3.506501706200638,24.794778,59.456982,15.308876685197571,168.32514059814815,186.3217449432073,-6.853614977638629,0.0041166964564662125,3.0738029704501546
2026-09-16T17:53:12+03:00,9.93,290.11,151.12205209147845,8.72856,14.994305498573642,9.637150114100445,-0.1620897602425099,7.542719999999999,7.3094399999999995,-0.3495042550298022,,-1.283425461093044,24.794809,59.457044,15.760105701933991,164.4859921373142,179.48029763588787,-7.267901668731199,0.0038450995191849956,3.0776480699693396
2026-09-16T17:53:14+03:00,10.08,290.11,161.70458256754475,9.38952,13.99735893504601,10.233026221036504,0.1416924627358526,7.2122399999999995,7.251119999999999,-0.5614986392282068,,-1.575633936609764,24.794849,59.45711,16.394269613025436,169.6424729222954,183.63983185734142,-7.094716679142134,0.004151002987586946,3.0817990729569265
2026-09-16T17:53:16+03:00,10.08,290.11,154.4509368811885,8.33976,15.996981640052585,11.229972784564136,0.1339002367220734,7.387199999999999,7.251119999999999,-0.34377467707849396,,-4.835763790904148,24.79489,59.457176,15.339128308809837,166.43870137151976,182.43568301157234,-7.181241978724441,0.004160095697160929,3.0859591686540875
2026-09-16T17:53:24+03:00,9.86,290.12,173.6335638621685,7.98984,15.996981640052585,10.63409667762808,-0.7686801779475125,7.46496,7.52328,-0.246371851906254,,-5.1508905782261,24.795047,59.457446,15.430981873793757,176.7085613974844,192.70554303753698,-7.45264585385727,0.0041086386721541565,3.0900678073262418
2026-09-16T17:53:26+03:00,9.78,290.12,165.3772420343333,7.970399999999999,11.997736230039438,11.178406583002362,0.11407589701054692,7.503839999999999,7.387199999999999,-0.13178029288008933,,-6.1650258756076575,24.795078,59.457511,15.348536707881955,172.46697414361364,184.46471037365308,-7.439077809337059,0.004020111296316179,3.094087918622558
2026-09-16T17:53:28+03:00,9.78,290.12,157.9230611196813,8.0676,16.99965778153153,11.401860123103383,-0.31065771651993235,7.29,7.4844,-0.37242256683503505,,-2.394963583646841,24.79511,59.457577,15.074202009105386,168.39561987399927,185.3952776555308,-7.140991487352826,0.004085751620767034,3.098173670243325
2026-09-16T17:53:30+03:00,9.93,290.12,142.26985415670723,8.184239999999999,14.994305498573642,10.622637521725462,1.7605847128779937,7.348319999999999,7.4844,-0.38961130068895977,,3.2486706983917677,24.795146,59.45764,14.700676852944047,160.08142651732976,175.0757320159034,-6.908726870586426,0.003943213878420566,3.1021168841217457
2026-09-16T17:53:32+03:00,9.93,290.13,153.86651993015508,9.56448,15.996981640052585,10.381995247770517,0.3211428441708264,7.36776,7.32888,-0.48701412586119974,,1.925138191639566,24.79518,59.457704,16.501295440916593,165.2085410489272,181.20552268897978,-7.123603168532682,0.003984614500523918,3.1061014986222695
2026-09-16T17:53:34+03:00,9.93,290.12,160.7821205173841,10.28376,15.996981640052585,10.467938917040142,-0.5131982970986784,7.42608,7.42608,-0.27501974166279514,,-2.647065013504403,24.795221,59.457768,17.46788532897584,168.82623806939404,184.82321970944662,-7.285311229770137,0.004045612120241694,3.110147110742511
2026-09-16T17:53:36+03:00,9.93,290.12,152.93259872409183,12.130560000000001,13.99735893504601,10.473668494991447,0.6175912073715144,7.542719999999999,7.2122399999999995,-0.2864788975654116,,-6.1936737653642,24.795261,59.457834,19.15710988950728,163.2535532937298,177.2509122287758,-7.222827451520539,0.004150995285826338,3.1142981060283375
2026-09-16T17:53:40+03:00,10.08,290.12,139.59414125344628,10.67256,16.99965778153153,10.445020605234907,0.7368237245382386,7.44552,7.46496,-0.6130648407899808,,-3.8903834289382897,24.795338,59.457969,17.03985451223814,156.04711735243689,173.04677513396842,-6.804309061104317,0.004150993849763474,3.118449099878101
2026-09-16T17:53:42+03:00,10.08,290.12,139.85770183920644,10.342080000000001,15.996981640052585,9.241809235460178,-1.3380856347485244,7.387199999999999,7.795439999999999,-0.4068000345428845,,-0.6073352628386726,24.795375,59.458033,16.683378944460337,156.44405939370455,172.44104103375713,-6.771626984864703,0.0040094711803677005,3.1224585710584685
2026-09-16T17:53:44+03:00,10.08,290.12,136.8267551029644,8.70912,10.995060088560496,10.731499502800318,0.33667000041887174,7.387199999999999,7.1928,-0.48701412586119974,,-2.956462222875048,24.795409,59.458098,14.975262389810851,156.55228347136622,167.54734355992673,-6.777191311432078,0.004042671957775325,3.1265012430162438
2026-09-16T17:53:48+03:00,10.08,290.12,131.18312082092578,10.16712,16.99965778153153,10.393454403673134,0.4842639284445717,7.270560000000001,7.251119999999999,-0.22918311805232927,,3.506501706200638,24.79549,59.45823,15.924198916722663,151.28075689210385,168.2804146736354,-6.376170814636651,0.004093584252084347,3.130594827268328
2026-09-16T17:53:50+03:00,10.01,290.12,152.5601761572568,13.122,17.996604345059158,10.433561449332291,-0.414133894320559,7.542719999999999,7.42608,-0.34377467707849396,,1.9079494577856415,24.795527,59.458295,20.11865352705579,162.5088336257096,180.50543797076875,-7.193969525615552,0.004067174490357256,3.1346620017586853
2026-09-16T17:53:56+03:00,10.08,290.12,146.17169674154812,10.28376,18.999280486538098,11.029437556268347,0.38995507536603835,7.23168,8.262,-0.4068000345428845,,-0.9568395178684748,24.795635,59.458501,16.78126231055923,160.05266962850493,179.05195011504304,-6.797827135954969,0.004018183207528234,3.1386801849662134
2026-09-16T17:54:46+03:00,10.98,290.12,148.13694197884683,12.77208,9.998113525032863,8.78344299935552,1.6812873540318876,7.62048,7.83432,0.05729577951308232,,-5.02483986329732,24.796383,59.460347,19.660208752107092,159.9439282302677,169.94204175530055,-7.158354716102942,0.004137344170947743,3.142817529137161
2026-09-16T17:55:04+03:00,11.13,290.12,162.91925309322207,13.14144,12.99468279356707,4.9904623955894705,-0.6696157751693932,8.04816,8.184239999999999,-1.3579099744600511,,4.767008855488449,24.796744,59.460997,20.968285231794916,169.3923606880777,182.38704348164478,-7.910623496547861,0.004058769228510754,3.146876298365672
2026-09-16T17:55:18+03:00,12.33,290.12,156.57661030112388,11.8584,16.99965778153153,6.004597692971028,-0.9948266196856483,8.04816,7.93152,-1.0198648753328654,,3.5351495959571793,24.796958,59.461508,19.5074717162421,166.01605363617753,183.01571141770907,-7.809640480777825,0.004036220206200035,3.150912518571872
2026-09-16T17:55:26+03:00,13.08,290.12,127.82558814145918,11.8584,17.996604345059158,8.445397900228334,-0.44461524902151883,7.29,7.387199999999999,-0.46982539200727513,,-0.8193296470370772,24.797079,59.46179,17.314606720040768,147.25012931050148,165.24673365556063,-6.131183305016499,0.003969101204091612,3.1548816197759635
2026-09-16T17:55:30+03:00,13.27,290.13,156.50212578775685,11.236320000000001,14.994305498573642,8.416750010471793,-0.3576402557206599,8.125919999999999,8.242560000000001,-0.5328507494716656,,1.650118449976771,24.797146,59.461928,18.967163914074554,166.33748869395382,181.33179419252747,-7.895987955930169,0.004064778232606089,3.1589463980085695
2026-09-16T17:55:52+03:00,15.03,290.12,166.37418859786095,10.28376,12.99468279356707,6.394208993659988,-0.8691196794339457,7.62048,6.940079999999999,-0.836518380891002,,-0.7677634454753031,24.797464,59.462725,17.78062194039666,172.1689690360434,185.16365182961047,-7.549412871497284,0.0039868771222453464,3.162933275130815
2026-09-16T17:56:00+03:00,15.48,290.13,155.52809753603447,9.350639999999999,10.995060088560496,6.056163894532801,0.8584626644445125,7.75656,7.5816,-0.985487407625016,,-2.343397382085067,24.797575,59.463005,16.721990711896968,166.60638283140815,177.60144291996866,-7.545594670532531,0.003927990551649958,3.166861265682465
2026-09-16T17:56:04+03:00,15.63,290.13,137.5945185484397,12.266639999999999,13.99735893504601,6.147837141753733,0.33019557733389343,7.56216,7.795439999999999,-1.2433184154338865,,1.598552248414997,24.797636,59.463138,18.564653922228477,153.5386758094532,167.5360347444992,-6.769912956124203,0.0038769450241739455,3.170738210706639
2026-09-16T17:56:08+03:00,15.78,290.13,147.66138700888825,10.90584,11.997736230039438,5.597797658428142,0.22924041383184238,7.6788,8.0676,-0.9682986737710912,,0.1604281826366305,24.797701,59.463278,17.872095128588022,160.94849789772664,172.94623412776608,-7.258197926797754,0.004051900377037078,3.174790111083676
2026-09-16T17:56:14+03:00,16.08,290.12,149.6151730902844,9.914399999999999,14.994305498573642,6.440045617270453,-1.1193303485675763,7.698239999999999,7.07616,-1.0026761414789407,,1.7818987428568602,24.797784,59.463484,17.00701861564606,162.85062155763808,177.84492705621173,-7.355970484454805,0.003992635678564845,3.1787827467622405
2026-09-16T17:56:34+03:00,16.98,290.13,-173.69259210944386,11.00304,8.995437383553925,6.978625944693427,1.8465856779271301,7.40664,7.9120800000000004,-0.7792226013779195,,-2.790304462287109,24.798039,59.464197,18.382864120660702,176.22960904392212,192.7658283396318,-7.390608948180286,0.003916095001948229,3.182698841764189
2026-09-16T17:56:36+03:00,17.13,290.13,-175.49167958615462,9.17568,10.995060088560496,7.0932175037195915,-0.5144015084684531,7.46496,7.75656,-0.27501974166279514,,-4.961814505832929,24.798066,59.464261,16.627899331629482,177.5139853255484,193.48107476301212,-7.457934269851603,0.003934271636395309,3.186633113400584
2026-09-16T17:56:56+03:00,18.03,290.13,181.13931097838227,11.39184,12.99468279356707,7.8896288389514355,0.10783065704362094,7.542719999999999,8.47584,-0.6073352628386726,,-5.311318760862731,24.798481,59.464989,18.933662835814662,179.3145381967231,192.30922099029019,-7.542180223386782,0.003988416270305766,3.19062152967089
2026-09-16T17:57:18+03:00,18.97,290.13,-168.14063107462619,9.25344,12.99468279356707,5.2998596049601145,0.22522970926592656,7.270560000000001,7.75656,-1.4381240657783663,,4.142484858795853,24.798876,59.465788,16.436863662741438,173.3562390011521,199.638443792415,-7.221735935113123,0.004166637548715206,3.1947881672196052
2026-09-16T17:57:20+03:00,19.08,290.13,-167.802585975499,11.06136,6.995814678547352,4.491989113825654,0.03684118622691194,7.13448,7.32888,-0.962569095819783,,-6.801009028202872,24.798896,59.465854,18.097667155641975,172.58035973502712,194.41545494352025,-7.07474267525611,0.004013848583996541,3.1988020158036017
2026-09-16T17:58:00+03:00,20.43,290.13,173.1007131126968,13.84128,12.99468279356707,9.826226186493619,-0.04915977882222463,7.6788,8.262,-1.082890232797256,,0.47555496995858326,24.799736,59.467347,21.48428722566815,175.5614211399445,188.5561039335116,-7.655770273904846,0.004093485915951933,3.2028955017195537
2026-09-16T17:58:10+03:00,20.73,290.13,179.368871391428,14.46336,15.996981640052585,8.055786599539374,-0.1302333068332361,8.28144,8.47584,-0.9281916281119336,,0.3036676314193363,24.799945,59.467692,22.744480513828133,179.59866613290805,195.59564777296063,-8.281236838952632,0.0040180920605781675,3.206913593780132
2026-09-16T17:58:29+03:00,21.18,290.11,163.15416578922574,13.083120000000001,18.999280486538098,14.054654714559092,-0.46484065918963685,8.203679999999999,8.63136,0.07448451336700701,,5.425910319888896,24.800378,59.468423,21.069323263361614,169.63306682668463,188.63234731322274,-8.06975893657099,0.003838048733081326,3.210751642513213
2026-09-16T17:59:31+03:00,21.93,290.116,165.594965996483,12.072239999999999,8.995437383553925,5.729577951308232,0.24413731650524378,7.8732,8.63136,-0.011459155902616466,,-5.941572335506637,24.801473,59.470722,19.795056451688794,171.27348515992335,180.2689225434773,-7.782058118901237,0.004082855161984611,3.2148344976751977
2026-09-16T17:59:55+03:00,22.35,290.117,164.3287292692439,11.00304,7.9984908200262925,3.878924273035673,0.012490479933851948,7.814879999999999,8.184239999999999,0.2864788975654116,,-3.477853816444097,24.801887,59.47158,18.647287857066516,170.82874314886783,178.82723396889412,-7.714977287918691,0.004104713680214324,3.218939211355412
2026-09-16T17:59:57+03:00,22.23,290.113,169.2389775735151,12.9276,6.995814678547352,5.162349734128718,0.6354101948000829,7.62048,8.00928,0.19480565034447989,,-2.773115728433184,24.801904,59.471646,20.463595405239364,173.22599569074427,180.22181036929163,-7.567282397022913,0.004000921620421792,3.222940132975834
2026-09-16T18:01:07+03:00,21.33,290.123,168.41391834852666,14.24952,8.995437383553925,8.58863734901104,2.811675788045489,7.44552,7.9120800000000004,-0.045836623610465865,,-8.955330337894766,24.80302,59.474245,21.595165843631978,172.38454375231098,181.3799811358649,-7.37984922093014,0.0037792365271586944,3.2267193695029923
2026-09-16T18:01:59+03:00,22.01,290.113,181.78102370892879,9.195120000000001,6.995814678547352,0.5729577951308232,0.952083968168889,7.36776,7.251119999999999,-0.20053522829578813,,-3.1398087173169116,24.803882,59.476172,16.560903885541048,179.0112313694502,186.00704604799756,-7.366662918754001,0.0037075201871347137,3.230426889690127
2026-09-16T18:02:01+03:00,22.08,290.108,176.710347222021,8.378639999999999,5.998868115019719,359.36485868400365,-0.7796236718345111,7.2122399999999995,7.6593599999999995,-0.395340878640268,,-3.454935504638864,24.803896,59.476235,15.584491960313185,178.2320856417122,184.2309537567319,-7.208806928106976,0.003810829159872135,3.234237718849999
2026-09-16T18:02:03+03:00,22.08,290.114,174.92271890121285,12.402719999999999,3.9992454100131463,359.5653939122994,-0.5759944714450166,7.3094399999999995,8.33976,-0.739115555718762,,0.19480565034447989,24.803908,59.476296,19.69410619722018,176.80501792907177,180.8042633390849,-7.29807856583918,0.0036848265214079697,3.237922545371407
2026-09-16T18:02:17+03:00,21.78,290.103,167.90971548881154,14.34672,4.996191973540778,0.790681757280536,1.3475394383681834,7.950959999999999,8.53416,-0.09740282517223994,,-3.8445468053278242,24.804011,59.476827,22.183915303363996,172.21497018055936,177.21116215410015,-7.877678118817609,0.004163579875979176,3.2420861252473863
2026-09-16T18:02:25+03:00,21.52,290.099,-174.5577583800914,14.40504,9.998113525032863,3.0825129378038287,-0.9127790634229146,7.814879999999999,7.5816,-0.3323155211758775,,-0.8995437383553924,24.804108,59.477125,22.197070774870536,176.47127377361187,193.526839751421,-7.80006349732944,0.0041006435575047726,3.246186768804891
2026-09-16T18:02:27+03:00,21.48,290.099,-177.15325719203406,14.91048,8.995437383553925,2.1199438419840457,-0.6167890664583312,7.13448,8.00928,-0.07448451336700701,,-2.6356058576017865,24.804131,59.47719,22.03900426777095,178.07446710215717,190.92097028139676,-7.130451456340099,0.003969591297918286,3.2501563601028094
2026-09-16T18:02:41+03:00,21.18,290.112,-161.55161643062175,13.160879999999999,9.998113525032863,4.8586821027093805,0.050534877530538605,7.40664,7.542719999999999,0.8537071147449266,,-3.5294200180058715,24.804256,59.477724,20.32249810752087,168.17438654068383,201.82372698434904,-7.2494405335027485,0.004087964657133351,3.254244324759943
2026-09-16T18:02:43+03:00,21.18,290.103,-170.63299748344525,10.16712,9.998113525032863,7.975572508221059,2.795231899325234,7.15392,7.15392,-0.34377467707849396,,-2.910625599264582,24.804279,59.477781,17.264957130574455,174.49998398076528,195.49812954426758,-7.120984579716483,0.003497343369450497,3.2577416681293934
2026-09-16T18:02:47+03:00,20.88,290.099,-162.0157122446777,10.63368,18.999280486538098,4.5951215169492015,-0.608939544665039,6.92064,7.32888,0.2119943841984046,,-3.6096341093241864,24.804346,59.477914,17.348283284773636,169.09080766662132,209.90847281991677,-6.795572700928285,0.003984452713327501,3.261726120842721
2026-09-16T18:03:15+03:00,19.53,290.09,166.4830505789358,11.58624,16.99965778153153,14.077573026364327,-1.0082911278712228,7.3094399999999995,7.93152,0.4354479242994257,,-6.829656917959412,24.80491,59.478907,18.77112396546441,171.7050633291488,188.70472111068034,-7.232972602024852,0.004066983050721263,3.2657931038934422
2026-09-16T18:03:17+03:00,19.38,290.1,142.41309360548993,11.72232,20.99890319154467,13.412941984012571,0.8799485817619184,7.17336,6.9984,0.03437746770784939,,-1.598552248414997,24.804956,59.478966,17.94820594981885,156.5230984870828,177.52200167862748,-6.579554663698757,0.0038142369258099508,3.269607340819252
2026-09-16T18:03:23+03:00,18.93,290.1,170.4536480991924,11.702879999999999,16.99965778153153,9.064192318969624,-0.6650321128083465,7.503839999999999,8.04816,-0.022918311805232933,,0.011459155902616466,24.805074,59.479169,19.14329865797404,174.1809910641116,191.18064884564313,-7.46517366380155,0.003992502897494449,3.2735998437167466
2026-09-16T18:03:26+03:00,18.86,290.09,172.36732713492935,11.97504,14.994305498573642,8.58863734901104,-0.21314029978866628,7.93152,10.14768,-0.1546986046853223,,-3.7643327140095084,24.805111,59.479227,19.864241064420963,175.40736929538107,190.40167479395473,-7.906053358786698,0.003664640152734197,3.2772644838694807
2026-09-16T18:03:27+03:00,18.63,290.09,169.13011559244023,11.4696,12.99468279356707,8.141730268808997,-0.8348568032851226,8.456399999999999,8.456399999999999,-0.2864788975654116,,-3.116890405511678,24.805151,59.479293,19.83847337943138,173.74077140333102,186.7354541968981,-8.405989625497261,0.004150767052557449,3.2814152509220382
2026-09-16T18:03:32+03:00,18.6,290.09,175.5243245861002,11.0808,10.995060088560496,5.861358244188322,0.8157773087072662,6.95952,6.804,-0.040107045659157625,,-1.627200138171538,24.805257,59.479505,18.02727980119115,177.25068559519514,188.24574568375564,-6.951509317680692,0.0038234368296242234,3.2852386877516624
2026-09-16T18:03:34+03:00,18.33,290.09,-173.65248506378472,10.555919999999999,7.9984908200262925,5.047758175102552,-0.31644459025075367,6.88176,6.7068,-0.02864788975654116,,-4.440422912263879,24.805276,59.479565,17.412122801027973,176.15687006831178,191.84162075171452,-6.8662849677111595,0.003652801197397869,3.2888914889490604
2026-09-16T18:03:36+03:00,18.33,290.09,173.0835243788429,11.72232,9.998113525032863,2.5783100780887045,-1.8260737888614467,7.01784,7.4844,0.492743703812508,,1.7876283208081685,24.805294,59.479628,18.708187148644885,175.6726262531381,185.67073977817097,-6.99783352581245,0.0038264412572569014,3.2927179302063174
2026-09-16T18:03:38+03:00,18.15,290.09,-170.8736397574002,10.28376,6.995814678547352,5.592068080476835,0.9927639716231773,7.32888,7.3094399999999995,-0.05729577951308232,,-4.131025702893235,24.805306,59.479693,17.55838546629619,174.669676318393,192.32613836015437,-7.297187517375312,0.003924135580829889,3.296642065787147
2026-09-16T18:03:46+03:00,18.03,290.09,-169.8881523497752,6.454079999999999,9.998113525032863,5.305589182911423,-0.41843107778404015,7.3094399999999995,7.07616,-0.17188733853924698,,-0.1432394487827058,24.805406,59.479975,13.710175505907909,175.25910106115404,194.73901246387882,-7.284431799721515,0.003999397222017756,3.300641463009165
2026-09-16T18:03:48+03:00,17.88,290.09,-172.30603424522727,7.15392,6.995814678547352,7.872440105097511,2.4857773941750767,6.6095999999999995,7.3094399999999995,0.24064227395494575,,-6.06189347248411,24.805431,59.480037,13.732556428497007,176.00064788049337,190.995166798054,-6.593504559706894,0.003804010178218803,3.304445473187384
2026-09-16T18:03:50+03:00,17.73,290.08,162.4379685453122,9.272879999999999,13.99735893504601,13.550451854843969,2.5971030937689954,6.97896,7.44552,0.4354479242994257,,-3.896113006889598,24.805456,59.480104,16.06516956903212,169.96996061890593,183.96731955395194,-6.872297597611312,0.004098882279017515,3.308544355466401
2026-09-16T18:03:52+03:00,17.73,290.08,158.98876261862463,10.7892,18.999280486538098,15.807905567659413,0.5048331132897683,7.4844,7.6593599999999995,0.22918311805232927,,-5.139431422323485,24.805496,59.480166,17.97738162588891,167.57356648062725,186.57284696716533,-7.309063753322141,0.003921602458683055,3.312465957925084
2026-09-16T18:03:56+03:00,17.62,290.07,160.89098249845895,11.58624,19.996227050065727,12.977494059713147,-1.554950160205541,7.2122399999999995,7.056719999999999,-0.29220847551671986,,-0.8995437383553924,24.805596,59.480293,18.551921777765653,168.20267100838245,188.19889805844818,-7.059895283794259,0.003995401210367572,3.316461359135452
2026-09-16T18:03:58+03:00,17.32,290.08,172.1839806404875,13.471919999999999,17.996604345059158,11.774282689938415,-0.28057743227556414,6.88176,7.4844,-0.040107045659157625,,-1.7876283208081685,24.80564,59.480353,20.31131954240711,174.82488691928876,192.8214912643479,-6.853707687077568,0.0038484365777154443,3.3203097957131673
2026-09-16T18:04:00+03:00,17.28,290.08,172.14387359482834,13.91904,13.99735893504601,11.99200665208813,0.431551811292536,7.23168,9.583919999999999,0.2864788975654116,,-1.9996227050065731,24.805668,59.480417,21.106005973925946,174.82822155070048,188.82558048574649,-7.202239249997865,0.003940696646054555,3.324250492359222
2026-09-16T18:04:06+03:00,17.17,290.09,174.16641461164014,11.72232,15.996981640052585,10.702851613043778,1.1816108608982967,7.40664,7.42608,-0.395340878640268,,0.21772396214971285,24.805743,59.480546,19.10544033258001,176.42461036478517,192.42159200483775,-7.392223766947091,0.003827700208801477,3.3280781925680234
2026-09-16T18:04:08+03:00,17.13,290.09,180.50332782578707,11.41128,14.994305498573642,10.679933301238545,-1.4325090793860842,6.940079999999999,7.1150400000000005,-0.38961130068895977,,-2.2689128687180604,24.805778,59.480607,18.351193483842177,179.68701929673378,194.68132479530743,-6.939976456399999,0.0038190483770256752,3.331897240945049
2026-09-16T18:04:10+03:00,16.83,290.1,168.26494932179267,10.51704,14.994305498573642,9.01262611740785,0.39832025917494834,6.940079999999999,7.542719999999999,-0.6130648407899808,,-0.017188733853924696,24.80581,59.480669,17.369510239153637,172.92617777667027,187.92048327524392,-6.887254237414851,0.0038525624268547732,3.3357498033719035
2026-09-16T18:04:14+03:00,16.68,290.09,171.65112989101584,8.86464,12.99468279356707,8.141730268808997,-1.3553316643819624,6.8623199999999995,7.970399999999999,-0.4239887683968092,,-0.13750987083139757,24.805868,59.480808,15.685914461979083,175.29315849249903,188.2878412860661,-6.839177482491957,0.004163661464246993,3.3399134648361506
2026-09-16T18:04:16+03:00,16.72,290.09,167.94409295651937,9.17568,10.995060088560496,5.706659639502998,-0.45733491207342303,7.40664,8.08704,-0.3552338329811104,,2.2689128687180604,24.805895,59.480873,16.49167906852466,173.32661463623378,184.3216747247943,-7.356458069497254,0.0039929805940875146,3.343906445430238
2026-09-16T18:04:20+03:00,16.53,290.09,171.78291018389592,10.342080000000001,11.997736230039438,6.783820294348947,-0.6645164507927288,6.84288,7.60104,-0.1432394487827058,,-3.105431249609062,24.805939,59.481015,17.142629850588822,175.05349644766835,187.0512326777078,-6.817394652964245,0.004132664166313417,3.3480391095965514
2026-09-16T18:04:22+03:00,16.5,290.1,167.49718587631733,13.06368,10.995060088560496,5.890006133944863,1.0184324808450382,6.97896,7.23168,-0.45836623610465854,,1.386557864216592,24.805965,59.481083,19.934473928778186,171.8438710308888,182.8389311194493,-6.908368872446554,0.004163660232603877,3.352202769829155
2026-09-16T18:04:29+03:00,16.08,290.09,179.24855025445058,12.130560000000001,10.995060088560496,5.0133807073947025,-1.6120740523800845,7.75656,8.22312,0.07448451336700701,,-1.7131438074411613,24.806064,59.48137,19.886713087573234,179.54163656460645,190.53669665316696,-7.756311794436969,0.004039835587287341,3.3562426054164427
2026-09-16T18:04:33+03:00,16.08,290.09,174.32684279427676,13.9968,11.997736230039438,5.494665255304595,-0.32882047862557945,7.73712,8.28144,0.18334649444186346,,0.7677634454753031,24.80612,59.481508,21.709500678139477,176.34583353636276,188.3435697664022,-7.721389826485637,0.00401287785786088,3.3602554832743037
2026-09-16T18:04:40+03:00,15.93,290.09,-171.36065388326142,13.93848,7.9984908200262925,5.443099053742821,-0.3590153544289738,7.1928,6.97896,0.017188733853924696,,-1.7131438074411613,24.806179,59.481643,21.077377943433948,174.29901871395154,193.69947210607475,-7.157223467493624,0.0041169067940153865,3.364372390068319
2026-09-16T18:04:42+03:00,16.08,290.09,177.8161557666235,14.4828,10.995060088560496,4.394586288653414,-1.2404536264582322,6.648479999999999,7.03728,-0.11459155902616464,,3.0080284244368216,24.806204,59.481706,21.12797022412481,178.5032107540405,189.49827084260102,-6.646211474238718,0.0038629073378136573,3.3682352974061325
2026-09-16T18:04:58+03:00,15.86,290.1,-174.31711610613647,10.43928,7.9984908200262925,1.9308677695908742,-0.5624726674799291,7.73712,7.892639999999999,0.4640958140559668,,-0.5042028597151245,24.806412,59.48228,18.154547084083852,176.7358015108536,191.26268930917269,-7.724567225643104,0.0038903623990412884,3.3721256598051736
2026-09-16T18:05:08+03:00,16.08,290.11,-150.80292819396746,7.2122399999999995,0.0,359.0038952730712,-1.0544142303792539,7.46496,7.01784,-0.1546986046853223,,2.2517241348641353,24.806446,59.482644,14.203498398467577,165.65841244111138,194.34158755888862,-7.232323438056534,0.0036193560702432862,3.3757450158754168
2026-09-16T18:05:12+03:00,15.93,290.09,-146.89535603117525,12.15,353.99624414362785,357.9381937741279,2.352392819468621,7.75656,7.6788,-0.23491269600363757,,-8.284969717591705,24.806448,59.482836,19.12263831198254,159.69476452503082,194.30147961859703,-7.27454586823847,0.004041188347517984,3.3797862042229347
2026-09-16T18:05:14+03:00,15.93,290.1,-153.98857353489487,9.972719999999999,1.9996227050065731,358.3392642307195,-2.2281755694842587,7.93152,9.17568,0.8078704911344607,,-3.168456607073453,24.806453,59.482904,17.451000893493287,165.48589696924338,196.5137257357632,-7.678393323463348,0.004090172837485165,3.38387637706042
2026-09-16T18:05:33+03:00,16.23,290.09,-151.61079868510194,9.00072,352.9992975801002,352.20288624486835,0.5039736765970722,6.901199999999999,7.095599999999999,0.962569095819783,,-2.790304462287109,24.80647,59.48367,15.425004092877192,163.89269924039098,189.1065983397092,-6.630285183565383,0.003899925401342069,3.387776302461762
2026-09-16T18:05:35+03:00,16.16,290.09,-152.55617904706781,13.0248,354.99892028510675,351.9622439709134,0.5918081065906273,7.1928,7.348319999999999,0.3552338329811104,,-5.036299019199936,24.806458,59.483733,19.68921964952777,162.24904565135657,192.74987463375018,-6.850355981828371,0.0038044573773746812,3.3915807598391368
2026-09-16T18:05:37+03:00,16.23,290.11,-166.42175768923371,11.372399999999999,0.9969465635276323,349.09172541730806,0.08766254265501595,6.95952,7.29,-0.5328507494716656,,0.41252961249419273,24.806453,59.483798,18.210849515521584,171.56935148174722,189.42759508178042,-6.884315768291364,0.003909980884153843,3.395490740723291
2026-09-16T18:05:39+03:00,15.93,290.1,-164.8919603762344,9.00072,0.9969465635276323,348.8281648315478,-0.44123479803024696,6.97896,7.9120800000000004,-1.065701498943331,,5.1508905782261,24.80645,59.483863,15.843227580149666,171.4847541698193,189.51219239370835,-6.902027418757466,0.003908074377852297,3.399398815101143
2026-09-16T18:05:55+03:00,15.63,290.1,-157.52372313085203,10.303199999999999,341.9985079135884,336.45800603467336,-2.081555669710281,7.17336,7.36776,0.1776169164905552,,-3.0481354700959793,24.806175,59.484439,17.152307438974084,166.72389397162974,175.27461394195868,-6.9816499844936,0.003960414923507539,3.403359230024651
2026-09-16T18:05:57+03:00,15.41,290.09,-148.04127162143692,9.136800000000001,340.99583177210945,336.23455249457237,0.10571071320163689,7.270560000000001,8.28144,-0.10886198107485642,,-0.5614986392282068,24.806146,59.4845,15.781759182070175,162.15509967415966,178.8407320979498,-6.920770011578706,0.0037718906554206435,3.4071311206800714
2026-09-16T18:06:29+03:00,16.08,290.11,-151.90873673856996,7.348319999999999,342.99545447711597,335.094366482262,-1.013275860688861,7.270560000000001,7.13448,-0.9396507840145503,,3.8903834289382897,24.805408,59.485694,14.181828196843318,165.87812415785348,177.1173303192625,-7.050835904939771,0.0040669200285522854,3.4111980407086238
2026-09-16T18:06:31+03:00,16.08,290.1,-139.7391131699913,9.583919999999999,339.9988852085818,333.44997761023654,-0.4538971653026382,7.52328,8.125919999999999,0.27501974166279514,,2.125673419935354,24.805368,59.485756,16.077795792375653,157.34143569517366,182.65744951340812,-6.942610162992554,0.003921539545400479,3.415119580254024
2026-09-16T18:06:33+03:00,15.93,290.1,-147.87511386084898,14.4828,340.99583177210945,334.555786154839,-0.4597986305924856,8.08704,9.272879999999999,0.18907607239317165,,0.3323155211758775,24.805321,59.485821,21.760802359668645,159.27305753025695,181.7227742418525,-7.563628261894038,0.0041620012840928155,3.419281581538117
2026-09-16T18:06:47+03:00,16.53,290.1,-140.42666252414827,14.65776,335.9996397985687,334.76778053903746,-0.41522251413130756,7.5816,7.83432,0.08594366926962349,,-8.502693679741416,24.804966,59.486347,21.06299240163166,153.6831703134401,182.3164694851286,-6.795814521383396,0.0038378105047855893,3.4231193920429024
2026-09-16T18:06:49+03:00,16.35,290.1,-159.66085570669,15.085439999999998,338.9962090671029,334.3896283942511,-1.0555601459695156,7.251119999999999,8.43696,0.05156620156177409,,-7.299482309966689,24.804921,59.48641,22.029112700929506,166.23036502613112,172.76584404097176,-7.042726864753868,0.004028137071099047,3.4271475291140012
2026-09-16T18:06:51+03:00,16.38,290.1,-168.90839452010147,11.10024,338.9962090671029,332.92858601666745,2.2107003567327683,8.262,9.48672,-1.1974817918234204,,2.337667804133759,24.804879,59.486473,19.273562285446133,173.63876506161728,165.3574440054856,-8.211131767591791,0.0039978468908214064,3.4311453760048227
2026-09-16T18:07:07+03:00,16.42,290.123,-156.20592020205115,9.37008,342.99545447711597,334.7505918051835,0.4772165475644627,8.00928,9.020159999999999,-0.08594366926962349,,-0.22918311805232927,24.80451,59.487041,17.008358742556716,167.15788741980157,175.8375670573144,-7.808937888958681,0.0037708899159403773,3.434916265920763
2026-09-16T18:07:09+03:00,16.53,290.117,-148.3162913630997,6.648479999999999,342.99545447711597,335.84494119388336,1.361462312789862,7.7176800000000005,7.7176800000000005,0.09167324722093173,,-0.5786873730821314,24.804473,59.487104,13.823598212948369,165.36798715530068,177.6274673218153,-7.46738159792754,0.003951559179156701,3.4388678250999196
2026-09-16T18:07:23+03:00,16.95,290.116,-145.13064602217233,8.14536,344.9950771821226,336.19444544891314,-2.650846534952267,7.56216,7.46496,0.045836623610465865,,2.137132575837971,24.804232,59.487599,14.986922125672143,161.89727783955328,183.09779934256932,-7.187840416142109,0.004110649471489475,3.442978474571409
2026-09-16T18:07:25+03:00,16.83,290.117,-141.11421187830527,8.63136,343.998130618595,335.4839777829509,0.8738752291335316,7.07616,7.3094399999999995,-0.017188733853924696,,-0.47555496995858326,24.804201,59.487658,14.820822293273045,158.55542018257452,185.44271043602046,-6.586289022350351,0.0036703774284326082,3.4466488519998415
2026-09-16T18:07:27+03:00,16.83,290.117,-147.39955889089038,9.37008,341.9985079135884,336.68718915272564,-0.18237246619014102,7.36776,7.63992,-0.9682986737710912,,-1.2032113697747289,24.804167,59.487716,16.074876197551955,161.69625977769496,180.30224813589345,-6.994988023984611,0.0036373847467182064,3.45028623674656
2026-09-16T18:07:29+03:00,17.02,290.117,-144.93584037182785,5.79312,345.9977533236015,336.53822012599164,1.1496398159299968,7.348319999999999,7.814879999999999,-0.08594366926962349,,-0.246371851906254,24.804136,59.487781,12.53975403169814,164.60900171029448,181.38875161330702,-7.084788035488595,0.0040199116473684906,3.4543061483939286
2026-09-16T18:07:31+03:00,17.1,290.117,-137.98013273893966,7.40664,346.9946998871292,338.89880624193063,-0.33466464813591384,7.17336,7.776,-0.23491269600363757,,-0.25210142985756223,24.804102,59.487845,13.610953506000167,158.63798780521296,188.3567120819162,-6.680532442577576,0.003984373234089619,3.458290521628018
2026-09-16T18:07:37+03:00,17.28,290.121,-153.06038190678294,7.5816,349.9969987336147,340.2509866384394,0.3728809330711398,7.3094399999999995,6.88176,0.20053522829578813,,-1.7818987428568602,24.803997,59.48805,14.481567872773455,166.2793700801307,183.717628653484,-7.100856219926566,0.004051777415841643,3.4623422990438595
2026-09-16T18:07:39+03:00,17.13,290.108,-138.7077891387558,8.767439999999999,346.9946998871292,340.65778667298224,-1.467860575345656,6.59016,6.59016,-0.7964113352318443,,-2.0511889065683473,24.80397,59.488113,14.391765334761333,156.2961240188379,190.69857586829127,-6.03418378784031,0.003875395565321217,3.4662176946091807
2026-09-16T18:07:41+03:00,17.1,290.113,-149.75441542887808,5.598719999999999,343.998130618595,337.73570191781505,-0.9276759660963159,6.648479999999999,7.32888,-0.25210142985756223,,1.9595156593474157,24.803937,59.488173,11.826237857841598,166.20417401371876,177.79395660487623,-6.456682352324935,0.00374443492679177,3.4699621295359724
2026-09-16T18:07:43+03:00,17.21,290.117,-130.38271237550495,9.37008,343.998130618595,337.39765681868784,-1.6941789044223312,7.348319999999999,9.4284,0.13750987083139757,,4.9446257719790045,24.803909,59.488238,15.19922050662828,151.9918660771654,192.00626454142957,-6.487691639814853,0.003999352541054352,3.473961482077027
2026-09-16T18:07:47+03:00,17.13,290.125,-136.52481993930735,13.471919999999999,338.9962090671029,337.2257694801486,2.9034063310459333,7.52328,8.53416,-0.29793805346802804,,-3.214293230683918,24.80383,59.488375,19.6262726104114,151.81717883124003,187.17903023586285,-6.631358261886705,0.0041619638943515965,3.4781234459713786
2026-09-16T18:07:55+03:00,17.28,290.125,-153.81668619635562,9.29232,344.9950771821226,339.50614150476935,-1.1910646645179555,7.73712,7.17336,-0.13178029288008933,,-1.9767043932013404,24.803697,59.488652,16.59056742557038,165.6916902939946,179.303386888128,-7.497113752450349,0.004129969680770611,3.482253415652149
2026-09-16T18:07:57+03:00,17.28,290.13,-163.98095748197642,7.36776,347.9973760286081,337.91331883430564,-1.597406332824735,6.6095999999999995,6.37632,-0.48701412586119974,,1.478231111437524,24.803678,59.488715,13.841412980874454,171.55318244395124,176.44419358465683,-6.537903258128407,0.003830920039841808,3.486084335691991
2026-09-16T18:07:59+03:00,17.28,290.128,-153.13486642014996,11.58624,346.9946998871292,337.23722863605127,-0.22797990668255455,6.337439999999999,7.1928,-0.4354479242994257,,1.4438536437296745,24.803655,59.488771,17.475947048772877,162.56664462327686,184.42805526385231,-6.046336518350591,0.0034384339376245486,3.4895227696296156
2026-09-16T18:08:01+03:00,17.21,290.13,-154.3667256796812,11.8584,341.9985079135884,338.38887380426416,-0.0602751600477626,7.36776,6.804,-0.6245239966925973,,-0.9052733163067008,24.803618,59.488836,18.773587829920288,164.1416997718266,177.8568081417618,-7.087346310043631,0.004066890856368806,3.4935896604859846
2026-09-16T18:08:07+03:00,17.21,290.13,-149.26167172506555,10.478159999999999,343.998130618595,337.57527373517837,1.985126872789763,7.56216,8.59248,-0.6359831525952138,,0.6302535746439055,24.803507,59.48904,17.41232533826889,162.08691886017334,181.91121175842164,-7.195578295765794,0.004064623471396153,3.497654283957381
2026-09-16T18:08:11+03:00,17.28,290.125,-142.4778514307166,12.013919999999999,343.998130618595,338.887347086028,-1.055101779733411,7.29,6.74568,-0.7219268218648373,,0.6359831525952138,24.803438,59.489172,18.3412992259627,156.48733089125662,187.51079972733837,-6.684725016175324,0.004017879099602057,3.501672163056983
2026-09-16T18:08:13+03:00,17.13,290.125,-160.04473742942767,8.125919999999999,344.9950771821226,337.6325695146915,0.7558459233365821,7.07616,7.46496,-0.4640958140559668,,0.040107045659157625,24.803401,59.489235,14.9732604605166,169.32636027021738,175.66871691190522,-6.953729078138444,0.003951538815213678,3.5056237018721967
2026-09-16T18:08:15+03:00,17.28,290.131,-169.30946497669308,13.880159999999998,344.9950771821226,338.142501952358,-0.38422549741473006,7.095599999999999,8.04816,-0.3552338329811104,,-0.05729577951308232,24.803355,59.489296,20.894106404468747,172.92131401307492,172.07376316904768,-7.041516264910195,0.003926105268165649,3.5095498071403624
2026-09-16T18:08:21+03:00,17.13,290.127,-154.01722142465138,7.44552,344.9950771821226,336.4236285669655,-0.7519498103296924,7.1928,7.42608,-0.8766254265501595,,5.8957357118961715,24.803245,59.489509,14.263748663916216,166.78040056836815,178.21467661375445,-7.00219607144029,0.004100547253876719,3.513650354394239
2026-09-16T18:08:23+03:00,17.13,290.123,-140.5183357713692,13.25808,341.9985079135884,336.53822012599164,-1.6563636899436969,7.776,8.41752,-0.2807493196141034,,4.7039834980240585,24.803213,59.489571,19.884311283203495,154.91594600751273,187.08256190607568,-7.042620735813884,0.003852497159800237,3.517502851554039
2026-09-16T18:08:27+03:00,17.13,290.124,-151.56496206149149,8.41752,340.99583177210945,336.45800603467336,-0.37127665124477344,7.56216,7.75656,-0.7505747116213785,,4.205510216260243,24.80313,59.489701,15.49165166415556,165.00547885972946,175.99035291238,-7.304672771670872,0.0038364847484930967,3.5213393363025323
2026-09-16T18:08:35+03:00,17.1,290.138,-145.84111368813456,8.47584,345.9977533236015,339.47176403706146,-0.7950935323030435,8.14536,7.795439999999999,-0.8594366926962348,,4.096648235185386,24.802992,59.489989,15.88847579524087,162.5705404753017,183.4272128482998,-7.771377572728687,0.003837478120526444,3.525176814423059
2026-09-16T18:08:41+03:00,16.95,290.139,-152.79109174307143,11.80008,341.9985079135884,336.82469902355706,0.8840165821073471,7.73712,9.70056,-0.9339212060632418,,0.5729577951308232,24.802885,59.49019,19.013072780594026,163.51439593460574,178.48411197898267,-7.419055239090901,0.0037469505597516727,3.5289237649828107
2026-09-16T18:09:17+03:00,16.35,290.13,-141.93927110329363,13.25808,349.9969987336147,338.33157802475114,-0.7741805727807684,8.8452,8.203679999999999,-0.8422479588423101,,0.26929016371148695,24.802133,59.491637,20.94473009352492,157.0303091230275,192.9666896105872,-8.143876643931375,0.004124643568961664,3.5330484085517724
2026-09-16T18:09:27+03:00,15.93,290.145,-155.8334976352161,11.89728,343.998130618595,337.19139201244076,-1.8963757103239989,8.61192,8.30088,-0.3666929888837269,,-6.176485031510275,24.801935,59.492001,20.066596476454567,165.95269190799078,178.0454387106042,-8.354386087104361,0.0027525616666091352,3.5358009702183817
2026-09-16T18:09:29+03:00,16.01,290.145,-154.3839144135351,10.26432,343.998130618595,335.91369612929907,-0.2758791783554914,8.59248,8.00928,-0.3380450991271857,,-5.202456779787875,24.801898,59.492066,18.391344499005534,166.037254145785,177.96087647280999,-8.338596451871314,0.004066860868015035,3.5398678310863967
2026-09-16T18:09:41+03:00,15.56,290.124,-143.53782335170865,10.4004,341.9985079135884,338.0221808153805,0.10702851613043779,7.5816,7.98984,-0.2864788975654116,,-1.1401860123103382,24.801657,59.492502,17.10209905594978,158.8131682731869,183.1853396404015,-7.069136067113314,0.004078324930557985,3.5439461560169545
2026-09-16T18:09:49+03:00,15.03,290.136,-142.30023451422605,9.8172,347.9973760286081,337.2601469478565,-1.7259207662725788,7.13448,8.82576,-0.418259190445501,,2.194428355351053,24.801537,59.492801,16.065931043374185,158.05750014637167,189.9398758822364,-6.617653491315994,0.0039880928840244955,3.547934248900979
2026-09-16T18:09:51+03:00,15.03,290.138,-143.8586797169819,8.22312,341.9985079135884,336.9851272061937,0.06663499157371475,7.85376,8.80632,-0.29793805346802804,,0.6589014644004466,24.801499,59.492867,15.2843124496473,161.49984501013716,180.49866290345125,-7.447899649123477,0.0041330886741874386,3.5520673375751666
2026-09-16T18:09:55+03:00,15.0,290.136,-153.65052843576768,5.57928,346.9946998871292,337.7242427619124,0.2696339383885654,7.7176800000000005,7.795439999999999,0.09167324722093173,,-1.8907607239317168,24.801428,59.493002,12.956147913366179,168.98113914918966,178.0135607379395,-7.575399313499444,0.003794357549839939,3.5558616951250066
2026-09-16T18:09:57+03:00,14.77,290.134,-156.44656247600608,6.08472,345.9977533236015,337.99926250357527,-0.12496209511803257,7.62048,7.60104,0.14896902673401402,,-2.3147494923285254,24.801397,59.493066,13.420371964368481,169.56160221398142,176.43615110962008,-7.494363127492986,0.003961482111943858,3.5598231772369506
2026-09-16T18:09:59+03:00,14.77,290.131,-149.24448299121164,5.90976,342.99545447711597,338.887347086028,0.12880091234540905,6.6679200000000005,7.6593599999999995,-0.03437746770784939,,-3.2945073220022336,24.801372,59.493124,12.129045559508459,165.57201610472688,177.42343837238909,-6.457624356544186,0.0035687297613113543,3.563391906998262
2026-09-16T18:10:01+03:00,14.73,290.131,-138.01451020664751,8.63136,348.9943225921357,337.86175263274384,-0.5002494509287216,6.92064,7.42608,-0.005729577951308233,,0.3552338329811104,24.80135,59.493188,14.532676875530013,156.5902885918276,192.4040340003081,-6.350983418594469,0.0039050252061374395,3.5672969322043993
2026-09-16T18:10:03+03:00,14.62,290.136,-143.12529373921447,12.38328,346.9946998871292,337.6612174044481,-1.2687004457581819,7.5816,8.30088,0.13178029288008933,,-2.6814424812122524,24.801315,59.493255,19.000867015196015,156.97847865384378,190.0162212332854,-6.977786385186921,0.004166414770640269,3.5714633469750394
2026-09-16T18:10:09+03:00,14.43,290.138,-156.95649491367254,10.555919999999999,348.9943225921357,341.8552684648057,-1.1800638748514436,7.251119999999999,7.5816,-0.1432394487827058,,-4.961814505832929,24.801213,59.493465,17.46069132370688,166.3116669831706,182.6826556089651,-7.045168806567663,0.003844848378600895,3.5753081953536405
2026-09-16T18:10:13+03:00,14.13,290.131,-140.54698366112575,9.6228,346.9946998871292,337.9648850358674,1.1419048856957308,7.36776,8.1648,-0.22918311805232927,,0.5614986392282068,24.801154,59.493601,16.01156185051757,157.5487817651826,189.44591812194656,-6.809320742919937,0.003852467616271385,3.5791606629699118
2026-09-16T18:10:37+03:00,13.38,290.13,-154.55580175207436,12.77208,343.998130618595,339.25404007491176,2.227774499027667,8.80632,8.90352,0.6875493541569879,,-4.056541189526229,24.800703,59.49449,21.0667539884313,164.9019497039979,179.09618091459708,-8.50233899873251,0.0024962561166318835,3.5816569190865435
2026-09-16T18:10:45+03:00,13.38,290.108,-160.2108951900156,7.542719999999999,348.9943225921357,339.47176403706146,-0.037643327140095086,7.251119999999999,9.719999999999999,-1.2204001036286536,,1.082890232797256,24.800586,59.494791,14.573877657431305,169.908455581403,179.0858670107327,-7.138938281249814,0.004093252045049194,3.585750171131593
2026-09-16T18:10:47+03:00,13.38,290.121,-153.5932326562546,6.2208000000000006,341.9985079135884,338.8014034167584,0.4546420104363082,8.30088,11.702879999999999,-0.3609634109324186,,0.48701412586119974,24.800543,59.494853,14.145786281959271,168.72134390839102,173.2771640051974,-8.14056995767675,0.003950883291820063,3.589701054423413
2026-09-16T18:11:01+03:00,13.35,290.134,-153.07757064063685,5.443199999999999,344.9950771821226,341.4713867420681,1.7225976110608203,7.892639999999999,8.02872,0.09167324722093173,,-1.6329297161228462,24.800297,59.495368,12.982002342337124,169.05615135653514,175.93892582558746,-7.749102158528241,0.0017601307114605462,3.591461185134874
2026-09-16T18:11:09+03:00,13.65,290.134,-154.68758204495447,10.555919999999999,344.9950771821226,344.67422081684936,0.09144406410287938,6.47352,7.40664,0.14896902673401402,,-6.216592077169432,24.800188,59.495652,16.639721359646117,164.2624131345501,180.7326640475725,-6.230853768186933,0.0037062668591904217,3.5951674519940644
2026-09-16T18:11:11+03:00,13.65,290.13,-165.6539942437584,10.12824,348.9943225921357,345.7055448480848,0.7907390530600492,7.23168,7.9120800000000004,0.1604281826366305,,-8.65739228442674,24.800161,59.495713,17.22785211516484,171.62404248199422,177.37028011014147,-7.154543612833624,0.0037579750701982714,3.5989254270642625
2026-09-16T18:11:13+03:00,13.38,290.121,-171.73880602804778,11.702879999999999,351.9966214386213,343.2418263290223,-1.655733436369053,6.804,8.61192,0.1546986046853223,,-1.2032113697747289,24.800143,59.495775,18.462180105255257,174.77424489682065,177.22237654180063,-6.775719566110904,0.0037669280438145146,3.602692355108077
2026-09-16T18:11:27+03:00,13.23,290.134,-158.9618471966304,8.57304,350.99967487509366,344.85756731129123,0.2522160214165884,7.03728,6.88176,0.1776169164905552,,-0.32658594322456924,24.799945,59.496291,15.350536422530947,168.43437579486712,182.56529908022654,-6.894393055397556,0.00416359212906271,3.6068559472371398
2026-09-16T18:11:29+03:00,13.08,290.128,-153.117677686296,6.7068,349.9969987336147,343.53976438249026,3.0033874662962625,6.47352,6.43464,-0.12032113697747288,,4.47480037997173,24.799927,59.496352,12.81941438532314,166.3164812659958,183.6805174676189,-6.289783420904873,0.003707471544010852,3.6105634187811506
2026-09-16T18:11:31+03:00,13.08,290.121,-131.4827913421561,10.555919999999999,349.9969987336147,344.04396724220544,1.746318063779236,6.39576,7.32888,-0.08021409131831525,,-0.962569095819783,24.79991,59.496408,15.54908110848941,149.43042944464767,200.56656928896703,-5.50682773646614,0.0034057591080378148,3.6139691778891883
2026-09-16T18:11:33+03:00,13.05,290.125,-173.0165019111895,11.00304,347.9973760286081,343.71738129898085,-1.6588274084627594,6.62904,8.00928,-0.5385803274229739,,-4.9904623955894705,24.799893,59.496465,17.60136353092515,175.6410430864506,172.35633294215748,-6.609865190812055,0.003465177649624635,3.617434355538813
2026-09-16T18:11:35+03:00,13.05,290.13,-165.2300054753616,8.43696,349.9969987336147,342.56000655281656,1.348685353958445,6.74568,7.40664,0.09740282517223994,,-4.211239794211551,24.799867,59.496521,15.05826704180567,171.78781751368626,178.20918121992844,-6.676509002161371,0.003458242256814849,3.6208925977956277
2026-09-16T18:11:45+03:00,12.78,290.128,-154.32661863402205,9.15624,344.9950771821226,345.7800293614518,-0.9940244787724652,7.83432,7.63992,0.2864788975654116,,-4.371667976848181,24.799734,59.496869,16.56852293435388,166.1476270611875,178.8474501209351,-7.606465348470721,0.004136789031056016,3.6250293868266836
2026-09-16T18:11:51+03:00,12.45,290.135,-153.82814535225822,10.36152,346.9946998871292,343.2704742187788,-1.8139270836046733,7.07616,8.80632,-1.2261296815799616,,1.4438536437296745,24.799668,59.497076,17.001131875990918,164.40642792924777,182.5882719578814,-6.815705871540003,0.0040580455133523855,3.629087432340036
2026-09-16T18:11:55+03:00,12.45,290.12,-147.64593074279665,9.331199999999999,350.99967487509366,340.65778667298224,1.9329877134328586,7.46496,9.272879999999999,-0.08021409131831525,,-1.793357898759477,24.799617,59.49721,16.13950073361567,161.97681988541115,189.02285498968251,-7.098665010582638,0.004034118830486435,3.6331215511705226
2026-09-16T18:12:07+03:00,11.88,290.125,-144.4889332916258,11.13912,347.9973760286081,341.8208909970979,0.8667705524739094,7.970399999999999,8.82576,0.06302535746439056,,0.1432394487827058,24.799411,59.497683,18.224900045798154,159.2051033228469,188.79227270576118,-7.451186639773946,0.0038104791125561067,3.6369320302830785
2026-09-16T18:12:13+03:00,11.88,290.121,-136.16958610632625,11.68344,352.9992975801002,344.6455729270928,-0.24287680935595593,6.940079999999999,6.940079999999999,-0.8995437383553924,,3.300236899953542,24.799339,59.497892,17.368198161906406,152.2343314049176,200.76496617518256,-6.141001086454513,0.0038903224416836136,3.6408223527247623
2026-09-16T18:12:15+03:00,11.62,290.124,-157.83312034022268,9.234,352.9992975801002,344.3361757177222,-0.9302542761744047,6.55128,8.456399999999999,-0.7620338675239948,,-1.8907607239317168,24.799318,59.497956,15.499439505488338,167.00977329531432,185.98952428478586,-6.383622406236742,0.0038998808459838733,3.644722233570746
2026-09-16T18:12:17+03:00,11.43,290.117,177.00255569753773,3.888,353.99624414362785,342.8751333401385,-1.8613679890415056,7.03728,10.244879999999998,-1.260507149287811,,4.417504600458647,24.799305,59.498025,10.921853154242509,178.93338420864058,172.92962835226842,-7.036060636904642,0.004166353159106901,3.648888586729853
2026-09-16T18:12:27+03:00,10.98,290.131,-141.52674149079945,8.184239999999999,352.9992975801002,344.0496968201567,-1.65642098572321,7.75656,7.387199999999999,-1.1860226359208041,,7.13332454937875,24.799176,59.498385,15.051419883799777,160.22697324583115,192.77232433426903,-7.299234254003563,0.003976600071179901,3.652865186801033
2026-09-16T18:12:29+03:00,10.8,290.116,-141.19442596962358,8.72856,354.99892028510675,343.64862636356514,1.2921344195790325,7.503839999999999,7.23168,-1.2375888374825783,,4.320101775286407,24.799165,59.498453,15.315910176815935,159.0749961560798,195.92392412902694,-7.008952035422807,0.004101078589989283,3.656966265391022
2026-09-16T18:12:31+03:00,10.68,290.127,-149.78306331863462,5.326560000000001,347.9973760286081,342.2047727198355,-1.304968674189963,6.84288,7.40664,-1.0313240312354817,,5.047758175102552,24.799132,59.498519,11.755438285421604,166.81821166167347,181.1791643669346,-6.662579937041372,0.004092866042102806,3.661059131433125
2026-09-16T18:12:33+03:00,10.68,290.127,-142.1799133772486,8.47584,346.9946998871292,344.63984334914153,1.9996800007860862,6.97896,6.9984,-0.1776169164905552,,5.551961034817677,24.799095,59.498576,14.628728083940949,159.1895818609024,187.80511802622678,-6.523660267477736,0.003607303478293446,3.6646664349114184
2026-09-16T18:12:37+03:00,10.57,290.121,-148.06418993324215,9.972719999999999,349.9969987336147,343.2704742187788,1.658483633785681,6.901199999999999,5.42376,-0.6875493541569879,,5.695200483600383,24.799046,59.498703,16.244846152992388,161.05052380588043,188.94647492773427,-6.527191509810876,0.0033463595802988907,3.6680127944917174
2026-09-16T18:12:39+03:00,10.65,290.121,-154.33234821197334,10.45872,347.9973760286081,345.6138716008639,-1.1784022972455641,6.454079999999999,6.24024,-0.590146528984748,,0.40107045659157625,24.799024,59.498757,16.514265223684852,164.0784898089766,183.91888621963147,-6.206491106616335,0.0033144843829472103,3.6713272788746645
2026-09-16T18:12:41+03:00,10.31,290.125,-164.49661949759417,7.13448,347.9973760286081,345.3789589048602,-0.6155285593090435,5.9292,9.350639999999999,-0.3036676314193363,,4.0622707674775365,24.799012,59.498815,12.945323844457727,171.52876608165522,176.46860994695285,-5.864512121590965,0.003505417076925453,3.67483269595159
2026-09-16T18:12:43+03:00,10.42,290.11,-168.1349014966749,5.6376,349.9969987336147,343.6600855194678,-0.7793944887164588,6.6095999999999995,8.00928,-0.6703606203030631,,7.585961207532098,24.798994,59.498875,12.182021456026735,174.5399671488191,175.4570315847956,-6.579611016683464,0.0036480316208865123,3.6784807275724765
2026-09-16T18:12:47+03:00,10.38,290.11,-152.72233680765575,5.79312,346.9946998871292,342.5657361307679,-0.5428202151069419,7.52328,6.6095999999999995,-0.7734930234266114,,4.629498984657051,24.798919,59.499007,12.947325585055458,168.16687003270098,178.8278298544282,-7.363402626157677,0.0036551539342187136,3.6821358815066954
2026-09-16T18:12:49+03:00,10.23,290.12,-159.40302469888113,5.96808,347.9973760286081,339.2139330292526,-0.5930113179604021,6.454079999999999,5.90976,-0.9511099399171665,,5.741037107210848,24.798895,59.499063,12.222344811286241,170.10881556508375,177.88856046352433,-6.358145055049362,0.0034447455457038553,3.685580627052399
2026-09-16T18:12:51+03:00,10.35,290.11,-140.56417239497966,8.92296,342.99545447711597,339.1738259835934,-2.1216627153694385,6.18192,6.18192,-1.082890232797256,,7.700552766558264,24.798866,59.499114,14.249249031753518,156.56088562667574,186.43456885044023,-5.671808294371473,0.0031906097948914513,3.6887712368472907
2026-09-16T18:12:53+03:00,10.08,290.13,-154.87092853939632,7.776,340.99583177210945,342.6803276897941,4.5044222979799935,6.337439999999999,5.96808,-0.8537071147449266,,5.494665255304595,24.798832,59.499169,13.778999852875536,166.1340736743654,174.86175809774406,-6.15276175736946,0.0034648306716822787,3.692236067518973
2026-09-16T18:12:55+03:00,10.08,290.12,-156.70439348381498,5.65704,346.9946998871292,346.47330829356014,0.1581363514561072,6.57072,6.39576,-0.5844169510334397,,2.2345354010102105,24.798807,59.499221,11.977376112372117,169.23466295585547,177.7600369312737,-6.455078175857575,0.0032173099060588996,3.6954533774250318
2026-09-16T18:12:57+03:00,9.9,290.11,-168.6047268886822,7.3094399999999995,346.9946998871292,346.7540576131742,-0.6637716056590588,5.98752,6.4152,-0.48701412586119974,,1.1172677005051053,24.798788,59.499274,13.231919426194086,173.73407584834558,173.2606240387836,-5.951750810479207,0.0032380133449996583,3.6986913907700316
2026-09-16T18:12:59+03:00,10.08,290.11,-150.9003310191397,7.6593599999999995,356.9985429901134,342.5542769748653,-4.239142838834422,5.87088,5.851439999999999,-0.9052733163067008,,8.479775367936183,24.79878,59.499325,13.10402350217016,163.48524572820148,193.5132972619119,-5.628686040047074,0.003075193704262854,3.7017665844742944
2026-09-16T18:13:01+03:00,10.05,290.11,-128.85291506250567,14.63832,348.9943225921357,331.9201802972372,-5.502171002420808,5.96808,5.48208,-1.1573747461642627,,12.3873475307284,24.79876,59.499383,18.96068724758721,143.04200255156988,205.9523200405658,-4.768952332881002,0.003539238107281661,3.7053058225815763
2026-09-16T18:13:03+03:00,10.08,290.11,-114.78107161409264,14.26896,344.9950771821226,319.55002150036273,-7.932657969365761,6.47352,6.648479999999999,-1.7818987428568602,,17.423646549928336,24.79872,59.499437,17.970647873781996,133.87126945243898,211.12380772968362,-4.486411058877707,0.0034676301081041673,3.7087734526896803
2026-09-16T18:13:07+03:00,10.38,290.12,-53.31415935245791,18.50688,314.99500702907267,266.44829304763806,-10.153843453749422,7.3094399999999995,5.851439999999999,-2.790304462287109,,26.974852994759157,24.798552,59.499536,15.306819843636521,75.83013945680567,239.16486757226699,1.789331848640916,0.003618638334598439,3.7123920910242787
2026-09-16T18:13:09+03:00,10.31,290.13,-33.72473233693506,22.68648,288.9999118639872,247.6323590555418,-8.005423609347377,6.4152,7.07616,-3.3231552117587753,,27.65094319301353,24.79844,59.499547,17.71266537044291,45.32511389598048,243.67479796800674,4.510418558794158,0.003480211791286567,3.715872302815565
2026-09-16T18:13:11+03:00,10.5,290.12,-41.872192183695375,22.27824,271.99452450450445,233.76678041337587,3.4066924582888487,6.95952,5.5404,-2.864788975654116,,26.08103883435507,24.798309,59.499544,17.715800069671158,57.073493654622865,214.9210308498816,3.7829363119790345,0.00400053322841267,3.7198728360439777
2026-09-16T18:13:13+03:00,10.65,290.12,-29.209824911304178,21.772799999999997,256.9944894279795,228.489839120221,-1.4020850204646373,5.7348,5.404319999999999,-2.492366408819081,,24.889286620482963,24.798198,59.49953,16.99920326545595,38.68576118918074,218.30872823879875,4.476503244389834,0.0034893124318959457,3.7233621484758737
2026-09-16T18:13:15+03:00,10.72,290.11,-25.783537296421855,23.502959999999998,257.9971655694584,216.8702550349679,-4.467237337076003,5.67648,5.26824,-2.177239621497128,,23.474080866509826,24.798098,59.49951,18.556610423240812,33.42989633764927,224.56726923180912,4.737366069588599,0.003279053698286603,3.7266412021741604
2026-09-16T18:13:17+03:00,10.91,290.12,-21.457705943184138,23.1336,241.99445435145452,209.08948817709134,-2.3437411567621456,5.52096,5.0544,-1.8449241003212509,,21.377055336331015,24.798022,59.499476,18.108289201229805,27.861318311605714,214.1331360398488,4.880977708016139,0.0030906792301558304,3.7297318814043163
2026-09-16T18:13:19+03:00,11.17,290.12,-28.550923446903727,22.880879999999998,223.99785000639537,206.7059837493471,1.3500604526667588,5.01552,5.6181600000000005,-1.1459155902616465,,13.567640588697895,24.797945,59.499435,18.630144448176065,35.94358993860763,188.05426006778774,4.060541424275076,0.003404629231048215,3.7331365106353647
2026-09-16T18:13:21+03:00,11.58,290.13,-22.95312578847559,21.85056,224.99479656992298,207.56542044204335,-4.315804591822926,5.52096,5.6181600000000005,-1.1229972784564135,,11.785741845841033,24.79787,59.499401,16.904400285739356,30.270558502387672,194.7242380675353,4.768202989948437,0.0030678632909330486,3.736204373926298
2026-09-16T18:13:23+03:00,11.7,290.12,-36.492118487416946,21.34512,229.99671812141503,207.30758943423444,-3.635531801664099,5.50152,5.754239999999999,-1.5870930925123803,,12.63944896058596,24.797795,59.499373,17.235627653800545,47.43492052069047,182.56179760072456,3.7213778186737376,0.0028403841311959955,3.739044758057494
2026-09-16T18:13:25+03:00,12.11,290.13,-26.660162722972014,20.15928,231.99634082642166,208.3904796670317,-5.5322512866651765,5.851439999999999,5.22936,-1.730332541295086,,15.080249167843267,24.797718,59.499344,15.159044463441713,36.63401749334665,195.362323333075,4.695566113798294,0.002925177662335765,3.7419699357198297
2026-09-16T18:13:27+03:00,12.33,290.12,-27.101340225222746,20.470319999999997,228.9997715578874,204.62041737507087,-0.5828126692070734,5.404319999999999,5.22936,-1.6902254956359284,,18.323190288283726,24.797668,59.499313,15.8517451564688,36.03643951771454,192.96333204017287,4.370165567474706,0.0024080726611661663,3.744378008380996
2026-09-16T18:13:29+03:00,12.3,290.12,-20.51232558121828,20.87856,226.99441927492956,205.78925127713777,-3.072887246845631,5.50152,5.2488,-1.3006141949469687,,15.762068944048947,24.797608,59.499282,15.843573433092338,27.50116030202463,199.49325897290493,4.879856393710998,0.0026120114302104016,3.7469900198112067
2026-09-16T18:13:31+03:00,12.48,290.11,-33.34658019214872,22.103279999999998,228.9997715578874,204.76938640180492,-0.5321059043379955,5.57928,5.773680000000001,-1.604281826366305,,15.063060433989344,24.797545,59.49925,17.710147667149954,43.319010237174695,185.68076132071272,4.059178210987802,0.0027191283840391463,3.749709148195246
2026-09-16T18:13:33+03:00,12.86,290.13,-19.887801584525683,22.880879999999998,225.9974727114019,204.9527328962468,-0.6713346485547855,4.58784,4.74336,-1.0370536091867901,,9.751741673126611,24.797493,59.499219,18.63213538212386,24.6927129694148,201.3047597419871,4.168333946307507,0.002447180681353588,3.7521563288765996
2026-09-16T18:13:35+03:00,12.63,290.12,-25.199120345388415,21.07296,222.99517386491638,209.6796347060761,1.8088277592280089,5.01552,4.84056,-0.7448451336700701,,10.748688236654244,24.797422,59.499185,16.672072690873048,32.55803994675878,190.4371339181576,4.227314656521683,0.002977971135047792,3.7551343000116475
2026-09-16T18:13:37+03:00,12.93,290.12,-30.32709261180928,20.2176,226.99441927492956,212.2694039400674,-3.1714932833876457,5.2488,4.74336,-1.088619810748564,,12.54204613541372,24.797348,59.499153,15.909369776639226,39.91657901674415,187.0778402581854,4.025722056515599,0.0029658518518193406,3.758100151863467
2026-09-16T18:13:39+03:00,13.23,290.13,-29.788512284386307,20.10096,229.99671812141503,215.08262671415974,1.1523327175671119,5.151599999999999,4.82112,-1.386557864216592,,13.899956109873772,24.79727,59.499124,15.83821527490408,39.08777398087932,190.9089441405357,3.998573862930467,0.002949745469979244,3.761049897333446
2026-09-16T18:13:41+03:00,13.35,290.12,-30.521898262153766,19.0512,236.99826237791373,219.15062705958857,3.3935717247803527,5.443199999999999,5.0544,-1.9136790357369495,,18.959173440878942,24.797179,59.499095,14.625863383153376,41.416875687708284,195.58138669020545,4.081944168672714,0.003278080183771732,3.7643279775172176
2026-09-16T18:13:43+03:00,13.5,290.12,-27.089881069320132,20.0232,238.99788508292028,218.9672805651467,1.9463949258389197,5.2488,5.7348,-2.589769233991321,,25.467973993565096,24.797083,59.499073,15.53521054487584,35.940534821701505,203.05735026121877,4.249568093878503,0.003213445394234621,3.767541422911452
2026-09-16T18:13:45+03:00,13.61,290.12,-33.455442173223574,22.414319999999996,242.99713049293345,210.3442657484278,-3.666643409939703,5.42376,5.28768,-2.4293410513546903,,24.253303467887747,24.797011,59.499053,18.13735903532125,42.9443213760444,200.05280911688905,3.9702796715933117,0.002504009561753178,3.7700454324732053
2026-09-16T18:13:47+03:00,13.98,290.13,-35.82748744506519,18.91512,228.9997715578874,213.1861364122767,3.0832004871579857,5.326560000000001,6.10416,-2.4293410513546903,,19.142519935320802,24.796927,59.499023,14.925720204504213,47.88499777430397,181.11477378358344,3.5721023205793365,0.003133506562790553,3.7731789390359958
2026-09-16T18:13:49+03:00,14.25,290.13,-29.943210889071633,21.209039999999998,236.99826237791373,215.0597084023545,-7.953800112006088,5.46264,6.29856,-2.555391766283472,,20.706694716027954,24.796844,59.498993,16.699648564228127,39.34023242215608,197.65802995575766,4.22477991798971,0.0031086079094436924,3.7762875469454396
2026-09-16T18:13:51+03:00,14.4,290.13,-27.370630388934238,22.14216,238.99788508292028,211.71363487879051,-4.50585469246782,5.0544,6.29856,-3.1741861850247606,,26.459190979141415,24.796753,59.498963,17.805873305495012,34.86933356924709,204.1285515136732,4.146922855187488,0.0033104430315320224,3.7795979899769714
2026-09-16T18:13:53+03:00,14.58,290.13,-21.469165099086755,24.41664,239.99483164644792,207.410721837358,-7.878398866166871,5.890319999999999,5.96808,-3.8216284935225904,,32.60702812089515,24.796665,59.498933,19.05735503825213,27.96464416835579,212.03018747809213,5.202549297507157,0.0032340752857922474,3.7828320652627636
2026-09-16T18:13:55+03:00,14.73,290.13,-24.557407614841892,24.805439999999997,224.99479656992298,202.31712703864497,-3.388472400403688,6.4152,5.5598399999999994,-2.5725805001373967,,25.04398522516828,24.796595,59.498889,19.15696668763999,32.557568512515246,192.43722805740774,5.40705878075975,0.0033993014877829308,3.7862313667505467
2026-09-16T18:13:57+03:00,14.88,290.13,-23.89277657249014,23.17248,223.99785000639537,206.59139219032096,-0.9543185035698992,5.98752,5.90976,-1.7876283208081685,,18.581021296092597,24.796513,59.498842,17.86343938259239,31.695225005304337,192.30262500109103,5.0945107245644365,0.003773494507957965,3.7900048612585047
2026-09-16T18:13:59+03:00,15.07,290.13,-25.99553168062026,24.5916,233.99596353142817,210.00622064930062,0.4290307969939604,5.46264,6.37632,-2.836141085897575,,24.24757388993644,24.79644,59.498814,19.826722916860255,32.93151490727615,201.06444862415202,4.584908306098406,0.002791497160904636,3.7927963584194093
2026-09-16T18:14:01+03:00,15.26,290.13,-26.620055677312855,26.08848,228.9997715578874,203.31980318012396,-4.535533906255597,5.96808,6.2208000000000006,-2.985110112631589,,26.442002245287494,24.796358,59.49878,20.9246097964606,33.96243937128904,195.03733218659838,4.949949287104622,0.003230303847100693,3.79602666226651
2026-09-16T18:14:03+03:00,15.45,290.13,-15.613536432849742,24.45552,225.9974727114019,203.84119477369296,4.130395449318591,4.97664,7.52328,-2.7444678386766435,,23.70326398456216,24.796288,59.498745,19.708093117017892,19.510616241050684,206.48685647035123,4.690879461902234,0.0029977478412618963,3.799024410107772
2026-09-16T18:14:05+03:00,15.86,290.13,-20.74150869927061,22.414319999999996,234.99863967290713,208.48215291425265,3.1246826315254577,5.7348,6.2208000000000006,-3.346073523564008,,27.4905150103769,24.796213,59.498708,17.171736805616675,27.53408815938272,207.4645515135244,5.085253375299375,0.003190854963830718,3.802215265071603
2026-09-16T18:14:07+03:00,15.86,290.13,-30.676596866839088,23.502959999999998,232.9990169679006,205.06159487732165,2.011253748247729,5.90976,6.25968,-3.3403439456126995,,27.76553475203969,24.796128,59.498668,18.66534041113872,39.972615185747344,193.02640178215324,4.528953909123947,0.003536290746907715,3.8057515558185107
2026-09-16T18:14:09+03:00,16.01,290.13,-23.846939948879672,22.31712,221.99822730138877,207.77168524829045,0.6717357190113772,4.80168,5.67648,-2.5725805001373967,,21.228086309597,24.796072,59.498631,18.03017879423053,30.027909519296514,191.97031778209225,4.157206887156587,0.00280445056642607,3.808556006384937
2026-09-16T18:14:11+03:00,16.27,290.12,-25.583002068126063,20.85912,233.99596353142817,214.60707174420114,6.067966825112497,5.52096,5.48208,-3.0825129378038287,,25.267438765269304,24.795994,59.498601,16.057398108156534,34.121305836049885,199.8746576953783,4.570536672887606,0.0029856886943450353,3.8115416950792818
2026-09-16T18:14:13+03:00,16.27,290.13,-26.545571163945848,21.17016,245.99942933941892,217.89011991030077,3.037822229783625,6.37632,6.337439999999999,-3.798710181717358,,30.76783359852521,24.795875,59.498576,15.726370560868595,36.985307485693454,209.01412185372547,5.0933394340861025,0.003929183358789576,3.8154708784380715
2026-09-16T18:14:15+03:00,16.68,290.13,-27.141447270881905,22.375439999999998,238.99788508292028,215.9707112966125,-0.3831941733834946,6.08472,6.14304,-4.073729923380153,,31.95385623444601,24.795786,59.498541,17.18639085529288,36.436023423164215,202.56186165975606,4.895282217804468,0.0034348737426134787,3.818905752180685
2026-09-16T18:14:17+03:00,16.87,290.12,-31.175070148602902,22.68648,234.99863967290713,212.429832122704,-0.734932963814307,6.29856,6.1624799999999995,-4.131025702893235,,30.893884313453988,24.795686,59.498507,17.602106555503433,41.84974987638418,193.14888979652295,4.691778254059635,0.0036720734308812544,3.822577825611566
2026-09-16T18:14:19+03:00,17.02,290.12,-27.823267047087587,21.88944,231.99634082642166,214.74458161503253,5.344091946744214,6.39576,6.14304,-3.9190313186948313,,30.08601382231953,24.795601,59.49847,16.505284185966836,38.243294733493485,193.75304609292817,5.023161964622662,0.003416261577209118,3.8259940871887754
2026-09-16T18:14:21+03:00,17.28,290.11,-33.575763310201054,23.15304,232.9990169679006,215.80455353602457,-1.364785468001621,6.59016,7.1928,-3.6841186226911935,,30.945450515015764,24.795499,59.498428,18.034524742526056,45.23502973037759,187.763987237523,4.640792372324243,0.004007100957620709,3.830001188146396
2026-09-16T18:14:23+03:00,17.43,290.11,-37.271341088794856,23.541839999999997,229.99671812141503,214.82479570635087,-4.057457921998438,6.78456,7.2122399999999995,-3.0424058921446715,,25.370571168392853,24.795412,59.498385,18.60225818078836,50.03142757451835,179.96529054689668,4.35817966806707,0.0037047629370172107,3.833705951083413
2026-09-16T18:14:25+03:00,17.66,290.12,-27.193013472443678,24.96096,233.99596353142817,214.84771401815613,1.734400541640515,6.59016,6.53184,-2.435070629305999,,21.35986660247709,24.795321,59.498348,19.335181543356786,36.15384743080324,197.84211610062493,5.32113105636016,0.003557215213379966,3.837263166296793
2026-09-16T18:14:27+03:00,17.73,290.13,-33.89661967547431,23.7168,240.99750778792685,219.94703839482042,0.6251542502672413,6.47352,7.3094399999999995,-2.9507326449237397,,24.367895026913914,24.795208,59.498317,18.695385262323118,45.03092854096931,195.96657924695754,4.5749982828023015,0.00391880093171634,3.841181967228509
2026-09-16T18:14:29+03:00,18.0,290.12,-25.4684105090999,24.35832,245.99942933941892,217.24840717975422,-0.6852002271969514,6.37632,6.18192,-3.214293230683918,,27.129551599444476,24.795098,59.498293,18.802628794784493,33.85349639489678,212.14593294452214,5.295308678879425,0.0036528557051893605,3.844834822933698
2026-09-16T18:14:31+03:00,18.07,290.13,-27.886292404551973,24.241680000000002,239.99483164644792,214.34351115844098,-4.641015436339181,6.59016,6.92064,-3.1569974511708363,,25.79455993678966,24.794995,59.49826,18.67294302237117,37.38758140706622,202.6072502393817,5.236186900099267,0.003716050609849049,3.848550873543547
2026-09-16T18:14:33+03:00,18.52,290.13,-34.521143672166914,24.144479999999998,233.99596353142817,211.9370884188915,1.137263927555171,6.72624,7.32888,-3.0825129378038287,,23.130306189431334,24.794892,59.498224,18.989137898664467,46.10122552834966,187.89473800307852,4.6638834459873575,0.0038153545577523603,3.8523662281012996
2026-09-16T18:14:35+03:00,18.56,290.13,-30.688056022741694,24.261120000000002,234.99863967290713,213.79920125306668,2.0275257496294445,6.25968,6.940079999999999,-2.612687545796554,,21.778125792922587,24.794794,59.498186,19.146464666144613,40.293158754448285,194.70548091845885,4.774543079573431,0.003762477721013428,3.856128705822313
2026-09-16T18:14:37+03:00,18.86,290.13,-34.91648455080718,24.35832,230.99939426289401,215.28889152040685,-1.5884681912206942,6.5124,7.056719999999999,-2.687172059163561,,22.047415956634076,24.794704,59.498153,19.38009588260938,46.00589529662375,184.99349896627027,4.523411135457716,0.003387296417223962,3.859516002239537
2026-09-16T18:14:39+03:00,18.93,290.12,-28.969182637349235,23.63904,236.99826237791373,214.38361820410012,-3.8700434272111455,5.98752,7.46496,-2.9278143331185067,,23.43970339880198,24.794614,59.498114,18.62779742678458,37.925464502715585,199.07279787519815,4.723021604928708,0.003610343769186956,3.863126346008724
2026-09-16T18:14:41+03:00,19.2,290.13,-22.483300396468316,23.328,238.99788508292028,214.01692521521642,1.1904344109433116,6.35688,7.29,-3.3804509912718568,,24.734588015797634,24.794512,59.498079,17.622773763624217,30.412208254169002,208.58567682875128,5.482210352735656,0.0037562863312565658,3.8668826323399808
2026-09-16T18:14:43+03:00,19.57,290.13,-24.477193523523578,22.76424,236.99826237791373,211.14067708365965,2.9651138855815233,6.59016,7.75656,-3.1741861850247606,,25.622672598250414,24.794404,59.498042,16.987247449332678,33.726967485742335,203.2712948921714,5.480989153850692,0.003975268089185208,3.870857900429166
2026-09-16T18:14:45+03:00,19.57,290.12,-25.525706288612984,22.31712,226.99441927492956,207.04402884847428,2.8723520185498432,5.26824,6.97896,-2.2345354010102105,,18.042440968669624,24.794334,59.498011,17.70921297976259,32.89079945838418,194.10361981654538,4.423778408822001,0.0028342327894035663,3.8736921332185696
2026-09-16T18:14:47+03:00,19.76,290.13,-30.699515178644322,20.93688,225.9974727114019,213.01997865168877,5.528297877878774,4.93776,5.98752,-0.7448451336700701,,13.722339193383217,24.794266,59.497977,16.880410334496577,39.288133904879345,186.70933880652257,3.8216848613019496,0.0029121315534246313,3.8766042647719945
2026-09-16T18:14:49+03:00,19.72,290.13,-25.651757003541764,20.7036,240.99750778792685,221.29921879132917,4.811298493052062,5.90976,6.6679200000000005,0.4297183463481174,,17.876283208081684,24.794174,59.497948,15.587672532872247,35.098200789422805,205.89930699850404,4.835175180658114,0.003304038090475809,3.87990830286247
2026-09-16T18:14:51+03:00,19.95,290.12,-26.488275384432768,20.43144,251.9982974544387,220.41686378682772,1.4421920661237952,6.59016,6.454079999999999,-1.1917522138721122,,24.356435871011296,24.794055,59.497928,14.827335602235673,37.922084995889804,214.0762124585489,5.198629569139501,0.003824405701768694,3.883732708564239
2026-09-16T18:14:53+03:00,20.13,290.13,-28.16704172416608,20.64528,238.99788508292028,218.03335935908348,-2.9243192905682087,6.2208000000000006,6.6679200000000005,-1.8678424121264836,,22.849556869817228,24.793951,59.497901,15.442935999711338,39.12863800512255,199.86924707779772,4.825667908939257,0.00356388271856926,3.887296591282808
2026-09-16T18:14:55+03:00,20.28,290.12,-26.889345841024344,21.44232,239.99483164644792,216.55512824764594,0.9408539953843249,6.25968,7.44552,-1.0599719209920229,,20.191032700410208,24.793849,59.497867,16.110130183481346,37.01057938718964,202.98425225925828,4.9985070547853345,0.00372297142687298,3.891019562709681
2026-09-16T18:14:57+03:00,20.32,290.12,-31.46727862411962,22.02552,237.99520894144138,217.81563539693377,-0.43275502266231075,6.24024,6.74568,-1.2490479933851946,,17.893471941935612,24.793751,59.497833,17.017658002463694,42.50279718779004,195.49241175365134,4.60058170464216,0.0036215881355968,3.894641150845278
2026-09-16T18:14:59+03:00,20.7,290.13,-34.429470424945976,23.17248,237.99520894144138,220.60021028126957,-4.636489069757648,6.78456,6.9984,-3.059594625998596,,24.717399281943713,24.793647,59.497793,17.990133930557825,46.74083461221579,191.25437432922558,4.649455550557009,0.00398097842283858,3.8986221292681167
2026-09-16T18:15:01+03:00,20.92,290.12,-24.50584141328012,23.094720000000002,239.99483164644792,217.52342692141704,0.4106961475497741,6.648479999999999,6.7068,-3.9935158320618376,,29.13490388240236,24.793536,59.497759,17.266781674387254,33.695968629403865,206.29886301704406,5.531489879796125,0.003955365720494763,3.9025774949886114
2026-09-16T18:15:03+03:00,20.96,290.12,-18.741885994264038,21.85056,243.9998066344124,211.21516159702668,-2.2112160187483862,6.68736,7.095599999999999,-4.881600414514614,,35.27701144620479,24.793432,59.497729,15.66584643401895,26.62526852157424,217.37453811283817,5.978210141361748,0.0036495443643166235,3.906227039352928
2026-09-16T18:15:05+03:00,21.03,290.12,-30.756810958157406,23.541839999999997,231.99634082642166,205.21629348200696,-1.1641356481468066,6.27912,7.01784,-3.941949630500064,,26.87745016958692,24.793337,59.497691,18.427835854917934,40.792021489536694,191.20431933688496,4.753834082710337,0.0036901987277331637,3.909917238080661
2026-09-16T18:15:07+03:00,21.18,290.12,-24.66626959591675,23.9112,225.9974727114019,208.01232752224539,2.6382987592389013,6.43464,7.1150400000000005,-2.446529785208615,,18.139843793841862,24.793253,59.497648,18.262211132781314,33.122036892402974,192.87543581899894,5.3890664339872005,0.003639790337727607,3.9135570284183885
2026-09-16T18:15:09+03:00,21.45,290.11,-31.753757521685035,21.44232,223.99785000639537,215.99935918636905,1.4259200647420798,5.890319999999999,6.6095999999999995,-3.1455382952682194,,20.74680176168711,24.793176,59.497607,16.723489053726997,42.43598731750333,181.56186268889203,4.347242692082518,0.003404717015747213,3.916961745434136
2026-09-16T18:15:11+03:00,21.52,290.12,-33.54711542044451,21.71448,244.99675319794,216.88744376882184,2.1871517913528913,6.29856,6.648479999999999,-3.3804509912718568,,22.00730891097492,24.793077,59.497579,16.82895347321389,45.48373983565628,199.51301336228371,4.41599380584707,0.003457657179466035,3.920419402613602
2026-09-16T18:15:13+03:00,21.48,290.13,-30.361470079517137,22.6476,240.99750778792685,215.7529873344628,1.5827386132693861,5.307119999999999,6.454079999999999,-0.985487407625016,,19.354514319519208,24.792986,59.497553,18.266374194522086,38.80616618338311,202.19134160454374,4.13568218964351,0.003185966092959483,3.9236053687065615
2026-09-16T18:15:15+03:00,21.56,290.12,-25.97261336881503,22.00608,232.9990169679006,217.97033400161908,1.4361760092749216,5.773680000000001,6.84288,-0.790681757280536,,22.752154044644993,24.792889,59.497519,17.004565579768514,34.524057525161965,198.47495944273862,4.756867351549074,0.003596464758414957,3.9272018334649763
2026-09-16T18:15:17+03:00,21.63,290.12,-23.33127793326193,21.65616,232.9990169679006,217.23694802385162,-4.958262167503118,6.901199999999999,7.01784,-2.498095986770389,,32.10282526118002,24.792791,59.497487,15.56118165215247,33.447303450045666,199.55171351785492,5.75831367117047,0.003555161974825414,3.930756995439802
2026-09-16T18:15:19+03:00,21.93,290.13,-22.85572296330335,23.15304,230.99939426289401,208.4363162906422,-2.3547992422081703,6.47352,6.5124,-3.7643327140095084,,29.845371548364582,24.792694,59.49745,17.37072406560581,31.178459756621578,199.82093450627244,5.538477980568645,0.003701911598987457,3.934458907038789
2026-09-16T18:15:21+03:00,22.05,290.12,-32.00012937359129,20.975759999999998,220.99555115990984,212.4813983242658,-0.6682979722405923,5.94864,6.6095999999999995,-2.079836796324888,,21.634886344139886,24.792623,59.497408,16.239917301471795,43.192794321924964,177.80275683798487,4.3368840233130665,0.0033264802824558497,3.937785387321245
2026-09-16T18:15:23+03:00,22.08,290.13,-30.779729269962633,21.228479999999998,228.9997715578874,211.4558038709816,0.13487426497379582,5.598719999999999,6.804,-0.5328507494716656,,20.488970753878238,24.792542,59.497371,16.666500366027357,40.67842630126819,188.32134525661922,4.245956256950698,0.0033246378860112037,3.9411100252072564
2026-09-16T18:15:25+03:00,22.05,290.13,-27.009666978001817,23.07528,231.99634082642166,211.40996724737116,2.0835037262137255,4.723920000000001,6.0652800000000004,-0.44117750225073393,,19.7670439320134,24.792459,59.497337,18.988179289658614,33.49691796593888,198.49942286048278,3.9393501581601433,0.0032540718479645964,3.944364097055221
2026-09-16T18:15:27+03:00,22.35,290.13,-25.01577385094655,22.394879999999997,234.99863967290713,212.5558828376328,-5.8396431437528635,5.307119999999999,5.67648,-2.7845748843358007,,29.553163072847866,24.79238,59.497299,17.728233968475873,32.288335927457325,202.7103037454498,4.486483204188388,0.0033205947994653963,3.947684691854686
2026-09-16T18:15:29+03:00,22.53,290.13,-29.049396728667546,24.144479999999998,230.99939426289401,206.35647949431728,1.2035551444518073,6.7068,5.773680000000001,-2.498095986770389,,23.554294957828144,24.792283,59.497261,18.569177905687106,39.14990199921061,191.8494922636834,5.201102092898343,0.0037383442360342098,3.9514230360907203
2026-09-16T18:15:31+03:00,22.38,290.13,-35.74727335374686,22.5504,225.9974727114019,211.4672630268842,2.418397557467692,5.832,6.25968,-0.3666929888837269,,16.17459855654314,24.792208,59.497222,18.139980125862593,46.573080324291766,179.42439238711015,4.009084800096873,0.0032758483815392416,3.9546988844722595
2026-09-16T18:15:33+03:00,22.65,290.13,-17.85380141181126,22.76424,226.99441927492956,212.94549413832178,-0.49629604214231904,5.96808,6.1236,-1.5928226704636885,,20.798367963248886,24.79212,59.497186,17.181280184406315,23.967204155312515,203.02721511961704,5.453500935460191,0.0034482910415220046,3.9581471755137816
2026-09-16T18:15:35+03:00,22.68,290.13,-32.54443927896557,22.53096,235.9955862364348,211.0891108820979,2.596014473958247,6.35688,6.6679200000000005,-1.386557864216592,,24.47102743003746,24.792028,59.497151,17.50946418801045,43.80704913456472,192.18853710187008,4.587601805256443,0.0035077637305567116,3.961654939244338
2026-09-16T18:15:37+03:00,22.83,290.14,-25.084528786362252,22.58928,228.9997715578874,209.98330233749542,-1.62593963102225,6.5124,6.43464,-2.440800207257307,,25.204413407804914,24.791938,59.49711,16.917919720457643,34.47707374016571,194.5226978177217,5.368514938361364,0.0036895935051470177,3.965344532749485
2026-09-16T18:15:41+03:00,23.1,290.13,-28.115475522604303,22.53096,227.99709541640848,209.08375859914,0.056035272363794505,6.648479999999999,5.79312,-1.6157409822689215,,21.285382089110083,24.791745,59.497021,16.958929591375504,38.76180856519193,189.23528685121656,5.184188612216136,0.0037525318589138263,3.9690970646083987
2026-09-16T18:15:43+03:00,22.98,290.13,-29.16398828769371,21.90888,227.99709541640848,209.90308824617708,-2.2489739374475075,6.47352,6.492959999999999,-2.0053522829578814,,22.958418850892087,24.791649,59.49698,16.55927886333678,40.14621524600193,187.85088017040655,4.948369024483731,0.0038277900423060287,3.9729248546507048
2026-09-16T18:15:45+03:00,23.25,290.14,-26.282010578185666,21.50064,227.99709541640848,209.2842938274358,-0.9344941638583728,6.648479999999999,6.97896,-2.8017636181897254,,24.453838696183535,24.791554,59.496942,15.8158375782867,37.00931393426197,190.98778148214652,5.309061722630766,0.0036902492439130742,3.976615103894618
2026-09-16T18:15:47+03:00,23.28,290.14,-29.91456299931509,21.03408,226.99441927492956,207.5711500199946,0.18964903018830248,6.68736,6.9984,-1.1344564343590302,,24.1501710647642,24.791476,59.496908,15.598374590047785,42.260104099340424,184.73431517558913,4.949312088064124,0.0031368481667077147,3.9797519520613256
2026-09-16T18:15:49+03:00,23.51,290.14,-17.62461829375893,19.945439999999998,222.99517386491638,207.70293031287474,1.8077391394172606,6.68736,6.35688,-1.8162762105647094,,25.691427533666115,24.791391,59.49687,13.722187979994295,26.109954042411175,196.8852198225052,6.004922476866131,0.003455785129273962,3.9832077371905994
2026-09-16T18:15:51+03:00,23.51,290.14,-25.99553168062026,19.964879999999997,228.9997715578874,207.7659556703391,-3.063318851666946,6.95952,7.36776,-2.9793805346802804,,24.167359798618126,24.791302,59.496832,14.044721795537516,38.539539018409585,190.46023253947783,5.443586092197897,0.003548286476863186,3.9867560236674624
2026-09-16T18:15:53+03:00,23.73,290.13,-32.34963362862109,21.131279999999997,220.99555115990984,210.6651221137011,-0.04108107391088003,5.98752,6.84288,-1.850653678272559,,19.509212924204533,24.79122,59.496789,16.389229792060615,43.622618967579484,177.37293219233035,4.334363094349222,0.003597132938915447,3.990353156606378
2026-09-16T18:15:55+03:00,23.73,290.14,-27.508140259765632,20.15928,233.99596353142817,211.10629961595183,2.204111342088764,5.9292,6.492959999999999,-0.693278932108296,,16.134491510883983,24.791137,59.496755,15.149973301247883,37.922316703497444,196.07364682793073,4.677218356490537,0.0032541058262554544,3.9936072624326333
2026-09-16T18:15:57+03:00,23.96,290.15,-20.300331197019876,20.64528,231.99634082642166,208.77436138976938,-1.820687985587217,7.1150400000000005,6.201359999999999,-1.5240677350479896,,18.558102984287366,24.791044,59.496717,14.188559475799746,30.319530604459203,201.67681022196246,6.141869876775119,0.003642533440526784,3.99724979587316
2026-09-16T18:15:59+03:00,23.96,290.14,-18.91950291075459,21.753359999999997,224.99479656992298,210.5104235090158,4.559311654753526,6.76512,6.27912,-0.44117750225073393,,8.898034558381685,24.790947,59.496669,15.509622975364866,27.050078398113897,197.9447181718091,6.025079337327911,0.0041331160839420435,4.001382911957102
2026-09-16T18:16:01+03:00,23.88,290.13,-24.786590732894222,22.919759999999997,228.9997715578874,214.74458161503253,-2.0861393320713275,5.67648,6.006959999999999,-1.3693691303626676,,9.61996138024652,24.790868,59.49663,17.924902356514256,32.416009405756085,196.58376215213133,4.791960518384565,0.003362257592845945,4.004745169549948
2026-09-16T18:16:03+03:00,24.33,290.16,-29.91456299931509,20.74248,233.99596353142817,212.16627153694384,1.5370165812179462,5.94864,5.6376,-0.9453803619658584,,9.453803619658585,24.790774,59.496593,15.866192854733008,40.69106008685779,193.30490344457039,4.510473442106279,0.0036292161928387938,4.008374385742787
2026-09-16T18:16:05+03:00,24.18,290.15,-30.195312318929194,21.967200000000002,230.99939426289401,210.77971367272724,5.505379566073541,6.18192,6.47352,0.26929016371148695,,7.94119504051321,24.790679,59.496552,16.91232416321857,40.78892597793822,190.2104682849558,4.680463513587376,0.003804523500690107,4.012178909243477
2026-09-16T18:16:07+03:00,24.33,290.15,-18.04860706215574,22.58928,229.99671812141503,212.3610771872883,-0.7061131867192265,5.346,6.14304,-1.6329297161228462,,21.113494750570837,24.790592,59.496513,17.58451475754325,23.45341342078035,206.54330470063468,4.904334809300163,0.0035413284544629645,4.01572023769794
2026-09-16T18:16:09+03:00,24.67,290.15,-24.78086115494291,24.33888,235.9955862364348,214.49248018517497,-5.713019471028951,5.46264,6.24024,-4.010704565915763,,26.671185363339823,24.790515,59.496486,19.514046189303176,31.51912041066163,204.47646582577318,4.656713514037037,0.002855337153419759,4.0185755748513605
2026-09-16T18:16:11+03:00,24.56,290.15,-28.413413576072333,24.47496,234.99863967290713,208.08108245766107,-1.9348784741567904,6.88176,6.648479999999999,-3.959138364353988,,31.117337853555014,24.790427,59.496454,18.71095876773325,38.492479055307655,196.50616061759948,5.386283802938575,0.0033027724104709773,4.021878347261832
2026-09-16T18:16:13+03:00,24.63,290.16,-21.71553695099301,24.45552,224.99479656992298,208.4649641803987,4.585667713329544,6.1624799999999995,6.337439999999999,-1.3407212406061262,,24.322058403303444,24.790338,59.496414,18.868649387337765,28.656188022460697,196.3386085474623,5.407657030149288,0.0036268632947812434,4.025505210556613
2026-09-16T18:16:15+03:00,24.86,290.15,-21.686889061236467,23.6196,231.99634082642166,210.57917844443145,-4.03127375076096,5.50152,6.08472,-3.959138364353988,,27.685320660721377,24.790273,59.496384,18.61881823398569,27.95554683544333,204.04079399097833,4.859556260372401,0.0026804078501166963,4.02818561840673
2026-09-16T18:16:17+03:00,24.93,290.16,-21.658241171479926,23.541839999999997,227.99709541640848,210.07497558471636,-3.3022995480160127,5.69592,6.1624799999999995,-4.3258313532377155,,30.899613891405295,24.7902,59.496351,18.36872962959397,28.229795970240843,199.76729944616764,5.018433540364316,0.002982469704843032,4.031168088111573
2026-09-16T18:16:19+03:00,24.93,290.15,-19.950826941990076,24.08616,233.99596353142817,206.55701472261308,-2.6271833780133633,6.25968,6.57072,-4.377397554799489,,35.39733258318226,24.790115,59.496315,18.327036514628137,26.643457172300998,207.35250635912718,5.594991920024775,0.0033775668259580006,4.034545654937531
2026-09-16T18:16:21+03:00,25.2,290.15,-21.8473172438731,23.26968,222.99517386491638,209.4332628541698,3.37139825810879,5.832,6.24024,-3.128349561414295,,28.275467189706127,24.790032,59.49627,17.987946311939158,28.777071427422186,194.2181024374942,5.111744486893834,0.003705270526247874,4.038250925463779
2026-09-16T18:16:23+03:00,25.16,290.15,-43.992136025679415,21.69504,228.9997715578874,217.97606357957036,4.699514427222038,5.57928,6.318,-1.4954198452914487,,27.39311218520466,24.789959,59.496229,18.10078393390713,56.35410559852646,172.64566595936094,3.091247778820749,0.0033217494282690736,4.041572674892048
2026-09-16T18:16:25+03:00,25.16,290.16,-37.964620020903155,21.53952,238.99788508292028,215.5352633723131,1.9236485013722258,6.0652800000000004,7.095599999999999,-2.3032903364259094,,32.641405588603,24.789861,59.496198,17.168072845704874,50.51711836009622,188.48076672282406,3.8565940483442223,0.003523101567870299,4.0450957764599185
2026-09-16T18:16:27+03:00,25.31,290.15,-28.424872731974947,22.414319999999996,236.99826237791373,212.25794478416478,1.3058281108826593,5.79312,6.43464,-3.197104496829994,,28.922909498203957,24.789773,59.496165,17.53775696733099,37.4713505692763,199.52691180863744,4.597753936927091,0.0033381536458913902,4.048433930105809
2026-09-16T18:16:29+03:00,25.31,290.17,-36.13115507648453,22.355999999999998,231.99634082642166,212.85955046905212,4.028638144903358,6.37632,7.056719999999999,-1.3922874421679003,,27.353005139545502,24.789685,59.496126,17.612020063705554,48.457160834953584,183.53917999146807,4.228646912576081,0.003564277510437803,4.051998207616247
2026-09-16T18:16:31+03:00,25.46,290.16,-33.63305908971412,23.9112,230.99939426289401,214.08568015063207,-0.8792610324077613,6.25968,6.72624,-1.9996227050065731,,27.484785432425593,24.789585,59.496087,19.018078194431887,44.13701868537797,186.86237557751605,4.492425359206459,0.003847619894129723,4.055845827510376
2026-09-16T18:16:33+03:00,25.68,290.16,-33.231988633122555,23.69736,232.9990169679006,211.96000673069673,3.524492580967746,6.76512,7.73712,-3.2028340747813018,,31.650188603026677,24.78949,59.496054,18.4156788908461,44.846295455756575,188.152721512144,4.796477892331691,0.0035122343189443357,4.059358061829321
2026-09-16T18:16:35+03:00,25.46,290.15,-28.247255815484394,22.43376,227.99709541640848,213.35802375081596,-0.24975230289752584,6.201359999999999,7.63992,-2.3548565379876836,,27.696779816623994,24.789399,59.496012,17.222816872336676,38.05899429534912,189.93810112105936,4.882804657236541,0.0037525932636952087,4.063110655093016
2026-09-16T18:16:37+03:00,25.68,290.14,-34.49249578241036,20.178720000000002,231.99634082642166,215.70715071085232,1.8484191428715486,6.74568,7.776,-1.1287268564077217,,24.270492201741668,24.789297,59.495969,15.109797171825381,49.13697595633636,182.8593648700853,4.413380606160234,0.004045413270425556,4.067156068363442
2026-09-16T18:16:39+03:00,25.68,290.15,-25.680404893298302,24.82488,230.99939426289401,217.12235646482546,-1.4818980413263612,6.82344,7.698239999999999,-1.8793015680291005,,22.351083588053417,24.7892,59.49593,18.908065872159586,34.67755362228132,196.3218406406127,5.611371887256853,0.0037754608048785453,4.070931529168321
2026-09-16T18:16:41+03:00,25.83,290.15,-40.073104706984594,22.1616,237.99520894144138,216.7155564302826,-0.05884276555993555,6.59016,7.46496,-2.3147494923285254,,29.152092616256287,24.789096,59.495897,17.63653024076125,53.99225497827186,184.00295396316952,3.8743195213441073,0.00374207312353131,4.074673602291852
2026-09-16T18:16:43+03:00,26.02,290.16,-31.043289855722815,22.78368,237.99520894144138,214.0054660593138,1.7997750260649419,6.5124,7.1928,-1.7246029633437776,,28.779670049421245,24.788995,59.495868,17.528722635629002,42.08895472052751,195.90625422091387,4.832885055788541,0.003540425996869064,4.078214028288721
2026-09-16T18:16:45+03:00,26.06,290.15,-31.885537814565115,24.51384,227.99709541640848,210.91149396560732,-3.0858933887951006,6.0264,6.97896,-2.7559269945792595,,24.499675319793997,24.788903,59.495834,19.65626930757062,41.20550855291037,186.7915868634981,4.533971546299661,0.0034721360497664976,4.081686164338487
2026-09-16T18:16:47+03:00,26.13,290.15,-30.372929235419743,23.77512,223.99785000639537,213.50126319959867,3.894566020842745,6.045839999999999,6.43464,-1.701684651538545,,16.885066222505362,24.788818,59.495798,18.80913052990703,39.726357697896475,184.2714923084989,4.649889534755227,0.0033775973248185215,4.085063761663306
2026-09-16T18:16:49+03:00,26.13,290.16,-31.91991528227297,22.900319999999997,233.99596353142817,219.00165803285458,5.736166965952236,6.6679200000000005,7.17336,-0.7333859777674538,,14.10049133816956,24.788726,59.495759,17.59744901612207,43.477019961466425,190.51894356996175,4.838578789032676,0.003657114273521893,4.088720875936827
2026-09-16T18:16:51+03:00,26.28,290.16,-35.83321702301649,21.98664,240.99750778792685,226.43292063570135,6.697876625079324,7.1928,7.056719999999999,-0.813600069085769,,20.735342605784492,24.788614,59.495722,16.695023902967307,50.4422997191098,190.55520806881705,4.58077042650311,0.004077186521045681,4.092798062457873
2026-09-16T18:16:53+03:00,26.55,290.16,-40.2908286691343,23.19192,248.99599860795314,226.80534320253636,-0.5967355436287524,7.542719999999999,7.270560000000001,-4.068000345428845,,36.84118622691194,24.788495,59.495692,18.107848464793456,55.91735463093765,193.07864397701547,4.226850930459874,0.004053922825646398,4.096851985283519
2026-09-16T18:16:57+03:00,26.58,290.16,-29.07804461842409,24.82488,241.99445435145452,219.62045245159584,-2.1233815887548313,6.84288,7.52328,-4.440422912263879,,33.84461695837773,24.788252,59.495638,19.135688724013615,39.086453697280035,202.9080006541745,5.311412625628828,0.003864028510067154,4.100716013793586
2026-09-16T18:16:59+03:00,26.85,290.17,-39.981431459763655,24.163919999999997,232.9990169679006,222.26178788714893,3.1287506318708864,6.82344,6.78456,-3.632552421129419,,29.524515183091317,24.788153,59.495603,19.436389705723226,53.01801763513464,179.98099933276595,4.1047348287390895,0.0036810005331759823,4.104397014326762
2026-09-16T18:17:01+03:00,26.81,290.16,-28.184230458020004,20.314799999999998,237.99520894144138,230.2316308174187,-2.389348597254559,6.0652800000000004,7.03728,-3.0080284244368216,,25.238790875512766,24.788063,59.495568,15.240313519406342,39.01841540774632,198.97679353369506,4.712380792196304,0.003459232710014934,4.107856247036777
2026-09-16T18:17:03+03:00,26.73,290.15,-33.03718298277808,21.34512,240.99750778792685,230.8045886125495,0.6108876011684837,6.72624,6.8623199999999995,-2.904896021313274,,24.37362460486522,24.787951,59.49554,16.128797305668318,46.17883866718779,194.81866912073906,4.65731380654986,0.0038092007670803723,4.1116654478038575
2026-09-16T18:17:05+03:00,27.15,290.16,-42.48525702448535,20.27592,246.9963759029466,235.61743409164845,2.5809456839463065,7.03728,8.08704,-3.437746770784939,,26.699833253096365,24.787837,59.495515,15.817280918759874,59.97247346456446,187.02390243838215,3.5215675487215536,0.0037889772360992545,4.115454425039957
2026-09-16T18:17:09+03:00,27.3,290.16,-30.48179121649461,23.65848,242.99713049293345,223.51656545848545,-9.378860740055472,7.17336,7.17336,-3.277318588148309,,29.301061642990298,24.787579,59.495469,17.851344445454362,42.24330450258273,200.75382599035072,5.310414694250778,0.003882633568177157,4.119337058608134
2026-09-16T18:17:11+03:00,27.45,290.16,-31.977211061786054,25.50528,242.99713049293345,212.18346027079778,-6.191840300419781,6.57072,8.30088,-2.773115728433184,,24.41946122847569,24.787459,59.495437,20.233081499787456,41.88031276649798,201.11681772643547,4.892170270382151,0.004135817243280896,4.123472875851415
2026-09-16T18:17:13+03:00,27.48,290.15,-27.135717692930598,24.3,227.99709541640848,206.06427101880058,-1.1475198720880129,6.55128,6.92064,-2.1084846860814292,,19.41181009903229,24.787371,59.495398,18.70996852354251,36.32537290387768,191.6717225125308,5.278143786322435,0.003564321130306987,4.127037196981722
2026-09-16T18:17:15+03:00,27.48,290.15,-28.62540796027074,23.502959999999998,222.99517386491638,201.17121144838333,-4.551634020298772,6.25968,6.14304,-1.7188733853924696,,7.849521793292279,24.787287,59.495354,18.256388658895084,38.07997621499615,184.91519764992023,4.927310969218141,0.0036828374714847427,4.130720034453207
2026-09-16T18:17:17+03:00,27.52,290.16,-7.294189247550188,22.95864,219.99860459638222,179.6623758191722,-12.286392367226346,6.2208000000000006,5.48208,-2.5267438765269303,,8.703228908037206,24.787201,59.495317,16.80675155333286,9.987743422565586,210.01086117381664,6.126523010132374,0.00343966409530732,4.134159698548514
2026-09-16T18:17:19+03:00,27.63,290.16,10.019735884610594,22.31712,203.9958933783783,152.95681298812457,-12.918479406814672,5.307119999999999,4.60728,-2.446529785208615,,6.927059743131653,24.787143,59.49528,17.115870147969318,13.11224664724162,217.10814002561992,5.168750111686401,0.002842142798055089,4.137001841346569
2026-09-16T18:17:21+03:00,27.63,290.16,18.201573199078748,23.77512,182.99699018683364,133.77991558509592,-7.02738465305906,4.84056,4.02408,-1.2662367272391195,,0.6760901982543714,24.787129,59.495239,19.236279754128553,22.70976280744182,205.70675299427546,4.465282614868235,0.002501162063951178,4.13950300341052
2026-09-16T18:17:23+03:00,27.75,290.17,28.1194726327933,20.2176,142.99880650875087,118.16681566778098,-0.4516053341221149,4.80168,4.80168,0.6302535746439055,,-21.216627153694382,24.787174,59.495202,16.14210522168132,36.178765259228584,179.17757176797946,3.8758159555825196,0.002613668477209982,4.14211667188773
2026-09-16T18:17:25+03:00,27.56,290.16,32.02704479558551,20.412,112.99873635570096,119.41586366116618,4.609445461827472,4.74336,4.04352,-0.4297183463481174,,-30.074554666416912,24.787252,59.495185,16.58249516440786,40.75226328389317,153.7509996395941,3.5932811332451045,0.0025899769462651746,4.144706648833996
2026-09-16T18:17:27+03:00,27.41,290.16,27.71840217620172,24.027839999999998,124.99647258574039,127.5060277284134,4.12850468859466,4.91832,5.3654399999999995,-0.17188733853924698,,-27.09517413173663,24.787329,59.495165,19.806479671942913,34.35084408019566,159.34731666593603,4.060554654645841,0.0026390769092201377,4.147345725743215
2026-09-16T18:17:29+03:00,27.63,290.16,36.91437478805143,23.0364,131.99801684223905,124.53237677168444,-5.165157227324858,5.67648,5.5404,0.9797578296737078,,-17.091331028752457,24.787418,59.495131,18.809438129313378,47.35757618076167,179.35559302300072,3.8453657157278625,0.0033986107340105397,4.150744336477226
2026-09-16T18:17:31+03:00,27.63,290.14,30.984261608447415,21.131279999999997,136.99993839373113,125.09960498886393,6.810061761365938,5.94864,5.67648,-0.2119943841984046,,-23.995472460078876,24.7875,59.495093,16.321330153845718,41.79878245398311,178.79872084771424,4.434652605929227,0.003387736055794227,4.15413207253302
2026-09-16T18:17:33+03:00,27.22,290.15,30.57746157390453,21.967200000000002,133.99763954724563,135.26387627448474,6.432310687036186,6.68736,6.62904,-0.6474423084978302,,-27.077985397882706,24.787598,59.495055,16.56289248721962,42.42988433019582,176.42752387744144,4.935964073104105,0.0037626981170261497,4.157894770650047
2026-09-16T18:17:36+03:00,27.33,290.16,35.12101688929195,24.57216,143.9957530722785,137.55570745500802,1.5795300496166533,6.0652800000000004,6.006959999999999,0.6531718864491385,,-21.06765812696037,24.787676,59.495013,19.91914520652271,45.210009833858805,189.2057629061373,4.273051831885826,0.003469454859888544,4.161364225509935
2026-09-16T18:17:38+03:00,27.3,290.16,24.61297092659266,24.51384,141.99613036727192,136.94837219216936,0.4179727115479356,5.81256,6.39576,0.44117750225073393,,-17.326243724756097,24.78774,59.494973,19.381184099670246,31.788379653254253,173.78451002052617,4.940673379444022,0.003097398496692238,4.164461624006627
2026-09-16T18:17:40+03:00,27.11,290.17,29.517489652912506,25.50528,145.99537577728506,136.73064823001965,-0.891636920782587,5.6181600000000005,6.62904,0.5271211715203573,,-18.12838463793925,24.78778,59.494937,20.80131743995763,37.1644537571772,183.15982953446226,4.477138993540929,0.002484329454649041,4.166945953461276
2026-09-16T18:17:42+03:00,27.45,290.16,25.78180482865954,26.652240000000003,140.99918380374427,133.41895217416348,-5.194148891758479,6.4152,6.4152,0.25210142985756223,,-13.957251889386853,24.787842,59.494894,21.061277813041226,33.39490104313907,174.39408484688335,5.35603026706668,0.00320295419221604,4.170148907653492
2026-09-16T18:17:44+03:00,27.22,290.16,27.2141993164866,25.952399999999997,141.99613036727192,128.50870386989234,-2.6305638290046356,6.18192,5.98752,0.2864788975654116,,-17.750232493152904,24.787893,59.494844,20.649245772485738,35.083327705669944,177.07945807294186,5.058770237977808,0.0033843413783170937,4.173533249031809
2026-09-16T18:17:46+03:00,26.92,290.16,26.37195135764429,25.03872,133.99763954724563,131.50527313842653,1.3026768430094398,5.57928,5.94864,0.4239887683968092,,-21.720830013409508,24.787962,59.494804,20.192739858047307,33.42175770960014,167.41939725684577,4.656683349245452,0.0031957791802871317,4.176729028212097
2026-09-16T18:17:48+03:00,27.07,290.15,25.78180482865954,27.56592,142.99880650875087,130.4854082630937,-0.1834037902213765,5.81256,5.890319999999999,0.2807493196141034,,-20.139466498848435,24.788029,59.494765,22.47460687658326,32.240617318394044,175.23942382714492,4.916351566222195,0.0031103650816131988,4.17983939329371
2026-09-16T18:17:50+03:00,27.15,290.16,25.478137197240205,26.1468,136.99993839373113,127.82115451573536,2.139424407018494,5.598719999999999,5.7348,0.2807493196141034,,-24.631455612674092,24.7881,59.49473,21.229609639013994,31.992052127831556,168.99199052156268,4.748395345107436,0.0030197422539568076,4.182859135547667
2026-09-16T18:17:52+03:00,26.88,290.16,32.508329343495404,26.18568,128.99571799575352,130.0843378065021,1.047538736837684,5.50152,5.7348,0.2807493196141034,,-27.444678386766434,24.788169,59.494698,21.74808878188581,40.3218504566278,169.31756845238132,4.194477751975428,0.002851662921071992,4.185710798468739
2026-09-16T18:17:54+03:00,26.88,290.16,31.952560282218506,25.272,131.99801684223905,128.4113010447201,-1.4860806332308163,5.832,6.35688,0.24064227395494575,,-29.163551772158904,24.78825,59.494664,20.556643928923705,40.58765238926904,172.5856692315081,4.42888807650271,0.003206967650819407,4.188917766119559
2026-09-16T18:17:56+03:00,26.88,290.16,28.933072701879066,26.22456,128.99571799575352,133.06371834118238,1.0012437469911137,5.3654399999999995,6.337439999999999,0.1546986046853223,,-31.04858291813931,24.788325,59.494631,21.68472467475814,35.808053470582166,164.8037714663357,4.351273059961973,0.0030283986488801496,4.191946164768439
2026-09-16T18:17:58+03:00,26.88,290.16,32.508329343495404,26.06904,139.99650766226534,132.67983661844474,-2.8646170883155766,6.1236,6.2208000000000006,0.38388172273765153,,-22.895393493427694,24.788402,59.494585,21.162380801080296,41.45469636527082,181.45120402753616,4.58951216825642,0.003628320993673056,4.195574485762112
2026-09-16T18:18:00+03:00,26.81,290.16,29.781050238672687,24.70824,142.99880650875087,130.565622354412,2.0361201165564062,6.1236,6.53184,0.14896902673401402,,-25.21587256370753,24.788465,59.494538,19.630440316610493,38.694283035052564,181.69308954380344,4.779425649327289,0.003417019176543338,4.198991504938656
2026-09-16T18:18:02+03:00,26.85,290.17,39.99115814790396,24.35832,134.99458611077327,133.2184169458677,-0.28390058748732294,5.9292,6.4152,-0.10886198107485642,,-29.06041936903535,24.788545,59.494497,20.178752215879097,50.87613745846323,185.8707235692365,3.741319036410407,0.003468660474457589,4.202460165413113
2026-09-16T18:18:04+03:00,26.81,290.16,39.630194736971546,24.43608,135.99726225225223,134.45600578335026,-5.241704388754336,5.598719999999999,6.97896,0.22918311805232927,,-28.349951703073135,24.788616,59.494462,20.43845874993137,49.69262686723769,185.68988911948992,3.621744326877165,0.003019754592795091,4.205479920005908
2026-09-16T18:18:06+03:00,26.7,290.16,29.357061470275873,25.48584,135.99726225225223,137.21766235588086,1.6692552403341403,5.57928,6.648479999999999,0.18334649444186346,,-24.551241521355774,24.788688,59.494423,20.803640862425375,36.91213927454163,172.90940152679386,4.460954774259313,0.0032127072716351774,4.208692627277544
2026-09-16T18:18:08+03:00,26.58,290.16,32.26195749158915,25.796879999999998,139.99650766226534,137.71613563764467,-2.9495294335539644,6.0264,6.78456,0.045836623610465865,,-23.113117455577406,24.788775,59.494376,20.94930862240964,41.094866845074705,181.09137450734005,4.541629331239136,0.0038765446922035714,4.212569171969747
2026-09-16T18:18:10+03:00,26.7,290.16,32.73178288359643,22.900319999999997,135.99726225225223,133.5048958434331,-0.8045473359227021,6.6679200000000005,6.84288,-0.07448451336700701,,-27.93169251262763,24.788861,59.494327,17.663074062743107,44.509787625597,180.50704987784923,4.755098490595475,0.003944647268924997,4.216513819238672
2026-09-16T18:18:12+03:00,26.58,290.16,29.74094319301353,23.93064,132.9949634057667,136.36395524113593,1.1344564343590302,7.1928,6.804,-0.14896902673401402,,-32.20022808635227,24.78895,59.494285,18.04166619033977,41.14784747871377,174.14281088448047,5.416280236650089,0.0037077741075858994,4.220221593346258
2026-09-16T18:18:14+03:00,26.28,290.16,32.69740541588858,25.932959999999998,142.99880650875087,141.31431059106623,0.47498201216345254,6.76512,7.13448,-0.3666929888837269,,-24.390813338719145,24.789024,59.494234,20.567160044180746,42.93251321119868,185.93131971994956,4.953126562602455,0.003807277579549051,4.224028870925807
2026-09-16T18:18:16+03:00,26.43,290.16,30.015962934676324,26.38008,147.99499848229166,137.0457750173416,-0.37838132790439566,6.43464,7.1928,-0.3609634109324186,,-18.41486353550466,24.789081,59.494172,21.055908180972573,38.80940048503808,186.80439896732975,5.0140976522224525,0.004112533892124115,4.228141404817931
2026-09-16T18:18:18+03:00,26.51,290.17,32.17601382231953,23.83344,145.99537577728506,133.5564620449949,1.4847055345225022,6.82344,6.648479999999999,-0.23491269600363757,,-28.498920729807146,24.789153,59.494121,18.41992294315146,43.55316438013216,189.54854015741722,4.945188102323119,0.0037714115696535337,4.2319128163875845
2026-09-16T18:18:20+03:00,26.28,290.17,30.61183904161238,24.51384,138.99956109873773,139.11415265776387,0.3690421158437632,6.6095999999999995,7.13448,-0.3781521447863433,,-32.0168815919104,24.789234,59.494078,19.123883343469302,40.74848972199095,179.74805082072868,5.007315245843616,0.0035761176831924763,4.235488934070777
2026-09-16T18:18:22+03:00,26.25,290.17,34.09542243600778,24.33888,144.99842921375745,138.9938315207864,-1.5961458256754475,6.35688,6.84288,-0.20053522829578813,,-29.318250376844226,24.789301,59.49403,19.40472229978491,44.67730737777666,189.6757365915341,4.520237550376454,0.003536026291155508,4.239024960361933
2026-09-16T18:18:24+03:00,26.28,290.17,26.142768239591962,24.9804,144.99842921375745,134.42162831564244,-5.126826350830607,6.57072,7.17336,-0.24064227395494575,,-26.098227568209,24.789373,59.493978,19.300247424331193,34.76994621147762,179.76837542523506,5.397507804447665,0.003820434340554681,4.242845394702488
2026-09-16T18:18:26+03:00,26.28,290.16,31.53430109177301,26.12736,139.99650766226534,134.89718328560105,1.8988394288430612,6.57072,7.01784,0.040107045659157625,,-24.740317593748948,24.78945,59.493932,20.812635304843507,41.03840289412213,181.03491055638747,4.956094888924802,0.0036283504210697926,4.2464737451235575
2026-09-16T18:18:28+03:00,25.98,290.16,29.649269945792597,25.524720000000002,135.99726225225223,132.97777467191275,-3.3924831049696045,6.14304,7.13448,-0.5385803274229739,,-25.364841590441543,24.789538,59.493887,20.41345265503125,38.21056366908718,174.2078259213394,4.8268498393638355,0.0038112924027215314,4.250285037526279
2026-09-16T18:18:30+03:00,25.98,290.16,26.119849927786728,25.174799999999998,134.99458611077327,137.4583046298358,5.88066692188423,5.65704,7.9120800000000004,-0.022918311805232933,,-25.376300746344164,24.789618,59.493848,20.249226116890398,33.1847195023349,168.17930561310817,4.734435134424983,0.003384341137737185,4.253669378664016
2026-09-16T18:18:32+03:00,26.1,290.16,31.070205277717044,24.82488,146.99805191876402,139.34906535376751,1.1133715874982157,6.68736,7.270560000000001,0.3781521447863433,,-22.2021145613194,24.789688,59.493803,19.406275406649172,41.31433882945112,188.31239074821514,5.022868994719299,0.00344647304635229,4.257115851710369
2026-09-16T18:18:34+03:00,25.98,290.16,32.502599765544105,27.93528,147.99499848229166,141.60078948863168,-0.5632748083931123,6.6095999999999995,6.95952,0.2807493196141034,,-15.045871700135418,24.789753,59.493755,22.641253481848207,41.52749446903573,189.5224929513274,4.9481955022661115,0.003501108560184893,4.2606169602705535
2026-09-16T18:18:36+03:00,25.83,290.16,30.96134329664218,25.50528,146.99805191876402,139.7615949662617,-1.5955155721008034,6.43464,7.13448,-1.3636395524113596,,-19.280029806152204,24.789822,59.493705,20.259761807304173,40.365406582946804,187.36345850171082,4.902741931261952,0.0036694598619915688,4.264286420132545
2026-09-16T18:18:38+03:00,25.72,290.16,26.26308937656943,23.36688,140.99918380374427,135.56754390590407,-3.59278915014734,6.27912,6.804,0.2864788975654116,,-22.36827232190734,24.789877,59.493662,17.95225813464069,35.166544190944904,176.16572799468918,5.133063468812356,0.003081666487093825,4.267368086619639
2026-09-16T18:18:40+03:00,25.8,290.16,25.804723140464773,23.26968,141.99613036727192,138.6443272657566,6.834183284540946,6.10416,7.42608,1.105808544602489,,-24.350706293059986,24.789956,59.493617,17.971730086640346,34.30724539028839,176.3033757575603,5.042201135228224,0.0036230833278920915,4.270991169947531
2026-09-16T18:18:42+03:00,25.98,290.17,39.36090457326004,22.9392,143.9957530722785,138.71881177912363,-0.04291453885529866,6.55128,7.3094399999999995,-1.753250853100319,,-31.43819421882827,24.790042,59.493574,18.350517931593078,52.447034354785885,196.4427874270644,3.9929695496926674,0.0036832334904767995,4.2746744034380075
2026-09-16T18:18:44+03:00,25.83,290.16,36.37579446062847,23.63904,141.99613036727192,142.40293040181479,-0.3363262257417932,5.81256,6.59016,-0.7104676659622208,,-23.577213269633372,24.790102,59.493532,19.26995075705819,46.68122263098948,188.6773529982614,3.987746469260175,0.0031184825159545895,4.2777928859539625
2026-09-16T18:18:46+03:00,25.61,290.16,29.076312150661774,23.44464,148.99767462377056,140.5064400999318,-3.564141260390799,5.7153599999999996,6.8623199999999995,0.716197243913529,,-15.091708323745886,24.790156,59.493487,18.65746971281302,37.63769521785915,186.6353698416297,4.525925308067988,0.0031671898827574808,4.28096007583672
2026-09-16T18:18:48+03:00,25.65,290.16,27.30587256370753,24.241680000000002,150.99729732877717,135.43003403507268,-2.225654555185683,6.25968,5.90976,0.2578310078088704,,-18.25443535286803,24.790214,59.493436,18.898946635823542,36.04543682425955,187.04273415303672,5.061268102997576,0.0035396688587484874,4.284499744695469
2026-09-16T18:18:50+03:00,25.65,290.16,17.03846887496318,22.78368,142.99880650875087,135.21803965087426,2.2593444735393753,6.318,6.78456,-0.5557690612768985,,-27.880126311065858,24.790284,59.493389,16.84502353266996,23.347994364709848,166.34680087346072,5.800648842881739,0.0035416194875615655,4.288041364183031
2026-09-16T18:18:52+03:00,25.68,290.16,31.82077998933842,23.1336,135.99726225225223,141.46900919575157,1.253459768407702,6.74568,6.74568,0.45836623610465854,,-21.783855370873898,24.790375,59.493341,17.761549401308933,43.37237171343685,179.36963396568908,4.903474613245896,0.004004267862735098,4.292045632045766
2026-09-16T18:18:54+03:00,25.68,290.16,26.23444148681289,22.997519999999998,145.99537577728506,139.93921188275226,-0.7354486258299248,6.318,6.2208000000000006,-0.08594366926962349,,-23.1761428130418,24.790434,59.493293,17.553915029441637,35.38914618003284,181.3845219573179,5.150670633481325,0.0034007605215061595,4.295446392567272
2026-09-16T18:18:56+03:00,25.57,290.17,39.44111866457837,22.27824,142.99880650875087,140.44341474246738,-1.4827574780190576,6.318,7.32888,-1.5412564689019144,,-23.256356904360114,24.790505,59.493245,17.855946622543275,52.43129207170453,195.43009858045542,3.8521627169518045,0.0036079930735512292,4.299054385640823
2026-09-16T18:18:58+03:00,25.5,290.17,31.752025053922722,23.17248,138.99956109873773,135.96288478454437,-2.594925854147498,6.492959999999999,7.52328,0.34377467707849396,,-20.947336989982894,24.790573,59.493198,17.97897076449343,42.707654843029644,181.70721594176737,4.771182741369914,0.003505160572662009,4.302559546213486
2026-09-16T18:19:00+03:00,25.61,290.17,31.832239145241033,24.22224,143.9957530722785,136.197797480548,3.628713603902043,6.47352,6.35688,0.5042028597151245,,-22.929770961135546,24.790645,59.49315,19.031150490721895,42.1675596657615,186.16331273804,4.798074622859239,0.003626400535858563,4.306185946749344
2026-09-16T18:19:02+03:00,25.68,290.16,30.05606998033548,23.502959999999998,136.99993839373113,138.2203384973598,0.10708581190995087,6.59016,6.804,-0.9453803619658584,,-30.206334959297003,24.79073,59.493107,18.102394671758148,40.56174885534671,177.56168724907783,5.006581459819025,0.003661582877221169,4.309847529626565
2026-09-16T18:19:04+03:00,25.5,290.17,34.48503373669675,25.408079999999998,137.99688495725877,141.32004016901755,0.7725762909544021,6.6679200000000005,7.13448,-1.6787663397333121,,-26.25865575084563,24.790809,59.49306,20.266628261103165,45.22094142193478,183.21782637919355,4.6967149304166504,0.003713718448191906,4.313561248074757
2026-09-16T18:19:06+03:00,25.38,290.17,38.45563125695335,27.604799999999997,145.99537577728506,139.6240850954303,-3.98016591543529,6.62904,6.95952,-1.501149423242757,,-25.685697955714808,24.790886,59.493012,22.789661613534484,48.877833139958085,194.87320891724315,4.3596991177126565,0.003720814371827915,4.317282062446585
2026-09-16T18:19:08+03:00,25.2,290.16,27.52932610380855,27.35208,130.99534070076012,135.5790030618067,-0.8951319633328851,6.37632,6.97896,0.2807493196141034,,-30.933991359113147,24.790963,59.492968,21.896960436684978,35.26434268098865,166.25968338174877,5.206246498858143,0.0035376423800885927,4.320819704826674
2026-09-16T18:19:10+03:00,25.31,290.17,17.57704920238615,25.58304,135.99726225225223,139.03393856644556,7.946752731125978,6.0652800000000004,6.648479999999999,-0.05729577951308232,,-29.83964197041328,24.791049,59.492919,19.885473101088095,22.862029112102476,158.8592913643547,5.588810298331285,0.00394472007446449,4.324764424901138
2026-09-16T18:19:12+03:00,25.38,290.17,23.455596180428397,24.4944,140.99918380374427,143.187882581144,5.283816786696452,6.4152,7.1928,0.911002894258009,,-27.685320660721377,24.791118,59.492873,18.783668843871517,31.268707416478435,172.2678912202227,5.483343717246687,0.003475311017197988,4.328239735918336
2026-09-16T18:19:14+03:00,25.27,290.16,28.1194726327933,25.13592,147.99499848229166,144.7062207382407,2.1267620397461027,5.96808,7.795439999999999,0.8594366926962348,,-20.35719046099815,24.791183,59.492825,20.07035577879851,36.17589877550196,184.17089725779363,4.817485957989965,0.00350113951195002,4.331740875430286
2026-09-16T18:19:16+03:00,25.08,290.17,30.98999118639872,24.94152,150.99729732877717,140.6382203928119,1.28818101079263,5.443199999999999,6.57072,-0.05729577951308232,,-21.64061592209119,24.791224,59.492777,20.468084234585316,38.86007414680299,189.85737147558015,4.238513957821696,0.003144732242224279,4.33488560767251
2026-09-16T18:19:18+03:00,25.05,290.16,29.494571341107275,26.477279999999997,147.99499848229166,144.48849677609098,1.3823179765326243,6.201359999999999,6.84288,-0.6130648407899808,,-14.604694197884685,24.791282,59.492726,21.29956671722204,37.73601935977672,185.73101784206838,4.904276945654575,0.003539687468285061,4.338425295140795
2026-09-16T18:19:20+03:00,25.08,290.17,29.781050238672687,25.05816,147.99499848229166,141.0908570509652,-3.439179165272767,6.0264,6.901199999999999,-2.3090199143772177,,-21.136413062376068,24.791343,59.492674,20.052328282092898,38.36574133052497,186.36073981281663,4.725087616434113,0.0036378461124214204,4.342063141253217
2026-09-16T18:19:22+03:00,24.93,290.17,22.000283380796105,23.69736,140.99918380374427,139.79597243396955,-1.9400923900924807,5.90976,6.35688,-0.2578310078088704,,-22.671939953326675,24.791397,59.49263,18.351959304595038,28.928951838644593,169.92813564238887,5.172341389917787,0.0031160356601042443,4.345179176913321
2026-09-16T18:19:24+03:00,24.86,290.17,21.04344386292763,24.63048,137.99688495725877,144.09888547540206,3.8027208862832738,5.90976,7.15392,0.011459155902616466,,-19.784232665867325,24.791464,59.492586,19.232281126068123,27.378243741467884,165.37512869872666,5.247808180878833,0.0033427950795986306,4.34852197199292
2026-09-16T18:19:26+03:00,24.93,290.17,24.922368135963307,28.12968,155.99921888026924,138.78183713658802,-5.4177170234185255,6.24024,6.72624,0.22918311805232927,,-13.96871104528947,24.791515,59.492531,22.62387122654874,31.596946575352433,187.59616545562167,5.315154731059436,0.003653887008080015,4.352175859001
2026-09-16T18:19:28+03:00,24.78,290.17,22.87690880734627,25.349759999999996,145.99537577728506,135.04042273438372,-1.2093420181826287,5.832,6.57072,0.23491269600363757,,-22.419838523469114,24.791567,59.492482,20.104737645068578,29.35191110533819,175.34728688262325,5.083320058411661,0.0033454935076490475,4.355521352508649
2026-09-16T18:19:30+03:00,24.78,290.17,31.82077998933842,26.671680000000002,134.99458611077327,135.0232340005298,-1.0190627344196823,6.57072,5.50152,0.11459155902616464,,-26.579512116118888,24.791649,59.492441,21.37121553379668,41.1502138615661,176.14479997233937,4.947666616753226,0.0035119801845723705,4.359033332693222
2026-09-16T18:19:32+03:00,24.75,290.17,23.16338770491168,27.66312,138.99956109873773,136.7020003402631,2.2489739374475075,6.27912,6.53184,-0.26929016371148695,,-30.46989554505718,24.79173,59.492407,22.029082166522482,29.600977229523608,168.60053832826134,5.459610101825973,0.003207094994672531,4.362240427687894
2026-09-16T18:19:34+03:00,24.63,290.17,31.058746121814426,26.5356,137.99688495725877,141.17680072023484,0.1863831707560568,6.2208000000000006,6.59016,-0.4354479242994257,,-32.870588706655326,24.791805,59.492366,21.448103336226055,39.66459521926015,177.66148017651892,4.788735273659715,0.003363147177206334,4.3656035748651005
2026-09-16T18:19:36+03:00,24.67,290.16,31.51711235791908,26.39952,138.99956109873773,140.29444571573336,-0.11613854507301788,6.27912,6.24024,-0.13178029288008933,,-28.16660520863127,24.791873,59.492325,21.301095601268724,40.38152806582636,179.3810891645641,4.783102199435069,0.00322160565983862,4.368825180524939
2026-09-16T18:19:38+03:00,24.6,290.17,28.337196594943013,25.38864,147.99499848229166,140.53508798968832,2.9090786132177286,6.0264,6.62904,-0.1546986046853223,,-29.535974338993935,24.791938,59.492281,20.28706504786522,36.44295016991995,184.43794865221162,4.847929835320953,0.0033058348565937153,4.372131015381533
2026-09-16T18:19:40+03:00,24.48,290.16,28.881506500317297,25.796879999999998,141.99613036727192,143.800947421934,-0.4631217858042444,6.318,6.6095999999999995,-0.2119943841984046,,-26.28157406265086,24.792008,59.492234,20.493186264274577,37.445136270686646,179.44126663795856,5.016087001330568,0.0035416635593569033,4.37567267894089
2026-09-16T18:19:42+03:00,24.6,290.16,40.581304676888706,25.816319999999997,150.99729732877717,138.5698427523896,-1.5875514587484851,6.1624799999999995,7.15392,-0.005729577951308233,,-24.711669703992406,24.792063,59.492186,21.51283711372035,51.320989719266464,202.31828704804363,3.8512832369481913,0.0033377838159696044,4.37901046275686
2026-09-16T18:19:44+03:00,24.41,290.16,27.1454443810709,24.28056,133.99763954724563,139.15425970342304,0.6156431508680695,6.14304,7.15392,0.022918311805232933,,-27.347275561594195,24.792133,59.492148,19.02178850183584,35.61854628028425,169.61618582752988,4.993752707456781,0.0031272204889674898,4.382137683245827
2026-09-16T18:19:46+03:00,24.22,290.18,24.710373751764898,23.83344,137.99688495725877,141.52057539731334,-2.7445251344561563,6.5124,7.892639999999999,-0.20053522829578813,,-27.599376991451756,24.792213,59.492104,18.123005780409716,33.34989247860938,171.34677743586815,5.439996332451049,0.0035991316739961638,4.385736814919824
2026-09-16T18:19:48+03:00,24.26,290.17,21.2267903573695,22.900319999999997,144.99842921375745,137.36663138261488,4.377225667460951,6.39576,6.8623199999999995,-0.590146528984748,,-27.146740333298407,24.792286,59.492052,17.09603591254545,29.01141133791458,174.00984055167203,5.59324006980521,0.0038381350358753234,4.389574949955699
2026-09-16T18:19:50+03:00,24.33,290.17,24.985393493427694,23.85288,136.99993839373113,142.36282335615567,2.993990958456117,6.47352,7.73712,-0.2578310078088704,,-28.796858783275177,24.792364,59.492006,18.19184742362661,33.63001594759277,170.6299543413239,5.390054837553013,0.003648270751398591,4.393223220707097
2026-09-16T18:19:52+03:00,24.26,290.18,32.31925327110223,24.70824,145.99537577728506,144.16764041081774,-2.466583308038194,6.27912,6.59016,0.12032113697747288,,-25.697157111617422,24.792433,59.491962,19.690155186915963,42.13577364984306,188.13114942712812,4.656326039527954,0.003380487747235651,4.396603708454332
2026-09-16T18:19:54+03:00,24.03,290.17,23.63894267487026,24.55272,149.99462118729824,141.60651906658293,-0.8752503278418456,5.890319999999999,6.5124,0.13178029288008933,,-21.25673419935354,24.792495,59.491913,19.301703306823686,30.667553224429525,180.66217441172776,5.066507241415506,0.0035005554587561227,4.4001042639130885
2026-09-16T18:19:56+03:00,23.88,290.18,30.29671225429043,25.50528,146.99805191876402,142.3227163104965,1.5669249781237755,6.337439999999999,6.55128,0.08594366926962349,,-19.308677695908745,24.792555,59.491867,20.28688544937323,39.364006390346674,186.3620583091107,4.899678695995955,0.0033161751238723,4.403420439036961
2026-09-16T18:19:58+03:00,24.03,290.17,31.413979954795536,23.386319999999998,145.99537577728506,139.57251889386853,-2.36167473574974,6.72624,6.84288,0.20053522829578813,,-15.658936540925398,24.792624,59.491816,17.99088026527169,42.65095911793708,188.64633489522214,4.94711440632139,0.0037189162822270773,4.407139355319188
2026-09-16T18:20:00+03:00,23.92,290.17,31.081664433619654,21.772799999999997,143.9957530722785,136.64470456075003,-1.154739140306661,6.648479999999999,6.901199999999999,-0.6130648407899808,,-20.145196076799746,24.792697,59.491759,16.441095559998594,43.13170296237564,187.12745603465413,4.851954960494377,0.0040866143597505,4.411225969678939
2026-09-16T18:20:02+03:00,23.85,290.17,34.32460555406011,22.861439999999998,139.99650766226534,136.99420881577984,0.8565719037205807,6.37632,6.5124,-0.23491269600363757,,-17.83617616242253,24.792768,59.491715,17.959112110974324,45.87348803653583,185.86999569880118,4.439481009175689,0.0034188417596437877,4.414644811438583
2026-09-16T18:20:04+03:00,23.73,290.17,28.503354355530952,21.772799999999997,138.99956109873773,131.25317170856897,-4.8281434522289075,6.55128,7.01784,-1.386557864216592,,-27.73688686228315,24.792853,59.491669,16.317892769874444,39.54891730956655,178.54847840830428,5.051569098947686,0.0037910969368539923,4.418435908375437
2026-09-16T18:20:06+03:00,23.7,290.17,26.75010350243063,21.98664,128.99571799575352,132.34752109726884,-2.4500248277589134,6.2208000000000006,6.6095999999999995,-2.532473454478239,,-35.615056545331974,24.792934,59.491628,16.66845626375404,36.420548979528775,165.4162669752823,5.005759051478446,0.003490348290228305,4.421926256665665
2026-09-16T18:20:08+03:00,23.66,290.16,29.08204172861308,24.94152,131.99801684223905,136.19206790259668,0.8431646913145195,6.1236,6.804,-0.813600069085769,,-31.426735062925655,24.793012,59.491588,19.814781804853403,37.72133646986509,169.71935331210415,4.843741578053443,0.00338315606773453,4.425309412733399
2026-09-16T18:20:10+03:00,23.73,290.16,29.15652624198009,24.649919999999998,135.99726225225223,139.0568568782508,-1.5419440182560713,6.337439999999999,6.82344,-0.3666929888837269,,-21.79531452677652,24.793088,59.491538,19.363236075988144,38.33184436031809,174.3291066125703,4.971289358938585,0.003796131261989287,4.429105543995388
2026-09-16T18:20:12+03:00,23.7,290.16,32.834915286719976,24.57216,142.99880650875087,131.44797735891348,-5.505780636530133,6.53184,6.55128,-1.1974817918234204,,-23.13603576738264,24.79316,59.491484,19.409732977763262,43.348586369117214,186.3473928778681,4.749894787918351,0.003919486467675368,4.433025030463064
2026-09-16T18:20:14+03:00,23.51,290.17,27.953314872205365,25.68024,132.9949634057667,131.48808440457265,6.436550574720155,5.87088,7.056719999999999,-0.06302535746439056,,-21.348407446574473,24.793229,59.491445,20.678260126661666,35.60127098782502,168.59623439359171,4.773541183060494,0.003150946642616309,4.43617597710568
2026-09-16T18:20:16+03:00,23.51,290.16,32.62292090252157,26.74944,135.99726225225223,137.34944264876097,0.38348065228106,6.6095999999999995,6.940079999999999,0.4469070802020421,,-21.279652511158776,24.793311,59.491404,21.48020487635579,42.171686628587196,178.16894888083942,4.898615442328223,0.0035120349418102425,4.43968801204749
2026-09-16T18:20:18+03:00,23.58,290.17,40.203152532102365,27.37152,139.99650766226534,135.21231007292297,-1.380255328470153,6.6679200000000005,6.74568,-1.0313240312354817,,-23.468351288558523,24.793389,59.491359,22.69078475664508,51.1376544001466,191.13416206241195,4.1837961786667615,0.0036029598190052267,4.443290971866496
2026-09-16T18:20:20+03:00,23.43,290.16,21.34138191639566,25.758,133.99763954724563,132.2959548957071,-2.044198821467751,6.68736,6.10416,-0.4640958140559668,,-35.082205795860304,24.793464,59.491317,19.680258187296836,28.444850192564473,162.4424897398101,5.880035101905469,0.00340748559441079,4.446698457460907
2026-09-16T18:20:22+03:00,23.4,290.17,34.57097740596636,28.362959999999998,131.99801684223905,135.41284530121877,-0.046294989846570524,6.47352,6.648479999999999,-0.7849521793292279,,-29.58754054055571,24.793542,59.491279,23.323576482261128,43.63225935067834,175.6302761929174,4.685426761490541,0.003298822631301331,4.449997280092209
2026-09-16T18:20:24+03:00,23.43,290.16,26.56675700798877,26.6328,137.99688495725877,137.90521171003783,2.5113313118379113,6.318,6.7068,-0.19480565034447989,,-21.75520748111736,24.793598,59.491236,21.17130640614102,34.236721119691424,172.2336060769502,5.22321798793532,0.003098456328814565,4.453095736421023
2026-09-16T18:20:26+03:00,23.43,290.17,29.72948403711091,25.44696,144.99842921375745,138.25471596506765,-1.1527337880237032,6.43464,6.74568,-0.12605071492878112,,-20.38583835075469,24.793662,59.491193,20.113998330962048,38.857707400154595,183.85613661391204,5.010695763650661,0.003239498816422456,4.456335235237446
2026-09-16T18:20:28+03:00,23.32,290.16,28.193957146160304,24.70824,140.99918380374427,136.09466507742445,-1.3131619706603337,6.18192,6.6679200000000005,-2.389234005695533,,-25.536728928980793,24.793739,59.491145,19.47998373331395,36.817012888050925,177.8161966917952,4.948957488893721,0.0037208964212936974,4.46005613165874
2026-09-16T18:20:30+03:00,23.21,290.17,23.793641279555583,25.11648,134.99458611077327,135.5904622177093,-3.4702334777688573,6.35688,6.84288,-0.9167324722093171,,-27.65667277096484,24.793807,59.4911,19.469560555498585,31.362972587006794,166.35755869778006,5.428059237117202,0.0034090915935844524,4.463465223252324
2026-09-16T18:20:32+03:00,23.13,290.18,28.892965656219907,26.555039999999998,131.99801684223905,138.76464840273408,9.008844595959987,6.25968,7.36776,-0.5958761069360561,,-30.802211066233056,24.793889,59.491056,21.290467216690327,37.06002319417567,169.05804003641472,4.995253491372175,0.0036408538875280115,4.467106077139852
2026-09-16T18:20:34+03:00,23.36,290.17,37.22377199742208,26.41896,141.99613036727192,143.41133612124506,2.070440288484743,6.1624799999999995,6.045839999999999,0.1546986046853223,,-26.310221952407403,24.793957,59.491017,21.83252415823412,47.05510116733936,189.05123153461128,4.198464989266535,0.0031306559844084198,4.470236733124261
2026-09-16T18:20:36+03:00,23.13,290.17,32.938047689843515,25.310879999999997,142.99880650875087,142.28260926483733,-0.006187944187412891,6.43464,5.90976,-0.07448451336700701,,-28.092120695264263,24.79402,59.490971,20.21561424280223,42.904418690299224,185.9032251990501,4.713312020654091,0.0033676101138466483,4.473604343238107
2026-09-16T18:20:38+03:00,23.13,290.16,24.017094819656602,25.310879999999997,142.99880650875087,143.55457557002777,1.1307895044701928,6.27912,6.37632,-0.26356058576017866,,-25.863314872205365,24.794085,59.490923,19.7415026095279,31.455263107911748,174.45406961666262,5.356389969422409,0.0035012028141831477,4.47710554605229
2026-09-16T18:20:40+03:00,23.13,290.17,26.1714161293485,25.991279999999996,148.99767462377056,142.93578115128648,2.0146914950185137,6.2208000000000006,7.40664,1.1631043241155712,,-15.756339366097642,24.794146,59.490873,20.591856884506686,33.82848845545138,182.82616307922194,5.167666875310379,0.0035351456734716694,4.480640691725762
2026-09-16T18:20:42+03:00,23.17,290.17,38.581681971882134,25.38864,150.99729732877717,141.80132471692744,-1.0768168801688693,6.0264,6.88176,-1.9537860813961072,,-23.817855543588323,24.794197,59.490829,21.016445165401947,48.88294301877892,199.88024034755608,3.9629579452731196,0.0030686554436949167,4.483709347169457
2026-09-16T18:20:44+03:00,22.98,290.17,32.05569268534205,25.3692,138.99956109873773,141.61224864453428,-3.408926993689859,6.24024,6.4152,-0.7047380880109125,,-27.41603049700989,24.794258,59.490785,20.351690503745225,41.42146927610878,180.4210303748465,4.6793264418775475,0.003234126902366434,4.486943474071824
2026-09-16T18:20:46+03:00,22.98,290.17,34.777242212213466,25.77744,146.99805191876402,140.62676123690926,-0.031054312496090617,5.98752,6.318,0.25210142985756223,,-21.66926381184773,24.794314,59.490739,21.137163754417408,44.07548240845378,191.0735343272178,4.3015781997747755,0.003250411000352404,4.490193885072176
2026-09-16T18:20:48+03:00,22.98,290.17,35.9804535819882,26.28288,148.99767462377056,141.18825987613747,-1.4519896444205322,6.25968,7.251119999999999,0.17188733853924698,,-20.362920038949458,24.794374,59.490691,21.533800052263597,45.81383546698862,194.81151009075919,4.362946675577132,0.0034170869243158085,4.493610971996492
2026-09-16T18:20:50+03:00,22.98,290.17,26.979286620482963,25.01928,141.99613036727192,141.13096409662438,-2.266048079742406,6.35688,6.940079999999999,-0.07448451336700701,,-22.52870050454397,24.794435,59.490647,19.567897812732756,35.454406355656715,177.45053672292863,5.17817052996321,0.0032341312814250056,4.496845103277916
2026-09-16T18:20:52+03:00,22.83,290.16,27.901748670643588,24.688799999999997,145.99537577728506,140.3574710731978,2.7280239499563885,6.318,6.82344,-0.011459155902616466,,-26.533675492508426,24.794498,59.490599,19.332669613923603,36.69852882861227,182.69390460589733,5.065715468954399,0.00346700322551811,4.500312106503435
2026-09-16T18:20:54+03:00,22.83,290.16,27.01939366614212,24.649919999999998,143.9957530722785,145.98391662138243,1.519999734702561,6.14304,6.76512,-0.02864788975654116,,-25.3992190581494,24.794565,59.490554,19.379368730800344,35.29908374876845,179.29483682104694,5.0136226277493545,0.0033906243406290884,4.503702730844064
2026-09-16T18:20:56+03:00,22.98,290.16,37.95715797518953,25.835759999999997,149.99462118729824,143.75511079832356,-5.276253743800725,7.1928,6.84288,0.18334649444186346,,-18.83885230390147,24.794622,59.490499,20.644066555956897,50.33181143865798,200.32643262595622,4.59145581750995,0.003735585365193607,4.5074383162092575
2026-09-16T18:20:58+03:00,22.8,290.16,26.045365414419724,24.84432,148.99767462377056,136.74783696387357,-1.4773143789653147,6.57072,6.940079999999999,-0.2578310078088704,,-24.74604717170026,24.794677,59.490443,19.159348031693543,34.70613079333117,183.70380541710173,5.4016780112257505,0.0037612571079002725,4.511199573317158
2026-09-16T18:21:00+03:00,22.76,290.17,24.011365241705295,26.78832,138.99956109873773,143.22226004885187,6.556126866563957,6.25968,7.542719999999999,-0.18907607239317165,,-31.08296038584716,24.794751,59.490394,21.22372754486659,30.904360287223454,169.90392138596118,5.370967077751001,0.003711325267378169,4.514910898584536
2026-09-16T18:21:02+03:00,22.98,290.17,30.336819299949582,27.64368,147.99499848229166,144.9010263885852,-7.018790286132098,6.74568,6.4152,0.08021409131831525,,-24.24184431198513,24.794816,59.490343,22.086061939898627,39.21103662775218,187.20603511004384,5.226706189071319,0.0036512461472961374,4.518562144731832
2026-09-16T18:21:04+03:00,22.76,290.17,29.32841358051934,27.118799999999997,155.99921888026924,138.04845115882057,-0.22425568101420423,5.81256,6.454079999999999,-0.10313240312354818,,-27.438948808815123,24.794864,59.490288,22.234292414184775,36.68527789669358,192.68449677696282,4.661261457429772,0.003615887561748059,4.5221780322935805
2026-09-16T18:21:06+03:00,22.61,290.16,25.632835801925527,26.10792,142.99880650875087,142.56908816240275,4.171705706347524,5.90976,7.503839999999999,-0.48701412586119974,,-33.3404140986626,24.794926,59.490247,20.936450216290243,32.646802841720074,175.64560935047095,4.976088918060158,0.0031069160868235505,4.525284948380404
2026-09-16T18:21:08+03:00,23.4,290.16,25.87920765383178,28.03248,147.99499848229166,147.35328575174512,-0.9929358589617168,6.55128,6.337439999999999,-0.24064227395494575,,-27.123822021493172,24.794993,59.490197,22.322094557752447,33.239050247618565,181.23404872991023,5.479431135681677,0.0036349094274816074,4.528919857807885
2026-09-16T18:21:10+03:00,22.83,290.16,28.978909325489536,26.8272,154.9965427387903,142.20812475147034,-1.3143651820301085,6.648479999999999,6.62904,0.03437746770784939,,-25.67423879981219,24.795043,59.490145,21.25659393618671,37.69477026348579,192.6913130022761,5.260804916184811,0.0034781355471006025,4.532397993354986
2026-09-16T18:21:12+03:00,22.57,290.17,28.680971272021505,25.524720000000002,142.99880650875087,144.47130804223707,1.1878561008652226,6.006959999999999,6.59016,-0.46982539200727513,,-32.06271821552087,24.795097,59.490106,20.45892055812627,36.78166761989061,179.7804741286415,4.811112386740404,0.002865434613451611,4.535263427968438
2026-09-16T18:21:14+03:00,22.76,290.17,27.769968377763497,27.85752,143.9957530722785,146.44801243543841,-1.0419810462249153,5.87088,6.14304,-0.320856365273261,,-28.52183904161238,24.795159,59.490064,22.82729845759921,34.65221536689097,178.64796843916946,4.8294946971766635,0.003154812211266631,4.538418240179705
2026-09-16T18:21:16+03:00,22.68,290.18,31.660351806701787,25.01928,157.9988415852758,139.63554425133293,-3.820883648388921,6.2208000000000006,6.27912,0.06875493541569878,,-24.912204932288198,24.795213,59.49001,19.992729293676142,41.05994220639502,199.05878379167083,4.690625069572404,0.0036401617644076815,4.542058401944113
2026-09-16T18:21:18+03:00,22.53,290.18,20.01211983169215,24.96096,139.99650766226534,139.30322873015703,2.524738524243973,6.08472,7.56216,-0.3323155211758775,,-31.57570408965967,24.795284,59.489963,19.355966611474873,26.18792597425545,166.1844336365208,5.460131943329592,0.0035602384319349594,4.5456186403760475
2026-09-16T18:21:20+03:00,22.68,290.18,32.21612086797869,25.11648,140.99918380374427,140.26006824802553,-7.597420363434716,6.24024,7.095599999999999,-0.29793805346802804,,-31.93666750059209,24.795362,59.489919,20.113990559737015,41.73632547548283,182.7355092792271,4.656568658995617,0.00355812470989012,4.549176765085938
2026-09-16T18:21:22+03:00,22.68,290.19,27.04804155589866,25.8552,147.99499848229166,139.77878370011564,2.0564028225040376,6.08472,6.37632,0.07448451336700701,,-27.51916290013344,24.795432,59.489868,20.62245908324088,34.75876639404294,182.7537648763346,4.998960843840686,0.003736347315254736,4.552913112401193
2026-09-16T18:21:24+03:00,22.35,290.18,28.291359971332543,24.883200000000002,148.99767462377056,141.6924627358526,2.6993187644203345,5.890319999999999,6.1624799999999995,-0.19480565034447989,,-28.275467189706127,24.795492,59.489825,19.893350845739224,36.3586375256306,185.35631214940116,4.743604185374068,0.0031674546435804126,4.556080567044773
2026-09-16T18:21:26+03:00,22.46,290.18,32.52551807734933,27.8964,141.99613036727192,147.17566883525458,1.588869261677286,6.0264,7.3094399999999995,-0.23491269600363757,,-29.450030669724313,24.795569,59.489781,23.044171489010214,40.60867585651414,182.60480622378606,4.575078702344475,0.0035377896927557577,4.559618356737529
2026-09-16T18:21:28+03:00,22.68,290.17,29.265388223054945,27.54648,151.9999734702561,147.38193364150163,-1.2271610056111972,6.6095999999999995,6.37632,-0.26929016371148695,,-30.131850445929995,24.795618,59.489731,22.018863644085695,37.70368099140626,189.70365446166235,5.229411375991195,0.003356821719319505,4.562975178456848
2026-09-16T18:21:30+03:00,22.53,290.17,29.12214877427224,26.18568,149.99462118729824,147.8460294555576,2.5963582486353256,6.201359999999999,6.35688,-0.5385803274229739,,-36.0505044696314,24.795673,59.489672,20.98641422377802,37.39046576556072,187.38508695285896,4.927077752198742,0.003923473829555103,4.566898652286404
2026-09-16T18:21:32+03:00,22.38,290.16,34.318875976108814,27.85752,143.9957530722785,156.8701147288681,1.8196566615559817,6.201359999999999,7.251119999999999,-0.2119943841984046,,-32.10855483913134,24.795742,59.489621,23.003000542723754,43.06136888195897,187.05712195423746,4.5308550148729605,0.003718993784888621,4.570617646071292
2026-09-16T18:21:34+03:00,22.38,290.18,34.61108445162553,27.68256,167.99695511030868,153.3292355549596,-3.344297354399102,5.69592,6.47352,0.1432394487827058,,-17.950767721448692,24.795774,59.489569,23.22115133459566,42.61990468612157,210.61685979643025,4.191410481723119,0.003274596528810076,4.573892242600102
2026-09-16T18:21:36+03:00,22.38,290.17,27.655376818737334,25.971839999999997,163.9977097002955,146.25320678509394,-2.5670801053041403,5.87088,6.27912,0.13750987083139757,,-16.776204241430506,24.795795,59.489516,20.94965565205994,35.129182407949656,199.12689210824516,4.8015388036111055,0.003249526709125375,4.577141769309227
2026-09-16T18:21:38+03:00,22.38,290.18,28.41741068626133,23.15304,150.99729732877717,143.73792206446964,0.6504216890325105,6.25968,6.37632,-0.06302535746439056,,-25.324734544782388,24.795845,59.48946,17.8972828015365,37.99864778879484,188.995945117572,4.932786105549701,0.0036957151008215746,4.580837484410049
2026-09-16T18:21:40+03:00,22.42,290.18,30.96134329664218,24.785999999999998,148.99767462377056,145.17604613024798,-0.6470412380412387,6.74568,7.2122399999999995,-0.3495042550298022,,-28.241089721998275,24.79591,59.489411,19.315791885764593,41.31161607277724,190.3092906965478,5.066884710734766,0.0035509475300072877,4.584388431940056
2026-09-16T18:21:42+03:00,22.35,290.18,30.48005874873229,24.027839999999998,143.9957530722785,141.46327961780025,-5.218786076949103,6.74568,6.97896,-0.395340878640268,,-31.650188603026677,24.795983,59.489356,18.532977102822283,41.119383268008164,185.11513634028665,5.081797033051434,0.0039864552644403636,4.5883748872044965
2026-09-16T18:21:44+03:00,22.23,290.18,32.112988464855135,24.94152,144.99842921375745,145.08437288302704,3.283220053438156,6.29856,7.07616,-0.3552338329811104,,-32.75026756967786,24.796052,59.489311,19.890469536433397,41.803994854694,186.80242406845144,4.695132588873675,0.003427819268013391,4.59180270647251
2026-09-16T18:21:46+03:00,22.23,290.18,35.49343945612699,25.272,144.99842921375745,144.6833024264355,-2.837974550841994,6.8623199999999995,7.07616,-0.17188733853924698,,-30.406870187592787,24.796116,59.489258,20.084001650901754,46.93587201971155,191.934301233469,4.685705298568445,0.00373673771047543,4.595539444182986
2026-09-16T18:21:48+03:00,22.23,290.18,32.69167583793727,26.166240000000002,148.99767462377056,143.47436147870945,-0.05981679381165795,7.17336,6.6679200000000005,-0.23491269600363757,,-30.573027948180723,24.796177,59.489207,20.49870331081758,43.58669425649745,192.58436888026802,5.195894135183235,0.0035864332547086877,4.599125877437695
2026-09-16T18:21:50+03:00,22.23,290.18,25.798993562513463,24.99984,146.99805191876402,144.29369112574653,1.1331386314302292,7.03728,7.3094399999999995,-0.2864788975654116,,-30.24071242700485,24.796242,59.48915,18.913616341745495,35.118084929999895,182.11613684876392,5.756271121558623,0.003958921484035185,4.60308479892173
2026-09-16T18:21:52+03:00,22.16,290.18,28.38876279650479,25.21368,150.99729732877717,145.03280668146527,-2.959269716071189,7.056719999999999,7.7176800000000005,-0.06875493541569878,,-27.828560109504085,24.796307,59.489098,19.299463073206933,38.40025688042289,189.39755420920005,5.530285642150029,0.0037018942508094538,4.606786693172539
2026-09-16T18:21:56+03:00,22.08,290.16,30.60610946366107,26.08848,142.99880650875087,138.4323328815582,2.900713429408819,6.9984,6.68736,0.13750987083139757,,-25.324734544782388,24.796461,59.488984,20.378953718186498,40.67563224480986,183.67443875356074,5.307667765822466,0.003940535944786401,4.610727229117326
2026-09-16T18:21:58+03:00,22.05,290.17,26.939179574823804,25.21368,144.99842921375745,141.37160637057931,1.941181009903229,7.251119999999999,6.92064,0.05729577951308232,,-21.732289169312125,24.796533,59.488937,19.035007783849043,36.87709385082945,181.8755230645869,5.800349520848865,0.0035789323336757597,4.614306161451002
2026-09-16T18:22:00+03:00,21.93,290.18,31.746295475971408,24.43608,152.99692003378374,140.06526259768103,-1.1101630238454832,7.251119999999999,7.01784,0.045836623610465865,,-15.286513974090362,24.796602,59.488883,18.66394003461065,43.5417154296413,196.53863546342504,5.256141161314839,0.0038690029121630437,4.618175164363165
2026-09-16T18:22:02+03:00,21.86,290.17,24.309303295173326,23.07528,147.99499848229166,135.71078335468678,0.7973853634835668,6.62904,6.6679200000000005,0.246371851906254,,-16.89079580045667,24.796665,59.488832,17.251202793167952,33.411016146335356,181.40601462862702,5.5335381606378515,0.003618499739151856,4.6217936641023165
2026-09-16T18:22:04+03:00,21.86,290.17,27.620999351029482,23.502959999999998,141.99613036727192,137.4010088503227,1.5468141595146836,6.74568,6.59016,-0.3380450991271857,,-19.503483346253223,24.79673,59.488792,17.80291120565932,37.738650246202695,179.7347806134746,5.334556817938567,0.003116955354431241,4.624910619456748
2026-09-16T18:22:06+03:00,21.78,290.17,28.623675492508426,23.79456,140.99918380374427,137.34944264876097,-1.996242254015301,6.59016,7.056719999999999,0.02864788975654116,,-19.583697437571537,24.796805,59.488745,18.28443071700065,38.56636924237404,179.5655530461183,5.1527573660798405,0.0036358647630924195,4.62854648421984
2026-09-16T18:22:08+03:00,21.78,290.16,29.391438937983725,23.094720000000002,144.99842921375745,134.3184959125189,-1.517822495081064,6.337439999999999,6.74568,0.07448451336700701,,-23.54856537987683,24.796871,59.488699,17.84610935114399,39.428291949164134,184.42672116292158,4.895165767338836,0.003420775848341963,4.6319672600681825
2026-09-16T18:22:10+03:00,21.63,290.17,27.563703571516402,21.81168,139.99650766226534,133.57365077884882,2.735357809734063,6.454079999999999,6.5124,0.022918311805232933,,-24.51686405364793,24.796936,59.488658,16.364978585964828,38.07882024415994,178.0753279064253,5.0804133590349325,0.003163556501245439,4.635130816569428
2026-09-16T18:22:12+03:00,21.63,290.17,23.707697610285962,24.533279999999998,142.99880650875087,137.1660961543191,-0.05580608924574219,6.39576,7.056719999999999,0.6474423084978302,,-23.038632942210402,24.797008,59.488614,18.853465788643902,31.547082792566073,174.54588930131695,5.450533913531895,0.0034383887919582387,4.638569205361387
2026-09-16T18:22:14+03:00,21.63,290.16,26.91626126301857,26.18568,147.99499848229166,135.54462559409885,4.4509653356942875,6.492959999999999,6.72624,0.38388172273765153,,-23.611590737341224,24.797077,59.488564,20.606810089768903,35.11670059075263,183.1116990730443,5.3111249259698825,0.0036696438264705697,4.642238849187858
2026-09-16T18:22:16+03:00,21.63,290.17,27.340250031415376,26.49672,141.99613036727192,136.57594962533435,0.44266719251807407,6.5124,7.6593599999999995,-1.0313240312354817,,-35.173879043081236,24.797149,59.488517,20.926636682604922,35.557484235205976,177.5536146024779,5.298049025168337,0.0035789491127220705,4.6458177983005795
2026-09-16T18:22:18+03:00,21.63,290.16,33.38495477004557,25.835759999999997,133.99763954724563,140.1741245787559,-0.6669228735322782,6.6095999999999995,6.5124,-0.48701412586119974,,-28.65361933449247,24.797233,59.488475,20.63976652487382,43.53424701101952,177.53188655826514,4.791714096618328,0.003597852740332801,4.649415651040912
2026-09-16T18:22:20+03:00,21.56,290.17,35.61376059310447,27.52704,142.99880650875087,139.97931892841143,-1.5802175989708105,6.10416,6.18192,-0.641712730546522,,-17.83617616242253,24.797301,59.488426,22.842853015282827,44.56590433409943,187.5647108428503,4.34887069153004,0.0036029226429071986,4.653018573683819
2026-09-16T18:22:22+03:00,21.18,290.17,25.09998505245386,26.5356,147.99499848229166,140.20850204646374,-0.14621882931738608,6.5124,6.88176,0.1776169164905552,,-20.637939780612253,24.797359,59.488372,20.822245197106938,32.72408125783946,180.71907974013112,5.478775616936302,0.0036970623976590317,4.656715636081478
2026-09-16T18:22:24+03:00,21.18,290.17,33.230256165360245,25.21368,142.99880650875087,141.96748247751538,-0.6876639457160141,6.29856,6.84288,0.0,,-21.462999005600636,24.797418,59.488325,20.241554295189626,43.04846170962654,186.0472682183774,4.602840228232207,0.0033500592661867695,4.660065695347665
2026-09-16T18:22:26+03:00,21.18,290.16,28.503354355530952,24.688799999999997,147.99499848229166,139.56105973796593,2.542385624334002,6.53184,6.318,-0.05729577951308232,,-25.06117395902221,24.797488,59.48827,19.203356718727115,37.84485235225873,185.8398508345504,5.158030580000841,0.0039360650641320875,4.664001760411797
2026-09-16T18:22:28+03:00,21.33,290.16,39.01712989618156,24.43608,142.99880650875087,142.40293040181479,-2.2777937145425877,6.53184,7.5816,-2.2402649789615188,,-30.103202556173454,24.797552,59.488227,19.792990995756902,51.008084103453285,194.00689061220416,4.10990384064651,0.0032396022494959186,4.667241362661294
2026-09-16T18:22:30+03:00,21.15,290.16,29.964396733114548,24.70824,144.99842921375745,142.36282335615567,-3.745425106770192,6.201359999999999,6.88176,0.2578310078088704,,-27.215495268714104,24.797613,59.488184,19.58228479796795,39.0651252820563,184.06355449581375,4.814922826544775,0.0031852449260897668,4.670426607587383
2026-09-16T18:22:32+03:00,21.03,290.17,21.868503087916018,24.74712,157.9988415852758,143.33112202992672,2.502622353351923,6.0652800000000004,6.5124,-0.07448451336700701,,-19.469105878545374,24.79766,59.488129,19.251309927595916,28.607811513477344,186.60665309875316,5.324816691921846,0.0036036704949685364,4.674030278082352
2026-09-16T18:22:34+03:00,20.88,290.17,29.09923046246701,25.349759999999996,152.99692003378374,140.5178992558344,-2.6662018038617727,6.27912,7.17336,0.12605071492878112,,-22.225032873124633,24.797715,59.488083,20.096557855671822,37.83921554392802,190.83613557771176,4.958842899073478,0.0032345406699142427,4.677264818752266
2026-09-16T18:22:36+03:00,20.88,290.17,25.460948463386277,25.0776,143.9957530722785,140.21996120236636,2.1597644087456382,6.27912,6.24024,0.26356058576017866,,-24.78615421735941,24.797772,59.488037,19.595136495369523,33.37902324295345,177.37477631523194,5.243375047731771,0.0032666312654223008,4.680531450017688
2026-09-16T18:22:38+03:00,20.88,290.18,26.159956973445883,24.883200000000002,141.99613036727192,141.73829935946307,1.4759965760365135,6.318,6.92064,-0.022918311805232933,,-26.751399454658138,24.797849,59.487989,19.413246694072544,34.40940152244008,176.405531889712,5.212481307850353,0.003721035121680689,4.6842524851393685
2026-09-16T18:22:40+03:00,20.77,290.17,31.018639076155267,26.86608,144.99842921375745,141.74975851536567,-0.008938141604040842,6.35688,6.24024,-0.05156620156177409,,-26.149793769770774,24.797922,59.487941,21.667296476006225,39.71434453525316,184.7127737490106,4.889963888376791,0.0036451768923600456,4.6878976620317285
2026-09-16T18:22:42+03:00,20.73,290.18,26.07401330417626,25.3692,146.99805191876402,142.5518994285488,-1.0817443172069943,6.045839999999999,6.37632,-0.08594366926962349,,-27.759805174088385,24.797982,59.487894,20.114963072910534,33.665411549091345,180.66346346785537,5.031885645926633,0.0033665723707034987,4.691264234402432
2026-09-16T18:22:44+03:00,20.58,290.17,27.86164162498443,24.9804,142.99880650875087,141.93883458775883,-0.9881230134826178,6.27912,6.648479999999999,-0.27501974166279514,,-30.097472978222147,24.798042,59.487846,19.649517239487423,36.45035981593949,179.44916632469037,5.050747711038022,0.0034171695928512506,4.6946814039952836
2026-09-16T18:22:46+03:00,20.58,290.17,27.225658472389213,26.457839999999997,145.99537577728506,143.89262066915495,2.9256370934970097,5.9292,6.59016,-0.32658594322456924,,-27.90304462287109,24.798091,59.487802,21.35847993894307,34.522087141726644,180.5174629190117,4.885114018411105,0.003038224999759074,4.697719628995043
2026-09-16T18:22:48+03:00,20.66,290.17,25.758886516854307,26.78832,148.99767462377056,145.2448010656637,-1.3556754390590409,6.337439999999999,6.53184,0.13178029288008933,,-24.734588015797634,24.798161,59.487751,21.259778223132738,33.20234476165274,182.2000193854233,5.302801614521885,0.003736423890042155,4.701456052885085
2026-09-16T18:22:50+03:00,20.58,290.17,28.82421072080421,25.38864,151.9999734702561,142.6149247860132,-1.0611751323617977,6.18192,6.47352,-0.8594366926962348,,-26.47637971299534,24.798228,59.487704,20.193798183765274,37.31164006640233,189.31161353665843,4.916792256451385,0.003487380022411159,4.704943432907497
2026-09-16T18:22:52+03:00,20.43,290.17,31.419709532746843,25.349759999999996,145.99537577728506,144.95832216809828,1.3826044554301895,5.81256,6.84288,0.12605071492878112,,-24.562700677258395,24.798286,59.487657,20.613411095569774,39.87263830665614,185.8680140839412,4.46097350061017,0.0033337751643126843,4.708277208071809
2026-09-16T18:22:54+03:00,20.4,290.17,30.720701022687237,26.51616,149.99462118729824,144.56871086740932,-2.319046675792007,6.18192,7.095599999999999,0.18334649444186346,,-20.6035623129044,24.798345,59.487605,21.435672561938944,39.19276155574536,189.1873827430436,4.791138404522225,0.0036071372259617015,4.711884345297771
2026-09-16T18:22:56+03:00,20.43,290.17,28.14239094459853,26.71056,152.99692003378374,142.10499234834677,-3.1863901860610477,6.35688,7.1150400000000005,0.02864788975654116,,-21.508835629211106,24.798392,59.487552,21.317116259334515,36.22801889498783,189.22493892877156,5.127913267102509,0.0034937253686327437,4.715378070666404
2026-09-16T18:22:58+03:00,20.4,290.18,29.849805174088385,23.405759999999997,148.99767462377056,142.33990504435042,2.7107779203229505,5.851439999999999,6.76512,0.05729577951308232,,-21.663534233896424,24.798444,59.487501,18.56053801978549,38.877679682546386,187.87535430631695,4.555274188168482,0.003451906304625904,4.71882997697103
2026-09-16T18:23:00+03:00,20.28,290.16,27.993421917864517,25.68024,153.99959617526267,142.99307693079953,1.8030408854971876,6.14304,6.0652800000000004,0.09167324722093173,,-18.586750874043908,24.798498,59.487456,20.460115451605493,36.09484858513963,190.0944447604023,4.963839578604024,0.0031673430264239693,4.721997319997453
2026-09-16T18:23:02+03:00,20.28,290.17,29.05912341680785,22.880879999999998,144.99842921375745,141.03356127145213,-0.3174759142819891,6.08472,5.90976,0.08021409131831525,,-24.82626126301857,24.798561,59.487411,17.809049641054475,38.6115791354423,183.61000834919975,4.754565976054806,0.0033185539171386243,4.725315873914592
2026-09-16T18:23:04+03:00,20.13,290.18,32.73751246154774,23.6196,140.99918380374427,144.4025531068214,0.9206858809957198,6.29856,5.96808,-0.11459155902616464,,-30.18914622544308,24.798639,59.487363,18.635461740310863,43.26929100087116,184.26847480461544,4.58623494802009,0.0037404103566372523,4.72905628427123
2026-09-16T18:23:06+03:00,20.13,290.17,28.239793769770774,23.736240000000002,149.99462118729824,145.06145457122182,-1.14431130843528,6.492959999999999,7.15392,-0.1546986046853223,,-24.797613373262028,24.798699,59.487311,18.276175534757463,37.91716644873699,187.91178763603523,5.122296162089733,0.0036224755217884085,4.732678759793018
2026-09-16T18:23:08+03:00,20.13,290.17,25.959421745150095,22.68648,148.99767462377056,141.80132471692744,1.3941782028918324,6.24024,6.47352,-0.05156620156177409,,-23.697534406610853,24.798755,59.487252,17.29295339065563,35.047839442794725,184.0455140665653,5.108715052019032,0.003936677984734881,4.736615437777752
2026-09-16T18:23:10+03:00,20.02,290.16,26.5209203843783,22.78368,143.9957530722785,143.59468261568693,-0.6318578564702718,6.14304,7.503839999999999,-0.045836623610465865,,-26.585241694070202,24.798818,59.487201,17.503334452550035,35.53713861514021,179.5328916874187,4.998830863266759,0.003618549082779757,4.740233986860532
2026-09-16T18:23:12+03:00,19.98,290.17,27.300142985756224,24.1056,149.99462118729824,145.07291372712444,0.7627214168781519,6.492959999999999,6.84288,0.011459155902616466,,-25.823207826546206,24.79888,59.487148,18.576112932123515,36.52525485861068,186.51987604590892,5.217707569923612,0.003705263421299526,4.743939250281832
2026-09-16T18:23:14+03:00,19.83,290.17,32.061422263293366,24.51384,152.99692003378374,142.71232761118546,-4.209119850369567,6.25968,6.74568,0.06302535746439056,,-21.07338770491168,24.79894,59.487092,19.494166392524903,41.87550557052754,194.87242560431127,4.6609388379242125,0.0038318613014776733,4.74777111158331
2026-09-16T18:23:16+03:00,19.83,290.17,27.712672598250414,22.6476,146.99805191876402,136.67335245050657,-3.2584109809089914,5.754239999999999,6.47352,0.011459155902616466,,-19.984767894163113,24.798997,59.487043,17.756220245923537,36.38041897687441,183.37847089563843,4.632718790431353,0.003420635162349893,4.7511917467456595
2026-09-16T18:23:18+03:00,19.68,290.16,28.365844484699554,20.85912,139.99650766226534,135.63056926336847,-0.9767211533595144,6.39576,6.492959999999999,-0.22345354010102106,,-27.35873471749681,24.799062,59.487,15.531430134813698,39.64816418547434,179.6446718477397,4.924588973339767,0.0032581358853830396,4.754449882631042
2026-09-16T18:23:20+03:00,19.8,290.17,25.970880901052713,22.20048,134.99458611077327,139.75586538831038,4.7067909912202,6.7068,7.4844,-0.05729577951308232,,-27.622295303256987,24.799144,59.486956,16.435503181501296,36.264854905380616,171.2594410161539,5.407634290178873,0.0036410627282093405,4.7580909453592515
2026-09-16T18:23:22+03:00,19.83,290.18,33.48808717316912,22.5504,140.99918380374427,141.46900919575157,-0.8954184422304505,6.74568,6.454079999999999,0.06302535746439056,,-22.96414842884339,24.799224,59.486916,17.32893842975503,45.891084479158934,186.8902682829032,4.695158767370025,0.0034266067861800894,4.761517552145431
2026-09-16T18:23:24+03:00,19.57,290.18,27.832993735227888,22.27824,146.99805191876402,139.2516625285953,2.536885229500746,5.890319999999999,5.96808,0.1604281826366305,,-22.574537128154436,24.799279,59.486865,17.289487904024423,36.985670884026376,183.9837228027904,4.705105111121381,0.003494957926052467,4.765012510071483
2026-09-16T18:23:26+03:00,19.38,290.17,27.609540195126865,22.355999999999998,145.99537577728506,142.37428251205827,-0.16455347876157242,6.24024,6.97896,-0.13178029288008933,,-17.83044658447122,24.799334,59.486815,17.073078159832534,37.36186214993617,183.35723792722123,4.959859648774387,0.0034423585862337625,4.768454868657717
2026-09-16T18:23:28+03:00,19.57,290.16,34.50222247055066,22.21992,145.99537577728506,140.82156688725374,-1.4531355600107938,6.940079999999999,6.7068,0.1604281826366305,,-14.65626039944646,24.799391,59.486761,16.96238756724103,47.90266933758389,193.89804511486895,4.652574461968254,0.0036825884729471746,4.772137457130664
2026-09-16T18:23:30+03:00,19.68,290.16,21.318463604590427,22.33656,148.99767462377056,135.7165129326381,-3.1185519831175577,6.25968,6.5124,0.3323155211758775,,-13.70515045952929,24.799453,59.486709,16.661351825765184,29.168833143470493,178.16650776724106,5.4658732428785495,0.003653725738627837,4.775791182869292
2026-09-16T18:23:32+03:00,19.38,290.16,29.952937577211934,20.178720000000002,146.99805191876402,133.39603386235825,1.4042622600861348,5.79312,6.47352,0.08594366926962349,,-19.57796785962023,24.799503,59.486662,15.432828427928062,40.75525980486239,187.7533117236264,4.388317697260894,0.003210841551213144,4.779002024420505
2026-09-16T18:23:33+03:00,19.23,290.17,28.73253747358328,22.80312,139.99650766226534,136.50719468991863,1.9293207835440211,6.2208000000000006,6.88176,0.017188733853924696,,-24.683021814235865,24.799582,59.486619,17.60412670572492,38.512994807630264,178.5095024698956,4.867570396645968,0.0035345813482116507,4.782536605768716
2026-09-16T18:23:35+03:00,19.38,290.17,31.293658817818063,23.502959999999998,139.99650766226534,138.41514414770427,-1.673953494254213,6.4152,6.648479999999999,-0.05156620156177409,,-25.43932610380855,24.799671,59.486577,18.32655152365707,41.769696744490744,181.7662044067561,4.784638472381495,0.0037082282469471316,4.786244834015664
2026-09-16T18:23:37+03:00,19.35,290.17,33.2703632110194,22.60872,143.9957530722785,136.8280510551919,2.1398254774750853,6.201359999999999,5.90976,-0.08594366926962349,,-23.617320315292535,24.799747,59.486536,17.752832359157765,44.3183908771974,188.3141439494759,4.436877852203041,0.003384259427226087,4.78962909344289
2026-09-16T18:23:39+03:00,19.23,290.16,29.918560109504085,22.04496,139.99650766226534,140.60957250305532,3.611811348945684,6.47352,6.940079999999999,-0.011459155902616466,,-26.12687545796554,24.799826,59.486485,16.74830656862425,41.0337992394702,181.03030690173554,4.883121365863968,0.0039000306558325372,4.793529124098722
2026-09-16T18:23:41+03:00,19.2,290.17,38.79940593403185,22.18104,143.9957530722785,141.88153880824578,-1.579873824293732,6.55128,6.18192,-0.06875493541569878,,-27.427489652912506,24.79989,59.486441,17.561838324340403,52.31710317366941,196.3128562459479,4.004737371883637,0.0032878186916587082,4.796816942790381
2026-09-16T18:23:43+03:00,19.08,290.17,29.064852994759157,21.05352,146.99805191876402,141.25128523360186,0.9248111771206616,6.5124,7.095599999999999,-0.26929016371148695,,-25.078362692876134,24.79994,59.486391,15.683632294955864,40.702474363909374,187.7005262826734,4.937090648217511,0.0033705942313838363,4.800187537021764
2026-09-16T18:23:45+03:00,19.08,290.16,29.677917835549138,21.85056,151.9999734702561,142.22531348532425,2.692615158217304,6.35688,6.8623199999999995,-0.739115555718762,,-28.13222774092342,24.799995,59.486334,16.62815746037749,40.58891576005888,192.58888923031498,4.827396806730982,0.00381523296290338,4.804002769984668
2026-09-16T18:23:47+03:00,19.08,290.16,30.033151668530248,21.384,147.99499848229166,142.93005157333516,-1.275862418197317,6.5124,6.5124,-0.6245239966925973,,-30.275089894712696,24.800056,59.486284,16.079801616653214,41.728360317030166,189.72335879932183,4.8602615235998545,0.0035352788982601835,4.807538048882928
2026-09-16T18:23:49+03:00,19.08,290.16,28.11374305484199,21.753359999999997,147.99499848229166,146.91210824949437,4.437214348611147,6.72624,7.98984,-0.6990085100596044,,-34.44049306531378,24.800118,59.486238,16.135098457460405,39.44253931070284,187.4375377929945,5.194420256002648,0.003350433553508578,4.810888482436437
2026-09-16T18:23:51+03:00,19.12,290.16,35.36738874119821,25.11648,152.99692003378374,149.2898830992873,0.31804887207712,6.7068,7.1928,-0.40107045659157625,,-30.85377726779483,24.80018,59.486189,20.02721083476904,46.544170198870574,199.5410902326543,4.612904638955943,0.0035007288202028725,4.81438921125664
2026-09-16T18:23:53+03:00,19.08,290.16,34.175636527326105,23.67792,152.99692003378374,149.97170287549298,-1.7485525991802464,6.492959999999999,6.76512,-0.544309905374282,,-29.621918008263563,24.800234,59.486134,18.665973690268405,45.44363332613116,198.4405533599149,4.555529622536455,0.00369394251185976,4.8180831537685
2026-09-16T18:23:55+03:00,19.08,290.17,31.167608102889275,22.68648,159.99846429028239,148.95756757811142,0.4330987973393893,6.6095999999999995,6.9984,-0.24064227395494575,,-21.990120177120993,24.800277,59.486079,17.371071462031466,42.52465974920608,202.52312403948847,4.871185961709375,0.003556876697441615,4.821640030465941
2026-09-16T18:23:57+03:00,19.2,290.17,33.72299986917275,22.70592,150.99729732877717,141.64089653429082,-3.5196224397091336,5.69592,6.940079999999999,0.1776169164905552,,-17.85909447422776,24.800316,59.486025,18.244584026579602,43.7042265310929,194.70152385987006,4.117672726278226,0.0034571741845587024,4.8250972046505
2026-09-16T18:23:59+03:00,19.08,290.17,27.66683597463995,19.07064,152.99692003378374,140.0366147079245,-3.9413766727049335,5.90976,7.1928,-0.18334649444186346,,-20.145196076799746,24.800369,59.485974,14.106065742109056,38.884199355403695,191.88111938918743,4.600253479744981,0.003466076587737556,4.828563281238237
2026-09-16T18:24:01+03:00,19.12,290.17,30.428492547170514,20.625839999999997,144.99842921375745,138.14012440604148,0.9412550658409164,6.35688,7.17336,-0.09740282517223994,,-15.435483000824377,24.800425,59.485927,15.48297611806488,42.43012068989162,187.42854990364907,4.692017923127549,0.003301818774993549,4.83186510001323
2026-09-16T18:24:03+03:00,19.08,290.17,24.71610332971621,20.10096,142.99880650875087,136.96556092602327,0.5407002712649578,6.0652800000000004,6.804,-0.12032113697747288,,-21.15360179622999,24.800494,59.485885,14.810062454200422,34.575847094082974,177.57465360283385,4.994003975450123,0.0032875322695497303,4.83515263228278
2026-09-16T18:24:05+03:00,19.08,290.18,33.533923796779575,20.52864,138.99956109873773,138.0369920029179,1.2378180206006306,6.10416,6.59016,-0.07448451336700701,,-21.858339884240905,24.800571,59.485841,15.804402237903584,45.85361589954644,184.85317699828417,4.251510396396178,0.0035379718147496735,4.838690604097529
2026-09-16T18:24:07+03:00,19.08,290.16,33.677163245562284,20.78136,139.99650766226534,139.26312168449792,0.010370536091867902,6.43464,6.97896,-0.07448451336700701,,-20.448863708219083,24.800641,59.485797,15.833876013764115,46.700349390070556,186.6968570523359,4.412965649701447,0.003399821927365077,4.842090426024894
2026-09-16T18:24:09+03:00,19.08,290.18,25.947962589247478,20.2176,142.99880650875087,137.945318755697,0.48638387228655583,6.97896,7.23168,-0.32658594322456924,,-18.162762105647097,24.800718,59.485751,14.272673881500825,38.302051712400754,181.30085822115163,5.476768006076127,0.0036287191174294996,4.845719145142324
2026-09-16T18:24:11+03:00,19.16,290.17,31.952560282218506,21.17016,144.99842921375745,138.0255328470153,0.719577694904801,6.318,7.15392,0.22345354010102106,,-19.297218540006124,24.800792,59.485701,16.159128392220126,43.8942804042195,188.89270961797695,4.552879228937467,0.0037593927132685183,4.8494785378555925
2026-09-16T18:24:13+03:00,19.08,290.16,31.786402521630567,20.56752,140.99918380374427,141.02210211554953,2.1374190547355356,6.454079999999999,6.59016,0.23491269600363757,,-22.603185017910977,24.800867,59.485653,15.459877368919157,44.48988868098499,185.48907248472926,4.60417371512223,0.003682893013591799,4.853161430869184
2026-09-16T18:24:15+03:00,18.93,290.17,34.599625295722916,21.94776,145.99537577728506,144.19628830057428,-2.2337905558765407,6.201359999999999,6.84288,0.08594366926962349,,-17.82471700651991,24.800923,59.485606,17.207338292598518,46.40825655262486,192.40363232990993,4.275931859704564,0.0033018271852166383,4.856463258054401
2026-09-16T18:24:17+03:00,18.97,290.17,30.73788975654116,20.06208,153.99959617526267,135.9170481609339,-0.6670947608708175,6.318,6.29856,0.1546986046853223,,-14.633342087641227,24.800964,59.485548,14.98377266670595,43.18353182031129,197.18312799557395,4.606866697385176,0.0037040146559200035,4.860167272710321
2026-09-16T18:24:19+03:00,19.01,290.18,25.907855543588322,21.092399999999998,144.99842921375745,138.74173009092885,3.155851535580574,5.90976,6.59016,0.2864788975654116,,-18.581021296092597,24.80102,59.485502,15.986492441795402,35.202932096557674,180.20136131031512,4.828955897391291,0.003250550360164157,4.863417823070485
2026-09-16T18:24:21+03:00,18.93,290.18,30.050340402384176,23.016959999999997,143.9957530722785,140.3632006511491,0.7454753872447141,6.10416,6.55128,0.34377467707849396,,-18.76436779053446,24.801089,59.485458,17.99480453070161,39.830426600652544,183.82617967293103,4.687649925566123,0.0033807403882902634,4.866798563458775
2026-09-16T18:24:23+03:00,19.08,290.17,28.34292617289432,21.967200000000002,145.99537577728506,139.23447379474135,-1.577811176231261,6.47352,6.6095999999999995,0.4354479242994257,,-18.54091425043344,24.801152,59.48541,16.557435527261635,39.03984799862667,185.03522377591173,5.02803538434528,0.003467167068413233,4.870265730527188
2026-09-16T18:24:25+03:00,19.08,290.16,28.78410367514505,24.163919999999997,141.99613036727192,139.2516625285953,0.2714674033329841,6.37632,7.01784,0.4239887683968092,,-19.887365068990874,24.801226,59.48536,18.827482565362455,38.16944747244386,180.16557783971578,5.012976977130417,0.0037594064141253302,4.874025136941313
2026-09-16T18:24:27+03:00,19.08,290.179,16.207680072023486,26.0496,146.99805191876402,139.84180905758004,-1.1965650593512112,6.5124,7.03728,0.395340878640268,,-21.58332014257811,24.801297,59.485307,19.879307419094317,21.45406545813546,168.45211737689948,6.061162943374833,0.003852837158329085,4.8778779740996425
2026-09-16T18:24:29+03:00,19.08,290.173,34.89183377123963,26.9244,142.99880650875087,136.79367358748405,-4.075563388324572,6.57072,7.40664,0.08021409131831525,,-17.778880382909446,24.801363,59.485257,21.860427063285137,44.7923623243195,187.79116883307037,4.663007773411576,0.003617996968104166,4.881495971067746
2026-09-16T18:24:31+03:00,19.08,290.173,24.20044131409847,26.0496,138.99956109873773,135.67640588697893,1.778346404527049,6.43464,6.35688,0.26356058576017866,,-20.975984879739435,24.801433,59.485211,20.352113675666853,31.647256007526835,170.64681710626456,5.477773481329294,0.0034941774476487126,4.884990148515395
2026-09-16T18:24:33+03:00,19.08,290.177,24.28638498336809,24.669359999999998,137.99688495725877,136.495735534016,-0.2604093178869592,6.18192,6.8623199999999995,0.14896902673401402,,-26.688374097193744,24.801507,59.485165,19.203602031652565,31.894845813381835,169.8917307706406,5.248568903918341,0.0035701299788937447,4.888560278494289
2026-09-16T18:24:35+03:00,19.01,290.169,24.865072356450224,25.64136,140.99918380374427,140.15120626695068,1.2847432640218448,6.37632,6.76512,0.1546986046853223,,-28.802588361226483,24.801583,59.485119,20.03631799892498,32.555097081627906,173.55428088537218,5.374436734451665,0.003609056723803547,4.892169335218092
2026-09-16T18:24:37+03:00,19.08,290.179,31.030098232057878,26.5356,143.9957530722785,141.2742035454071,-1.592994557802228,6.492959999999999,6.901199999999999,0.25210142985756223,,-23.325111839775815,24.801658,59.485067,21.237214795052843,40.09788050401531,184.0936335762938,4.966758767169678,0.003874152449734661,4.896043487667827
2026-09-16T18:24:39+03:00,19.08,290.171,24.446813166004723,24.96096,146.99805191876402,142.03050783497977,-0.2718684737895756,6.24024,6.47352,0.27501974166279514,,-20.317083415338992,24.801716,59.485019,19.45237390496714,32.07597193408907,179.0740238528531,5.287634283875881,0.0033849335851888246,4.899428421253016
2026-09-16T18:24:41+03:00,18.93,290.173,25.873478075880474,23.46408,144.99842921375745,140.51216967788307,1.721795470147637,5.9292,6.24024,0.1432394487827058,,-24.946582399996043,24.801775,59.484973,18.312931904012324,33.99592046048795,178.9943496742454,4.915765635702502,0.003299626900393201,4.902728048153409
2026-09-16T18:24:43+03:00,18.9,290.176,25.965151323101406,23.736240000000002,144.99842921375745,145.16458697434538,0.6211435457013255,6.08472,6.88176,0.3323155211758775,,-25.788830358838354,24.801838,59.484926,18.458960203078245,34.263186111729084,179.26161532548653,5.028778924649668,0.003417327098174639,4.906145375251584
2026-09-16T18:24:45+03:00,18.93,290.18,33.14431249609062,24.76656,154.9965427387903,143.42279527714769,-3.5880908962272677,6.25968,6.78456,0.17188733853924698,,-17.24602963343778,24.801894,59.484874,19.823037504932802,43.0863340203785,198.0828767591688,4.571602222013801,0.0035623858668076434,4.9097077611183915
2026-09-16T18:24:47+03:00,18.78,290.183,23.100362347447287,23.48352,150.99729732877717,140.59811334715272,0.7156242861183981,6.0264,6.18192,0.10886198107485642,,-13.510344809184813,24.801944,59.484822,18.09545905353101,30.608295677966993,181.60559300674416,5.186731536267762,0.0034782410769216513,4.913186002195313
2026-09-16T18:24:49+03:00,18.78,290.184,26.07401330417626,22.12272,145.99537577728506,138.74745966888017,-1.4202477825702848,6.14304,6.72624,0.20053522829578813,,-20.58637357905048,24.80201,59.484772,16.822967113592668,35.309847394121306,181.30522317140637,5.012955684716901,0.0036180130751030312,4.916804015270416
2026-09-16T18:24:51+03:00,18.71,290.182,34.00947876673816,20.2176,136.99993839373113,136.53011300172386,-1.3226730700595055,6.29856,7.056719999999999,-0.3781521447863433,,-28.768210893518635,24.802084,59.48473,15.404692576865706,47.22972309561422,184.22966148934535,4.277103799414804,0.003387359747719595,4.920191375018136
2026-09-16T18:24:53+03:00,18.56,290.179,27.838723313179198,23.016959999999997,139.99650766226534,141.5606824429725,1.2088836519465238,6.2208000000000006,6.7068,-0.38388172273765153,,-26.390436043725717,24.802153,59.484685,17.755382481458014,37.25541002782694,177.25191769009228,4.951413694476923,0.0034279964872111716,4.923619371505347
2026-09-16T18:24:55+03:00,18.48,290.173,27.11679649131436,23.561279999999996,149.99462118729824,144.2134770344282,1.6226164758104913,6.10416,6.940079999999999,0.06302535746439056,,-24.408002072573066,24.802213,59.484637,18.340366740406555,35.84250071053768,185.8371218978359,4.948213313540464,0.003417262841372405,4.927036634346719
2026-09-16T18:24:57+03:00,18.41,290.179,33.29328152282463,22.66704,149.99462118729824,142.4086599797661,-2.7058504832848254,6.337439999999999,7.1150400000000005,-0.11459155902616464,,-24.367895026913914,24.802264,59.484588,17.714689307495128,44.61852445110762,194.61314563840585,4.510983415308813,0.003331299644406843,4.930367933991127
2026-09-16T18:24:59+03:00,18.33,290.179,20.258491683598404,24.70824,146.99805191876402,141.48046835165417,1.6172879683157746,6.55128,6.78456,0.29793805346802804,,-18.90760723931717,24.80233,59.484537,18.700315978966465,27.22585017304462,174.22390209180864,5.825464040048086,0.0036681032783637785,4.9340360372694905
2026-09-16T18:25:01+03:00,18.18,290.179,32.54270681120326,27.17712,148.99767462377056,140.3918485409056,-1.563773710250556,6.39576,6.76512,0.08021409131831525,,-22.545889238397894,24.802391,59.484487,22.05554593726951,41.51696225549463,190.5146368792652,4.7888861950325925,0.0035353310700168765,4.9375713683395075
2026-09-16T18:25:03+03:00,18.03,290.172,22.332598901971984,24.883200000000002,144.99842921375745,139.618355517479,0.921488021908903,6.318,6.8623199999999995,0.20053522829578813,,-26.08103883435507,24.802454,59.48444,19.18985275447754,29.5193669679945,174.51779618175195,5.497855356191759,0.003417342668057662,4.940988711007565
2026-09-16T18:25:05+03:00,17.96,290.177,26.773021814235864,24.33888,144.99842921375745,144.23066576828214,3.7700049961813034,6.08472,6.940079999999999,-0.5042028597151245,,-26.02374305484199,24.802525,59.484391,19.104098250555513,35.02183641420055,180.020265627958,4.982980345685397,0.003656573660295346,4.94464528466786
2026-09-16T18:25:07+03:00,18.0,290.176,29.64354036784129,25.58304,147.99499848229166,147.0553476982771,-2.771855221283896,6.43464,6.76512,-0.3609634109324186,,-26.625348739729358,24.802591,59.484341,20.24232602479199,38.68937108966665,186.6843695719583,5.022534973722675,0.003618027388763807,4.948263312056624
2026-09-16T18:25:09+03:00,17.92,290.171,28.400221952407403,23.9112,149.99462118729824,143.5660347259304,-3.9551276597880727,6.74568,7.42608,-0.2807493196141034,,-25.63986133210434,24.802645,59.48429,18.261445523571016,38.51928595552192,188.51390714282016,5.277810398920542,0.003480463001625509,4.951743775058249
2026-09-16T18:25:11+03:00,17.73,290.18,24.252007515660242,23.77512,148.99767462377056,142.46595575927918,0.7068580318528966,6.2208000000000006,6.76512,1.0141352973815572,,-21.336948290671856,24.802703,59.484239,18.282758056025642,32.285967193265975,181.28364181703654,5.259018788356488,0.00353990993002466,4.955283684988274
2026-09-16T18:25:13+03:00,17.66,290.179,27.901748670643588,23.9112,149.99462118729824,143.6519783952,3.7406122612910924,5.96808,6.37632,1.277695883141736,,-20.030604517773583,24.802763,59.484187,18.844995088931665,36.4243009405553,186.41892212785353,4.802168050392475,0.0036225611571392468,4.958906246145413
2026-09-16T18:25:15+03:00,17.73,290.175,29.357061470275873,25.13592,149.99462118729824,142.79827128045508,-3.4039422608722205,6.4152,7.03728,-0.7333859777674538,,-22.081793424341928,24.802822,59.48414,19.795980366705873,38.49857672256056,188.4931979098588,5.020687049723347,0.0033501792110729018,4.962256425356486
2026-09-16T18:25:17+03:00,17.62,290.179,26.23444148681289,23.114160000000002,144.99842921375745,137.62446239042376,0.04807115901147607,6.47352,6.88176,0.6187944187412892,,-23.399596353142822,24.802881,59.484088,17.542429316754035,35.62270185849931,180.62113107225676,5.262130507932696,0.003607230842720627,4.965863656199207
2026-09-16T18:25:19+03:00,17.43,290.173,32.508329343495404,23.96952,143.9957530722785,141.02210211554953,-0.22958418850892087,6.25968,7.40664,-0.08021409131831525,,-22.07033426843931,24.802947,59.484042,18.990983320049146,42.71163302747834,186.70738609975683,4.599468203449589,0.003420939416524885,4.969284595615732
2026-09-16T18:25:21+03:00,17.43,290.169,27.414734544782387,22.58928,145.99537577728506,140.90178097857205,0.8202463795092866,6.37632,7.03728,0.0,,-23.97828372622495,24.803013,59.483993,17.18172071799538,37.25312819560483,183.2485039728899,5.075352760278037,0.0035682664024025584,4.972852862018135
2026-09-16T18:25:23+03:00,17.43,290.173,28.37730364060217,22.453200000000002,143.9957530722785,141.66954442404736,1.5559814842367765,6.78456,6.648479999999999,0.7505747116213785,,-21.365596180428398,24.803083,59.483942,16.79632065682796,39.445587978731254,183.44134105100974,5.239229228690275,0.0037365616708792825,4.976589423689014
2026-09-16T18:25:25+03:00,17.4,290.188,30.015962934676324,22.744799999999998,149.99462118729824,142.15082897195722,-0.18328919866235036,6.35688,6.74568,-0.13750987083139757,,-22.162007515660243,24.803142,59.483891,17.531283651791707,40.46661077548143,190.46123196277966,4.836214523535205,0.0035552805387887043,4.980144704227803
2026-09-16T18:25:27+03:00,17.28,290.191,28.50908393348226,22.58928,147.99499848229166,141.04502042735476,-2.916068698318325,6.47352,7.01784,0.5958761069360561,,-18.27735366467326,24.803202,59.48384,17.180847433727358,38.869507730653964,186.86450621294563,5.040135297604794,0.003570838246336943,4.98371554247414
2026-09-16T18:25:29+03:00,17.28,290.179,27.959044450156668,22.43376,147.99499848229166,136.08320592152182,-0.03323155211758775,6.47352,6.8623199999999995,0.985487407625016,,-18.8617706157067,24.803264,59.483788,16.9891088658552,38.24998433293908,186.24498281523074,5.083765954272286,0.0036538105052168457,4.987369352979357
2026-09-16T18:25:31+03:00,17.28,290.186,22.8998271191515,22.355999999999998,144.99842921375745,134.78259172657485,2.355773270459893,6.1236,6.57072,0.45836623610465854,,-20.139466498848435,24.803335,59.483742,16.884010139600385,31.013005332178295,176.01143454593574,5.248233659556009,0.0035129794517236132,4.990882332431081
2026-09-16T18:25:33+03:00,17.13,290.183,33.969371721079,21.384,138.99956109873773,136.77075527567882,0.4197488807128411,6.55128,7.3094399999999995,-0.4354479242994257,,-26.06385010050115,24.803421,59.483698,16.36542067152304,46.89431120259101,185.89387230132874,4.476792731049599,0.0037261996213565135,4.994608532052437
2026-09-16T18:25:35+03:00,17.13,290.187,24.16033426843931,21.967200000000002,143.9957530722785,137.3265243369557,-0.7281147660522502,6.804,7.348319999999999,-0.1546986046853223,,-26.96339383885654,24.80349,59.483653,16.00336746745402,34.18165191877222,178.1774049910507,5.628680648245323,0.0034280360234042965,4.998036568075841
2026-09-16T18:25:37+03:00,17.13,290.184,24.080120177120993,21.98664,144.99842921375745,136.38687355294115,0.3666356931042138,6.901199999999999,6.82344,-0.22345354010102106,,-26.768588188512062,24.803562,59.483601,15.936737266849898,34.256856380590335,179.25528559434778,5.70399634795931,0.0038208226889931414,5.001857390764835
2026-09-16T18:25:39+03:00,17.13,290.188,24.698914595862288,21.52008,143.9957530722785,136.7020003402631,6.263861095267725,6.5124,7.93152,-0.6818197762056798,,-35.884346709043456,24.803645,59.483551,15.838968293945417,34.59166556324226,178.58741863552075,5.361131156967801,0.003930649749111541,5.005788040513947
2026-09-16T18:25:41+03:00,17.13,290.188,29.700836147354373,22.68648,140.99918380374427,145.7375447694762,5.43714029267346,6.7068,7.6788,0.045836623610465865,,-23.187601968944417,24.803724,59.483504,17.185132275244253,40.850145334452066,181.84932913819634,5.073177047462674,0.003714161363508901,5.0095022018774555
2026-09-16T18:25:43+03:00,16.98,290.183,35.24133802626943,25.87464,165.99733240530213,146.7803279566143,-2.56633526017047,6.648479999999999,6.97896,0.5213915935690492,,-13.768175816993685,24.803769,59.48345,20.80145254536482,45.868975158230484,211.86630756353262,4.6293469266657326,0.0035244558643278473,5.013026657741784
2026-09-16T18:25:45+03:00,16.98,290.184,23.810830013409507,25.05816,152.99692003378374,140.62676123690926,-0.7961248563342789,6.201359999999999,6.78456,-0.08021409131831525,,-14.931280141109253,24.803817,59.4834,19.545645207127706,31.170065869303954,184.1669859030877,5.306099337601943,0.003343460246158565,5.016370117987942
2026-09-16T18:25:47+03:00,16.95,290.183,25.907855543588322,23.36688,146.99805191876402,138.49535823902258,-0.6181641651666452,6.006959999999999,6.62904,0.13750987083139757,,-23.777748497929164,24.803878,59.483353,18.154353841118073,34.22028868330696,181.21834060207098,4.967044012764885,0.00338340568585079,5.019753523673793
2026-09-16T18:25:49+03:00,16.83,290.175,32.34217158290747,22.70592,139.99650766226534,139.75586538831038,-1.8300844934273623,6.37632,7.251119999999999,-0.7849521793292279,,-33.93629020559866,24.803949,59.483305,17.65151086904044,43.484726621516415,183.48123428378176,4.62638896907712,0.0036083761097021327,5.023361899783495
2026-09-16T18:25:51+03:00,16.98,290.179,36.85134943058705,22.95864,140.99918380374427,139.21728506088743,-1.1165228553714353,7.3094399999999995,7.251119999999999,-0.23491269600363757,,-28.126498162972112,24.804022,59.483253,17.66233857196353,51.2222998303308,192.22148363407507,4.577905497803838,0.00383847198962852,5.027200371773124
2026-09-16T18:25:53+03:00,16.98,290.182,26.88188379531072,22.997519999999998,149.99462118729824,138.19169060760328,1.5301983834558897,6.337439999999999,6.68736,-0.246371851906254,,-26.3789768878231,24.804088,59.483201,17.580005829540074,36.26278779886525,186.25740898616348,5.109957788757951,0.003718525940789887,5.030918897713914
2026-09-16T18:25:55+03:00,16.83,290.182,27.78715711161742,24.84432,145.99537577728506,140.3746598070517,2.5441617934989074,6.4152,6.804,-0.3552338329811104,,-30.429788499398022,24.804157,59.483157,19.400783786607708,36.65484085367433,182.6502166309594,5.146571290216333,0.0033808297714346238,5.034299727485348
2026-09-16T18:25:57+03:00,16.95,290.184,32.1530955105143,28.848959999999998,147.99499848229166,145.7260856135736,0.3457227335819387,6.62904,6.97896,0.1546986046853223,,-23.479810444461133,24.804225,59.483107,23.502902371932844,40.786012579114356,188.78101106140602,5.019207800844696,0.0036524086696505613,5.037952136154999
2026-09-16T18:25:59+03:00,16.98,290.18,27.88455993678966,27.64368,149.99462118729824,143.07329102211787,-3.0342698914538135,6.72624,7.23168,0.10313240312354818,,-24.356435871011296,24.804277,59.483055,21.925263829666257,36.133748291021874,186.1283694783201,5.432398607719619,0.003505488960367783,5.041457625115367
2026-09-16T18:26:01+03:00,16.98,290.177,30.285253098387813,25.952399999999997,150.99729732877717,143.5201981023199,2.3743371030221314,6.43464,6.68736,0.24064227395494575,,-24.76323590555418,24.804339,59.483002,20.65245596054499,39.32533137811416,190.32262870689132,4.977580802518854,0.003705382062746241,5.045163007178113
2026-09-16T18:26:03+03:00,16.98,290.182,20.9517706157067,26.030160000000002,156.99616544379688,143.62333050544345,3.6809100590384607,5.307119999999999,6.59016,0.2119943841984046,,-23.514187912168985,24.804388,59.482952,21.15921124760993,26.097437234409654,183.09360267820654,4.766044536111898,0.003356955459668978,5.048519962637782
2026-09-16T18:26:05+03:00,17.02,290.176,27.603810617175558,25.48584,151.9999734702561,145.97818704343115,-1.5601067803617188,6.29856,7.15392,0.10313240312354818,,-23.749100608172622,24.804447,59.482897,20.117051005203177,35.94539816182473,187.94537163208082,5.099167895756445,0.003764584405218952,5.0522845470430005
2026-09-16T18:26:07+03:00,17.17,290.183,23.67904972052942,24.96096,152.99692003378374,142.17374728376248,-0.4203218385079719,6.78456,6.7068,0.12605071492878112,,-23.30792310592189,24.8045,59.482841,18.94456891298545,31.948490126395825,184.94541016017956,5.756863073290479,0.0037345807851072144,5.056019127828107
2026-09-16T18:26:09+03:00,17.28,290.183,25.27187239099311,23.522399999999998,150.99729732877717,139.70429918674864,0.5941572335506637,6.82344,6.1624799999999995,-0.017188733853924696,,-26.91182763729477,24.804562,59.482783,17.59483338224776,34.80171031449888,185.79900764327604,5.6029461119043455,0.003966747092999884,5.059985874921107
2026-09-16T18:26:11+03:00,17.32,290.186,35.16685351290242,23.75568,148.99767462377056,143.949916448668,2.434268488392816,6.454079999999999,7.9120800000000004,-0.045836623610465865,,-26.825883968025142,24.804628,59.482733,18.84978044331751,46.54047071288562,195.53814533665619,4.439387539764613,0.003618080791558627,5.063603955712666
2026-09-16T18:26:13+03:00,17.58,290.187,27.025123244093425,23.07528,148.99767462377056,144.74632778389986,-1.8113487735265847,6.804,6.8623199999999995,0.07448451336700701,,-25.67423879981219,24.80469,59.48268,17.29282962949403,37.32382029607234,186.3214949198429,5.410686929006905,0.0037053912780075663,5.067309346990673
2026-09-16T18:26:15+03:00,17.66,290.187,31.895264502705423,23.30856,153.99959617526267,140.75854152978934,-2.452660433616515,6.62904,7.29,0.3495042550298022,,-20.941607412031587,24.804741,59.482624,18.0240028976754,43.100751478444664,197.10034765370733,4.840215530565966,0.0037085506276077736,5.071017897618281
2026-09-16T18:26:17+03:00,17.62,290.179,29.76386150481876,23.405759999999997,149.99462118729824,138.57557233034092,-1.0596281463149446,7.01784,7.3094399999999995,-0.9969465635276323,,-22.95268927294078,24.804804,59.482573,17.660751246692204,41.14091029479522,191.13553148209346,5.2850919450389675,0.00361868910126367,5.074636586719545
2026-09-16T18:26:19+03:00,17.62,290.176,31.683270118507018,24.027839999999998,144.99842921375745,138.4896286610713,0.1483960689388832,6.88176,7.13448,0.32658594322456924,,-20.19676227836152,24.804875,59.482519,18.527688419484992,42.93291478009718,187.93134399385463,5.038492443615677,0.0039027828151776654,5.078539369534723
2026-09-16T18:26:21+03:00,17.58,290.18,23.23214264032738,24.63048,146.99805191876402,140.1053696433402,0.9635431240715053,6.4152,6.35688,0.1776169164905552,,-21.726559591360818,24.80494,59.482467,18.905583121561108,30.92430345711506,177.92235537587908,5.503260055142941,0.003702102995654571,5.082241472530377
2026-09-16T18:26:23+03:00,17.43,290.187,26.578216163891387,24.41664,151.9999734702561,141.39452468238457,3.1204427438414895,6.318,6.8623199999999995,0.693278932108296,,-23.313652683873194,24.804998,59.482418,18.978006173686296,35.14435918348988,187.14433265374598,5.166255737470764,0.003436380790763827,5.085677853321141
2026-09-16T18:26:25+03:00,17.43,290.187,25.00831180523293,26.84664,150.99729732877717,144.74632778389986,1.2652054032078839,6.62904,7.776,-0.1776169164905552,,-22.734965310791065,24.80506,59.482365,21.026685509980275,32.66745186944766,183.66474919822483,5.580442155778591,0.0037054002923272607,5.089383253613469
2026-09-16T18:26:27+03:00,17.4,290.183,26.343303467887747,28.94616,152.99692003378374,142.29979799869125,-3.1939532289567745,6.35688,6.95952,0.46982539200727513,,-16.58712816903733,24.805117,59.482307,23.41993593479645,33.26119376135256,186.2581137951363,5.315489694643221,0.0038962612687302553,5.093279514882199
2026-09-16T18:26:29+03:00,17.28,290.187,29.68364741350044,25.8552,151.9999734702561,140.678327438471,-0.024236114734033823,6.53184,6.5124,0.40107045659157625,,-19.13106077941819,24.805178,59.48225,20.43810275747975,38.789855071624544,190.78982854188064,5.091235507487022,0.0038993736054858136,5.097178888487685
2026-09-16T18:26:31+03:00,17.02,290.179,26.3089260001799,24.74712,147.99499848229166,140.21996120236636,4.890767739236708,5.52096,6.25968,-0.2578310078088704,,-29.919856061731586,24.805232,59.482206,19.948678346521092,33.35469843587077,181.34969691816244,4.611563182378119,0.0031163047103619046,5.100295193198047
2026-09-16T18:26:33+03:00,16.98,290.177,33.88915762976069,26.9244,143.9957530722785,147.39912237535557,2.310165829967479,6.4152,7.07616,0.590146528984748,,-23.519917490120292,24.805304,59.482159,21.89322326644917,43.29262464995949,187.28837772223798,4.669374098941647,0.00357920313072794,5.1038743963287745
2026-09-16T18:26:35+03:00,16.98,290.175,35.642408482861015,25.3692,159.99846429028239,144.562981289458,-1.9486867570194428,6.39576,6.78456,0.21772396214971285,,-20.666587670368795,24.805357,59.482107,20.512974156952613,46.110521176520734,206.10898546680312,4.433985352556462,0.0035194344245036194,5.107393830753278
2026-09-16T18:26:37+03:00,16.83,290.177,25.23176534533395,23.07528,150.99729732877717,144.55152213355538,5.788821787324759,7.095599999999999,6.57072,-0.7448451336700701,,-25.267438765269304,24.805419,59.48205,16.9290701166806,35.524071469581514,186.52136879835868,5.774906458395908,0.00391404525188874,5.111307876005166
2026-09-16T18:26:39+03:00,16.8,290.179,29.758131926867453,23.328,150.99729732877717,149.1466436505046,0.05523313145061136,6.27912,6.92064,-0.10313240312354818,,-25.960717697377603,24.805476,59.482002,18.14654892612901,39.64741687605181,190.64471420482897,4.834831096852452,0.0033691532488205832,5.114677029253987
2026-09-16T18:26:41+03:00,16.68,290.17,26.85323590555418,26.3412,154.9965427387903,148.79140981752352,-0.1876436779053446,6.492959999999999,6.7068,0.1776169164905552,,-22.700587843083216,24.805524,59.481947,20.756653517790063,34.976309771084146,189.97285250987446,5.320260860728774,0.0036160341564416805,5.1182930634104284
2026-09-16T18:26:43+03:00,16.53,290.17,25.077066740648625,25.91352,157.9988415852758,146.3620687661688,-0.4757268572971225,6.74568,6.9984,0.11459155902616464,,-18.73571990077792,24.805566,59.481893,20.009015917029934,33.29212162131972,191.29096320659553,5.638598197325458,0.0034898132498658685,5.121782876660294
2026-09-16T18:26:45+03:00,16.53,290.17,31.752025053922722,24.47496,156.99616544379688,147.4105815312582,0.8872824415395928,6.53184,6.68736,0.3495042550298022,,-11.195595316856284,24.805617,59.481835,19.23041447510763,42.04869631354376,199.04486175734064,4.850386677131848,0.0038180113415946723,5.125600888001889
2026-09-16T18:26:47+03:00,16.65,290.17,30.818103847859476,24.06672,150.99729732877717,148.16115624287957,-3.660913831988395,6.78456,7.23168,-0.1604281826366305,,-13.241054645473325,24.805666,59.481786,18.56837509097761,41.60698448764589,192.60428181642305,5.072931872673722,0.0033032746860187532,5.128904162687908
2026-09-16T18:26:49+03:00,16.42,290.16,17.90363514561072,21.63672,155.99921888026924,144.64319538077632,-2.68883363676944,5.6181600000000005,6.492959999999999,0.544309905374282,,-13.349916626548183,24.805709,59.481736,16.381917910350637,23.955478763978704,179.95469764424794,5.134218626655678,0.003279485155899463,5.132183647843807
2026-09-16T18:26:51+03:00,16.31,290.17,23.008689100226352,22.33656,149.99462118729824,144.0587784297429,1.1326229694146115,6.2208000000000006,6.74568,0.6073352628386726,,-14.003088512997321,24.805767,59.481685,16.787676854272885,31.336708226186886,181.33132941348512,5.313345836315159,0.0035399768799648525,5.135723624723772
2026-09-16T18:26:53+03:00,16.23,290.17,24.16033426843931,22.0644,153.99959617526267,143.11912764572833,-0.5256314812530172,6.25968,6.97896,0.6589014644004466,,-10.611178365822846,24.805825,59.481634,16.552525300124813,33.064489919875285,187.06408609513795,5.24596871768619,0.0035399782168397237,5.139263602940612
2026-09-16T18:26:55+03:00,16.35,290.17,23.15192854900906,21.07296,154.9965427387903,138.93080616332202,-0.6024078258005476,5.851439999999999,6.1624799999999995,0.8422479588423101,,-9.213161345703638,24.805875,59.481583,15.860505149845583,31.492278289931534,186.48882102872184,4.989584757370183,0.003424394139290076,5.142687997079902
2026-09-16T18:26:57+03:00,16.35,290.17,29.44873471749681,21.209039999999998,144.99842921375745,140.13401753309677,0.9487608129571302,6.337439999999999,6.648479999999999,-0.12032113697747288,,-11.63677281910702,24.805938,59.481534,15.99679294367276,40.68028880398626,185.6787180177437,4.80605231394457,0.0035174637211818492,5.146205460801084
2026-09-16T18:26:59+03:00,16.27,290.17,27.838723313179198,22.21992,150.99729732877717,138.57557233034092,-4.427645953432463,6.08472,6.9984,0.641712730546522,,-8.875116246576452,24.80599,59.481488,17.07746266161757,37.4165456746382,188.41384300341537,4.832723093578796,0.003188146761458285,5.1493936075625415
2026-09-16T18:27:01+03:00,16.23,290.17,25.678672425535996,22.02552,144.99842921375745,131.86623654935897,-0.28808317939177797,5.87088,6.4152,0.09740282517223994,,-14.255189942854882,24.806052,59.48144,16.926723310065853,34.322658127634156,179.3210873413916,4.848615242114295,0.0034504571509560997,5.152844064713498
2026-09-16T18:27:03+03:00,16.08,290.17,23.667590564626803,21.03408,132.9949634057667,132.5595154814673,2.2045697083248683,5.90976,6.2208000000000006,0.590146528984748,,-24.86063873072642,24.806127,59.481404,15.800503775770881,32.30287226746262,165.29783567322932,4.9951362583358145,0.003150107984451161,5.155994172697949
2026-09-16T18:27:05+03:00,16.23,290.17,23.73061592209119,23.34744,133.99763954724563,134.90864244150364,4.186545313241412,6.1236,6.648479999999999,-0.693278932108296,,-32.61275769884646,24.806205,59.481364,17.911940679689042,31.638575401813682,165.6362149490593,5.213473571087751,0.0033836631698730127,5.159377835867822
2026-09-16T18:27:07+03:00,16.23,290.18,30.617568619563688,22.919759999999997,140.99918380374427,141.40598383828717,2.1571288028880367,6.68736,7.776,-0.3495042550298022,,-28.45308410619668,24.806283,59.48132,17.499358767260617,41.840704817703994,182.83988862144827,4.982098479771741,0.0035585302547597826,5.162936366122582
2026-09-16T18:27:09+03:00,16.2,290.16,28.056447275328907,23.19192,150.99729732877717,142.48314449313312,-2.7697925732214257,6.78456,6.76512,-0.09167324722093173,,-21.835421572435674,24.806343,59.481267,17.498080831222882,38.564060737318044,189.5613580660952,5.3049265204421765,0.003674627548536618,5.166610993671119
2026-09-16T18:27:11+03:00,16.08,290.16,28.239793769770774,22.29768,148.99767462377056,139.22301463883875,-0.011401860123103383,6.57072,6.6095999999999995,0.836518380891002,,-13.922874421679005,24.806401,59.481212,16.799237976966957,38.904955067393786,187.90262969116435,5.113260961383459,0.003750121232508879,5.170361114903628
2026-09-16T18:27:13+03:00,15.93,290.16,28.92734312392776,20.87856,142.99880650875087,136.56449046943172,-2.1395962943570335,6.14304,7.2122399999999995,-0.5099324376664327,,-13.32699831474295,24.80646,59.481166,15.784170417096975,39.7780876095143,182.77689411826518,4.721099922825456,0.0032997376855394465,5.173660852589167
2026-09-16T18:27:15+03:00,15.9,290.16,20.459026911894192,23.28912,146.99805191876402,137.6760285919855,1.2954575747907913,6.0652800000000004,7.03728,1.0313240312354817,,-8.027138709782834,24.806522,59.481121,17.73360439005524,27.325127475804663,174.32317939456868,5.388491815577776,0.0033011684202982313,5.176962021009466
2026-09-16T18:27:17+03:00,15.93,290.17,34.318875976108814,22.453200000000002,147.99499848229166,130.70313222524342,-3.134537505601708,6.72624,7.40664,-0.18334649444186346,,-17.92784940964346,24.806586,59.481068,17.31821537965835,46.96766418030964,194.9626626626013,4.590060184633801,0.00373698533255463,5.180699006342021
2026-09-16T18:27:19+03:00,16.01,290.17,17.31921819457728,23.541839999999997,131.99801684223905,132.11260840126522,4.289104758569829,6.24024,6.454079999999999,-0.2119943841984046,,-30.544380058424185,24.806677,59.481025,17.682380245500187,23.349770026005217,155.34778686824427,5.729179594842866,0.0037941931797704095,5.184493199521791
2026-09-16T18:27:21+03:00,16.08,290.17,31.51711235791908,24.76656,134.99458611077327,136.3410369293307,0.5462579618777269,6.35688,7.29,-1.0198648753328654,,-35.076476217909,24.806763,59.480984,19.63072992488866,41.26304029361634,176.2576264043896,4.778401369513646,0.003600607249942253,5.188093806771733
2026-09-16T18:27:23+03:00,15.93,290.16,28.79556283104767,24.72768,140.99918380374427,140.68978659437363,2.614979376977077,6.47352,7.46496,-1.1745634800181877,,-32.091366105277416,24.80684,59.480937,19.308103547599263,38.08936673340045,179.08855053714473,5.094980817306838,0.003674939471662131,5.191768746243396
2026-09-16T18:27:25+03:00,15.93,290.16,30.182120695264263,24.43608,145.99537577728506,143.22798962680318,-2.008618142390127,6.68736,7.2122399999999995,-0.26356058576017866,,-29.45576024767562,24.806906,59.480885,18.955850300409693,40.39833636447153,186.3937121417566,5.092806661938155,0.0037186007793054555,5.195487347022701
2026-09-16T18:27:27+03:00,15.93,290.16,29.79823897252661,24.41664,150.99729732877717,142.07061488063894,-0.9842269004757281,6.95952,7.13448,-0.045836623610465865,,-26.602430427924123,24.806971,59.480826,18.699908465775184,40.45635192110845,191.45364924988561,5.2955022211286416,0.00406364378141842,5.19955099080412
2026-09-16T18:27:29+03:00,15.93,290.16,25.36927521616535,22.60872,150.99729732877717,139.01102025464033,-0.11229972784564135,6.9984,6.97896,-0.2807493196141034,,-23.18187239099311,24.807033,59.480768,16.558951169068283,35.80185756941566,186.79915489819282,5.676016305004572,0.003966800957277812,5.2035177917613975
2026-09-16T18:27:31+03:00,15.86,290.17,28.807021986950286,22.744799999999998,143.9957530722785,139.08550476800735,-0.0875479510959898,6.84288,7.2122399999999995,-0.1604281826366305,,-21.932824397607913,24.807098,59.480717,17.070227925700337,39.944388187416024,183.9401412596945,5.246216971730683,0.003651553375853401,5.207169345137251
2026-09-16T18:27:33+03:00,15.78,290.17,29.970126311065858,22.60872,149.99462118729824,137.8020793069143,1.2274474845087626,6.59016,7.23168,0.5614986392282068,,-17.10851976260638,24.807163,59.480667,17.217425078366126,40.99339745768796,190.9880186449862,4.974155081379438,0.0036012424434830517,5.2107705875807335
2026-09-16T18:27:35+03:00,15.82,290.17,30.474329170780983,23.328,144.99842921375745,136.38114397498987,-0.796182152113792,6.95952,6.97896,1.0370536091867901,,-18.391945223699427,24.807237,59.480615,17.68566668300344,41.986170051576636,186.98459926533408,5.173055181548524,0.003856372524512845,5.214626960105246
2026-09-16T18:27:37+03:00,15.82,290.16,31.92964197041328,22.997519999999998,138.99956109873773,136.0660171876679,-0.8038024907890319,6.88176,6.901199999999999,-1.1917522138721122,,-26.34459942011525,24.807312,59.480565,17.538779981943218,43.90656663502418,182.9061277337619,4.958112889746119,0.003778017384363137,5.218404977489609
2026-09-16T18:27:39+03:00,15.67,290.16,27.340250031415376,23.0364,140.99918380374427,136.49000595606472,0.6182214609461583,6.37632,6.97896,0.10886198107485642,,-26.64826705153459,24.807385,59.480518,17.61744723879421,36.90870691697464,177.9078907207189,5.098463431476063,0.003598092265790541,5.2220030697554
2026-09-16T18:27:41+03:00,15.63,290.16,29.706565725305676,23.63904,144.99842921375745,137.54997787705673,-0.694539439257584,7.056719999999999,6.84288,-0.005729577951308233,,-25.41067821405201,24.807453,59.480469,17.855545594149287,41.0009707678029,185.99939998156034,5.325695748013833,0.003603204320740377,5.22560627407614
2026-09-16T18:27:43+03:00,15.75,290.16,26.744373924479326,22.880879999999998,145.99537577728506,135.77380871215118,-0.274274896529125,7.095599999999999,7.348319999999999,0.3781521447863433,,-24.51113447569662,24.807528,59.480413,16.84966518162236,37.66827366041625,183.6636494377013,5.616607553960866,0.004070784923540511,5.229677058999681
2026-09-16T18:27:45+03:00,15.71,290.16,32.932318111892215,21.83112,139.99650766226534,135.89412984912866,-1.1099338407274306,6.88176,6.88176,-1.478231111437524,,-28.286926345608745,24.807598,59.480364,16.48530780720435,46.04958349817974,186.0460911604451,4.776186410960085,0.0036387186113267704,5.233315777611008
2026-09-16T18:27:47+03:00,15.63,290.16,25.214576611480023,20.25648,142.99880650875087,134.26120013300581,-1.4652249694880541,6.14304,7.095599999999999,-0.011459155902616466,,-25.3992190581494,24.80767,59.480316,14.929906431788787,35.309838289358595,178.30864479810947,5.012956248946081,0.0036269065459937993,5.236942684157001
2026-09-16T18:27:49+03:00,15.41,290.16,31.620244761042628,23.44464,143.9957530722785,136.08893549947314,0.8997156256939319,6.74568,7.950959999999999,0.040107045659157625,,-24.17308937656943,24.807744,59.480269,18.050280477020106,42.91955935514329,186.91531242742178,4.93993212446602,0.003617085877648231,5.24055977003465
2026-09-16T18:27:51+03:00,15.48,290.16,26.051094992371027,22.82256,145.99537577728506,138.1000173603823,-2.6428824215999485,7.36776,7.60104,-0.022918311805232933,,-19.646722795035927,24.807823,59.480219,16.523263218498354,37.34419192838806,183.33956770567312,5.857412291644498,0.0038532440936041683,5.244413014128254
2026-09-16T18:27:53+03:00,15.56,290.16,33.0640984047723,22.68648,141.99613036727192,133.7054310717289,-2.0978276710919963,6.804,7.85376,-0.12032113697747288,,-19.721207308402935,24.807893,59.480166,17.385242989224857,45.392840196133164,187.38897056340508,4.778054730065505,0.0038359359556846737,5.248248950083939
2026-09-16T18:27:55+03:00,15.41,290.16,32.61146174661896,22.355999999999998,140.99918380374427,134.1122311062718,0.08623014816718891,6.25968,6.92064,-0.739115555718762,,-18.793015680291003,24.807962,59.480124,17.41311441958624,43.78249106647155,184.78167487021582,4.519311844955347,0.003287762402789399,5.251536712486728
2026-09-16T18:27:57+03:00,15.18,290.16,30.399844657413976,23.36688,145.99537577728506,134.50757198491206,2.318531013776389,6.201359999999999,7.17336,0.7563042895726866,,-16.226164758104915,24.808034,59.480077,18.28934081248275,40.27953443283175,186.27491021011681,4.731013258048663,0.003579286315324047,5.255115998802052
2026-09-16T18:27:59+03:00,15.18,290.16,26.137038661640652,22.53096,139.99650766226534,134.72529594706177,-0.5103908039025373,7.13448,7.698239999999999,0.1776169164905552,,-20.248328479923295,24.808108,59.480028,16.429441455071448,37.16543674047321,177.16194440273856,5.685427822864698,0.0037117471316129983,5.258827745933664
2026-09-16T18:28:01+03:00,15.33,290.16,32.79480824106082,22.82256,138.99956109873773,133.986180391343,-0.5034007188019413,7.03728,8.10648,-0.985487407625016,,-30.005799731001215,24.808193,59.479981,17.331246174943104,45.49957856033154,184.49913965906927,4.932531667166202,0.003835762969824711,5.262663508903489
2026-09-16T18:28:03+03:00,15.3,290.16,29.67218825759783,22.12272,143.9957530722785,136.47854680016212,3.3269940289861513,6.492959999999999,6.78456,0.08594366926962349,,-22.683399109229292,24.808277,59.479935,16.791675998056068,40.707828015682594,184.70358108796108,4.921957398184785,0.003770891397695987,5.266434400301185
2026-09-16T18:28:05+03:00,15.18,290.16,33.38495477004557,22.1616,144.99842921375745,139.30322873015703,-0.2987974901607243,6.6679200000000005,6.82344,0.44117750225073393,,-20.334272149192916,24.808346,59.479889,16.994736146100777,45.85306788808191,190.85149710183936,4.644211578248992,0.0034758016128339266,5.269910201914019
2026-09-16T18:28:07+03:00,15.18,290.15,31.620244761042628,21.617279999999997,144.99842921375745,137.15463699841646,-1.6506341119923886,6.95952,6.901199999999999,0.22345354010102106,,-20.83274543095673,24.808419,59.479838,16.109618244262247,44.71118363505619,189.70961284881363,4.945867542481621,0.0037898204211255955,5.273700022335145
2026-09-16T18:28:09+03:00,15.18,290.15,35.83721413320549,21.617279999999997,144.99842921375745,140.38038938500299,2.8863321887510347,6.35688,7.095599999999999,-0.6073352628386726,,-19.77277350996471,24.808484,59.479788,16.879304238206075,48.5755018587069,193.57393107246435,4.205918611760523,0.003601270891019695,5.277301293226165
2026-09-16T18:28:11+03:00,15.03,290.15,23.690508876432034,22.12272,150.99729732877717,143.38268823148852,-0.6818770719851928,6.35688,7.3094399999999995,0.5328507494716656,,-12.289944705556158,24.808543,59.479737,16.500423481463727,32.59536847385917,183.59266580263633,5.3556456291836385,0.0035553927327694477,5.280856685958934
2026-09-16T18:28:13+03:00,15.03,290.16,19.026632424067135,22.82256,150.99729732877717,141.13096409662438,-1.8586750874043902,6.68736,6.8623199999999995,0.4354479242994257,,-12.404536264582323,24.808603,59.479681,16.643951002250503,26.553225549228245,177.5505228780054,5.981973757065238,0.0038320533562562187,5.2846887393151905
2026-09-16T18:28:15+03:00,15.18,290.15,29.958667155163244,21.597839999999998,145.99537577728506,138.73600051297754,-1.4267222056552629,6.72624,6.59016,0.17188733853924698,,-17.137167652362923,24.80867,59.479627,16.124060808946723,41.982412999406705,187.97778877669177,4.999951720224285,0.0038364261638643795,5.288525165479055
2026-09-16T18:28:17+03:00,15.15,290.15,33.98656045493293,21.111839999999997,141.99613036727192,137.64165112427767,-1.027886284464697,6.35688,6.84288,-0.5042028597151245,,-25.210142985756224,24.808731,59.47958,16.234587075664482,46.63003416370256,188.62616453097448,4.365311130898176,0.0033835201501329197,5.291908685629188
2026-09-16T18:28:19+03:00,14.88,290.15,31.167608102889275,21.6756,146.99805191876402,143.01026566465347,2.438565671856297,6.4152,7.4844,-0.22345354010102106,,-24.012661193932797,24.808806,59.479532,16.523394179628493,42.75930496418431,189.75735688294833,4.7101184966138385,0.0036831508912750733,5.2955918365204635
2026-09-16T18:28:21+03:00,15.03,290.16,19.78866629159113,22.60872,150.99729732877717,145.92089126391807,0.23623049893243842,6.901199999999999,7.17336,-0.06302535746439056,,-23.78920765383178,24.808874,59.47948,16.28354103387711,28.038117571249614,179.03541490002678,6.091241136793686,0.0037520732117530477,5.299343909732216
2026-09-16T18:28:23+03:00,15.18,290.16,23.123280659252522,22.14216,153.99959617526267,144.71195031619203,-1.0843799230645959,6.7068,6.940079999999999,0.12605071492878112,,-22.20784413927071,24.808932,59.479425,16.189849010587505,32.486013219623686,186.48560939488635,5.657337264856043,0.003750165453078431,5.303094075185294
2026-09-16T18:28:25+03:00,15.03,290.15,24.83069488874237,21.967200000000002,149.99462118729824,142.44876702542527,0.8486077903682622,6.648479999999999,6.88176,-0.08021409131831525,,-23.9439062585171,24.808991,59.479374,16.176117522201736,34.76955181116716,184.7641729984654,5.4614097355256135,0.0035554025377790652,5.306649477723073
2026-09-16T18:28:27+03:00,15.03,290.16,30.073258714189407,22.9392,148.99767462377056,144.72913905004594,0.7824884608101653,6.9984,7.1150400000000005,0.005729577951308233,,-20.317083415338992,24.80905,59.479324,17.24327528751699,41.80797205033738,190.80564667410795,5.216490151645982,0.003503710919022296,5.310153188642095
2026-09-16T18:28:29+03:00,15.03,290.15,21.066362174732866,23.26968,152.99692003378374,145.00988836966005,-0.5883130640403292,6.82344,7.42608,-0.24064227395494575,,-18.185680417452332,24.809107,59.479266,17.079312688387795,29.322882263538474,182.3198022973222,5.949178273995825,0.003896331221127498,5.3140495198632225
2026-09-16T18:28:31+03:00,14.96,290.15,29.620622056036055,22.744799999999998,152.99692003378374,145.51982080732648,0.12862902500686982,6.57072,7.07616,0.22918311805232927,,-16.885066222505362,24.809162,59.479212,17.33960523664972,40.41554858040712,193.41246861419086,5.002699126969007,0.003654323902125603,5.317703843765348
2026-09-16T18:28:33+03:00,14.88,290.15,23.214953906473454,21.69504,148.99767462377056,145.18750528615058,1.6201527572914287,6.37632,6.84288,0.4297183463481174,,-16.443888720254627,24.809229,59.47916,16.033227528442,32.234057427871704,181.23173205164227,5.393577761358443,0.0037352829690021705,5.32143912673435
2026-09-16T18:28:35+03:00,14.96,290.15,31.603056027188707,22.997519999999998,149.99462118729824,143.6519783952,-2.435528995542103,6.62904,7.03728,-0.47555496995858326,,-18.930525551122404,24.80929,59.47911,17.69589093653751,42.92413250410996,192.9187536914082,4.854155108863496,0.0035354871833095172,5.324974613917659
2026-09-16T18:28:37+03:00,15.03,290.15,31.253551772158904,22.62816,149.99462118729824,142.97015861899433,0.08892304980430377,6.78456,7.52328,-0.18334649444186346,,-22.247951184929864,24.809351,59.479057,17.19238223498762,43.06796560347024,193.06258679076848,4.956420853977275,0.003689997005521016,5.32866461092318
2026-09-16T18:28:39+03:00,14.96,290.16,25.025500539086856,23.30856,152.99692003378374,146.56260399446455,0.6839397200476637,6.454079999999999,6.84288,-0.26929016371148695,,-25.66850922186088,24.809418,59.479004,17.672559220928648,33.91265896997041,186.90957900375415,5.356170231014845,0.0037857279107330506,5.3324503388339135
2026-09-16T18:28:41+03:00,14.88,290.15,26.177145707299807,24.45552,154.9965427387903,147.38193364150163,1.0292040873934978,6.29856,6.1624799999999995,-0.2864788975654116,,-25.141388050340527,24.809475,59.478953,19.007169392951802,34.583153921641696,189.579696660432,5.185625170929841,0.00352488047404383,5.335975219307957
2026-09-16T18:28:43+03:00,14.88,290.15,32.87502233237913,23.79456,154.9965427387903,147.37620406355035,-0.4371667976848181,6.14304,6.35688,-0.23491269600363757,,-26.745669876706827,24.809523,59.478899,18.93126476284012,43.019845488103044,198.01638822689335,4.491283645375857,0.0035612189401769668,5.339536438248134
2026-09-16T18:28:45+03:00,14.88,290.15,14.918525032979131,23.814,154.9965427387903,149.87430005032076,2.0273538622909046,6.5124,6.53184,0.3495042550298022,,-26.96912341680785,24.809574,59.478843,17.601147220643277,20.384486003402344,175.38102874219265,6.104569664220659,0.003708623779809238,5.343245062027943
2026-09-16T18:28:47+03:00,15.03,290.14,29.18517413173663,27.25488,158.99578814880346,152.12029460723355,-0.7408344291041544,6.25968,6.72624,-0.1432394487827058,,-19.956120004406575,24.80962,59.478789,22.002638048017797,37.15955169328231,196.15533984208577,4.988692914023026,0.003536538939181637,5.346781600967125
2026-09-16T18:28:49+03:00,14.88,290.14,26.440706293059986,26.78832,159.99846429028239,148.8601647529392,-1.6721773250893075,6.35688,6.53184,-0.492743703812508,,-25.685697955714808,24.809658,59.478735,21.28543920258017,34.08253381907846,194.08099810936085,5.264966367574274,0.003446870009838889,5.350228470976964
2026-09-16T18:28:51+03:00,14.88,290.14,24.796317421034527,26.0496,153.99959617526267,148.89454222064703,-0.6516821961817983,6.318,6.88176,-0.395340878640268,,-29.879749016072427,24.809709,59.478682,20.48617542361902,32.22790705834987,186.22750323361254,5.34460796475069,0.0035457697435974586,5.353774240720561
2026-09-16T18:28:53+03:00,14.88,290.14,21.34138191639566,26.20512,155.99921888026924,150.3956916438898,0.7958956732162267,5.98752,6.7068,-0.6589014644004466,,-29.593270118507018,24.809759,59.47863,20.742939800657584,27.371308939211247,183.3705278194805,5.317191512152548,0.0034783638438796805,5.357252604564441
2026-09-16T18:28:55+03:00,14.88,290.14,24.97393433752508,27.216,156.99616544379688,149.74824933539196,-0.14610423775835993,6.1236,6.6679200000000005,0.1604281826366305,,-23.061551254015637,24.809803,59.478579,21.818679001964416,31.779228679196507,188.7753941229934,5.205572382012343,0.0033468377645240847,5.360599442328965
2026-09-16T18:28:57+03:00,14.92,290.13,28.37157406265086,26.84664,156.99616544379688,148.79140981752352,-1.8955735694108158,6.43464,6.92064,0.045836623610465865,,-25.02106691336305,24.809846,59.478524,21.404422507625387,36.5844801115374,193.58064555533429,5.166880451837951,0.0035569850331000764,5.364156427362065
2026-09-16T18:28:59+03:00,15.0,290.15,28.302819127235164,26.06904,154.9965427387903,147.81165198784979,-0.753668683715085,6.24024,6.648479999999999,-0.5271211715203573,,-28.321303813316593,24.809894,59.478471,20.786439958110236,36.485962020395164,191.48250475918547,5.01716901865385,0.0035065296939432293,5.367662957056009
2026-09-16T18:29:01+03:00,14.88,290.15,22.046120004406575,25.310879999999997,155.99921888026924,150.15504936993483,1.6885639180300491,6.337439999999999,5.98752,-0.18907607239317165,,-25.886233184010592,24.809945,59.478421,19.5818430918662,29.023567405328322,185.02278628559756,5.541585659944346,0.0033846895035357645,5.3710476465595445
2026-09-16T18:29:03+03:00,14.88,290.14,31.58586729333478,26.438399999999998,161.99808699528896,149.4445817039726,-2.1326635050359504,6.1624799999999995,6.76512,0.11459155902616464,,-20.689505982174023,24.809988,59.478372,21.433290291730007,40.2473077616541,202.24539475694306,4.703591920224902,0.003224544198711277,5.374272190758256
2026-09-16T18:29:05+03:00,14.88,290.16,25.466678041337588,26.06904,157.9988415852758,147.7027900067749,0.8845322441229649,6.14304,6.74568,-0.10313240312354818,,-22.259410340832485,24.810032,59.478316,20.692170811248864,32.80067870900098,190.7995202942768,5.163594848200543,0.0036241236805517074,5.377896314438807
2026-09-16T18:29:07+03:00,14.88,290.15,22.882638385297575,25.291439999999998,154.9965427387903,147.03815896442316,-0.043143721973350986,6.62904,6.8623199999999995,0.4068000345428845,,-20.82701585300542,24.81008,59.47826,19.35648314683581,30.535346558980564,185.53188929777087,5.709697481238844,0.0036711316657935316,5.381567446104601
2026-09-16T18:29:09+03:00,14.88,290.14,26.681348567014933,26.0496,155.99921888026924,145.96672788752855,-1.6303514060447575,6.47352,7.17336,0.24064227395494575,,-21.124953906473454,24.810127,59.478206,20.472804278726045,34.84396606562615,190.8431849458954,5.31288925964649,0.0035487801021255013,5.385116226206726
2026-09-16T18:29:11+03:00,14.73,290.15,20.516322691407275,25.4664,152.99692003378374,145.49690249552125,-0.9452084746273192,6.43464,7.17336,-0.22918311805232927,,-25.404948636100702,24.810181,59.478151,19.57026546101658,27.13349008330661,180.13041011709035,5.726484580963339,0.0036941163433261513,5.388810342550053
2026-09-16T18:29:13+03:00,14.88,290.15,26.085472460078876,25.87464,151.9999734702561,145.3364743128846,-1.2058469756323305,6.5124,6.95952,-0.1432394487827058,,-25.874774028107975,24.810237,59.478099,20.229302664019635,34.22336123558114,186.22333470583723,5.384786582005651,0.0035625503853745797,5.392372892935427
2026-09-16T18:29:15+03:00,14.88,290.16,27.67256555259126,25.5636,155.99921888026924,145.87505464030758,0.5328507494716656,6.35688,6.6095999999999995,0.005729577951308233,,-26.207089549283854,24.810288,59.47805,20.15127649235704,36.09696840935604,192.09618728962528,5.136492902389944,0.0033314404584123126,5.395704333393839
2026-09-16T18:29:17+03:00,14.73,290.14,24.017094819656602,24.43608,155.99921888026924,146.25320678509394,-0.02692901637114869,6.1236,6.39576,0.13178029288008933,,-24.7746950614568,24.810339,59.477995,19.00675702572089,31.552006907481285,187.55122578775052,5.218320934580524,0.0036541724145456285,5.399358505808385
2026-09-16T18:29:19+03:00,14.66,290.15,18.018226704636888,25.25256,151.9999734702561,146.48811948109758,0.9055597952042661,6.57072,6.6095999999999995,0.14896902673401402,,-24.51113447569662,24.810385,59.477942,19.112454684518788,24.122703062753118,176.1226765330092,5.996914183741527,0.003481468410998651,5.402839974219384
2026-09-16T18:29:21+03:00,14.88,290.15,29.958667155163244,26.943839999999998,157.9988415852758,143.27382625041366,-5.645582338542053,6.4152,6.59016,0.11459155902616464,,-18.351838178040268,24.810432,59.477886,21.624418969785005,38.47822087195553,196.47706245723134,5.022105505546489,0.0036590607199118615,5.406499034939295
2026-09-16T18:29:23+03:00,14.77,290.14,19.805855025445055,24.61104,146.99805191876402,137.78489057306035,0.39597113221491187,6.0264,6.72624,0.20053522829578813,,-18.90187766136586,24.810482,59.477837,19.050873098190074,25.95886834986129,172.9569202686253,5.41838754723193,0.0033172887335955973,5.4098163236728904
2026-09-16T18:29:25+03:00,14.58,290.15,21.782559418646393,23.75568,146.99805191876402,138.19169060760328,1.217936385109591,6.08472,6.92064,0.2119943841984046,,-20.380108772803382,24.81054,59.477791,18.24566879476125,28.891286823699517,175.88933874246354,5.327403648576956,0.0032832734861225742,5.413099597159013
2026-09-16T18:29:27+03:00,14.58,290.16,30.279523520436502,24.94152,145.99537577728506,138.47243992721735,-1.246584274866132,6.6679200000000005,7.1150400000000005,0.13178029288008933,,-21.858339884240905,24.810607,59.47774,19.475660284954458,40.22031831087796,186.21569408816302,5.091404254012726,0.0036851808800618738,5.416784778039075
2026-09-16T18:29:29+03:00,14.7,290.14,35.900239490669875,25.25256,147.99499848229166,135.26960585243606,-3.372658765258078,6.35688,7.17336,-0.18907607239317165,,-19.715477730451628,24.810677,59.477691,20.44589416639753,46.404662673882626,194.3996611561743,4.38345404453529,0.0036388179100368457,5.420423595949112
2026-09-16T18:29:31+03:00,14.58,290.15,24.532756835274345,23.561279999999996,135.99726225225223,133.58510993475144,3.585111515692587,5.7348,6.5124,-0.26356058576017866,,-26.493568446849267,24.810749,59.47765,18.49809250756945,31.92867463209143,167.92593688434366,4.867165566020369,0.003302174211533703,5.423725770160646
2026-09-16T18:29:33+03:00,14.43,290.14,24.120227222780155,24.669359999999998,134.99458611077327,140.97626549193907,3.409901021941581,6.492959999999999,6.82344,-0.5271211715203573,,-35.380143849328334,24.810831,59.477608,18.930178673915933,32.17767370263354,167.1722598134068,5.495646190289685,0.0035551906678472837,5.427280960828493
2026-09-16T18:29:35+03:00,14.58,290.14,30.187850273215574,27.85752,155.99921888026924,146.26466594099657,-0.1723457047753516,6.43464,6.940079999999999,0.005729577951308233,,-27.467596698571665,24.810903,59.477558,22.52908968760431,38.44508366163876,194.444302541908,5.039638743007466,0.0037233553976348754,5.431004316226128
2026-09-16T18:29:37+03:00,14.51,290.14,29.47165302930204,27.079919999999998,151.9999734702561,144.89529681063388,0.6970604535561595,6.25968,6.57072,0.10313240312354818,,-24.453838696183535,24.81095,59.477509,21.8483928604483,37.57497100308967,189.57494447334577,4.9611475842682085,0.0032761658408412423,5.434280482066969
2026-09-16T18:29:39+03:00,14.32,290.13,33.02399135911315,28.848959999999998,151.9999734702561,145.8807842182589,-0.2989693774992636,5.7153599999999996,6.4152,0.16615776058793874,,-22.56880755020313,24.810996,59.477461,24.257769449199383,40.40141512170223,192.40138859195832,4.3523740907773,0.0032087607061261738,5.437489242773095
2026-09-16T18:29:41+03:00,14.28,290.15,25.191658299674792,27.13824,145.99537577728506,145.75473350333013,0.8735314544564531,6.2208000000000006,6.25968,-0.12605071492878112,,-26.42481351143357,24.811056,59.477404,21.671475739619527,32.209717870659205,178.20509364794427,5.263436132953616,0.003885015706905867,5.441374258480001
2026-09-16T18:29:43+03:00,14.43,290.14,25.541162554704595,27.4104,149.99462118729824,147.25588292657287,-1.10025085398972,6.2208000000000006,6.6095999999999995,-0.02864788975654116,,-27.696779816623994,24.811117,59.477354,21.961920904055134,32.55607052523459,182.55069171253282,5.243296037950431,0.0035355381681403085,5.444909796648141
2026-09-16T18:29:45+03:00,14.32,290.15,22.240925654751056,28.51848,150.99729732877717,146.68292513144206,0.8994864425758795,5.94864,5.890319999999999,0.03437746770784939,,-28.894261608447415,24.811173,59.477307,23.122302463060066,27.82905174123809,178.82634907001525,5.260646357693451,0.003302044612664562,5.448211841260806
2026-09-16T18:29:47+03:00,14.13,290.15,23.226413062376068,26.166240000000002,152.99692003378374,149.96024371959038,1.911100725658861,6.2208000000000006,6.68736,0.05729577951308232,,-27.444678386766434,24.811226,59.477257,20.596242659337378,30.067296801181953,183.0642168349657,5.383713793902883,0.003413228854749191,5.451625070115555
2026-09-16T18:29:49+03:00,14.13,290.15,26.715726034722785,26.20512,155.99921888026924,151.5989030136645,-1.4731317870608596,7.01784,6.901199999999999,0.18334649444186346,,-22.981337162697322,24.811275,59.477201,20.184543628028134,35.708286079646854,191.7075049599161,5.69847995368083,0.0036834412834739964,5.455308511399029
2026-09-16T18:29:51+03:00,14.28,290.14,23.862396214971284,25.21368,158.99578814880346,145.6745194120118,-3.8512504115308546,6.4152,7.29,0.16615776058793874,,-21.560401830772882,24.811309,59.477149,19.520140320092864,31.502526010024695,190.49831415882815,5.469709399744442,0.0032934327714650964,5.4586019441704945
2026-09-16T18:29:53+03:00,14.13,290.15,24.51556810142042,24.43608,148.99767462377056,145.7375447694762,3.0346709619104053,6.006959999999999,6.74568,0.09740282517223994,,-26.35605857601787,24.811359,59.477101,19.133700710555914,32.00071359813842,180.99838822190898,5.0941513456444225,0.0032640544094702617,5.461865998579965
2026-09-16T18:29:55+03:00,13.98,290.15,28.34865575084563,26.41896,154.9965427387903,149.2211281638716,2.1356428855706304,6.2208000000000006,6.72624,0.12032113697747288,,-23.98974288212757,24.811412,59.477051,21.15146556802463,36.376402763791305,191.37294550258162,5.008603268762903,0.003413233531752282,5.465279232111717
2026-09-16T18:29:57+03:00,13.98,290.14,31.396791220941605,28.32408,156.99616544379688,146.72303217710123,-3.3424638894546836,6.72624,7.387199999999999,0.09740282517223994,,-21.119224328522144,24.811456,59.476999,22.852942613935177,40.21692997990186,197.21309542369875,5.136192331088209,0.0034020029856145885,5.468681235097332
2026-09-16T18:29:59+03:00,14.02,290.15,29.849805174088385,25.330319999999997,148.99767462377056,146.1787222717269,4.337519692258383,6.201359999999999,6.53184,-0.017188733853924696,,-25.28462749912323,24.811504,59.476948,20.189016372965735,38.643939677702605,187.64161430147317,4.843521341802553,0.0033977129392702005,5.472078948036602
2026-09-16T18:30:01+03:00,13.83,290.15,26.59540489774531,27.099359999999997,147.99499848229166,148.48774218610416,0.2243702725732304,6.10416,7.542719999999999,-0.18907607239317165,,-31.799157629760693,24.811561,59.476896,21.812939004942614,33.792411018254114,181.78740950054578,5.072911885475547,0.003577329111780579,5.475656277148382
2026-09-16T18:30:03+03:00,13.76,290.15,24.61297092659266,28.20744,151.9999734702561,152.57293126538693,1.9143665850911065,6.18192,7.095599999999999,-0.07448451336700701,,-31.002746294528848,24.811614,59.476841,22.733466942474422,31.115977972027224,183.11595144228332,5.292483936821625,0.0036806232529619553,5.479336900401345
2026-09-16T18:30:05+03:00,13.83,290.15,29.660729101695214,29.646,168.99963125178763,154.04543279887315,-4.058374654470648,6.55128,7.17336,-0.10886198107485642,,-11.50499252622693,24.811651,59.476784,24.171529487170464,37.36870935634607,206.3683406081337,5.206604918113384,0.003607530985940646,5.482944431387285
2026-09-16T18:30:07+03:00,13.83,290.15,21.507539676983598,24.41664,163.9977097002955,142.0362374129311,-7.128225225002085,6.08472,6.74568,-0.2119943841984046,,-2.291831180523293,24.811675,59.476725,18.887803669504706,28.29046698686085,192.28817668715635,5.357938050791697,0.0036212488588550557,5.48656568024614
2026-09-16T18:30:09+03:00,13.65,290.14,15.50867156196388,20.606399999999997,138.99956109873773,134.7997804604288,1.718472314935878,5.52096,6.72624,0.3036676314193363,,-14.490102638858522,24.811727,59.476681,15.35757213174294,21.024636558268668,160.0241976570064,5.153408966562618,0.0030845855987545806,5.489650265844895
2026-09-16T18:30:11+03:00,13.38,290.15,18.316164758104915,21.6756,139.99650766226534,139.7615949662617,1.1210492219529686,5.69592,6.78456,-0.11459155902616464,,-21.04473981515514,24.811797,59.476649,16.366434206393375,24.59518120450619,164.59168886677153,5.179135538734895,0.0028751112605526295,5.492525377105447
2026-09-16T18:30:13+03:00,13.5,290.14,23.19203559466822,22.78368,147.99499848229166,137.62446239042376,-1.827849958026352,5.90976,7.17336,1.3750987083139758,,-13.51607438713612,24.811858,59.476605,17.50687440443313,30.831496934749623,178.8264954170413,5.0745825773220705,0.0032345769029834006,5.49575995400843
2026-09-16T18:30:15+03:00,13.53,290.14,30.08471787009202,23.75568,146.99805191876402,135.1550142934099,-1.6678801416258264,6.37632,6.78456,-0.17188733853924698,,-10.318969890306127,24.811923,59.476557,18.516308969584816,40.02501806071308,187.0230699794771,4.882754385873901,0.003501680980607446,5.499261634989038
2026-09-16T18:30:17+03:00,13.38,290.15,27.426193700685005,22.880879999999998,141.99613036727192,128.6977799422855,-2.2309830626803997,5.5404,6.648479999999999,0.040107045659157625,,-16.66161268240434,24.811986,59.476514,18.14355878813624,35.51180688103,177.50793724830191,4.5098625310171245,0.003221693568822792,5.502483328557861
2026-09-16T18:30:19+03:00,13.12,290.14,29.39716851593504,23.30856,130.99534070076012,127.98158269837198,2.28953934934277,5.754239999999999,6.47352,-0.06875493541569878,,-27.513433322182134,24.812067,59.476478,18.511997077660084,38.17354484905937,169.1688855498195,4.5236517375756415,0.0032858841766298325,5.50576921273449
2026-09-16T18:30:21+03:00,13.08,290.13,37.55608751859796,25.69968,135.99726225225223,134.32422549047018,2.467270857392351,6.29856,6.88176,0.05156620156177409,,-24.012661193932797,24.812149,59.47644,21.059361314984297,48.06008969551564,184.05735194776787,4.2096479656195855,0.003388757108270667,5.509157969842761
2026-09-16T18:30:23+03:00,13.23,290.14,33.66570408965967,24.90264,141.99613036727192,134.50184240696075,-1.0655296116047919,6.337439999999999,6.97896,-0.3093972093706446,,-25.28462749912323,24.812227,59.476392,19.939998239003724,43.81335282707039,185.8094831943423,4.573089758047054,0.0037409025849575953,5.512898872427718
2026-09-16T18:30:25+03:00,13.08,290.15,34.33606470996273,26.51616,138.99956109873773,137.08588206300075,0.05809792042626547,5.98752,6.53184,-0.8479775367936184,,-25.5424585069321,24.812303,59.476349,21.83476846197965,43.23386228017307,182.2334233789108,4.362291084942131,0.0034732450739967144,5.5163721175017155
2026-09-16T18:30:27+03:00,12.93,290.15,27.351709187318,25.8552,140.99918380374427,139.8876456811905,3.10520206649101,6.10416,6.78456,-0.3666929888837269,,-28.040554493702487,24.812373,59.476305,20.625037237268582,35.1669228331196,176.16610663686387,4.9900136985872425,0.003400199290092854,5.5197723167918085
2026-09-16T18:30:29+03:00,12.78,290.15,28.423140264212638,25.91352,148.99767462377056,145.77765181513533,0.1555007455985054,6.14304,6.84288,-0.05729577951308232,,-25.198683829853607,24.812433,59.476258,20.718349719869856,36.536324214009284,185.53399883777985,4.935807291587059,0.003366915591332415,5.523139232383141
2026-09-16T18:30:31+03:00,12.78,290.14,26.944909152775114,24.43608,150.99729732877717,146.05840113474946,-1.5092854239336144,6.337439999999999,6.62904,-0.05156620156177409,,-21.474458161503254,24.812494,59.476202,19.004831849502537,35.63582171851223,186.6331190472894,5.150669785853919,0.0038468291274981387,5.526986061510639
2026-09-16T18:30:33+03:00,12.78,290.14,28.887236078268604,22.744799999999998,155.99921888026924,144.45411930838316,1.2064199334274612,6.2208000000000006,6.84288,0.3781521447863433,,-20.466052442073007,24.81254,59.476152,17.557146012040103,38.74286662176786,194.7420855020371,4.851990129690419,0.003317293135063396,5.530303354645703
2026-09-16T18:30:35+03:00,12.71,290.14,22.853990495541034,24.86376,147.99499848229166,146.43655327953581,1.399048344150444,6.18192,6.27912,0.08594366926962349,,-19.996227050065727,24.812598,59.476103,19.316927702827822,29.99392132127815,177.98891980356981,5.354027663121669,0.003436551328291632,5.533739905973994
2026-09-16T18:30:37+03:00,12.63,290.14,23.810830013409507,24.4944,153.99959617526267,146.61417019602635,-0.7602576983590893,6.2208000000000006,6.82344,-0.18334649444186346,,-21.03901023720383,24.812647,59.476054,18.970074027081104,31.418560182460965,185.41815635772363,5.308718612260844,0.0033033896210823985,5.537043295595077
2026-09-16T18:30:39+03:00,12.63,290.14,20.31005788516018,25.71912,156.99616544379688,148.14396750902563,0.359817495342157,5.890319999999999,6.88176,0.14896902673401402,,-18.741449478729226,24.812689,59.47601,20.298242655429057,26.090953825650928,183.0871192694478,5.290078865913058,0.0029391649762887774,5.539982460571366
2026-09-16T18:30:41+03:00,12.48,290.14,29.076312150661774,24.57216,157.9988415852758,146.70011386529598,-1.1123975592464934,6.14304,6.88176,0.2578310078088704,,-13.980170201192088,24.81273,59.475957,19.433975053348796,37.91281631376822,195.91165789904403,4.84653087525078,0.0034227816117350113,5.543405242183101
2026-09-16T18:30:43+03:00,12.48,290.14,29.31122484666541,23.44464,152.99692003378374,143.93845729276543,-0.5561701317334902,6.337439999999999,6.57072,-0.10313240312354818,,-20.534807377488704,24.812777,59.475906,18.18517049294647,39.13432913947659,192.13124917326033,4.915751908617408,0.003384678033901212,5.546789920217003
2026-09-16T18:30:45+03:00,12.48,290.13,23.05452572383682,23.522399999999998,146.99805191876402,145.98391662138243,2.3027173786307786,6.18192,6.92064,0.03437746770784939,,-26.207089549283854,24.812847,59.475856,17.99777373144195,30.784819672408048,177.78287159117207,5.310859844055337,0.0036877055990861243,5.550477625816089
2026-09-16T18:30:47+03:00,12.41,290.16,23.70196803233465,24.61104,150.99729732877717,147.65695338316448,1.617402559874801,6.1236,6.804,-0.02864788975654116,,-26.82015439007384,24.812904,59.475809,19.16273130061277,31.082324051262873,182.07962138004004,5.244412679722966,0.003317992585225223,5.553795618401314
2026-09-16T18:30:49+03:00,12.33,290.13,23.283708841889155,23.25024,156.99616544379688,149.74251975744065,2.486063873072642,5.890319999999999,6.201359999999999,0.13178029288008933,,-23.256356904360114,24.812949,59.475759,17.990936175123927,30.719671808383424,187.7158372521803,5.063772227421683,0.0033044918837074637,5.557100110285021
2026-09-16T18:30:51+03:00,12.18,290.14,18.224491510883983,22.5504,156.99616544379688,150.52747193676987,0.004755549699585833,6.29856,6.53184,0.20626480624709637,,-21.03901023720383,24.812988,59.475706,16.684474767832,25.004812534301635,182.00097797809852,5.708210370973761,0.0034009314894551446,5.560501041774477
2026-09-16T18:30:53+03:00,12.33,290.13,21.507539676983598,22.70592,157.9988415852758,148.02364637204818,-1.8815361034301104,6.1624799999999995,7.251119999999999,0.4469070802020421,,-13.424401139915188,24.813032,59.475651,17.122252152007224,29.08993018205919,187.088771767335,5.385130498661229,0.0035684059628157015,5.5640694477372925
2026-09-16T18:30:55+03:00,12.18,290.13,20.986148083414548,21.01464,154.9965427387903,143.67489670700525,-0.4445006574624927,6.201359999999999,6.901199999999999,0.2864788975654116,,-17.280407101145627,24.813078,59.475598,15.385779176052298,29.285908359265335,184.28245109805565,5.408761744247909,0.0034815077137101444,5.5675509554510025
2026-09-16T18:30:57+03:00,12.03,290.12,26.492272494621762,20.13984,148.99767462377056,144.17909956672037,0.26373247309871795,6.37632,7.270560000000001,0.246371851906254,,-19.887365068990874,24.813137,59.475547,14.71066554053013,37.6407159077888,186.63839053155937,5.049126344031682,0.003555505904545949,5.571106461355549
2026-09-16T18:30:59+03:00,12.03,290.12,29.872723485893616,20.29536,149.99462118729824,143.0331839764587,-0.7722898120568366,6.492959999999999,7.15392,0.47555496995858326,,-19.32013685181136,24.813195,59.475497,15.017443549356916,42.30868562099934,192.30330680829758,4.801732622995416,0.003488219924694149,5.574594681280243
2026-09-16T18:31:01+03:00,12.03,290.12,29.9987742008224,20.37312,150.99729732877717,139.56678931591725,0.9709915754082061,6.0264,6.201359999999999,-0.045836623610465865,,-21.81250326063044,24.813253,59.475445,15.450683835230487,41.24427285452822,192.24157018330538,4.5312845726241795,0.0035923149873160055,5.578186996267559
2026-09-16T18:31:03+03:00,11.77,290.12,27.684024708493872,21.83112,144.99842921375745,141.38306552648194,0.13962981467338162,6.35688,7.23168,-0.18907607239317165,,-25.347652856587622,24.81331,59.475395,16.468933875810713,38.014767626195976,183.01319683995342,5.008280905070234,0.003472825014137656,5.581659821281696
2026-09-16T18:31:05+03:00,11.73,290.12,22.928475008908045,23.85288,150.99729732877717,144.1447220990125,1.0341315244316227,6.74568,7.542719999999999,0.6474423084978302,,-18.134114215890555,24.813374,59.475341,17.834845463544,31.40195581038998,182.39925313916714,5.7576605679961315,0.003788527135419278,5.585448348417115
2026-09-16T18:31:07+03:00,11.88,290.12,28.70388958382674,23.83344,148.99767462377056,141.0106429596469,-4.140708689630946,6.59016,7.13448,0.09167324722093173,,-17.463753595587495,24.81343,59.47529,18.32848365011055,38.64813601281,187.64581063658056,5.146888965211597,0.0035100026805095393,5.588958351097625
2026-09-16T18:31:09+03:00,11.88,290.11,22.939934164810655,22.12272,143.9957530722785,137.18901446612432,1.9724072097378589,5.94864,6.6679200000000005,-0.6589014644004466,,-25.485162727419016,24.813487,59.475241,16.805246874516886,30.870182527483934,174.86593559976242,5.105908324844944,0.0034209443805765004,5.592379295478201
2026-09-16T18:31:11+03:00,11.47,290.12,19.95482405217907,20.625839999999997,141.99613036727192,142.63784309781846,3.0193729887804124,5.5598399999999994,7.795439999999999,-0.22345354010102106,,-28.52183904161238,24.813553,59.475199,15.516257139441654,26.979011575899364,168.97514194317128,4.9547780073802885,0.0032300461648081713,5.5956093416430095
2026-09-16T18:31:13+03:00,11.43,290.12,26.349033045839057,24.37776,154.9965427387903,143.5144685243686,-3.0994724885397016,7.1928,7.36776,0.8193296470370772,,-15.727691476341098,24.81361,59.475148,18.21419713625385,36.44352302563627,191.44006576442658,5.786196116208116,0.0035249772284580024,5.599134318871467
2026-09-16T18:31:15+03:00,11.58,290.12,30.142013649605104,24.3972,152.99692003378374,138.04272158086923,-0.2889999118639872,6.045839999999999,6.68736,0.7620338675239948,,-14.32967445622189,24.813657,59.475095,19.407774792966265,39.14154570373955,192.1384657375233,4.689086360015549,0.003493942634046543,5.602628261505513
2026-09-16T18:31:17+03:00,11.51,290.12,28.096554320988066,22.82256,139.99650766226534,138.8448624940524,1.1794336212767995,6.14304,6.37632,-0.16615776058793874,,-23.46262171060721,24.813734,59.475049,17.642280131806743,37.53499384391111,177.53150150617645,4.8713163768717065,0.003629201460637927,5.606257462966151
2026-09-16T18:31:19+03:00,11.28,290.12,24.819235732839758,21.617279999999997,139.99650766226534,139.70429918674864,1.4541095882625164,5.851439999999999,6.1624799999999995,0.3781521447863433,,-28.367140436927055,24.813803,59.475004,16.49024596017497,33.385176687075386,173.38168434934073,4.8858953676887165,0.003428367382004414,5.609685830348155
2026-09-16T18:31:21+03:00,11.28,290.11,23.88531452677652,22.375439999999998,144.99842921375745,151.98851431435347,8.661918651008273,6.29856,6.2208000000000006,0.05156620156177409,,-17.469483173538798,24.813868,59.474957,16.810880791424534,32.61119189791748,177.60962111167493,5.305574001438077,0.0034523779825403125,5.613138208330696
2026-09-16T18:31:23+03:00,11.28,290.11,21.496080521080984,24.63048,171.99620052032182,170.68412716947225,12.175754216986586,5.3654399999999995,5.7348,-0.11459155902616464,,-3.896113006889598,24.813889,59.474908,19.73641925320259,27.213243159576706,199.20944367989853,4.771543188312932,0.0030142496206573854,5.616152457951354
2026-09-16T18:31:25+03:00,10.98,290.12,-17.538674624489307,21.111839999999997,185.99928903331917,198.16318302394652,13.358797472372709,5.03496,4.82112,-0.29793805346802804,,-2.5840396560400127,24.813886,59.474867,16.381355008898254,22.853172299552966,163.1461167337662,4.6397313889441065,0.0024661177189739553,5.618618575670328
2026-09-16T18:31:27+03:00,11.36,290.11,-18.254871868402834,19.71216,212.99706033988352,218.06773682679133,8.779489590569119,3.73248,4.1796,0.4640958140559668,,9.356400794486342,24.813855,59.474832,16.20974675328154,22.39110219833958,190.60595814154394,3.4510704211658645,0.0023068508495041485,5.6209254265198325
2026-09-16T18:31:29+03:00,11.32,290.11,-33.157504119755544,20.2176,250.9956213129597,226.1235234263307,-0.3523117482259432,5.07384,4.16016,-0.6073352628386726,,20.185303122458905,24.813785,59.474819,16.209253831922272,43.01536734385013,207.98025396910958,3.7098434287536404,0.0022754561045149175,5.623200882624348
2026-09-16T18:31:31+03:00,11.36,290.1,-30.80264758176786,19.69272,246.9963759029466,222.20449210763587,0.896449766261686,4.62672,4.548959999999999,-0.9797578296737078,,18.517995938628204,24.813704,59.474809,15.89621833698112,39.37427371284514,207.62210219010146,3.5765401308843487,0.0025449106871039823,5.625745793311451
2026-09-16T18:31:32+03:00,11.58,290.09,-33.478360485028816,20.489759999999997,242.99713049293345,223.92909507097966,-0.6096270940191959,4.723920000000001,4.996079999999999,-0.16615776058793874,,17.595533888467582,24.813632,59.474793,16.753459684545728,42.426424696948715,200.57070579598474,3.486934504557195,0.002399320583353458,5.628145113894805
2026-09-16T18:31:34+03:00,11.58,290.11,-39.35117788511974,20.684160000000002,241.99445435145452,222.4394048036395,-0.5133128886577045,4.996079999999999,4.957199999999999,-1.1974817918234204,,24.24184431198513,24.813559,59.474773,17.116524902229155,50.016794528277046,191.97765982317748,3.210296349238998,0.002532223736931999,5.630677337631736
2026-09-16T18:31:36+03:00,11.66,290.1,-25.680404893298302,20.52864,243.9998066344124,217.95887484571648,-2.1293976456037043,5.46264,5.2488,-1.0485127650894066,,24.16163022066682,24.813472,59.474753,15.784095250749372,34.30595694183813,209.69384969257428,4.512357513444055,0.002915474955548202,5.633592812587285
2026-09-16T18:31:42+03:00,11.96,290.1,-36.79005654088496,20.64528,229.99671812141503,217.4890494537092,-0.31810616785663304,5.151599999999999,5.7153599999999996,-0.6818197762056798,,16.896525378407976,24.813399,59.474724,16.805324375796577,47.36873222614642,182.6279858952686,3.489063159993269,0.0028293949190360424,5.636422207506321
2026-09-16T18:31:44+03:00,11.88,290.1,-30.241148942539663,21.325680000000002,237.99520894144138,216.63534233896428,-1.0371682007458163,4.957199999999999,5.46264,-0.13178029288008933,,13.35564620449949,24.813323,59.474697,17.224985473863857,38.57514671346456,199.4200622279768,3.87549444526848,0.002831513785654076,5.6392537212919756
2026-09-16T18:31:46+03:00,12.07,290.09,-19.28046632168701,20.9952,232.9990169679006,217.9187678000573,0.849811001738037,5.07384,5.22936,-0.6302535746439055,,18.89614808341455,24.813247,59.474671,16.2923006558277,25.182649614968426,207.81636735293216,4.591601677231493,0.0027974976446155813,5.642051218936591
2026-09-16T18:31:48+03:00,12.18,290.09,-27.91494029430851,18.31248,238.99788508292028,217.59218185683275,0.49222804179689017,5.42376,5.1710400000000005,-0.8995437383553924,,18.775826946437075,24.813168,59.474647,13.756188523805832,38.5518899571594,200.44599512576087,4.241619264971624,0.0028103596489698094,5.6448615785855605
2026-09-16T18:31:50+03:00,12.33,290.09,-29.633813679700985,18.77904,235.9955862364348,220.47415956634077,2.579398697899453,5.20992,5.65704,-0.4068000345428845,,16.363674628936312,24.813079,59.47462,14.481526636250281,39.880502266049916,196.1150839703849,3.9980060841415663,0.0031649320768876474,5.648026510662448
2026-09-16T18:31:52+03:00,12.41,290.09,-29.74840523872715,19.07064,240.99750778792685,219.83244683579426,-0.7772172490949617,5.42376,5.52096,-0.813600069085769,,16.197516868348373,24.812986,59.474594,14.611641785489791,40.36195691317798,200.63555087474887,4.132734143690219,0.0032409678148738884,5.651267478477322
2026-09-16T18:31:54+03:00,12.63,290.08,-36.48638890946563,20.19816,236.99826237791373,218.06200724884002,-0.3538587342727964,5.754239999999999,5.6376,-0.6187944187412892,,14.209353319244416,24.812902,59.474567,15.943258142939817,48.879299864304215,188.11896251360952,3.7842612881802475,0.003034892269515682,5.654302370746837
2026-09-16T18:31:56+03:00,12.78,290.09,-31.977211061786054,18.195839999999997,234.99863967290713,222.01541603524268,1.9202680503809542,5.443199999999999,5.69592,-0.7620338675239948,,17.228840899583854,24.812816,59.474543,13.881203666536233,43.96267752131547,191.03596215159166,3.917972621349875,0.0029957817727832635,5.657298152519621
2026-09-16T18:31:58+03:00,12.78,290.09,-31.536033559535316,18.195839999999997,240.99750778792685,220.94398495834804,-0.8298147746879713,5.346,5.890319999999999,-1.770439586954244,,24.751776749651565,24.812738,59.47452,13.923045452073975,43.12144149837218,197.87606628955467,3.9020802962650847,0.00275354691054715,5.660051699430168
2026-09-16T18:32:00+03:00,13.08,290.09,-28.843131922420444,19.45944,239.99483164644792,218.37713403616198,0.19406080521080982,5.57928,6.08472,-2.079836796324888,,27.181117801006252,24.81263,59.474494,14.81878294730254,39.30778164211344,200.68705000433448,4.316991220227885,0.0036488554801452,5.663700554910314
2026-09-16T18:32:02+03:00,13.23,290.09,-31.91991528227297,19.439999999999998,235.9955862364348,218.136491762207,1.3211260840126522,5.94864,6.0264,-1.3521803965087429,,24.092875285251115,24.812537,59.474466,14.730566452343593,44.2485254832998,191.747060753135,4.261129215554257,0.003300625735120301,5.667001180645434
2026-09-16T18:32:04+03:00,13.23,290.09,-27.473762792057784,19.20672,239.99483164644792,219.7293144326707,-0.6974615240127511,6.08472,5.9292,-1.627200138171538,,26.241467016991702,24.812451,59.47444,14.090670998688674,38.965095540173024,201.0297361062749,4.7310474603772175,0.0030554940378075103,5.6700566746832415
2026-09-16T18:32:06+03:00,13.46,290.1,-42.53109364809582,18.83736,238.99788508292028,218.56621010855517,1.0693684288321685,6.0264,5.98752,-2.0511889065683473,,24.24757388993644,24.812351,59.47441,14.961727382649505,58.331112056711206,180.66677302620906,3.163917712023915,0.0035457729327707742,5.6736024476160125
2026-09-16T18:32:08+03:00,13.53,290.09,-32.1490984003253,18.40968,238.99788508292028,214.38361820410012,-2.3318809304029378,6.045839999999999,6.4152,-1.1860226359208041,,19.463376300594064,24.812264,59.474383,13.674693477739188,45.756177254281795,193.24170782863848,4.218262547328073,0.0031126843311844793,5.676715131947197
2026-09-16T18:32:10+03:00,13.68,290.09,-29.52495169862613,19.303919999999998,233.99596353142817,214.87063232996132,0.5885995429378946,5.98752,6.08472,-0.5844169510334397,,18.042440968669624,24.812168,59.474347,14.399491436062645,41.34944773957574,192.64651579185244,4.494796867428593,0.003643144782976662,5.680358276730174
2026-09-16T18:32:12+03:00,13.72,290.09,-28.39622484221841,19.439999999999998,233.99596353142817,215.97644087456382,-0.5487789761763024,6.006959999999999,6.37632,-0.05729577951308232,,10.95495304290134,24.812088,59.474315,14.441170090662325,39.805550817695234,194.19041271373294,4.614675858472871,0.003108863597798797,5.683467140327973
2026-09-16T18:32:14+03:00,13.98,290.09,-27.347712077129003,19.61496,230.99939426289401,220.88095960088367,1.771356319426453,5.6181600000000005,6.35688,-0.7792226013779195,,19.497753768301912,24.812003,59.474279,14.850704169925633,37.356038341168045,193.64335592172597,4.465765331921553,0.0032432610492746936,5.686710401377248
2026-09-16T18:32:18+03:00,14.43,290.09,-28.682703739783822,25.54416,237.99520894144138,212.9741420280783,0.9308845297490486,5.754239999999999,5.851439999999999,-3.346073523564008,,28.957286965911806,24.811711,59.474205,20.681252812402043,36.35697157655639,201.638237364885,4.634115156760902,0.0035397861534318597,5.69025018753068
2026-09-16T18:32:20+03:00,14.47,290.09,-33.40960554961312,23.79456,228.9997715578874,214.98522388898752,1.9010739642440715,5.832,5.90976,-2.9965692685342056,,26.808695234171218,24.811621,59.474171,19.196756517064408,43.03927453831977,185.96049701956764,4.262527387704018,0.0034244065005508487,5.69367459403123
2026-09-16T18:32:22+03:00,14.58,290.1,-34.73886763431662,23.28912,236.99826237791373,213.8622266105311,-0.7085769052382891,5.90976,6.24024,-2.9450030669724314,,27.65667277096484,24.811527,59.474136,18.737829280711896,45.09243638663136,191.90582599128237,4.1720841464982055,0.0035583555819225965,5.697232949613153
2026-09-16T18:32:24+03:00,14.73,290.1,-26.568489475751083,23.19192,232.9990169679006,209.771307953297,-2.3168121403909967,6.318,6.1624799999999995,-2.9220847551671985,,27.278520626178498,24.811433,59.474105,17.767258663396838,35.72009220155687,197.27892476634372,5.12945053391546,0.0034217093717078917,5.700654658984861
2026-09-16T18:32:26+03:00,14.85,290.1,-25.42257388548943,23.65848,228.9997715578874,208.3904796670317,-0.1552715624804531,6.39576,6.14304,-2.6012283898939375,,25.565376818737334,24.811342,59.474064,18.091603164384665,34.15170277362802,194.8480687842594,5.292837321687422,0.0037137729284089653,5.704368431913269
2026-09-16T18:32:28+03:00,14.88,290.1,-28.046720587188606,24.45552,226.99441927492956,209.82860373281008,1.6309243638398885,6.25968,6.68736,-2.1600508876432034,,22.29951738649164,24.811263,59.474025,19.158380107194237,36.88390558845424,190.11051368647531,5.006825612678589,0.0033634147793035244,5.707731846692573
2026-09-16T18:32:30+03:00,15.03,290.11,-25.439762619343362,21.83112,229.99671812141503,208.50507122605788,-1.6943507917608704,6.337439999999999,6.29856,-2.0511889065683473,,21.239545465499617,24.811179,59.473986,16.33659491638901,35.03225571176529,194.96446240964974,5.189279715460116,0.0034745131337236956,5.7112063598262965
2026-09-16T18:32:32+03:00,15.03,290.1,-31.32403917533691,22.861439999999998,235.9955862364348,209.771307953297,2.0766855284516685,5.754239999999999,6.72624,-1.776169164905552,,18.592480451995215,24.811098,59.473957,18.193559396195862,40.787949872697396,195.2076363637374,4.356721901989127,0.0030255680713356593,5.714231927897632
2026-09-16T18:32:33+03:00,15.18,290.11,-26.24763311047782,22.27824,234.99863967290713,212.08605744562553,-0.6043558823039924,6.1236,6.57072,-1.380828286265284,,15.727691476341098,24.811,59.473923,17.003096036548403,35.41246398294558,199.58617568996155,4.99074478391184,0.0036233366663995384,5.717855264564032
2026-09-16T18:32:35+03:00,15.33,290.11,-28.88323896807961,20.586959999999998,237.99520894144138,212.12043491333336,0.37253715839406126,6.39576,6.492959999999999,-0.6302535746439055,,14.52448010656637,24.810902,59.473881,15.30189279935267,40.530821704278964,197.4643872371624,4.861138905227866,0.0039147483674825964,5.721770012931515
2026-09-16T18:32:37+03:00,15.33,290.11,-29.69110945921407,21.1896,235.9955862364348,214.95657599923098,0.12003465807990746,6.35688,6.76512,-0.9224620501606254,,21.147872218278685,24.810813,59.473849,15.980596887140623,41.054654544913575,194.94093169152123,4.793617817855016,0.003329106115154665,5.72509911904667
2026-09-16T18:32:39+03:00,15.48,290.11,-21.606674969918153,19.51776,234.99863967290713,214.2002717096583,-0.22522970926592656,6.37632,6.25968,-1.2261296815799616,,24.723128859895024,24.810718,59.473811,13.79082892540876,31.409375531108026,203.5892641417991,5.441969334735263,0.0036918093130880853,5.728790928359758
2026-09-16T18:32:41+03:00,15.63,290.11,-26.408061293114454,21.53952,233.99596353142817,212.45848001246054,0.12862902500686982,6.57072,6.25968,-1.478231111437524,,21.388514492233632,24.810632,59.473777,15.924903302879073,36.982417425789805,197.01354610563837,5.248823560383178,0.0033272395148868836,5.732118167874645
2026-09-16T18:32:43+03:00,15.78,290.12,-28.195689613922617,20.33424,234.99863967290713,214.5841534323959,-0.21222356731645692,6.43464,6.82344,-1.3636395524113596,,23.1761428130418,24.810541,59.473739,14.975010005596905,39.90946562609548,195.08917404681165,4.935749616361618,0.003596664058502559,5.735714831933147
2026-09-16T18:32:45+03:00,15.78,290.12,-23.42868075843417,19.55664,234.99863967290713,214.1658942419504,-1.185850748582265,6.78456,6.43464,-2.469448097013848,,23.53137664602291,24.810449,59.473702,13.601616515378614,34.86792064102909,200.13071903187804,5.566542097895807,0.003582683080171043,5.739297515013318
2026-09-16T18:32:47+03:00,15.93,290.13,-29.473385497064353,19.65384,233.99596353142817,214.14297593014518,1.0687381752575245,6.648479999999999,6.940079999999999,-1.3178029288008932,,20.15665523270236,24.810356,59.473668,14.24641716833803,42.74774567324252,191.24821785818565,4.882306079385709,0.003498359963225847,5.742795874976544
2026-09-16T18:32:49+03:00,16.2,290.12,-34.03412954630571,20.003759999999996,233.99596353142817,215.57537041797224,0.9991238031491294,6.53184,6.76512,-1.793357898759477,,18.483618470920355,24.810272,59.473632,15.04181102641896,48.10024861508603,185.89571491634214,4.362154303328689,0.003355513220695847,5.74615138819724
2026-09-16T18:32:51+03:00,16.08,290.13,-29.181177021547633,20.0232,235.9955862364348,217.8500128646416,3.2633384179471165,6.0264,6.5124,-1.3922874421679003,,13.728068771334526,24.810175,59.473598,15.051251506186798,40.43876724652071,195.5568189899141,4.586690658938087,0.003598190560179063,5.749749578757419
2026-09-16T18:32:53+03:00,16.31,290.14,-29.100962930229322,18.09864,244.99675319794,222.8347456822798,1.186652889495448,6.337439999999999,6.72624,-1.6844959176846201,,17.171545120070775,24.810081,59.473568,12.933835912626627,42.88756026485049,202.1091929330895,4.64338319631801,0.0033893904905016314,5.753138969247921
2026-09-16T18:32:55+03:00,16.38,290.13,-35.89051280252957,18.44856,238.99788508292028,223.95774296073617,0.4469643759815552,6.4152,6.9984,-2.142862153789279,,21.915635663753985,24.809979,59.473535,13.774700495265419,51.73485496642246,187.26303011649782,3.9729430537148556,0.003692210066505156,5.7568311793144264
2026-09-16T18:32:57+03:00,16.53,290.13,-29.473385497064353,18.62352,241.99445435145452,217.21975928999768,-4.6259466463272405,6.8623199999999995,6.62904,-0.8021409131831525,,12.736851785758201,24.80987,59.473508,13.092158415132948,44.41854075526089,197.57591359619363,4.901386210417322,0.0037025045310968476,5.760533683845523
2026-09-16T18:32:59+03:00,16.72,290.13,-29.32441647033034,19.28448,229.99671812141503,216.89890292472444,3.292845744396354,6.4152,6.68736,-0.47555496995858326,,10.909116419290877,24.80977,59.473472,14.04719117968981,42.24882553990881,187.74789258150622,4.748735746707152,0.0037421577860278503,5.764275841631551
2026-09-16T18:33:01+03:00,16.76,290.13,-29.547870010431367,18.99288,234.99863967290713,220.9840920040072,2.415532768492038,6.045839999999999,6.337439999999999,-1.5870930925123803,,15.979792906198659,24.809676,59.47344,14.053254718132603,41.79671233670007,193.20192733620706,4.507259839694895,0.0034548565931244793,5.767730698224675
2026-09-16T18:33:03+03:00,16.83,290.13,-27.9034811384059,19.59552,246.9963759029466,223.68845279702472,-0.2590915149581583,6.337439999999999,7.07616,-1.1631043241155712,,19.77277350996471,24.809569,59.473413,14.305697391597988,39.86866175430154,207.12771414864505,4.864085848011952,0.003647727655613963,5.771378425880289
2026-09-16T18:33:05+03:00,17.13,290.13,-28.84886150037176,21.03408,242.99713049293345,223.37905558765405,0.0865166270647543,6.53184,6.901199999999999,-0.9281916281119336,,20.758260917589727,24.809465,59.473385,15.63383196044604,40.478791970293486,202.51833852263997,4.968419971711903,0.0035936888564258975,5.774972114736714
2026-09-16T18:33:07+03:00,17.21,290.12,-29.06658546252147,21.209039999999998,242.99713049293345,221.78623291719035,1.5891557405748515,6.39576,6.84288,-0.7563042895726866,,18.46642973706643,24.809371,59.473362,15.924868315654786,40.318188597411506,202.67894189552194,4.876530147516891,0.003185540802250627,5.778157655538965
2026-09-16T18:33:09+03:00,17.28,290.13,-31.44436031231439,20.19816,241.99445435145452,224.99479656992298,1.7299314708384947,6.901199999999999,6.55128,-1.8277353664673262,,23.84650343334486,24.809269,59.473333,14.756328583445907,45.565531610739384,196.42892274071514,4.831482027410903,0.003568826665783206,5.781726482204748
2026-09-16T18:33:11+03:00,17.47,290.12,-33.655977401519365,19.75104,243.9998066344124,228.0200137282137,-0.9515683061532713,6.492959999999999,7.1928,-2.6986312150661775,,24.654373924479327,24.809158,59.473303,14.790832456633668,47.73665626177805,196.26315037263436,4.366769995486516,0.003838831898174716,5.785565314102922
2026-09-16T18:33:13+03:00,17.73,290.13,-31.942833594078206,21.131279999999997,243.9998066344124,222.36492029027247,-1.4728453081632944,6.7068,6.62904,-2.8762481315567325,,25.41067821405201,24.809045,59.473283,15.842541441230772,44.885640916394806,199.1141657180176,4.751879912696274,0.003653461529280764,5.789218775632203
2026-09-16T18:33:15+03:00,17.73,290.13,-32.55016885691688,21.85056,239.99483164644792,223.21862740501743,1.7569750787686695,6.43464,6.18192,-2.389234005695533,,20.31135383738768,24.808932,59.473253,16.787538649178543,44.45163160093037,195.54320004551755,4.593315604782931,0.0038928482567184516,5.7931116238889215
2026-09-16T18:33:17+03:00,17.73,290.13,-42.049809100185925,19.964879999999997,242.99713049293345,228.78777717368902,5.452610153141992,6.43464,6.37632,-2.3777748497929165,,20.070711563432738,24.808834,59.473224,15.78643901453318,57.89294381093663,185.10418668199682,3.4200298314843747,0.0034627828433477312,5.796574406732269
2026-09-16T18:33:19+03:00,18.0,290.13,-34.297690132065895,18.97344,249.9986747494321,234.51162554704595,1.1551402107632527,6.804,6.6095999999999995,-2.6986312150661775,,23.244897748457497,24.808722,59.473201,13.892054748390109,50.31843779082473,199.68023695860737,4.344491383296632,0.0036883834357261565,5.800262790167995
2026-09-16T18:33:21+03:00,18.03,290.13,-36.78432696293366,19.59552,255.99754286445182,236.43676373868553,-1.8768951452895508,6.8623199999999995,7.251119999999999,-3.3403439456126995,,26.946205105002615,24.808602,59.473183,14.68611306475363,53.032652018605845,202.96489084584596,4.126723347519939,0.0038201587134816446,5.804082948881477
2026-09-16T18:33:23+03:00,18.07,290.14,-40.073104706984594,19.65384,253.99792015944524,230.82750692435474,-3.6971247646406633,7.095599999999999,7.29,-3.6382819990807276,,29.593270118507018,24.808475,59.473167,14.939585875036125,57.87686727967326,196.12105287977198,3.7730182821332234,0.003994952142655052,5.808077901024132
2026-09-16T18:33:25+03:00,18.3,290.14,-42.90351621493086,21.17016,251.9982974544387,227.8137489219666,0.6225759401891525,6.59016,7.056719999999999,-3.6210932652268033,,29.409923624065154,24.808366,59.473144,16.947462161910735,58.25391447913387,193.74438297530483,3.467451077564557,0.003603635974334507,5.811681536998466
2026-09-16T18:33:27+03:00,18.18,290.14,-34.601357763485225,20.29536,245.99942933941892,228.0830390856781,1.734285950081489,6.804,7.23168,-3.517960862103255,,26.075309256403767,24.808247,59.473117,15.194294250323223,49.3328156328067,196.66661370661222,4.43392241667718,0.003979210412842366,5.815660747411308
2026-09-16T18:33:29+03:00,18.22,290.14,-48.12889130652397,19.964879999999997,244.99675319794,237.3019300093331,3.29760129409594,6.72624,6.95952,-3.0424058921446715,,24.167359798618126,24.808134,59.473092,16.265761552301125,66.0632944772073,178.9334587207327,2.729018549639405,0.0037630871524878444,5.819423834563796
2026-09-16T18:33:31+03:00,18.33,290.14,-49.870683003721666,20.74248,253.99792015944524,240.87718665094943,-1.1364617866419877,6.68736,7.270560000000001,-1.9595156593474157,,23.388137197240205,24.808012,59.473076,17.209497152835958,67.15474089078307,186.84317926866217,2.596325149239034,0.003846970780322742,5.823270805344119
2026-09-16T18:33:33+03:00,18.33,290.14,-60.24694867354087,19.167839999999998,260.9994644159439,242.32104029467908,-1.3130473791013078,6.74568,7.03728,-1.380828286265284,,18.76436779053446,24.807892,59.473066,16.869399231176786,80.56077235529077,180.43869206065315,1.106300843049294,0.003712736285407262,5.826983541629526
2026-09-16T18:33:35+03:00,18.33,290.14,-56.65450329807061,20.43144,258.99984171093735,242.90545724571248,0.39430955460903255,7.07616,7.17336,-1.2375888374825783,,15.676125274779325,24.807763,59.473057,17.566238251051406,76.3189070316101,182.68093467932727,1.6736358973094054,0.003975518357612136,5.830959059987139
2026-09-16T18:33:37+03:00,18.33,290.14,-58.49942739839186,20.606399999999997,264.998709825957,240.67665142265358,-3.9170832621913863,6.84288,7.542719999999999,-1.3693691303626676,,15.383916799262606,24.807638,59.473046,18.002618876679495,77.40991255152626,187.58879727443076,1.4915726488047667,0.0038732668808564973,5.834832326867995
2026-09-16T18:33:39+03:00,18.48,290.13,-53.71522980904949,17.534879999999998,258.99984171093735,237.3305778990896,-0.9438906716985181,6.76512,7.32888,-1.8105466326134017,,12.3873475307284,24.807509,59.473035,14.588827801407877,75.6652342313448,183.33460747959253,1.6749553852487136,0.0039936553429497056,5.838825982210945
2026-09-16T18:33:41+03:00,18.48,290.14,-47.23507714611988,18.91512,255.99754286445182,233.5032198276157,-2.258599628405705,6.6679200000000005,6.68736,-1.7647100090029357,,15.762068944048947,24.807391,59.473023,15.197626939813343,66.02532388440846,189.97221898004335,2.7093948026359187,0.0036741942871455304,5.842500176498091
2026-09-16T18:33:43+03:00,18.48,290.14,-45.04064879076883,18.72072,251.9982974544387,227.34965310791065,-0.7860980949194895,6.57072,6.940079999999999,-0.6302535746439055,,11.825848891500192,24.807274,59.473007,14.825745713680572,63.31754412260261,188.6807533318361,2.950551753783005,0.003699365470763185,5.846199541968854
2026-09-16T18:33:45+03:00,18.48,290.14,-39.39128493077891,19.22616,239.99483164644792,224.82863880933502,-3.4028536410614723,6.901199999999999,6.43464,-0.6130648407899808,,14.301026566465348,24.807165,59.47298,14.566676529398185,56.888426461118144,183.10640518532978,3.7699265708214935,0.003702551276632541,5.849902093245487
2026-09-16T18:33:47+03:00,18.63,290.14,-26.79767259380341,19.167839999999998,240.99750778792685,214.98522388898752,-4.799667449810906,6.648479999999999,6.7068,-0.5958761069360561,,11.579477039593938,24.807056,59.472957,13.568595699786407,39.560033344077254,201.4374744438496,5.125696784271027,0.003603652984688666,5.853505746230176
2026-09-16T18:33:49+03:00,18.78,290.14,-33.11166749614509,20.19816,229.99671812141503,211.14067708365965,1.9399777985334543,5.87088,6.62904,0.2864788975654116,,5.597797658428142,24.806966,59.47292,15.613592646684173,44.964840371120545,185.03187775029448,4.1538857523017665,0.0035350635148970956,5.857040809745072
2026-09-16T18:33:51+03:00,18.78,290.13,-26.551300741897162,18.42912,232.9990169679006,211.8110377039627,-3.449320518246582,6.0652800000000004,6.5124,-0.6875493541569879,,6.801009028202872,24.806883,59.472885,13.2831449106367,38.328488901754355,194.67052806614623,4.758018700744848,0.0032935647894573442,5.8603343745345295
2026-09-16T18:33:53+03:00,18.78,290.14,-27.193013472443678,18.74016,228.9997715578874,212.46420959041188,0.6139242774826771,5.851439999999999,6.24024,-0.5557690612768985,,7.62033867523995,24.806799,59.472851,13.79707943328263,38.36837500014792,190.6313965577395,4.587740705409918,0.003279323433932891,5.8636136979684625
2026-09-16T18:33:55+03:00,18.9,290.14,-20.953503083469013,18.97344,235.9955862364348,212.71631102026944,0.010542423430407146,5.6181600000000005,5.98752,-0.865166270647543,,10.23875579898781,24.806713,59.472821,13.873055400283068,29.28042364966808,206.71516258676672,4.900363819851195,0.003185278911374805,5.866798976879838
2026-09-16T18:33:57+03:00,19.08,290.14,-30.842754627427023,19.65384,229.99671812141503,211.4386151371277,0.6147264183958603,5.598719999999999,5.832,-0.7677634454753031,,8.852197934771219,24.806632,59.472791,15.121825752906506,41.784831592164494,188.21188652925053,4.174699175516752,0.003060661272279686,5.869859638152118
2026-09-16T18:33:59+03:00,19.08,290.13,-33.36949850395395,19.342799999999997,230.99939426289401,211.69644614493654,-1.0077181700760918,5.50152,6.006959999999999,-0.6531718864491385,,7.081758347816976,24.806548,59.472757,15.055495714504099,44.96447734708542,186.0349169158086,3.8925732019315724,0.0032793290143021407,5.87313896716642
2026-09-16T18:34:01+03:00,19.08,290.13,-18.610105701383947,18.99288,227.99709541640848,214.2117308655609,3.3779872727527946,5.773680000000001,5.9292,-0.8021409131831525,,9.33348248268111,24.806467,59.472722,13.646057974684696,26.370065863606527,201.62702955280196,5.172893591887522,0.003246825558816792,5.8763857927252365
2026-09-16T18:34:03+03:00,19.23,290.15,-22.87291169715727,19.88712,237.99520894144138,215.73006902265757,0.9543185035698992,5.69592,5.773680000000001,-0.9568395178684748,,12.21546019218915,24.806388,59.472691,14.805540133015347,31.472858615088768,206.5223503263526,4.857979422746495,0.003047913173985292,5.879433705899221
2026-09-16T18:34:05+03:00,19.38,290.15,-19.784669181402133,21.2868,234.99863967290713,213.5241815114039,-1.8063067449294332,5.90976,6.006959999999999,-0.8594366926962348,,11.298727719979832,24.806302,59.472659,15.852600656676591,27.033904320672008,207.96473535223512,5.264046165574894,0.0032548535615545223,5.882688559460776
2026-09-16T18:34:07+03:00,19.38,290.15,-23.709430078048275,20.87856,231.99634082642166,212.131894069236,-0.8121676745979419,5.7348,5.7153599999999996,-0.962569095819783,,9.849144498298852,24.806213,59.472626,15.797008696631579,32.103122092137795,199.89321873428386,4.857908728785888,0.0033642715106211346,5.886052830971398
2026-09-16T18:34:09+03:00,19.57,290.15,-21.78429188640871,18.91512,236.99826237791373,213.3866716405725,0.7025035526099023,5.46264,5.754239999999999,-1.403746598070517,,14.868254783644863,24.80613,59.472595,13.990239541540761,30.11608034678281,206.88218203113092,4.725241695202186,0.0031454513993974796,5.889198282370796
2026-09-16T18:34:11+03:00,19.68,290.14,-27.74305295576927,21.209039999999998,235.9955862364348,213.0314378075914,-2.1933397355403046,5.5404,5.773680000000001,-1.970974815250032,,20.609291890855715,24.806047,59.472564,16.508253348657284,36.73123340264195,199.26435283379286,4.440352163303506,0.003145453272177854,5.8923437356429735
2026-09-16T18:34:13+03:00,19.68,290.16,-16.71934497745223,20.606399999999997,233.99596353142817,208.36756135522648,-2.152602436306503,5.65704,5.50152,-2.291831180523293,,22.414108945517803,24.805962,59.472531,15.275449729633829,22.835217985238756,211.16074554618942,5.21366826427466,0.0032664292784055676,5.895610164921379
2026-09-16T18:34:15+03:00,19.91,290.15,-23.85839910478229,19.36224,223.99785000639537,206.2075104675833,-0.18030981812767005,5.57928,5.42376,-1.919408613688258,,19.600886171425465,24.805887,59.472496,14.437185346146286,32.85125010962446,191.1465998967709,4.687051129960871,0.003109570168691741,5.898719735090071
2026-09-16T18:34:17+03:00,20.02,290.15,-23.778185013463975,20.83968,227.99709541640848,206.9007893996916,0.7604295856976285,5.79312,5.6181600000000005,-1.6100114043176132,,16.747556351673964,24.805812,59.472462,15.712898329785562,32.32705372341499,195.6700416929935,4.89524103119178,0.0030692254150212358,5.901788960505092
2026-09-16T18:34:19+03:00,20.06,290.15,-12.198707973870034,22.1616,224.99479656992298,209.5077473675368,1.8570135097985112,5.48208,5.754239999999999,-1.3980170201192088,,14.965657608817102,24.80574,59.472426,16.843182322551534,16.142299908302135,208.85249666162085,5.265944382890676,0.003084618057336017,5.9048735785624284
2026-09-16T18:34:21+03:00,20.28,290.15,-22.1280665634872,21.03408,232.9990169679006,211.7308236126444,-0.15991252062101277,5.346,5.48208,-1.4266649098757496,,14.696367445105617,24.805667,59.472393,16.207429516971352,29.265327270600693,203.7336896972999,4.663664702058654,0.0029836502768218727,5.907857228839251
2026-09-16T18:34:23+03:00,20.28,290.15,-20.833181946491546,19.86768,228.9997715578874,214.81333655044824,2.754093529634841,5.52096,5.754239999999999,-1.6959550735872368,,16.833500020943585,24.805588,59.472359,14.83817018386573,28.43737818749193,200.56239337039548,4.854790485288243,0.003161393895231984,5.911018622734483
2026-09-16T18:34:25+03:00,20.4,290.15,-26.67735145682594,19.964879999999997,242.99713049293345,217.46040156395264,-1.1652242679575553,5.46264,5.754239999999999,-2.4121523175007655,,22.72350615488845,24.805504,59.47233,15.281828260431723,35.91253076568589,207.08459972724756,4.424265223997815,0.0031009822114290418,5.914119604945912
2026-09-16T18:34:27+03:00,20.51,290.15,-28.785836142907364,20.19816,237.99520894144138,213.6043956027222,-0.2522160214165884,6.0264,5.81256,-2.9908396905828973,,29.175010928061518,24.805412,59.472303,15.196125808470834,39.79496733733649,198.2002416041049,4.630322643166107,0.0032440705511466157,5.917363675497059
2026-09-16T18:34:29+03:00,20.73,290.15,-26.625785255264166,20.178720000000002,235.9955862364348,213.59866602477092,0.10691392457141162,5.7153599999999996,5.98752,-2.733008682774027,,31.357980127509954,24.805325,59.47227,15.285593888617365,36.27233763577408,199.72324860066072,4.607803314922605,0.003315168552094296,5.920678844049154
2026-09-16T18:34:31+03:00,20.7,290.16,-23.60056809697342,22.00608,235.9955862364348,210.60209675623668,-2.236769936411221,5.96808,6.4152,-2.5496621883321633,,29.919856061731586,24.80523,59.472243,16.708899691878464,31.822037119730737,204.17354911670407,5.071017610127634,0.0033237011358452427,5.924002545184999
2026-09-16T18:34:33+03:00,20.96,290.16,-21.755643996652168,22.394879999999997,227.99709541640848,208.01805710019667,0.2719257695690887,5.6376,5.69592,-1.5068790011940651,,26.05812052254984,24.805144,59.472208,17.28559283640462,28.698830234548325,199.29826518186016,4.945054484576065,0.0033645884753212975,5.92736713366032
2026-09-16T18:34:35+03:00,20.88,290.15,-20.913396037809854,21.44232,227.99709541640848,209.46191074392635,1.3165424216516055,5.832,5.48208,-1.386557864216592,,29.10052641469451,24.805067,59.472172,16.129433658444327,28.32904916429979,199.6680462521087,5.133541460507034,0.0031952210105911246,5.930562354670911
2026-09-16T18:34:37+03:00,20.96,290.15,-19.56694521925242,21.228479999999998,226.99441927492956,209.09521775504265,-3.0529483155750787,6.24024,6.24024,-1.5183381570966814,,28.246819299949582,24.804984,59.472135,15.49023882382175,27.32080266401013,199.67361661091942,5.544145283597007,0.0033716637969827814,5.933934018467895
2026-09-16T18:34:39+03:00,21.07,290.15,-17.710561963028553,22.12272,226.99441927492956,205.41109913235144,-0.74261059826906,5.87088,5.42376,-1.478231111437524,,27.93742209057894,24.804901,59.472097,16.626289543088525,23.87709189084245,203.1173273840871,5.3684258231744995,0.0034116127169286758,5.937345631184823
2026-09-16T18:34:41+03:00,21.22,290.15,-19.675807200327277,22.58928,224.99479656992298,200.52376913988553,-6.387276204338904,5.326560000000001,5.38488,-2.469448097013848,,22.6891286871806,24.804826,59.472059,17.664998349944252,25.50280572372742,199.49199084619556,4.807562373245363,0.00323431525029208,5.940579946435116
2026-09-16T18:34:43+03:00,21.33,290.16,-19.354950835054016,24.202799999999996,212.99706033988352,177.58253902284736,-5.486815733511302,5.9292,5.94864,0.24064227395494575,,0.08594366926962349,24.804767,59.472021,18.712163162926576,25.38296368501028,187.61409665487324,5.356811588763937,0.002908974387494216,5.94348892082261
2026-09-16T18:34:45+03:00,21.33,290.16,9.526992180798086,21.81168,197.9970252633586,164.48472382615674,-12.361220655270433,4.97664,5.2488,-0.3036676314193363,,-1.5183381570966814,24.804749,59.471976,16.92373602413895,12.316735952100004,210.3137612154586,4.862094205538595,0.002760115557346198,5.946249036379956
2026-09-16T18:34:47+03:00,21.37,290.15,17.737477385022782,17.67096,169.99657781531528,136.99993839373113,-9.886042980305277,4.276800000000001,4.510079999999999,0.8995437383553924,,-9.453803619658585,24.804745,59.471933,13.659752723510925,23.211031899118325,193.2076097144336,3.93063354760845,0.002587515629427021,5.948836552009383
2026-09-16T18:34:49+03:00,21.33,290.17,19.63396768690581,21.50064,145.99537577728506,135.13209598160466,6.024823103139146,4.35456,3.7713599999999996,0.9912169855763242,,-14.134868805877408,24.804774,59.471896,17.460674878928607,24.440896526319193,170.43627230360426,3.964341623341829,0.002393765343904044,5.9512303173532874
2026-09-16T18:34:51+03:00,21.45,290.16,18.55107745410855,22.00608,139.99650766226534,146.04694197884683,5.01257856648152,4.16016,3.888,0.4068000345428845,,-12.261296815799616,24.804827,59.471864,18.110509052365533,22.742111580196394,162.73861924246174,3.8367250529281605,0.0025136174439772357,5.953743934797265
2026-09-16T18:34:53+03:00,21.33,290.16,16.89522942618047,22.60872,162.99503355881663,147.685601272921,-3.066527415319679,3.81024,4.0824,0.911002894258009,,-10.27313326669566,24.804857,59.471832,18.995242510031098,20.23722358300779,183.23225714182442,3.5750281443941723,0.00213041160853695,5.9558743464058015
2026-09-16T18:34:55+03:00,21.41,290.16,18.45940420688762,20.87856,155.99921888026924,140.99918380374427,-2.712955159944448,3.7908,4.00464,0.7219268218648373,,-19.354514319519208,24.80488,59.471801,17.324433326613484,22.432218244362332,178.43143712463157,3.5039562523184853,0.0019912766613278884,5.957865623067129
2026-09-16T18:34:57+03:00,21.26,290.16,23.552999005600636,21.228479999999998,141.99613036727192,142.51179238288967,-1.2307706397205214,3.9074399999999994,4.29624,0.5500394833255903,,-25.679968377763498,24.804917,59.471772,17.715508807030027,28.609471307169343,170.60560167444126,3.430356553366689,0.0020771869933366195,5.959942810060466
2026-09-16T18:34:59+03:00,21.33,290.16,25.83910060817262,21.384,149.99462118729824,142.74670507889329,-0.434989558063321,4.23792,4.31568,0.641712730546522,,-21.64061592209119,24.804965,59.471736,17.6666038226163,31.84045399111926,181.8350751784175,3.600199583506617,0.002613471493671725,5.9625562815541375
2026-09-16T18:35:01+03:00,21.33,290.16,22.298221434264136,22.453200000000002,154.9965427387903,140.3632006511491,-4.210724132195933,4.41288,4.704479999999999,1.088619810748564,,-23.915258368760565,24.804994,59.471699,18.446456136527463,27.506074369745335,182.50261710853565,3.91405631737652,0.002393767253511591,5.9649500488076495
2026-09-16T18:35:03+03:00,21.3,290.16,25.35208648231142,20.470319999999997,145.99537577728506,134.41589873769115,0.8742190038106101,4.1796,4.510079999999999,-0.6245239966925973,,-31.19755194487332,24.80504,59.471666,16.788897022981082,31.47117913471908,177.46655491200414,3.5647928905124404,0.002430453374906831,5.967380502182556
2026-09-16T18:35:05+03:00,21.18,290.16,23.037336989982894,21.52008,141.99613036727192,139.72721749855384,2.149107393756205,4.78224,5.19048,0.3666929888837269,,-31.455382952682196,24.805096,59.471632,17.221210561050018,29.276020730074322,171.27215109734624,4.171423666514277,0.0026645934942134525,5.970045095676769
2026-09-16T18:35:07+03:00,21.18,290.16,26.165686551397194,21.384,150.99729732877717,142.57481774035404,-1.1145175030884773,5.2488,5.28768,0.08594366926962349,,-30.16622791363784,24.805149,59.471592,16.832969763491167,34.068968877859845,185.066266206637,4.347916189419734,0.002898166012566817,5.972943261689336
2026-09-16T18:35:09+03:00,21.3,290.16,22.980041210469814,20.76192,150.99729732877717,139.99650766226534,-0.052311046695444154,5.03496,5.65704,0.29793805346802804,,-31.804887207712,24.805194,59.471551,16.245890115208734,29.92967643224165,180.92697376101881,4.363489880946467,0.002821549474617977,5.975764811163954
2026-09-16T18:35:11+03:00,21.18,290.17,27.752779643909573,20.93688,147.99499848229166,137.98542580135617,-2.562782921840659,5.0544,5.3654399999999995,0.2578310078088704,,-30.114661712076067,24.80525,59.471508,16.631294079186766,35.888446162598825,183.8834446448905,4.094872033934576,0.0030990070844554613,5.978863818248409
2026-09-16T18:35:13+03:00,21.03,290.16,30.342548877900892,21.07296,145.99537577728506,135.60192137361193,1.166484775106843,5.67648,5.94864,-0.4526366581533504,,-30.275089894712696,24.805298,59.471467,16.426277814001462,40.39634213396863,186.3917179112537,4.323091839691888,0.0028672718905078816,5.981731090138917
2026-09-16T18:35:15+03:00,20.88,290.16,29.110689618369626,22.33656,146.99805191876402,138.58703148624352,-0.2595498811942629,6.37632,6.14304,0.2864788975654116,,-22.213573717222015,24.805359,59.471421,17.050252404738615,39.59328652713535,186.59133844589937,4.913515203427094,0.003333748743452956,5.985064838882369
2026-09-16T18:35:17+03:00,21.03,290.16,31.786402521630567,21.52008,152.99692003378374,133.73407896148544,-3.086752825487797,6.14304,6.5124,-0.1546986046853223,,-22.46567514707958,24.805418,59.47137,16.616506430822735,43.015842923647966,196.0127629574317,4.491576415916807,0.0035556187306722744,5.988620457613042
2026-09-16T18:35:19+03:00,20.88,290.16,24.761939953326674,21.772799999999997,139.99650766226534,135.06334104618895,1.634877772626291,6.08472,5.90976,0.21772396214971285,,-26.70556283104767,24.805488,59.471325,16.446203706194066,33.676680918243136,173.67318858050848,5.063581510705724,0.0034473544942747085,5.992067812107316
2026-09-16T18:35:21+03:00,20.81,290.16,25.667213269633372,22.375439999999998,141.99613036727192,137.96823706750223,-1.6722919166483337,5.96808,6.68736,0.14896902673401402,,-29.4385715138217,24.805553,59.47128,17.19172070317186,34.315297035937164,176.31142740320908,4.929322622722159,0.0033548458528981713,5.995422657960214
2026-09-16T18:35:23+03:00,20.73,290.16,31.769213787776646,22.33656,148.99767462377056,137.55570745500802,0.5857920497417537,6.24024,6.492959999999999,0.11459155902616464,,-30.515732168667643,24.805612,59.471233,17.345263963624507,42.687951826038955,191.68562644980952,4.586933232664921,0.0033505491689088773,5.998773207129123
2026-09-16T18:35:25+03:00,20.66,290.16,27.0079345102395,22.1616,145.99537577728506,140.8559443549616,3.099873558996293,6.14304,6.1624799999999995,-0.10313240312354818,,-32.30909006742712,24.805677,59.471188,16.920048474834967,36.49772479320538,182.49310057049044,4.938269945744494,0.00335484904965869,6.0021280561787815
2026-09-16T18:35:27+03:00,20.73,290.15,28.9559910136843,22.20048,151.9999734702561,143.3712290755859,-0.3373575497730287,6.24024,6.43464,0.10886198107485642,,-29.341168688649457,24.805739,59.471135,17.01074968250905,39.18607829359061,191.1860517638467,4.836797768560975,0.00370572168082651,6.005833777859608
2026-09-16T18:35:29+03:00,20.62,290.16,34.48503373669675,22.472640000000002,153.99959617526267,141.73256978151176,-3.5558906681409153,6.24024,6.55128,0.3380450991271857,,-22.941230117038163,24.80579,59.471082,17.6854893232096,46.008996933299755,200.00859310856242,4.3341300291152365,0.003545923548313708,6.009379701407921
2026-09-16T18:35:31+03:00,20.43,290.15,28.7439966294859,21.88944,149.99462118729824,138.85632164995502,1.6102405874356656,6.337439999999999,6.337439999999999,0.492743703812508,,-20.488970753878238,24.805846,59.47103,16.614824538634338,39.313601377174166,189.3082225644724,4.903212878701473,0.0035627220593721664,6.012942423467293
2026-09-16T18:35:33+03:00,20.28,290.16,33.86623931795546,21.597839999999998,152.99692003378374,139.6756512969921,-1.1255755885345022,6.37632,6.95952,0.37242256683503505,,-19.93320169260134,24.805899,59.47098,16.686036691581915,46.161352033451806,199.15827206723554,4.416429682332467,0.0034133713746716046,6.016355794841965
2026-09-16T18:35:35+03:00,20.13,290.16,30.66340524317415,21.4812,148.99767462377056,137.4010088503227,0.3323155211758775,6.72624,6.6095999999999995,0.4239887683968092,,-20.958796145885515,24.805962,59.470922,16.065923969588738,42.991912235433006,191.98958685920357,4.919908005447908,0.003981724867208787,6.020337519709173
2026-09-16T18:35:37+03:00,20.13,290.16,28.90442481212253,21.40344,148.99767462377056,137.10880037480598,-1.4076427110774064,6.8623199999999995,6.940079999999999,0.492743703812508,,-18.83885230390147,24.806029,59.47087,15.749221949990265,41.062373232351035,190.0600478561216,5.174154524542895,0.0037355578224924865,6.024073077531666
2026-09-16T18:35:39+03:00,20.13,290.16,29.4430051395455,21.17016,144.99842921375745,136.6160566709935,-0.3695004820798679,6.78456,7.17336,0.4526366581533504,,-20.254058057874598,24.806095,59.47082,15.62199027685177,41.769444302762,186.76787351651944,5.060137569545644,0.0036184764576624217,6.027691553989328
2026-09-16T18:35:41+03:00,19.95,290.16,31.998396905828976,20.586959999999998,147.99499848229166,135.51597770434233,0.5385803274229739,6.53184,6.95952,0.4297183463481174,,-20.626480624709636,24.806163,59.470767,15.440485007968869,44.952089598205106,192.94708808049677,4.622568879831664,0.003802582644194436,6.031494136633523
2026-09-16T18:35:43+03:00,19.83,290.17,26.0339062585171,20.39256,146.99805191876402,136.77648485363014,-0.1764137051207805,6.74568,7.251119999999999,0.3552338329811104,,-20.7410721837358,24.806233,59.470712,14.633962952857397,37.70638754837603,184.70443946714005,5.336880839755646,0.003936668005475646,6.035430804638998
2026-09-16T18:35:45+03:00,19.68,290.16,33.82040269434499,19.90656,147.99499848229166,136.56449046943172,0.4305777830408137,6.95952,7.1150400000000005,0.3781521447863433,,-16.66734226035565,24.8063,59.470658,14.646214701061135,49.156373045787205,197.15137152807887,4.5515039228518575,0.0038367156888202037,6.039267520327818
2026-09-16T18:35:47+03:00,19.68,290.17,26.452165448962603,21.967200000000002,146.99805191876402,134.38725084793458,-0.7859835033604632,6.88176,7.29,0.5042028597151245,,-13.103544774641927,24.806366,59.470602,16.100439134348562,37.42814854640616,184.42620046517018,5.464916619824154,0.003923168598259571,6.043190688926077
2026-09-16T18:35:49+03:00,19.61,290.16,30.697782710882006,19.12896,140.99918380374427,136.29520030572024,1.644618055143515,6.648479999999999,7.03728,0.46982539200727513,,-17.056953561044608,24.806439,59.470554,13.834916469799266,44.89908971742096,185.89827352116524,4.709457802991988,0.0036458780427090233,6.0468365669687865
2026-09-16T18:35:51+03:00,19.38,290.16,28.400221952407403,19.439999999999998,145.99537577728506,137.36090180466357,-1.3177456330213801,6.57072,6.97896,0.7333859777674538,,-20.030604517773583,24.80651,59.470506,14.013028530439492,41.286823226140825,187.2821990034259,4.937343479537929,0.0036088693652401257,6.0504454363340265
2026-09-16T18:35:53+03:00,19.27,290.17,34.301687242254886,19.828799999999998,144.99842921375745,135.61911010746587,0.29553163072847866,6.78456,6.92064,0.0,,-18.626857919703063,24.806574,59.470461,14.729105368984824,49.34707188527727,194.34550109903472,4.419973474760894,0.0033369019267194427,6.053782338260746
2026-09-16T18:35:55+03:00,19.2,290.17,40.930808931918506,20.684160000000002,146.99805191876402,134.42162831564244,-3.571818894845552,6.8623199999999995,7.387199999999999,0.641712730546522,,-14.398429391637588,24.806648,59.470409,16.138531574049498,57.10612401540911,204.10417593417313,3.72682103091812,0.0038567723322860464,6.057639110593032
2026-09-16T18:35:57+03:00,19.08,290.16,33.230256165360245,19.90656,137.99688495725877,134.84561708403925,1.5462412017195526,7.32888,7.251119999999999,0.09740282517223994,,-16.873607066602744,24.806726,59.470358,14.349643123386832,49.48365210112826,187.48053705838703,4.761316711351961,0.003881935059277556,6.061521045652309
2026-09-16T18:35:59+03:00,18.93,290.16,39.853648277072566,19.45944,146.99805191876402,136.17487916874276,-0.7760713335047,6.68736,7.251119999999999,0.21772396214971285,,-14.994305498573642,24.806798,59.470306,14.952915914436076,56.50794887537221,203.50600079413624,3.690227632901339,0.003821320298270415,6.065342365950579
2026-09-16T18:36:01+03:00,18.71,290.17,34.273039352498344,19.09008,142.99880650875087,137.6874877478881,2.720460907060662,6.68736,6.97896,0.32658594322456924,,-19.950390426455265,24.806868,59.470258,14.07697213195724,49.78991175209083,192.7887182608417,4.317307198362668,0.0035906198206749787,6.068932985771254
2026-09-16T18:36:03+03:00,18.63,290.16,33.92353509746854,19.2456,146.99805191876402,141.9732120554667,-0.6817624804261666,6.804,6.92064,0.5271211715203573,,-15.802175989708104,24.806941,59.470205,14.119922564312926,49.52391474570038,196.5219666644644,4.41668463724595,0.0038880666241512076,6.072821052395406
2026-09-16T18:36:05+03:00,18.48,290.16,31.041557387960495,19.42056,149.99462118729824,139.21728506088743,-0.43304150155987614,6.57072,6.97896,0.641712730546522,,-18.729990322826612,24.806999,59.470153,14.200940341554423,44.84511290726414,194.83973409456237,4.658743703880976,0.0035924517124433053,6.076413504107849
2026-09-16T18:36:07+03:00,18.33,290.15,30.411303813316593,20.33424,144.99842921375745,138.9250765853707,1.1027718682882954,6.82344,6.8623199999999995,0.12605071492878112,,-26.55659380431366,24.807065,59.470101,14.856706750210401,43.85508141159261,188.85351062535005,4.920345065038801,0.0037189492787644846,6.0801324533866135
2026-09-16T18:36:09+03:00,18.18,290.16,39.99115814790396,20.29536,142.99880650875087,140.28871613778207,2.2330457107428705,6.6095999999999995,6.940079999999999,-0.12032113697747288,,-25.748723313179198,24.807136,59.470049,15.812684270683418,55.57401683516926,198.57282334392013,3.7366787163509754,0.0038038453821946623,6.083936298768808
2026-09-16T18:36:11+03:00,18.03,290.16,32.17601382231953,19.42056,147.99499848229166,143.3597699196833,0.5438515391381774,6.84288,6.74568,-0.05156620156177409,,-24.236114734033823,24.807197,59.469999,14.10738566398116,47.14542249361219,195.14042097590385,4.65411582537828,0.003535751728940514,6.087472050497749
2026-09-16T18:36:13+03:00,17.88,290.16,40.10002012897881,20.74248,150.99729732877717,141.440361305995,-2.05124620234786,7.095599999999999,6.72624,-1.082890232797256,,-27.461867120620358,24.80726,59.469938,15.982343293033678,56.716764802759215,207.71406213153637,3.893910854369957,0.004140551511449865,6.0916126020091985
2026-09-16T18:36:15+03:00,17.73,290.17,33.06982798272361,19.945439999999998,149.99462118729824,142.27687968688602,1.3504042273438372,6.5124,7.23168,-0.4640958140559668,,-28.974475699765733,24.807323,59.469887,14.91744576142887,46.85104673136445,196.84566791866268,4.453813243685625,0.003619072948059405,6.095231674957258
2026-09-16T18:36:17+03:00,17.43,290.16,28.73253747358328,18.77904,149.99462118729824,142.55762900650015,-1.968396505171943,6.84288,6.88176,0.418259190445501,,-26.02374305484199,24.807384,59.469833,13.195307650388866,43.1683155256772,193.16293671297544,4.990834474212031,0.0037422661570992765,6.098973941114357
2026-09-16T18:36:19+03:00,17.28,290.16,40.3693102926903,18.64296,154.9965427387903,138.71308220117228,0.929853205717813,7.07616,7.13448,0.24064227395494575,,-13.991629357094704,24.807436,59.46978,14.02195780265009,59.44802566167793,214.44456840046826,3.5969519383960686,0.0035594651030699826,6.102533406217427
2026-09-16T18:36:21+03:00,17.25,290.16,30.537354528245373,19.84824,150.99729732877717,137.91667086594046,-4.2338716271192185,6.95952,7.46496,0.9969465635276323,,-13.871308220117232,24.807496,59.469725,14.298184024723623,44.85594277220804,195.8532401009852,4.9334812665157735,0.0037796262559462407,6.106313032473373
2026-09-16T18:36:23+03:00,16.91,290.16,30.96707287459349,17.14608,145.99537577728506,135.47587065868316,0.9216599092474422,6.37632,6.88176,0.1546986046853223,,-16.867877488651434,24.807564,59.469674,12.13072642555432,46.65886030502293,192.654236082308,4.3763281475332745,0.003702488744826564,6.1100155212182
2026-09-16T18:36:25+03:00,16.68,290.17,29.139337508126168,16.19352,142.99880650875087,138.5010878169739,-0.17584074732564967,6.25968,7.40664,0.246371851906254,,-16.695990150112188,24.807637,59.469626,11.150757170024065,45.003040550985105,188.00184705973598,4.426027278600662,0.0036459154681182746,6.113661436686318
2026-09-16T18:36:27+03:00,16.38,290.16,25.83910060817262,18.701279999999997,148.99767462377056,138.15731313989542,-1.5143847483102788,6.74568,6.6679200000000005,0.7448451336700701,,-12.971764481761836,24.807703,59.469574,12.967710109967895,38.943297675296634,187.9409722990672,5.24657662478288,0.0037189663097399257,6.117380402996058
2026-09-16T18:36:29+03:00,16.31,290.16,32.10152930895252,18.60408,146.99805191876402,137.08588206300075,-1.504071507997924,7.1150400000000005,7.32888,-0.10886198107485642,,-11.327375609736375,24.807772,59.469521,13.132949503854887,48.83428991690741,195.83234183567143,4.683397120269506,0.0038193828539549546,6.1211997858500125
2026-09-16T18:36:31+03:00,16.23,290.16,26.11412034983542,20.56752,140.99918380374427,136.1290425451323,-0.5450547505079522,6.4152,6.88176,-0.13178029288008933,,-16.501184499767707,24.807846,59.469469,15.074025102873184,36.910741607167296,177.90992541091157,5.129414806363613,0.003856809156918068,6.125056595006931
2026-09-16T18:36:33+03:00,15.93,290.16,27.391816232977153,18.62352,143.9957530722785,136.00299183020348,0.4389429668497237,6.006959999999999,6.47352,0.4469070802020421,,-21.342677868623163,24.807912,59.469425,13.574359394605455,39.138943297032,183.1346963693105,4.659103685775187,0.0033250580647300435,6.128381653071661
2026-09-16T18:36:35+03:00,15.6,290.16,32.095799731001215,18.681839999999998,139.99650766226534,138.82767376019845,0.5991992621478149,6.492959999999999,6.7068,0.37242256683503505,,-20.454593286170386,24.807983,59.469379,13.625259696395721,46.76288616969825,186.7593938319636,4.447801991687417,0.003513548010262809,6.131895201081924
2026-09-16T18:36:37+03:00,15.48,290.16,35.06372110977888,18.83736,144.99842921375745,140.3116344495873,0.14014547668899935,6.804,7.2122399999999995,0.18907607239317165,,-21.70937085750689,24.808054,59.46933,13.831982794534866,51.47869644475318,196.47712565851063,4.237569171486,0.003657146434306425,6.13555234751623
2026-09-16T18:36:39+03:00,15.33,290.17,29.127878352223547,19.20672,145.99537577728506,138.16877229579805,-2.912688247327053,6.57072,6.804,0.34377467707849396,,-20.735342605784492,24.808124,59.469279,13.84155484318265,42.48794811686295,188.48332389414801,4.845376580985488,0.0037370921143596958,6.1392894396305895
2026-09-16T18:36:41+03:00,15.22,290.16,26.687078144966243,20.25648,141.99613036727192,138.69589346731837,3.380737470169423,6.18192,6.37632,-0.17188733853924698,,-17.778880382909446,24.808191,59.46923,14.992423932956468,37.35913845201338,179.3552688192853,4.91368415065421,0.003586095201083599,6.142875534831673
2026-09-16T18:36:43+03:00,14.85,290.16,30.984261608447415,22.258799999999997,147.99499848229166,138.53546528468175,-0.33689918353692405,6.35688,6.8623199999999995,0.11459155902616464,,-22.660480797424057,24.808256,59.469182,17.124593209285287,42.00134502078805,189.99634350307971,4.7239826238433835,0.003501926480582979,6.146377461312256
2026-09-16T18:36:45+03:00,14.58,290.15,26.37195135764429,22.31712,146.99805191876402,141.39452468238457,0.22614644173813592,6.47352,6.804,0.07448451336700701,,-21.04473981515514,24.808324,59.46913,16.765736201044483,36.247661272193824,183.24571319095784,5.220691517563083,0.0037524251041779802,6.150129886416434
2026-09-16T18:36:47+03:00,14.32,290.15,24.97393433752508,21.2868,146.99805191876402,139.83607947962872,-0.4801959280991429,6.47352,7.03728,0.492743703812508,,-22.9698780067947,24.80838,59.469082,15.658926363385119,35.02600795914756,182.02405987791158,5.30111114718189,0.003353826307319022,6.153483712723753
2026-09-16T18:36:49+03:00,14.21,290.16,27.27722467395099,22.21992,146.99805191876402,136.65616371665266,-0.6110594885070229,6.35688,6.6679200000000005,0.4526366581533504,,-21.864069462192216,24.808441,59.469032,16.824091190466536,37.24908283490973,184.24713475367375,5.060150802777025,0.003535779807532611,6.157019492531286
2026-09-16T18:36:51+03:00,13.68,290.16,22.90555669710281,22.80312,142.99880650875087,140.23142035826896,2.8348805787482876,6.14304,7.29,0.1432394487827058,,-19.76131435406209,24.808511,59.468982,17.310390283869186,30.8447693332609,173.84357584201177,5.274165588371525,0.003687957595281228,6.1607074501265675
2026-09-16T18:36:53+03:00,13.68,290.16,26.07401330417626,21.40344,151.9999734702561,139.49230480255022,-2.8550486931368924,6.43464,6.92064,0.6531718864491385,,-16.70744930601481,24.808567,59.468932,15.877594957817893,36.334697621967166,188.33467109222326,5.183550490385412,0.0034577901104762324,6.164165240237044
2026-09-16T18:36:55+03:00,13.53,290.16,25.30052028074965,19.926,145.99537577728506,137.5156004093489,-0.22998525896551247,6.57072,7.056719999999999,0.6187944187412892,,-18.094007170231396,24.808626,59.468882,14.264680575644855,36.653747476636454,182.64912325392152,5.271411510370316,0.00350399713044616,6.16766923736749
2026-09-16T18:36:57+03:00,13.23,290.16,24.882261090304148,19.323359999999997,143.9957530722785,139.80743158987218,-0.44868324936694765,6.1236,6.35688,0.7276563998161455,,-16.615776058793873,24.808695,59.468835,14.00719511573138,35.48181446416868,179.47756753644717,4.986446200158361,0.0035242167733177477,6.171193454140808
2026-09-16T18:36:59+03:00,12.9,290.17,31.637433494896555,18.13752,143.9957530722785,139.93921188275226,3.4823228872461174,5.90976,6.62904,0.005729577951308233,,-21.474458161503254,24.808757,59.468788,13.467659253024511,44.94481016402665,188.94056323630514,4.182854667633541,0.0034007512593046086,6.174594205400113
2026-09-16T18:37:01+03:00,12.78,290.16,23.40402997886662,21.55896,149.99462118729824,145.43387713805686,-0.8180691398877894,6.5124,6.804,1.0485127650894066,,-16.32929716122846,24.808825,59.468742,15.795613549533313,32.82966673908501,182.82428792638325,5.472278571936424,0.0034578008391058144,6.178052006239219
2026-09-16T18:37:03+03:00,12.63,290.15,32.17601382231953,21.36456,156.99616544379688,143.52592768027122,-3.371226370770251,6.84288,6.78456,0.4068000345428845,,-9.465262775561202,24.808877,59.468682,15.993298654030573,45.346211285093915,202.3423767288908,4.80932104095409,0.003940531531951027,6.18199253777117
2026-09-16T18:37:05+03:00,12.45,290.17,27.59235146127294,20.52864,143.9957530722785,137.1660961543191,1.7912379549174928,6.1624799999999995,6.901199999999999,-0.5328507494716656,,-20.975984879739435,24.808934,59.468634,15.33502757047965,38.319428781912876,182.31518185419137,4.834873273957567,0.0033695088855960234,6.185362046656766
2026-09-16T18:37:07+03:00,12.11,290.16,25.758886516854307,20.956319999999998,140.99918380374427,141.62943737838822,1.1353731668312395,5.9292,6.492959999999999,-0.26356058576017866,,-24.4309203843783,24.809005,59.468595,15.827457387069307,35.12845609808926,176.12763990183353,4.849279458124282,0.003193045698850063,6.1885550923556165
2026-09-16T18:37:09+03:00,11.96,290.16,31.580137715383476,20.412,148.99767462377056,140.43768516451607,-0.9106591195809304,5.98752,6.4152,-0.05729577951308232,,-28.269737611754817,24.809063,59.468547,15.628956790338288,43.15382914311638,192.15150376688695,4.368015720017337,0.0033853851758901643,6.191940477531507
2026-09-16T18:37:11+03:00,11.73,290.16,28.4689768878231,21.1896,145.99537577728506,140.61530208100663,1.7541102897930152,6.9984,6.43464,-0.12605071492878112,,-30.36676314193363,24.809125,59.468497,15.403077263821409,40.97728741094812,186.97266318823318,5.283579171126177,0.0035519762636490176,6.195492453795156
2026-09-16T18:37:13+03:00,11.58,290.16,31.872346190900192,21.90888,149.99462118729824,142.6149247860132,-0.7624922337600997,6.6679200000000005,6.7068,0.17188733853924698,,-26.82015439007384,24.809189,59.46845,16.623441724318642,44.10022843940419,194.09484962670243,4.788390202411806,0.0034351345405752233,6.1989275883357315
2026-09-16T18:37:15+03:00,11.32,290.17,30.090447448043335,21.50064,156.99616544379688,142.11072192629808,-0.34165473323650997,6.4152,6.53184,0.5099324376664327,,-21.382784914282322,24.809242,59.468397,16.271048242222623,41.49143236116984,198.48759780496673,4.805336329317625,0.0035732201173728265,6.202500808453104
2026-09-16T18:37:17+03:00,10.95,290.17,33.86050974000415,20.314799999999998,147.99499848229166,137.54997787705673,-1.4421347703442822,6.27912,6.6679200000000005,0.45836623610465854,,-22.763613200547606,24.8093,59.468346,15.500620636479772,46.90480212438399,194.89980060667565,4.289973739391534,0.003540326578640329,6.206041135031745
2026-09-16T18:37:19+03:00,10.72,290.17,27.91893740449751,20.9952,146.99805191876402,139.62981467338162,1.067592259667263,6.6679200000000005,6.95952,0.06302535746439056,,-23.651697783000383,24.809366,59.468295,15.422664184963645,39.59824551244159,186.5962974312056,5.137850810041911,0.0036686353611161725,6.209709770392861
2026-09-16T18:37:21+03:00,10.61,290.16,37.94569881928692,20.9952,145.99537577728506,138.39222583589904,-1.8331211697415561,6.7068,6.804,0.12032113697747288,,-24.425190806426997,24.809437,59.468241,16.238682889289798,52.65814869541545,198.6535244727005,4.068138891616265,0.0039032915781097824,6.21361306197097
2026-09-16T18:37:23+03:00,10.31,290.17,33.87196889590676,19.809359999999998,144.99842921375745,137.63019196837504,2.5429585821291325,6.337439999999999,6.53184,-0.590146528984748,,-25.874774028107975,24.809507,59.468195,14.970132633481029,47.51920167939218,192.51763089314963,4.279946274670682,0.003494835695979128,6.217107897666949
2026-09-16T18:37:25+03:00,10.12,290.17,30.216498162972112,23.85288,144.99842921375745,140.48352178812655,-0.2654513464841104,6.39576,7.056719999999999,0.08594366926962349,,-26.957664260905233,24.809578,59.468146,18.60663811046811,40.178283143035856,185.1767123567933,4.8866204486604214,0.0036571914654131804,6.220765089132362
2026-09-16T18:37:27+03:00,9.93,290.17,24.916638558011993,23.69736,142.99880650875087,137.45257505188448,-0.8390393951895776,6.454079999999999,7.07616,-1.3636395524113596,,-38.82362019806458,24.809641,59.468103,18.049996122242067,33.58080780034817,176.57961430909904,5.37693639920116,0.0032219794493479406,6.22398706858171
2026-09-16T18:37:29+03:00,9.67,290.17,34.15844779347218,23.85288,139.99650766226534,140.07672175358366,0.8416750010471794,6.72624,7.98984,-0.6990085100596044,,-31.088689963798465,24.809714,59.468057,18.67290866887397,45.8272510310303,185.82375869329564,4.687005776782571,0.00355160935901512,6.227538677940726
2026-09-16T18:37:31+03:00,9.48,290.16,38.988482006425016,25.19424,149.99462118729824,139.99077808431403,-2.855507059372997,6.6095999999999995,6.76512,-0.10313240312354818,,-27.037878352223547,24.809777,59.468005,20.483352742629847,50.7020785221593,200.69669970945753,4.186208664016303,0.003670181695088523,6.231208859635815
2026-09-16T18:37:33+03:00,9.18,290.17,41.074048380701214,23.65848,146.99805191876402,138.00261453521009,-0.3616509602865756,6.648479999999999,6.82344,0.24064227395494575,,-18.31173113238111,24.809842,59.46795,19.151290514244398,54.25887658533449,201.2569285040985,3.8835362329336345,0.0038559957856325556,6.235064855421447
2026-09-16T18:37:34+03:00,8.88,290.17,33.63705619990313,23.6196,146.99805191876402,137.5900849227159,0.6424002799006789,6.6095999999999995,7.36776,0.21772396214971285,,-15.922497126685577,24.809908,59.4679,18.482945542881627,45.062250577235176,192.0603024959992,4.668612361013474,0.003618573446817957,6.238683428868265
2026-09-16T18:37:37+03:00,8.81,290.18,37.533169206792735,20.83968,142.99880650875087,132.35898025317147,-2.8392923537707944,6.88176,7.56216,0.24064227395494575,,-12.261296815799616,24.809979,59.46785,15.943543101353386,52.77892484926842,195.7777313580193,4.162721997747772,0.003705780948875228,6.242389209817141
2026-09-16T18:37:39+03:00,8.7,290.18,32.410926518323166,20.08152,138.99956109873773,126.76118259474335,-3.911983937814722,6.72624,7.348319999999999,0.2119943841984046,,-13.321268736791641,24.81006,59.4678,14.847401767752535,46.46371291371523,185.46327401245296,4.6331271919425046,0.0038923194813223886,6.2462815292984635
2026-09-16T18:37:41+03:00,8.28,290.18,40.44952438400861,18.156959999999998,129.99839413723248,122.6358864698014,-0.36210932652268024,6.804,6.92064,0.1604281826366305,,-19.61234532732808,24.810145,59.467759,13.709386634242989,59.23283643121049,189.23123056844298,3.4805896536635736,0.0035791507749759264,6.249860680073439
2026-09-16T18:37:43+03:00,8.43,290.18,39.641653892874146,21.092399999999998,124.99647258574039,132.164174602827,6.567528726687061,6.92064,6.97896,-0.26929016371148695,,-19.434728410837522,24.810244,59.467722,16.369845096604053,55.289197458348724,180.2856700440891,3.9408513184512057,0.0037530125919149815,6.253613692665354
2026-09-16T18:37:45+03:00,8.36,290.18,33.499546329071734,19.78992,142.99880650875087,136.85669894494842,-0.6855440018740301,6.53184,7.03728,-0.20626480624709637,,-18.563832562238673,24.810322,59.467675,14.789216274337528,47.608517577860056,190.60732408661093,4.403718202352972,0.0036951386641380377,6.2573088313294924
2026-09-16T18:37:47+03:00,8.13,290.18,38.02591291060523,20.27592,139.99650766226534,134.70237763525654,1.2915041660043884,6.8623199999999995,7.03728,-0.3666929888837269,,-24.47675700798877,24.81039,59.467627,15.459446197683986,53.895292281270414,193.89179994353577,4.0437095134638374,0.003554701558861622,6.260863532888354
2026-09-16T18:37:49+03:00,8.1,290.19,40.678707502060945,20.43144,145.99537577728506,137.83072719667084,-1.218623934463748,6.6679200000000005,6.454079999999999,-0.09167324722093173,,-13.03478983922623,24.810471,59.467579,15.97716199874408,56.46378341758383,202.4591591948689,3.6837855753838213,0.0038002757212839506,6.2646638086096385
2026-09-16T18:37:51+03:00,7.76,290.19,30.984261608447415,21.209039999999998,144.99842921375745,136.39260313089247,4.218802837107278,6.4152,6.62904,-0.246371851906254,,-13.407212406061266,24.81054,59.467523,16.052629490134837,42.85669515220158,187.85512436595903,4.702708463645765,0.003971100668914939,6.268634909278553
2026-09-16T18:37:53+03:00,7.53,290.18,30.29098267633912,20.43144,142.99880650875087,141.4174429941898,0.9429166434467957,6.43464,6.88176,0.395340878640268,,-14.736474490764774,24.810612,59.467476,15.22524301698273,42.599224622187904,185.59803113093878,4.73657870212444,0.003579789804374848,6.272214699082928
2026-09-16T18:37:55+03:00,7.38,290.18,30.617568619563688,21.092399999999998,148.99767462377056,142.93578115128648,-0.5247147487808079,6.18192,6.57072,-0.12032113697747288,,-10.101245928156414,24.810667,59.467426,16.083508619709452,41.90660953834433,190.9042841621149,4.600798148358416,0.0034428286036375043,6.275657527686566
2026-09-16T18:37:57+03:00,7.23,290.19,23.593106051259795,20.33424,150.99729732877717,142.4774149151818,1.029375974732037,6.454079999999999,6.74568,0.44117750225073393,,-9.230350079557562,24.810722,59.467376,14.649201738377934,33.74948634392885,184.74678367270602,5.3664035408701505,0.0034428298164746116,6.279100357503041
2026-09-16T18:37:59+03:00,7.08,290.19,30.348278455852206,18.99288,149.99462118729824,138.50681739492524,-1.3085783082992872,6.37632,6.492959999999999,-0.12032113697747288,,-9.751741673126611,24.810788,59.467326,13.869661348185405,43.77971551950529,193.77433670680352,4.60373634340249,0.0036185925128314964,6.282718950015872
2026-09-16T18:38:01+03:00,6.93,290.19,30.439951703073135,17.496,150.99729732877717,138.8620512279063,1.15044195684318,5.9292,6.57072,0.1604281826366305,,-13.899956109873772,24.810849,59.467278,12.743195452839547,44.07454990604299,195.07184723482015,4.259746835576392,0.0034342340434988655,6.286153184059371
2026-09-16T18:38:03+03:00,6.78,290.19,40.947997665772434,18.60408,143.9957530722785,131.327656221936,-9.041789669180009,5.90976,6.59016,0.6187944187412892,,-13.407212406061266,24.810907,59.467235,14.661245623448941,56.26580153792143,200.26155461019994,3.2819314480272963,0.003133239573579885,6.289286423632951
2026-09-16T18:38:05+03:00,6.63,290.19,46.706223506837205,18.52632,135.99726225225223,119.31273125804263,-6.663327270032935,5.851439999999999,6.318,-1.2261296815799616,,-17.372080348366563,24.810984,59.467187,15.125734836870528,63.06015837596145,199.05742062821366,2.6510225512479586,0.003721949412645516,6.293008373045597
2026-09-16T18:38:07+03:00,6.37,290.19,71.2689241840956,16.34904,126.99609529074696,96.93299978023268,-11.612880479050064,6.045839999999999,6.5124,-0.46982539200727513,,-13.65358425796752,24.811074,59.467149,15.503567437177823,92.94202201968686,219.93811731043382,-0.3103052153031423,0.0035735449766717536,6.296581918022269
2026-09-16T18:38:09+03:00,6.18,290.19,95.05813183792738,17.04888,107.99681480420887,72.23851881009419,-13.004824146540887,6.57072,6.6095999999999995,-0.5844169510334397,,-9.23607965750887,24.811187,59.467128,18.804044240196507,115.42747201186828,223.42428681607714,-2.8212583020959383,0.0036742683979773872,6.300256186420246
2026-09-16T18:38:11+03:00,6.03,290.19,106.12194686190358,12.22776,80.99904349764448,53.75490033917384,-6.625340168215761,6.43464,5.6181600000000005,-0.4354479242994257,,-2.566850922186088,24.811293,59.467129,15.317295263113278,129.9234249956108,210.92246849325528,-4.129515339240116,0.0032374461236919596,6.303493632543939
2026-09-16T18:38:13+03:00,5.92,290.19,115.12884340136013,9.00072,60.99708686962744,41.379011964348045,-7.150169508555596,6.08472,6.201359999999999,-0.34377467707849396,,-3.237211542489151,24.811393,59.467154,12.827737422441277,140.56130972518218,201.5583965948096,-4.699258348092847,0.0034033758362826735,6.306897008380221
2026-09-16T18:38:15+03:00,6.0,290.19,128.9142079522077,9.914399999999999,49.99629720311564,30.149039179783916,-2.407339472021667,6.10416,6.82344,-0.1776169164905552,,-1.9365973475421825,24.811489,59.467192,14.546028697238258,147.97190015782004,197.96819736093568,-5.1750342289323,0.0037162987307830507,6.310613307111004
2026-09-16T18:38:17+03:00,6.11,290.19,127.44170641872152,7.6788,37.998560973076195,28.728103847859476,-0.3024644200495616,5.50152,6.006959999999999,-0.10313240312354818,,-4.205510216260243,24.811566,59.467235,11.857352478436054,149.05767193968597,187.05623291276217,-4.71857275356264,0.0034941408126043104,6.314107447923608
2026-09-16T18:38:19+03:00,6.3,290.19,126.88020777949329,9.37008,37.998560973076195,25.714345845471342,-2.8246246342154455,5.890319999999999,5.7153599999999996,0.011459155902616466,,-3.9877862541105293,24.811631,59.467276,13.738321663018729,146.9371917473251,184.9357527204013,-4.9365183004008095,0.0031643457052773815,6.317271793628886
2026-09-16T18:38:21+03:00,6.33,290.2,141.6281414261607,8.3592,34.996262126590686,24.2189260001799,1.4829866611371099,6.0264,5.79312,0.23491269600363757,,-4.027893299769687,24.811701,59.467323,13.60819420034234,157.58451280300284,192.58077492959353,-5.571063268277598,0.003542615998643835,6.32081440962753
2026-09-16T18:38:23+03:00,6.48,290.19,160.91963038821552,7.01784,34.996262126590686,25.479433149467706,-0.5993138537068411,5.87088,6.045839999999999,0.3552338329811104,,-7.265104842258838,24.811764,59.467371,12.711885319108136,169.60296946474418,204.59923159133487,-5.774484995324717,0.00346773823456559,6.324282147862095
2026-09-16T18:38:25+03:00,6.78,290.2,139.1816116409521,8.00928,35.99893826806962,26.040931788695918,0.2563986133210434,6.27912,6.47352,0.544309905374282,,-7.775037279925271,24.811833,59.467417,13.40504541481162,157.01111739639728,193.0100556644669,-5.78043638173455,0.0034762746511081016,6.327758422513203
2026-09-16T18:38:27+03:00,6.78,290.2,143.86840640512222,7.6788,36.99588483159726,26.974852994759157,-2.019103270041021,6.68736,6.59016,0.4469070802020421,,-7.763578124022655,24.811908,59.467469,13.661383136601051,160.6446318575154,197.64051668911267,-6.3093978776111745,0.0038748593816073803,6.331633281894811
2026-09-16T18:38:29+03:00,6.67,290.2,135.239662010452,9.020159999999999,33.99931556306306,23.726182296367394,1.0638680339989126,6.78456,6.9984,0.1776169164905552,,-2.778845306384493,24.81198,59.467518,14.639043029080206,154.28641597997208,188.28573154303513,-6.112713393209645,0.0036754021232744934,6.335308684018085
2026-09-16T18:38:31+03:00,6.33,290.21,154.61136506382513,8.92296,30.99701671657754,24.413731650524376,-1.2695598824508783,6.95952,7.251119999999999,0.08594366926962349,,-4.314372197335099,24.812046,59.467572,15.500260396824098,165.71059260707867,196.70760932365621,-6.7442020484053105,0.0038206213066891274,6.339129305324774
2026-09-16T18:38:33+03:00,6.33,290.2,164.1969489763638,8.3592,30.99701671657754,22.792261090304148,0.7053683415855565,7.01784,7.2122399999999995,-0.06302535746439056,,-4.113836969039311,24.812111,59.46763,15.23216354540215,171.404844545708,202.40186126228554,-6.939022787845769,0.00401168008701829,6.343140985411792
2026-09-16T18:38:35+03:00,6.15,290.2,157.45896530562533,8.67024,30.99701671657754,23.296463950019273,0.8719271726300868,7.1928,7.1928,-0.5557690612768985,,-4.388856710702106,24.812176,59.467688,15.559806447864151,167.66614775791285,198.6631644744904,-7.026786856574656,0.004011678402140661,6.347152663813933
2026-09-16T18:38:37+03:00,6.03,290.2,141.45625408762143,10.1088,28.997394011570965,23.835044277442243,0.031054312496090617,6.95952,6.92064,0.18907607239317165,,-4.348749665042948,24.81223,59.467743,16.145357385138244,157.0369251699587,186.03431918152967,-6.408023103740861,0.003694344205755918,6.350847008019689
2026-09-16T18:38:39+03:00,6.45,290.2,157.61939348826198,10.75032,28.997394011570965,24.92939366614212,1.133654293445847,7.07616,7.1150400000000005,-0.20053522829578813,,-6.967166788790811,24.812295,59.4678,17.5020938786173,166.47481133726473,195.4722053488357,-6.879918255762403,0.003959551684711327,6.3548065597044
2026-09-16T18:38:41+03:00,6.63,290.21,166.63201960566983,9.77832,30.99701671657754,24.02412034983542,-0.8453992267155297,7.29,7.503839999999999,-0.2864788975654116,,-5.9186540237014045,24.812358,59.467857,16.95478410826236,172.3372291100731,203.33424582665066,-7.224900670247885,0.0039292911585573015,6.358735850862957
2026-09-16T18:38:43+03:00,6.33,290.2,158.1235963479771,11.21688,29.994340575098594,27.141010755347097,1.0325272426052565,7.6788,7.85376,-0.6474423084978302,,-1.432394487827058,24.812426,59.467917,18.56453417674826,166.98935329770404,196.98369387280263,-7.48167174733579,0.004161515354025163,6.362897366216982
2026-09-16T18:38:45+03:00,6.48,290.21,156.6625539703935,9.70056,30.99701671657754,24.482486585940077,-0.299943405750986,7.348319999999999,7.270560000000001,-0.7677634454753031,,-5.723848373356923,24.812495,59.467976,16.703313526787703,166.69914701546347,197.69616373204101,-7.151204606793747,0.004125045463547982,6.36702241168053
2026-09-16T18:38:47+03:00,6.33,290.2,146.39515028164914,9.89496,29.994340575098594,21.422891959941484,-2.074737471948224,7.348319999999999,7.46496,-0.7849521793292279,,-4.606580672851819,24.812563,59.468035,16.5235242774557,160.64406386565312,190.6384044407517,-6.932977012690512,0.0041095304155383565,6.371131942096069
2026-09-16T18:38:51+03:00,6.33,290.2,152.61174235881856,8.184239999999999,25.99509516508545,20.49470033182955,0.47160156117218066,6.82344,7.01784,-0.590146528984748,,-4.285724307578558,24.81269,59.468157,14.58462084240107,165.04018462534208,191.03527979042752,-6.592173915607366,0.003981802508988628,6.375113744605057
2026-09-16T18:38:53+03:00,6.33,290.2,159.26951193823876,10.555919999999999,27.99471787009202,20.322812993290302,0.05477476521450671,7.01784,7.5816,-0.7505747116213785,,-3.0481354700959793,24.812752,59.468211,17.298687016586822,167.52583348699972,195.52055135709173,-6.852173332280016,0.003757604171433247,6.3788713487764905
2026-09-16T18:38:55+03:00,6.37,290.19,152.46850291003588,11.33352,26.997771306564392,18.672694543313533,0.19079494577856415,7.15392,7.13448,-0.49847328176381617,,-2.2402649789615188,24.812807,59.468266,17.983941046018792,163.06406324090244,190.06183454746684,-6.84366209533287,0.003708062777137744,6.382579411553628
2026-09-16T18:38:59+03:00,6.48,290.19,160.45553457415954,9.38952,22.998525896551243,20.91295952227505,-0.1911960162351557,7.1150400000000005,7.60104,0.5042028597151245,,-4.5951215169492015,24.812897,59.468395,16.269664141835495,168.86810687108812,191.86663276763937,-6.981172987929297,0.0038257486474206274,6.386405160201049
2026-09-16T18:39:03+03:00,6.48,290.2,158.85698232574455,11.48904,24.99814860155782,20.666587670368795,-0.8873970330986191,7.56216,7.56216,-0.02864788975654116,,-1.0542423430407146,24.813012,59.46852,18.741690249920406,167.22548382471862,192.22363242627645,-7.374979883928441,0.004100266032906702,6.390505426233956
2026-09-16T18:39:09+03:00,6.33,290.2,158.0720301464153,11.25576,28.997394011570965,25.14711762829183,1.6326432372252808,7.387199999999999,7.75656,-0.19480565034447989,,-2.2631832907667517,24.813179,59.468707,18.317451735060068,166.73395930027402,195.731353311845,-7.190072957159379,0.0038709339993589676,6.394376360233315
2026-09-16T18:39:13+03:00,6.33,290.2,153.05291986106928,11.0808,31.999692858056477,25.702886689568732,-0.28011906603945946,7.970399999999999,8.262,0.2119943841984046,,-3.6210932652268033,24.813339,59.468824,18.54103450666852,164.28637461726072,196.2860674753172,-7.672525176390346,0.004159027744415507,6.39853538797773
2026-09-16T18:39:17+03:00,6.03,290.2,143.4444176367254,10.92528,28.997394011570965,24.03557950573803,0.9862895485381992,7.63992,8.10648,0.13750987083139757,,1.7246029633437776,24.813482,59.468948,17.65861842245286,158.37713666478493,187.3745306763559,-7.102295126295324,0.004063986175206174,6.402599374152936
2026-09-16T18:39:25+03:00,5.73,290.2,154.54261012840945,8.92296,30.99701671657754,22.2708694967351,-1.0376838627614338,7.75656,7.7176800000000005,-0.4526366581533504,,0.45836623610465854,24.813753,59.469197,16.271639096689697,166.36632317981594,197.36333989639348,-7.538000483762784,0.004125006578904594,6.40672438073184
2026-09-16T18:39:27+03:00,5.81,290.2,163.79587851977223,9.21456,23.995472460078876,21.96720186531576,1.039116257249261,7.2122399999999995,7.60104,-0.7333859777674538,,1.306343772898277,24.813814,59.469257,16.265285620219775,170.90381483655415,194.89928729663302,-7.121541285550383,0.004059055957889827,6.41078343668973
2026-09-16T18:39:33+03:00,5.88,290.19,155.74009192023289,9.11736,24.99814860155782,21.39424407018494,-0.38434008897375627,7.75656,8.47584,-0.48701412586119974,,2.9965692685342056,24.813989,59.469443,16.499662624502854,166.87704176280147,191.8751903643593,-7.553997983456565,0.004017840660299343,6.41480127735003
2026-09-16T18:39:55+03:00,6.63,290.17,160.5071007757213,11.04192,25.99509516508545,21.03901023720383,-0.9260143884904365,7.63992,7.63992,-0.6818197762056798,,2.223076245107594,24.8146,59.470171,18.421201568368666,168.46196692388088,194.45706208896632,-7.48553362599384,0.00412607142249318,6.418927348772523
2026-09-16T18:40:27+03:00,6.63,290.15,163.61253202533038,10.06992,21.995849755072307,20.83274543095673,-2.479360266869611,7.950959999999999,7.9120800000000004,-0.836518380891002,,-0.9224620501606254,24.815593,59.471216,17.839476022136456,170.83628785840511,192.8321376134774,-7.849484494725686,0.004113035487727528,6.423040384260251
2026-09-16T18:41:09+03:00,6.15,289.88,154.7144974669487,6.84288,24.99814860155782,22.849556869817228,0.9071640770306325,7.44552,7.40664,0.005729577951308233,,-3.5981749534215695,24.816901,59.4726,13.942583412359582,167.89929050082492,192.89743910238275,-7.280085317856049,0.00383223832721791,6.426872622587468
2026-09-16T18:41:11+03:00,6.18,289.88,147.31188275385847,7.251119999999999,26.997771306564392,23.829314699490936,-0.22024497644828847,6.9984,7.056719999999999,0.13750987083139757,,-3.7528735581068924,24.816958,59.472656,13.673870213073554,163.35794974123328,190.3557210477977,-6.705255536733746,0.0037893063230856664,6.4306619289105535
2026-09-16T18:41:13+03:00,6.18,289.87,145.7419783952,7.93152,28.997394011570965,21.577590564626803,-0.686976396361857,6.9984,6.901199999999999,0.07448451336700701,,2.521014298575622,24.817022,59.472716,14.2703352424658,161.76748536597472,190.7648793775457,-6.647042895580247,0.004101803667819304,6.434763732578372
2026-09-16T18:41:15+03:00,6.18,289.85,168.86655500668002,8.61192,23.995472460078876,19.039387532197257,-2.9027187816917763,7.13448,7.2122399999999995,0.3609634109324186,,0.395340878640268,24.817079,59.472776,15.672793834880576,173.90933264788296,197.90480510796183,-7.094207571332002,0.004004400615556639,6.438768133193929
2026-09-16T18:41:17+03:00,6.18,289.85,175.48421754044105,8.86464,22.998525896551243,13.344187048596872,-4.195254271727401,6.92064,6.84288,-0.544309905374282,,2.9335439110698154,24.817128,59.472831,15.773210561308952,177.46390150317274,200.462427399724,-6.9138615199367655,0.0036286760559317787,6.442396809249861
2026-09-16T18:41:19+03:00,6.18,289.86,154.21029460723355,8.49528,16.99965778153153,3.1111608275603704,-5.757767474828669,6.901199999999999,7.15392,-0.4526366581533504,,6.153566719705042,24.817168,59.472888,15.012415408850405,165.74732127333945,182.746979054871,-6.688776925633577,0.003637294363151373,6.446034103613012
2026-09-16T18:41:21+03:00,6.3,289.86,-166.85720561353313,6.88176,3.9992454100131463,359.19297134546434,-1.454682546057647,6.6679200000000005,6.0652800000000004,-0.02864788975654116,,0.5328507494716656,24.817181,59.472952,13.460681118483533,173.3244364910499,190.67480891896324,-6.622713629159404,0.0038673154636407314,6.449901419076653
2026-09-16T18:41:23+03:00,6.3,289.84,-171.89350463273308,5.96808,1.9996227050065731,358.98670653921727,0.8160637876048316,6.59016,6.82344,0.395340878640268,,-2.6069579678452457,24.817174,59.473017,12.526906394527233,176.14786716811398,185.8517555368926,-6.57527120296904,0.0039128426190664254,6.45381426169572
2026-09-16T18:41:25+03:00,6.48,289.85,-177.73767414306747,5.7348,3.9992454100131463,357.6918219222216,-1.3318403947815987,6.55128,6.492959999999999,0.20626480624709637,,-2.9163551772158907,24.817182,59.473077,12.283696298531359,178.94401901638625,185.0552263936269,-6.550167369906103,0.003614724560137225,6.457428986255857
2026-09-16T18:41:27+03:00,6.48,289.84,-166.81136898992267,5.2488,4.996191973540778,354.9358949276424,-0.7302920056737473,6.045839999999999,6.0264,-0.05729577951308232,,4.514907425630887,24.817191,59.473137,11.22028985790591,173.87308734696606,191.12310462657473,-6.01130568235617,0.0036169158311887364,6.461045902087045
2026-09-16T18:41:29+03:00,6.48,289.83,-170.8736397574002,6.5124,4.996191973540778,356.54590633196,1.5552366391031067,6.337439999999999,5.598719999999999,-0.017188733853924696,,6.875493541569878,24.817194,59.473191,12.809116277967963,175.37455715922937,189.62163481431142,-6.316800015878058,0.0032471087695411754,6.464293010856586
2026-09-16T18:41:31+03:00,6.48,289.84,-150.44196478303508,6.08472,357.99548955364094,358.32780507481687,3.454763617300325,6.2208000000000006,6.492959999999999,-0.21772396214971285,,0.813600069085769,24.817189,59.473249,11.8984655309615,165.38813874329503,192.6073508103459,-6.0196004594175285,0.003489588200609274,6.4677825990571955
2026-09-16T18:41:33+03:00,6.63,289.84,-168.96569029961458,4.62672,1.9996227050065731,2.8762481315567325,1.452734489554202,6.25968,6.201359999999999,0.1546986046853223,,-3.85600596123044,24.817187,59.473307,10.837105575232691,175.31292764048484,186.68669506452173,-6.2387466862818695,0.0034867822689070753,6.471269381326103
2026-09-16T18:41:35+03:00,6.63,289.84,-175.69221481445047,9.195120000000001,5.998868115019719,3.162727029122144,-1.556267963134342,6.337439999999999,5.98752,-0.37242256683503505,,1.2547775713365028,24.817195,59.473365,15.521957587526492,177.4496538529408,188.54921426207892,-6.331162811774296,0.0034947931776623453,6.474764174503765
2026-09-16T18:41:37+03:00,6.63,289.83,164.8959574864234,9.31176,8.995437383553925,358.9580586494608,-1.5225207490011363,6.2208000000000006,5.851439999999999,-0.320856365273261,,8.13600069085769,24.817214,59.473421,15.403187479688132,170.93672253209,179.93215991564392,-6.143133138072176,0.003415651606818507,6.478179826110583
2026-09-16T18:41:39+03:00,6.63,289.83,-163.83198845524237,7.056719999999999,3.9992454100131463,356.00732600453705,-0.44283907985661325,6.14304,5.832,-0.27501974166279514,,5.4316398978402045,24.817226,59.473479,13.069224952631817,171.35269907343041,192.64654633658273,-6.073209571380397,0.003505445784171259,6.481685271894754
2026-09-16T18:41:41+03:00,6.63,289.83,-154.1547312954828,6.24024,356.9985429901134,355.68074006131246,1.849049396446193,6.24024,5.50152,0.45836623610465854,,-1.970974815250032,24.817224,59.473537,12.164385941021854,167.0773656477414,189.92117734237198,-6.082192970510926,0.0034867822623953636,6.485172054157149
2026-09-16T18:41:43+03:00,6.78,289.82,-168.9198536760041,5.67648,356.9985429901134,357.96684166388445,1.025136087048069,6.006959999999999,5.48208,0.06875493541569878,,-2.778845306384493,24.81722,59.473592,11.628909479758718,174.61712421338106,182.38141877673232,-5.980469586667904,0.0033081793013505266,6.4884802334585
2026-09-16T18:41:45+03:00,6.78,289.83,179.5694066197238,6.47352,358.9981656951199,356.47142181859294,-3.2604163331919493,6.74568,6.0652800000000004,-0.12032113697747288,,-1.5699043586584558,24.817227,59.473649,13.219106713245955,179.78913590963148,178.7873016047514,-6.745634316934575,0.003432798941691474,6.491913032400191
2026-09-16T18:41:47+03:00,6.86,289.81,175.69621192463944,5.57928,5.998868115019719,349.5901986990718,-3.4747598443503906,6.0264,5.67648,-0.24064227395494575,,2.7559269945792595,24.81724,59.473705,11.597507767066242,177.93104869748427,183.929916812504,-6.022471416033325,0.003389351231336363,6.495302383631528
2026-09-16T18:41:49+03:00,6.78,289.82,-138.3697440396286,5.50152,351.9966214386213,347.25826047288933,0.07511476694165094,6.337439999999999,5.79312,0.0,,1.4839606893888322,24.817232,59.473759,11.070239431056896,160.7224721160336,191.27414932258768,-5.982102976587652,0.003254993382884283,6.4985573770144125
2026-09-16T18:41:51+03:00,6.93,289.82,-137.90564822557266,7.07616,350.99967487509366,346.5535223848784,-2.106192854900906,6.0652800000000004,6.1236,0.5557690612768985,,-1.1688339020668794,24.817211,59.473811,12.270081342848123,157.25732430681015,193.7423505682835,-5.59370689799545,0.0031906815531401317,6.501748058567553
2026-09-16T18:41:53+03:00,6.93,289.83,-127.92472343439368,9.31176,347.9973760286081,347.9973760286081,0.5148598747045577,6.37632,5.773680000000001,0.5156620156177408,,-2.2631832907667517,24.81719,59.47387,14.154604631453289,148.73928767599614,199.25808835261194,-5.450573108014687,0.0036038451579394723,6.505351903725492
2026-09-16T18:41:55+03:00,6.93,289.82,-145.3999361858838,6.47352,352.9992975801002,351.24604672699985,-0.1620324644629968,6.62904,6.08472,0.22918311805232927,,0.5099324376664327,24.81718,59.47393,12.5098939783806,162.91178532465045,190.08751225544972,-6.336390930071078,0.0036193627586906096,6.508971266484182
2026-09-16T18:41:57+03:00,6.93,289.82,-143.19404867463015,4.74336,353.99624414362785,352.20861582281964,0.780196629629642,6.74568,6.37632,0.05729577951308232,,0.8250592249883855,24.817173,59.473994,10.919797902153071,164.91563756092825,189.0806065826996,-6.51324878314001,0.0038528256856534206,6.5128240921698355
2026-09-16T18:41:59+03:00,7.08,289.82,-140.39801463439173,4.510079999999999,354.99892028510675,354.52336531514817,-0.1513181536940504,6.78456,6.47352,-0.246371851906254,,1.5068790011940651,24.817169,59.474057,10.654738499135425,164.3459297944607,190.65299049064606,-6.532909525815907,0.00378875480322148,6.516612846973057
2026-09-16T18:42:01+03:00,6.93,289.81,-163.72312647416754,4.74336,0.9969465635276323,351.303342506513,0.8723282430866783,6.84288,6.6095999999999995,0.0,,2.589769233991321,24.817171,59.474119,11.473404341892053,173.34598023745107,187.65096632607657,-6.796786078038093,0.0037271786176693487,6.520340025590727
2026-09-16T18:42:03+03:00,7.08,289.82,-144.5347699152363,6.0652800000000004,355.9958668486344,353.7040356681111,-0.2910052641469451,6.78456,6.8623199999999995,-0.14896902673401402,,1.8678424121264836,24.817165,59.474182,12.241282215872358,163.29282808602346,192.70303876261096,-6.498160094599837,0.003791214168237962,6.524131239758965
2026-09-16T18:42:05+03:00,7.05,289.82,-147.99543499782644,7.3094399999999995,358.9981656951199,353.58371453113364,2.3785769907060996,6.901199999999999,6.92064,-0.040107045659157625,,-0.22918311805232927,24.817162,59.47425,13.660451451048436,163.52568004952627,195.47248564559362,-6.617884585321462,0.00408835079389506,6.52821959055286
2026-09-16T18:42:07+03:00,6.93,289.81,-137.3212312745392,8.08704,357.99548955364094,355.7208471069716,0.40645625986580597,7.3094399999999995,7.1928,0.22345354010102106,,0.32658594322456924,24.817154,59.474317,14.343708857910633,157.53025350907268,200.46523604456826,-6.754518056382571,0.00403461655873854,6.532254207111598
2026-09-16T18:42:09+03:00,7.05,289.82,-156.13143568868412,7.03728,2.9965692685342056,355.0275681748633,0.29283872909136377,6.92064,7.270560000000001,-0.492743703812508,,1.3980170201192088,24.817165,59.474384,13.65624686816742,167.96452081636096,195.03204845217326,-6.768515116933448,0.004041195328915145,6.536295402440513
2026-09-16T18:42:11+03:00,7.23,289.82,-146.5114743084376,4.859999999999999,0.9969465635276323,352.30601864799195,-2.3334852122293035,7.42608,7.348319999999999,-0.7505747116213785,,4.365938398896874,24.817172,59.474449,11.788357344738294,166.85131302473403,194.14563353879362,-7.2313906029385935,0.0039128421243011064,6.540208244564814
2026-09-16T18:42:13+03:00,7.08,289.83,-147.44539551450086,3.34368,355.9958668486344,351.15437347977894,1.4180132471692743,6.95952,7.56216,-0.6531718864491385,,3.4320171928336314,24.817165,59.474518,9.942001347868146,169.5734967215328,186.42237012710163,-6.84460345190938,0.004152934847652142,6.5443611794124665
2026-09-16T18:42:17+03:00,7.27,289.83,181.51173354521728,6.6095999999999995,356.9985429901134,355.394261163747,1.9989351556524162,7.40664,7.13448,-0.320856365273261,,-0.6187944187412892,24.817138,59.474655,14.015024279420008,179.28711842827397,176.28566141838735,-7.406066708966246,0.004036579599518688,6.548397759011985
2026-09-16T18:42:19+03:00,7.38,289.83,-170.03139179855788,5.48208,0.0,355.5546893463836,0.1423227163104965,7.23168,7.251119999999999,-0.3609634109324186,,-0.12032113697747288,24.817137,59.474723,12.66659554241131,175.70331180937671,184.29668819062329,-7.21135511587735,0.004087438734230739,6.552485197746216
2026-09-16T18:42:21+03:00,7.53,289.83,-173.54935266066116,6.318,0.9969465635276323,355.5776076581889,0.10399183981624441,7.15392,6.804,-0.46982539200727513,,1.065701498943331,24.817135,59.474787,13.450662630081931,176.975015482705,184.02193108082264,-7.143951857244373,0.003847378401821182,6.556332576148037
2026-09-16T18:42:23+03:00,7.38,289.83,-173.46913856934285,5.20992,0.9969465635276323,354.3915850222681,0.8168086327385016,6.74568,6.57072,-0.40107045659157625,,1.2719663051904275,24.817134,59.474849,11.93650904266989,177.15447834703764,183.84246821649,-6.737362649614514,0.0037268034685760108,6.560059379616613
2026-09-16T18:42:25+03:00,7.53,289.83,-173.84156113617786,6.7068,0.9969465635276323,354.13375401445916,0.3036676314193363,6.68736,6.68736,-0.23491269600363757,,1.4152057539731333,24.817131,59.474909,13.37482179979885,176.91630714663518,184.08063941689247,-6.677676846081827,0.0036076257854753923,6.563667005402088
2026-09-16T18:42:27+03:00,7.53,289.83,-170.2319270268537,9.38952,357.99548955364094,355.68646963926375,1.1264350252271986,6.88176,6.76512,-0.12605071492878112,,0.4812845479098915,24.81713,59.474971,16.21360575227055,174.36144181127167,183.63404774236926,-6.8484626353444265,0.0037268034676728574,6.567393808869761
2026-09-16T18:42:29+03:00,7.53,289.85,-176.52873319534143,12.38328,0.9969465635276323,355.0046498630581,0.12135246100870836,6.940079999999999,7.15392,-0.4526366581533504,,0.9511099399171665,24.817136,59.475036,19.31519836562232,177.7753180545824,183.22162850894523,-6.934849171110432,0.003911293289586963,6.571305102159348
2026-09-16T18:42:31+03:00,7.53,289.85,-167.23535775831948,10.84752,0.9969465635276323,352.11121299764744,-1.8705353137635987,7.03728,7.40664,-0.4526366581533504,,1.0714310768946396,24.817142,59.475099,17.77900073081896,172.25257339618523,188.74437316734242,-6.973043378210152,0.0037912139280090467,6.5750963160873575
2026-09-16T18:42:33+03:00,7.53,289.84,-163.82052929933977,7.03728,354.99892028510675,350.7762213349926,0.11590936195496554,7.056719999999999,7.542719999999999,-0.022918311805232933,,-4.102377813136695,24.817137,59.475165,13.95374924711332,171.92149764908092,183.07742263602583,-6.986692320404576,0.003970044992286874,6.5790663610796445
2026-09-16T18:42:35+03:00,7.61,289.84,-172.97639486553035,11.62512,356.9985429901134,349.99126915566336,0.0197670439320134,7.6593599999999995,8.04816,-0.1604281826366305,,-7.660445720899108,24.81713,59.475234,19.249800432935185,175.76514489026738,181.233398099846,-7.6384479498261255,0.004152934614578975,6.5832192956942235
2026-09-16T18:42:39+03:00,7.65,289.85,178.1083642421402,11.21688,0.0,354.78119632295704,0.2184115115038698,7.03728,7.056719999999999,-0.29220847551671986,,1.575633936609764,24.817127,59.475369,18.251803304850462,178.83760241017072,178.83760241017072,-7.035831814895139,0.003907120842697401,6.587126416536921
2026-09-16T18:42:43+03:00,7.68,289.84,-166.6165633395782,11.74176,0.0,354.2082385278262,0.8558843543664237,7.542719999999999,8.9424,-0.3495042550298022,,-0.06302535746439056,24.817132,59.475504,19.159353595446415,171.84487088702303,188.15512911297697,-7.466445197925248,0.003907478643747043,6.591033895180668
2026-09-16T18:42:47+03:00,7.53,289.87,-170.80488482198453,8.8452,357.99548955364094,355.81252035419254,-0.3409098881028399,7.36776,7.52328,-0.1432394487827058,,-5.127972266420867,24.817124,59.475647,16.161225406651972,174.98258630883325,183.0129032448077,-7.339527945837837,0.0039689883341594975,6.5950028835148276
2026-09-16T18:42:49+03:00,7.53,289.87,-173.38892447802453,8.184239999999999,1.9996227050065731,354.85568083632404,-0.4902799852934454,7.29,7.42608,0.040107045659157625,,-3.0710537819012123,24.817129,59.475715,15.448580755735964,176.50322719170376,185.49639551330282,-7.276427736101937,0.004090174049667242,6.599093057564494
2026-09-16T18:42:51+03:00,7.53,289.86,180.14236441485465,8.59248,358.9981656951199,356.0187851604397,0.2573153457932527,7.348319999999999,7.46496,-0.3666929888837269,,4.400315866604722,24.817135,59.475783,15.940787772883368,179.92326210526087,178.9214278003808,-7.348313409285549,0.0040914271113138695,6.6031844846758085
2026-09-16T18:42:59+03:00,7.38,289.86,-175.4515725404955,6.95952,0.9969465635276323,355.13643015593817,1.0441582858464122,7.63992,7.98984,-0.13750987083139757,,-5.958761069360561,24.817131,59.476066,14.58796581642056,177.83183050167497,183.16511606185267,-7.634450492964924,0.003908074874720575,6.607092559550529
2026-09-16T18:43:03+03:00,7.46,289.87,-155.94808919424227,6.18192,3.9992454100131463,351.211669259292,-2.1464717878986033,7.814879999999999,8.203679999999999,-0.11459155902616464,,0.7620338675239948,24.817141,59.476207,13.693844001992174,169.3977527065004,194.60149270351275,-7.681465410599513,0.004150240418090348,6.611242799968619
2026-09-16T18:43:15+03:00,7.53,289.88,-159.90149798064493,9.350639999999999,354.99892028510675,348.7823282079373,-0.1999622705006573,7.62048,7.503839999999999,0.6073352628386726,,-5.1680793120800255,24.817068,59.476646,16.713478095488572,168.915731256398,186.08318902870874,-7.478323651157092,0.004094614648678085,6.615337414617297
2026-09-16T18:43:23+03:00,7.38,289.88,-169.4813523152323,9.661679999999999,0.9969465635276323,349.6704127903901,-1.0712591895561,7.348319999999999,6.95952,-0.045836623610465865,,1.380828286265284,24.817057,59.476929,16.939715588851346,174.02342987195092,186.97351669157672,-7.308378624554076,0.003968988190813479,6.61930640280811
2026-09-16T18:43:25+03:00,7.38,289.88,-169.28654666488785,8.02872,356.9985429901134,350.2720184752775,1.1475198720880129,7.542719999999999,7.07616,0.25210142985756223,,2.4809072529164644,24.817052,59.476998,15.503502129008575,174.47559625558551,182.52294673452786,-7.507686214606919,0.004150240286634824,6.6234566430947455
2026-09-16T18:43:35+03:00,7.38,289.88,-159.7296106421057,8.3592,357.99548955364094,352.1398608874039,-0.3697296651979202,7.698239999999999,8.184239999999999,-0.12605071492878112,,-2.824681929994958,24.817034,59.477355,15.807295942237461,169.44321918073805,188.55227037290288,-7.567938258933204,0.0039766118871330325,6.627433254981878
2026-09-16T18:43:37+03:00,7.46,289.89,-165.97485060903168,9.11736,0.9969465635276323,352.0138101724752,0.6168463622378443,7.6788,8.10648,-0.5271211715203573,,-1.948056503444799,24.817032,59.477424,16.6714394626923,172.38381646808378,188.61313009544386,-7.61105873300612,0.0041478818049634275,6.631581136786842
2026-09-16T18:43:41+03:00,7.53,289.89,-157.6497738457808,7.56216,0.0,353.18264407454205,0.15028682966281492,7.4844,7.542719999999999,-0.11459155902616464,,-2.555391766283472,24.817023,59.477567,14.761276341978714,168.76639077047412,191.23360922952588,-7.341006757062343,0.004089148318369227,6.635670285105212
2026-09-16T18:43:43+03:00,7.46,289.89,-167.89998880067125,7.095599999999999,1.9996227050065731,353.17691449659077,0.922977712176243,6.92064,7.63992,-0.4068000345428845,,-2.223076245107594,24.817027,59.477635,13.938185779418365,173.87419232843828,188.1254303765683,-6.881122999322835,0.0040891483110289655,6.63975943341624
2026-09-16T18:43:45+03:00,7.38,289.89,-162.095926335996,6.337439999999999,0.9969465635276323,351.3663678639774,-1.6406646463571124,7.36776,7.85376,-0.10886198107485642,,-2.778845306384493,24.817033,59.477704,13.539205536472576,171.72645174443537,189.27049481909228,-7.291078774563279,0.004151474971840597,6.643910908388081
2026-09-16T18:43:49+03:00,7.38,289.89,-165.60815762014795,5.94864,0.0,352.5065538762877,-2.0561736393859853,7.7176800000000005,7.950959999999999,-0.10313240312354818,,-1.0141352973815572,24.817027,59.477849,13.560489566084513,173.7404018051691,186.2595981948309,-7.671667862385428,0.004088350574553454,6.647999258962635
2026-09-16T18:43:53+03:00,7.38,289.89,-166.16392668142484,6.0264,358.9981656951199,348.87400145515824,0.17280407101145628,7.4844,7.52328,-0.590146528984748,,5.6780117497464575,24.817029,59.477987,13.41358392186597,173.83212040131082,185.16604529380908,-7.441075449773292,0.004087780680797954,6.652087039643432
2026-09-16T18:43:59+03:00,7.35,289.9,-164.71434345974387,7.44552,356.9985429901134,349.928243798199,0.45962674325394637,7.63992,7.9120800000000004,-0.47555496995858326,,-0.10313240312354818,24.817006,59.478198,14.951449376525318,172.45625003706414,184.54229295304924,-7.573795766930268,0.004028258144533524,6.656115297787966
2026-09-16T18:44:01+03:00,7.38,289.9,-148.42515334417456,4.97664,0.9969465635276323,349.0974549952593,0.45865271500222404,7.056719999999999,8.0676,-0.6818197762056798,,2.7559269945792595,24.817006,59.478265,11.593255505367749,167.01058499646814,193.9863615670595,-6.876149870401836,0.00402721699940553,6.660142514787371
2026-09-16T18:44:05+03:00,7.38,289.91,-139.0515638158343,7.07616,356.9985429901134,349.8938663304911,1.0002697187393912,7.5816,8.242560000000001,0.08021409131831525,,-1.2490479933851946,24.816985,59.478407,13.732962682917195,160.26341815717834,196.73512483293504,-7.136219867130694,0.004036577522418475,6.66417909230979
2026-09-16T18:44:09+03:00,7.38,289.9,-169.00579734527372,5.98752,0.9969465635276323,353.89311174050425,0.3373575497730287,7.503839999999999,7.8732,-0.5958761069360561,,1.2490479933851946,24.816982,59.478546,13.430099407938815,175.12260704525153,185.87433951827612,-7.476668005286944,0.0039112923983079025,6.668090384708098
2026-09-16T18:44:11+03:00,7.53,289.91,-162.86368978147132,5.754239999999999,3.9992454100131463,352.90762433287927,-0.890089934735734,7.6788,7.62048,-0.12605071492878112,,0.5213915935690492,24.816991,59.478612,13.286212772462166,172.66845102324288,191.33079438677026,-7.616020635955575,0.003976611180027865,6.672066995888126
2026-09-16T18:44:13+03:00,7.38,289.92,-153.93127775538179,5.26824,0.0,351.0397819207528,-0.05987408959117103,7.1150400000000005,7.095599999999999,0.3495042550298022,,1.208940947726037,24.81699,59.478681,12.071412617608665,168.94299664509285,191.05700335490715,-6.982962534253877,0.004147544772163155,6.676214540660289
2026-09-16T18:44:15+03:00,7.38,289.92,-153.63906927986505,7.75656,356.9985429901134,352.73573699434,1.7439689368191997,7.07616,6.72624,0.03437746770784939,,-3.7127665124477343,24.816979,59.478749,14.442810523135181,166.204053906391,190.79448908372237,-6.872020954689305,0.004101094624811585,6.6803156352851
2026-09-16T18:44:17+03:00,7.38,289.92,-152.206674792038,5.5404,0.9969465635276323,351.78462705442286,-1.7007106232868228,6.5124,6.27912,-0.07448451336700701,,-0.6073352628386726,24.816982,59.478812,11.702348954614603,167.2463897727523,193.75055679077533,-6.351728752582962,0.0037878933240303283,6.684103528609131
2026-09-16T18:44:19+03:00,7.38,289.93,-159.63793739488477,3.81024,3.9992454100131463,351.2746946167564,1.9123612328081485,6.337439999999999,6.47352,-0.22918311805232927,,0.19480565034447989,24.816984,59.478868,9.99788083733198,172.37979530832706,191.61945010168608,-6.281473052993909,0.0033665857480081273,6.687470114357139
2026-09-16T18:44:21+03:00,7.23,289.92,-148.7288209755939,5.69592,0.9969465635276323,353.50923001776664,1.5733994012087535,6.47352,6.76512,-0.017188733853924696,,-3.477853816444097,24.816979,59.478926,11.72098783799213,165.38894278792822,195.60800377559943,-6.2641696447453485,0.0034895870785575764,6.6909597014356965
2026-09-16T18:44:23+03:00,7.31,289.94,-159.97598249401196,7.62048,1.9996227050065731,355.1822667795486,0.24155900642715508,6.74568,7.07616,-0.31512678732195276,,-0.3323155211758775,24.816986,59.47899,14.148200046122874,169.37207066007892,192.62755204492765,-6.629961661749394,0.003852823933489446,6.694812525369186
2026-09-16T18:44:25+03:00,7.38,289.93,-157.10546394040654,5.67648,3.9992454100131463,353.70976524606243,-0.09281916281119336,6.9984,7.15392,-0.06875493541569878,,0.8594366926962348,24.816996,59.479052,12.425518504773594,169.76258225824665,194.2366631517665,-6.886983726929371,0.0037391597035487008,6.698551685072735
2026-09-16T18:44:27+03:00,7.38,289.93,-147.22194197439984,6.24024,0.9969465635276323,354.53482447105085,0.015928226704636884,7.29,7.46496,0.38961130068895977,,-4.532096159484812,24.816995,59.479121,12.983858543322269,164.91816050527942,196.07878605824823,-7.038897058433002,0.004147544768471853,6.7026992298412065
2026-09-16T18:44:57+03:00,7.38,289.95,-152.09781281096315,11.04192,0.9969465635276323,349.2979902235551,-0.9038409218188737,7.4844,7.1150400000000005,-1.0714310768946396,,1.7990874767107847,24.817012,59.480227,18.000274016874872,163.31778505924166,197.679161504286,-7.1693939357316285,0.004027679708209383,6.706726909549416
2026-09-16T18:44:59+03:00,7.23,289.96,-139.46409342832848,11.52792,354.99892028510675,349.1891282424802,0.39923699164715765,7.4844,7.270560000000001,-0.7734930234266114,,-1.2146705256773451,24.817,59.480292,17.890050765091093,155.24141877061365,199.7575015144931,-6.796437399877276,0.0039241349744557185,6.710651044523872
2026-09-16T18:45:01+03:00,7.23,289.96,-145.22804884734455,11.33352,353.99624414362785,350.3522325665958,2.122694039400674,7.6593599999999995,7.542719999999999,-0.34377467707849396,,-4.417504600458647,24.816987,59.480361,18.15838088421739,159.1477766938657,194.84846744976215,-7.157684322544566,0.004166372921366104,6.714817417445238
2026-09-16T18:45:03+03:00,7.27,289.97,-136.37585091257336,9.136800000000001,358.9981656951199,351.8190045221307,-0.9019501610949419,7.698239999999999,7.73712,-0.3093972093706446,,-5.741037107210848,24.816982,59.480429,15.638915322311087,156.2292538942608,202.7689118008591,-7.045164347224451,0.0040901732547949975,6.7189075907000335
2026-09-16T18:45:05+03:00,7.23,289.97,-164.32473215905492,8.08704,357.99548955364094,351.211669259292,0.2655659380431366,7.29,7.348319999999999,-0.6016056848873644,,-0.7563042895726866,24.816986,59.480497,15.233782874743959,171.7535709284616,186.24191862517932,-7.214623791102733,0.004089148001334735,6.722996738701368
2026-09-16T18:45:09+03:00,7.23,289.97,-156.62417939249664,8.43696,358.9981656951199,349.3667451589708,-0.4453600941551889,7.4844,7.950959999999999,-0.5328507494716656,,-4.119566546990619,24.816983,59.480634,15.592433937206346,167.6029853451292,191.39518034999068,-7.309889729934837,0.003968166046955879,6.726964904748324
2026-09-16T18:45:25+03:00,7.16,289.97,-143.2914514998024,7.095599999999999,2.9965692685342056,352.2831003361867,-2.433122572802554,7.42608,7.63992,0.03437746770784939,,-2.446529785208615,24.816963,59.481209,13.78332040320453,162.0783185266952,200.91825074183902,-7.065751954025152,0.003907120801462434,6.730872025549786
2026-09-16T18:45:41+03:00,7.16,289.99,-168.7766142272214,5.42376,357.99548955364094,353.60663284293884,2.9254652061584707,7.56216,8.184239999999999,-0.44117750225073393,,-2.985110112631589,24.816973,59.481794,12.925376075243504,175.31527359653666,182.68021595710428,-7.536896291460775,0.0041478816887093204,6.735019907238495
2026-09-16T18:45:43+03:00,7.08,289.99,-149.09551396447762,4.84056,3.9992454100131463,0.44117750225073393,2.108140911404351,7.15392,8.203679999999999,-0.3552338329811104,,-4.5893919389978945,24.816974,59.481861,11.577332626674664,167.59954329533397,196.39970211467917,-6.987023100153169,0.004027332671162362,6.739047239909658
2026-09-16T18:45:50+03:00,7.08,290.0,154.75460451260784,7.56216,13.99735893504601,8.181837314468156,-2.6807549318580963,7.251119999999999,6.88176,-0.3495042550298022,,1.3579099744600511,24.817063,59.482059,14.455406797072849,167.1078878008513,181.1052467358973,-7.068333182399268,0.003740815500246257,6.742788055409904
2026-09-16T18:45:52+03:00,7.08,290.0,172.68818350020263,8.04816,16.99965778153153,5.872817400090938,-1.321699041807783,5.773680000000001,6.43464,-0.4239887683968092,,1.6673071838306956,24.8171,59.482118,13.794474750468869,175.74169099965886,192.7413487811904,-5.757741337441062,0.003721838635085933,6.746509894044991
2026-09-16T18:45:54+03:00,7.05,289.99,179.67826860079865,9.992159999999998,11.997736230039438,6.1421075638024245,-0.7822019819125998,6.43464,5.98752,-0.5385803274229739,,-0.005729577951308233,24.817128,59.482172,16.42673829192852,179.80429584270144,191.80203207274087,-6.434602463940886,0.0033564486569876923,6.749866342701978
2026-09-16T18:45:56+03:00,6.93,289.99,166.81536610011167,10.28376,10.995060088560496,2.0741072183735803,-1.0921148532988623,6.5124,7.29,-0.3781521447863433,,-0.739115555718762,24.817153,59.482233,16.690723282558647,171.92123070055231,182.91629078911282,-6.447769640464322,0.003745133692234117,6.753611476394212
2026-09-16T18:45:58+03:00,6.93,290.0,166.93568723708916,9.350639999999999,10.995060088560496,0.022918311805232933,-0.029106255992645817,6.97896,8.378639999999999,-0.4239887683968092,,2.337667804133759,24.817177,59.482293,16.225834258267295,172.51508161613341,183.51014170469392,-6.9194935703952964,0.0036801097545947686,6.757291586148807
2026-09-16T18:46:02+03:00,6.86,290.0,181.2997391610189,9.89496,7.9984908200262925,357.03865003577243,-3.3024141395750393,6.6679200000000005,7.13448,0.0,,3.0939720937064457,24.817203,59.482426,16.561855055072936,179.22350741347853,187.22199823350482,-6.667307673435993,0.0038589839265094285,6.7611505700753165
2026-09-16T18:46:04+03:00,6.78,290.0,179.81004889367873,8.39808,2.9965692685342056,353.050863781662,0.8015679553880217,7.1150400000000005,7.07616,-0.4526366581533504,,3.2200228086352265,24.817211,59.482489,15.513098832649842,179.89716931875432,182.89373858728854,-7.115028540982178,0.0037946507577640977,6.764945220833081
2026-09-16T18:46:06+03:00,6.86,290.0,-151.77695644568988,6.53184,0.9969465635276323,352.65552290302173,-2.002831268659306,7.17336,7.387199999999999,-0.2807493196141034,,2.8476002418001913,24.817216,59.482549,13.292538506622112,166.5626747576018,194.43427180592585,-6.97698711805976,0.003609690603561336,6.768554911436642
2026-09-16T18:46:08+03:00,6.9,290.0,-173.6295667519795,5.832,358.9981656951199,350.50693117128105,-2.1419454213170694,6.804,6.901199999999999,-0.4068000345428845,,1.1459155902616465,24.817218,59.482614,12.616594669651999,177.06005126392267,181.93811443119722,-6.79504484164508,0.003907478442961293,6.772462389879603
2026-09-16T18:46:10+03:00,6.75,290.01,181.78102370892879,6.0264,358.9981656951199,352.89616517697664,1.9102985847456777,6.57072,6.006959999999999,-0.641712730546522,,3.792980603766049,24.817214,59.482676,12.595601359427478,179.14797014572665,178.14613584084657,-6.569993493805454,0.0037286778020304413,6.7761910676816335
2026-09-16T18:46:12+03:00,6.82,290.0,-148.70590266378866,4.64616,0.9969465635276323,354.947354083545,-0.6087676573264997,6.24024,5.851439999999999,-0.5099324376664327,,2.9335439110698154,24.817214,59.482737,10.49177836455268,166.70152037885336,194.29542618467428,-6.072907820538429,0.003666570701042611,6.779857638382676
2026-09-16T18:46:14+03:00,6.78,290.0,-163.2074644585498,5.94864,0.9969465635276323,353.36026099103265,-2.125673419935354,5.98752,5.98752,-0.590146528984748,,3.40336930307709,24.817218,59.482795,11.80822777166882,171.63127910350772,189.36566746001992,-5.923764501903718,0.003488384727709532,6.7833460231103855
2026-09-16T18:46:16+03:00,6.78,290.01,-163.7460447859728,5.90976,1.9996227050065731,351.2002101033894,-0.7097801166080637,5.754239999999999,6.045839999999999,-0.7333859777674538,,5.867087822139631,24.817221,59.482849,11.54688176834285,171.76393021993186,190.2356924850747,-5.6948921765466,0.003247108031815317,6.786593131142201
2026-09-16T18:46:18+03:00,6.78,290.0,-152.8884945682437,4.64616,355.9958668486344,352.065376374037,1.3263399999483425,5.87088,5.851439999999999,-0.46982539200727513,,2.647065013504403,24.817218,59.4829,10.228088667240604,168.05253494666184,187.94333190197258,-5.743703972280579,0.0030668608061659246,6.789659991948367
2026-09-16T18:46:20+03:00,6.78,290.01,-169.05736354683552,4.87944,0.9969465635276323,349.33809726921424,-3.713855132258483,5.9292,6.10416,-0.4297183463481174,,3.3116960558561583,24.817213,59.482955,10.759861966162012,175.06167454155303,185.9352720219746,-5.907190438735864,0.0033094450558823333,6.79296943700425
2026-09-16T18:46:22+03:00,6.78,290.01,-155.0657341897408,4.859999999999999,354.99892028510675,344.2502320484526,-0.41894673979965796,5.7348,5.69592,-0.7620338675239948,,7.62033867523995,24.81721,59.483008,10.346698299084908,168.5787070170274,186.42021326807935,-5.621237488995616,0.003187024657776739,6.796156461662027
2026-09-16T18:46:24+03:00,6.78,290.01,-138.57600884587572,11.62512,345.9977533236015,344.53671094601793,1.38094287782431,5.90976,6.006959999999999,-0.5729577951308232,,6.016056848873643,24.817189,59.483064,16.525688678793433,152.2622229987311,193.7355303248704,-5.2306514394601225,0.0034265161193160047,6.799582977781343
2026-09-16T18:46:26+03:00,6.78,290.01,-154.865198961445,7.776,351.9966214386213,344.0325080863028,0.7975572508221059,5.6376,5.773680000000001,-0.40107045659157625,,2.904896021313274,24.817168,59.483119,13.100485272093717,165.39719668831802,186.59942475030326,-5.455487684445902,0.0033674879797132287,6.802950465761056
2026-09-16T18:46:28+03:00,6.78,290.02,-145.9557052471607,5.2488,351.9966214386213,349.3667451589708,1.6858137206134214,5.52096,5.443199999999999,-0.6245239966925973,,2.4064227395494577,24.817156,59.483171,10.298262995396396,163.4211256807912,188.57549575783008,-5.291441802014094,0.0031469881348813243,6.806097453895938
2026-09-16T18:46:30+03:00,6.78,290.02,-164.456512451935,9.68112,356.9985429901134,348.35260986158926,-0.24923664088190808,5.69592,5.326560000000001,-0.25210142985756223,,8.474045789984876,24.817147,59.483224,15.245324376846572,170.20248760734194,186.79605538277144,-5.612846644548462,0.0031975305187757035,6.809294984414714
2026-09-16T18:46:32+03:00,6.78,290.01,-150.98627468840934,9.37008,356.9985429901134,347.52182105864955,-1.1590363237701424,5.6181600000000005,5.09328,-0.08594366926962349,,4.789927167293682,24.817144,59.483277,14.540784599217103,161.78725228284756,195.21129070726582,-5.3367044357560145,0.0031870246368221945,6.812482009051536
2026-09-16T18:46:34+03:00,6.63,290.02,-158.6810978770163,9.60336,352.9992975801002,347.32701540830504,0.2271777657693714,5.52096,5.22936,0.06302535746439056,,4.371667976848181,24.817135,59.48333,14.882503559208342,166.43215829533494,186.56713928476523,-5.3668856045059945,0.003197530443943556,6.81567953949548
2026-09-16T18:46:36+03:00,6.78,290.03,-162.12457422575255,6.27912,351.9966214386213,347.1207506020579,0.29026041901327504,5.7348,5.48208,-0.3781521447863433,,5.695200483600383,24.817124,59.483378,11.868346095278383,170.654032215133,181.3425892234883,-5.65867480711343,0.0029046395618184946,6.818584179057298
2026-09-16T18:46:37+03:00,6.71,290.02,-145.6062009921309,5.7348,356.9985429901134,345.969105433845,-3.338854255345359,5.65704,5.22936,-1.0599719209920229,,11.44196716876254,24.817116,59.483432,10.882584816260454,162.6820589767498,194.31648401336358,-5.400593001998495,0.003254988136044305,6.8218391671933425
2026-09-16T18:46:39+03:00,6.71,290.02,-143.80711351542013,7.56216,351.9966214386213,339.04204569071334,-1.307833463165617,5.96808,5.5598399999999994,-0.5156620156177408,,13.200947599814167,24.817106,59.483483,12.870495014610464,159.69875017422322,192.29787126439805,-5.597351025673565,0.0030806508090559536,6.824919818002399
2026-09-16T18:46:41+03:00,6.75,290.03,-130.904103969074,11.702879999999999,343.998130618595,340.801026121765,-0.7536113879355718,5.52096,6.24024,-0.7505747116213785,,10.92057557519349,24.817082,59.483531,15.876160942268477,146.1423285680326,197.85580205056237,-4.584738269578486,0.002976709791431327,6.82789652779383
2026-09-16T18:46:43+03:00,6.75,290.02,-141.94500068124495,11.04192,344.9950771821226,340.86978105718066,5.439031053397391,5.94864,6.24024,-0.3093972093706446,,6.434316039319144,24.817054,59.483581,16.14783789003443,155.07020404096787,189.92487314115473,-5.394375094437494,0.0031245326899275133,6.831021060483757
2026-09-16T18:46:45+03:00,6.75,290.03,-146.55158135409678,10.4004,349.9969987336147,357.9324641961765,9.148646297971908,6.0264,5.851439999999999,0.4297183463481174,,-2.3147494923285254,24.817026,59.48364,15.782234823309004,158.7014062151411,191.2955925184736,-5.614797739427774,0.003647875262527295,6.834668935746285
2026-09-16T18:46:47+03:00,6.78,290.04,174.72791325086837,8.30088,356.9985429901134,15.647477385022782,8.47914511436154,5.65704,5.307119999999999,-0.3323155211758775,,-4.022163721818379,24.817019,59.483694,13.943680404406473,176.8643104325286,173.86285342264205,-5.6485702281891275,0.0032528407886938796,6.837921776534978
2026-09-16T18:46:49+03:00,6.63,290.03,143.59911624141074,12.75264,18.999280486538098,32.27471259971927,8.130500296024433,5.6376,5.52096,-0.06875493541569878,,-3.030946736242055,24.817057,59.48374,17.61095028444362,154.55007041663345,173.54935090317156,-5.090533838765233,0.002998360894236759,6.840920137429215
2026-09-16T18:46:51+03:00,6.63,290.03,140.11553284701532,10.94472,23.995472460078876,47.45236459273479,7.5342804144113,5.9292,5.5598399999999994,-1.3235325067522015,,-23.955365414419724,24.817114,59.483779,15.954085256509227,153.90246713325195,177.89793959333082,-5.32469741768008,0.0029192383891243384,6.84383937581834
2026-09-16T18:46:53+03:00,6.63,290.03,101.26899433714551,15.51312,42.99475294661698,61.95965596544722,7.996829242420413,5.79312,5.7348,0.8479775367936184,,-18.351838178040268,24.817184,59.483815,17.588088511043665,120.11509354164828,163.10984648826525,-2.906632082505906,0.00304089718349854,6.8468802730018385
2026-09-16T18:46:55+03:00,6.48,290.03,89.98172577306829,17.72928,62.99670957463401,76.35808535708482,6.993408255807802,6.1236,6.4152,0.08021409131831525,,-19.205545292785196,24.817285,59.483836,18.755175082382973,109.03831579855694,172.03502537319093,-1.9975206758485549,0.0033310997897545384,6.850211372791593
2026-09-16T18:46:57+03:00,6.52,290.03,68.61612959263988,16.912799999999997,74.99444580467346,94.05102207072463,9.96545493071041,6.53184,6.1236,-0.24064227395494575,,-22.471404725030887,24.817395,59.483848,15.75273092017513,91.32836903668075,166.32281484135422,-0.15142331235188317,0.0034339800629247545,6.853645352854517
2026-09-16T18:46:59+03:00,6.48,290.03,55.03702984803937,18.662399999999998,89.9944808811984,114.94679285914577,10.33707535663226,5.832,6.0652800000000004,-0.7505747116213785,,-19.858717179234336,24.817501,59.483846,16.04859993291094,72.36322649160341,162.35770737280183,1.766988715229432,0.003237519290265209,6.856882872144783
2026-09-16T18:47:01+03:00,6.33,290.03,36.31276910316407,21.81168,113.99568291922859,132.74286197590914,7.876336218104401,5.5404,5.6376,0.5729577951308232,,-9.396507840145501,24.81759,59.483822,17.654795578554616,47.02293753759196,161.01862045682054,3.776921254864129,0.003075710439624804,6.859958582584407
2026-09-16T18:47:03+03:00,6.33,290.04,36.209636700040534,24.41664,135.99726225225223,144.1561812549151,3.670482227167079,5.20992,4.89888,-0.040107045659157625,,-3.540879173908488,24.81766,59.483787,20.445929668745304,44.86724917043867,180.8645114226909,3.6924953990900238,0.002998422099124451,6.8629570046835315
2026-09-16T18:47:05+03:00,6.33,290.03,34.725676010651696,22.744799999999998,145.99537577728506,151.2264804468295,3.1124786304891714,4.78224,4.60728,-0.18907607239317165,,-4.428963756361264,24.817708,59.48375,19.010530007249486,42.96447559921296,188.95985137649802,3.4995304290602944,0.002663165478340962,6.865620170161873
2026-09-16T18:47:07+03:00,6.33,290.04,33.453709705461264,22.76424,147.99499848229166,156.78417105959846,1.5739150632243715,4.45176,4.257359999999999,0.1432394487827058,,-3.0997016716577535,24.817744,59.483718,19.207418635141803,40.79433480793372,188.7893332902254,3.370247910813333,0.0022151672911812047,6.867835337453054
2026-09-16T18:47:09+03:00,6.33,290.04,27.603810617175558,21.34512,154.9965427387903,159.94689808872062,-0.10244485376939119,3.96576,4.00464,-0.8594366926962348,,-5.28267087110619,24.817775,59.483684,17.925206252116666,33.48767056386009,188.4842133026504,3.3074619780700156,0.002252065458434514,6.870087402911489
2026-09-16T18:47:11+03:00,6.48,290.05,31.54576024767562,19.07064,153.99959617526267,160.2677544539939,-0.7277136955956586,3.6741599999999996,3.92688,-1.8048170546620932,,-2.6757129032609446,24.8178,59.483652,16.05492770808549,38.42223832307974,192.4218344983424,2.8785291429745965,0.0020692711781130054,6.872156674089602
2026-09-16T18:47:13+03:00,6.45,290.04,31.580137715383476,20.5092,152.99692003378374,158.56034022450402,-1.571565936264335,3.6352800000000003,3.42144,-1.306343772898277,,-3.346073523564008,24.817818,59.483622,17.516038203164978,37.81975817191025,190.816678205694,2.8716661970024555,0.0018850663287962774,6.874041740418399
2026-09-16T18:47:15+03:00,6.33,290.04,26.738644346528016,19.57608,160.99541085381,155.74138787246036,-1.0121299450985992,2.916,2.95488,0.022918311805232933,,-4.566473627192661,24.81783,59.483597,17.02252715739646,31.158964438975886,192.1543752927859,2.4953234192722933,0.001546684654964664,6.875588425073364
2026-09-16T18:47:17+03:00,6.33,290.04,25.63856537987683,18.390240000000002,154.9965427387903,153.0484862353455,-1.032183467928178,2.60496,2.50776,0.5557690612768985,,-5.6550934379412245,24.817848,59.483575,16.08131027041507,29.65775068576764,184.65429342455795,2.2637014465352907,0.001431954588782848,6.877020379662146
2026-09-16T18:47:19+03:00,6.33,290.04,29.40862767183765,18.195839999999997,145.99537577728506,150.17223810378877,-1.8269332255541428,2.41056,2.5272,-0.017188733853924696,,-5.6321751261359925,24.817874,59.483556,16.139369011854736,33.6145042301801,179.60988000746516,2.007468868317805,0.0013906904069310474,6.8784110700690775
2026-09-16T18:47:21+03:00,6.26,290.04,21.421596007713976,18.817919999999997,151.9999734702561,147.93770270277855,0.7362507667431079,1.96344,2.5272,1.793357898759477,,-3.9190313186948313,24.817891,59.48354,17.005244588593005,23.838447045680624,175.83842051593672,1.795936325899738,0.0010927668818734926,6.879503836950951
2026-09-16T18:47:23+03:00,6.26,290.05,30.56600241800191,18.156959999999998,156.99616544379688,143.60041219363822,-1.2696171782303913,1.8467999999999998,2.1384000000000003,1.0485127650894066,,-1.7188733853924696,24.817907,59.483523,16.593382581504045,33.810569750842234,190.80673519463912,1.5344725662566594,0.0011325300870142527,6.880636367037965
2026-09-16T18:47:25+03:00,6.26,290.05,38.39260589948897,17.90424,149.99462118729824,141.29139227926103,-0.04469070802020421,1.90512,2.60496,0.590146528984748,,-6.1421075638024245,24.817926,59.483509,16.45365267739438,42.51625644616689,192.51087763346513,1.4042365619629258,0.0010219773998228297,6.881658344437788
2026-09-16T18:47:27+03:00,6.33,290.05,37.69932696738067,17.67096,137.99688495725877,139.6699217190408,-0.44593305195031974,2.3522399999999997,2.6632800000000003,0.7219268218648373,,-6.697876625079324,24.817954,59.483492,15.875097859729356,42.89800571317423,180.894890670433,1.7231724406185527,0.0013321043340803714,6.882990448771869
2026-09-16T18:47:29+03:00,6.33,290.05,35.45333241046784,16.99056,132.9949634057667,137.0916116409521,-1.194273228170688,2.48832,2.6632800000000003,0.7849521793292279,,-7.906817572805362,24.817982,59.483475,15.033051053466066,40.96279077228391,173.9577541780506,1.8790187206228228,0.0013321046094831883,6.884322553381352
2026-09-16T18:47:31+03:00,6.22,290.05,36.46173812989808,19.12896,136.99993839373113,138.95372447512725,0.3042405892144671,2.1967199999999996,2.7215999999999996,0.716197243913529,,-6.89841185337511,24.818007,59.483461,17.41125018213195,40.76175866889395,177.76169706262507,1.6638638355179716,0.001135947972338819,6.885458501353691
2026-09-16T18:47:33+03:00,6.18,290.05,31.603056027188707,19.0512,142.99880650875087,140.67259786051974,1.7510736134788218,2.2550399999999997,2.83824,0.48701412586119974,,-4.05081161157492,24.818036,59.483445,17.17129509544586,35.54921421724916,178.54802072600003,1.8347375790026568,0.0013070491923733616,6.886765550546064
2026-09-16T18:47:35+03:00,6.26,290.05,36.27839163545623,17.5932,139.99650766226534,137.28068771334523,-3.2205384706508444,2.60496,2.6632800000000003,0.38388172273765153,,-3.283048166099617,24.818069,59.483429,15.569692685082742,41.959903661320936,181.95641132358628,1.9370818856390413,0.0013926278742314433,6.888158178420296
2026-09-16T18:47:37+03:00,6.18,290.05,37.89413261772515,15.6492,141.99613036727192,133.37311555055302,-2.347522678210009,2.2356,2.7799199999999997,0.3609634109324186,,-3.523690440054563,24.818096,59.483411,13.952712945574685,43.54187023905746,185.53800060632938,1.6205219341495618,0.0013600444140533772,6.88951822283435
2026-09-16T18:47:39+03:00,6.18,290.05,47.02135029415916,15.96024,137.99688495725877,126.42886707356745,-5.850758524978402,2.3522399999999997,2.916,0.4812845479098915,,-4.749820121634524,24.818125,59.483394,14.459431715612524,53.85672022306018,191.85360518031894,1.3873664985816185,0.0013518901119207898,6.890870112946271
2026-09-16T18:47:41+03:00,6.18,290.05,52.8998972722014,15.47424,130.99534070076012,118.79133966447358,-2.0951920652343947,2.60496,3.07152,0.5099324376664327,,-6.697876625079324,24.81816,59.483379,14.057291591163606,61.39936738320688,192.394708083967,1.2469983947348338,0.0013978951471027411,6.892268008093374
2026-09-16T18:47:43+03:00,6.18,290.06,61.33383601652713,16.368479999999998,116.99798176571409,113.77795895707888,-0.7081185390021844,2.5855200000000003,3.2076,0.865166270647543,,-9.774659984931844,24.8182,59.483366,15.297345989964178,69.86231619493282,186.8602979606469,0.8901357634583571,0.001449529054758793,6.893717537148133
2026-09-16T18:47:45+03:00,6.18,290.06,55.604258065218886,17.06832,113.99568291922859,114.37956464196624,0.8209912246429566,3.14928,3.57696,0.962569095819783,,-10.823172750021252,24.818259,59.483354,15.508541312922755,65.25036975685525,179.24605267608382,1.3184582812856793,0.001939881173436226,6.895657418321569
2026-09-16T18:47:47+03:00,6.03,290.06,56.21159332805756,16.21296,118.99760447072069,116.63128877683039,0.32521084451625526,3.0132,3.7908,0.5099324376664327,,-11.642502397058328,24.818304,59.483343,14.751358501064546,65.98573802913133,184.98334249985203,1.2262640112793632,0.001524350017765841,6.897181768339335
2026-09-16T18:47:49+03:00,6.18,290.07,50.28720972640485,16.77672,121.9999033172062,118.31578469451499,-0.8413312263701007,3.8491199999999997,3.8491199999999997,0.716197243913529,,-10.553882586309763,24.818365,59.483326,14.620336433855476,61.97177740269984,183.97168071990603,1.8087262213203121,0.002123817911359964,6.899305586250695
2026-09-16T18:47:51+03:00,6.11,290.07,55.747497514001594,15.901919999999999,124.99647258574039,117.71417900962763,-0.07179161172989215,3.92688,4.02408,0.6073352628386726,,-9.751741673126611,24.818421,59.483308,14.071187121004838,69.0841080873481,194.0805806730885,1.4018847812340867,0.002022887914044529,6.90132847416474
2026-09-16T18:47:53+03:00,6.03,290.07,43.744031706010844,15.804720000000001,125.99914872721935,116.93495640824972,1.503326662864254,3.81024,4.21848,0.4297183463481174,,-9.276186703168028,24.818487,59.483286,13.315300807878126,55.15578310480625,181.1549318320256,2.1769695875822537,0.002409708890887696,6.903738183055627
2026-09-16T18:47:55+03:00,6.11,290.073,44.282612033433836,15.901919999999999,125.99914872721935,120.1263313271284,3.6040764187114176,3.96576,4.276800000000001,0.38388172273765153,,-8.468316212033567,24.818551,59.483266,13.353046012658371,56.25029080028317,182.24943952750252,2.203241471528273,0.0022936869426716413,6.906031869998299
2026-09-16T18:47:57+03:00,5.92,290.077,39.09734398749987,16.407359999999997,130.99534070076012,125.51786417930946,1.6639267328394238,3.6547199999999997,4.33512,0.5156620156177408,,-8.084434489295916,24.818611,59.483246,13.76534651780985,48.736109219294406,179.73144992005453,2.4103904340498357,0.0021906463050407475,6.90822251630334
2026-09-16T18:47:59+03:00,5.88,290.073,38.008724176751315,16.64064,133.99763954724563,129.3051152051242,0.6901849600145896,4.19904,4.5684000000000005,0.5099324376664327,,-4.257076417822017,24.818667,59.483221,13.580570238836215,48.98463962060987,182.9822791678555,2.755667595680067,0.0022758699805194298,6.91049838628386
2026-09-16T18:48:01+03:00,6.03,290.08,41.11415542636037,17.41824,133.99763954724563,128.58891796121065,-0.4474800379971729,4.29624,4.1212800000000005,0.6130648407899808,,-4.440422912263879,24.818722,59.483194,14.460094958055876,52.38038445435134,186.37802400159697,2.6224952389318186,0.0023349360581825995,6.912833322342042
2026-09-16T18:48:03+03:00,5.88,290.07,42.55227949213874,15.99912,128.99571799575352,127.95293480861544,0.06245239966925974,3.7713599999999996,3.9463199999999996,0.31512678732195276,,-6.818197762056796,24.818777,59.48317,13.46466092590679,53.47101750400434,182.46673549975787,2.2448240994634534,0.0022134026295277127,6.915046724971569
2026-09-16T18:48:05+03:00,5.88,290.07,50.138240699670845,15.765839999999999,133.99763954724563,129.9410983577194,-0.6693292962718277,3.73248,4.21848,0.3036676314193363,,-7.32240062177192,24.818826,59.483148,13.676999415631958,62.229984528584694,196.2276240758303,1.7390507045585426,0.001996357608707469,6.9170430825802764
2026-09-16T18:48:07+03:00,5.88,290.07,42.48925413467434,15.66864,139.99650766226534,129.35668140668594,-1.3792813002184308,4.23792,4.41288,0.544309905374282,,-7.030192146255201,24.818876,59.483119,12.866055623945247,55.34431629706417,195.3408239593295,2.4098654637143513,0.0023167854363319172,6.919359868016608
2026-09-16T18:48:09+03:00,5.92,290.07,46.219209380976,16.29072,134.99458611077327,125.81580223277747,-1.3155683933998832,4.1796,4.19904,0.5271211715203573,,-5.689470905649074,24.81893,59.48309,13.734457525193905,58.91138562706361,193.90597173783686,2.1581914807446165,0.0023989679862041536,6.921758836002812
2026-09-16T18:48:11+03:00,5.88,290.07,50.241373102794384,16.54344,132.9949634057667,123.30624709010446,0.36990155253645945,3.86856,4.393439999999999,0.4297183463481174,,-6.766631560495022,24.818981,59.483069,14.380162113015986,62.17675446720182,195.17171787296851,1.8056329182956654,0.0020041007093291544,6.923762936712142
2026-09-16T18:48:13+03:00,5.73,290.07,52.79676486907786,16.21296,127.99877143222591,125.81580223277747,3.4785413657982542,3.9463199999999996,4.1796,0.9453803619658584,,-5.844169510334397,24.819041,59.483045,14.179612396773532,65.60403879998978,193.6028102322157,1.6299889377436205,0.002331275996053282,6.926094212708195
2026-09-16T18:48:15+03:00,5.85,290.07,44.44304021607044,15.49368,125.99914872721935,128.68632078638288,-0.7663883467669892,4.1796,4.49064,-0.017188733853924696,,-4.8128454790989155,24.819103,59.483021,12.847431970437354,57.610212408432076,183.60936113565143,2.23891263560533,0.0023795305586110575,6.928473743266806
2026-09-16T18:48:17+03:00,5.85,290.07,46.4254741872231,14.94936,136.99993839373113,126.99036571279566,-1.3580245660190775,3.888,4.276800000000001,-0.2578310078088704,,-3.873194695084365,24.819156,59.482994,12.588553409886343,59.355247253751244,196.35518564748236,1.981766364706135,0.0022914474552042205,6.93076519072201
2026-09-16T18:48:19+03:00,5.73,290.07,49.21577864951021,15.435360000000001,129.99839413723248,127.00182486869828,-0.4383700090545929,3.92688,4.31568,0.8307888029396938,,-8.932412026089535,24.819207,59.482971,13.209265170405633,62.224224119892185,192.22261825712468,1.829975582647195,0.002081915483280786,6.9328471062052905
2026-09-16T18:48:21+03:00,5.73,290.08,41.33760896646139,16.64064,125.99914872721935,132.76578028771436,5.515864693724435,4.04352,4.45176,0.6990085100596044,,-8.605826082864965,24.819268,59.48295,13.8643072727165,52.44409311046766,178.44324183768703,2.464668018480445,0.0022494101020848175,6.935096516307375
2026-09-16T18:48:23+03:00,5.73,290.08,33.37349561414295,21.52008,137.99688495725877,143.68635586290785,5.425280066314252,4.0629599999999995,3.96576,0.8307888029396938,,-2.2631832907667517,24.819326,59.482922,18.264357432827666,40.40240531300557,178.39929027026434,3.093989132286033,0.0024426422779126413,6.937539158585288
2026-09-16T18:48:25+03:00,5.62,290.07,31.33376586347722,22.70592,155.99921888026924,151.0889705759981,1.5022953388330185,3.92688,4.29624,0.6818197762056798,,-3.6841186226911935,24.819364,59.48289,19.459210292127754,37.35752509830931,193.35674397857855,3.1213381605699886,0.0022460865597156245,6.9397852451450035
2026-09-16T18:48:27+03:00,5.73,290.07,37.32690440054563,21.63672,150.99729732877717,152.41250308275028,-0.08365183808910018,4.548959999999999,4.64616,0.7505747116213785,,-6.5202597085887675,24.819405,59.482853,18.229329233148764,46.02986966034533,197.0271669891225,3.1582668104123828,0.002551894399092483,6.942337139544096
2026-09-16T18:48:29+03:00,5.73,290.08,26.652700677258395,21.1896,155.99921888026924,153.15734821642033,-0.2963910674211748,4.548959999999999,4.723920000000001,0.7333859777674538,,-5.466017365548054,24.819437,59.482816,17.245157337323967,33.4482957930872,189.44751467335644,3.7955774171456618,0.002429010635448678,6.944766150179544
2026-09-16T18:48:31+03:00,5.62,290.09,22.166441141384045,21.69504,157.9988415852758,157.2998330752162,1.797082124427827,4.23792,4.723920000000001,0.865166270647543,,-7.482828804408551,24.819461,59.482777,17.84212889652579,27.30802293701123,185.30686452228704,3.765616533045125,0.002455991376651338,6.947222141556195
2026-09-16T18:48:33+03:00,5.73,290.09,21.81693688635424,21.01464,163.9977097002955,160.12451500521118,-0.5776560490508961,4.49064,4.64616,0.8938141604040842,,-1.0370536091867901,24.819486,59.482739,16.928105952773663,27.47481615605406,191.47252585634956,3.984157351920623,0.0024081836238334475,6.949630325180029
2026-09-16T18:48:35+03:00,5.73,290.09,22.14352282957881,19.57608,171.99620052032182,158.44574866547785,-1.0400902855009835,4.393439999999999,4.510079999999999,-0.045836623610465865,,-0.5786873730821314,24.819495,59.4827,15.594863521752144,28.239224496174188,200.235425016496,3.8705316241575196,0.002360241504530618,6.951990566684559
2026-09-16T18:48:37+03:00,5.66,290.09,24.183252580244545,19.42056,164.99465626382317,158.24521343718206,0.23984013304176258,4.4712,4.68504,0.005729577951308233,,-4.938896194027696,24.819512,59.482661,15.450707006140652,30.991583344392012,195.9862396082152,3.832904676689651,0.002400941340134628,6.954391508024694
2026-09-16T18:48:39+03:00,5.73,290.08,22.47583835075469,20.9952,159.99846429028239,159.77501075018137,0.6021213469029821,4.49064,4.23792,0.8995437383553924,,-2.045459328617039,24.81954,59.482622,16.932916128184893,28.294769268830066,188.29323355911245,3.954101166407013,0.002495130898370798,6.956886638923065
2026-09-16T18:48:41+03:00,5.73,290.08,20.63664382838475,20.39256,170.9992539567942,162.27310673695175,1.9541298560731857,4.21848,4.43232,0.22345354010102106,,-1.822005788516018,24.819557,59.482581,16.51183353139201,25.802679632403112,196.80193358919732,3.7978908591935454,0.0025184500369262062,6.959405088959991
2026-09-16T18:48:43+03:00,5.73,290.08,19.53083528378226,20.39256,171.99620052032182,158.73222756304327,-5.750490910830507,3.7908,4.78224,0.4239887683968092,,-0.5844169510334397,24.819566,59.482543,16.867552544742054,23.83972720721806,195.83592772753988,3.467367585003561,0.0023005530790313968,6.961705642039022
2026-09-16T18:48:45+03:00,5.73,290.09,29.047664260905233,18.99288,168.99963125178763,148.63671121283815,1.2567256278399477,4.60728,4.19904,1.283425461093044,,-0.7792226013779195,24.819577,59.482505,15.131393158137337,37.54935962346616,206.5489908752538,3.6527833767384044,0.002308638172693641,6.964014280211716
2026-09-16T18:48:47+03:00,5.66,290.08,20.69393960789783,18.48744,155.99921888026924,154.5782835483448,3.9859527891661113,3.6935999999999996,4.6655999999999995,0.6760901982543714,,-6.652040001468857,24.819608,59.482472,15.088705449063438,25.656440051520065,181.6556589317893,3.3294348877106525,0.0021976797525879365,6.966211959964304
2026-09-16T18:48:49+03:00,5.73,290.08,29.987315044919782,19.20672,163.9977097002955,158.76660503075112,3.386524343900244,4.276800000000001,4.510079999999999,0.8250592249883855,,1.0370536091867901,24.81964,59.482434,15.649107308883751,37.83813970314074,201.83584940343624,3.377589317616534,0.002484166770176854,6.968696126734481
2026-09-16T18:48:51+03:00,5.73,290.08,10.90782046706337,20.10096,170.9992539567942,163.6138279775579,1.7737054463864894,3.5964,4.41288,1.5699043586584558,,-2.2975607584746007,24.819652,59.482399,16.583506340615262,13.259753812469881,184.2590077692641,3.5005207893828905,0.002135416924887203,6.970831543659369
2026-09-16T18:48:53+03:00,5.7,290.08,25.2661428130418,19.42056,176.99812207181392,163.85447025151282,0.2388661047900402,2.97432,4.548959999999999,0.19480565034447989,,1.3349916626548182,24.819663,59.482368,16.77887379548145,29.605357352421834,206.60347942423576,2.586018777668976,0.0018933468521499786,6.972724890511518
2026-09-16T18:48:55+03:00,5.62,290.08,25.604187912168985,20.85912,174.99849936680735,160.53131503975405,-1.3728641729129654,4.45176,4.6655999999999995,-0.20626480624709637,,-1.6959550735872368,24.81967,59.48233,16.95402463245152,32.1197847519974,207.11828411880475,3.770366376438987,0.0022940646577113604,6.975018955169229
2026-09-16T18:48:57+03:00,5.7,290.08,18.379190115569305,19.2456,159.99846429028239,159.0874613960244,0.07110406237573516,5.01552,4.510079999999999,0.664631042351755,,-4.153944014698468,24.819706,59.482284,14.571983921018509,24.609449331646033,184.60791362192842,4.55994749292481,0.0029752976306988165,6.977994252799928
2026-09-16T18:48:59+03:00,5.73,290.08,21.478891787227056,19.28448,163.9977097002955,159.26507831251493,0.4665595325750293,3.92688,4.35456,0.7563042895726866,,-2.6929016371148693,24.819736,59.482242,15.696308224586051,26.734839701383606,190.7325494016791,3.507088701352758,0.002685462759700382,6.980679715559629
2026-09-16T18:49:01+03:00,5.58,290.08,15.525860295817806,18.11808,171.99620052032182,162.74293212895904,0.05110783532566943,3.9851999999999994,4.29624,0.6589014644004466,,-4.6810651862188255,24.819751,59.482202,14.318093290311673,19.798489202177564,191.79468972249938,3.749633634842537,0.0024475135773787556,6.983127229137008
2026-09-16T18:49:03+03:00,5.62,290.07,21.822666464305552,17.92368,176.99812207181392,162.21581095743866,-0.10800254438216017,4.02408,4.31568,0.9740282517223995,,-2.2288058230589023,24.819756,59.482165,14.266611092674001,27.84134314705136,204.83946521886529,3.5582694504978445,0.0022292157793414582,6.985356444916349
2026-09-16T18:49:05+03:00,5.73,290.083,17.35932524023644,18.09864,174.99849936680735,162.18716306768215,0.046294989846570524,3.92688,4.5684000000000005,0.4812845479098915,,-4.068000345428845,24.819766,59.482125,14.39836895020397,22.026808926633578,197.02530829344093,3.640251033000415,0.0024236060194102555,6.9877800509357595
2026-09-16T18:49:07+03:00,5.73,290.087,19.33602963343778,17.43768,167.99695511030868,164.4216984686923,1.5439493705390293,4.23792,4.5684000000000005,0.47555496995858326,,-3.6268228431781107,24.819782,59.482086,13.511867836020006,25.29694805047498,193.29390316078366,3.831525984953201,0.0023945320266899025,6.9901745829624495
2026-09-16T18:49:09+03:00,5.73,290.091,7.76228217179515,17.029439999999997,168.99963125178763,169.0340087194955,2.753291388721658,4.723920000000001,4.45176,0.5099324376664327,,-2.4064227395494577,24.819798,59.482044,12.365277022324605,10.719965541238906,179.71959679302654,4.641478330858773,0.0025713280670817827,6.992745911029531
2026-09-16T18:49:11+03:00,5.73,290.082,8.564423084978301,15.765839999999999,176.99812207181392,175.9725276185297,3.1572839300684015,4.41288,4.49064,0.7047380880109125,,-0.9797578296737078,24.819801,59.48201,11.421090429727125,11.863057000783868,188.8611790725978,4.318628550144154,0.002045712794094263,6.994791623823625
2026-09-16T18:49:13+03:00,5.7,290.087,-1.444290159264483,16.69896,186.9962355968468,179.04358140043095,-1.033558566636492,4.04352,4.374,0.4526366581533504,,-0.8193296470370772,24.819786,59.481975,12.657134936125935,1.9056473949839585,185.09058820186283,4.041283703467126,0.002153015088726574,6.9969446389123515
2026-09-16T18:49:15+03:00,5.88,290.088,-0.9687351893059004,16.85448,190.9954810068599,173.78382884112997,-3.9863538596227026,4.33512,4.64616,-0.017188733853924696,,1.260507149287811,24.819768,59.481932,12.520194150531525,1.3041458981232097,189.6913351087367,4.333997052449418,0.0026423820528224478,6.999587020965174
2026-09-16T18:49:17+03:00,5.73,290.091,7.682068080476835,16.893359999999998,183.99966632831257,165.8483633785681,-2.1684160714521132,3.71304,4.45176,1.3521803965087429,,0.8021409131831525,24.819765,59.48189,13.222963031842166,9.833259485654679,193.83292581396725,3.6584914619191924,0.0025261842640277245,7.002113205229201
2026-09-16T18:49:19+03:00,5.73,290.086,2.2733464944418635,17.126640000000002,174.99849936680735,163.29297161228462,-0.30836588533940906,4.14072,4.52952,0.4239887683968092,,-4.40604544455603,24.819764,59.481846,12.99021736743033,2.9978203132841372,177.9963196800915,4.1350535283368774,0.0026449156534555803,7.004758120882657
2026-09-16T18:49:21+03:00,5.73,290.087,11.10262611740785,19.01232,172.99887666180075,162.4507236534423,-0.10267403688744353,4.04352,4.45176,0.4297183463481174,,-3.065324203949904,24.819768,59.481811,15.064615717328605,14.065406574084847,187.0642832358856,3.922290926587667,0.0021073099840097894,7.006865430866666
2026-09-16T18:49:23+03:00,5.73,290.088,3.877628320808168,19.20672,172.99887666180075,165.65355772822363,1.6055996292951058,4.23792,4.21848,0.7448451336700701,,-2.3319382261824506,24.819782,59.481771,14.98124313546939,4.973768240899915,177.97264490270067,4.221962096338002,0.002441988810023152,7.00930741967669
2026-09-16T18:49:25+03:00,5.88,290.09,7.344022981349649,18.60408,166.99427896882975,167.928200174893,-0.878344299935552,3.86856,4.31568,0.4068000345428845,,1.1573747461642627,24.819796,59.481733,14.775532983628986,9.261947285216223,176.25622625404597,3.8181249145971594,0.0023237236310684113,7.011631143307758
2026-09-16T18:49:27+03:00,5.77,290.08,1.426228394340941,19.10952,184.9966128918402,167.1718958853203,-0.25227331719610147,4.04352,4.31568,0.5672282171795151,,1.873571990077792,24.819794,59.481695,15.067588799092555,1.8089326507419798,186.80554554258217,4.041504916460006,0.0022849088799315772,7.01391605218769
2026-09-16T18:49:29+03:00,5.85,290.09,4.169836796324888,17.92368,171.99620052032182,165.5618844810027,-1.2269891182726578,4.33512,4.257359999999999,0.09167324722093173,,0.888084582452776,24.819795,59.481655,13.603688098527206,5.497594843273873,177.4937953635957,4.31517940560178,0.0024045024016454454,7.016320554589335
2026-09-16T18:49:31+03:00,5.81,290.08,2.416585943224569,17.61264,176.99812207181392,166.45569864140674,0.762836008437178,4.04352,4.29624,0.6990085100596044,,-0.20053522829578813,24.819799,59.481616,13.57378683600944,3.136272623686949,180.13439469550087,4.0374637539983755,0.0023473783379036077,7.018667932927238
2026-09-16T18:49:33+03:00,5.88,290.09,4.989166443361966,17.496,174.99849936680735,167.08022263809937,-0.5825834860890211,4.276800000000001,4.33512,-0.05729577951308232,,1.501149423242757,24.819804,59.481578,13.240629249363314,6.598872085889781,181.59737145269713,4.248466319918841,0.002289186344288989,7.020957119271527
2026-09-16T18:49:35+03:00,5.73,290.08,3.9005466326134015,17.96256,180.99736748182707,165.9801436714482,-1.1049491079097926,4.29624,4.68504,0.06302535746439056,,0.9682986737710912,24.8198,59.481539,13.679393908722227,5.12472495887053,186.1220924406976,4.279066261531048,0.002347378352386679,7.023304497623914
2026-09-16T18:49:37+03:00,5.85,290.09,8.994141431326419,18.059759999999997,178.99774477682047,161.1730277703006,-3.287861011578716,4.393439999999999,4.21848,0.21772396214971285,,0.16615776058793874,24.8198,59.481502,13.73752121241086,11.859982043112609,190.85772681993308,4.29965222022139,0.002223985506826233,7.02552848313074
2026-09-16T18:49:39+03:00,5.88,290.09,9.091544256498661,17.748720000000002,170.9992539567942,158.24521343718206,-0.15160463259161583,4.1212800000000005,4.393439999999999,0.07448451336700701,,0.29220847551671986,24.819812,59.481463,13.694707138170836,11.817111013388683,182.8163649701829,4.033934719632504,0.0023726445973741273,7.027901127728114
2026-09-16T18:49:41+03:00,5.88,290.08,11.629747288928208,17.029439999999997,163.9977097002955,160.28494318784777,1.4924977605362815,4.23792,4.19904,0.3781521447863433,,-2.446529785208615,24.819831,59.481426,12.906825933793952,15.424949848714448,179.42265954900995,4.085268742403547,0.0022983591609486344,7.030199486889063
2026-09-16T18:49:43+03:00,5.88,290.09,10.506750010471793,17.65152,168.99963125178763,163.53934346419086,0.9608502224343907,4.04352,4.23792,0.3495042550298022,,-2.9220847551671985,24.819851,59.481387,13.695658702686645,13.592909285331672,182.5925405371193,3.93026138269659,0.0024223869304708665,7.032621873819534
2026-09-16T18:49:45+03:00,5.88,290.08,9.721797831142567,17.72928,170.9992539567942,167.24065082073596,2.160623845438334,4.257359999999999,4.52952,0.20053522829578813,,-1.552715624804531,24.819865,59.481346,13.552140721290412,12.762662115077376,183.76191607187158,4.1521756353348325,0.002501192092384335,7.035123065911918
2026-09-16T18:49:47+03:00,5.88,290.08,7.590394833255903,18.58464,177.99506863534154,168.66158615266042,0.9361557414642521,4.21848,4.257359999999999,0.08021409131831525,,0.08021409131831525,24.819869,59.481307,14.41389827154045,9.805916842682905,187.80098547802444,4.156849340108336,0.002347378396008901,7.037470444307927
2026-09-16T18:49:49+03:00,5.88,290.08,7.9398990882857055,19.828799999999998,178.99774477682047,169.00536082973895,-0.45280854549188965,4.23792,4.23792,0.08594366926962349,,-0.5156620156177408,24.819868,59.481269,15.642464625054334,10.084631338626224,189.0823761154467,4.172444915056673,0.002284297170803287,7.03975474147873
2026-09-16T18:49:51+03:00,5.81,290.08,5.246997451170836,20.625839999999997,178.99774477682047,169.3949721304279,-1.1168666300485137,4.393439999999999,4.6655999999999995,0.06302535746439056,,-0.8021409131831525,24.819867,59.481227,16.25577566234724,6.663263629092739,185.6610084059132,4.363763416594585,0.002524708614319104,7.04227945009305
2026-09-16T18:49:53+03:00,5.85,290.09,13.142355868073581,20.52864,182.99699018683364,167.1718958853203,-1.237531541703065,4.1212800000000005,4.04352,0.22345354010102106,,-1.0943493886998723,24.819866,59.481189,16.541866495743264,16.389775048891778,199.38676523572542,3.9538090904634964,0.0022842971710034543,7.044563747264053
2026-09-16T18:49:55+03:00,5.73,290.09,7.985735711896171,20.489759999999997,179.99469134034814,169.3949721304279,1.2685858541991557,4.257359999999999,4.276800000000001,-0.02864788975654116,,-0.1432394487827058,24.819867,59.481152,16.28442959998359,10.067211067869835,190.06190240821797,4.19181103191099,0.002224194966402956,7.0467879422304565
2026-09-16T18:49:57+03:00,5.85,290.09,3.3619663051904274,19.20672,170.9992539567942,172.07641461164013,-0.47160156117218066,4.19904,4.14072,0.12032113697747288,,-0.9281916281119336,24.819873,59.48111,15.016925762647467,4.301543691636596,175.3007976484308,4.187211779016072,0.0025311585608407067,7.049319100791297
2026-09-16T18:49:59+03:00,5.88,290.09,5.052191800826357,18.545759999999998,188.99585830185336,170.5752651883974,-0.4551003766724129,4.04352,3.9851999999999994,0.02864788975654116,,2.394963583646841,24.819865,59.481074,14.52231574314024,6.4572170880081785,195.45307538986154,4.017868345097243,0.0021776126991708035,7.051496713490468
2026-09-16T18:50:01+03:00,5.88,290.09,2.290535228295788,18.02088,188.99585830185336,166.98281981292712,-0.5142296211299139,3.9851999999999994,3.96576,0.3036676314193363,,0.05729577951308232,24.819857,59.481038,14.039767617712668,2.9405463786721384,191.9364046805255,3.979952703563112,0.0021776127283468076,7.053674326218815
2026-09-16T18:50:03+03:00,6.0,290.09,5.0178143331185066,18.195839999999997,174.99849936680735,167.38389026951873,0.9833674637830321,4.41288,4.101839999999999,0.16615776058793874,,0.4640958140559668,24.819857,59.481001,13.8052688262587,6.619927291040739,181.6184266578481,4.38345814084119,0.002223985506826233,7.055898311725641
2026-09-16T18:50:05+03:00,6.03,290.1,7.074732817638162,19.10952,182.99699018683364,167.4755635167396,1.0921721490783751,3.9074399999999994,4.0629599999999995,0.17188733853924698,,0.985487407625016,24.819853,59.480963,15.239430709098713,8.884412360803765,191.8814025476374,3.860558218527379,0.002287354245406421,7.058185665971047
2026-09-16T18:50:07+03:00,5.88,290.09,10.71301481671889,17.5932,179.99469134034814,167.04011559244023,0.2576018246908181,3.9851999999999994,4.0824,0.38388172273765153,,-1.753250853100319,24.819853,59.480923,13.697507047004292,13.813279392640794,193.80797073298893,3.8699439078023405,0.002404308656772396,7.06058997462782
2026-09-16T18:50:09+03:00,5.88,290.08,5.189701671657753,17.92368,179.99469134034814,167.166166307369,0.3481864521010013,4.374,4.0824,0.18907607239317165,,0.6760901982543714,24.819852,59.480886,13.573377901421807,6.860025753219816,186.85471709356796,4.342686173765383,0.002224194970466685,7.062814169598286
2026-09-16T18:50:11+03:00,5.88,290.08,9.96244010509751,19.69272,177.99506863534154,164.2555407081044,-1.4196748247751538,4.19904,4.23792,0.24064227395494575,,0.4812845479098915,24.819854,59.48085,15.573947429326681,12.63596400047632,190.63103263581786,4.097337753466609,0.0021647387872209952,7.064978908385507
2026-09-16T18:50:13+03:00,5.73,290.09,7.27526804593395,18.059759999999997,175.99544593033497,164.62223369698813,0.649390365001275,3.96576,4.41288,0.22345354010102106,,0.005729577951308233,24.81986,59.480816,14.134852093645893,9.311409314965573,185.30685524530054,3.913505229406959,0.002051852384188713,7.067030760769696
2026-09-16T18:50:15+03:00,5.73,290.09,0.956403002333666,20.19816,173.9958232253284,165.50458870148958,-0.0006302535746439056,4.29624,4.62672,0.4354479242994257,,-3.122619983462987,24.819869,59.480777,15.90268021583951,1.214772025077707,175.2105952504061,4.29527442376275,0.0023602433242822804,7.069391004093978
2026-09-16T18:50:17+03:00,5.85,290.08,13.623640415983472,19.40112,176.99812207181392,167.61307338757103,0.7665029383260152,3.96576,4.31568,0.46982539200727513,,0.6818197762056798,24.819877,59.480743,15.574977760235338,17.06201164831063,194.06013372012455,3.791218018509392,0.0020581999370517935,7.07144920403103
2026-09-16T18:50:19+03:00,5.73,290.08,7.011707460173772,18.74016,179.99469134034814,167.315135334103,-0.5760517672245297,4.276800000000001,4.35456,0.6990085100596044,,-4.6123102508031275,24.819874,59.480702,14.504743993918291,9.07443526996633,189.06912661031447,4.223272755033135,0.002466117131507539,7.073915321162537
2026-09-16T18:50:21+03:00,5.7,290.07,16.37383783261142,18.40968,170.9992539567942,167.44691562698307,0.2991412648378028,4.21848,4.723920000000001,0.693278932108296,,-3.4835833943954055,24.819879,59.480661,14.411438951748499,21.107155818724266,192.10640977551847,3.9354561300856052,0.0024691378224306866,7.076384458984967
2026-09-16T18:50:23+03:00,5.73,290.08,10.157245755441991,18.11808,179.99469134034814,169.56112989101584,-0.15704773164535865,4.35456,4.31568,0.6359831525952138,,-2.0511889065683473,24.819886,59.480622,13.85306789876136,13.334996156753704,193.32968749710184,4.237153125323383,0.0023539187462505145,7.078738377731218
2026-09-16T18:50:25+03:00,5.73,290.07,9.716068253191256,17.28216,178.99774477682047,167.60734380961972,0.6748869868845966,4.29624,4.64616,0.02864788975654116,,-0.6760901982543714,24.819888,59.480582,13.067674895425313,12.896751295795696,191.89449607261616,4.187862409776793,0.0024050835941444118,7.081143461325363
2026-09-16T18:50:27+03:00,5.88,290.08,1.5694678431236468,17.41824,180.99736748182707,168.53553543773165,-1.1097046576093785,4.41288,4.45176,0.8995437383553924,,-0.017188733853924696,24.819889,59.480542,13.007577019032842,2.101858064673877,183.09922554650095,4.409911036054695,0.002404502415180281,7.083547963740543
2026-09-16T18:50:29+03:00,5.88,290.08,11.555262775561202,18.545759999999998,179.99469134034814,167.33232406795693,-0.0865166270647543,4.35456,4.43232,0.2119943841984046,,0.37242256683503505,24.819893,59.480499,14.306075503691195,15.05088895613477,195.0455802964829,4.205179290282731,0.0025875141673551553,7.086135477907898
2026-09-16T18:50:31+03:00,5.77,290.08,1.1626678085807622,18.62352,178.99774477682047,167.14897757351508,-1.2779250662597883,4.16016,4.52952,0.9339212060632418,,-1.3349916626548182,24.81989,59.480458,14.4644628264743,1.4970445271578399,180.4947893039783,4.158740028912225,0.002466117156832649,7.0886015950647305
2026-09-16T18:50:33+03:00,5.88,290.08,12.638153008358458,18.662399999999998,180.99736748182707,166.7421775389722,2.3300474654585193,4.393439999999999,4.23792,0.4354479242994257,,0.5844169510334397,24.819891,59.480421,14.407510111571488,16.463709826390414,197.46107730821748,4.2133064690288435,0.002224194975469312,7.0908257900402
2026-09-16T18:50:35+03:00,5.77,290.09,1.1111016070189885,17.43768,178.99774477682047,168.690234042417,0.8307888029396938,4.23792,4.374,0.34377467707849396,,-1.970974815250032,24.819894,59.480381,13.20081263253052,1.4677838157867313,180.4655285926072,4.2365294777834235,0.0024060519365741583,7.093231841976774
2026-09-16T18:50:37+03:00,5.88,290.09,7.126299019199936,16.44624,178.99774477682047,169.85333836653254,0.21503106051259793,4.29624,4.60728,1.1573747461642627,,1.3636395524113596,24.819897,59.480344,12.194840567524757,9.631222664474507,188.62896744129498,4.2356845487493375,0.0022258700243304205,7.095457712001104
2026-09-16T18:50:39+03:00,5.88,290.08,10.988034558381685,15.24096,179.99469134034814,168.97098336203106,-0.5441380180357428,4.29624,4.101839999999999,0.1432394487827058,,-0.6130648407899808,24.819894,59.480306,11.05385638903888,15.236453889364157,195.2311452297123,4.145224946353424,0.0022859281920880833,7.097743640193192
2026-09-16T18:50:41+03:00,5.77,290.09,4.782901637114869,15.18264,182.99699018683364,169.54394115716187,0.13137922242349775,4.0629599999999995,4.64616,0.7620338675239948,,-0.3036676314193363,24.819887,59.480263,11.138980840913272,6.525715479244894,189.52270566607854,4.036635869929101,0.0025934490459216214,7.1003370892391136
2026-09-16T18:50:43+03:00,5.88,290.09,18.728694370599104,16.77672,179.99469134034814,169.824690476776,1.177829339450433,4.374,4.33512,0.6359831525952138,,1.2146705256773451,24.819885,59.480221,12.712144219317077,25.071672682806366,205.0663640231545,3.961874785554265,0.002525262152413297,7.1028623513915266
2026-09-16T18:50:45+03:00,5.88,290.07,4.605284720624313,16.7184,180.99736748182707,167.71047621274326,-3.709557948795002,4.41288,4.257359999999999,0.45836623610465854,,0.49847328176381617,24.819882,59.480179,12.32486102911625,6.252645345388856,187.25001282721593,4.386629148317662,0.0025261844321842154,7.10538853582371
2026-09-16T18:50:47+03:00,6.0,290.08,19.003714112261903,17.84592,179.99469134034814,159.3911290274437,-1.878327539777378,4.49064,4.62672,0.5328507494716656,,2.0741072183735803,24.819882,59.480138,13.678418262346222,25.14061881537549,205.13531015572363,4.065231986042422,0.002464416372656413,7.1078529521963665
2026-09-16T18:50:49+03:00,5.81,290.1,-1.6963915891220456,15.99912,174.99849936680735,159.35102198178458,-0.6068768966025679,4.31568,4.5684000000000005,0.47555496995858326,,-3.237211542489151,24.819884,59.480102,11.68602983264727,2.322794191640128,172.67570517516722,4.312134022665217,0.0021647388253492527,7.110017691021715
2026-09-16T18:50:51+03:00,5.88,290.09,8.690473799907084,15.765839999999999,172.99887666180075,159.19059379914793,-0.7363080625226209,4.0824,4.58784,0.693278932108296,,-0.7219268218648373,24.819901,59.480062,11.746516857703808,11.70058952329768,184.69946618509843,3.997570683929474,0.0024596712829237214,7.112477362304639
2026-09-16T18:50:53+03:00,5.88,290.09,10.415076763250863,15.66864,175.99544593033497,158.01030074117844,1.7855656727456974,4.45176,4.510079999999999,1.1229972784564135,,0.8422479588423101,24.81991,59.480022,11.318873957289117,14.492288043094788,190.48773397342975,4.310110928842368,0.0024199533034348145,7.114897315608074
2026-09-16T18:50:55+03:00,5.88,290.09,8.942575229764646,15.065999999999999,169.99657781531528,158.39418246391608,0.7262240053283185,4.374,4.704479999999999,0.5500394833255903,,-0.26356058576017866,24.819922,59.479989,10.766657309580587,12.563211425349238,182.55978924066451,4.269271684548306,0.0020170932269016006,7.116914408834975
2026-09-16T18:50:57+03:00,5.88,290.09,14.735178538537268,15.571439999999999,168.99963125178763,159.83230652969445,0.35752566416163367,4.276800000000001,4.64616,0.8938141604040842,,-1.2891550390443522,24.819941,59.47995,11.486920294250845,20.169233502275233,189.16886475406287,4.014539372806845,0.0024148810992581948,7.1193292899342335
2026-09-16T18:50:59+03:00,5.88,290.08,11.079707805602617,15.18264,169.99657781531528,161.95797994962982,2.110948404600492,4.58784,4.80168,0.5042028597151245,,-3.2200228086352265,24.819958,59.479911,10.716642911308536,15.798804113312656,185.79538192862793,4.414528271519468,0.002400950471426434,7.12173024040566
2026-09-16T18:51:01+03:00,6.03,290.08,10.208811957003766,13.335840000000001,169.99657781531528,166.65623386970256,2.422923924049225,4.4712,4.723920000000001,0.4297183463481174,,-1.8449241003212509,24.819975,59.47987,8.97049804490549,15.27695506571726,185.27353288103254,4.313203319624718,0.0025184586194436595,7.124248699025104
2026-09-16T18:51:03+03:00,5.92,290.09,1.575197421074955,15.10488,177.99506863534154,171.9274455849061,1.8713947504562947,4.41288,4.74336,0.49847328176381617,,-1.850653678272559,24.819979,59.479828,10.694355591499171,2.2251132170512733,180.2201818523928,4.409552665218093,0.0025274751172117706,7.126776174142316
2026-09-16T18:51:05+03:00,5.88,290.08,12.88452486026471,16.1352,182.99699018683364,173.05044286336255,0.991102394017298,4.33512,4.548959999999999,0.4354479242994257,,-1.449583221680983,24.81997,59.479788,11.94840018227846,17.525060722273906,200.52205090910755,4.133906849564951,0.0024199535195133693,7.12919612766183
2026-09-16T18:51:07+03:00,5.88,290.09,-1.7422282127325115,17.534879999999998,188.99585830185336,175.48551349266856,0.24213196422228586,4.41288,4.84056,0.48701412586119974,,-1.5699043586584558,24.819952,59.479751,13.124725719361846,2.327931361805639,186.66792694004772,4.409238104716338,0.00229085397160302,7.131486981633433
2026-09-16T18:51:09+03:00,6.07,290.08,8.255025875607657,18.77904,185.99928903331917,173.9156091340101,0.423186627483626,4.33512,4.548959999999999,0.395340878640268,,-0.37242256683503505,24.819943,59.479708,14.502200646153057,10.714914840461319,196.7142038737805,4.25953471960444,0.002599191574791046,7.134086173208224
2026-09-16T18:51:11+03:00,5.96,290.08,1.4720650179514072,17.72928,186.9962355968468,174.16198098591633,-0.34457681799167716,4.276800000000001,4.6655999999999995,0.3781521447863433,,-0.4812845479098915,24.819934,59.479668,13.454340083735886,1.9399515872639483,188.93618718411074,4.2743487704987775,0.0024199536310663423,7.13650612683929
2026-09-16T18:51:13+03:00,5.92,290.08,4.588095986770389,18.13752,178.99774477682047,173.38275838453842,-0.8196161259346426,4.35456,4.41288,0.4239887683968092,,-1.0255944532841736,24.819931,59.479628,13.801310517701287,6.034329169428673,185.03207394624914,4.330431765790624,0.0024060520150394294,7.138912178854329
2026-09-16T18:51:15+03:00,6.03,290.08,9.790552766558264,18.52632,173.9958232253284,172.9702287720442,1.7737627421660027,4.49064,4.43232,0.418259190445501,,-0.6073352628386726,24.819934,59.47959,14.121743033317557,12.890279874102873,186.88610309943127,4.377471624503211,0.0022859282698576987,7.141198107124187
2026-09-16T18:51:17+03:00,6.03,290.08,-0.011895671437425648,18.545759999999998,184.9966128918402,174.72920920309585,-0.30997016716577536,4.1212800000000005,4.548959999999999,0.4297183463481174,,-0.4239887683968092,24.819921,59.479552,14.424480114203453,0.015294434635279686,184.9813184572049,4.121279853166986,0.0023183089600180254,7.143516416084205
2026-09-16T18:51:19+03:00,6.03,290.09,4.8401974166279516,18.3708,182.99699018683364,174.32240916855295,1.5815926976791246,4.374,4.548959999999999,0.836518380891002,,0.8823550045014679,24.819907,59.479511,14.01725754081835,6.348930165272236,189.34592035210588,4.347173736356137,0.0025011960591615604,7.146017612143367
2026-09-16T18:51:21+03:00,6.03,290.09,-0.20097174383059713,18.273600000000002,185.99928903331917,178.53364896276452,2.3404180015503866,4.14072,4.21848,0.664631042351755,,1.3579099744600511,24.8199,59.479473,14.132912935411714,0.2598531763333085,185.73943585698586,4.140677415071856,0.0022940663411131993,7.14831167848448
2026-09-16T18:51:23+03:00,6.03,290.08,5.699634109324187,17.43768,191.99815714833886,178.92898984140479,-1.480351055279508,4.101839999999999,4.35456,0.5328507494716656,,0.8422479588423101,24.819884,59.479434,13.362329664086966,7.446639689043508,199.44479683738237,4.067245049237028,0.002394539848039508,7.15070621833252
2026-09-16T18:51:25+03:00,6.07,290.08,2.370749319614103,16.387919999999998,189.9985344433323,178.1726855518321,0.07494287960311168,4.29624,4.68504,0.2807493196141034,,2.142862153789279,24.819862,59.479395,12.09666276374992,3.212532584278506,193.2110670276108,4.289488588534297,0.002438498414321545,7.153144716746842
2026-09-16T18:51:27+03:00,6.03,290.08,0.830352287404885,17.009999999999998,196.99434912187962,177.25022350167146,0.7980156170582106,4.276800000000001,4.33512,0.29793805346802804,,2.8762481315567325,24.819843,59.479355,12.733799953200183,1.1092274375972124,198.10357655947683,4.275998559428877,0.002473274071724735,7.155617990818566
2026-09-16T18:51:29+03:00,6.18,290.09,6.272591904455009,15.66864,188.99585830185336,176.47100090029355,-0.025783100780887046,4.21848,4.510079999999999,0.7104676659622208,,1.9996227050065731,24.819838,59.479315,11.484666969878752,8.57262136118922,197.56847966304258,4.1713499739029665,0.0024091482924779783,7.158027139111044
2026-09-16T18:51:31+03:00,6.03,290.08,11.761527581808297,17.554319999999997,189.9985344433323,174.2651133890399,-3.050541892835529,4.35456,4.33512,-0.09740282517223994,,-0.5557690612768985,24.819825,59.479277,13.320792590516534,15.582249734154004,205.5807841774863,4.194511770598272,0.0023183095130302703,7.160345448624074
2026-09-16T18:51:33+03:00,6.03,290.08,8.111786426824953,17.2044,187.99891173832572,171.53210470626587,-0.08090164067247224,4.29624,4.5684000000000005,0.5729577951308232,,-0.03437746770784939,24.819815,59.479238,12.96532567448673,10.791745537726172,198.7906572760519,4.220257713704808,0.0023639923863315875,7.1627094410104055
2026-09-16T18:51:35+03:00,6.18,290.08,2.754631042351755,17.94312,180.99736748182707,171.74409909046426,0.2667118536333982,4.41288,4.374,0.38961130068895977,,1.776169164905552,24.819812,59.479195,13.537000425844917,3.6522945277639565,184.64966200959103,4.40391745438069,0.0025862536551237644,7.165295694665529
2026-09-16T18:51:37+03:00,6.18,290.08,-1.1463521057964554,18.74016,186.9962355968468,172.06495545573753,-0.6158150382066089,4.23792,4.49064,0.5844169510334397,,2.423611473403382,24.819806,59.479157,14.503336026028391,1.4812993248358453,185.51493627201094,4.236503753163004,0.0022914247792887228,7.167587119444818
2026-09-16T18:51:39+03:00,6.03,290.07,6.782524342121443,17.5932,186.9962355968468,171.22270749689523,1.5936821071563847,4.16016,4.374,0.3552338329811104,,1.501149423242757,24.819805,59.479118,13.47111726304557,8.87268334748694,195.86891894433373,4.110377503856673,0.002344399683042062,7.16993151912786
2026-09-16T18:51:41+03:00,6.18,290.09,10.12859786568545,19.26504,188.99585830185336,172.51759211389088,-0.8135427733062558,4.52952,4.45176,0.5156620156177408,,1.4438536437296745,24.819802,59.479076,14.827521540014907,13.208080311521911,202.20393861337527,4.409699200189545,0.002526184540593136,7.172457703668453
2026-09-16T18:51:43+03:00,6.18,290.08,5.229808717316912,16.83504,189.9985344433323,171.03363142450203,-1.2858318838325935,4.257359999999999,4.43232,0.6990085100596044,,0.5958761069360561,24.819785,59.479034,12.601379534599934,6.994519458385611,196.9930539017179,4.225675893839626,0.002577308859232393,7.175035012527685
2026-09-16T18:51:45+03:00,6.18,290.06,9.234783705281366,15.41592,181.9943140453547,171.02790184655072,0.05443099053742821,4.52952,4.62672,0.7448451336700701,,-0.5729577951308232,24.819779,59.478993,10.969218305250935,13.03439882112417,195.02871286647888,4.412816168559841,0.002471213071799604,7.177506225599484
2026-09-16T18:51:47+03:00,6.07,290.08,10.220271112906381,15.765839999999999,188.99585830185336,173.8010175749839,2.6692957759554794,4.19904,4.510079999999999,0.5557690612768985,,-1.5641747807071475,24.819773,59.478958,11.657260023107321,13.884701808289407,202.88056011014277,4.076346523508823,0.002111727868204469,7.179617953467688
2026-09-16T18:51:49+03:00,6.18,290.07,3.636986046853223,17.65152,183.99966632831257,177.5424319771882,0.6990658058391175,4.393439999999999,4.35456,0.18334649444186346,,-0.32658594322456924,24.819764,59.478916,13.26985539623145,4.840414794327273,188.84008112263984,4.377771180268582,0.0025394292061951236,7.182157382673884
2026-09-16T18:51:51+03:00,6.22,290.08,-3.363698772952742,17.72928,189.9985344433323,178.47062360530015,0.06228051233072049,4.41288,4.33512,0.09740282517223994,,0.5729577951308232,24.819753,59.478875,13.326518021952246,4.476968372974312,185.52156607035798,4.399415385227703,0.002487187294913328,7.184644569968797
2026-09-16T18:51:53+03:00,6.18,290.07,-5.621152485768185,18.02088,197.9970252633586,178.13830808412425,-0.6835959453705852,4.41288,4.58784,-0.06875493541569878,,2.7100903709687945,24.819731,59.478836,13.636072635022,7.437646716136413,190.5593785472222,4.375751448621247,0.002438501475133784,7.187083071443931
2026-09-16T18:51:55+03:00,6.22,290.08,-0.9057098318415089,17.06832,187.99891173832572,176.37359807512132,0.8020263216241263,4.510079999999999,4.21848,0.44117750225073393,,2.194428355351053,24.819715,59.478799,12.559005820278525,1.2309486027678815,186.76796313555784,4.509039188409994,0.0022769856295794155,7.18936005707351
2026-09-16T18:51:57+03:00,6.33,290.08,-5.351862322056698,16.465680000000003,187.99891173832572,175.86366563745486,-2.591831882053792,4.45176,4.4712,-0.040107045659157625,,0.8708958485988514,24.819705,59.478757,12.040488408687754,7.328135477344176,180.67077626098154,4.415397699662089,0.0025429129906283103,7.191902970064138
2026-09-16T18:51:59+03:00,6.26,290.07,-0.7223633373996461,16.73784,188.99585830185336,174.4140824157739,-0.4293745716710389,4.393439999999999,4.548959999999999,0.29793805346802804,,1.2318592595312698,24.819695,59.478716,12.344873430438135,0.979440623069479,188.01641767878388,4.392798088599492,0.0024832504680788654,7.194386220532217
2026-09-16T18:52:01+03:00,6.18,290.08,-5.581045440109027,15.1632,187.99891173832572,173.57756403488293,0.3450924800072948,4.41288,4.6655999999999995,0.29220847551671986,,1.1631043241155712,24.819681,59.478676,10.779785191186606,7.862728745566699,180.13618299275902,4.371393024349295,0.002441995663534385,7.196828216195751
2026-09-16T18:52:03+03:00,6.18,290.09,1.6897889801011199,16.19352,185.99928903331917,176.3621389192187,1.4218520643966512,3.9851999999999994,4.33512,0.5844169510334397,,1.7131438074411613,24.819672,59.478641,12.21061854391017,2.241216803321038,188.2405058366402,3.9821514928094413,0.0021216334703858114,7.198949849666137
2026-09-16T18:52:05+03:00,6.18,290.08,-6.933225836617771,17.009999999999998,193.99777985334543,178.7456433469629,0.6735691839557959,4.23792,4.23792,0.6990085100596044,,2.9679213787776644,24.819658,59.478605,12.813286037649977,9.221365992138544,184.7764138612069,4.183151561432913,0.0022056769000141133,7.2011555265661515
2026-09-16T18:52:07+03:00,6.33,290.08,-9.270893640751527,17.18496,188.99585830185336,179.90874767107852,1.113600770616268,4.374,4.276800000000001,-0.3666929888837269,,6.772361138446331,24.819642,59.478562,12.887373926181038,12.405303885115814,176.59055441673755,4.2718775802999245,0.0026303758090326793,7.203785902375184
2026-09-16T18:52:09+03:00,6.18,290.07,-7.311377981404114,17.6904,198.9997014048375,172.83271890121284,-4.127416068783911,4.1212800000000005,4.4712,0.26929016371148695,,4.274265151675942,24.81962,59.478519,13.612736865745457,9.519454509925595,189.48024689491191,4.064527928400335,0.002670457148296507,7.2064563595234805
2026-09-16T18:52:11+03:00,6.18,290.07,1.2256931660451529,17.14608,183.99966632831257,168.80482560144316,1.3233606194136622,4.35456,4.16016,0.2807493196141034,,1.3349916626548182,24.819606,59.478481,12.792855475750747,1.642878720775343,185.64254504908791,4.352770011373029,0.002323731197189098,7.20878009072067
2026-09-16T18:52:13+03:00,6.18,290.07,0.33187900564106876,16.69896,176.99812207181392,170.11116937434142,0.21600508876432034,4.393439999999999,4.41288,0.7448451336700701,,0.739115555718762,24.819611,59.478442,12.305620017380107,0.4503682310737531,177.44849030288768,4.3933042741097905,0.00234916466735817,7.211129255388029
2026-09-16T18:52:15+03:00,6.3,290.07,6.094974987964455,17.86536,179.99469134034814,169.42362002018442,-0.013120733508495852,4.4712,4.43232,-0.005729577951308233,,3.9133017407435227,24.819617,59.478403,13.427829284774354,8.121077106148846,188.115768446497,4.426361724874797,0.002351345404226798,7.213480600792256
2026-09-16T18:52:17+03:00,6.18,290.08,2.8692226013779196,17.41824,181.9943140453547,158.7551458748485,-6.775970772555655,4.19904,4.74336,0.21772396214971285,,0.5958761069360561,24.819613,59.478367,13.226134221070035,3.779802543596702,185.77411658895141,4.1899061165460285,0.0021673202294865547,7.215647921021742
2026-09-16T18:52:19+03:00,6.33,290.07,14.86122925346605,16.19352,164.99465626382317,150.8139508343353,2.0734196690194233,4.276800000000001,4.31568,0.6990085100596044,,-2.417881895452074,24.819633,59.478329,12.109562008908004,20.05832033231806,185.05297659614124,4.017386410476207,0.0023642820782056964,7.218012203099947
2026-09-16T18:52:21+03:00,6.11,290.08,-1.5245042505827984,17.37936,153.99959617526267,163.99198012234424,7.324749748731958,3.888,4.23792,0.716197243913529,,-4.669606030316209,24.819659,59.478294,13.49313268744999,1.9637374037801862,152.03585877148248,3.8857166351739845,0.0022485092448309455,7.220260712344778
2026-09-16T18:52:23+03:00,6.3,290.08,4.026597347542182,18.195839999999997,168.99963125178763,173.64631897029858,-0.7303493014532604,4.00464,3.92688,0.3609634109324186,,3.168456607073453,24.819673,59.478257,14.203869079157155,5.1609963831036225,174.16062763489126,3.9884046497028955,0.0022646763092388895,7.2225253886540175
2026-09-16T18:52:25+03:00,6.33,290.07,1.8502171627377504,17.06832,187.99891173832572,170.91331028752458,-0.4516626299016279,4.1212800000000005,4.101839999999999,0.5500394833255903,,3.9935158320618376,24.819662,59.478219,12.949872287380256,2.438954393717893,190.4378661320436,4.117546650574525,0.0023086443695850816,7.224834033023603
2026-09-16T18:52:27+03:00,6.18,290.07,0.7501381960865698,15.921359999999998,179.99469134034814,170.288786290832,0.23817855543588323,3.9463199999999996,4.14072,0.005729577951308233,,-1.3750987083139758,24.819649,59.478183,11.975489664321268,0.9973272515682368,180.99201859191638,3.945722164851897,0.002199966920028228,7.2270339999436315
2026-09-16T18:52:29+03:00,6.18,290.06,4.891763618189725,15.97968,181.9943140453547,171.99620052032182,0.6873201710389355,4.02408,4.41288,0.7677634454753031,,0.5844169510334397,24.819641,59.478147,11.97517490930017,6.533796727199785,188.5281107725545,3.9979432314305727,0.002177615072270392,7.229211615015902
2026-09-16T18:52:31+03:00,6.33,290.07,3.476557864216592,17.126640000000002,183.99966632831257,170.197113043611,-0.29152092616256287,4.19904,4.02408,0.32658594322456924,,4.010704565915763,24.819637,59.478108,12.937833467827579,4.604273058362651,188.60393938667522,4.185489255062502,0.00234737899752149,7.231558994013423
2026-09-16T18:52:33+03:00,6.22,290.06,-3.088679031289945,18.545759999999998,187.99891173832572,172.80407101145627,1.694236200201844,4.257359999999999,4.1796,0.8021409131831525,,-1.403746598070517,24.819624,59.478074,14.29642499170917,4.008056754245615,183.9908549840801,4.246947482844657,0.002081836740930302,7.233640830754354
2026-09-16T18:52:35+03:00,6.3,290.07,-1.9198451292230665,18.50688,180.99736748182707,175.75480365638,-0.7434700349617562,4.21848,4.1212800000000005,0.19480565034447989,,1.9595156593474157,24.819623,59.478035,14.29146672968766,2.4864381169519447,178.51092936487512,4.214508378205608,0.0023443996957859987,7.235985230450139
2026-09-16T18:52:37+03:00,6.18,290.06,1.3116368353147765,18.059759999999997,193.99777985334543,173.7895584190813,0.16002711218003893,4.21848,4.21848,0.6359831525952138,,2.394963583646841,24.819608,59.477999,13.842722122235745,1.7113180042446459,195.70909785759008,4.2165984754633845,0.002211796077663206,7.238197026527803
2026-09-16T18:52:38+03:00,6.33,290.07,-2.2235127606424037,18.62352,185.99928903331917,172.7525048098945,-0.3422276910316407,4.49064,4.45176,0.7792226013779195,,1.1229972784564135,24.819597,59.477956,14.137334719723716,2.9296389258418287,183.06965010747734,4.484770966990744,0.0026063538292120467,7.240803380357015
2026-09-16T18:52:40+03:00,6.33,290.07,8.088868115019718,18.40968,188.99585830185336,172.05349629983488,-0.0833080634120217,4.89888,4.41288,0.4640958140559668,,2.3491269600363753,24.819585,59.477917,13.577048694057629,10.99906463359244,199.9949229354458,4.808889035816028,0.0023726505343671348,7.243176030891382
2026-09-16T18:52:42+03:00,6.22,290.07,2.2733464944418635,19.42056,186.9962355968468,170.47213278527383,0.13917144843727697,4.5684000000000005,4.33512,0.5844169510334397,,-0.7104676659622208,24.819579,59.47787,14.856860743583475,2.972221512588021,189.9684571094348,4.562254548219947,0.002830994049481776,7.246007024940864
2026-09-16T18:52:44+03:00,6.33,290.08,5.877251025814742,18.895680000000002,182.99699018683364,169.21162563598605,-1.0271414393310268,4.45176,4.257359999999999,0.3781521447863433,,2.3777748497929165,24.819578,59.477832,14.474500323623335,7.681981435730393,190.67897162256403,4.4118067322083965,0.0022842972115460535,7.248291322152411
2026-09-16T18:52:46+03:00,6.33,290.08,1.9705382997152232,18.681839999999998,183.99966632831257,169.29756930525565,1.5810770356635069,4.276800000000001,4.4712,0.3380450991271857,,0.2119943841984046,24.819576,59.477798,14.40831964152639,2.5553450918803264,186.5550114201929,4.272547240635815,0.0020445741443451317,7.250335896296756
2026-09-16T18:52:48+03:00,6.22,290.08,1.7814622273220515,17.94312,177.99506863534154,169.76166511931163,-1.4584640675055105,4.31568,4.31568,0.21772396214971285,,0.10886198107485642,24.819578,59.477764,13.630186199915338,2.345438847906564,180.3405074832481,4.312064556695771,0.002044574145415826,7.252380470442172
2026-09-16T18:52:50+03:00,6.48,290.07,14.076277074136822,17.45712,182.99699018683364,167.7276649465972,0.9124352887458361,4.29624,4.52952,0.38388172273765153,,1.902219879834333,24.819574,59.477723,13.330897986072145,18.57184955888502,201.56883974571866,4.072513327878601,0.002467439667126544,7.254847910109299
2026-09-16T18:52:52+03:00,6.33,290.08,-0.8140365846205779,16.271279999999997,181.9943140453547,169.2173552139373,1.3996213019455748,4.257359999999999,4.45176,0.790681757280536,,-2.985110112631589,24.81957,59.477685,12.014501931841803,1.1024834016171212,180.8918306437376,4.256571873674416,0.0022873548779580332,7.257135264987257
2026-09-16T18:52:54+03:00,6.33,290.07,10.277566892419465,16.19352,177.99506863534154,169.97365950351005,-0.5976522761009616,4.58784,4.31568,0.40107045659157625,,0.31512678732195276,24.819573,59.477644,11.707941072213876,14.286612424917706,192.28168106025925,4.445953790348288,0.0024661174393744096,7.259601382426632
2026-09-16T18:52:56+03:00,6.33,290.07,4.204214264032737,16.368479999999998,182.99699018683364,171.37167652362922,-0.04549284893338736,4.35456,4.35456,0.3552338329811104,,1.1917522138721122,24.81957,59.477604,12.029874352132364,5.72486410670561,188.72185429353925,4.332841089492737,0.002406052223131185,7.262007434649763
2026-09-16T18:52:58+03:00,6.33,290.07,1.5580086872210304,17.32104,178.99774477682047,170.97060606703766,-0.2959327011850702,4.374,4.6655999999999995,0.5385803274229739,,-0.02864788975654116,24.819571,59.477562,12.949203135394312,2.084217591084922,181.0819623679054,4.371106378371248,0.0025247086543642517,7.264532143304127
2026-09-16T18:53:00+03:00,6.33,290.07,11.125544429213083,16.99056,184.9966128918402,169.32621719501216,-0.49944731001553866,4.52952,4.52952,0.5099324376664327,,0.2807493196141034,24.819566,59.47752,12.576571191033908,15.11054871805166,200.10716160989185,4.372910274561629,0.002529134186610558,7.267061277490737
2026-09-16T18:53:02+03:00,6.33,290.07,8.638907598345309,17.009999999999998,177.99506863534154,169.9507411917048,2.274585150889855,4.52952,4.510079999999999,0.45836623610465854,,-0.6016056848873644,24.819565,59.477477,12.550324331104258,11.746486988040829,189.74155562338237,4.434662595842986,0.002584812080005917,7.269646089570743
2026-09-16T18:53:04+03:00,6.48,290.07,2.754631042351755,18.91512,188.99585830185336,170.0424144389257,-0.1328689126908379,4.548959999999999,4.58784,0.03437746770784939,,1.3922874421679003,24.819564,59.477434,14.373079009218552,3.626146650652032,192.6220049525054,4.5398528472521225,0.0025848120797024995,7.272230901650445
2026-09-16T18:53:06+03:00,6.33,290.08,2.319183118052329,20.314799999999998,183.99966632831257,169.02254956359286,-1.8283656200419702,4.5684000000000005,4.393439999999999,0.2578310078088704,,0.4469070802020421,24.819554,59.477394,15.751226856195256,2.991658126952643,186.99132445526521,4.562173928316752,0.002423611405176457,7.274654513055622
2026-09-16T18:53:09+03:00,6.33,290.08,10.67863734901104,19.88712,183.99966632831257,165.14362529055717,-0.6961437210839502,4.62672,4.62672,0.6474423084978302,,-0.9797578296737078,24.819545,59.477356,15.364463837142669,13.877385460739362,197.87705178905193,4.491671704139453,0.002300558117085314,7.276955071172707
2026-09-16T18:53:11+03:00,6.41,290.06,8.060220225263178,19.01232,173.9958232253284,166.23797467925706,1.780179869471468,4.548959999999999,4.41288,0.1546986046853223,,-1.2146705256773451,24.819551,59.477314,14.522311664159933,10.577489037233875,184.57331226256227,4.47166200648116,0.0025311600502243344,7.279486231222931
2026-09-16T18:53:13+03:00,6.45,290.07,5.120946736242055,17.96256,186.9962355968468,167.6589100111815,-0.7168847932676861,4.1796,4.5684000000000005,0.6359831525952138,,1.501149423242757,24.819551,59.477275,13.804684733330022,6.669524416371388,193.66576001321818,4.1513148333709555,0.002344200940123675,7.281830432163055
2026-09-16T18:53:15+03:00,6.33,290.05,8.083138537068411,15.824160000000001,184.9966128918402,167.42399731517784,-0.15572992871655775,4.52952,4.29624,0.6359831525952138,,0.3666929888837269,24.81954,59.477236,11.357512065974284,11.297800445591605,196.2944133374318,4.441747777170139,0.0023681303973250812,7.28419856256038
2026-09-16T18:53:17+03:00,6.33,290.07,9.727527409093874,15.96024,181.9943140453547,167.29221702229776,1.5027537050691233,4.45176,4.548959999999999,0.9052733163067008,,1.5126085791453732,24.819534,59.477197,11.596904818506246,13.446377780515348,195.44069182587006,4.3297282318922115,0.0023513459136048024,7.286549908473984
2026-09-16T18:53:19+03:00,6.33,290.07,11.967792388055392,15.86304,178.99774477682047,169.14860027852163,0.5877401062451985,4.45176,4.62672,0.31512678732195276,,1.1860226359208041,24.819532,59.477155,11.545007200526348,16.553990463388374,195.55173524020884,4.267242019533026,0.0025252622863906845,7.289075170760374
2026-09-16T18:53:21+03:00,6.33,290.06,6.530422912263879,15.53256,182.99699018683364,169.50956368945404,0.2571434584547135,4.41288,4.5684000000000005,0.3609634109324186,,0.5271211715203573,24.819532,59.477114,11.15960372705953,9.108052109964149,192.1050422967978,4.35724051197218,0.002464416372656413,7.29153958713303
2026-09-16T18:53:23+03:00,6.33,290.06,8.644637176296618,14.94936,179.99469134034814,170.0939806404875,1.022271298072415,4.43232,4.548959999999999,0.37242256683503505,,1.5641747807071475,24.819535,59.477073,10.588371956764014,12.251973896409766,192.2466652367579,4.331368576158609,0.002466117497627202,7.294005704630657
2026-09-16T18:53:25+03:00,6.33,290.07,1.6897889801011199,15.72696,185.99928903331917,171.37740610158053,0.680731156394931,4.16016,4.393439999999999,0.5557690612768985,,2.0340001727144226,24.81954,59.47703,11.569259538504074,2.2973391157445064,188.29662814906368,4.1568163038707775,0.0025891350100000657,7.296594839640657
2026-09-16T18:53:27+03:00,6.33,290.07,2.8233859777674537,15.629759999999997,183.99966632831257,171.44043145904493,0.4842639284445717,4.52952,4.5684000000000005,0.8021409131831525,,0.6990085100596044,24.819536,59.476989,11.107979236415703,3.974294496096064,187.97396082440864,4.518627617769555,0.0024674397976693642,7.299062279438327
2026-09-16T18:53:29+03:00,6.33,290.07,3.648445202755839,14.52168,183.99966632831257,171.9274455849061,-0.21371325758379706,4.5684000000000005,4.33512,0.38388172273765153,,1.2032113697747289,24.819533,59.476948,9.96677938532282,5.319863558869798,189.31952988718237,4.548722141890131,0.00246611751021236,7.301528396948539
2026-09-16T18:53:31+03:00,6.33,290.07,-2.000059220541382,16.038,184.9966128918402,171.68107373299986,0.9186232329332488,4.45176,4.510079999999999,0.418259190445501,,1.1172677005051053,24.819528,59.476908,11.58999349151834,2.7681564695964482,182.22845642224374,4.446565386097542,0.0024091489815538892,7.3039375459300935
2026-09-16T18:53:33+03:00,6.33,290.07,0.3777156292515347,16.757279999999998,182.99699018683364,172.3170568855951,0.6984355522644735,4.5684000000000005,4.33512,0.6016056848873644,,1.2891550390443522,24.819521,59.476872,12.189016475437237,0.5192812216186269,183.51627140845227,4.568212374818566,0.002174403976418126,7.306111949906511
2026-09-16T18:53:35+03:00,6.33,290.07,0.5209550780342407,16.97112,188.99585830185336,173.0275245515573,0.1640378167459547,4.5684000000000005,4.49064,0.29793805346802804,,2.738738260725335,24.819514,59.476827,12.402978389857775,0.7128366374799668,189.70869493933333,4.568046439868881,0.0027132755576348257,7.308825225464146
2026-09-16T18:53:37+03:00,6.33,290.08,2.491070456591576,17.22384,188.99585830185336,173.45724289790542,0.5068384655727262,4.60728,4.52952,0.22918311805232927,,0.8250592249883855,24.819509,59.476786,12.62250237037592,3.400076025704692,192.39593432755805,4.599170031829293,0.0024691389040277043,7.311294364368173
2026-09-16T18:53:37+03:00,6.45,290.08,5.057921378777664,20.27592,182.99699018683364,173.096279486973,-0.1603708868571174,4.704479999999999,4.4712,0.2807493196141034,,1.9308677695908742,24.819508,59.476746,15.595275155792656,6.581895716077838,189.57888590291148,4.6734729312221415,0.002404502458732191,7.313698866826905
2026-09-16T18:53:39+03:00,6.37,290.08,3.837521275149011,19.90656,184.9966128918402,174.9641218990995,1.2491052891647079,4.60728,4.43232,0.47555496995858326,,0.18334649444186346,24.819501,59.476706,15.312715169706017,4.99136714563295,189.98798003747314,4.589808358897131,0.0024137866756034896,7.3161126535025085
2026-09-16T18:53:42+03:00,6.33,290.07,-1.3468873340922434,19.984319999999997,191.99815714833886,177.38200379455154,0.24648644346528018,4.49064,4.548959999999999,0.07448451336700701,,0.911002894258009,24.819493,59.476665,15.495280250177899,1.7371917213617962,190.26096542697707,4.488576068821008,0.0024764881576420754,7.3185891416601505
2026-09-16T18:53:44+03:00,6.33,290.06,3.3848846169956603,20.04264,191.99815714833886,175.92096141696794,-2.134095899523777,4.41288,4.5684000000000005,0.29793805346802804,,4.119566546990619,24.819472,59.476627,15.639629014924765,4.339452849489646,196.3376099978285,4.400229456190378,0.00237235701739357,7.320961498677544
2026-09-16T18:53:46+03:00,6.48,290.07,-3.1173269210464865,19.964879999999997,185.99928903331917,174.99849936680735,0.3121474067872725,4.5684000000000005,4.35456,0.14896902673401402,,3.523690440054563,24.819462,59.476585,15.405243308721955,4.041349216310294,181.95793981700888,4.55704043875713,0.0025429153469929294,7.323504414024537
2026-09-16T18:53:48+03:00,6.33,290.07,-5.174245405566142,18.7596,185.99928903331917,177.00958122771652,1.259762304154141,4.510079999999999,4.257359999999999,0.4640958140559668,,0.05156620156177409,24.819455,59.476545,14.273694803420224,6.807158914081214,179.19213011923796,4.478287120927546,0.002413786765770198,7.325918200790308
2026-09-16T18:53:50+03:00,6.37,290.07,-3.770498807495626,18.31248,188.99585830185336,178.88315321779433,1.071030006438048,4.49064,4.49064,0.29220847551671986,,2.137132575837971,24.819447,59.476506,13.834712205952389,4.9935831194467255,184.00227518240663,4.473595564424349,0.0023568886579738964,7.328275089448281
2026-09-16T18:53:52+03:00,6.45,290.08,-6.686853984711515,20.0232,192.9951037118665,179.17536169331106,-0.10513775540650605,4.5684000000000005,4.548959999999999,-0.18907607239317165,,4.744090543683217,24.819431,59.476468,15.495011013315569,8.65425583851814,184.34084787334837,4.516385733993758,0.002335736884643623,7.330610826332925
2026-09-16T18:53:54+03:00,6.41,290.07,-5.031005956783437,20.64528,184.9966128918402,177.37627421660025,0.025267438765269302,4.80168,4.43232,0.6359831525952138,,1.0599719209920229,24.819411,59.476425,15.867687152408525,6.5516486428663825,178.4449642489738,4.770322178500683,0.002655769460411457,7.3332665957933365
2026-09-16T18:53:56+03:00,6.48,290.07,-8.319783700834364,19.75104,192.9951037118665,182.29798167677404,0.2916928135011021,4.4712,4.58784,-0.12605071492878112,,1.8563832562238671,24.819394,59.476385,15.340544236405712,10.736896490751548,182.25820722111496,4.392922835573999,0.002459683201423831,7.33572627899476
2026-09-16T18:53:58+03:00,6.48,290.07,-9.402673933631618,19.47888,201.99627067337175,183.08293385610324,0.9638296029690709,4.45176,4.62672,0.4469070802020421,,1.701684651538545,24.819364,59.476345,15.104451517679784,12.162584538458646,189.8336861349131,4.3518343964023405,0.0025728352729846027,7.338299114267745
2026-09-16T18:54:00+03:00,6.48,290.07,-4.526803097068313,19.20672,197.9970252633586,182.1260943382348,-1.7620171073658206,4.02408,4.4712,-0.13178029288008933,,4.4805299579230375,24.819337,59.476309,15.19851185163011,5.724196434310102,192.2728288290485,4.004014077036269,0.002315552076214111,7.340614666343959
2026-09-16T18:54:02+03:00,6.48,290.06,-9.511535914706474,19.342799999999997,198.9997014048375,180.2467927702057,-0.13561911010746588,4.6655999999999995,4.41288,0.320856365273261,,1.9996227050065731,24.819309,59.476269,14.761488208559964,12.505379224884592,186.49432217995292,4.554911823543822,0.002551739612287179,7.3431664059562465
2026-09-16T18:54:04+03:00,6.48,290.06,-8.291135811077822,19.03176,191.99815714833886,180.5848378693329,0.3369564793164372,4.4712,4.41288,0.18334649444186346,,1.9079494577856415,24.819291,59.476229,14.62151532922725,10.818511611937765,181.1796455364011,4.391731836373212,0.0024663056244302057,7.345632711580676
2026-09-16T18:54:06+03:00,6.48,290.07,-7.03062866179001,18.97344,194.99472641687308,180.16084910093605,-0.1361920679025967,4.276800000000001,4.5684000000000005,0.44117750225073393,,3.72995524630166,24.819272,59.476186,14.738097480343088,9.066135730667156,185.92859068620592,4.223370418724044,0.0026489184925293117,7.348281630073205
2026-09-16T18:54:08+03:00,6.56,290.09,-4.939332709562505,18.468,196.99434912187962,178.61386305408283,-0.8288407464362488,4.257359999999999,4.31568,0.40107045659157625,,3.4434763487362474,24.81925,59.476144,14.231171718458011,6.415304204684361,190.57904491719526,4.230700877355735,0.00261233709994485,7.35089396717315
2026-09-16T18:54:19+03:00,6.63,290.08,-3.5413156894432953,17.16552,192.9951037118665,177.42784041816202,0.4352187411813733,4.374,4.276800000000001,0.05156620156177409,,2.6012283898939375,24.819235,59.476111,12.802723125797886,4.750511848620107,188.2445918632464,4.358974272030275,0.002035727700236868,7.352929694873387
2026-09-16T18:54:21+03:00,6.52,290.07,-0.33848161466199445,17.515439999999998,189.9985344433323,177.8862066542667,0.4249055008690185,4.276800000000001,4.19904,0.05729577951308232,,2.1084846860814292,24.819218,59.476072,13.238738738982027,0.4478281813275089,189.55070626200478,4.276669363568223,0.002400963219462952,7.35533065809285
2026-09-16T18:54:23+03:00,6.78,290.08,-5.466453881082862,17.748720000000002,190.9954810068599,178.7227250351577,-0.8474618747780007,4.45176,4.33512,0.017188733853924696,,2.6814424812122524,24.819205,59.476032,13.32395680846245,7.290427290141366,183.70505371671854,4.415770450122247,0.0024368437600277458,7.357767501852877
2026-09-16T18:54:25+03:00,6.78,290.08,2.7718197762056795,18.5652,192.9951037118665,177.35335590479502,-1.2316300764132178,4.374,4.62672,0.27501974166279514,,1.701684651538545,24.819186,59.475994,14.197893093664307,3.625443581050007,196.6205472929165,4.36524651661848,0.002356593587272491,7.36012409544015
2026-09-16T18:54:27+03:00,6.63,290.06,0.9048368007718921,18.059759999999997,189.9985344433323,176.91790798049558,0.44083372757365547,4.101839999999999,4.29624,0.395340878640268,,1.730332541295086,24.819173,59.475955,13.95858178346933,1.170720175509075,191.16925461884136,4.100983761895571,0.0023775588666089093,7.362501654306759
2026-09-16T18:54:29+03:00,6.63,290.06,-2.1604874031780126,17.70984,188.99585830185336,177.4794066197238,0.3310550140265897,4.31568,4.43232,0.320856365273261,,2.6241467016991704,24.81917,59.475913,13.398215640035646,2.8562510941592905,186.13960720769407,4.310318617397506,0.002526184851469382,7.365027839158229
2026-09-16T18:54:31+03:00,6.48,290.06,-5.581045440109027,17.06832,190.9954810068599,178.59667432022894,-0.9336347271656764,4.19904,4.52952,0.22345354010102106,,2.612687545796554,24.819158,59.475881,12.895652676664941,7.395758049444964,183.59972295741494,4.1641069062740685,0.0019580236946192178,7.3669858628528475
2026-09-16T18:54:33+03:00,6.63,290.06,-0.9057098318415089,18.8568,193.99777985334543,177.58826860079864,0.8951319633328851,4.257359999999999,4.45176,0.2807493196141034,,3.85600596123044,24.81914,59.475841,14.600126998541498,1.169802457736182,192.82797739560925,4.256472690589463,0.0024663070299194654,7.369452169882767
2026-09-16T18:54:35+03:00,6.48,290.06,-7.764014639557464,18.91512,188.99585830185336,177.45648830791856,-0.5437369475791513,4.49064,4.29624,0.3781521447863433,,1.7188733853924696,24.819125,59.475804,14.478361486741003,10.165458340397777,178.83039996145558,4.420146774939565,0.002270641667061719,7.371722811549829
2026-09-16T18:54:37+03:00,6.63,290.07,-1.186459151455613,18.09864,191.99815714833886,178.4992714950567,1.4975970849129456,4.548959999999999,4.33512,0.4354479242994257,,1.9537860813961072,24.819118,59.47576,13.550982635611712,1.584719049774435,190.41343809856443,4.547220142304709,0.0026533593221793844,7.374376170872009
2026-09-16T18:54:48+03:00,6.18,290.05,-5.31175527639754,18.798479999999998,199.99664796836515,180.87704634484956,-0.29203658817818057,4.45176,4.4712,0.32658594322456924,,1.3349916626548182,24.818888,59.47538,14.37174724221163,6.954981983066261,193.0416659852989,4.41900216717268,0.0022277116646589137,7.376603882536668
2026-09-16T18:54:50+03:00,6.33,290.07,-12.296110799042276,19.55664,194.99472641687308,180.99736748182707,0.8015679553880217,4.19904,4.62672,0.7964113352318443,,1.850653678272559,24.818866,59.475338,15.479777044486731,15.60784994183399,179.3868764750391,4.044203397153426,0.0026123412197948497,7.379216223756463
2026-09-16T18:54:52+03:00,6.33,290.07,-12.404972780117133,18.545759999999998,194.99472641687308,180.72234774016425,-0.2863070102268723,4.43232,4.4712,0.22345354010102106,,0.8250592249883855,24.818841,59.475298,14.248767150986346,16.236528060554548,178.75819835631853,4.255539682384994,0.002522543000205045,7.381738766756667
2026-09-16T18:54:54+03:00,6.45,290.05,-8.136437206392499,17.43768,198.9997014048375,181.12914777470715,-0.7294898647605641,4.0824,4.64616,0.1432394487827058,,2.1543213096918956,24.818821,59.475261,13.40882819188892,10.606072569151934,188.39362883568558,4.012655655022073,0.002306279937395603,7.384045046694063
2026-09-16T18:54:56+03:00,6.33,290.06,-9.511535914706474,16.31016,200.9993241098441,179.64518708531833,-0.6315140817931935,4.374,4.723920000000001,0.8250592249883855,,2.503825564721698,24.818799,59.475228,12.018046751034243,12.95948711708732,188.0398369927568,4.262589322459499,0.0020941816649592783,7.386139228359022
2026-09-16T18:54:58+03:00,6.33,290.06,-12.903446061880947,16.426799999999997,195.99740255835198,177.891936232218,-0.7807695874247729,3.96576,4.510079999999999,0.5557690612768985,,1.3521803965087429,24.818777,59.47519,12.592363509975428,16.93624142933811,179.06116112901387,3.7937630620077947,0.0023807962177517664,7.388520024576774
2026-09-16T18:55:00+03:00,6.48,290.06,-7.236893468037106,15.51312,184.9966128918402,177.6169164905552,-0.09717364205418762,4.35456,4.87944,0.8594366926962348,,2.2803720246206765,24.818763,59.475147,11.206682862133237,10.042569872849924,174.95404301899026,4.287841449190223,0.002619733273472024,7.3911397578502465
2026-09-16T18:55:02+03:00,6.41,290.06,-9.992820462616365,15.065999999999999,191.99815714833886,177.30751928118457,0.2917501092806152,4.33512,4.49064,0.6130648407899808,,0.739115555718762,24.818744,59.47511,10.822820529986975,13.978433140448885,178.01972400788998,4.206742877653631,0.0022983865286440733,7.393438144378891
2026-09-16T18:55:04+03:00,6.33,290.06,-11.024144493851848,15.47424,190.9954810068599,179.34724903185025,0.656323154322358,4.1796,4.58784,0.790681757280536,,-0.34377467707849396,24.818725,59.475077,11.399818872003369,15.044413657658282,175.95106734920162,4.03634382863415,0.0020666298203576667,7.395504774199249
2026-09-16T18:55:06+03:00,6.48,290.05,-1.8339014599534433,14.83272,191.99815714833886,182.26360420906616,1.3900529067668903,4.1796,4.60728,0.6875493541569879,,2.8476002418001913,24.818707,59.475035,10.656100283717254,2.553101437590726,189.44505571074814,4.175451188167622,0.0025836421039668006,7.3980884163032155
2026-09-16T18:55:08+03:00,6.48,290.06,-5.31175527639754,14.40504,194.99472641687308,181.3640604707108,-0.8769119054477249,4.1212800000000005,4.68504,0.9052733163067008,,0.5844169510334397,24.818693,59.474998,10.308520642962453,7.4328045143460315,187.56192190252705,4.0866499488623,0.0022646840913711336,7.400353100394587
2026-09-16T18:55:11+03:00,6.48,290.05,-2.0115183764439983,14.79384,199.99664796836515,179.92593640493243,-0.2750770374423082,4.64616,4.68504,0.45836623610465854,,2.446529785208615,24.818672,59.474958,10.151852988315156,2.931972841087031,197.06467512727812,4.640078033639465,0.0024883200488556136,7.402841420443442
2026-09-16T18:55:13+03:00,6.33,290.03,-3.741850917739085,15.68808,196.99434912187962,180.78537309762865,0.004182591904455009,4.1796,4.64616,0.739115555718762,,-0.40107045659157625,24.818646,59.47492,11.520619502573256,5.098530191475277,191.89581893040435,4.163062766802753,0.002418088696401144,7.405259509139843
2026-09-16T18:55:15+03:00,6.48,290.04,-1.5474225623880318,16.67952,190.9954810068599,180.6134857590894,-0.012662367272391194,4.58784,4.52952,0.7792226013779195,,1.673036761782004,24.818624,59.474881,12.09398770301159,2.134374396497577,188.86110661036233,4.584657092738329,0.0024385231316520393,7.407698032271496
2026-09-16T18:55:17+03:00,6.48,290.04,-3.8621720547165577,15.99912,193.99777985334543,179.54778426014607,-0.6998106509727874,4.4712,4.60728,0.34377467707849396,,1.9767043932013404,24.818601,59.474838,11.542004049595816,5.357356755398428,188.640423097947,4.451668592904036,0.0026783170989804444,7.410376349370476
2026-09-16T18:55:19+03:00,6.33,290.04,-2.154757825226704,16.8156,195.99740255835198,178.63105178793677,-1.4764549422726183,4.45176,4.68504,0.6818197762056798,,1.008405719430249,24.81858,59.474795,12.368120416697664,2.9301785147673343,193.06722404358464,4.445939638168174,0.00266296114324924,7.413039310513725
2026-09-16T18:55:21+03:00,6.48,290.03,-3.501208643784139,16.69896,190.9954810068599,180.13793078913085,1.1333105187687684,3.9074399999999994,4.45176,0.7734930234266114,,1.2375888374825783,24.818565,59.474753,12.801037516235228,4.569328467271532,186.42615253958837,3.895020857077605,0.0025657234724028445,7.415605033986128
2026-09-16T18:55:23+03:00,6.48,290.03,-5.420617257472397,18.83736,189.9985344433323,181.88545206427983,0.590948669897931,4.23792,4.60728,0.5844169510334397,,3.2715890101970007,24.818552,59.474714,14.623872708371183,6.9893367791808885,183.0091976641514,4.206427233947781,0.0023775613002586632,7.417982595286387
2026-09-16T18:55:25+03:00,6.37,290.03,-7.706718860044381,20.76192,196.99434912187962,179.81707442385755,-1.8361578460557493,4.510079999999999,4.5684000000000005,0.4469070802020421,,1.8391945223699424,24.818529,59.474672,16.30379943449332,9.832674711845641,187.16167441003398,4.443829950865637,0.0026203602133775877,7.420602955499764
2026-09-16T18:55:27+03:00,6.48,290.02,-3.5413156894432953,19.77048,194.99472641687308,179.33578987594765,-0.304125997655441,4.23792,4.6655999999999995,0.3666929888837269,,4.262805995773324,24.818513,59.474629,15.542856716782568,4.506322854885639,190.48840356198744,4.224819187960485,0.0026303863691652433,7.423233341868929
2026-09-16T18:55:29+03:00,6.33,290.03,-4.801822838731107,19.926,187.99891173832572,178.6654292556446,0.26917557215246074,4.1796,4.58784,0.7620338675239948,,0.664631042351755,24.818499,59.474593,15.764952421085102,6.073495495932718,181.925416242393,4.156139882339819,0.0022056867355385763,7.425439028604468
2026-09-16T18:55:31+03:00,6.33,290.03,-5.942008851041445,17.94312,189.9985344433323,179.30141240823983,-0.36377090412855967,3.71304,4.41288,0.1432394487827058,,4.257076417822017,24.818492,59.47456,14.255212688357856,7.487131968064375,182.51140247526791,3.68138318231476,0.001995034042418503,7.427434062646887
2026-09-16T18:55:33+03:00,6.33,290.03,-16.249519585444958,17.94312,192.9951037118665,179.8514518915654,-0.2699777130656439,3.9851999999999994,4.4712,0.6302535746439055,,1.403746598070517,24.818469,59.474523,14.16109526323104,20.766061358452276,172.22904235341423,3.7263048965612193,0.0023322053355449503,7.429766267982432
2026-09-16T18:55:35+03:00,6.48,290.02,-11.236138878050252,17.45712,188.99585830185336,180.39003221898838,-0.3111733785355501,4.35456,4.548959999999999,0.2807493196141034,,3.3804509912718568,24.818448,59.474479,13.213297823114807,14.917952583981673,174.0779057178717,4.20779157584509,0.002721340716947793,7.43248760869938
2026-09-16T18:55:37+03:00,6.33,290.03,-14.86869129917967,15.99912,198.9997014048375,180.4473279985015,0.06823927340008104,4.276800000000001,4.6655999999999995,0.641712730546522,,3.72995524630166,24.818419,59.474438,11.91616605470954,20.15296707000482,178.8467343348327,4.014957858579473,0.0026186315110633324,7.435106240210443
2026-09-16T18:55:38+03:00,6.33,290.03,-16.203682961834488,16.368479999999998,198.9997014048375,180.52754208981978,-0.1228994470555616,4.64616,4.52952,0.49847328176381617,,1.6787663397333121,24.818396,59.474401,11.977265565313308,22.418056875024405,176.5816445298131,4.295030605346216,0.002332206099011396,7.4374384463094545
2026-09-16T18:55:40+03:00,6.48,290.03,-5.982115896700604,14.94936,195.99740255835198,181.163525242415,0.768393699049947,4.374,4.45176,0.7219268218648373,,5.603527236379451,24.818376,59.474362,10.608976797103292,8.44477617929121,187.55262637906077,4.326576515521725,0.0024224189321388635,7.439860865241593
2026-09-16T18:55:42+03:00,6.33,290.02,-19.05128320363468,14.30784,192.9951037118665,181.9943140453547,-0.13556181432795278,4.43232,4.41288,0.8537071147449266,,-0.3093972093706446,24.818355,59.474322,10.221203058124116,27.1886127867335,165.806490925133,3.9425805587403087,0.0024883231586308274,7.442349188400224
2026-09-16T18:55:44+03:00,6.33,290.02,-3.260566369829193,14.56056,195.99740255835198,182.3438183003845,-0.18466429737066434,4.60728,4.704479999999999,0.395340878640268,,5.105053954615635,24.818337,59.474282,9.964184662956283,4.767560375194904,191.22984218315707,4.591339161841677,0.002466312681072255,7.444815501081297
2026-09-16T18:55:46+03:00,6.33,290.02,-4.366374914431682,16.21296,195.99740255835198,180.30408854971876,-0.8799485817619184,4.1796,4.49064,0.590146528984748,,2.532473454478239,24.818321,59.474246,12.049693229842925,5.87962182209472,190.11778073625726,4.157612436975859,0.0022183289729843674,7.447033830054281
2026-09-16T18:55:48+03:00,6.33,290.02,-2.040166266200539,17.04888,195.99740255835198,178.8143982823786,-0.533194524148744,4.78224,4.60728,0.7563042895726866,,2.515284720624314,24.818304,59.474205,12.270852471878772,2.835124572665393,193.1622779856866,4.776386551742119,0.0025184765528771273,7.449552306607158
2026-09-16T18:55:50+03:00,6.33,290.02,-2.5902057495261293,18.09864,190.9954810068599,176.83196431122596,-1.519254889568891,4.276800000000001,4.5684000000000005,0.25210142985756223,,3.941949630500064,24.81829,59.474166,13.827560427158657,3.391097540488886,187.60438346637102,4.2693114546430895,0.002382849036466723,7.451935155643625
2026-09-16T18:55:52+03:00,6.33,290.02,0.09696630963743114,18.29304,194.99472641687308,174.03020069303625,-1.8692175108347977,4.41288,4.859999999999999,0.962569095819783,,2.200157933302361,24.81827,59.474131,13.88016832874892,0.1277945024114331,195.1225209192845,4.412869023319587,0.002190591039741072,7.454125746683366
2026-09-16T18:55:54+03:00,6.33,290.01,5.877251025814742,18.31248,187.99891173832572,174.50575566299483,1.012015353539573,4.35456,4.45176,0.911002894258009,,0.9339212060632418,24.818263,59.474094,13.987918302138066,7.703992664046325,195.70290440237204,4.315255133819961,0.0022342302035996547,7.456359976886966
2026-09-16T18:55:56+03:00,6.33,290.01,-2.4469663007434246,18.954,187.99891173832572,175.56572758398687,-0.307621040205739,4.33512,4.52952,0.641712730546522,,2.5496621883321633,24.81825,59.474055,14.624004204997025,3.172140550937428,184.8267711873883,4.328477680366446,0.002377562592631063,7.458737539479597
2026-09-16T18:55:58+03:00,6.33,290.01,-4.251783355405517,20.684160000000002,187.99891173832572,175.1933050171518,-1.0940056140227938,4.4712,4.276800000000001,0.9797578296737078,,4.131025702893235,24.818239,59.474016,16.228651239591493,5.422210365727096,182.57670137259862,4.451193209970734,0.002368134936393735,7.4611056744159905
2026-09-16T18:56:00+03:00,6.3,290.0,5.854332714009509,20.23704,186.9962355968468,174.51721481889746,1.014078001602044,4.29624,4.4712,0.7047380880109125,,3.420558036931015,24.818226,59.473976,15.969221048339719,7.4267969320330565,194.42303252887984,4.260198056041373,0.002436847693884389,7.463542522109875
2026-09-16T18:56:02+03:00,6.18,290.0,-1.0374901247215988,19.6344,187.99891173832572,176.11576706731245,0.9250976560182272,4.16016,4.4712,0.6818197762056798,,1.5126085791453732,24.818214,59.473937,15.475105340465891,1.316383612252423,186.6825281260733,4.159062054953634,0.002372657198431988,7.465915179308307
2026-09-16T18:56:04+03:00,6.18,289.99,1.0709945613598308,17.67096,190.9954810068599,176.88926009073904,-0.32990909843632804,4.393439999999999,4.43232,0.739115555718762,,3.787251025814742,24.818202,59.4739,13.278541451614549,1.4253336540734836,192.4208146609334,4.392080622362772,0.0022539600640003464,7.468169139372307
2026-09-16T18:56:06+03:00,6.18,289.99,-6.537884957977502,19.926,193.99777985334543,176.03555297599414,-0.3563224527918589,4.374,4.62672,0.7448451336700701,,-0.09167324722093173,24.818188,59.473863,15.58840262356473,8.368704244980421,185.629075608365,4.327425551662713,0.0022646868014730027,7.47043382617378
2026-09-16T18:56:08+03:00,6.18,289.99,-6.3889159312434884,20.606399999999997,189.9985344433323,176.46527132234223,0.056035272363794505,4.45176,4.60728,0.5042028597151245,,3.237211542489151,24.818175,59.473825,16.189868353900476,8.14232406480366,181.85621037852863,4.4068831637965085,0.002318320477674632,7.472752146651454
2026-09-16T18:56:10+03:00,6.18,289.99,-8.182273830002963,19.20672,191.99815714833886,176.17879242477682,0.5039736765970722,4.1212800000000005,4.35456,0.9511099399171665,,2.5611213442347798,24.818166,59.473792,15.138760602549086,10.402756334391086,181.59540081394778,4.053537636299038,0.0020024961299372006,7.474754642781392
2026-09-16T18:56:13+03:00,6.18,289.99,-12.296110799042276,17.92368,188.99585830185336,177.26168265757408,0.5197300159631697,4.276800000000001,4.6655999999999995,0.7104676659622208,,1.6787663397333121,24.818161,59.47375,13.775133602883322,16.087243881673515,172.90861442017984,4.109324235571035,0.0025291352147235532,7.477283777996115
2026-09-16T18:56:15+03:00,6.15,289.99,-9.070358412455741,17.029439999999997,191.99815714833886,177.3304375929898,-1.031381327014995,4.4712,4.52952,0.4640958140559668,,2.6069579678452457,24.818146,59.473711,12.63382873451057,12.268690931764326,179.72946621657454,4.369086011079748,0.0023885154515629684,7.4796722934476785
2026-09-16T18:56:17+03:00,6.03,289.99,-0.779659116912728,16.01856,190.9954810068599,174.44273030553046,-1.337741860071446,4.0824,4.510079999999999,0.716197243913529,,4.251346839870708,24.818128,59.47367,11.936667215749036,1.0462991750777348,189.94918183178217,4.081719324699607,0.00252494695344274,7.482197240401121
2026-09-16T18:56:19+03:00,6.03,289.99,-10.703288128578588,16.407359999999997,183.99966632831257,172.52332169184217,0.47005457512532733,4.257359999999999,4.19904,1.3922874421679003,,3.3689918353692403,24.818121,59.47363,12.249614361046264,14.40419652433394,169.59546980397863,4.123529648692565,0.0024137883983395532,7.484611028799461
2026-09-16T18:56:21+03:00,6.07,289.99,3.8718987428568603,16.73784,184.9966128918402,172.05922587778622,-0.4337290509140332,4.276800000000001,4.1212800000000005,0.4239887683968092,,2.6298762796504787,24.818118,59.473588,12.474145186094422,5.198499811564744,190.19511270340493,4.2592085436159115,0.002526185080000781,7.487137213879461
2026-09-16T18:56:23+03:00,6.03,289.99,0.4693888764724663,18.701279999999997,182.99699018683364,173.5030795215159,-0.32228875976108806,3.92688,4.64616,0.19480565034447989,,-0.5557690612768985,24.818112,59.473552,14.774566799427555,0.5941447934948769,183.59113498032852,3.926668868482441,0.0021716178059953675,7.489308831685457
2026-09-16T18:56:25+03:00,6.03,289.98,7.200783532566944,17.82648,188.99585830185336,175.40529940135022,1.6006721922569809,4.16016,4.68504,0.9339212060632418,,1.9595156593474157,24.818101,59.473514,13.709052483242779,9.380717135206652,198.37657543706,4.104526484016889,0.0023086511728274573,7.491617482858285
2026-09-16T18:56:27+03:00,6.03,289.98,3.9578424121264835,17.70984,185.99928903331917,176.2360882042899,-0.03615363687275495,4.14072,4.0824,0.9682986737710912,,1.180293057969496,24.818089,59.473476,13.582002547222537,5.163592131369171,191.16288116468834,4.123916083985294,0.0023132897911026383,7.493930772649387
2026-09-16T18:56:29+03:00,6.03,289.96,5.5965017062006375,18.44856,186.9962355968468,176.03555297599414,-1.0740093869727283,4.101839999999999,4.21848,0.6760901982543714,,1.1000789666511805,24.818077,59.473439,14.371840091720467,7.19145606678245,194.18769166362924,4.069572383198329,0.002253960876578376,7.496184733525966
2026-09-16T18:56:31+03:00,5.88,289.97,6.645014471290045,18.35136,189.9985344433323,175.14746839354137,-0.5218499598051538,4.1212800000000005,4.43232,0.8479775367936184,,1.0198648753328654,24.818071,59.473403,14.265739805029208,8.560772457232417,198.5593069005647,4.075362876919062,0.002171617874135462,7.498356351400101
2026-09-16T18:56:33+03:00,5.88,289.96,7.76228217179515,20.178720000000002,191.99815714833886,173.3483809168306,0.22144818781806316,4.16016,4.4712,0.5328507494716656,,0.8708958485988514,24.81806,59.473365,16.06650793552366,9.766464398308017,201.76462154664688,4.0998682756465925,0.002308651388299858,7.500665002788401
2026-09-16T18:56:35+03:00,5.88,289.95,8.014383601652714,19.342799999999997,183.99966632831257,175.0443359904178,1.9117309792335049,4.16016,4.276800000000001,1.403746598070517,,0.10886198107485642,24.818051,59.473326,15.234317366263957,10.19633464982627,194.19600097813884,4.094458320614021,0.002360250379446071,7.503025253167848
2026-09-16T18:56:37+03:00,5.88,289.94,8.759228735322782,19.78992,186.9962355968468,176.7288319081024,0.24006931615981492,4.04352,4.21848,0.5786873730821314,,0.865166270647543,24.81804,59.473289,15.805558584468308,10.991939821106854,197.98817541795364,3.969337647207267,0.002249200174399876,7.505274453342247
2026-09-16T18:56:38+03:00,5.88,289.95,7.292456779787875,17.3016,188.99585830185336,176.32776145151087,0.8614993407587058,4.16016,4.52952,0.5328507494716656,,3.517960862103255,24.818023,59.473253,13.185669214783868,9.587678722966245,198.5835370248196,4.102050374940873,0.0022252546831743546,7.5074997080254215
2026-09-16T18:56:40+03:00,5.77,289.94,0.8475410212588097,17.35992,191.99815714833886,176.15014453502027,-0.9351817132125296,4.16016,4.393439999999999,0.5672282171795151,,0.9740282517223995,24.818011,59.473213,13.200358577167266,1.1146391019289013,193.11279625026776,4.15937279177197,0.0024320629102593037,7.5099317709356805
2026-09-16T18:56:42+03:00,5.73,289.93,8.679014644004468,16.3296,187.99891173832572,174.36251621421215,0.03225752386586535,3.7713599999999996,4.276800000000001,0.6073352628386726,,3.6096341093241864,24.818005,59.473173,12.614268891626589,11.264795089869835,199.26370682819555,3.698704262681575,0.0024112771851037863,7.512343048120784
2026-09-16T18:56:44+03:00,5.77,289.94,5.441803101515316,17.92368,185.99928903331917,175.69750787686695,-0.9673246455193688,3.9074399999999994,4.374,0.320856365273261,,2.2402649789615188,24.817998,59.473136,14.038742117680602,6.954333989702121,192.9536230230213,3.8786928426053766,0.0022342307840417415,7.514577278904826
2026-09-16T18:56:46+03:00,5.73,289.93,7.888332886723932,17.82648,191.99815714833886,175.93815015082188,0.4911967177656548,3.96576,4.87944,0.6302535746439055,,2.612687545796554,24.817989,59.473097,13.908899376607211,10.130959177970198,202.12911632630906,3.9039269752308017,0.0023602505955139805,7.51693752950034
2026-09-16T18:56:48+03:00,5.73,289.92,13.256947427099744,17.534879999999998,188.99585830185336,175.680319143013,-0.19961849582357882,4.374,4.43232,0.45836623610465854,,3.970597520256605,24.817977,59.473061,13.31527388808827,17.5771274101227,206.57298571197606,4.169783619657019,0.002194674964614598,7.519132204464954
2026-09-16T18:56:50+03:00,5.73,289.92,6.421560931189024,17.08776,187.99891173832572,174.65472468972882,-0.16191787290397064,4.19904,4.510079999999999,0.4239887683968092,,2.291831180523293,24.817961,59.473019,12.92360103656725,8.504099751085988,196.5030114894117,4.152872749627584,0.002571352855175789,7.52170355732013
2026-09-16T18:56:52+03:00,5.66,289.92,9.498344291041544,16.83504,184.9966128918402,174.471378195287,0.48644116806606885,4.49064,4.374,0.6760901982543714,,2.389234005695533,24.817949,59.472983,12.428077493220357,12.916712369041534,197.91332526088172,4.377008997323145,0.0021946751058164065,7.523898232425947
2026-09-16T18:56:54+03:00,5.62,289.92,4.3130762451075935,18.48744,187.99891173832572,175.13600923763875,0.18071088858426165,4.43232,4.276800000000001,0.693278932108296,,2.515284720624314,24.817938,59.472945,14.071621080470084,5.670465764000625,193.66937750232634,4.410631036361135,0.0023086519956210094,7.526206884421568
2026-09-16T18:56:56+03:00,5.58,289.92,3.22445643435903,17.94312,187.99891173832572,173.90987955605874,-0.6818770719851928,4.43232,4.5684000000000005,0.418259190445501,,2.778845306384493,24.81793,59.472904,13.520115827658708,4.2810368440738955,192.2799485823996,4.419953359948,0.002476490839189012,7.528683375260758
2026-09-16T18:56:58+03:00,5.58,289.93,2.926518380891002,16.426799999999997,185.99928903331917,172.93585130433638,-0.459340264356381,4.374,4.49064,0.4812845479098915,,3.449205926687555,24.817923,59.472869,12.060572068634734,3.9874761348178254,189.986765168137,4.363411744414127,0.002114598048912241,7.53079797330967
2026-09-16T18:57:00+03:00,5.51,289.92,-0.8083070066692692,17.2044,186.9962355968468,172.03630756598102,-0.24373624604865218,4.33512,4.6655999999999995,0.08021409131831525,,4.801386323196299,24.817917,59.472828,12.869856695944907,1.080571485419,185.9156641114278,4.334349061034782,0.00247121554952432,7.533269188859194
2026-09-16T18:57:02+03:00,5.58,289.92,-5.420617257472397,17.43768,180.99736748182707,172.23684279427675,-0.9774087027136714,4.49064,4.859999999999999,0.09167324722093173,,2.137132575837971,24.817912,59.472792,12.974059157038678,7.294362164278141,173.70300531754893,4.45429698460085,0.0021692559730777934,7.5354384448322715
2026-09-16T18:57:04+03:00,5.43,289.9,3.57969026734014,16.87392,184.9966128918402,173.84685419859437,1.0026188456994276,4.1212800000000005,4.6655999999999995,0.49847328176381617,,2.2058875112536693,24.817907,59.472755,12.763275093730535,4.734903863672315,189.7315167555125,4.107215249997151,0.0022292186899150897,7.537667663522186
2026-09-16T18:57:06+03:00,5.43,289.91,-4.675772123802326,16.05744,188.99585830185336,175.00995852270995,-0.19205545292785195,3.7908,4.62672,0.5958761069360561,,2.4121523175007655,24.817904,59.472718,12.283143645300852,6.117350771119874,182.8785075307335,3.769214118811088,0.0022258708750088523,7.539893534397195
2026-09-16T18:57:08+03:00,5.43,289.91,-2.0745437339083885,17.029439999999997,186.9962355968468,175.55426842808424,-0.17360621192463943,4.41288,4.68504,0.21772396214971285,,2.7960340402384176,24.817897,59.472676,12.620463344051096,2.799791021618546,184.19644457522824,4.407612413576856,0.0025335545727045937,7.5424270889699
2026-09-16T18:57:10+03:00,5.36,289.91,-8.10205973868465,18.13752,189.9985344433323,176.59132203727103,0.44702167176106833,4.33512,4.723920000000001,0.985487407625016,,0.19480565034447989,24.817882,59.472634,13.859144583698155,10.628753335356095,179.3697811079762,4.260741961053858,0.0025657285992218776,7.544992817569121
2026-09-16T18:57:13+03:00,5.28,289.9,-5.231541185079225,16.251839999999998,188.99585830185336,176.79185726556682,1.485908745892277,4.374,4.723920000000001,0.7677634454753031,,4.784197589342375,24.81787,59.472592,11.902744113178645,7.151708189874256,181.8441501119791,4.339970219447176,0.0025509717141673667,7.547543789283289
2026-09-16T18:57:15+03:00,5.28,289.9,-6.113896189580693,17.029439999999997,189.9985344433323,176.47100090029355,0.09774659984931845,4.43232,4.62672,0.5729577951308232,,2.079836796324888,24.817854,59.472548,12.631154756457432,8.255715190682054,181.74281925265024,4.3863881721888145,0.0026894771622052245,7.550233266445494
2026-09-16T18:57:17+03:00,5.28,289.9,-1.576070452144573,17.534879999999998,189.9985344433323,176.98093333796,0.3258410980908992,4.23792,4.58784,0.664631042351755,,2.5267438765269303,24.817844,59.47251,13.299074059840196,2.078248548657342,187.92028589467495,4.235132435988523,0.0023044090206349238,7.552537675466128
2026-09-16T18:57:19+03:00,5.21,289.89,-7.105113175157015,16.93224,190.9954810068599,178.98628562091787,0.7950935323030435,4.19904,4.859999999999999,0.8307888029396938,,2.194428355351053,24.817827,59.472473,12.776006291146373,9.434984465350084,181.56049654150982,4.14223644433926,0.0022837502664738527,7.5548214257326025
2026-09-16T18:57:21+03:00,5.13,289.89,-11.751800893667994,17.26272,193.99777985334543,180.9687195920705,0.6461818013485424,4.33512,4.82112,0.7104676659622208,,1.822005788516018,24.817808,59.472432,13.048375543654009,15.631801005460943,178.3659788478845,4.1747776070392995,0.0025317721982037454,7.557353197930806
2026-09-16T18:57:23+03:00,5.13,289.88,-9.035980944747891,16.83504,193.99777985334543,180.73380689606688,-0.9962590141734755,4.43232,4.91832,0.37242256683503505,,4.652417296462285,24.817788,59.472392,12.477159254764853,12.234246254630648,181.7635335987148,4.331659392307439,0.00248064084919472,7.55983383878
2026-09-16T18:57:25+03:00,5.13,289.88,-13.367541875936915,17.029439999999997,195.99740255835198,179.53632510424347,-0.6464109844665947,4.35456,4.82112,0.34377467707849396,,3.460665082590172,24.817771,59.472351,12.832411450783137,17.867277117480143,178.13012544087184,4.144538642864286,0.002518482422637522,7.562352321202638
2026-09-16T18:57:27+03:00,5.13,289.88,-12.049738947136023,17.6904,191.99815714833886,179.0836884460901,0.3322582253963644,4.257359999999999,4.84056,0.5614986392282068,,2.538203032429547,24.817758,59.472311,13.556009990708537,15.808905802552971,176.1892513457859,4.09632816729746,0.0024368508797450662,7.564789172082382
2026-09-16T18:57:29+03:00,4.98,289.87,-14.089468697801752,18.11808,190.9954810068599,179.30714198619114,0.7157388776774244,4.45176,4.84056,0.6474423084978302,,2.9335439110698154,24.817737,59.472268,13.84272979219975,18.57964497601384,172.41583603084607,4.219741678219259,0.002662972689132061,7.567452144771514
2026-09-16T18:57:31+03:00,4.98,289.85,-14.880150455082287,17.94312,192.9951037118665,179.30141240823983,-0.4744090543683216,4.510079999999999,4.68504,0.31512678732195276,,4.950355349930313,24.817718,59.472226,13.633568152132087,19.753333239218733,173.24177047264777,4.2446904536531616,0.002590318199930015,7.570042462971444
2026-09-16T18:57:33+03:00,4.98,289.86,-12.301840376993582,17.72928,191.99815714833886,177.82318129680232,-0.9051587247476744,4.49064,4.6655999999999995,0.29220847551671986,,2.0855663742761967,24.817701,59.47219,13.37601395219565,16.403699415879856,175.594457732459,4.307851833563249,0.0022252584921387927,7.572267721463583
2026-09-16T18:57:35+03:00,4.91,289.86,-5.139867937858292,17.82648,192.9951037118665,178.05809399280594,0.3426287614882323,4.33512,4.859999999999999,0.41252961249419273,,1.581363514561072,24.817687,59.472154,13.514373259553748,6.7866431424478435,186.20846056941866,4.304744176545728,0.0022056927143937503,7.574473414177977
2026-09-16T18:57:37+03:00,4.83,289.85,-8.577614708643233,18.11808,190.9954810068599,178.6826179894985,-0.13051978573080153,4.257359999999999,4.6655999999999995,0.693278932108296,,0.865166270647543,24.817667,59.472116,13.922827118342642,11.191621285358195,179.8038597215017,4.176400121938247,0.0023643110786986453,7.576837725256675
2026-09-16T18:57:39+03:00,4.98,289.83,-0.26399710129498777,19.67328,192.9951037118665,177.42211084021073,0.2413871190886158,4.101839999999999,4.68504,0.6875493541569879,,3.3919101471744737,24.817649,59.472076,15.571495010834479,0.33353893421065095,192.66156477765585,4.101770498320032,0.0024663206759759798,7.579304045932651
2026-09-16T18:57:40+03:00,4.83,289.83,6.977329992465922,19.303919999999998,191.99815714833886,176.9408262923008,-0.6700168456259846,4.14072,4.91832,0.4526366581533504,,0.07448451336700701,24.81763,59.472039,15.202188723613036,8.87344353132724,200.8716006796661,4.091161658401303,0.002298399837318172,7.58160244576997
2026-09-16T18:57:42+03:00,4.83,289.82,5.246997451170836,17.67096,190.9954810068599,176.54548541366057,-0.3403942260872221,4.16016,4.6655999999999995,0.47555496995858326,,0.3781521447863433,24.817615,59.472003,13.533580646435661,6.857858902657767,197.85333990951767,4.130395861344587,0.0022118129064568975,7.583814258676426
2026-09-16T18:57:44+03:00,4.83,289.81,-3.501208643784139,18.040319999999998,191.99815714833886,175.8006402799905,-0.6448639984197415,4.31568,4.64616,0.5557690612768985,,3.4893129723467133,24.817602,59.471966,13.735224020233387,4.60068986083084,187.39746728750802,4.301774502546328,0.0022591274552318597,7.586073386131658
2026-09-16T18:57:46+03:00,4.83,289.8,2.874952179329228,18.195839999999997,191.99815714833886,174.49429650709223,-1.6296065609110875,4.21848,4.62672,0.544309905374282,,2.194428355351053,24.817584,59.471923,13.984270197795109,3.7418763799927888,195.74003352833165,4.209486986629533,0.0026424159105581176,7.588715802042216
2026-09-16T18:57:48+03:00,4.68,289.8,4.187025530178813,17.2044,188.99585830185336,172.83844847916413,-1.3795677791159962,4.374,4.58784,0.6302535746439055,,3.105431249609062,24.817576,59.471889,12.846044298738661,5.611560465367035,194.6074187672204,4.353038438682063,0.002058207531801805,7.590774009574018
2026-09-16T18:57:50+03:00,4.68,289.78,4.215673419935354,19.20672,187.99891173832572,172.02484841007836,-0.2453405278750185,4.14072,4.548959999999999,0.8021409131831525,,-0.9167324722093171,24.817566,59.471852,15.080275394755976,5.372241288424931,193.37115302675065,4.122531644931193,0.002244846153416748,7.5930188557274345
2026-09-16T18:57:52+03:00,4.68,289.77,12.288648753328653,19.51776,181.9943140453547,170.90758070957327,-1.9957265919996836,4.4712,4.43232,0.7448451336700701,,2.4064227395494577,24.817567,59.471812,15.178865891694853,15.883153592001037,197.87746763735575,4.300497716729124,0.0024045025145806235,7.595423358242015
2026-09-16T18:57:54+03:00,4.61,289.76,7.149217331005169,19.47888,186.9962355968468,169.53821157921058,-0.3241795204850198,4.29624,4.7628,0.7333859777674538,,1.1745634800181877,24.817565,59.471774,15.225432908426546,9.16173246423952,196.1579680610863,4.241432130193182,0.00228490935908115,7.597708267601096
2026-09-16T18:57:56+03:00,4.53,289.75,5.4303439456127,18.817919999999997,182.99699018683364,169.0340087194955,0.3711620596857473,4.16016,4.704479999999999,1.0714310768946396,,-0.10886198107485642,24.817562,59.471735,14.681710449600292,6.966949473021941,189.96393965985558,4.129442567034096,0.0023459898016801573,7.600054257402776
2026-09-16T18:57:58+03:00,4.53,289.74,11.165651474872242,18.58464,177.99506863534154,168.4209438787055,-0.7257656390922137,4.29624,4.4712,0.590146528984748,,-0.3781521447863433,24.817564,59.471694,14.393784915223101,14.479154206176048,192.4742228415176,4.15978570999926,0.002465172814349034,7.602519430217125
2026-09-16T18:58:00+03:00,4.53,289.73,8.277944187412892,19.75104,179.99469134034814,167.3036761782004,-0.3539733258318226,4.19904,4.704479999999999,0.9224620501606254,,0.022918311805232933,24.817566,59.471654,15.607461827895127,10.497862251733437,190.49255359208158,4.128755234898355,0.0024050840037929087,7.604924514220918
2026-09-16T18:58:02+03:00,4.61,289.72,14.643505291316336,18.31248,183.99966632831257,166.08327607457173,-0.7402614713090235,3.86856,4.5684000000000005,0.813600069085769,,-2.3491269600363753,24.817563,59.47162,14.602367506942564,18.483741894792246,202.48340822310482,3.6689951276066566,0.0020457140551516386,7.60697022827607
2026-09-16T18:58:04+03:00,4.57,289.72,8.644637176296618,18.29304,175.99544593033497,166.82239163029047,0.5764528376811212,4.19904,4.6655999999999995,0.716197243913529,,-2.9507326449237397,24.817566,59.471581,14.155779600433837,11.200032028774416,187.19547795910938,4.119069479591476,0.002345989817216574,7.609316218093286
2026-09-16T18:58:06+03:00,4.65,289.7,5.120946736242055,17.35992,175.99544593033497,166.4213211736989,-0.5800051760109324,4.374,4.58784,0.5500394833255903,,-0.5958761069360561,24.817569,59.471539,13.009238475570369,6.840691544441398,182.83613747477636,4.342862224577119,0.0025261852814051555,7.611842403374691
2026-09-16T18:58:08+03:00,4.51,289.7,-0.26399710129498777,16.757279999999998,178.99774477682047,167.02865643653757,-0.3385607611428034,4.14072,4.5684000000000005,0.5729577951308232,,-1.0141352973815572,24.817572,59.4715,12.61661837941195,0.3506395432830516,178.64710523353742,4.1406424608506835,0.0023459898265543737,7.614188393201245
2026-09-16T18:58:10+03:00,4.48,289.69,4.318805823058902,17.94312,178.99774477682047,168.03706215596785,0.9309991213080746,4.0629599999999995,4.87944,0.5557690612768985,,-0.2864788975654116,24.817572,59.471464,13.895065939715895,5.580544390641478,184.57828916746195,4.043703512861664,0.0021638777909422156,7.616352270992188
2026-09-16T18:58:12+03:00,4.4,289.69,6.318428528065476,18.8568,178.99774477682047,167.71047621274326,-0.9227485290581909,4.1796,4.957199999999999,0.47555496995858326,,-0.5099324376664327,24.817571,59.471423,14.709782203030354,8.110386222129193,187.10813099894966,4.137796057725907,0.0024646055076856122,7.618816876499873
2026-09-16T18:58:14+03:00,4.4,289.67,9.44677808947977,18.954,178.99774477682047,164.880064704797,-1.6472536610011168,4.14072,4.74336,0.49847328176381617,,-0.10313240312354818,24.817572,59.471385,14.884957716126124,12.063716566109179,191.06146134292965,4.049275448735039,0.002284297290173602,7.621101173790047
2026-09-16T18:58:16+03:00,4.35,289.66,4.702687545796554,19.26504,174.99849936680735,163.73414911453534,-0.2110203559466822,4.257359999999999,4.89888,0.44117750225073393,,-0.7677634454753031,24.817579,59.471347,15.026066706261055,6.033731888377332,181.03223125518468,4.2337750077329686,0.002294071129625912,7.6233952449196725
2026-09-16T18:58:18+03:00,4.27,289.67,9.114462568303892,19.78992,174.99849936680735,163.74560827043797,-0.7789361224803542,4.33512,4.68504,0.5844169510334397,,-0.022918311805232933,24.817586,59.471309,15.524731227754092,11.649688078319201,186.64818744512655,4.245818705779563,0.002294071152011313,7.625689316071684
2026-09-16T18:58:20+03:00,4.21,289.66,8.810794936884555,17.748720000000002,178.99774477682047,162.9320082013522,1.0478825115147625,4.0629599999999995,4.704479999999999,0.48701412586119974,,0.18334649444186346,24.817593,59.471274,13.747797797878377,11.405332284019693,190.40307706084016,3.9827278155905894,0.002114599068653979,7.627803915140338
2026-09-16T18:58:22+03:00,4.21,289.65,11.509426151950734,17.72928,173.9958232253284,162.78876875256952,0.94652627755612,3.96576,4.60728,0.6187944187412892,,-1.6386592940741544,24.817605,59.471236,13.865860512389887,14.78090852483274,188.77673175016113,3.8345268617381567,0.002313293637512529,7.63011720877785
2026-09-16T18:58:24+03:00,4.25,289.63,12.9475502177291,18.48744,174.99849936680735,163.80863362790237,1.9001572317718622,4.101839999999999,4.6655999999999995,0.5156620156177408,,-0.5672282171795151,24.817612,59.471199,14.519004196338905,16.576804258290792,191.57530362509814,3.9313599600542655,0.0022342319561147374,7.632351440733965
2026-09-16T18:58:26+03:00,4.14,289.61,8.868090716397639,20.003759999999996,176.99812207181392,165.4243746101713,1.1468323227338557,3.42144,4.548959999999999,0.5271211715203573,,-1.0427831871380984,24.817615,59.471162,16.631586127694078,10.685458520629652,187.68358059244358,3.3621118419629448,0.002225871047830748,7.634577311781795
2026-09-16T18:58:28+03:00,4.08,289.61,9.343645686356222,20.52864,178.99774477682047,166.50153526501725,-0.5128545224215999,3.6935999999999996,4.64616,0.5500394833255903,,-1.277695883141736,24.817614,59.471123,16.894691576065146,11.377784222004038,190.3755289988245,3.6210124135255057,0.0023443997771288028,7.636921711558924
2026-09-16T18:58:30+03:00,4.06,289.59,10.781769752134588,20.04264,179.99469134034814,165.45302249992784,0.5390386936590784,3.81024,4.29624,0.46982539200727513,,-0.41252961249419273,24.817618,59.471084,16.315240108434153,13.285693025929618,193.28038436627776,3.7082638291541077,0.002347380318400336,7.639269091877324
2026-09-16T18:58:32+03:00,4.06,289.58,0.9449438464310498,20.72304,172.99887666180075,165.0863295110441,-0.10937764309047417,4.1212800000000005,4.35456,0.47555496995858326,,-0.6302535746439055,24.817628,59.471043,16.602459599036923,1.1795002076451055,174.17837686944586,4.12040675206592,0.002483258992830118,7.641752350870155
2026-09-16T18:58:34+03:00,4.01,289.56,7.636231456866368,19.86768,176.99812207181392,164.06646463571124,-0.9626263915992961,4.04352,4.52952,0.5328507494716656,,-0.005729577951308233,24.81763,59.471003,15.86911826428213,9.576591929440895,186.57471400125482,3.9871698603145993,0.0024050840344327943,7.644157434904588
2026-09-16T18:58:36+03:00,3.97,289.55,7.481532852181046,19.984319999999997,175.99544593033497,163.0007631367679,-1.79639457507367,3.73248,4.374,0.6130648407899808,,-1.1459155902616465,24.817636,59.470967,16.290865812173873,9.191050127748241,185.1864960580832,3.6845595374075706,0.002171618988318826,7.646329053892907
2026-09-16T18:58:38+03:00,3.99,289.53,10.363510561689088,21.50064,173.9958232253284,162.08403066455858,1.1484366045602221,3.9851999999999994,4.548959999999999,0.590146528984748,,-1.7246029633437776,24.817645,59.470933,17.595064841671924,12.698665419037724,186.69448864436612,3.8877206710526857,0.0020620548841413146,7.648391108777048
2026-09-16T18:58:40+03:00,3.95,289.52,3.6656339366097637,20.93688,169.99657781531528,170.04814401687702,4.196629370435715,3.9074399999999994,4.33512,0.6875493541569879,,-2.274642446669368,24.817659,59.470899,17.039265472195904,4.505692942514372,174.50227075782965,3.895364185898935,0.0020878895267901778,7.650478998303838
2026-09-16T18:58:42+03:00,3.91,289.5,-1.788064836342977,20.625839999999997,178.99774477682047,178.60240389818023,3.4003899225424097,3.9463199999999996,4.374,0.6589014644004466,,-1.3521803965087429,24.817663,59.470863,16.681895994769146,2.210990071050304,176.78675470577016,3.943382101895357,0.002167321757860404,7.652646320061699
2026-09-16T18:58:44+03:00,3.99,289.47,-7.282730091647572,20.956319999999998,186.9962355968468,184.56689454549206,4.35344791896302,3.8491199999999997,4.23792,0.5099324376664327,,0.2864788975654116,24.817651,59.470827,17.14519652479689,8.913534111972297,178.0827014848745,3.8026353067900245,0.0021946790088435597,7.654840999070542
2026-09-16T18:58:46+03:00,3.93,289.46,-19.773210025499516,20.74248,198.9997014048375,192.5997628332262,4.325659465899176,3.9463199999999996,4.35456,0.7677634454753031,,0.7563042895726866,24.817632,59.470792,17.08109072404691,24.25593258204782,174.7437688227897,3.5979369429798793,0.002182293211467649,7.65702329228201
2026-09-16T18:58:48+03:00,3.93,289.44,-12.170060084113494,19.1484,207.99513878839142,193.84881082661144,-1.0462782296883963,4.00464,4.276800000000001,0.6302535746439055,,4.165403170601085,24.817597,59.470761,15.257134747614066,15.34206966440712,192.6530691239843,3.861928280536948,0.0021480421808371362,7.659171334462847
2026-09-16T18:58:50+03:00,4.08,289.42,-10.113141599593838,17.67096,209.99476149339802,189.15628648449,-0.933233656709085,3.86856,4.29624,0.9224620501606254,,6.027516004776261,24.817559,59.470728,13.879139387154606,12.918504257651591,197.07625723574643,3.7706430420608235,0.002297980578109004,7.661469315040956
2026-09-16T18:58:52+03:00,4.12,289.4,-8.68647668971809,19.20672,205.99551608338487,184.20593113455965,-3.33644783260581,4.02408,4.374,0.31512678732195276,,4.131025702893235,24.817532,59.470695,15.24092003741797,10.971808502393515,195.02370758099136,3.9505236373325983,0.002148052427084153,7.66361736746804
2026-09-16T18:58:54+03:00,4.14,289.39,-1.4328310033618665,19.84824,200.9993241098441,176.17306284682556,-4.669147664080104,3.92688,4.80168,0.38388172273765153,,4.646687718510977,24.817503,59.470662,15.922890596239007,1.7861591001786223,199.2131650096655,3.9249720039189047,0.00217222175768602,7.665789589225726
2026-09-16T18:58:56+03:00,4.23,289.37,11.337538813411486,18.7596,192.9951037118665,163.6310167114118,-6.664358594064171,4.276800000000001,4.58784,-0.06875493541569878,,6.359831525952138,24.817487,59.470623,14.590501790131942,14.641008073875781,207.6361117857423,4.137925931849142,0.0023945658362650064,7.668184155061991
2026-09-16T18:58:58+03:00,4.38,289.35,20.07514518915654,16.58232,178.99774477682047,149.30134225518992,-6.751963840939673,4.02408,4.89888,-0.20626480624709637,,1.0714310768946396,24.817487,59.470585,12.877026692945252,26.232915084540565,205.23065986136103,3.609618217849363,0.002284093223474954,7.670468248285466
2026-09-16T18:59:00+03:00,4.29,289.34,13.102248822414424,15.8436,162.99503355881663,141.34295848082277,-5.579520304763469,4.23792,4.33512,0.6818197762056798,,1.5355268909506061,24.81751,59.470545,11.755327029156836,17.789915894394397,180.78494945321103,4.035276144843225,0.0025047727207025837,7.672973021006168
2026-09-16T18:59:02+03:00,4.35,289.31,23.822289169312125,16.387919999999998,155.99921888026924,131.56256891793961,-3.6307189561850004,4.257359999999999,4.89888,0.492743703812508,,2.6699833253096363,24.817541,59.470508,12.611058875440818,31.659140532976068,187.6583594132453,3.6238036274242043,0.0024170339461300028,7.675390054952298
2026-09-16T18:59:04+03:00,4.35,289.28,27.08814860155782,14.754959999999999,143.9957530722785,123.14581890746784,-4.968288928917907,4.29624,4.93776,0.865166270647543,,0.4469070802020421,24.817585,59.470476,11.103688001912305,37.23596165210702,181.2317147243855,3.420452700359862,0.00234618564818132,7.677736240600479
2026-09-16T18:59:06+03:00,4.33,289.28,41.97932169700792,14.9688,130.99534070076012,114.71188016314211,-3.1248545188639967,4.60728,4.5684000000000005,1.0141352973815572,,-0.5271211715203573,24.817646,59.470444,11.948056787941557,56.925966764058444,187.92130746481857,2.514295190426307,0.00267745306266656,7.680413693663146
2026-09-16T18:59:08+03:00,4.31,289.26,48.379260268619205,12.655439999999999,123.99952602221278,107.52125983425029,-3.6860093834151253,4.29624,4.74336,0.5958761069360561,,0.5099324376664327,24.817704,59.470421,10.314649825753461,66.52115949764526,190.52068551985803,1.7116665628299563,0.002246669319769855,7.682660362982916
2026-09-16T18:59:10+03:00,4.23,289.24,56.44077644610989,13.880159999999998,125.99914872721935,100.58847051316732,-4.948349997647355,4.02408,5.13216,0.6474423084978302,,0.29220847551671986,24.817767,59.470401,12.12844034485136,72.4912763438262,198.49042507104554,1.2106485147963884,0.002268370389835628,7.684928733372752
2026-09-16T18:59:12+03:00,4.21,289.22,67.61918302911225,13.3164,112.99873635570096,92.62435716084889,-4.135781252592821,4.64616,5.09328,0.544309905374282,,0.9339212060632418,24.817842,59.470386,12.320627979378193,88.02689757847895,201.0256339341799,0.1599688106304682,0.0024611272021398413,7.687389860574892
2026-09-16T18:59:14+03:00,4.25,289.2,71.2001692486799,13.3164,105.9971920992023,86.96926372290766,-1.2337500202552016,4.58784,4.84056,0.7219268218648373,,-0.9912169855763242,24.817926,59.470376,12.609458350574885,91.34719319894774,197.34438529815003,-0.10786374501005885,0.0026343250471364053,7.690024185622028
2026-09-16T18:59:16+03:00,4.23,289.17,75.81820907743433,12.28608,94.99640243269049,83.69194513475937,-1.454052292483003,4.80168,4.996079999999999,0.6703606203030631,,-0.23491269600363757,24.818012,59.470371,12.045621776831132,98.55359498755676,193.54999742024725,-0.7141753811148907,0.0026430449053664803,7.692667230527395
2026-09-16T18:59:18+03:00,3.99,289.15,85.5298437049018,14.696639999999999,95.99907857416943,81.52043509121353,0.06697876625079323,4.74336,4.97664,0.7563042895726866,,-0.6474423084978302,24.818101,59.470369,15.087216277228107,103.79648314912875,199.7955617232982,-1.1311673130640547,0.0027201615454055996,7.6953873920728
2026-09-16T18:59:20+03:00,3.54,289.13,82.62494768358852,13.335840000000001,89.9944808811984,82.6835394153291,0.4631790815837574,4.84056,5.3654399999999995,0.693278932108296,,-1.7647100090029357,24.818195,59.470369,13.590553004083128,103.30960807986902,193.3040889610674,-1.1143594949996793,0.002870172672692288,7.698257564745492
2026-09-16T18:59:22+03:00,3.95,289.12,86.1486381236431,13.06368,91.99983316415629,82.1220407761009,-1.2191395964793657,4.93776,5.0544,0.7734930234266114,,-0.5786873730821314,24.818283,59.470369,13.651951484002756,107.30240444970266,199.30223761385895,-1.4685635985357481,0.00268697016172106,7.700944534907213
2026-09-16T18:59:24+03:00,4.21,289.1,84.94542675386835,13.00536,91.99983316415629,81.53762382506746,-0.18558102984287364,4.58784,4.87944,0.7620338675239948,,-1.449583221680983,24.818372,59.470369,13.404248619787897,104.87937384205941,196.8792070062157,-1.1780879739302201,0.0027175039134848555,7.703662038820698
2026-09-16T18:59:26+03:00,4.21,289.08,79.9721530921328,11.9556,88.99753431767077,82.03609710683126,0.46747626504723866,5.03496,5.22936,0.7448451336700701,,-1.575633936609764,24.818458,59.470371,12.13769878705288,104.08172019354771,193.0792545112185,-1.2250338061835209,0.0026286529081558964,7.706290691728854
2026-09-16T18:59:28+03:00,3.91,289.07,72.50651302157819,12.013919999999999,90.99715702267736,83.25649721045993,0.48684223852266045,5.26824,5.07384,0.6990085100596044,,-2.125673419935354,24.818554,59.470372,11.577464250782867,98.22802954164126,189.22518656431862,-0.7539542783807257,0.0029318561761988472,7.7092225479050525
2026-09-16T18:59:30+03:00,3.78,289.04,78.28192759649687,12.81096,89.9944808811984,84.5571114054069,0.3900123711455514,4.957199999999999,5.01552,0.7620338675239948,,-0.320856365273261,24.81864,59.470371,12.76317671146489,100.63443634186658,190.62891722306497,-0.9148120414842833,0.0026265903156871494,7.71184913822074
2026-09-16T18:59:32+03:00,4.48,289.03,77.57145993053464,12.81096,92.99677972768393,84.09874516930223,-0.654203210480374,4.859999999999999,5.1127199999999995,0.6818197762056798,,-0.1604281826366305,24.818729,59.470369,12.68622611239862,99.5410818043602,192.53786153204413,-0.8055680496396298,0.0027201615455026184,7.714569299766242
2026-09-16T18:59:34+03:00,4.44,289.0,81.24984897527453,13.0248,89.9944808811984,82.01890837297735,-0.679356057686617,5.03496,5.28768,0.6875493541569879,,-0.19480565034447989,24.818816,59.470369,13.230404033321847,103.34405164100141,193.3385325221998,-1.1620581642516405,0.00265643640986015,7.717225736176102
2026-09-16T18:59:36+03:00,4.5,288.98,76.78650775120543,12.0528,86.9979116126642,81.9215055478051,0.9811902241615349,5.09328,5.01552,0.7448451336700701,,-2.2288058230589023,24.818911,59.470372,11.9644141122849,101.27005896125006,188.26797057391425,-0.9953984434634926,0.0029063058084053774,7.720132041984508
2026-09-16T18:59:38+03:00,4.46,288.96,78.81477834596853,12.28608,85.99523547118525,84.55138182745557,0.9677830117554734,5.1127199999999995,5.151599999999999,0.8594366926962348,,-1.5068790011940651,24.819005,59.470375,12.357899588153966,102.75995023076548,188.75518570195072,-1.1292301763662904,0.002875831256449002,7.723007873240957
2026-09-16T18:59:40+03:00,4.46,288.96,75.9385302144118,13.62744,89.9944808811984,84.82640156911839,-0.2093587783408028,5.0544,5.0544,0.6531718864491385,,0.040107045659157625,24.819095,59.470371,13.333575908045702,97.5132583543981,187.5077392355965,-0.6608911601643978,0.002758535158939259,7.725766408399896
2026-09-16T18:59:42+03:00,4.4,288.93,72.85028769865667,12.84984,91.99983316415629,84.36230575506241,-0.12404536264582322,5.03496,5.13216,0.6245239966925973,,-0.9281916281119336,24.819189,59.470368,12.341556722430552,95.7941299643507,187.793963128507,-0.5083012131754734,0.0028758315954522666,7.728642239995349
2026-09-16T18:59:44+03:00,4.38,288.92,66.71963929075686,14.40504,87.99485817619184,84.77483536755662,0.7500590496057608,5.1127199999999995,5.151599999999999,0.7047380880109125,,-2.2517241348641353,24.819289,59.470369,13.244940448148695,87.4876277750688,175.48248595126063,0.22411667879656036,0.0030539668017562516,7.731696206797105
2026-09-16T18:59:46+03:00,4.38,288.9,63.15584180504315,15.41592,87.99485817619184,85.97231715938001,0.4297183463481174,5.13216,5.1127199999999995,0.5500394833255903,,-1.5412564689019144,24.819386,59.47037,13.875759313797479,82.42508930163446,170.4199474778263,0.6765333060978366,0.002962383749554801,7.73465859054666
2026-09-16T18:59:48+03:00,4.38,288.89,66.30710967826268,15.51312,90.99715702267736,86.84321300797889,0.5012234791804442,5.19048,5.307119999999999,0.6990085100596044,,-2.337667804133759,24.819479,59.470371,14.243811630204771,85.79987767782399,176.79703470050134,0.3801524489511814,0.0028402748851009546,7.737498865431761
2026-09-16T18:59:50+03:00,4.36,288.87,68.84531271069223,15.7464,93.99945586916286,87.45627784876886,0.23898069634906638,5.2488,5.404319999999999,0.6875493541569879,,-3.105431249609062,24.819575,59.470368,14.691650225515062,88.30769818127189,182.30715405043475,0.15500726947654705,0.0029367814278733824,7.740435646859635
2026-09-16T18:59:52+03:00,4.33,288.86,75.04471605400774,16.6212,88.99753431767077,88.02350606594837,0.23989742882127568,4.996079999999999,5.28768,0.6703606203030631,,-3.6382819990807276,24.819665,59.470367,16.073743002573945,92.51998517344683,181.51751949111758,-0.21966694496931696,0.002748695075528368,7.743184341935163
2026-09-16T18:59:54+03:00,4.33,288.83,69.70474940338845,18.156959999999998,93.99945586916286,88.8027286673263,0.7033056935230855,5.326560000000001,5.13216,0.7104676659622208,,-3.0137580023881303,24.819768,59.470365,17.05741222613983,86.73555689715727,180.73501276632012,0.303318083023108,0.003147273472408789,7.746331615407572
2026-09-16T18:59:56+03:00,4.33,288.82,72.35754399484416,18.11808,92.99677972768393,90.17209779768896,0.5801770633494716,5.28768,5.2488,0.739115555718762,,-3.437746770784939,24.819867,59.47036,17.267119523242577,89.3248054755825,182.3215852032664,0.06231052235314898,0.0030377454265360887,7.749369360834108
2026-09-16T18:59:58+03:00,4.31,288.8,71.21162840458251,17.35992,93.99945586916286,90.21793442129942,0.06669228735322782,5.2488,5.151599999999999,0.6760901982543714,,-1.9824339711526484,24.81996,59.470355,16.43845626105402,88.8065881984664,182.80604406762927,0.10931916789318431,0.0028554996287009312,7.7522248604628095
2026-09-16T19:00:00+03:00,4.29,288.78,75.22233297049829,17.573759999999996,92.99677972768393,90.57889783223185,0.44931350294159156,5.67648,5.1710400000000005,0.6359831525952138,,-2.114214264032738,24.820055,59.470351,17.034365334908056,94.0192305161346,187.01601024381853,-0.3978717947342437,0.0029106550346537636,7.7551355154974635
2026-09-16T19:00:02+03:00,4.33,288.77,75.40567946494015,16.34904,88.99753431767077,91.15185562736268,0.2197866102121838,5.50152,5.307119999999999,0.7276563998161455,,-1.7876283208081685,24.820155,59.470351,15.881767750707414,94.99206553700732,183.9895998546781,-0.47873009210617434,0.0030533768103130745,7.758188892307777
2026-09-16T19:00:04+03:00,4.29,288.76,69.01720004923146,18.33192,93.99945586916286,91.02007533448257,-0.0865166270647543,5.773680000000001,5.01552,0.6703606203030631,,-1.850653678272559,24.820256,59.470343,17.134549366680513,87.35487647693213,181.354332346095,0.2664536997554378,0.003121175213261471,7.7613100675210385
2026-09-16T19:00:06+03:00,4.27,288.74,74.2540342967272,18.52632,95.99907857416943,90.72213728101455,-0.156589365409254,5.26824,5.22936,0.6703606203030631,,-3.065324203949904,24.820349,59.470336,17.832732293243236,90.77339115893679,186.77246973310622,-0.07110971431565716,0.0028706440429753827,7.764180711564014
2026-09-16T19:00:08+03:00,4.25,288.74,68.49007887771111,18.040319999999998,95.99907857416943,90.28668935671513,0.09344941638583727,5.151599999999999,5.42376,0.739115555718762,,-2.939273489021123,24.820444,59.47033,16.847536675654766,85.01793543508482,181.01701400925424,0.44738502117793005,0.0029230431818461737,7.76710375474586
2026-09-16T19:00:10+03:00,4.27,288.71,79.85756153310663,17.94312,93.99945586916286,89.65643578207121,-0.6579274361487244,4.957199999999999,5.48208,0.664631042351755,,-2.841870663848883,24.820525,59.470326,17.75395058484946,95.8108402922066,189.81029616136948,-0.5018893623057693,0.0024848959261493074,7.769588650672009
2026-09-16T19:00:12+03:00,4.31,288.71,73.76129059291468,17.67096,94.99640243269049,88.14382720292583,-0.6396500824840511,5.03496,5.28768,0.8250592249883855,,-2.3090199143772177,24.820613,59.470321,16.966234062836314,90.3156065215903,185.31200895428077,-0.02773429717702245,0.002703729190101623,7.772292379862111
2026-09-16T19:00:14+03:00,4.33,288.68,67.65929007477142,16.97112,92.99677972768393,89.24963574752834,0.5919799939291666,5.1127199999999995,5.1710400000000005,0.5958761069360561,,-2.5725805001373967,24.820701,59.47032,15.754206056299301,85.12717481815338,178.1239545458373,0.4342967123433952,0.0026876462402894534,7.7749800261024005
2026-09-16T19:00:16+03:00,4.31,288.67,69.75058602699892,16.79616,92.99677972768393,90.97423871087213,0.8079277869139738,5.0544,5.20992,0.7505747116213785,,-2.9163551772158907,24.820795,59.470318,15.776333626640534,87.24288323176118,180.23966295944513,0.24312774019868083,0.0028726933879507643,7.777852719490351
2026-09-16T19:00:18+03:00,4.29,288.66,71.28038333999821,18.215279999999996,92.99677972768393,92.68738251831327,0.47624251931274025,5.26824,5.0544,0.7620338675239948,,-1.6844959176846201,24.820892,59.470313,17.261370553569694,88.08200443711995,181.0787841648039,0.1763231770694508,0.0029769877426542354,7.780829707233005
2026-09-16T19:00:20+03:00,4.31,288.65,76.37397813871124,18.58464,101.99794668918915,93.55827836691213,0.7867856442736464,4.91832,5.3654399999999995,0.813600069085769,,-3.374721413320549,24.820982,59.470304,18.06963183418016,91.71277445788787,193.71072114707704,-0.14700416600541402,0.00280078310402812,7.783630490337034
2026-09-16T19:00:22+03:00,4.35,288.65,79.73724039612917,17.26272,97.99870127917599,95.489146136503,0.8784588914945781,5.151599999999999,5.42376,0.739115555718762,,-2.3835044277442243,24.821074,59.470298,17.11292626853464,96.96790935662837,194.96661063580436,-0.6249581719180292,0.002832166902497183,7.786462657239531
2026-09-16T19:00:24+03:00,4.33,288.64,68.02025348570383,16.3296,99.99832398418258,96.17669549066,0.0023491269600363755,5.1127199999999995,5.26824,0.6302535746439055,,-0.8708958485988514,24.821163,59.470294,15.175627114934457,86.2251416252615,186.22346560944408,0.33660131316787995,0.00272812507582957,7.7891907823153606
2026-09-16T19:00:26+03:00,4.33,288.63,73.80139763857385,18.72072,102.99489325271679,95.64384474118832,-0.08067245755441992,5.19048,5.443199999999999,0.7104676659622208,,-2.360586115938992,24.821259,59.470285,17.977545079194975,89.89802678920228,192.89292004191907,0.00923784677077255,0.0029807477832769977,7.792171530098638
2026-09-16T19:00:28+03:00,4.35,288.62,69.26930147908904,18.701279999999997,104.99451595772337,96.10221097729297,0.8669997355919618,5.0544,5.38488,0.7333859777674538,,-1.5641747807071475,24.821352,59.470275,17.560368913474598,84.8856273045294,189.88014326225277,0.45057020097488787,0.002902565319819371,7.795074095418457
2026-09-16T19:00:30+03:00,4.36,288.62,76.88391057637766,17.2044,107.99681480420887,96.53765890159242,0.49217074601737715,5.19048,5.42376,0.716197243913529,,-0.40107045659157625,24.821446,59.470264,16.804883312002296,94.39015376511549,202.38696856932435,-0.3973192241946649,0.002945353142275318,7.798019448560732
2026-09-16T19:00:32+03:00,4.35,288.61,77.42249090380064,16.44624,103.99756939419571,98.26226186493618,0.9292229521431691,5.1127199999999995,5.326560000000001,0.7620338675239948,,-1.6157409822689215,24.821537,59.470253,16.12445300642914,95.44975449893205,199.44732389312776,-0.4855693526812405,0.0028561643969686815,7.8008756129577
2026-09-16T19:00:34+03:00,4.33,288.59,68.07754926521692,13.62744,105.9971920992023,99.99832398418258,0.8575459319723031,5.326560000000001,5.13216,0.7448451336700701,,-0.5672282171795151,24.821631,59.470239,12.644294246447117,91.08186777809767,197.07905987729998,-0.10057095402735966,0.002991000987786726,7.803866613945487
2026-09-16T19:00:36+03:00,4.33,288.59,68.78228735322782,13.39416,103.99756939419571,102.27296643085195,0.9860603654201467,5.1710400000000005,5.13216,0.7219268218648373,,-1.277695883141736,24.821715,59.470228,12.490386775527796,91.48422469443928,195.48179408863498,-0.13393878181719804,0.002648697335615941,7.806515311281102
2026-09-16T19:00:38+03:00,4.29,288.58,65.3559997383455,15.02712,104.99451595772337,104.78825115147626,1.1005946286667982,4.97664,5.3654399999999995,0.6531718864491385,,-1.455312799632291,24.821798,59.470216,13.719114626616484,84.60725941540876,189.6017753731321,0.46771544723665304,0.002634957778010733,7.8091502690591135
2026-09-16T19:00:40+03:00,4.29,288.58,59.81549785943045,17.63208,109.99643750921543,108.65571626860932,2.8586583272462165,4.704479999999999,5.307119999999999,0.6187944187412892,,-2.647065013504403,24.821885,59.470197,15.79906289018357,74.73105828248939,184.72749579170483,1.2389255337526341,0.0028915381263630788,7.8120418071854765
2026-09-16T19:00:42+03:00,4.31,288.56,56.03970598951831,18.040319999999998,111.99606021422201,115.09003230792847,3.105660432727114,5.48208,5.3654399999999995,0.7448451336700701,,-3.701307356545118,24.821965,59.470181,15.652902567952758,72.92685434351216,184.92291455773417,1.6094965631913456,0.002625216105054569,7.814667023290531
2026-09-16T19:00:44+03:00,4.29,288.55,58.194027299210205,19.323359999999997,119.9945510342483,119.61066931151066,1.8944849496000669,5.151599999999999,5.2488,0.6359831525952138,,-1.4896902673401402,24.822045,59.470155,17.175583528798008,72.96157648283783,192.95612751708614,1.5094855289179,0.002899862202328293,7.81756688549286
2026-09-16T19:00:46+03:00,4.25,288.55,53.94841003729081,20.9952,125.99914872721935,120.34978486722942,-0.29770887034997573,5.1710400000000005,5.07384,0.6130648407899808,,-1.2948846169956605,24.822116,59.47013,18.43235667784379,67.05799435689474,193.0571430841141,2.015667257254918,0.00263778765412342,7.820204673146983
2026-09-16T19:00:48+03:00,4.23,288.53,49.765818132835804,20.85912,126.99609529074696,119.16376223130862,-0.0615929629765635,4.84056,5.28768,0.888084582452776,,-2.9163551772158907,24.822183,59.470104,18.113487186962942,61.53738054153219,188.53347583227915,2.306939771616169,0.0025744024198100157,7.822779075566793
2026-09-16T19:00:50+03:00,4.23,288.52,49.98927167293682,18.83736,124.99647258574039,119.07781856203898,0.06995814678547352,5.13216,5.28768,0.7734930234266114,,-2.503825564721698,24.822257,59.470077,16.0272502967876,64.18647654130265,189.18294912704306,2.2347661670473733,0.0027819498942230005,7.825561025461017
2026-09-16T19:00:52+03:00,4.23,288.52,47.227615100406254,18.91512,125.99914872721935,119.0262523604772,-0.16094384465224823,4.91832,5.19048,0.7792226013779195,,-1.3750987083139758,24.822328,59.470051,15.988113314750722,60.27832223209357,186.27747095931292,2.4384404867444003,0.002672490478841324,7.828233515939858
2026-09-16T19:00:54+03:00,4.21,288.5,49.576742060442626,18.13752,125.99914872721935,118.53923823461604,0.021256734199353543,4.859999999999999,5.09328,0.716197243913529,,-1.0370536091867901,24.822403,59.470024,15.436105290389273,63.44467004573036,189.44381877294973,2.172720513126428,0.0028068092464087796,7.831040325186267
2026-09-16T19:00:56+03:00,4.21,288.49,51.5076098300335,19.03176,125.99914872721935,120.0002806121996,0.8927255405933358,4.996079999999999,4.957199999999999,0.7047380880109125,,-0.888084582452776,24.822469,59.469999,16.395300089437434,65.30602067366219,191.30516940088154,2.0872203599550376,0.0025138246329246667,7.833554149819192
2026-09-16T19:00:58+03:00,4.2,288.49,44.087806383089344,19.55664,127.99877143222591,120.65345249864875,-0.5119950857289036,4.74336,5.03496,0.6016056848873644,,1.6443888720254627,24.82254,59.469969,16.483366097972695,55.637419104698594,183.63619053692452,2.6772852570161567,0.002819844965726308,7.8363739947849185
2026-09-16T19:01:00+03:00,4.16,288.48,36.46173812989808,17.534879999999998,138.99956109873773,118.41891709763857,-1.172099761499125,4.52952,5.0544,0.320856365273261,,1.3407212406061262,24.822596,59.469938,14.150388540508317,47.42795009616705,186.42751119490478,3.0642964003564956,0.002528997642126692,7.8389029924270455
2026-09-16T19:01:02+03:00,4.18,288.48,43.93310777840401,16.64064,126.99609529074696,116.9234972523471,-0.7109833279778386,4.93776,5.1710400000000005,0.3552338329811104,,0.38961130068895977,24.822665,59.469909,13.525771347716926,58.60523561805924,185.6013309088062,2.5722353813494365,0.0027344698681315183,7.841637462295177
2026-09-16T19:01:04+03:00,4.2,288.48,47.14167143113663,17.84592,125.99914872721935,116.44221270443721,0.10960682620852648,5.1710400000000005,5.09328,0.418259190445501,,-0.09167324722093173,24.822743,59.469881,14.821550537928708,61.959527051366166,187.95867577858553,2.430880812099411,0.0029163120960412083,7.844553774391218
2026-09-16T19:01:06+03:00,4.2,288.47,50.8773562553896,17.92368,124.99647258574039,116.91203809644449,0.3669794677812923,4.957199999999999,5.03496,0.6187944187412892,,0.09167324722093173,24.822824,59.469854,15.287411669429881,65.44751058936525,190.44398317510564,2.0598489369432893,0.00295819184328398,7.847511966234502
2026-09-16T19:01:08+03:00,4.18,288.46,40.203152532102365,16.465680000000003,126.99609529074696,117.66261280806584,-0.29988610997147286,4.80168,5.03496,0.5614986392282068,,1.575633936609764,24.822899,59.469827,13.168312963687764,53.81684277369757,180.81293806444455,2.8347602664155165,0.0028068201394231677,7.850318786373926
2026-09-16T19:01:10+03:00,4.16,288.45,47.34220665943242,15.610319999999998,124.99647258574039,117.39332264435438,0.9893835206319055,5.0544,5.03496,0.6359831525952138,,-0.13750987083139757,24.822974,59.469798,12.739694865931853,64.30623283204558,189.30270541778597,2.1913910204655997,0.0028780022583784074,7.853196788632304
2026-09-16T19:01:12+03:00,4.16,288.45,50.716928072752964,15.7464,124.99647258574039,117.67407196396846,-0.09619961380246522,5.03496,4.97664,0.6818197762056798,,0.246371851906254,24.823049,59.469773,13.149302713636857,67.95726303160396,192.95373561734436,1.8896108024042089,0.0027390711672277152,7.855935859799532
2026-09-16T19:01:14+03:00,4.2,288.44,58.84146960770805,14.85216,125.99914872721935,117.73136774348157,-0.11722716488376643,4.93776,5.20992,0.5042028597151245,,0.10886198107485642,24.823121,59.469746,13.003018166840834,77.80449493542243,203.80364366264178,1.0430924979395686,0.002732599659279914,7.858668459458811
2026-09-16T19:01:16+03:00,4.18,288.43,61.3166472826732,16.09632,125.99914872721935,118.23557060319669,0.4842066326650587,4.957199999999999,5.13216,0.739115555718762,,-1.6214705602202295,24.823189,59.469718,14.389905711148527,78.90748372342054,204.9066324506399,0.9537345093717149,0.002672771416243028,7.8613412308750545
2026-09-16T19:01:18+03:00,4.16,288.42,51.839925351209374,14.754959999999999,126.99609529074696,121.75926104325126,2.8450792275016155,5.01552,5.151599999999999,0.5271211715203573,,-0.29793805346802804,24.823266,59.46969,12.305129788473579,70.53233981994751,197.5284351106945,1.6715461489302625,0.002891440234911339,7.864232671109966
2026-09-16T19:01:20+03:00,4.12,288.42,44.34563739089822,11.664,131.99801684223905,124.87615144876293,0.40731569655850225,5.03496,4.957199999999999,0.6187944187412892,,0.10313240312354818,24.823334,59.469658,8.797897724779915,67.92525887168387,199.92327571392292,1.892217349204595,0.0028303404144477827,7.867063011524414
2026-09-16T19:01:22+03:00,4.14,288.41,50.390342129528406,15.8436,133.99763954724563,124.5209176157818,-0.6004597692971027,5.13216,5.1127199999999995,0.4297183463481174,,-0.8594366926962348,24.823396,59.469624,13.178668688016932,67.84906256171152,201.84670210895715,1.935069752237502,0.002785769176311718,7.869848780700726
2026-09-16T19:01:24+03:00,4.12,288.41,52.47017892585329,16.3296,132.9949634057667,126.03352619492719,2.422694740931173,4.97664,4.996079999999999,0.44117750225073393,,-1.386557864216592,24.823462,59.469591,13.871258456822748,69.000364245276,201.99532765104271,1.7834387358735817,0.002827687116904191,7.87267646781763
2026-09-16T19:01:26+03:00,4.1,288.4,47.24480383426018,15.47424,135.99726225225223,129.99266455928117,-0.28372870014878365,4.704479999999999,5.151599999999999,0.8422479588423101,,-1.3922874421679003,24.823529,59.469563,12.757096991884758,62.95525353207704,198.95251578432925,2.139062197362099,0.002649127940501609,7.875325595758132
2026-09-16T19:01:28+03:00,4.06,288.4,46.33953051795348,16.29072,139.99650766226534,128.97852926189964,-1.0781346830976701,5.0544,5.1127199999999995,0.5271211715203573,,-0.6703606203030631,24.823594,59.469529,13.313242545115536,62.28109744584354,202.2776051081089,2.3509739074156704,0.0028488168549616996,7.8781744126130935
2026-09-16T19:01:30+03:00,4.05,288.39,46.37963756361265,14.65776,138.99956109873773,127.60343055358565,-0.360505044696314,4.859999999999999,5.19048,0.47555496995858326,,-1.707414229489853,24.823653,59.469496,11.839780696921979,63.66661496133867,202.6661760600764,2.155864309195579,0.0026795568027882222,7.880853969415882
2026-09-16T19:01:32+03:00,4.05,288.38,56.66995956416221,14.40504,136.99993839373113,127.55186435202387,-0.04320101775286407,5.07384,5.13216,0.5614986392282068,,-2.773115728433184,24.823716,59.469463,12.366489817739625,76.71780785556992,213.71774624930106,1.165700820065527,0.0027631543985626793,7.883617123814445
2026-09-16T19:01:34+03:00,4.06,288.37,50.19553647918393,14.07456,137.99688495725877,127.46592068275423,-0.33162797182172044,5.19048,5.1127199999999995,0.5385803274229739,,-2.5611213442347798,24.823781,59.469426,11.467379169478855,70.54380270466449,208.54068766192324,1.7288767974175414,0.0029808282139151755,7.88659795202836
2026-09-16T19:01:36+03:00,4.06,288.37,40.39222860449553,13.296959999999999,137.99688495725877,125.769965609167,-1.0749834152244506,5.01552,5.01552,0.5786873730821314,,-2.1886987773997446,24.823845,59.46939,10.01883735377129,59.32163445432498,197.31851941158374,2.5590096255318264,0.002915703358676537,7.889513655387037
2026-09-16T19:01:38+03:00,4.05,288.37,47.56566019953344,13.549679999999999,134.99458611077327,125.93039379180364,0.6145545310573209,4.89888,5.1127199999999995,0.5786873730821314,,-3.059594625998596,24.823906,59.469357,10.863520586914085,67.0058372268958,202.00042333766908,1.9136854840491795,0.002720995946878301,7.892234651333915
2026-09-16T19:01:40+03:00,4.05,288.36,45.92700090545928,13.74408,134.99458611077327,126.41167833971353,-0.09746012095175303,4.93776,5.2488,0.5729577951308232,,-4.388856710702106,24.823962,59.469328,10.902795657310833,64.91561418108469,199.91020029185796,2.0933763008350708,0.0024417989898452386,7.89467645032376
2026-09-16T19:01:42+03:00,4.05,288.35,32.27914622544308,12.20832,136.99993839373113,123.86201615138135,-0.541387820619115,4.97664,5.19048,0.47555496995858326,,-3.477853816444097,24.824027,59.469296,8.430672686079918,50.65489887253176,187.6548372662629,3.155139072165951,0.002763856773864552,7.897440307097624
2026-09-16T19:01:44+03:00,4.06,288.35,18.97506622250536,10.53648,134.99458611077327,123.260410466494,-0.9189670076103275,4.859999999999999,5.07384,0.4354479242994257,,-3.3689918353692403,24.82409,59.469264,6.147163313596656,33.8714404720011,168.86602658277437,4.035210344634949,0.0027203354545836363,7.9001606425522075
2026-09-16T19:01:46+03:00,4.06,288.35,34.146988637569564,12.03336,133.99763954724563,121.82228640071563,0.29278143331185064,4.957199999999999,5.09328,0.4469070802020421,,-3.6210932652268033,24.824154,59.469232,8.404756919747756,53.48073780573996,187.4783773529856,2.9499950232374164,0.002742014446319728,7.902902656998528
2026-09-16T19:01:48+03:00,4.05,288.35,25.753156938902997,11.236320000000001,131.99801684223905,122.67026393750925,-0.2414444148681289,5.09328,4.996079999999999,0.48701412586119974,,-3.9075721627922144,24.82422,59.469201,7.007546301561705,44.16245356037436,176.1604704026134,3.6537525841289638,0.0027447135386692544,7.905647370537197
2026-09-16T19:01:50+03:00,4.03,288.34,38.37541716563503,10.808639999999999,131.99801684223905,123.15154848541914,-0.0023491269600363755,5.1710400000000005,5.0544,0.5099324376664327,,-4.354479242994256,24.824283,59.469169,7.478791512757878,63.79513308062563,195.7931499228647,2.283438535386168,0.0027203392790869493,7.908367709816283
2026-09-16T19:01:52+03:00,4.03,288.34,37.842566416163365,11.372399999999999,133.99763954724563,123.8677457293327,0.28321303813316595,5.307119999999999,5.07384,0.46982539200727513,,-3.506501706200638,24.824348,59.469136,7.884977552031658,62.231130008612524,196.22876955585815,2.472618838306634,0.00280602608692368,7.911173735903207
2026-09-16T19:01:54+03:00,4.01,288.33,29.706565725305676,10.45872,134.99458611077327,124.45216268036611,0.12387347530728397,5.13216,5.03496,0.492743703812508,,-4.004974987964455,24.824414,59.469104,6.5177419875166525,52.67409337612749,187.66867948690077,3.1118750354536666,0.0027858734131754543,7.913959609316382
2026-09-16T19:01:56+03:00,4.01,288.33,34.23293230683919,11.62512,134.99458611077327,124.17714293870331,-0.4512042636655233,5.1127199999999995,5.1127199999999995,0.4640958140559668,,-3.970597520256605,24.824484,59.46907,7.937571830441278,55.47772016905773,190.472306279831,2.897514733421185,0.0029572320659514806,7.916916841382334
2026-09-16T19:01:58+03:00,3.99,288.32,44.861299406515954,11.236320000000001,133.99763954724563,122.16033149984281,-0.8157773087072662,4.996079999999999,5.01552,0.45836623610465854,,-3.036676314193363,24.824547,59.469038,8.463643337904731,69.46835415637794,203.46599370362355,1.752248531782045,0.0027203445526463553,7.91963718593498
2026-09-16T19:02:00+03:00,3.97,288.31,46.32234178409955,11.48904,131.99801684223905,121.29516522919528,-0.48747249209730437,5.1127199999999995,5.0544,0.4297183463481174,,-2.6298762796504787,24.824612,59.469003,8.775298721328406,71.24387132667324,203.24188816891228,1.6439478353327424,0.002892260825978937,7.922529446760959
2026-09-16T19:02:02+03:00,3.95,288.31,40.16877506439451,12.11112,129.99839413723248,121.01441590958117,0.25066903536973517,5.20992,5.1710400000000005,0.4239887683968092,,-3.128349561414295,24.824686,59.468967,8.797168038910028,62.62707110922848,192.62546524646098,2.395418363998976,0.003128596312653878,7.9256580430736125
2026-09-16T19:02:04+03:00,3.93,288.3,41.73294984510166,14.113439999999999,131.99801684223905,121.46132298978321,-0.04182591904455009,5.09328,5.01552,0.44117750225073393,,-2.9507326449237397,24.824759,59.468935,10.855573448068657,59.93192866411232,191.92994550635137,2.551878666467126,0.002944205337276482,7.928602248410889
2026-09-16T19:02:06+03:00,3.93,288.3,30.70924186678462,13.549679999999999,131.99801684223905,121.95406669359572,0.802427392080718,5.0544,5.0544,0.641712730546522,,-2.6699833253096363,24.824825,59.468905,9.559144248052151,46.37487924628877,178.37289608852782,3.487217488161483,0.0027042807718648467,7.931306529182754
2026-09-16T19:02:08+03:00,3.91,288.3,40.947997665772434,12.42216,130.99534070076012,123.6729400789882,0.7320108790591398,5.09328,5.13216,0.5099324376664327,,-3.059594625998596,24.824899,59.468872,9.201956187974076,62.21712708734992,193.21246778811005,2.374090863359406,0.0030067035057087742,7.934313232688463
2026-09-16T19:02:10+03:00,3.9,288.29,47.777654583731845,12.266639999999999,132.9949634057667,125.14544161247441,-0.6401657444996689,5.151599999999999,5.22936,0.7276563998161455,,-1.8334649444186342,24.824969,59.468842,9.595680858652427,71.20416749913653,204.19913090490323,1.6598292324284782,0.0027964927436843743,7.937109725432147
2026-09-16T19:02:12+03:00,3.91,288.29,49.295992740828524,11.9556,137.99688495725877,123.37500202552019,-0.954776869806004,5.03496,4.996079999999999,0.418259190445501,,-1.088619810748564,24.825038,59.468808,9.474883698836404,73.0523905496607,211.04927550691946,1.4676764874348662,0.002935249461936982,7.940044974894084
2026-09-16T19:02:14+03:00,3.91,288.28,38.518656614417736,12.7332,131.99801684223905,122.63015689185008,0.04589391938997894,5.1127199999999995,5.13216,0.5844169510334397,,-1.32926208470351,24.825098,59.468778,9.295326271904687,58.55051895896564,190.5485358012047,2.6675441232401673,0.002570656124795686,7.94261563101888
2026-09-16T19:02:16+03:00,3.91,288.28,37.286797354886474,14.132879999999998,131.99801684223905,123.22603299878617,-0.2508982184877875,5.151599999999999,5.1127199999999995,0.3609634109324186,,-2.446529785208615,24.825167,59.468744,10.50832823185908,54.56368552586862,186.56170236810766,2.9868857786338694,0.0029352523267919144,7.945550883345672
2026-09-16T19:02:18+03:00,3.9,288.27,33.184419541749776,14.58,131.99801684223905,121.63893990627379,-0.5215634809075883,5.22936,5.1127199999999995,0.5729577951308232,,-2.9507326449237397,24.825236,59.468708,10.59732388966067,48.8539521768152,180.85196901905425,3.4408177539604483,0.0030201865301017375,7.948571069875774
2026-09-16T19:02:20+03:00,3.91,288.27,37.68786781147804,13.549679999999999,129.99839413723248,121.2378694496822,0.7899942079263791,5.13216,5.26824,0.5271211715203573,,-4.749820121634524,24.825307,59.468677,9.993643095217909,55.98585193840941,185.9842460756419,2.870917991340983,0.0028587189604610624,7.951429788836235
2026-09-16T19:02:22+03:00,3.91,288.27,42.55227949213874,13.880159999999998,129.99839413723248,121.7306131534947,-0.22677669531277983,5.03496,5.09328,0.5099324376664327,,-4.469070802020421,24.825384,59.468646,10.72590629498675,61.06115381044434,191.05954794767683,2.436295457829569,0.0030000429451626414,7.954429831781397
2026-09-16T19:02:24+03:00,3.91,288.26,37.68786781147804,12.84984,131.99801684223905,121.89104133613134,0.08113082379052457,5.13216,5.151599999999999,0.5042028597151245,,-4.004974987964455,24.825451,59.468614,9.331776515331368,57.33503291485269,189.33304975709174,2.7699585787859067,0.002808063114705014,7.957237894896102
2026-09-16T19:02:26+03:00,3.91,288.26,38.306662230219345,11.48904,131.99801684223905,121.58737370471201,-0.027559269945792594,5.0544,5.1127199999999995,0.4469070802020421,,-4.686794764170134,24.825513,59.468587,8.149179248749386,60.91717890605865,192.91519574829772,2.4568092755781157,0.0024935930468061173,7.959731487942908
2026-09-16T19:02:28+03:00,3.91,288.27,36.08358598511174,12.42216,131.99801684223905,121.86812302432608,0.16993928203580216,5.03496,4.996079999999999,0.5385803274229739,,-4.377397554799489,24.825581,59.468558,8.86386988859926,55.62880895857154,187.6268258008106,2.842497018531178,0.002711077342748847,7.962442565285657
2026-09-16T19:02:30+03:00,3.9,288.28,36.0492085174039,11.702879999999999,132.9949634057667,121.6561286401277,-0.17160085964168156,5.1710400000000005,4.97664,0.590146528984748,,-2.595498811942629,24.825654,59.468524,8.114255824029195,58.075097789698475,191.07006119546517,2.734483543370261,0.0030241318422818465,7.965466697127939
2026-09-16T19:02:32+03:00,3.86,288.27,36.47892686375201,11.9556,131.99801684223905,120.52740178371998,-0.2570288668956873,4.859999999999999,5.13216,0.4526366581533504,,-3.134079139365603,24.825721,59.468493,8.550766577467991,56.228604256118615,188.22662109835767,2.7015801378206494,0.002767242940134011,7.968233940068073
2026-09-16T19:02:34+03:00,3.84,288.26,37.286797354886474,11.21688,131.99801684223905,120.49875389396342,0.21124953906473454,5.151599999999999,5.22936,0.4068000345428845,,-2.778845306384493,24.825791,59.468462,7.772294793153915,60.96110869263576,192.95912553487483,2.5006030430646575,0.002835641634060541,7.9710695817021335
2026-09-16T19:02:36+03:00,3.82,288.26,39.3207975276009,10.5948,132.9949634057667,119.59921015560805,-0.990414844663141,5.2488,5.22936,0.37242256683503505,,-1.9996227050065731,24.825859,59.468433,7.332037757505128,66.29701632640574,199.29197973217242,2.109993766115541,0.0027110832255248553,7.973780664927658
2026-09-16T19:02:38+03:00,3.8,288.26,32.714594149742496,11.21688,129.99839413723248,117.55375082699099,-0.7123584266861526,5.07384,5.01552,0.418259190445501,,-2.0855663742761967,24.825932,59.468402,7.469450514969967,54.25266855004263,184.25106268727512,2.964197533973015,0.002905320446203801,7.976685985373862
2026-09-16T19:02:40+03:00,3.78,288.26,33.76310691483191,9.331199999999999,127.99877143222591,116.48804932804768,-0.267972360782686,4.996079999999999,5.1710400000000005,0.3036676314193363,,-3.374721413320549,24.826006,59.468372,5.875261333843373,61.966031608654646,189.96480304088055,2.3481323438080577,0.002890946612543752,7.979576931986406
2026-09-16T19:02:42+03:00,3.76,288.25,37.00031845732106,9.48672,125.99914872721935,116.55107468551205,-0.3983775549544614,5.3654399999999995,5.03496,0.3552338329811104,,-3.7414144022042755,24.826089,59.468345,6.122447744575039,68.83079020958459,194.82993893680396,1.9375864498615505,0.0030095314267362377,7.982586463413142
2026-09-16T19:02:44+03:00,3.76,288.26,27.724131754153035,9.17568,127.99877143222591,116.75733949175915,0.5410440459420364,5.19048,5.1127199999999995,0.320856365273261,,-3.065324203949904,24.826167,59.468316,5.178513647536488,55.51786705698177,183.51663848920768,2.9385861760504226,0.0029514977473402808,7.985537961160483
2026-09-16T19:02:46+03:00,3.76,288.25,26.801669703992406,9.4284,128.99571799575352,116.96933387595757,-0.17429376127879645,5.13216,5.0544,0.3036676314193363,,-3.2887777440509254,24.826238,59.468286,5.371599101452595,52.320297559900126,181.31601555565365,3.13701588215696,0.002819927980548065,7.988357889141031
2026-09-16T19:02:48+03:00,3.75,288.25,46.40255587541786,12.20832,125.99914872721935,116.85474231693138,0.24247573889936438,5.20992,5.0544,0.34377467707849396,,-4.411775022507339,24.826316,59.468256,9.405573832299613,70.05259151186462,196.05174023908398,1.7774030748842733,0.0029873938883086737,7.991345283029339
2026-09-16T19:02:50+03:00,3.73,288.25,47.49117568616643,15.260399999999999,123.99952602221278,119.35856788165312,1.1835016216222285,5.13216,4.957199999999999,0.5099324376664327,,-5.597797658428142,24.826392,59.468229,12.384596931098312,65.2784362721137,189.27796229432647,2.1463153401115806,0.002831877798822099,7.994177160828161
2026-09-16T19:02:52+03:00,3.71,288.25,41.39490474597447,14.07456,127.99877143222591,119.58202142175412,-0.4799667449810907,5.07384,5.09328,0.4640958140559668,,-4.646687718510977,24.826463,59.468202,10.802533537030538,59.489099210615706,187.4878706428416,2.5760001502679524,0.002708173789824003,7.996885334617985
2026-09-16T19:02:54+03:00,3.71,288.24,23.75926381184773,12.03336,129.99839413723248,119.57629184380282,0.2887134329664218,5.09328,5.03496,0.4526366581533504,,-4.486259535874345,24.826537,59.468171,7.652038255183387,39.31472845185283,169.3131225890853,3.940555461256295,0.0029288260616355793,7.9998141606796205
2026-09-16T19:02:56+03:00,3.71,288.23,24.767669531277985,14.424479999999999,128.99571799575352,120.1148721712258,0.4697108004482489,4.996079999999999,5.01552,0.46982539200727513,,-5.053487753053861,24.826612,59.468142,10.107067992792334,36.7194496322048,165.71516762795832,4.004721475644674,0.002878091562293464,8.002692252241914
2026-09-16T19:02:58+03:00,3.73,288.24,24.080120177120993,13.56912,129.99839413723248,121.72488357554339,1.2662367272391195,5.09328,4.97664,0.418259190445501,,-4.835763790904148,24.826687,59.468111,9.15797901702885,37.195923615627834,167.19431775286031,4.057168978083561,0.0029524520081076395,8.005644704250022
2026-09-16T19:03:00+03:00,3.73,288.24,35.16112393495112,15.6492,130.99534070076012,124.85323313695768,1.3918863717113086,5.13216,5.0544,0.3552338329811104,,-4.0622707674775365,24.826764,59.46808,11.828654094063332,49.63029767704492,180.62563837780505,3.324187860767186,0.003000073809837798,8.00864477805986
2026-09-16T19:03:02+03:00,3.76,288.24,30.239416474777343,13.64688,133.99763954724563,126.15384733190466,0.44891243248499996,4.723920000000001,4.996079999999999,0.29220847551671986,,-3.792980603766049,24.826827,59.468049,9.85714914226459,44.20571574277221,178.20335529001784,3.3862998008679472,0.0026782225729371583,8.011323000632798
2026-09-16T19:03:04+03:00,3.8,288.23,27.070959867703895,10.90584,133.99763954724563,126.94452908918518,0.8440814237867288,4.91832,4.80168,0.3781521447863433,,-5.219645513641799,24.826889,59.468016,6.899511589375503,46.001018788287865,179.9986583355335,3.4164892471425143,0.0027420401710922027,8.01406504080389
2026-09-16T19:03:06+03:00,3.88,288.23,34.66838023113861,12.51936,133.99763954724563,128.88685601467867,-0.3272161967992131,4.704479999999999,4.6655999999999995,0.5614986392282068,,-3.7127665124477343,24.826947,59.467985,9.054598272345032,51.85852144779642,185.85616099504205,2.905512275809633,0.002570751551240011,8.01663579235513
2026-09-16T19:03:08+03:00,3.9,288.23,36.48465644170331,12.577679999999999,138.99956109873773,127.49456857251079,-0.5922091770472189,4.49064,4.62672,0.34377467707849396,,-3.552338329811104,24.827,59.467954,9.356242471337888,53.066755780430995,192.0663168791687,2.6983542562633516,0.0024680485718157072,8.019103840926945
2026-09-16T19:03:10+03:00,3.93,288.23,37.22377199742208,15.49368,134.99458611077327,127.5060277284134,0.01993893127055265,4.60728,4.52952,0.3609634109324186,,-3.896113006889598,24.827054,59.467925,12.149009473909295,50.48599186593498,185.48057797670825,2.931459552312882,0.0023994764868323706,8.021503317413778
2026-09-16T19:03:12+03:00,4.01,288.22,47.92662361046585,16.17408,136.99993839373113,125.70121067375132,-0.7189474413301571,4.45176,4.60728,0.395340878640268,,-3.374721413320549,24.827113,59.467891,13.598642253591903,61.990358540319505,198.99029693405063,2.0906361292284976,0.002724408137540709,8.024227725551318
2026-09-16T19:03:14+03:00,4.03,288.22,35.098098577486724,17.08776,137.99688495725877,123.90212319704052,-1.0374546796433817,4.393439999999999,4.43232,0.34377467707849396,,-2.595498811942629,24.827172,59.467861,13.727613374908897,45.70199988216848,183.69888483942725,3.0683358975930286,0.002549018208062775,8.026776743759381
2026-09-16T19:03:16+03:00,4.06,288.22,26.687078144966243,15.27984,133.99763954724563,123.09425270590606,-0.38015749706930124,4.4712,4.548959999999999,0.14896902673401402,,-3.804439759668666,24.827231,59.467833,11.462217187959185,36.776937274778334,170.77457682202396,3.581307908207182,0.0024654408613740304,8.029242184620756
2026-09-16T19:03:18+03:00,4.06,288.22,29.35133189232457,14.15232,130.99534070076012,123.947959820651,0.37259445417357434,4.0629599999999995,4.0629599999999995,0.09740282517223994,,-4.0164341438670705,24.82729,59.467807,10.796191905507532,39.9812491892927,170.97658989005282,3.113262451640974,0.0023849961359758143,8.031627180756733
2026-09-16T19:03:20+03:00,4.06,288.21,37.756622746893754,12.28608,130.99534070076012,123.70731754669603,-0.9011480201817587,3.47976,3.96576,0.1546986046853223,,-3.4893129723467133,24.827334,59.467783,9.77007968974172,50.353079594361674,181.3484202951218,2.2202774359378434,0.0019713648067556317,8.033598545563487
2026-09-16T19:03:22+03:00,4.01,288.21,40.87924273035674,13.296959999999999,133.99763954724563,122.92236536736681,-0.8620722985538367,3.9074399999999994,3.6547199999999997,0.20626480624709637,,-2.7673861504818764,24.82738,59.467758,10.65404715846838,54.76755014046705,188.76518968771268,2.2541826743724,0.0020569777277267827,8.035655523291213
2026-09-16T19:03:24+03:00,3.78,288.21,49.12983498024059,10.342080000000001,133.99763954724563,122.37232588404123,-0.15080249167843265,3.5964,3.44088,0.29220847551671986,,-2.687172059163561,24.827426,59.467736,8.439004745258915,67.92965896391827,201.92729851116388,1.3513278736281702,0.0019291801156940014,8.037584703406907
2026-09-16T19:03:26+03:00,3.5,288.2,51.39874784895865,9.272879999999999,128.99571799575352,121.30662438509789,-0.2508409227082744,3.2076,3.2464799999999996,0.3323155211758775,,-2.2058875112536693,24.827472,59.467714,7.691620293947472,70.419348693721,199.41506668947454,1.0749739558222864,0.001929180782189576,8.039513884189097
2026-09-16T19:03:28+03:00,3.33,288.19,45.65771074174779,11.119679999999999,129.99839413723248,121.35819058665967,0.4770446602259234,3.18816,3.14928,0.38961130068895977,,-2.2288058230589023,24.827519,59.467697,9.179037040531998,60.04073125364903,190.0391253908815,1.5921167981062836,0.0017617992045633052,8.04127568339366
2026-09-16T19:03:30+03:00,3.2,288.2,54.21197062305099,11.547360000000001,129.99839413723248,121.69623568578685,0.5863650075368845,3.2270399999999997,2.97432,0.418259190445501,,-2.4006931615981495,24.827565,59.467681,10.008619136744784,69.37387816122173,199.37227229845422,1.1367841293932512,0.0017023492377370487,8.042978032631398
2026-09-16T19:03:32+03:00,3.13,288.19,44.889947296272496,11.64456,131.99801684223905,121.3696497425623,-0.5610402729921021,2.8576799999999998,2.7799199999999997,0.4239887683968092,,-2.039729750665731,24.827604,59.467662,9.82913191606395,56.73033258661883,188.72834942885788,1.5676668423509104,0.001650012239876615,8.044628044871274
2026-09-16T19:03:34+03:00,3.05,288.19,36.06066767330651,8.553600000000001,133.99763954724563,120.12060174917707,-0.43556251585845185,2.6632800000000003,2.7021599999999997,0.4297183463481174,,-1.7818987428568602,24.827639,59.467644,6.589815907807252,49.82329799389376,183.8209375411394,1.7182072473361167,0.0015208073936298974,8.046148852264905
2026-09-16T19:03:36+03:00,2.96,288.17,17.995308392831653,9.583919999999999,131.99801684223905,119.7138017146342,-0.5645353155424002,2.6244,2.5855200000000003,0.4469070802020421,,-2.0855663742761967,24.827675,59.467626,7.134122427079522,24.520966973753616,156.51898381599267,2.387703936263079,0.0015424205222945688,8.0476912727872
2026-09-16T19:03:38+03:00,2.98,288.17,30.119095337799873,9.21456,131.99801684223905,118.36735089607677,-0.7706282344509572,2.6244,2.54664,0.4239887683968092,,-1.8563832562238671,24.82771,59.467605,7.068259909732888,40.8568929263879,172.85490976862695,1.9849540651033608,0.0016539562755594178,8.049345229062759
2026-09-16T19:03:40+03:00,3.0,288.17,31.51711235791908,10.06992,127.99877143222591,116.03541266989433,-0.7860980949194895,2.4299999999999997,2.41056,0.4354479242994257,,-1.581363514561072,24.827752,59.467589,8.098628230156784,40.54136468825166,168.54013612047757,1.846646663241668,0.001603052308018792,8.050948281370777
2026-09-16T19:03:42+03:00,2.88,288.16,51.33572249149425,8.82576,124.99647258574039,115.61715347944882,0.03162727029122144,2.31336,2.7021599999999997,0.48701412586119974,,-2.0053522829578814,24.827794,59.467576,7.598301734545113,65.08811981706546,190.08459240280587,0.9744424712356631,0.001501816415329338,8.052450097786107
2026-09-16T19:03:44+03:00,2.88,288.16,56.88195394836063,6.82344,123.99952602221278,115.6114239014975,-0.056837413276977666,2.31336,2.39112,0.492743703812508,,-2.3090199143772177,24.827833,59.467565,5.887454472787748,76.09596488970202,200.0954909119148,0.5558920926782273,0.0013621467804533118,8.05381224456656
2026-09-16T19:03:46+03:00,2.86,288.15,56.60693420669783,8.1648,124.99647258574039,115.41661825115304,-0.13905685687825078,2.15784,2.2744799999999996,0.5156620156177408,,-2.3720452718416083,24.82787,59.467554,7.206017482006797,71.08532907705546,196.08180166279584,0.699484677117725,0.0013090875027061551,8.055121332069266
2026-09-16T19:03:48+03:00,2.88,288.15,36.44454939604417,9.95328,119.9945510342483,115.82914786364722,0.09986654369130249,2.00232,2.15784,0.5385803274229739,,-2.3262086482311424,24.827903,59.467544,8.426918957526444,44.558999187964645,164.55355022221295,1.4267097132698365,0.0011733494020032575,8.05629468147127
2026-09-16T19:03:50+03:00,3.05,288.16,36.46173812989808,9.583919999999999,125.99914872721935,116.52242679575554,0.18563832562238672,2.11896,2.17728,0.5385803274229739,,-2.0855663742761967,24.827935,59.467537,7.979726127867204,45.54144971325914,171.5405984404785,1.4841049447999062,0.0010638981240147487,8.057358579595284
2026-09-16T19:03:52+03:00,3.31,288.16,47.41096159484812,11.35296,120.99722717572726,117.39905222230568,0.5260898474891218,1.90512,1.96344,0.7047380880109125,,-1.6959550735872368,24.827964,59.467531,10.160970008699312,55.34529114758031,176.34251832330756,1.0833073520867111,0.0009561746893608697,8.058314754284645
2026-09-16T19:03:54+03:00,3.35,288.15,58.17683856535629,12.11112,123.99952602221278,116.11562676121264,-1.6957258904691845,1.944,1.9245599999999998,0.7563042895726866,,-1.7417916971977028,24.82799,59.467521,11.208428759020022,66.65133691211575,190.65086293432853,0.7704566259777408,0.0009958119177478943,8.059310566202393
2026-09-16T19:03:56+03:00,3.3,288.14,65.8430138642067,11.664,120.99722717572726,112.88414479667479,-1.1448269704508978,1.9245599999999998,1.96344,0.9568395178684748,,-1.6100114043176132,24.828014,59.467513,11.017241727045844,75.01441840500925,196.0116455807365,0.4976449553303998,0.0008765439062945431,8.060187110108687
2026-09-16T19:03:58+03:00,3.31,288.14,65.27005606907588,11.33352,121.9999033172062,110.11675864619292,-1.03017811564522,1.80792,2.0412,0.693278932108296,,-1.7876283208081685,24.828042,59.467503,10.70390213502548,74.09480858572469,196.0947119029309,0.49545389214135077,0.0010451548108371897,8.061232264919525
2026-09-16T19:04:00+03:00,3.35,288.13,71.4121636328783,9.93384,117.99492832924174,106.59306820613835,-3.250733346454239,2.0412,2.0606400000000002,0.4469070802020421,,-1.2146705256773451,24.828067,59.467497,9.482657221796682,83.1847406540509,201.17966898329263,0.24222597169007618,0.0008443094552273982,8.062076574374752
2026-09-16T19:04:02+03:00,3.39,288.14,60.3483486089021,8.41752,117.99492832924174,97.86692098629591,-4.8194917895224325,1.80792,2.1384000000000003,0.49847328176381617,,-1.7360621192463943,24.828097,59.467487,7.685411610148844,72.14480920096348,190.13973753020522,0.5543305315838729,0.0010956804496693173,8.063172254824421
2026-09-16T19:04:04+03:00,3.45,288.13,76.16771333246413,7.32888,105.9971920992023,87.9031849289709,-5.540387287356035,1.7496,2.0606400000000002,0.49847328176381617,,-1.730332541295086,24.828131,59.467479,7.11634082766043,89.97911908796944,195.97631118717175,0.0006376253746862492,0.0011441863808931616,8.064316441205314
2026-09-16T19:04:06+03:00,3.46,288.13,78.09858110205502,7.1928,101.99794668918915,77.1888741600245,-4.8663024413846205,1.71072,1.8856799999999998,0.12032113697747288,,-0.418259190445501,24.828171,59.467474,7.041854041008453,91.85022954977703,193.84817623896618,-0.05523399155513287,0.0012578850645500563,8.065574326269864
2026-09-16T19:04:08+03:00,3.46,288.13,77.46259794945979,6.74568,100.9952705477102,63.810309643719776,-7.530899963420028,1.71072,1.76904,0.26356058576017866,,-0.11459155902616464,24.828202,59.46747,6.589433987870134,92.14287459275442,193.13814514046464,-0.06396638452178871,0.0009766834426989518,8.066551009712564
2026-09-16T19:04:10+03:00,3.48,288.12,100.24339988386133,5.81256,84.99828890765764,48.741519631779134,-7.3573510472749,1.71072,1.7496,0.2864788975654116,,-0.4068000345428845,24.828235,59.467471,6.344208657141393,115.63131366410289,200.62960257176053,-0.7400207935766918,0.001009491316124318,8.067560501028687
2026-09-16T19:04:12+03:00,3.48,288.12,127.72818531628693,5.07384,67.99863112612611,34.589462092047796,-6.888442387739835,1.5552000000000001,1.53576,0.1432394487827058,,-1.3120733508495852,24.828264,59.467477,6.1497609668505575,139.26600633890337,207.26463746502947,-1.1784486195421688,0.000956176145522103,8.068516677174209
2026-09-16T19:04:14+03:00,3.45,288.13,146.9910263885852,4.62672,38.995507536603824,20.047793251627503,-8.395951642508544,1.6135199999999998,1.5163200000000001,0.27501974166279514,,-1.455312799632291,24.828285,59.467488,6.0440528287359845,155.3533149918576,194.34882252846143,-1.4665228722247015,0.0009210778491868507,8.069437755023396
2026-09-16T19:04:16+03:00,3.41,288.12,158.59342173998436,4.41288,53.995542613128784,5.02483986329732,-6.812468184105488,1.3607999999999998,1.10808,0.38388172273765153,,-1.260507149287811,24.828309,59.4675,5.701478000584435,163.59093250999237,217.58647512312115,-1.3053736360310844,0.0010282825275559429,8.070466037550952
2026-09-16T19:04:18+03:00,3.37,288.11,-174.98747672643952,4.23792,25.99509516508545,354.4030441781707,-3.7196420059893045,1.08864,0.7192799999999999,0.18907607239317165,,-2.8304115079462666,24.828322,59.467511,5.323246508567524,176.01131908948162,209.98377607560383,-1.0860031087765356,0.0007712020114329221,8.071237239562386
2026-09-16T19:04:20+03:00,3.35,288.11,-157.08827520655262,3.6352800000000003,343.998130618595,348.26666619231963,-1.8471586357222607,0.60264,0.0,0.20626480624709637,,-3.0252171582907463,24.828324,59.467516,4.196937980684498,160.29286747764425,183.70526314095073,-0.5673425157613816,0.0003066811200840531,8.07154392068247
2026-09-16T19:04:22+03:00,3.37,288.11,-153.1807030437604,4.374,32.996639421584106,345.1497757868079,-1.3958970762772247,0.33048,0.50544,0.18907607239317165,,-2.4809072529164644,24.828329,59.467518,4.671311841161606,155.00985915289422,237.98678026868987,-0.29954062615960364,0.00019432816295486029,8.071738248845426
2026-09-16T19:04:24+03:00,3.37,288.11,-152.355643818772,5.773680000000001,87.99485817619184,343.2475559069736,-0.7397458092934059,0.03888,1.8467999999999998,0.23491269600363757,,-3.0252171582907463,24.82833,59.467518,5.808149654734108,152.53359992100135,295.4612582551905,-0.03449750330221797,3.053632810171034e-05,8.071768785173528
2026-09-16T19:04:26+03:00,3.37,288.11,-163.31632643962465,5.7153599999999996,209.99476149339802,342.57719528667053,-0.1552715624804531,0.29159999999999997,2.2550399999999997,0.24064227395494575,,-2.538203032429547,24.828331,59.467518,5.995269407776089,164.11640007901417,45.878361414383846,-0.28046662072049644,3.0536328004587874e-05,8.071799321501533
2026-09-16T19:04:28+03:00,3.35,288.11,-164.69142514793862,6.74568,174.99849936680735,342.2964459670564,-0.26442002245287494,0.52488,3.1687199999999995,0.2578310078088704,,-2.3720452718416083,24.828333,59.467518,7.253260083454223,165.78615858890367,9.212340777903677,-0.5088113555356796,6.107265620342068e-05,8.071860394157737
2026-09-16T19:04:30+03:00,3.35,288.1,-175.98442328996717,9.37008,155.99921888026924,340.7380007643006,-1.3029633219070051,0.79704,3.07152,0.31512678732195276,,-2.9278143331185067,24.82834,59.467511,10.165316538797128,176.29901967303377,339.70019920723547,-0.7953777842247065,0.0004719373361905532,8.072332331493927
2026-09-16T19:04:32+03:00,3.37,288.11,-160.18224730025906,11.664,152.99692003378374,336.4637356126246,-2.4318047698737533,0.83592,3.2270399999999997,0.395340878640268,,-1.9767043932013404,24.828348,59.467502,12.453638313592888,161.48621246593393,351.5107075678498,-0.7926588598064432,0.0005935704624139452,8.07292590195634
2026-09-16T19:04:34+03:00,3.43,288.12,-154.03441015850532,11.15856,149.99462118729824,330.000771683549,-3.549530836614963,1.18584,2.8771199999999997,0.09167324722093173,,-2.165780465594512,24.828364,59.467488,12.23571845465757,156.46637029386656,353.5282508934317,-1.0872087908953307,0.0009730610080797449,8.073898962964421
2026-09-16T19:04:36+03:00,3.45,288.12,-165.02947024706583,8.53416,141.99613036727192,321.5152667376615,-4.523100722101258,1.3413599999999999,3.8296799999999998,0.29793805346802804,,-2.9793805346802804,24.828382,59.46748,9.836097808917508,167.0482861444831,334.94784422278883,-1.3072348582827853,0.0007303068044826054,8.074629269768904
2026-09-16T19:04:38+03:00,3.46,288.12,-156.0397624414632,7.01784,129.99839413723248,311.99270818258714,-3.6285990123430167,1.41912,3.5964,0.2578310078088704,,-2.807493196141034,24.828411,59.467475,8.33461956240022,160.00471852241924,329.99367561481324,-1.333576559332642,0.0009351632719632406,8.075564433040867
2026-09-16T19:04:40+03:00,3.43,288.12,-172.8675328844555,7.15392,128.99571799575352,306.2402119194737,-2.108713869199482,1.67184,4.276800000000001,0.46982539200727513,,-2.3090199143772177,24.828439,59.467461,8.81526727476395,174.21685890198225,314.7788590937713,-1.6633310046466798,0.0011996634180187022,8.076764096458886
2026-09-16T19:04:42+03:00,3.39,288.11,177.86772196818526,7.095599999999999,124.99647258574039,302.4185834259511,-1.4572608561357356,1.7496,3.86856,0.7104676659622208,,-2.864788975654116,24.828464,59.467448,8.844228134025416,178.28944404332861,303.285916629069,-1.7488203389778023,0.0010924196642138886,8.0778565161231
2026-09-16T19:04:44+03:00,3.39,288.12,164.3287292692439,6.940079999999999,122.99684988073382,299.4162845794656,-0.9080235137233287,1.78848,2.2744799999999996,0.7333859777674538,,-2.9450030669724314,24.828487,59.467438,8.675538621464774,167.52091400752374,290.51776388825755,-1.7462270643094249,0.0009244301843068323,8.078780946307408
2026-09-16T19:04:46+03:00,3.41,288.11,-156.81325546488983,6.08472,125.99914872721935,298.40214928208405,-0.370245327213538,1.96344,1.73016,0.716197243913529,,-2.5095551426730056,24.828515,59.467428,7.927350066418309,162.40955145077058,323.5895972764488,-1.871631628609886,0.0010451563632909752,8.0798261026707
2026-09-16T19:04:48+03:00,3.41,288.12,-130.62335464945988,8.10648,128.99571799575352,298.4651746395485,-0.040680003454288446,1.80792,1.63296,0.7219268218648373,,-2.486636830867773,24.828544,59.467418,9.384454380115974,139.03145540013819,349.9642625956153,-1.3651055091047966,0.001070281828794196,8.080896384499493
2026-09-16T19:04:50+03:00,3.43,288.12,-141.1543189239644,8.184239999999999,126.99609529074696,298.43079717184054,0.7852386582267932,1.69128,1.63296,0.7276563998161455,,-2.5840396560400127,24.828569,59.467411,9.560508372988924,147.5248507959232,339.4712444948238,-1.426805089563565,0.0008716820485833007,8.081768066548076
2026-09-16T19:04:52+03:00,3.43,288.12,-139.69900612433213,7.44552,125.99914872721935,298.86624509614,0.8111936463462196,1.59408,1.8467999999999998,0.7734930234266114,,-2.8819777095080408,24.828589,59.467404,8.722410169487363,146.48767923498667,339.51146949223266,-1.3290914833313348,0.0007416355659715297,8.082509702114047
2026-09-16T19:04:54+03:00,3.45,288.12,-153.49010025313103,10.206,129.99839413723248,299.45639162512475,0.7172285679447645,1.6523999999999999,1.5163200000000001,0.8307888029396938,,-3.3059664779048505,24.828606,59.467393,11.707916682516368,157.10190091930576,332.8964932179267,-1.5221880959390424,0.0008406250124992552,8.083350327126546
2026-09-16T19:04:56+03:00,3.46,288.11,-162.52564468234414,7.23168,122.99684988073382,300.35593536348017,0.8363464935524627,1.3996799999999998,1.5163200000000001,0.7964113352318443,,-3.1569974511708363,24.828622,59.467386,8.577070632514886,165.3343823499489,317.6624675307849,-1.354078222644798,0.0006447847653754638,8.083995111891921
2026-09-16T19:04:58+03:00,3.45,288.11,-152.6134748265809,8.57304,132.9949634057667,301.25547910183553,0.23032903364259094,1.53576,1.47744,0.8823550045014679,,-4.199780638308934,24.828637,59.467377,9.961757468167097,156.68000509279983,336.31495831296684,-1.4103011381460986,0.0007088404530366605,8.084703952344958
2026-09-16T19:05:00+03:00,3.45,288.1,-159.99317122786587,10.75032,129.99839413723248,301.32423403725124,-0.16759015507576577,1.5552000000000001,1.5552000000000001,0.9167324722093171,,-4.073729923380153,24.828654,59.467365,12.223252979550267,162.48807157626254,327.51032256096994,-1.4831232078867806,0.0008886779020937149,8.085592630247051
2026-09-16T19:05:02+03:00,3.46,288.1,-135.92321425442,9.11736,128.99571799575352,301.04921429558846,0.02864788975654116,1.38024,1.32192,0.9224620501606254,,-4.079459501331462,24.828674,59.467355,10.154428672045361,141.34876913282375,347.6469488629298,-1.0779154323040547,0.0008569038324467637,8.086449534079497
2026-09-16T19:05:04+03:00,3.5,288.1,-151.82279306930033,12.86928,126.99609529074696,301.50185095374184,0.6418273221055483,1.1275199999999999,1.3607999999999998,0.9167324722093171,,-4.411775022507339,24.82869,59.467349,13.873399077120698,154.02215534837276,332.9739399423742,-1.0135993143682547,0.0006072723729247726,8.087056806452422
2026-09-16T19:05:06+03:00,3.56,288.1,-142.63255003540195,9.234,134.99458611077327,302.7680876809809,0.5619570054643115,1.2636,1.38024,0.7792226013779195,,-4.761279277537141,24.828708,59.467343,10.266941155765288,146.91636292288155,348.0782231878917,-1.0587383976453002,0.0006574102551679021,8.087714216707589
2026-09-16T19:05:08+03:00,3.58,288.09,-127.70699947224401,7.795439999999999,127.99877143222591,303.00872995493586,-0.31226199834629864,1.2636,1.8467999999999998,0.7734930234266114,,-4.520637003582196,24.828723,59.467337,8.626409769355678,134.3618341003513,353.6369373318746,-0.8834930221714711,0.0005829863742055725,8.088297203081794
2026-09-16T19:05:10+03:00,3.63,288.1,-132.34795761280367,7.46496,133.99763954724563,303.06602573444894,0.2723841358051934,1.2636,3.18816,0.790681757280536,,-4.824304635001531,24.828742,59.467329,8.368432915860584,138.75529802348453,355.24234152376107,-0.9501018162863295,0.0007535598168510142,8.089050762898644
2026-09-16T19:05:12+03:00,3.61,288.1,-153.2551875571274,8.3592,139.99650766226534,304.95105688042935,0.8333671130177824,1.49688,3.0326400000000002,0.8078704911344607,,-4.772738433439757,24.828763,59.467321,9.719314987643918,157.2294061931293,342.76710146913604,-1.3802160418480016,0.0008015302836954914,8.08985229318234
2026-09-16T19:05:14+03:00,3.6,288.1,-157.77009498275828,7.46496,138.99956109873773,304.95678645838063,0.2038010877280338,1.38024,2.8771199999999997,0.8479775367936184,,-5.2368342474957235,24.828783,59.467312,8.758191658066268,161.18819140380273,337.811369694935,-1.3065114734240963,0.0008158672222145191,8.090668160404554
2026-09-16T19:05:16+03:00,3.61,288.11,-157.6440442678295,12.59712,133.99763954724563,305.0885667512607,0.13424401139915187,1.57464,3.14928,0.8479775367936184,,-4.8586821027093805,24.828803,59.467302,14.06616482584435,160.08440400409305,333.9132355431526,-1.4804693482084506,0.000856904515107342,8.091525064919662
2026-09-16T19:05:18+03:00,3.6,288.11,-154.567260907977,12.55824,136.99993839373113,305.4781780519497,-0.3790688772585527,1.5163200000000001,3.0132,0.8021409131831525,,-4.749820121634524,24.828823,59.467293,13.94282828093304,157.2441753023665,339.75576309136466,-1.3982921589053985,0.0008158674791787206,8.092340932398841
2026-09-16T19:05:20+03:00,3.61,288.11,-170.24911576070764,13.19976,132.9949634057667,303.69627930909286,-0.507354127588344,1.5552000000000001,2.56608,0.8766254265501595,,-6.113459674045884,24.828845,59.467282,14.734847102979863,171.27337363340257,321.72158977236415,-1.5371962061768805,0.0009425952430979771,8.093283527641939
2026-09-16T19:05:22+03:00,3.67,288.1,-150.68833663494132,12.84984,135.99726225225223,303.02018911083854,0.5265482137252265,1.69128,2.7799199999999997,0.8708958485988514,,-5.28267087110619,24.828866,59.467273,14.34849419128268,153.9964397151276,342.00082253712463,-1.5200663215438526,0.0008389707324439991,8.094122498374382
2026-09-16T19:05:24+03:00,3.71,288.1,-130.2738503944301,9.992159999999998,135.99726225225223,304.1431863892949,-0.2823536014404697,1.67184,3.0132,1.008405719430249,,-5.815521620577855,24.828884,59.467263,11.146134035058552,136.84512080289295,359.1521414493593,-1.2196197965130535,0.0008145045378270555,8.094937002912209
2026-09-16T19:05:26+03:00,3.78,288.11,-154.59590879773353,11.64456,128.99571799575352,302.75662852507827,-0.5427629193274289,1.63296,2.6827199999999998,1.1344564343590302,,-5.712389217454307,24.828901,59.467254,13.138310172549136,157.65238904468544,331.3433289510681,-1.5103150419232387,0.0007497567216945526,8.095686759633903
2026-09-16T19:05:28+03:00,3.78,288.11,-171.79037222960955,12.441600000000001,130.99534070076012,303.12905109191337,0.9638868987485839,1.47744,2.3327999999999998,1.2146705256773451,,-5.41445116398628,24.828919,59.467241,13.905500064149352,172.65968547669078,318.33565522406934,-1.465332071470188,0.0009553589389032014,8.096642118572806
2026-09-16T19:05:30+03:00,3.58,288.11,-159.3972951209298,10.478159999999999,136.99993839373113,304.5213385340812,-0.325038957177716,1.4385599999999998,1.0692000000000002,1.598552248414997,,-4.927437038125079,24.828936,59.467233,11.835544198975969,161.84859626424645,335.15134212948465,-1.3669723939146532,0.0007076125669910983,8.097349731139797
2026-09-16T19:05:32+03:00,3.39,288.1,-152.37283255262594,13.083120000000001,129.99839413723248,302.59047076449036,-1.3796823706750225,1.0692000000000002,0.66096,1.5068790011940651,,-4.045082033623611,24.828951,59.467228,14.0391715080428,154.39670284678934,335.6016912904431,-0.9642127501017705,0.0005478431885927125,8.097897574328389
2026-09-16T19:05:34+03:00,3.48,288.11,-150.21278166498274,13.7052,129.99839413723248,300.8314903334387,-0.16317838005325846,0.5637599999999999,0.0,1.3178029288008932,,-4.153944014698468,24.82897,59.467224,14.197236591237553,151.3431127342393,338.6552814029932,-0.49470349510989137,0.0006280394297089219,8.098525613758097
2026-09-16T19:05:36+03:00,3.56,288.1,-141.39496119791937,11.58624,121.9999033172062,299.22147892912113,-2.4648644346528017,0.44712,0.0,1.1974817918234204,,-3.964867942305297,24.828975,59.467223,11.938908844192804,142.7339293465117,339.2659739706945,-0.3558324909599228,0.00016408847369201547,8.09868970223179
2026-09-16T19:05:38+03:00,3.54,288.1,-139.59014414325728,11.4696,332.9973409520831,295.1935856293514,-0.7204944273770102,0.25272,0.0,1.0714310768946396,,-4.033622877720996,24.828975,59.467224,11.663178424399973,140.39497149834008,192.60236945374302,-0.19470996809442634,6.010771664872095e-05,8.098749809948439
2026-09-16T19:05:40+03:00,3.54,288.09,-115.10765755731721,8.125919999999999,98.99564784270365,294.6893827696363,0.06955707632888193,0.13608,0.0,0.9396507840145503,,-3.3919101471744737,24.828977,59.467224,8.184589156674061,115.9702997844399,343.0253480582637,-0.05959013732236083,6.107318743041748e-05,8.098810883135869
2026-09-16T19:05:42+03:00,3.54,288.1,-96.84176304854654,9.50616,294.99877997900694,294.13361370835946,-1.0049106768799507,0.33048,0.0,0.9740282517223995,,-3.8674651171330567,24.828979,59.467224,9.551167321603595,98.81052462723372,196.18825535177322,-0.0506187493899992,6.107318752754078e-05,8.098871956323396
2026-09-16T19:05:44+03:00,3.56,288.09,-111.71574741014271,9.11736,292.99915727400037,292.8444586693151,0.3653178901754129,0.11664,0.0,0.6245239966925973,,-2.3319382261824506,24.828979,59.467223,9.161157945967885,112.39348264644075,180.6056746275596,-0.04443578179594952,6.010771664872095e-05,8.098932064040046
2026-09-16T19:05:46+03:00,3.56,288.09,-92.77376270311771,9.31176,293.99610383752804,294.5919799444641,0.917362725783961,0.19440000000000002,0.0,0.6245239966925973,,-3.3689918353692403,24.828979,59.467223,9.323189692369835,93.96713693751659,200.02896690001145,-0.013449426139875858,0.0,8.098932064040046
2026-09-16T19:05:48+03:00,3.58,288.1,-86.4368494889708,6.84288,289.9968584275149,295.97280823072936,-0.26848802279830375,0.27216,0.0,0.6474423084978302,,-3.2028340747813018,24.828978,59.467223,6.831368218235862,88.71568719838118,201.28117122913372,0.006100088080050273,3.053659466738148e-05,8.098962600634714
2026-09-16T19:05:50+03:00,3.56,288.09,-87.35931153913143,9.272879999999999,145.99537577728506,295.6061152418456,-0.15836553457415956,0.13608,0.0,0.7563042895726866,,-3.134079139365603,24.828979,59.467223,9.267607460322896,88.19974523339472,57.79563054389034,0.004274980878647072,3.053659466738148e-05,8.098993137229382
2026-09-16T19:05:52+03:00,3.56,288.08,-105.06370740867386,14.34672,160.99541085381,295.73216595677445,-0.42828595186029034,0.05832,0.0,0.7047380880109125,,-3.197104496829994,24.828979,59.467223,14.361987367066845,105.28837520192964,55.70703565188036,-0.01537766273212807,0.0,8.098993137229382
2026-09-16T19:05:54+03:00,3.56,288.08,-89.72562723302171,11.15856,130.99534070076012,295.52590115052726,0.6565523374404103,0.03888,0.0,0.5614986392282068,,-3.2887777440509254,24.828979,59.467224,11.158441550301225,89.92526432955482,41.0700763712053,5.071441679698727e-05,6.010771664872095e-05,8.099053244946031
2026-09-16T19:05:56+03:00,3.56,288.09,-109.23484015722626,12.81096,168.99963125178763,295.6805997552126,-0.0049847328176381624,0.11664,0.0,0.49847328176381617,,-2.9679213787776644,24.828979,59.467224,12.849857912827888,109.72589521974452,59.27373603204312,-0.039368417718279515,0.0,8.099053244946031
2026-09-16T19:05:58+03:00,3.56,288.1,-122.2868187303064,12.441600000000001,124.99647258574039,295.4055800135498,-0.252674387652693,0.13608,0.0,0.544309905374282,,-2.733008682774027,24.828981,59.467224,12.514816956012575,122.81350615928217,2.182966426458222,-0.07374261466976835,6.107318743041748e-05,8.099114318133461
2026-09-16T19:06:00+03:00,3.54,288.1,-98.02778568446735,15.12432,105.9971920992023,294.7524081271007,-0.04858682102709381,0.01944,0.0,0.6187944187412892,,-3.0481354700959793,24.828982,59.467224,15.127047108184433,98.1006958315996,7.8964962676027,-0.0027393536834486344,3.053659376377039e-05,8.099144854727225
2026-09-16T19:06:02+03:00,3.54,288.11,-119.2157649484052,13.277519999999999,146.99805191876402,295.0216982908122,-0.024293410513546904,0.09720000000000001,0.0,0.5614986392282068,,-3.409098881028398,24.828983,59.467224,13.325233356308164,119.5805404636871,27.41751145507692,-0.04798244261374976,3.053659376377039e-05,8.099175391320989
2026-09-16T19:06:04+03:00,3.52,288.1,-117.30208591266826,7.23168,13.99735893504601,295.48579410486815,0.6021786426824952,0.09720000000000001,0.0,0.4068000345428845,,-2.182969199448437,24.828983,59.467223,7.276776496925553,117.98217628947975,256.01518264556626,-0.04560593582120843,6.010771664872095e-05,8.099235499037638
2026-09-16T19:06:06+03:00,3.52,288.1,-88.22447780977896,7.60104,203.9958933783783,296.6488984289837,0.0874906553164767,0.01944,0.0,0.5271211715203573,,-2.904896021313274,24.828983,59.467222,7.600462513323964,88.37095526451449,115.6249381138638,0.0005526473910271042,6.010771664872095e-05,8.099295606754287
2026-09-16T19:06:08+03:00,3.54,288.1,-106.78258079406633,10.225439999999999,187.99891173832572,295.1706673175462,0.1763564093412674,0.09720000000000001,0.0,0.47555496995858326,,-2.2058875112536693,24.828983,59.467222,10.253927893434218,107.30257840258969,80.69633333573603,-0.028909014004670462,0.0,8.099295606754287
2026-09-16T19:06:10+03:00,3.54,288.1,-104.22718902778287,13.296959999999999,150.99729732877717,295.62330397569957,0.5269492841818182,0.13608,0.0,0.5557690612768985,,-2.4064227395494577,24.828983,59.467221,13.331056627160125,104.79412051439846,46.20317681437871,-0.034747557799072924,6.0107715884017436e-05,8.099355714470171
2026-09-16T19:06:12+03:00,3.52,288.11,-83.66946333848892,9.93384,133.99763954724563,295.8754054055571,-0.17394998660171793,0.17495999999999998,0.0,0.5729577951308232,,-3.1569974511708363,24.828983,59.467221,9.916073058494916,84.67428191475766,49.32335763248797,0.01623935406140364,0.0,8.099355714470171
2026-09-16T19:06:14+03:00,3.54,288.1,-77.13201489604623,7.348319999999999,15.996981640052585,295.818109626044,-0.2782283053155277,0.07776,0.0,0.41252961249419273,,-3.122619983462987,24.828982,59.467221,7.331394362535076,77.7244677294781,298.2725139105745,0.016532796750621758,3.0536596474603596e-05,8.099386251066646
2026-09-16T19:06:16+03:00,3.52,288.1,-96.00524466765555,10.089360000000001,311.9984377605385,295.76081384653094,0.5378927780688169,0.09720000000000001,0.0,0.6073352628386726,,-2.6069579678452457,24.828983,59.46722,10.0999916217939,96.55362855184909,215.44480920868938,-0.011093741415754692,6.741974008084655e-05,8.099453670806726
2026-09-16T19:06:18+03:00,3.54,288.1,-85.39979587978401,14.03568,327.995419400591,296.07021105590155,0.197670439320134,0.11664,0.0,0.45836623610465854,,-2.1886987773997446,24.828983,59.46722,14.026807032384289,85.87470990595898,242.12070949463202,0.008390813693778264,0.0,8.099453670806726
2026-09-16T19:06:20+03:00,3.54,288.1,-84.23669155566844,11.91672,257.9971655694584,295.96707865277807,0.43751057236189667,0.01944,0.0,0.4068000345428845,,-2.2861016025719847,24.828983,59.46722,11.91478355051408,84.32970208083339,173.667463488625,0.001920747825800444,0.0,8.099453670806726
2026-09-16T19:06:22+03:00,3.54,288.11,-88.3849059924156,16.66008,356.9985429901134,296.0071856984372,-0.5208759315534314,0.01944,0.0,0.45836623610465854,,-2.182969199448437,24.828984,59.467219,16.659543417331967,88.45173781854217,268.54680517157124,0.0005252490537324945,6.74197404461311e-05,8.099521090547173
2026-09-16T19:06:24+03:00,3.54,288.1,-91.57628091129429,16.407359999999997,146.99805191876402,295.8524870937519,0.029335439110698146,0.05832,0.0,0.5042028597151245,,-1.9136790357369495,24.828984,59.467219,16.40906781656005,91.77984106879559,55.21821084996843,-0.0018113661888497971,0.0,8.099521090547173
2026-09-16T19:06:26+03:00,3.54,288.1,-78.18625723908694,14.58,151.9999734702561,295.72070680087177,-0.28378599592829673,0.09720000000000001,0.0,0.4812845479098915,,-2.2631832907667517,24.828984,59.467219,14.560411003551735,78.56064396210226,73.43932950815383,0.01927773767899195,0.0,8.099521090547173
2026-09-16T19:06:28+03:00,3.52,288.11,-84.93570006572804,11.72232,346.9946998871292,295.6519518654561,-0.07156242861183981,0.07776,0.0,0.418259190445501,,-2.1027551081301215,24.828984,59.467219,11.715711887871425,85.31450416921018,261.680195717919,0.006351919824105767,0.0,8.099521090547173
2026-09-16T19:06:30+03:00,3.5,288.11,-92.08048377100941,15.29928,126.99609529074696,295.48006452691686,-0.23348030151581045,0.11664,0.0,0.3552338329811104,,-1.650118449976771,24.828985,59.467219,15.303958328288152,92.51688322073605,34.47921207001092,-0.005122102459287187,3.05365982818257e-05,8.099551627145454
2026-09-16T19:06:32+03:00,3.52,288.11,-94.88797696715044,15.804720000000001,234.99863967290713,295.6003856638943,0.17039764827190684,0.17495999999999998,0.0,0.40107045659157625,,-0.836518380891002,24.828986,59.467219,15.82058841195505,95.51931977437218,139.47931989853495,-0.016827895708481283,3.05365982818257e-05,8.099582163743735
2026-09-16T19:06:34+03:00,3.5,288.11,-97.16261941381981,15.785279999999998,157.9988415852758,295.8696758276058,0.24155900642715508,0.01944,0.0,0.5500394833255903,,-0.7964113352318443,24.828985,59.467218,15.787715677147682,97.232619292914,60.76622229236182,-0.002447457860119443,6.741974021762892e-05,8.099649583483952
2026-09-16T19:06:36+03:00,3.52,288.11,-96.88759967215701,15.24096,288.9999118639872,296.6488984289837,0.11270079830223292,0.19440000000000002,0.0,0.395340878640268,,-0.6016056848873644,24.828985,59.467218,15.265492883345877,97.61199243646759,191.38791942751965,-0.025750973646626766,0.0,8.099649583483952
2026-09-16T19:06:38+03:00,3.54,288.11,-102.39945366131553,14.91048,257.9971655694584,297.07861677533185,-0.1400881809094863,0.13608,0.0,0.34377467707849396,,-1.1229972784564135,24.828986,59.467218,14.940291079606103,102.90915218275322,155.08801338670517,-0.030401063624446365,3.053659918543672e-05,8.099680120083137
2026-09-16T19:06:40+03:00,3.52,288.12,-98.45177445286417,13.19976,337.99926250357527,296.8608928131821,0.04532096159484812,0.15552,0.0,0.3552338329811104,,-0.8823550045014679,24.828985,59.467218,13.223512648658735,99.1183196019551,238.8809429016202,-0.02464584106189366,3.053659918543672e-05,8.099710656682323
2026-09-16T19:06:42+03:00,3.52,288.12,-113.75547716080845,11.508479999999999,200.9993241098441,296.6030618053733,0.22162007515660243,0.03888,0.0,0.739115555718762,,-0.739115555718762,24.828985,59.467217,11.524197136406405,113.93240229719535,87.06692181264876,-0.01577200469823733,6.010771664872095e-05,8.099770764398972
2026-09-16T19:06:44+03:00,3.52,288.12,-116.39108301841023,11.68344,181.9943140453547,297.0155914178675,-0.34205580369310146,0.07776,0.0,0.5786873730821314,,-0.7620338675239948,24.828985,59.467217,11.718211019155168,116.73166522037849,65.26264882497622,-0.034977432652032896,0.0,8.099770764398972
2026-09-16T19:06:46+03:00,3.52,288.12,-104.33032143090641,11.52792,272.99720064598336,296.505658980201,-0.007333859777674537,0.13608,0.0,0.4469070802020421,,-1.0026761414789407,24.828985,59.467217,11.562353149878394,104.98368105790557,168.01351958807777,-0.03518265667708719,0.0,8.099770764398972
2026-09-16T19:06:48+03:00,3.54,288.12,-114.94149979672926,11.97504,105.9971920992023,296.580143493568,-0.5166933396489763,0.0,0.0,0.739115555718762,,-0.6875493541569879,24.828986,59.467216,11.97504,168.02496,297.9722320992023,-0.0,6.741974171794612e-05,8.09983818414069
2026-09-16T19:06:50+03:00,3.54,288.13,-100.54879998304297,10.84752,151.9999734702561,296.08167021180424,0.03861735539181749,0.05832,0.0,0.8193296470370772,,-1.7818987428568602,24.828987,59.467216,10.858348182304596,100.8513351087978,51.148638361458296,-0.01097940110937419,3.053660108978209e-05,8.09986872074178
2026-09-16T19:06:52+03:00,3.54,288.13,-109.4812120091325,9.05904,263.9960336844781,296.33377164166177,-0.32223146398157493,0.09720000000000001,0.0,0.8021409131831525,,-1.8964903018830246,24.828987,59.467216,9.091917778013151,110.05869301777473,153.9373406667034,-0.03333790600359449,0.0,8.09986872074178
2026-09-16T19:06:54+03:00,3.54,288.13,-117.85785497394514,9.272879999999999,268.99795523597015,296.32231248575914,0.08055786599539373,0.07776,0.0,0.6531718864491385,,-1.9881635491039567,24.828987,59.467215,9.309469512134433,118.28097540570506,150.71697983026507,-0.03684236355607715,6.0107715884017436e-05,8.099928828457664
2026-09-16T19:06:56+03:00,3.54,288.14,-111.38343188896684,8.61192,358.9981656951199,295.6519518654561,0.014266649098757498,0.09720000000000001,0.0,0.6073352628386726,,-2.0053522829578814,24.828986,59.467215,8.647833501976493,111.98310478358694,247.01506091153294,-0.03638518429865685,3.0536601993393076e-05,8.099959365059657
2026-09-16T19:06:58+03:00,3.52,288.14,-110.00260360270156,11.21688,358.9981656951199,295.69778848906657,-0.037929806037660496,0.15552,0.0,0.5042028597151245,,-1.1688339020668794,24.828986,59.467216,11.27102505979203,110.74551370974501,248.25265198537488,-0.05508795463909909,6.0107715884017436e-05,8.100019472775541
2026-09-16T19:07:00+03:00,3.54,288.14,-99.62633793288235,9.0396,252.99524401796634,295.6519518654561,0.1745802401763618,0.05832,0.0,0.4297183463481174,,-0.7448451336700701,24.828986,59.467216,9.049535055027235,99.99038552187426,153.00485849609208,-0.01011752390886872,0.0,8.100019472775541
2026-09-16T19:07:02+03:00,3.54,288.14,-103.66569038855467,8.53416,338.9962090671029,295.5488194623325,0.7211246809516542,0.03888,0.0,0.395340878640268,,-0.962569095819783,24.828986,59.467216,8.543429177078663,103.9190551179309,235.077153949172,-0.009352617622660807,0.0,8.100019472775541
2026-09-16T19:07:04+03:00,3.52,288.14,-100.8410084585597,11.02248,220.99555115990984,295.95561949687544,0.24665833080381938,0.11664,0.0,0.38961130068895977,,-1.8105466326134017,24.828986,59.467215,11.045012267776443,101.43528806101612,119.56026309889371,-0.02312516827267229,6.0107715884017436e-05,8.100079580491425
2026-09-16T19:07:06+03:00,3.52,288.14,-105.57936942429161,11.83896,93.99945586916286,295.72643637882317,-0.1707414229489853,0.05832,0.0,0.2807493196141034,,-0.6531718864491385,24.828986,59.467215,11.854756284239334,105.85088351284075,348.1485723563221,-0.015929213998861363,0.0,8.100079580491425
2026-09-16T19:07:08+03:00,3.52,288.14,-102.47393817468254,12.84984,253.99792015944524,295.41703916945244,0.08966789493797384,0.09720000000000001,0.0,0.23491269600363757,,-0.9281916281119336,24.828987,59.467215,12.871184660652023,102.89641177164772,151.10150838779754,-0.021693977583554385,3.0536601993393076e-05,8.100110117093418
2026-09-16T19:07:10+03:00,3.52,288.13,-96.43496301400366,10.089360000000001,145.99537577728506,295.94988991892416,0.000515662015617741,0.17495999999999998,0.0,0.1604281826366305,,-1.0198648753328654,24.828987,59.467215,10.110463622720417,97.42025942687508,48.575116350409985,-0.022595425660108446,0.0,8.100110117093418
2026-09-16T19:07:12+03:00,3.52,288.13,-92.26955984340258,10.983600000000001,35.99893826806962,295.8066504701414,0.5337674819438749,0.03888,0.0,0.20626480624709637,,-1.478231111437524,24.828986,59.467215,10.985208380709421,92.47218841802211,303.5267498500475,-0.0016770670492329486,3.0536601993393076e-05,8.100140653695412
2026-09-16T19:07:14+03:00,3.5,288.13,-98.69814630477042,9.46728,165.99733240530213,295.86394624965453,-0.2078690880734627,0.09720000000000001,0.0,0.10886198107485642,,-1.208940947726037,24.828986,59.467215,9.482466236551199,99.27871172101864,66.7186206842835,-0.0156722503154178,0.0,8.100140653695412
2026-09-16T19:07:16+03:00,3.5,288.15,-114.51751102833244,9.05904,276.9964460559965,295.892594139411,0.5300432562755246,0.0,0.0,0.08594366926962349,,-2.1600508876432034,24.828986,59.467215,9.05904,170.94096,106.05548605599651,-0.0,0.0,8.100140653695412
2026-09-16T19:07:18+03:00,3.5,288.15,-118.76312829025184,7.095599999999999,174.99849936680735,295.88686456145973,-0.4292599801120128,0.01944,0.0,0.1432394487827058,,-1.6214705602202295,24.828985,59.467215,7.104974763777624,118.90055350423208,56.09794586257527,-0.009395173941893183,3.0536601896269744e-05,8.100171190297308
2026-09-16T19:07:20+03:00,3.5,288.15,-133.66003096365327,6.804,139.99650766226534,295.9899969645833,0.36067693203485324,0.07776,0.0,0.49847328176381617,,0.4354479242994257,24.828985,59.467215,6.857914521092137,134.13003280791563,5.866474854349718,-0.0541434421442832,0.0,8.100171190297308
2026-09-16T19:07:22+03:00,3.52,288.16,-119.50797342392194,7.1150400000000005,43.99742908809592,295.8009208921901,-0.024293410513546904,0.07776,0.0,-0.017188733853924696,,0.12032113697747288,24.828984,59.467215,7.153660376517445,120.04999880142614,283.94743028666977,-0.03893875087951269,3.0536601896269744e-05,8.100201726899204
2026-09-16T19:07:24+03:00,3.52,288.16,-115.1821420706842,6.492959999999999,333.9942875156107,295.7665434244823,-0.44982916495720937,0.01944,0.0,0.12605071492878112,,-0.2119943841984046,24.828984,59.467215,6.501255469241368,115.33718481168748,218.65710270392324,-0.00831924147978669,0.0,8.100201726899204
2026-09-16T19:07:26+03:00,3.52,288.16,-133.12718021418158,5.38488,304.9968935040398,296.2134505046843,-0.023777748497929165,0.09720000000000001,0.0,0.011459155902616466,,0.29220847551671986,24.828985,59.467215,5.4517894383333925,133.87275049359997,171.12414301043984,-0.06736534066767544,3.0536601896269744e-05,8.1002322635011
2026-09-16T19:07:28+03:00,3.52,288.17,-152.04624660940135,4.89888,346.9946998871292,295.5774673520891,0.37568842626728083,0.07776,0.0,-0.03437746770784939,,0.06302535746439056,24.828985,59.467214,4.967701179421521,152.4666601448871,194.52803974224207,-0.06895305760981214,6.010771664872095e-05,8.10029237121775
2026-09-16T19:07:30+03:00,3.5,288.17,-161.6719375675992,4.31568,35.99893826806962,295.9384307630215,-0.15355268909506062,0.03888,0.0,0.10313240312354818,,0.06302535746439056,24.828985,59.467214,4.352604849963139,161.83287685658567,234.16606141148395,-0.03694187538358357,0.0,8.10029237121775
2026-09-16T19:07:32+03:00,3.52,288.17,-140.47822872571004,3.6935999999999996,21.995849755072307,295.4915236828195,-0.359129945988,0.01944,0.0,0.02864788975654116,,-0.2578310078088704,24.828985,59.467214,3.7086163157329133,140.66935413613976,241.32649561893254,-0.015036865696678284,0.0,8.10029237121775
2026-09-16T19:07:34+03:00,3.52,288.18,-154.61882710953878,3.9074399999999994,236.99826237791373,295.70351806701785,-0.2294695969498947,0.07776,0.0,0.005729577951308233,,-0.06875493541569878,24.828984,59.467214,3.9778339535370195,155.09892330932254,81.89933906859119,-0.07053112730020047,3.053660279988075e-05,8.10032290782055
2026-09-16T19:07:36+03:00,3.52,288.19,-143.02216133609087,4.62672,314.99500702907267,295.743625112677,0.30842318111892214,0.0,0.0,-0.011459155902616466,,0.2119943841984046,24.828983,59.467214,4.62672,175.37328,139.62172702907267,-0.0,3.053660270275741e-05,8.100353444423252
2026-09-16T19:07:38+03:00,3.5,288.18,-145.5259869008126,4.548959999999999,191.99815714833886,295.4571462151116,0.2903750105723012,0.05832,0.0,0.1546986046853223,,-0.1546986046853223,24.828983,59.467215,4.597156539986152,145.93741682106946,46.0607403272694,-0.04831382073611022,6.010771664872095e-05,8.100413552139901
2026-09-16T19:07:40+03:00,3.52,288.19,-143.22842614233798,5.13216,289.9968584275149,295.892594139411,-0.15246406928431205,0.07776,0.0,0.040107045659157625,,-0.26929016371148695,24.828983,59.467214,5.194656540656783,143.7418589562095,146.25499947130538,-0.062702598553891,6.010771664872095e-05,8.10047365985655
2026-09-16T19:07:42+03:00,3.52,288.19,-129.2367967852433,8.70912,328.99809554207,295.34255465608544,0.9627409831583221,0.21384,0.0,-0.017188733853924696,,-0.8021409131831525,24.828983,59.467214,8.845930246115154,130.30964038236118,198.68845515970884,-0.13833696526206143,0.0,8.10047365985655
2026-09-16T19:07:44+03:00,3.52,288.19,-142.65546834720718,8.08704,256.9944894279795,295.9155124512163,0.23090199143772175,0.07776,0.0,-0.03437746770784939,,-0.38388172273765153,24.828983,59.467214,8.14899589506487,142.9871215949877,114.00736783299178,-0.06209137707364394,0.0,8.10047365985655
2026-09-16T19:07:46+03:00,3.5,288.2,-153.9484664892357,7.83432,31.999692858056477,295.7665434244823,0.6488174072061442,0.0,0.0,-0.10313240312354818,,0.02864788975654116,24.828983,59.467214,7.83432,172.16568,219.83401285805647,-0.0,0.0,8.10047365985655
2026-09-16T19:07:48+03:00,3.52,288.2,-143.89305718468975,7.98984,250.9956213129597,295.46860537101423,0.9412550658409164,0.01944,0.0,-0.11459155902616464,,-1.0485127650894066,24.828983,59.467214,8.005554131930467,143.9750469898766,107.02057432308311,-0.015722312479590075,0.0,8.10047365985655
2026-09-16T19:07:50+03:00,3.52,288.2,-153.7422016829886,6.940079999999999,175.99544593033497,296.0243744322911,-0.19698288996597704,0.05832,0.0,0.02864788975654116,,-1.5183381570966814,24.828983,59.467214,6.992429709537623,153.95361809648927,22.0418278338457,-0.05239695565512302,0.0,8.10047365985655
2026-09-16T19:07:52+03:00,3.52,288.21,-128.58935447674546,9.136800000000001,126.99609529074696,295.8066504701414,0.19704018574549012,0.07776,0.0,0.29793805346802804,,-0.5500394833255903,24.828983,59.467214,9.185502676946616,128.96848075507407,358.0276145356729,-0.04890270230110449,0.0,8.10047365985655
2026-09-16T19:07:54+03:00,3.52,288.21,-121.67948346746772,9.79776,111.99606021422201,295.70351806701785,-0.32521084451625526,0.03888,0.0,-0.005729577951308233,,0.1604281826366305,24.828983,59.467214,9.818234241818367,121.87256710928709,350.12349310493494,-0.02052987604928062,0.0,8.10047365985655
2026-09-16T19:07:56+03:00,3.5,288.21,-110.2432458766565,9.11736,354.99892028510675,295.9155124512163,0.2628157406265086,0.01944,0.0,0.26356058576017866,,-0.022918311805232933,24.828983,59.467214,9.124104595843415,110.3577811425856,244.64113914252115,-0.006762812646139074,0.0,8.10047365985655
2026-09-16T19:07:58+03:00,3.5,288.21,-101.17332397973557,10.1088,11.997736230039438,295.8754054055571,-0.38021479284881426,0.05832,0.0,0.06875493541569878,,-0.320856365273261,24.828983,59.467214,10.12026284201981,101.49724550665849,270.50049072338095,-0.011624390474819227,0.0,8.10047365985655
2026-09-16T19:08:00+03:00,3.5,288.22,-101.06446199866072,9.21456,34.996262126590686,295.56027861823515,-0.28441624950294064,0.0,0.0,0.41252961249419273,,-0.34377467707849396,24.828982,59.467214,9.21456,170.78544,224.2108221265907,-0.0,3.053660279988075e-05,8.100504196459351
2026-09-16T19:08:02+03:00,3.5,288.22,-134.6111409035704,7.5816,224.99479656992298,296.1275068354147,-0.5431639897840205,0.01944,0.0,0.27501974166279514,,0.05156620156177409,24.828982,59.467214,7.595265154533262,134.71553808704743,90.27925848287555,-0.013677739818152799,0.0,8.100504196459351
2026-09-16T19:08:04+03:00,3.52,288.22,-128.02212625956594,6.0652800000000004,336.99658636209637,295.2909884545237,-0.2361159073734122,0.03888,0.0,0.0,,-0.07448451336700701,24.828982,59.467214,6.089305777930525,128.3103196367688,208.68626672532756,-0.024102503950608752,0.0,8.100504196459351
2026-09-16T19:08:06+03:00,3.52,288.22,-150.59666338772038,5.28768,278.9960687610031,296.17334345902515,0.27788453063844926,0.03888,0.0,0.2807493196141034,,0.040107045659157625,24.828982,59.467214,5.321585916032153,150.8021814403128,128.19388732069027,-0.03393993251368074,0.0,8.100504196459351
2026-09-16T19:08:08+03:00,3.5,288.23,-158.3373231999378,6.18192,132.9949634057667,295.7780025803849,-0.6084238826494212,0.25272,0.0,0.011459155902616466,,-0.2119943841984046,24.828983,59.467214,6.4174693035539985,159.1702494179837,333.82471398778296,-0.23620251462511227,3.053660279988075e-05,8.100534733062151
2026-09-16T19:08:10+03:00,3.52,288.23,-171.84193843117131,6.35688,113.99568291922859,295.7780025803849,0.1519484072686943,0.09720000000000001,0.0,0.16615776058793874,,0.21772396214971285,24.828983,59.467214,6.45311111243146,171.96440456100095,302.0312783582276,-0.09624563356684233,0.0,8.100534733062151
2026-09-16T19:08:12+03:00,3.5,288.24,-175.15936406497875,6.8623199999999995,248.99599860795314,295.9155124512163,-0.35076476217909,0.05832,0.0,0.16615776058793874,,0.26929016371148695,24.828984,59.467213,6.920433737661596,175.2001086490908,73.79588995886235,-0.05811547280536842,6.741974290178052e-05,8.100602152805052
2026-09-16T19:08:14+03:00,3.52,288.24,-167.3843267850535,6.57072,190.9954810068599,296.133236413366,0.2385223301129617,0.11664,0.0,0.2578310078088704,,0.27501974166279514,24.828985,59.467213,6.684592510819731,167.6026848123978,23.392796194462107,-0.11392022807987663,3.053660370349173e-05,8.100632689408757
2026-09-16T19:08:16+03:00,3.5,288.22,-149.38199286204306,8.184239999999999,209.99476149339802,295.8238392039953,-0.1325824337932725,0.01944,0.0,0.05156620156177409,,0.18334649444186346,24.828985,59.467213,8.200975690845775,149.4511659724265,60.54359552097151,-0.01674165539533767,0.0,8.100632689408757
2026-09-16T19:08:18+03:00,3.5,288.24,-139.26928777798403,8.57304,184.9966128918402,295.8696758276058,-0.3186218298722508,0.13608,0.0,-0.03437746770784939,,-0.3609634109324186,24.828985,59.467214,8.676613686012626,139.85563907656157,45.14097381527861,-0.10402260872877157,6.010771664872095e-05,8.100692797125406
2026-09-16T19:08:20+03:00,3.52,288.24,-139.42971596062063,6.901199999999999,299.99497195254776,295.83529835989793,0.3123192941258118,0.05832,0.0,-0.011459155902616466,,-0.19480565034447989,24.828986,59.467214,6.945603950544901,139.74261173333923,160.25236021920853,-0.04450685819599905,3.053660279988075e-05,8.100723333728206
2026-09-16T19:08:22+03:00,3.54,288.24,-141.95073025919626,7.98984,238.99788508292028,295.5889265079917,0.41126910534490496,0.09720000000000001,0.0,0.08594366926962349,,-0.14896902673401402,24.828986,59.467214,8.066605619901285,142.37625187374482,96.62163320917546,-0.0769859653457436,0.0,8.100723333728206
2026-09-16T19:08:24+03:00,3.52,288.24,-140.25477518560902,9.29232,353.99624414362785,295.6805997552126,0.22545889238397895,0.03888,0.0,0.07448451336700701,,-0.26929016371148695,24.828986,59.467214,9.322247787023688,140.4075614664534,213.58868267717446,-0.029960825298251594,0.0,8.100723333728206
2026-09-16T19:08:26+03:00,3.54,288.25,-117.07290279461593,9.85608,331.99466481060426,295.66341102135874,0.2852183904161238,0.0,0.0,-0.10886198107485642,,0.13178029288008933,24.828986,59.467214,9.85608,170.14392,161.85074481060425,-0.0,0.0,8.100723333728206
2026-09-16T19:08:28+03:00,3.52,288.25,-119.19857621455127,10.14768,348.9943225921357,295.6519518654561,0.6301389830848794,0.05832,0.0,-0.1546986046853223,,1.6214705602202295,24.828986,59.467214,10.176258055464197,119.48521526506659,229.5091073270691,-0.028705043062772915,0.0,8.100723333728206
2026-09-16T19:08:30+03:00,3.52,288.25,-135.2929606797761,10.5948,162.99503355881663,295.52590115052726,-0.038044397596686666,0.05832,0.0,-0.19480565034447989,,1.6615776058793876,24.828986,59.467215,10.63632791138672,135.51396588999333,27.4810676688233,-0.041606728765699375,6.010771664872095e-05,8.100783441444856
2026-09-16T19:08:32+03:00,3.52,288.24,-109.25775846903149,12.42216,322.9992274270503,295.3769321237933,0.3874340610674627,0.01944,0.0,-0.045836623610465865,,1.3178029288008932,24.828986,59.467215,12.42858522087378,109.34236224799697,213.65686517905334,-0.006438763450458026,0.0,8.100783441444856
2026-09-16T19:08:34+03:00,3.54,288.25,-112.16838406829608,12.402719999999999,174.99849936680735,295.6462222875048,-0.014381240657783663,0.11664,0.0,-0.06875493541569878,,0.9167324722093171,24.828985,59.467215,12.447200454386241,112.66560787896861,62.33289148783874,-0.04494748224604872,3.0536601896269744e-05,8.100813978046752
2026-09-16T19:08:36+03:00,3.54,288.26,-121.93158489732531,8.72856,89.9944808811984,295.4342279033064,-0.03873194695084365,0.11664,0.0,-0.12032113697747288,,1.3521803965087429,24.828985,59.467215,8.790808989051408,122.57678521840636,327.417695662792,-0.06280240529411092,0.0,8.100813978046752
2026-09-16T19:08:38+03:00,3.52,288.25,-149.27886045891947,9.078479999999999,159.99846429028239,295.8696758276058,-0.35185338198983857,0.19440000000000002,0.0,-0.05729577951308232,,1.1229972784564135,24.828985,59.467215,9.246132009852024,149.89427699764337,10.104187292639011,-0.16817569713997707,0.0,8.100813978046752
2026-09-16T19:08:40+03:00,3.5,288.25,-120.10384953085796,8.262,127.99877143222591,295.27952929862107,0.22230762451075942,0.23328,0.0,0.22918311805232927,,1.7647100090029357,24.828985,59.467215,8.381436060948383,121.4835947171544,6.5151767150715045,-0.12183150878411958,0.0,8.100813978046752
2026-09-16T19:08:42+03:00,3.5,288.25,-100.92122254987801,10.03104,196.99434912187962,295.7837321583362,-0.2616125292567339,0.05832,0.0,0.22918311805232927,,1.925138191639566,24.828985,59.467215,10.042252525974506,101.24794094166333,95.74640818021629,-0.01137561197800927,0.0,8.100813978046752
2026-09-16T19:08:44+03:00,3.5,288.25,-80.48381799756154,8.242560000000001,92.99677972768393,295.4055800135498,0.3990078085291053,0.09720000000000001,0.0,0.3666929888837269,,2.245994556912827,24.828985,59.467215,8.22704881613942,81.1514494686862,11.845330258997734,0.014951612416371572,0.0,8.100813978046752
2026-09-16T19:08:46+03:00,3.5,288.26,-116.33378723889716,9.56448,132.9949634057667,295.6805997552126,-0.11201324894807596,0.03888,0.0,0.18334649444186346,,1.5699043586584558,24.828985,59.467215,9.581790518525779,116.54215005883006,16.452813346936637,-0.01737376350833353,0.0,8.100813978046752
2026-09-16T19:08:48+03:00,3.52,288.27,-134.0439126863909,9.70056,278.9960687610031,295.743625112677,-0.37070369344964266,0.03888,0.0,0.1604281826366305,,2.320479070279834,24.828985,59.467215,9.7276298906178,134.208522172522,144.78754658848106,-0.027109924800367106,0.0,8.100813978046752
2026-09-16T19:08:50+03:00,3.52,288.28,-141.03399778698693,7.251119999999999,46.99972793458143,295.6404927095535,0.3380450991271857,0.05832,0.0,0.20626480624709637,,2.2058875112536693,24.828985,59.467215,7.29655709393689,141.32198776229308,265.67774017228834,-0.045528691444959295,0.0,8.100813978046752
2026-09-16T19:08:52+03:00,3.52,288.28,-130.9098335470253,14.05512,321.9965512855714,295.8123800480927,-0.7975572508221059,0.07776,0.0,-0.08594366926962349,,1.9308677695908742,24.828985,59.467215,14.106165143671499,131.14852903529336,190.84802225027804,-0.05116711200493635,0.0,8.100813978046752
2026-09-16T19:08:54+03:00,3.52,288.29,-132.08439702704348,16.21296,336.99658636209637,295.3883912796959,-0.21434351115844097,0.07776,0.0,0.31512678732195276,,2.182969199448437,24.828986,59.467214,16.2651790407146,132.28768774357047,204.7088986185259,-0.05232109275407035,6.741974253649593e-05,8.100881397789289
2026-09-16T19:08:56+03:00,3.52,288.29,-133.2704196629643,15.02712,52.99859604960115,295.7092476449692,-0.9998686482827998,0.01944,0.0,0.045836623610465865,,2.778845306384493,24.828986,59.467214,15.04045166344228,133.32434154649474,279.6742545031064,-0.0133383181742768,0.0,8.100881397789289
2026-09-16T19:08:58+03:00,3.54,288.29,-126.37773738754049,13.802399999999999,349.9969987336147,295.05607575852,-0.18815933992096234,0.01944,0.0,0.1432394487827058,,2.956462222875048,24.828986,59.467215,13.813938849382142,126.44265527794073,223.55434345567397,-0.011547708859430034,6.010771664872095e-05,8.100941505505938
2026-09-16T19:09:00+03:00,3.52,288.29,-119.39911144284706,13.296959999999999,347.9973760286081,295.371202545842,-0.04062270767477537,0.03888,0.0,0.13750987083139757,,2.8934368654106573,24.828986,59.467215,13.316088895401416,119.54485897767242,228.45251705093565,-0.01917191628276312,0.0,8.100941505505938
2026-09-16T19:09:02+03:00,3.52,288.29,-121.42165245965887,11.83896,333.9942875156107,295.147749005741,-0.0729375273201538,0.07776,0.0,0.017188733853924696,,2.274642446669368,24.828986,59.467215,11.879684115802387,121.74169329752097,212.25259421808977,-0.04090880774997296,0.0,8.100941505505938
2026-09-16T19:09:04+03:00,3.52,288.29,-109.1947331115671,8.767439999999999,264.998709825957,295.1133715380331,0.18277353664673263,0.09720000000000001,0.0,0.040107045659157625,,1.558445202755839,24.828986,59.467216,8.799876201703627,109.79242756252575,155.20628226343126,-0.03291323868838835,6.0107715884017436e-05,8.101001613221822
2026-09-16T19:09:06+03:00,3.54,288.3,-118.4537310808812,11.13912,3.9992454100131463,295.0618053364713,-0.4784197589342374,0.03888,0.0,0.017188733853924696,,1.5068790011940651,24.828986,59.467216,11.15769669726044,118.62926609534998,245.36997931466317,-0.01862897331483239,0.0,8.101001613221822
2026-09-16T19:09:08+03:00,3.54,288.29,-111.01100932213183,9.136800000000001,18.999280486538098,295.06753491442265,-0.11063815023976196,0.03888,0.0,0.05156620156177409,,1.501149423242757,24.828985,59.467216,9.150812298862009,111.23826255780011,267.761017928738,-0.014084167338688612,3.0536600992658756e-05,8.101032149822814
2026-09-16T19:09:10+03:00,3.54,288.3,-114.39718989135496,9.350639999999999,350.99967487509366,295.0618053364713,-0.05890006133944863,0.15552,0.0,0.011459155902616466,,1.650118449976771,24.828985,59.467216,9.415944319389165,115.25905357825444,235.7406212968392,-0.06636219609241437,0.0,8.101032149822814
2026-09-16T19:09:12+03:00,3.54,288.31,-119.43921848850621,9.50616,92.99677972768393,295.1649377395949,0.03919031318694831,0.09720000000000001,0.0,-0.02864788975654116,,1.4725015334862157,24.828985,59.467216,9.554308793248566,119.94685449585408,333.04992523182983,-0.04852189892596293,0.0,8.101032149822814
2026-09-16T19:09:14+03:00,3.54,288.31,-108.87387674629383,9.5256,194.99472641687308,295.0159687128609,-0.07769307701973963,0.03888,0.0,-0.08594366926962349,,1.4610423775835992,24.828984,59.467217,9.538248086701374,109.09487020390422,85.89985621296886,-0.012718942496405962,6.741974171794612e-05,8.101099569564532
2026-09-16T19:09:16+03:00,3.54,288.31,-125.44954575942855,9.68112,0.0,295.2336926750106,-0.015641747807071477,0.0,0.0,-0.03437746770784939,,1.707414229489853,24.828984,59.467217,9.68112,170.31888,189.68112,-0.0,0.0,8.101099569564532
2026-09-16T19:09:18+03:00,3.52,288.31,-121.28987216677878,8.8452,157.9988415852758,295.3597433899394,0.07385425979236311,0.13608,0.0,-0.09167324722093173,,1.5183381570966814,24.828984,59.467217,8.916633925122799,122.03712249814049,35.96171908713532,-0.07218616867424442,0.0,8.101099569564532
2026-09-16T19:09:20+03:00,3.52,288.31,-105.07516656457648,9.77832,177.99506863534154,294.93002504359123,0.26894638903440843,0.05832,0.0,-0.22345354010102106,,0.8995437383553924,24.828984,59.467217,9.793650116404379,105.40461592515523,72.59045271018631,-0.015491762465519195,0.0,8.101099569564532
2026-09-16T19:09:22+03:00,3.52,288.31,-104.9491158496477,9.95328,165.99733240530213,295.4972532607708,0.10061138882497254,0.07776,0.0,-0.10886198107485642,,0.8422479588423101,24.828984,59.467218,9.973622018779949,105.38071146852404,60.61662093677809,-0.02062440465046658,6.010771664872095e-05,8.101159677281181
2026-09-16T19:09:24+03:00,3.52,288.32,-106.29556666820514,9.38952,182.99699018683364,295.4227687474038,0.06766631560495022,0.09720000000000001,0.0,-0.3495042550298022,,1.2490479933851946,24.828985,59.467218,9.417255726632337,106.86319570427403,76.13379448255961,-0.028196506806526758,3.053659918543672e-05,8.101190213880367
2026-09-16T19:09:26+03:00,3.52,288.31,-103.02397765800814,7.970399999999999,204.99856951985726,295.62330397569957,0.7116708773319955,0.05832,0.0,-0.2864788975654116,,1.1516451682129547,24.828986,59.467217,7.983745118846061,103.43175123741705,101.56681828244021,-0.013546974626464026,6.741974130867121e-05,8.101257633621675
2026-09-16T19:09:28+03:00,3.5,288.33,-118.7344804004953,8.514719999999999,166.99427896882975,295.6748701772613,0.06474423084978302,0.03888,0.0,-0.34377467707849396,,0.41252961249419273,24.828986,59.467217,8.533479710869413,118.96338402057202,48.030894948257725,-0.01882766249567887,0.0,8.101257633621675
2026-09-16T19:09:30+03:00,3.5,288.32,-114.04768563632516,7.40664,31.999692858056477,295.92124202916756,0.6566096332199234,0.01944,0.0,-0.24064227395494575,,0.5099324376664327,24.828986,59.467217,7.414582990897924,114.1848690581155,277.814823799941,-0.007964220850840788,0.0,8.101257633621675
2026-09-16T19:09:32+03:00,3.5,288.33,-153.07757064063685,7.387199999999999,127.99877143222591,296.2134505046843,0.2194428355351053,0.01944,0.0,-0.32658594322456924,,0.9339212060632418,24.828986,59.467217,7.404538331316024,153.1456807963952,334.8530906358307,-0.017343550808700717,0.0,8.101257633621675
2026-09-16T19:09:34+03:00,3.5,288.33,-136.3242847110116,6.88176,138.99956109873773,295.76081384653094,0.129431165920053,0.09720000000000001,0.0,-0.26929016371148695,,0.5385803274229739,24.828986,59.467216,6.952384905574371,136.87747336983617,2.122087728901562,-0.07094565613501995,6.010771664872095e-05,8.101317741338324
2026-09-16T19:09:36+03:00,3.5,288.33,-150.45342393893768,6.59016,159.99846429028239,296.42544488888274,0.028533298197514996,0.09720000000000001,0.0,-0.22345354010102106,,0.418259190445501,24.828985,59.467216,6.6748917401027485,150.86486784367423,9.133596446608152,-0.08490165838063854,3.0536600992658756e-05,8.101348277939316
2026-09-16T19:09:38+03:00,3.48,288.34,-133.85483661399772,5.598719999999999,189.9985344433323,296.07594063385295,0.3044697723325195,0.17495999999999998,0.0,-0.29220847551671986,,0.5099324376664327,24.828985,59.467216,5.721329379066679,135.1183900743102,54.88014436902208,-0.1239707708633032,0.0,8.101348277939316
2026-09-16T19:09:40+03:00,3.5,288.33,-121.3815454139997,5.26824,204.99856951985726,296.0014561204859,-0.408518907928277,0.05832,0.0,-0.27501974166279514,,0.5786873730821314,24.828985,59.467216,5.298843164303624,121.9199146060379,83.07865491381935,-0.030835730984519062,0.0,8.101348277939316
2026-09-16T19:09:42+03:00,3.5,288.33,-121.12944398414214,5.81256,12.99468279356707,296.24209839444086,0.27295709360032416,0.03888,0.0,-0.29220847551671986,,0.790681757280536,24.828985,59.467216,5.832754872983266,121.45637194073484,251.53831085283224,-0.020289495638359804,0.0,8.101348277939316
2026-09-16T19:09:44+03:00,3.5,288.34,-108.43269924404309,10.244879999999998,21.995849755072307,295.9384307630215,-0.4230147401450868,0.0,0.0,-0.29220847551671986,,0.544309905374282,24.828986,59.467215,10.244879999999998,169.75512,212.2407297550723,-0.0,6.741974144545363e-05,8.10141569768076
2026-09-16T19:09:46+03:00,3.5,288.34,-100.85819719241363,8.10648,250.9956213129597,296.0014561204859,0.18008063500961774,0.07776,0.0,-0.32658594322456924,,0.5099324376664327,24.828987,59.467215,8.121487405994982,101.39696772562849,149.59865358733123,-0.01536580065068417,3.0536601993393076e-05,8.101446234282754
2026-09-16T19:09:48+03:00,3.5,288.35,-98.6122026355008,6.5124,330.99771824707665,295.6462222875048,0.16632964792647797,0.09720000000000001,0.0,-0.19480565034447989,,0.0,24.828987,59.467214,6.527662791386817,99.45577467636647,231.54194357071017,-0.01596862496719407,6.010771664872095e-05,8.101506341999404
2026-09-16T19:09:50+03:00,3.5,288.33,-69.16217196577647,5.48208,279.998744902482,296.17907303697643,-0.2715246991124971,0.07776,0.0,-0.17188733853924698,,-0.06875493541569878,24.828988,59.467214,5.4549030211086365,69.92552652460701,210.07321837787498,0.026690441422429677,3.053660270275741e-05,8.101536878602106
2026-09-16T19:09:52+03:00,3.5,288.35,-109.06868239663832,5.28768,319.99692858056477,295.4915236828195,-0.005901465289847479,0.05832,0.0,-0.24064227395494575,,-0.46982539200727513,24.828988,59.467213,5.30701947344965,109.6637793584461,210.33314922211866,-0.019624681293886465,6.010771664872095e-05,8.101596986318755
2026-09-16T19:09:54+03:00,3.52,288.35,-131.13901666507763,5.9292,221.99822730138877,295.97853780868064,0.028074931961410338,0.05832,0.0,-0.14896902673401402,,-0.13178029288008933,24.828988,59.467213,5.967729673690664,131.56070981857266,90.4375174828161,-0.03869026128009139,0.0,8.101596986318755
2026-09-16T19:09:56+03:00,3.5,288.36,-145.3082629386629,4.996079999999999,312.9953843240661,295.54308988438123,0.08829279622965987,0.15552,0.0,-0.21772396214971285,,-0.41252961249419273,24.828988,59.467214,5.124717103910502,146.29794495105256,166.69743937301354,-0.12938241001644266,6.010771664872095e-05,8.101657094035405
2026-09-16T19:09:58+03:00,3.54,288.35,-116.59734782465733,4.31568,273.99987678746226,295.594656085943,-0.006417127305465221,0.11664,0.0,-0.12032113697747288,,-0.5271211715203573,24.828988,59.467214,4.369146809254717,117.96519401451205,156.0346827729502,-0.05469659053436564,0.0,8.101657094035405
2026-09-16T19:10:00+03:00,3.52,288.35,-139.59014414325728,5.404319999999999,187.99891173832572,295.3253659222315,-0.5916362192520881,0.0,0.0,-0.21772396214971285,,-0.5844169510334397,24.828987,59.467214,5.404319999999999,174.59568,13.40323173832573,-0.0,3.053660270275741e-05,8.101687630638107
2026-09-16T19:10:02+03:00,3.54,288.36,-137.83689329015692,5.57928,307.99919235052533,295.21650394115665,-0.17349162036561327,0.03888,0.0,-0.13178029288008933,,-0.22918311805232927,24.828986,59.467214,5.608160017976913,138.10352396574353,169.8956683847818,-0.028940429855272967,3.0536602897004077e-05,8.101718167241005
2026-09-16T19:10:04+03:00,3.52,288.36,-142.40336691734962,5.307119999999999,323.9961739905779,295.5488194623325,-0.18821663570047545,0.05832,0.0,-0.2119943841984046,,-0.09740282517223994,24.828985,59.467214,5.353446666217274,142.78417827855446,181.21199571202345,-0.046443886250969624,3.053660279988075e-05,8.101748703843805
2026-09-16T19:10:06+03:00,3.54,288.37,-158.78995985809115,5.67648,219.99860459638222,294.99877997900694,-0.22259410340832483,0.05832,0.0,-0.27501974166279514,,0.20626480624709637,24.828985,59.467213,5.730888268795045,159.0009068185391,60.997697777843115,-0.0544467412504522,6.010771664872095e-05,8.101808811560455
2026-09-16T19:10:08+03:00,3.54,288.36,-143.8644092949332,6.648479999999999,330.99771824707665,295.27379972066973,0.1720019300982731,0.07776,0.0,-0.34377467707849396,,0.6130648407899808,24.828984,59.467213,6.711437471972189,144.25587748491245,186.7418407621642,-0.06311265291007191,3.053660370349173e-05,8.101839348164159
2026-09-16T19:10:10+03:00,3.52,288.36,-132.46254917182983,7.056719999999999,222.99517386491638,295.3024476104263,0.10055409304545948,0.0,0.0,-0.29793805346802804,,0.7505747116213785,24.828985,59.467213,7.056719999999999,172.94328,50.051893864916394,-0.0,3.053660370349173e-05,8.101869884767863
2026-09-16T19:10:12+03:00,3.54,288.36,-126.06834017816982,7.42608,43.99742908809592,295.5717377741378,0.2826973761175482,0.07776,0.0,-0.20053522829578813,,0.888084582452776,24.828986,59.467213,7.472125551545662,126.55031090544715,277.44711818264875,-0.046308289688628816,3.053660370349173e-05,8.101900421371568
2026-09-16T19:10:14+03:00,3.52,288.38,-136.37585091257336,6.18192,96.99602513769707,294.94148419949386,-0.20649398936514868,0.15552,0.0,-0.1776169164905552,,0.5042028597151245,24.828986,59.467213,6.295412430061788,137.3524299980434,319.6435951396537,-0.11439038066028084,0.0,8.101900421371568
2026-09-16T19:10:16+03:00,3.5,288.37,-132.08439702704348,5.307119999999999,249.9986747494321,295.94988991892416,0.2501533733541174,0.03888,0.0,-0.03437746770784939,,0.9224620501606254,24.828986,59.467213,5.333256389611619,132.3943923520824,117.60428239734969,-0.026214066688956934,0.0,8.101900421371568
2026-09-16T19:10:18+03:00,3.52,288.38,-127.74137693995186,5.3654399999999995,170.9992539567942,295.3654729678907,-0.5890579091739994,0.09720000000000001,0.0,0.040107045659157625,,0.3380450991271857,24.828986,59.467213,5.425480454040837,128.55312607719532,42.44612787959889,-0.06057893021157186,0.0,8.101900421371568
2026-09-16T19:10:20+03:00,3.52,288.38,-126.63556839534934,6.08472,15.996981640052585,295.3310955001828,0.48701412586119974,0.11664,0.0,0.011459155902616466,,0.8708958485988514,24.828986,59.467213,6.155033479678459,127.5068788501573,248.49010278989527,-0.07101704239701351,0.0,8.101900421371568
2026-09-16T19:10:22+03:00,3.52,288.38,-133.68294927545847,4.68504,162.99503355881663,296.08167021180424,-0.3699588483159726,0.19440000000000002,0.0,0.10313240312354818,,0.6187944187412892,24.828986,59.467213,4.821355784859982,135.3538602253753,27.641173333441316,-0.13830789741661287,0.0,8.101900421371568
2026-09-16T19:10:24+03:00,3.5,288.38,-125.55267816255208,4.704479999999999,345.9977533236015,295.6576814434074,-0.1309208561873931,0.03888,0.0,0.040107045659157625,,0.716197243913529,24.828986,59.467213,4.727192657382735,125.93607609817218,220.06167722542932,-0.022817983066158495,0.0,8.101900421371568
2026-09-16T19:10:26+03:00,3.52,288.39,-80.28901234721707,5.13216,12.99468279356707,296.0644814779503,-0.3331749578685737,0.17495999999999998,0.0,0.06302535746439056,,0.5099324376664327,24.828986,59.467213,5.105561372069239,82.2246878732055,290.76999492036157,0.023670104266762484,0.0,8.101900421371568
2026-09-16T19:10:28+03:00,3.5,288.38,-104.08967915695146,4.0824,54.99821875460771,295.72643637882317,-0.11155488271197128,0.03888,0.0,0.09740282517223994,,0.492743703812508,24.828986,59.467213,4.092038723084596,104.61769794052523,310.3805208140825,-0.009812077922283637,0.0,8.101900421371568
2026-09-16T19:10:30+03:00,3.5,288.39,-148.3105617851484,4.14072,270.9975779409768,296.29939417395394,-0.16455347876157242,0.03888,0.0,0.16615776058793874,,0.5786873730821314,24.828987,59.467213,4.173853273514781,148.59093278152392,122.40664515945286,-0.03318284887824918,3.053660380061507e-05,8.101930957975368
2026-09-16T19:10:32+03:00,3.5,288.39,-144.72384598762943,3.36312,326.99847283706345,295.66914059931,-0.39791918871835674,0.05832,0.0,0.05729577951308232,,0.26929016371148695,24.828987,59.467213,3.410897460532884,145.2896213031265,181.70885153393695,-0.04794142568838521,0.0,8.101930957975368
2026-09-16T19:10:34+03:00,3.52,288.39,-129.2425263631946,4.4712,187.99891173832572,296.1618843031225,0.31472571686536116,0.05832,0.0,0.13178029288008933,,0.4812845479098915,24.828988,59.467214,4.508319747854771,129.8165637782254,58.182347960100316,-0.03734414927618361,6.741974290178052e-05,8.10199837771827
2026-09-16T19:10:36+03:00,3.5,288.39,-133.1500985259868,4.91832,153.99959617526267,296.20772092673303,-0.1961234532732808,0.03888,0.0,0.05156620156177409,,0.05156620156177409,24.828988,59.467214,4.944991852496955,133.47876046672582,20.52083570853685,-0.026752769382994066,0.0,8.10199837771827
2026-09-16T19:10:38+03:00,3.5,288.39,-151.46755923631923,4.16016,126.99609529074696,296.09885894565815,0.47618522353322723,0.09720000000000001,0.0,0.1604281826366305,,-0.12605071492878112,24.828987,59.467214,4.245808604687845,152.09410474546158,334.9019905452854,-0.0858973389940371,3.053660270275741e-05,8.102028914320972
2026-09-16T19:10:40+03:00,3.52,288.4,-133.10999148032766,5.2488,13.99735893504601,296.29939417395394,-0.49251452069445567,0.03888,0.0,0.06875493541569878,,-0.5156620156177408,24.828987,59.467214,5.275446994019241,133.41826784492827,240.57909109011774,-0.026722967876114643,0.0,8.102028914320972
2026-09-16T19:10:42+03:00,3.48,288.4,-127.24290365818803,5.69592,337.99926250357527,296.0014561204859,0.42834324763980347,0.01944,0.0,0.08021409131831525,,-0.8021409131831525,24.828987,59.467214,5.707705978785086,127.39825424187768,210.6010082616976,-0.011806915769660746,0.0,8.102028914320972
2026-09-16T19:10:44+03:00,3.48,288.39,-176.06463738128548,4.93776,351.9966214386213,296.5629547597141,-0.525516889693991,0.03888,0.0,0.16615776058793874,,-0.7448451336700701,24.828987,59.467214,4.976549040621471,176.09535879647905,175.90126264214223,-0.03878975042334473,0.0,8.102028914320972
2026-09-16T19:10:46+03:00,3.5,288.4,-135.88310720876083,4.89888,261.99641097947153,296.0071856984372,0.06652040001468858,0.07776,0.0,0.011459155902616466,,-0.7620338675239948,24.828986,59.467214,4.955001226181425,136.509044278744,125.48736670072753,-0.05641355966830487,3.0536602897004077e-05,8.10205945092387
2026-09-16T19:10:48+03:00,3.5,288.4,-163.10433205542626,4.21848,150.99729732877717,296.1618843031225,-0.14111950494072176,0.05832,0.0,0.08594366926962349,,-0.3323155211758775,24.828985,59.467214,4.274316256199055,163.33153546811047,347.6657618606667,-0.055869423479700475,3.053660279988075e-05,8.10208998752667
2026-09-16T19:10:50+03:00,3.48,288.4,-135.16690996484732,2.8771199999999997,313.99806046554505,296.1275068354147,-0.2564559091005565,0.11664,0.0,-0.11459155902616464,,-0.46982539200727513,24.828985,59.467214,2.960979060069117,136.75841057609478,177.23964988945028,-0.08496892061034167,0.0,8.10208998752667
2026-09-16T19:10:52+03:00,3.5,288.4,-81.09115326040022,3.9463199999999996,327.995419400591,295.94416034097276,0.2245421599117696,0.07776,0.0,-0.06875493541569878,,-0.25210142985756223,24.828985,59.467214,3.935027810921721,82.20978584460343,245.78563355598757,0.01054008460148281,0.0,8.10208998752667
2026-09-16T19:10:54+03:00,3.5,288.4,-100.48577462557857,3.1687199999999995,292.99915727400037,295.96707865277807,-0.03237211542489151,0.05832,0.0,-0.08594366926962349,,-0.3495042550298022,24.828985,59.467214,3.179850875520421,101.5191141269998,191.48004314700057,-0.011646202518202857,0.0,8.10208998752667
2026-09-16T19:10:56+03:00,3.5,288.4,-125.14587812800922,2.50776,232.9990169679006,295.97280823072936,-0.12599341914926804,0.01944,0.0,-0.08021409131831525,,-0.26356058576017866,24.828985,59.467214,2.5190009889726075,125.50743915483143,107.49157781306916,-0.01129092022869241,0.0,8.10208998752667
2026-09-16T19:10:58+03:00,3.5,288.4,-88.08696793894758,3.6935999999999996,165.99733240530213,296.07594063385295,-0.35953101644459157,0.17495999999999998,0.0,-0.11459155902616464,,-0.6245239966925973,24.828985,59.467214,3.691902796493418,90.80172851448111,75.19560389082102,-0.0024481007968431404,0.0,8.10208998752667
2026-09-16T19:11:00+03:00,3.52,288.4,-123.8796414007701,5.6376,107.99681480420887,296.1217772574634,0.059473019134579454,0.05832,0.0,-0.03437746770784939,,-0.2807493196141034,24.828986,59.467214,5.6703172124877375,124.3688862325558,343.62792857165306,-0.032922739473238455,3.053660279988075e-05,8.10212052412947
2026-09-16T19:11:02+03:00,3.5,288.42,-131.97553504596863,6.10416,222.99517386491638,295.9613490748267,-0.7427824856075993,0.05832,0.0,-0.10313240312354818,,0.040107045659157625,24.828986,59.467215,6.143318186242204,132.37990706998414,90.61526679493224,-0.039310209854980696,6.010771664872095e-05,8.10218063184612
2026-09-16T19:11:04+03:00,3.5,288.42,-119.75434527582817,6.0652800000000004,289.9968584275149,296.17907303697643,-0.1470782660100823,0.07776,0.0,-0.14896902673401402,,0.27501974166279514,24.828986,59.467215,6.104244220908625,120.38800513844221,169.60885328907267,-0.039335143739126326,0.0,8.10218063184612
2026-09-16T19:11:06+03:00,3.5,288.41,-129.98737149686465,4.41288,110.99911365069438,296.1275068354147,0.05087865220761711,0.0,0.0,0.02864788975654116,,-0.25210142985756223,24.828986,59.467215,4.41288,175.58712,295.4119936506944,-0.0,0.0,8.10218063184612
2026-09-16T19:11:08+03:00,3.5,288.42,-105.20694685745657,4.23792,31.999692858056477,296.0014561204859,-0.03850276383279132,0.03888,0.0,-0.045836623610465865,,-1.2662367272391195,24.828986,59.467215,4.2482841398010605,105.71295954334896,286.28673331470753,-0.010529411115310703,0.0,8.10218063184612
2026-09-16T19:11:10+03:00,3.5,288.41,-124.60156822263494,4.31568,111.99606021422201,296.11604767951206,-0.17652829667980663,0.11664,0.0,0.13178029288008933,,-1.0026761414789407,24.828987,59.467216,4.382967583961277,125.85673146377202,346.13932875045,-0.0683231004772867,6.741974148944395e-05,8.102248051587608
2026-09-16T19:11:12+03:00,3.48,288.42,-138.4843355986548,5.9292,201.99627067337175,296.4712815124932,-0.08210485204224698,0.01944,0.0,-0.08021409131831525,,-1.1688339020668794,24.828987,59.467216,5.943770143822193,138.60854542834443,63.387725245027326,-0.014584076436089036,0.0,8.102248051587608
2026-09-16T19:11:14+03:00,3.48,288.41,-107.22948787426837,6.4152,128.99571799575352,296.03010401024244,0.7126449055837178,0.07776,0.0,0.017188733853924696,,-1.0255944532841736,24.828987,59.467216,6.438660858847581,107.89041511806096,21.105302877692566,-0.023887671644731684,0.0,8.102248051587608
2026-09-16T19:11:16+03:00,3.48,288.42,-91.4559597743168,5.96808,195.99740255835198,296.671816740789,0.08943871181992151,0.11664,0.0,-0.017188733853924696,,-1.082890232797256,24.828987,59.467216,5.97218204892745,92.5746876688114,103.42271488954057,-0.005239661837043038,0.0,8.102248051587608
2026-09-16T19:11:18+03:00,3.5,288.42,-128.87010379635956,4.7628,354.99892028510675,295.9384307630215,-0.05362884962424505,0.13608,0.0,-0.06302535746439056,,-1.1401860123103382,24.828987,59.467216,4.849355446360425,130.12199195099538,224.87692833411137,-0.08769229034178547,0.0,8.102248051587608
2026-09-16T19:11:20+03:00,3.48,288.43,-151.20399865055907,5.09328,0.9969465635276323,297.49687596577735,0.32492436561868987,0.21384,0.0,0.09167324722093173,,-0.24064227395494575,24.828987,59.467216,5.281681125507516,152.3214711211912,208.67547544233645,-0.18936980965034345,0.0,8.102248051587608
2026-09-16T19:11:22+03:00,3.5,288.42,-127.19706703457757,6.318,344.9950771821226,296.3796082652722,0.2820671225429043,0.21384,0.0,-0.2807493196141034,,-0.9052733163067008,24.828987,59.467216,6.449528502035256,128.71046476991143,216.28461241221117,-0.13373236846854653,0.0,8.102248051587608
2026-09-16T19:11:24+03:00,3.5,288.42,-143.18258951872753,7.1150400000000005,343.998130618595,296.35668995346697,1.0589978927403005,0.11664,0.0,0.02864788975654116,,-0.5672282171795151,24.828987,59.467217,7.208754958838852,143.7381571931339,200.25997342546108,-0.0940494407374156,6.010771664872095e-05,8.102308159304258
2026-09-16T19:11:26+03:00,3.48,288.41,-125.92510072938714,9.87552,216.9963057498967,296.89527028089,-0.3986067380725137,0.19440000000000002,0.0,-0.07448451336700701,,-0.5156620156177408,24.828986,59.467217,9.99082006425611,126.82792927764615,90.16837647225054,-0.1165260524645335,3.053660018617106e-05,8.102338695904443
2026-09-16T19:11:28+03:00,3.48,288.43,-128.78988970504125,11.547360000000001,283.9979903124951,295.97280823072936,-0.04841493368855457,0.17495999999999998,0.0,-0.09740282517223994,,-1.008405719430249,24.828986,59.467217,11.657764208275134,129.46014997768927,154.53784033480585,-0.11119432171652818,0.0,8.102338695904443
2026-09-16T19:11:30+03:00,3.48,288.43,-130.45146731092063,13.91904,313.99806046554505,297.1301829768936,0.1519484072686943,0.11664,0.0,-0.09740282517223994,,-1.4152057539731333,24.828987,59.467217,13.994997923873134,130.8148461677816,183.18321429776344,-0.07623785544023672,3.053660018617106e-05,8.102369232504628
2026-09-16T19:11:32+03:00,3.5,288.43,-129.25971509704854,11.8584,78.9994207926379,296.2936645960026,0.5209905231124576,0.15552,0.0,-0.10313240312354818,,-1.2891550390443522,24.828987,59.467217,11.957425094431857,129.83672012126308,309.1627006713748,-0.09962641540853873,0.0,8.102369232504628
2026-09-16T19:11:34+03:00,3.48,288.43,-132.60578862061251,11.5668,241.99445435145452,296.3509603755157,-0.31014205450431465,0.09720000000000001,0.0,-0.045836623610465865,,-1.455312799632291,24.828987,59.467217,11.632819566667548,132.9581606204601,109.03629373099443,-0.06623831229442942,0.0,8.102369232504628
2026-09-16T19:11:36+03:00,3.5,288.42,-139.7505723258939,10.342080000000001,302.99727079903323,296.2936645960026,0.22545889238397895,0.07776,0.0,-0.08021409131831525,,-1.2490479933851946,24.828987,59.467217,10.401550799955832,140.02732588424033,162.9699449147929,-0.059591447424698005,0.0,8.102369232504628
2026-09-16T19:11:38+03:00,3.48,288.44,-138.10618345386843,10.808639999999999,312.9953843240661,296.59733222742193,0.25611213442347797,0.13608,0.0,-0.05729577951308232,,-1.1688339020668794,24.828987,59.467217,10.91031412974835,138.5833830224226,174.4120013016435,-0.1020490106932369,0.0,8.102369232504628
2026-09-16T19:11:40+03:00,3.5,288.44,-125.32922462245108,10.28376,272.99720064598336,295.7092476449692,0.7725762909544021,0.09720000000000001,0.0,0.05729577951308232,,-1.9938931270552647,24.828986,59.467217,10.340272297976151,125.76863229044298,147.22856835554038,-0.05681471748683998,3.053660018617106e-05,8.102399769104814
2026-09-16T19:11:42+03:00,3.54,288.44,-114.22530255281572,9.75888,257.9971655694584,296.28793501805126,0.31237658990532485,0.09720000000000001,0.0,-0.017188733853924696,,-1.5641747807071475,24.828985,59.467217,9.799164584061987,114.74359103452637,143.253574534932,-0.04068385239858042,3.053660008904774e-05,8.102430305704903
2026-09-16T19:11:44+03:00,3.52,288.45,-108.49572460150749,9.408959999999999,317.9973058755582,294.87272926407815,-0.3650887070573606,0.11664,0.0,0.03437746770784939,,-2.3262086482311424,24.828985,59.467217,9.446609808782847,109.16664580432862,208.83066007122957,-0.038294875200607016,0.0,8.102430305704903
