time,dpt,mtw,awa,aws,cog,hdg,rot,sog,stw,pitch,yaw,roll,lng,lat,tws,twa,twd,vmg,dist,cum_dist
2026-07-15T15:03:07+03:00,13.83,293.91,26.00082474303676,9.79776,280.99569146600965,257.5789063790129,-6.731910318110095,3.0132,2.97432,0.13178029288008933,,-2.7100903709687945,23.031441,58.298611,7.2115431684806905,36.55528735214108,317.5509788181507,2.420450872382028,0.0015800421180914089,0.0015800421180914089
2026-07-15T15:03:09+03:00,13.72,293.91,35.00199170454199,9.408959999999999,266.99833253096364,248.6923309765338,-1.9355660235109469,2.7799199999999997,2.95488,0.4068000345428845,,-4.113836969039311,23.031402,58.298608,7.307926456456582,47.60521323632577,314.6035457672894,1.8743199008262135,0.0012449876979202896,0.0028250298160116985
2026-07-15T15:03:11+03:00,13.68,293.92,41.99780638308934,9.00072,250.9956213129597,245.87337862449016,-0.7981302086172368,3.05208,3.07152,0.011459155902616466,,-4.7039834980240585,23.031353,58.298603,7.035410789959415,58.87179664346303,309.86741795642274,1.577787272934116,0.001576630634861085,0.0044016604508727835
2026-07-15T15:03:13+03:00,13.68,293.91,46.99972793458143,9.00072,248.99599860795314,245.2431250498463,0.20105089031140586,3.34368,3.38256,0.3380450991271857,,-4.188321482406318,23.031302,58.298595,7.151415712909595,66.99524068186119,315.9912392898143,1.3067355211507903,0.0016811325336752027,0.006082792984547987
2026-07-15T15:03:15+03:00,13.68,293.92,50.002026781066945,9.00072,250.9956213129597,244.6415193649589,-2.250921993950952,3.38256,3.1687199999999995,0.37242256683503505,,-4.726901809829292,23.031247,58.298577,7.3018062115627025,70.78814379624949,321.7837651092092,1.1130721593134105,0.00204660475097034,0.008129397735518327
2026-07-15T15:03:17+03:00,13.68,293.92,52.00164948607352,8.80632,250.9956213129597,238.89475267979674,-2.4043027957074736,3.36312,3.36312,0.4354479242994257,,-5.391532852181046,23.031191,58.298573,7.2384705556783455,73.4789023791129,324.4745236920726,0.9563650025291929,0.0017850913961929536,0.009914489131711281
2026-07-15T15:03:19+03:00,13.68,293.93,56.00089489608667,9.195120000000001,243.9998066344124,234.5517325927051,-2.5677103588787844,3.6935999999999996,3.51864,0.47555496995858326,,-5.878546978042246,23.031123,58.298564,7.7595069858603996,79.2440456987743,323.24385233318674,0.6893222862146509,0.0022149381863188597,0.01212942731803014
2026-07-15T15:03:21+03:00,13.68,293.93,58.99746416462087,9.29232,243.9998066344124,230.60978296220503,-1.3243346476653848,3.6741599999999996,3.7908,0.34377467707849396,,-5.385803274229739,23.031066,58.298551,8.042123962907704,82.05148190762947,326.0512885420419,0.5080748244939401,0.0019626697378570725,0.014092097055887213
2026-07-15T15:03:23+03:00,13.61,293.93,61.99976301110639,9.00072,243.9998066344124,224.0322274741032,-3.345672453107416,3.9463199999999996,3.8491199999999997,0.2578310078088704,,-4.973273661735546,23.031009,58.298534,7.9520528440881675,87.98722236862977,331.98702900304215,0.13860411795855251,0.0020701757797968296,0.01616227283568404
2026-07-15T15:03:25+03:00,13.68,293.93,65.99900842111953,8.59248,237.99520894144138,214.9794943110362,-3.3151910984064563,3.9463199999999996,3.9463199999999996,0.16615776058793874,,-4.176862326503702,23.03095,58.298516,7.862523772181813,93.29057774804508,331.2857866894865,-0.22651817427419169,0.002154889244717407,0.018317162080401447
2026-07-15T15:03:27+03:00,13.68,293.95,73.00055267761819,8.30088,229.99671812141503,203.94432717681653,-6.688422821459665,3.8296799999999998,4.0824,-0.05729577951308232,,-3.0424058921446715,23.030898,58.298493,8.061192117229984,100.02167279588683,330.0183909173019,-0.6664435186903198,0.0021468578259844387,0.020464019906385886
2026-07-15T15:03:29+03:00,13.53,293.95,80.99904349764448,8.39808,220.99555115990984,187.80410608798124,-8.761556011581522,4.29624,4.23792,-0.23491269600363757,,-1.2433184154338865,23.030845,58.298464,8.814526231675966,109.77608491207232,330.77163607198213,-1.4536120527961318,0.002416815393819612,0.022880835300205498
2026-07-15T15:03:31+03:00,13.57,293.95,93.00250930563523,8.10648,205.99551608338487,169.8132313208734,-10.085432293010804,4.29624,3.8296799999999998,-0.48701412586119974,,1.7131438074411613,23.0308,58.298429,9.371296141476392,120.2488661373992,326.2443822207841,-2.1642604665388214,0.002538932451521816,0.025419767751727315
2026-07-15T15:03:33+03:00,13.68,293.96,105.9971920992023,7.40664,189.9985344433323,151.63901005932368,-9.06172860045056,3.7519199999999997,3.5575200000000002,-0.6302535746439055,,4.5893919389978945,23.030777,58.298392,9.178891058749743,129.13389712648524,319.1324315698175,-2.3679673495938145,0.002339635121773127,0.02775940287350044
2026-07-15T15:03:35+03:00,13.68,293.96,127.00182486869828,6.201359999999999,167.99695511030868,134.0377465929048,-8.928057546846539,3.92688,3.44088,-0.6130648407899808,,4.715442653926675,23.030777,58.298357,9.120816080386291,147.11261955368462,315.10957466399327,-3.2975561685970054,0.0021037700742934946,0.029863172947793934
2026-07-15T15:03:37+03:00,13.68,293.96,159.00151772675477,5.09328,154.9965427387903,116.78025780356438,-8.70741149994166,3.71304,3.36312,-0.6589014644004466,,6.1650258756076575,23.030801,58.298328,8.66253060580012,167.83698038127923,322.8335231200696,-3.62968999714232,0.0019008301786451486,0.03176400312643908
2026-07-15T15:03:39+03:00,13.68,293.94,-174.000693366587,4.510079999999999,138.99956109873773,103.80849332180256,-3.497391677258058,3.36312,3.1687199999999995,-0.492743703812508,,6.411397727513911,23.030838,58.298299,7.862641635215468,176.562968959669,322.4365921390687,-3.357070718788844,0.002098650340598114,0.03386265346703719
2026-07-15T15:03:41+03:00,13.68,293.96,-147.99986862355027,4.29624,118.99760447072069,100.25042541404015,0.2595498811942629,3.36312,2.7021599999999997,-0.29220847551671986,,4.377397554799489,23.030893,58.29828,7.367138119655871,161.99920012113532,316.99840434958537,-3.1985026821438254,0.0020790190641890513,0.035941672531226244
2026-07-15T15:03:43+03:00,13.68,293.95,-136.99907895703842,5.307119999999999,119.9945510342483,100.17021132272183,0.2935262784455207,2.99376,3.0132,-0.26356058576017866,,4.05081161157492,23.03095,58.298269,7.769660529936641,152.2346437546664,327.7599072795819,-2.6490668952039154,0.0019179946146949914,0.03785966714592123
2026-07-15T15:03:45+03:00,13.68,293.96,-136.0021323935108,5.50152,105.9971920992023,101.2588311334704,0.0956839517868475,3.2076,3.0132,-0.27501974166279514,,4.1482144367471605,23.031001,58.298257,8.120606174348056,151.92697010668473,314.07022199251753,-2.8302209897618913,0.0017650186623245573,0.03962468580824579
2026-07-15T15:03:47+03:00,13.68,293.96,-138.00175509851738,5.404319999999999,119.9945510342483,102.33026221036504,-0.9861176611996599,2.8771199999999997,2.76048,-0.3036676314193363,,4.125296124941927,23.031046,58.298243,7.784296163452013,152.31991040891018,327.67464062533816,-2.5478483063485675,0.001651813447557019,0.04127649925580281
2026-07-15T15:03:49+03:00,13.76,293.96,-138.00175509851738,5.598719999999999,122.99684988073382,96.92727020228136,-4.025945243266242,3.18816,2.916,-0.3552338329811104,,4.755549699585833,23.031088,58.298224,8.24866412314552,152.98961316803005,330.0072367127038,-2.840408923439043,0.0017504922433002272,0.04302699149910304
2026-07-15T15:03:51+03:00,13.83,293.97,-136.0021323935108,5.20992,119.9945510342483,89.67935409387646,-4.870943399525181,3.2076,2.8576799999999998,-0.45836623610465854,,6.004597692971028,23.031131,58.298206,7.840605290382266,152.51164492448513,327.4829061097632,-2.8454769128541932,0.0017364766930183613,0.044763468192121396
2026-07-15T15:03:53+03:00,13.83,293.97,-129.00058813701216,5.404319999999999,111.99606021422201,82.04182668478258,-4.131999731144957,2.83824,2.6827199999999998,-0.4354479242994257,,5.993138537068411,23.031166,58.298189,7.521204095008441,146.05413635523757,325.9419238589844,-2.354506155302783,0.0015054337488465959,0.04626890194096799
2026-07-15T15:03:55+03:00,13.91,293.98,-119.99942117550692,5.90976,106.99986824068124,75.26946554633625,-2.965457660258602,2.6244,2.5855200000000003,-0.3609634109324186,,5.557690612768986,23.031213,58.298185,7.571132106658688,137.46869178618653,329.5311764544947,-1.9339415206560056,0.0015039097058898874,0.04777281164685788
2026-07-15T15:03:57+03:00,13.98,293.97,-112.00093035548062,6.492959999999999,104.99451595772337,70.11857496811014,-3.6319221675547753,2.37168,2.60496,-0.3609634109324186,,5.626445548184684,23.031258,58.298178,7.70202314220909,128.5899897782531,336.4045261794703,-1.4793189090177472,0.0014823608411562129,0.049255172488014094
2026-07-15T15:03:59+03:00,13.98,293.98,-110.00130765047405,6.804,101.99794668918915,65.54637176296617,-2.368894003968389,2.44944,2.64384,-0.4068000345428845,,6.285347012585132,23.031306,58.298172,7.980920722266863,126.7635284919767,335.23441819721245,-1.4660235769177064,0.0015584566057327224,0.050813629093746815
2026-07-15T15:04:01+03:00,13.98,293.99,-106.00206224046092,7.095599999999999,83.99561276617868,61.32367281285201,-3.0339834125562484,2.46888,2.6632800000000003,-0.492743703812508,,8.027138709782834,23.031358,58.298174,8.130279968206302,122.97370374052115,321.0219090256575,-1.34369797480892,0.0016468930880917697,0.05246052218183858
2026-07-15T15:04:03+03:00,13.98,293.98,-99.99746454748988,7.095599999999999,82.99866620265107,58.57347539622406,-1.766371586608815,2.5855200000000003,2.7215999999999996,-0.44117750225073393,,7.219268218648373,23.0314,58.298174,7.962555428128325,118.64703996806804,324.351626234583,-1.2395306654120124,0.001326634293441287,0.05378715647527987
2026-07-15T15:04:05+03:00,13.98,293.99,-97.00089527895568,7.795439999999999,66.99595498464716,57.857278152310535,-1.5592473436690222,2.5855200000000003,2.44944,-0.41252961249419273,,6.543178020394001,23.031443,58.298182,8.506882020895754,114.5586316287584,312.43732335588874,-1.0746046876711166,0.0014408301059207383,0.05522798658120061
2026-07-15T15:04:07+03:00,13.98,293.99,-95.00127257394911,7.698239999999999,73.99749924114583,57.16972879815355,-1.511519959334625,2.7799199999999997,2.8188,-0.41252961249419273,,6.359831525952138,23.031488,58.298189,8.409646410955983,114.22785231183727,319.7696469293086,-1.1407857077741093,0.0014823606872013157,0.05671034726840193
2026-07-15T15:04:09+03:00,13.98,293.99,-89.99935102245702,7.60104,81.99599006117212,57.79998237279744,0.2577164162498443,2.64384,2.7215999999999996,-0.4239887683968092,,5.844169510334397,23.03154,58.298195,8.047685616508877,109.17842908879463,332.81756097237746,-0.8685307374263563,0.0016816265782139206,0.05839197384661585
2026-07-15T15:04:11+03:00,13.98,294.0,-84.0004829074373,7.795439999999999,70.99520039466032,59.97722199429457,-0.6659488452805559,3.36312,2.6244,-0.3609634109324186,,5.059217331005169,23.031595,58.298203,8.160824404368345,108.19578412836785,322.7994162662925,-1.0501847270821567,0.0018025796090477856,0.06019455345566363
2026-07-15T15:04:13+03:00,13.98,294.0,-82.00086020243072,7.698239999999999,71.99787653613924,59.914196636830184,0.3385607611428034,3.38256,2.7215999999999996,-0.37242256683503505,,5.483206099401978,23.031643,58.298211,7.966010143102462,106.86655077263288,325.13132576350637,-0.9814279906202592,0.0015905801101536686,0.0617851335658173
2026-07-15T15:04:15+03:00,13.83,294.0,-87.99972831745043,7.3094399999999995,68.99557768965373,61.43826437187818,0.40874809104632925,3.12984,2.74104,-0.320856365273261,,5.2540229813496495,23.031704,58.29822,7.850272401583408,111.48097949533792,317.5145981943158,-1.1461234190696725,0.00200127813070497,0.06378641169652227
2026-07-15T15:04:17+03:00,13.83,293.99,-93.99859643247017,7.1928,75.99712194615239,62.25759401891525,0.9034398513622822,3.6741599999999996,2.8771199999999997,-0.38388172273765153,,5.368614540375813,23.03175,58.298229,8.301897979601996,120.19767081311292,315.7994511330395,-1.8480466758753622,0.0015504173659942598,0.06533682906251653
2026-07-15T15:04:19+03:00,13.83,294.0,-91.99897372746359,6.9984,80.99904349764448,61.12886716250753,-0.11029437556268348,1.8273599999999999,2.89656,-0.40107045659157625,,5.368614540375813,23.031781,58.298234,7.294451344521589,106.49786390654177,334.5011795911027,-0.5189329580543892,0.0010242649087511197,0.06636109397126765
2026-07-15T15:04:21+03:00,13.83,294.0,-87.99972831745043,6.901199999999999,64.99633227964058,59.40999377711506,-1.5874941629689718,1.73016,2.95488,-0.40107045659157625,,5.208186357739183,23.031813,58.298239,7.055954176530238,102.18488690812364,322.8114453715169,-0.3651796339633186,0.0010545016704813898,0.06741559564174904
2026-07-15T15:04:23+03:00,13.83,294.0,-82.99780676595836,6.9984,62.99670957463401,56.32175126135992,-2.195058608925697,1.9245599999999998,2.7799199999999997,-0.395340878640268,,6.050434316581493,23.031842,58.298247,7.028344950577902,98.76837769603874,324.22833187859527,-0.29338068968675207,0.001034552048224277,0.06845014768997332
2026-07-15T15:04:25+03:00,13.83,294.0,-84.99742947096492,6.7068,79.99636735616555,54.11586375010625,-0.48174291414599624,3.0326400000000002,2.6632800000000003,-0.4068000345428845,,5.970220225263178,23.031883,58.298253,7.115537802068819,110.12127091665147,329.8750964395141,-1.0432533531024002,0.0013443240890747552,0.06979447177904807
2026-07-15T15:04:27+03:00,13.83,294.0,-78.00161479241758,6.7068,67.99863112612611,53.08453971887077,-0.4944625771979005,2.21616,2.7799199999999997,-0.34377467707849396,,5.196727201836567,23.03193,58.298258,6.611567574650814,97.14124975612238,330.85738137000374,-0.27550385431600466,0.0015146789458634576,0.07130915072491154
2026-07-15T15:04:29+03:00,13.83,294.0,-78.99856135594521,6.29856,63.999385716112954,52.04175653173267,-0.39935158320618375,2.8576799999999998,2.8771199999999997,-0.38388172273765153,,5.695200483600383,23.03197,58.298269,6.400660975786154,104.99156586359258,319.00781985252036,-0.7392156740960247,0.0014260054897636352,0.07273515621467518
2026-07-15T15:04:31+03:00,13.83,294.01,-72.9996932409255,6.39576,65.99900842111953,50.72395360293178,-0.5927821348423497,3.57696,2.6244,-0.4239887683968092,,6.623392111712317,23.032029,58.298282,6.3500203720177275,105.59383274981559,320.40517567130394,-0.9615445993569227,0.0020207897726346228,0.0747559459873098
2026-07-15T15:04:33+03:00,13.83,294.0,-76.99893865093864,6.492959999999999,56.99784145961429,49.72127746145284,-0.7824311650306521,3.0132,2.7215999999999996,-0.4469070802020421,,6.9385188990342685,23.032078,58.298295,6.514218953255105,103.78755102915919,313.2102904304551,-0.7181132010210505,0.001733802204340074,0.07648974819164987
2026-07-15T15:04:35+03:00,13.83,294.0,-78.99856135594521,6.804,67.99863112612611,50.809897272201404,0.4840347453265195,2.50776,2.7993599999999996,-0.4239887683968092,,6.640580845566242,23.032117,58.298304,6.787559503543021,100.26308621607876,327.73554491004734,-0.4468033192615933,0.001345419064552069,0.07783516725620195
2026-07-15T15:04:37+03:00,13.83,294.01,-80.99818406095179,6.9984,63.999385716112954,53.41112566209534,1.6949237495560014,3.0132,2.74104,-0.4239887683968092,,6.480152662929611,23.032184,58.29831,7.173423751171538,105.50974647142647,318.4896392446865,-0.8057365907028723,0.0021467993537347785,0.07998196660993673
2026-07-15T15:04:39+03:00,13.83,294.0,-87.00278175392282,7.095599999999999,64.99633227964058,56.138404766918065,1.2417714293870332,3.14928,2.7215999999999996,-0.4526366581533504,,6.674958313274091,23.032256,58.29832,7.611088550428452,111.40937527957797,313.5869570000626,-1.1495789311161013,0.002352312824445723,0.08233427943438246
2026-07-15T15:04:41+03:00,13.83,294.0,-91.00202716393596,7.095599999999999,63.999385716112954,58.000517601093236,0.16598587324939948,3.1104000000000003,2.8771199999999997,-0.4812845479098915,,6.365561103903446,23.032306,58.298325,7.797053520393335,114.5088905993617,309.4904951167513,-1.2903010314890755,0.0016076612907053177,0.08394194072508777
2026-07-15T15:04:43+03:00,13.83,294.0,-93.00164986894255,6.901199999999999,58.99746416462087,56.29310337160338,-0.567915766533672,2.6827199999999998,2.99376,-0.4354479242994257,,6.285347012585132,23.032369,58.298333,7.534089677952304,113.83119674068713,305.16626742393373,-1.0839353612702554,0.0020472176363728594,0.08598915836146064
2026-07-15T15:04:45+03:00,13.83,293.99,-87.99972831745043,6.804,76.99979808763133,56.992111881662986,0.7261667095488054,3.9851999999999994,2.916,-0.37242256683503505,,5.483206099401978,23.032422,58.298342,7.764235786394457,118.8611757609542,318.13862232667714,-1.9236123946075874,0.001759314191777377,0.08774847255323802
2026-07-15T15:04:47+03:00,13.83,294.0,-84.99742947096492,6.492959999999999,69.99825383113267,58.298455654561266,-0.3554057203196497,3.38256,2.83824,-0.41252961249419273,,6.056163894532801,23.032483,58.298351,7.054778916999894,113.52909128067297,316.4691625504597,-1.3503674873378382,0.0020012712636612515,0.08974974381689926
2026-07-15T15:04:49+03:00,13.68,293.99,-89.00240445892939,6.39576,73.99749924114583,58.47034299310051,-0.21990120177120995,2.8188,2.97432,-0.4469070802020421,,6.640580845566242,23.032531,58.298361,6.944322538107001,112.9469834700428,321.05051577110305,-1.098991506507822,0.001630948032304378,0.09138069184920364
2026-07-15T15:04:51+03:00,13.68,293.99,-91.00202716393596,6.29856,65.99900842111953,57.926033087726225,-0.1386557864216592,2.8576799999999998,3.1687199999999995,-0.46982539200727513,,6.823927340008105,23.032574,58.298372,6.961876731802685,115.23279309547493,310.76621532564457,-1.2182206889796154,0.001510598948713631,0.09289129079791728
2026-07-15T15:04:53+03:00,13.72,294.0,-89.99935102245702,6.804,72.99482309966687,57.15254006429962,-0.3721360879374697,3.44088,3.18816,-0.45836623610465854,,6.657769579420166,23.032617,58.298381,7.624535449079856,116.825858804483,316.16896429518386,-1.5528014884849772,0.0014619817504194017,0.09435327254833668
2026-07-15T15:04:55+03:00,13.72,294.01,-84.0004829074373,7.095599999999999,66.99595498464716,56.940545680101216,-0.05294130027008807,3.2076,3.09096,-0.4068000345428845,,6.124918829948499,23.032671,58.29839,7.475193315425097,109.2619025062871,317.73405247836007,-1.0581447753553133,0.0017893944232319243,0.0961426669715686
2026-07-15T15:04:57+03:00,13.8,293.99,-84.99742947096492,6.804,74.99444580467346,58.189593673486414,0.06864034385667263,3.2076,3.12984,-0.4640958140559668,,6.835386495910721,23.032728,58.298399,7.2647711670394965,111.09149425700912,323.9029515476643,-1.1542814965418189,0.0018799371945992839,0.09802260416616788
2026-07-15T15:04:59+03:00,13.76,294.0,-89.00240445892939,6.901199999999999,74.99444580467346,58.14375704987594,-1.0098381139180759,3.2076,3.2076,-0.4526366581533504,,8.388102120715253,23.032772,58.298407,7.559395069652239,114.10594315817288,320.88850264650057,-1.3100644930305094,0.0014706350636872034,0.09949323922985509
2026-07-15T15:05:01+03:00,13.83,294.01,-89.99935102245702,7.3094399999999995,78.9994207926379,57.23848373356924,0.20196762278361519,3.51864,3.2270399999999997,-0.5844169510334397,,8.674581018280664,23.032827,58.298412,8.112222748975817,115.70484506715725,323.2945757254806,-1.5261583064966329,0.0017630521199673767,0.10125629134982246
2026-07-15T15:05:03+03:00,13.83,294.0,-89.99935102245702,7.892639999999999,75.99712194615239,55.84619629140134,-0.31730402694344995,3.2270399999999997,3.26592,-0.6359831525952138,,8.0042203979776,23.032863,58.298417,8.526838590434707,112.23747668912357,323.7596452570288,-1.2212613806651618,0.0011761533211447927,0.10243244467096725
2026-07-15T15:05:05+03:00,13.83,293.99,-87.99972831745043,8.10648,64.99633227964058,55.536799082030704,-0.18856041037755394,3.2270399999999997,3.36312,0.045836623610465865,,6.371290681854754,23.032905,58.298431,8.61989675514162,109.97108042294653,315.02525185669407,-1.102181950680966,0.001571009053877939,0.1040034537248452
2026-07-15T15:05:07+03:00,13.83,294.0,-87.99972831745043,8.49528,69.99825383113267,56.76865834156197,0.8127979281725858,3.38256,3.402,-0.3781521447863433,,7.207809062745755,23.032963,58.298438,9.033575845911345,109.9755268243278,320.02272700680487,-1.1555458655102862,0.001879701402348046,0.10588315512719323
2026-07-15T15:05:09+03:00,13.98,293.99,-89.00240445892939,8.30088,73.99749924114583,57.72549785943045,0.19921742536698722,2.97432,3.2270399999999997,-0.4354479242994257,,5.471746943499363,23.033013,58.298444,8.768778631953186,108.82706907233712,325.1704301688087,-0.9598514280459869,0.0016199692699089279,0.10750312439710216
2026-07-15T15:05:11+03:00,13.98,293.99,-89.99935102245702,8.30088,81.99599006117212,58.83130640403292,-1.1676306906971048,3.3047999999999997,3.36312,-0.320856365273261,,4.142484858795853,23.033065,58.298448,8.934522391497758,111.70825014092316,330.28773992024895,-1.2223812125962543,0.0016599911057611984,0.10916311550286337
2026-07-15T15:05:13+03:00,13.98,293.99,-89.00240445892939,8.39808,78.9994207926379,58.01197675699585,-0.32836211238947477,3.5575200000000002,3.2076,-0.40107045659157625,,5.517583567109828,23.033126,58.298454,9.063298265431484,112.11005042045531,326.8893703721826,-1.3390035063034444,0.0019602251287930204,0.11112334063165638
2026-07-15T15:05:15+03:00,13.98,293.98,-87.99972831745043,7.503839999999999,71.99787653613924,57.479126007524194,-0.45447012309776896,3.09096,3.26592,-0.5213915935690492,,7.477099226457244,23.03318,58.298461,8.015142291367479,110.66861876540575,321.3292577707335,-1.0909927915879638,0.001756788707301238,0.11288012933895762
2026-07-15T15:05:17+03:00,13.98,293.98,-89.00240445892939,7.3094399999999995,67.99863112612611,57.04940766117607,-1.5008629443451913,3.12984,3.1104000000000003,-0.5614986392282068,,8.20475562627339,23.033233,58.298472,7.901088582696995,112.33498186317942,315.6636492629467,-1.1894048463641689,0.0017999120799399308,0.11468004141889755
2026-07-15T15:05:19+03:00,13.98,293.99,-89.00240445892939,7.892639999999999,65.99900842111953,55.748793466229095,-0.09602772646392597,3.12984,3.3242399999999996,-0.6130648407899808,,8.233403516029929,23.033273,58.298484,8.439756778454413,110.76666496002908,315.23234346109047,-1.1097255067401102,0.001454843589182078,0.11613488500807963
2026-07-15T15:05:21+03:00,13.83,293.97,-89.99935102245702,8.00928,65.99900842111953,54.35077644610989,-0.5728432035717971,3.44088,3.402,-0.5614986392282068,,7.763578124022655,23.033327,58.298499,8.717086496253641,113.24837568086856,312.750632740251,-1.3581766137885634,0.0019292946858119134,0.11806417969389155
2026-07-15T15:05:23+03:00,13.83,293.97,-91.00202716393596,8.30088,66.99595498464716,53.39966650619273,-1.1537078162754257,3.53808,3.57696,-0.5156620156177408,,7.064569613963052,23.033382,58.298515,9.080188455762567,113.93093759376815,313.065017390879,-1.43516975617523,0.001985679915533637,0.12004985960942519
2026-07-15T15:05:25+03:00,13.83,293.98,-89.99935102245702,8.80632,70.99520039466032,54.00127219108009,0.2070669471602795,3.3047999999999997,3.6741599999999996,-0.5213915935690492,,6.233780811023356,23.033437,58.298525,9.405972341662201,110.56933600175483,320.4258643929055,-1.1611105155479502,0.00183828840154079,0.12188814801096598
2026-07-15T15:05:27+03:00,13.83,293.99,-91.00202716393596,8.30088,70.99520039466032,54.511204628746526,0.004469070802020421,3.53808,3.5964,-0.44117750225073393,,5.007651129443396,23.033493,58.298538,9.080188455762567,113.93093759376815,317.06426280089215,-1.43516975617523,0.0019337369092556275,0.12382188492022161
2026-07-15T15:05:29+03:00,13.83,293.98,-89.99935102245702,8.39808,67.99863112612611,55.336263853734906,-0.044977186917769627,3.36312,3.5964,-0.41252961249419273,,5.156620156177409,23.033547,58.298548,9.04641829667714,111.82371363904605,316.17491748708005,-1.2502468769747093,0.0018084668421821776,0.12563035176240378
2026-07-15T15:05:31+03:00,13.68,293.97,-93.00164986894255,8.203679999999999,68.99557768965373,55.479503302517614,-0.14828147737985706,3.6935999999999996,3.4992,-0.6130648407899808,,8.021409131831525,23.03361,58.298563,9.171502852862558,116.71575489537942,312.2798227942743,-1.660511940426395,0.0021846583970852192,0.127815010159489
2026-07-15T15:05:33+03:00,13.68,293.98,-95.00127257394911,7.503839999999999,68.99557768965373,54.373694757915125,-0.6483590409700396,3.86856,3.6547199999999997,-0.6302535746439055,,8.250592249883853,23.033684,58.298583,8.73697622541602,121.17500295777307,307.82057473188064,-2.0025747117000163,0.002628403683073027,0.13044341384256203
2026-07-15T15:05:35+03:00,13.46,293.98,-89.00240445892939,7.095599999999999,69.99825383113267,52.58033685915564,-1.041866454665889,3.46032,4.02408,-0.5156620156177408,,6.474423084978302,23.033747,58.298593,7.84005069022508,115.18910655167593,314.80914727945674,-1.4727372870490822,0.002078727457100261,0.13252214129966228
2026-07-15T15:05:36+03:00,13.23,293.98,-89.99935102245702,6.901199999999999,68.99557768965373,52.03029737583006,0.1410049133816956,3.7713599999999996,4.101839999999999,-0.4297183463481174,,8.015679553880217,23.033805,58.298602,7.864421662567796,118.65517260763508,310.34040508201866,-1.8085069771664488,0.0019101990597669802,0.13443234035942925
2026-07-15T15:05:38+03:00,13.08,293.97,-89.99935102245702,7.3094399999999995,68.99557768965373,52.11624104509968,-0.09230350079557563,3.7713599999999996,3.73248,-0.6016056848873644,,7.333859777674537,23.033873,58.298614,8.224989050591226,117.29129602012222,311.7042816695315,-1.729223458133409,0.002265735186993997,0.13669807554642324
2026-07-15T15:05:40+03:00,13.01,293.97,-89.00240445892939,7.698239999999999,66.99595498464716,52.591796015058264,0.28275467189706127,3.96576,3.8296799999999998,-0.5786873730821314,,7.299482309966689,23.033934,58.298628,8.598086498422942,116.46488061277005,310.53107437187714,-1.7673376930981843,0.0021025025326874185,0.13880057807911067
2026-07-15T15:05:42+03:00,12.78,293.96,-89.00240445892939,8.10648,65.99900842111953,53.239238323556094,0.36113529827095786,3.8296799999999998,3.92688,-0.5844169510334397,,7.139054127330057,23.033996,58.298642,8.905079697668707,114.46936064689287,311.52964777422665,-1.5862786349473974,0.002131485154245646,0.1409320632333563
2026-07-15T15:05:45+03:00,12.67,293.96,-87.99972831745043,8.30088,69.99825383113267,54.07002712649578,0.20340001727144225,3.61584,3.86856,-0.5786873730821314,,6.589014644004467,23.034059,58.298656,8.937764294094698,111.84768855214432,318.1505652789883,-1.34560052808097,0.002160540718865091,0.1430926039522214
2026-07-15T15:05:47+03:00,12.63,293.96,-89.00240445892939,8.49528,66.99595498464716,55.57690612768985,-0.13269702535229866,3.7713599999999996,3.8296799999999998,-0.5271211715203573,,6.583285066053159,23.034117,58.298668,9.234572014176145,113.10261734269488,313.89333764195226,-1.4798029737734166,0.0019688736068625605,0.14506147755908397
2026-07-15T15:05:49+03:00,12.48,293.96,-87.99972831745043,8.30088,70.99520039466032,56.27591463774946,-0.36371360834904665,3.6352800000000003,4.00464,-0.5557690612768985,,6.846845651813337,23.03418,58.298678,8.945016904340187,111.96326478831035,319.03193560635,-1.3596385329987213,0.002078722881873485,0.14714020044095746
2026-07-15T15:05:51+03:00,12.52,293.95,-87.00278175392282,8.203679999999999,74.99444580467346,54.96384128689987,-0.48346178753138863,4.0824,4.02408,-0.5614986392282068,,6.949978054936886,23.034243,58.298689,8.970176525047249,114.03462003148624,320.9598257731872,-1.662714832022308,0.0020968925006220242,0.1492370929415795
2026-07-15T15:05:53+03:00,12.48,293.95,-84.99742947096492,7.892639999999999,66.99595498464716,53.663227091952905,-1.0745250489883458,3.96576,3.9074399999999994,-0.5672282171795151,,6.686417469176707,23.034307,58.298702,8.518345856647489,112.628838650088,314.36711633455917,-1.5258656304250129,0.002167275195883786,0.15140436813746327
2026-07-15T15:05:55+03:00,12.52,293.95,-84.99742947096492,7.795439999999999,67.99863112612611,52.13915935690492,-0.9056743867632924,3.92688,4.23792,-0.6130648407899808,,7.104676659622208,23.034362,58.298716,8.417277120962726,112.69141269090356,315.3072184352226,-1.5148637442606714,0.0019303144871447497,0.15333468262460803
2026-07-15T15:05:57+03:00,12.78,293.95,-82.00086020243072,7.503839999999999,67.99863112612611,50.68957613522394,0.2940992362406516,3.96576,3.9074399999999994,-0.590146528984748,,6.525989286540076,23.034422,58.298731,7.984522930222707,111.4629956914358,316.53563543469033,-1.4510725473366437,0.002098702349656063,0.1554333849742641
2026-07-15T15:05:59+03:00,13.23,293.94,-76.001992087411,6.901199999999999,64.99633227964058,49.98483804721301,-0.085599894592545,3.6547199999999997,3.71304,-0.38961130068895977,,6.543178020394001,23.034481,58.298748,6.984393732074988,106.51477150298517,318.48156077665544,-1.0388999532202043,0.002125335913230719,0.1575587208874948
2026-07-15T15:06:01+03:00,13.61,293.95,-74.99931594593207,6.804,66.99595498464716,49.136860510419396,-0.43791164281848816,3.9851999999999994,3.9463199999999996,-1.1631043241155712,,8.94387118199215,23.034543,58.298761,6.938277676935323,108.69664177191612,318.299313212731,-1.2774856374794994,0.0021084718986300105,0.15966719278612482
2026-07-15T15:06:03+03:00,13.57,293.95,-74.99931594593207,6.9984,64.99633227964058,47.607063197420096,-0.5235115374110331,3.92688,4.00464,-0.26929016371148695,,8.640203550572814,23.034604,58.298776,7.083197648088228,107.37724145872939,317.6190908209112,-1.1728087879043507,0.002127266119340814,0.16179445890546562
2026-07-15T15:06:05+03:00,13.61,293.94,-76.99893865093864,7.3094399999999995,58.99746416462087,46.34655604813229,-1.2531159937306235,3.81024,3.9463199999999996,-0.5958761069360561,,7.448451336700702,23.034665,58.298793,7.444107646138884,106.91466846644228,312.0827956981786,-1.1085784338344509,0.0021809369070834813,0.1639753958125491
2026-07-15T15:06:07+03:00,13.68,293.94,-78.00161479241758,7.503839999999999,55.99516531813535,44.58757561708066,-0.7403187670885367,3.44088,4.02408,-0.5844169510334397,,7.150513283232674,23.034714,58.298814,7.577084634408168,104.37350838536459,311.62165693277075,-0.8541710044390581,0.001997177854427854,0.16597257366697696
2026-07-15T15:06:09+03:00,13.68,293.94,-76.001992087411,8.00928,50.998973344594575,43.41874171501378,-0.42078020474407657,3.8491199999999997,4.31568,-0.5271211715203573,,5.867087822139631,23.034774,58.298836,8.003130989079702,103.8203142952206,307.178659049374,-0.9194691617849058,0.0023109049701119334,0.1682834786370889
2026-07-15T15:06:11+03:00,13.68,293.94,-74.00236938240442,8.30088,53.995542613128784,42.181152877531204,0.5429921024454811,3.8491199999999997,4.00464,-0.8938141604040842,,7.7349302342661135,23.034829,58.298858,8.130747172492871,101.07177893407251,312.92376367905626,-0.7391796429033145,0.0021832582306224816,0.17046673686771138
2026-07-15T15:06:13+03:00,13.68,293.92,-72.9996932409255,8.00928,54.99821875460771,41.837378200452704,-0.1546413089058092,3.2076,3.9851999999999994,-0.6187944187412892,,8.20475562627339,23.034867,58.298879,7.708087398593402,96.44981707733649,318.5484016772712,-0.3603191491424982,0.001741821062554197,0.17220855793026557
2026-07-15T15:06:15+03:00,13.68,293.93,-72.9996932409255,8.00928,57.99478802314193,41.45922605566636,-0.09791848718785769,3.71304,4.0629599999999995,-0.641712730546522,,7.414073868992852,23.034917,58.298896,7.781090782923997,100.15062234171515,317.8441656814268,-0.6543731450642442,0.0018810397928251618,0.17408959772309074
2026-07-15T15:06:17+03:00,13.72,293.93,-69.99739439443997,8.49528,55.99516531813535,41.91186271381972,0.20804097541200192,3.7519199999999997,3.81024,-0.6531718864491385,,8.084434489295916,23.034973,58.298915,8.0275231461388,96.04948887287908,319.94567644525625,-0.39540522987141213,0.0021054586946593332,0.17619505641775007
2026-07-15T15:06:19+03:00,13.83,293.92,-67.00082512590576,8.70912,50.998973344594575,44.34693334312571,1.2037843275698596,4.0824,4.276800000000001,-0.5958761069360561,,6.382749837757371,23.035031,58.298938,8.045589311160846,94.84540725053337,316.1535660940612,-0.34483029986184155,0.0022950804073145234,0.1784901368250646
2026-07-15T15:06:21+03:00,13.83,293.92,-69.99739439443997,8.59248,58.99746416462087,46.69606030316209,1.4381240657783663,4.04352,3.92688,-0.5385803274229739,,6.033245582727568,23.035088,58.298958,8.149330886599579,97.78836538766531,321.20909877695556,-0.5479551305231408,0.002164853238279405,0.180654990063344
2026-07-15T15:06:23+03:00,13.87,293.91,-72.9996932409255,8.203679999999999,62.99670957463401,49.54366054496229,2.14177353397853,4.02408,4.1796,-0.6474423084978302,,7.259375264307531,23.03515,58.298977,8.011837690471417,101.70595353385424,321.2907560407798,-0.8164417445711272,0.0022670005726902077,0.18292199063603423
2026-07-15T15:06:25+03:00,13.98,293.92,-76.001992087411,8.30088,61.99976301110639,51.9901903301709,1.3960116678362509,3.92688,4.257359999999999,-0.5557690612768985,,6.462963929075686,23.035212,58.298995,8.279827996484721,103.40115690705917,318.59860610404724,-0.9101233393840362,0.0022373218131069204,0.18515931244914116
2026-07-15T15:06:27+03:00,13.95,293.92,-82.00086020243072,8.203679999999999,62.99670957463401,53.88095105410262,1.2763780802129352,4.1796,4.257359999999999,-0.5271211715203573,,6.090541362240651,23.035281,58.299012,8.673319928322423,110.50373596998298,312.492973604651,-1.4639820395479621,0.0024070746741344413,0.1875663871232756
2026-07-15T15:06:29+03:00,13.91,293.92,-84.0004829074373,7.40664,64.99633227964058,55.63993148515424,1.035678510478476,4.1796,4.257359999999999,-0.5500394833255903,,6.205132921266816,23.03535,58.29903,8.115180793695554,114.81188397298932,310.18444830665123,-1.7539288469629841,0.0024331988418937133,0.18999958596516933
2026-07-15T15:06:31+03:00,13.83,293.91,-84.99742947096492,7.503839999999999,68.99557768965373,57.46193727367026,1.0779054999796178,3.9074399999999994,4.101839999999999,-0.6474423084978302,,6.921330165180344,23.035412,58.299045,8.152430815818255,113.51783983307823,315.4777378565755,-1.5592037141471549,0.0021559028072240033,0.19215548877239333
2026-07-15T15:06:33+03:00,13.38,293.91,-87.00278175392282,7.60104,71.99787653613924,59.266754328332354,1.5956301636598296,4.101839999999999,4.1796,-0.6531718864491385,,7.494287960311168,23.035479,58.299058,8.446326818882152,116.01339625910674,315.9844802770325,-1.7989902407890648,0.0022558988721434747,0.1944113876445368
2026-07-15T15:06:34+03:00,13.23,293.91,-89.00240445892939,8.10648,73.99749924114583,58.65368948754238,0.2193855397555922,3.888,4.31568,-0.641712730546522,,7.053110458060434,23.035542,58.299068,8.929394002299368,114.80996437076575,319.1875348703801,-1.63144348039729,0.0020787018885999983,0.1964900895331368
2026-07-15T15:06:37+03:00,13.31,293.9,-84.99742947096492,8.10648,72.99482309966687,58.590664130077975,0.052311046695444154,4.19904,4.31568,-0.6073352628386726,,6.130648407899808,23.035611,58.299077,8.798320747133861,113.38521961445642,319.60960348521047,-1.6666457011242644,0.002245550923065429,0.19873564045620223
2026-07-15T15:06:39+03:00,13.31,293.9,-89.00240445892939,8.00928,71.99787653613924,58.51045003875968,0.2605239094459853,4.276800000000001,4.276800000000001,-0.544309905374282,,5.511853989158519,23.03569,58.299087,9.013702145096149,117.32306727116196,314.6748092649773,-1.9630823113765856,0.002566646772110942,0.20130228722831317
2026-07-15T15:06:41+03:00,13.23,293.91,-84.99742947096492,7.892639999999999,69.99825383113267,57.90311477592099,-0.36210932652268024,4.1796,4.1796,-0.45836623610465854,,5.047758175102552,23.035763,58.299099,8.602887464502103,113.94350331758504,316.0547505135476,-1.6962306456822014,0.0024159424146563335,0.2037182296429695
2026-07-15T15:06:43+03:00,13.16,293.9,-84.99742947096492,7.60104,68.99557768965373,58.73963315681199,0.5792030350977492,4.45176,4.101839999999999,-0.34377467707849396,,4.274265151675942,23.035837,58.299113,8.46714818853525,116.58262133353719,312.4129563561165,-1.9921085418283946,0.0024842105559749732,0.2062024401989445
2026-07-15T15:06:45+03:00,13.08,293.9,-86.00010561244387,7.60104,69.99825383113267,58.89433176149733,-0.27765534752039694,4.04352,4.21848,-0.29793805346802804,,4.5034482697282705,23.035919,58.299126,8.35691639447125,114.86033169824185,315.1379221328908,-1.6999270539417668,0.0027053322923684823,0.20890777249131298
2026-07-15T15:06:47+03:00,12.93,293.9,-84.99742947096492,8.00928,70.99520039466032,58.78546978042247,-0.034606650825901725,4.00464,4.0824,-0.32658594322456924,,6.531718864491385,23.035984,58.299136,8.63666166439033,112.50804223758313,318.4871581570772,-1.5330286831502746,0.0021392489323652794,0.21104702142367826
2026-07-15T15:06:49+03:00,12.97,293.9,-87.99972831745043,7.795439999999999,73.99749924114583,58.35575143407434,0.07047380880109125,3.6935999999999996,4.101839999999999,-0.4239887683968092,,8.124541534955073,23.036047,58.299146,8.508910264346188,113.71006456181149,320.28743467933435,-1.4852283822409091,0.0020786976901581533,0.2131257191138364
2026-07-15T15:06:51+03:00,13.27,293.89,-89.99935102245702,8.203679999999999,70.99520039466032,57.12962175249439,-0.8520455371390472,3.81024,3.9074399999999994,-0.3666929888837269,,7.4885583823598605,23.036106,58.299158,9.04530741845317,114.9122126762725,316.0829877183878,-1.6049841241597766,0.0019982732122678405,0.21512399232610424
2026-07-15T15:06:53+03:00,13.65,293.89,-86.00010561244387,8.30088,61.99976301110639,56.80876538722112,-0.6258417996213982,3.6741599999999996,4.04352,-0.23491269600363757,,6.06189347248411,23.036171,58.299175,8.840203649446957,110.49467608712442,311.505086923982,-1.286398164386076,0.0022932995309272643,0.2174172918570315
2026-07-15T15:06:55+03:00,13.98,293.88,-80.00123749742416,7.795439999999999,62.99670957463401,55.73160473237518,-0.6650894085878597,3.7908,4.02408,-0.20626480624709637,,5.592068080476835,23.036238,58.299188,8.054648840621967,107.61357197078063,315.38313760385336,-1.1470796652822117,0.002255891579590019,0.21967318343662154
2026-07-15T15:06:57+03:00,13.98,293.9,-76.99893865093864,7.1928,65.99900842111953,53.82365527458954,-0.2207606384639062,3.46032,3.81024,-0.22345354010102106,,6.331183636195597,23.036296,58.299198,7.2464818336707175,104.72705764633082,321.2719507747887,-0.8796642233257155,0.0019280542801781895,0.22160123771679974
2026-07-15T15:06:59+03:00,13.98,293.89,-80.99818406095179,6.7068,65.99900842111953,52.43709741037294,-0.3554630160991628,3.92688,3.81024,-0.2578310078088704,,7.471369648505934,23.036355,58.29921,7.2221837301316825,113.4797270521226,312.51928136899693,-1.5645654396670092,0.001998270658788537,0.22359950837558829
2026-07-15T15:07:01+03:00,14.1,293.89,-82.99780676595836,6.901199999999999,65.99900842111953,51.03908039025373,-1.3775624268330382,3.6741599999999996,4.1796,-0.4239887683968092,,8.880845824527759,23.036418,58.299224,7.412409912790806,112.46860059419016,313.5304078269294,-1.4041796949814018,0.002160511301572469,0.22576001967716075
2026-07-15T15:07:03+03:00,14.13,293.88,-78.99856135594521,7.503839999999999,60.99708686962744,49.154049244273324,-1.8432625227153714,3.61584,3.96576,-0.32658594322456924,,7.603149941386025,23.03647,58.299245,7.682854643181681,106.5140494893151,314.48303738031234,-1.0278041406311202,0.0020714605289974303,0.22783148020615818
2026-07-15T15:07:05+03:00,14.13,293.9,-72.9996932409255,7.892639999999999,54.99821875460771,47.92791956269336,-0.8474045789984875,3.7908,3.6352800000000003,-0.2578310078088704,,6.038975160678876,23.036521,58.299266,7.6921025047228095,101.11727893635005,313.8809398182577,-0.730934059098848,0.0020465062375963684,0.22987798644375454
2026-07-15T15:07:07+03:00,14.13,293.88,-74.99931594593207,8.00928,58.99746416462087,47.18307442902329,0.48821733723097455,3.6935999999999996,3.7908,-0.2864788975654116,,6.955707632888194,23.036584,58.299281,7.904254391576206,101.83084164283216,317.1666225217887,-0.7572727125982905,0.002184621622050818,0.23206260806580536
2026-07-15T15:07:09+03:00,14.13,293.87,-76.99893865093864,7.795439999999999,63.999385716112954,47.326313877805994,0.8597231715938002,3.7519199999999997,3.9463199999999996,-0.29220847551671986,,7.32240062177192,23.036652,58.299292,7.854047079636292,104.7389198807549,319.26046583535805,-0.9545444705074094,0.002247283131674299,0.23430989119747966
2026-07-15T15:07:11+03:00,14.13,293.88,-82.00086020243072,8.30088,60.99708686962744,48.63838722865558,0.14432806859345437,3.81024,3.8491199999999997,-0.29793805346802804,,7.45418091465201,23.036702,58.299307,8.638278091117762,107.90050368939269,313.09658318023475,-1.1711343539339005,0.0018185226477394514,0.23612841384521913
2026-07-15T15:07:13+03:00,14.13,293.86,-84.99742947096492,8.59248,63.999385716112954,49.44052814183874,-0.4827742381772316,3.61584,3.81024,-0.4239887683968092,,9.006896539456541,23.036753,58.299321,9.02698980949298,108.51516773619771,315.48421797991523,-1.1482305737229175,0.001817418360767713,0.23794583220598683
2026-07-15T15:07:15+03:00,14.13,293.87,-82.00086020243072,8.30088,60.99708686962744,48.105536479183925,-0.717572342621843,3.7519199999999997,4.02408,-0.47555496995858326,,9.448074041707274,23.036808,58.29934,8.620531204506161,107.53164521506453,313.46544165456294,-1.1302002566662444,0.0020789763618761694,0.240024808567863
2026-07-15T15:07:17+03:00,14.13,293.87,-76.001992087411,8.00928,58.99746416462087,45.43555315387429,-0.5326788621331263,4.00464,4.02408,-0.45836623610465854,,8.903764136332994,23.036862,58.299357,8.041699387539328,104.89635328970871,314.10111087491214,-1.0294779531554228,0.0019882819427996614,0.24201309051066267
2026-07-15T15:07:19+03:00,14.13,293.86,-67.9977716894334,8.00928,53.995542613128784,43.61927694330957,0.656323154322358,3.81024,4.101839999999999,-0.492743703812508,,8.989707805602617,23.036922,58.299379,7.469962934851545,96.22215035978871,317.7733922533401,-0.4129678447580228,0.0023108811222410696,0.24432397163290373
2026-07-15T15:07:21+03:00,14.13,293.86,-67.00082512590576,7.60104,47.996674498109066,43.286961422133686,1.1377222937912757,3.47976,4.00464,-0.37242256683503505,,7.585961207532098,23.03698,58.299402,7.015391901939304,94.16808894711241,313.82858555099665,-0.25291845155611253,0.002295061233676135,0.24661903286657988
2026-07-15T15:07:23+03:00,14.28,293.86,-71.00007053591892,7.60104,46.99972793458143,46.89086595350658,1.8539195377048046,3.36312,3.96576,-0.24064227395494575,,5.729577951308232,23.03703,58.299423,7.241637297994287,97.04734222233003,309.9523857122514,-0.41261924358992585,0.0020217327240123783,0.24864076559059226
2026-07-15T15:07:25+03:00,14.28,293.85,-76.99893865093864,7.503839999999999,57.99478802314193,49.74992535120938,0.24201737266325976,3.2464799999999996,4.101839999999999,-0.26356058576017866,,6.170755453558966,23.037084,58.299441,7.475712177343275,102.03181301535822,315.9629750077837,-0.6767442327397352,0.002019827757742104,0.25066059334833435
2026-07-15T15:07:27+03:00,14.28,293.86,-80.00123749742416,7.698239999999999,63.999385716112954,50.03640424877479,0.19262841072298278,3.7713599999999996,3.8296799999999998,-0.26929016371148695,,6.503070974734843,23.037146,58.299457,7.962681259978526,107.80441443649211,316.19497127962086,-1.1531637020507035,0.002181703185766498,0.25284229653410084
2026-07-15T15:07:29+03:00,14.28,293.86,-78.00161479241758,7.60104,60.99708686962744,50.764060648590934,0.59576151537703,3.9463199999999996,4.00464,-0.3380450991271857,,7.13332454937875,23.037192,58.299468,7.802423321677711,107.65367813153945,313.343408738088,-1.1967719118478033,0.001596296904238769,0.25443859343833963
2026-07-15T15:07:31+03:00,14.4,293.85,-78.00161479241758,7.795439999999999,66.99595498464716,50.2483986329732,0.13934333577581623,3.9074399999999994,3.9074399999999994,-0.418259190445501,,8.078704911344607,23.037253,58.299481,7.960689816773579,106.69476883695498,320.3011861476922,-1.1225022787111862,0.002079131673650587,0.2565177251119902
2026-07-15T15:07:33+03:00,14.43,293.86,-78.00161479241758,8.39808,61.99976301110639,49.73273661735546,0.9378173190701314,3.86856,3.888,-0.44117750225073393,,8.749065531647672,23.037318,58.299497,8.484446199709584,104.4888178214416,317.51094518966477,-0.9678790881795307,0.0022671389402918983,0.2587848640522821
2026-07-15T15:07:35+03:00,14.43,293.86,-78.99856135594521,8.49528,62.99670957463401,50.51195921873338,0.9037836260393605,3.53808,4.0629599999999995,-0.4068000345428845,,8.0042203979776,23.037381,58.299515,8.556636388128108,102.9455121393306,320.0511974353034,-0.7926160158831651,0.0022649945737190274,0.26104985862600116
2026-07-15T15:07:37+03:00,14.43,293.86,-80.99818406095179,8.49528,62.99670957463401,51.65214523104371,0.7491996129130645,4.0629599999999995,4.101839999999999,-0.38961130068895977,,7.832333059438353,23.037449,58.299531,8.824754198094274,108.04602144456058,314.95068813007344,-1.2586270303585174,0.0023532884197783395,0.2634031470457795
2026-07-15T15:07:39+03:00,14.43,293.85,-84.99742947096492,8.49528,61.99976301110639,52.77514250950013,0.5405283839264186,3.8296799999999998,3.9074399999999994,-0.4297183463481174,,8.250592249883853,23.037508,58.299548,9.009008693542626,110.05161734501598,311.9481456660904,-1.3130692326495679,0.0021252989727653694,0.26552844601854486
2026-07-15T15:07:41+03:00,14.43,293.84,-86.00010561244387,8.49528,65.99900842111953,52.3339650072494,0.4846649989011633,4.374,4.257359999999999,-0.5213915935690492,,8.411020432520486,23.037585,58.299569,9.279963541996333,114.0467337883391,311.9522746327804,-1.7823247318095008,0.0027401202270316747,0.26826856624557655
2026-07-15T15:07:43+03:00,14.43,293.86,-87.00278175392282,8.59248,64.99633227964058,51.60057902948194,0.38995507536603835,4.374,3.9851999999999994,-0.5099324376664327,,8.5599894592545,23.037668,58.299589,9.4356926274476,114.57878680713905,310.4175454725015,-1.819339616330653,0.0028840676284383818,0.27115263387401495
2026-07-15T15:07:45+03:00,14.43,293.85,-86.00010561244387,8.59248,60.99708686962744,53.159024232237776,0.4155662888083861,3.53808,4.02408,-0.4812845479098915,,8.216214782176005,23.037747,58.299606,9.061319872687108,108.92403111401116,312.0730557556163,-1.1474495803770601,0.002696356699762088,0.27384899057377704
2026-07-15T15:07:47+03:00,14.43,293.85,-84.99742947096492,8.70912,64.99633227964058,55.23886102856266,1.0492576102230766,4.16016,3.9851999999999994,-0.4068000345428845,,6.978625944693427,23.037814,58.299625,9.318633289321669,111.40375093820886,313.5925813414317,-1.5181993728885994,0.0024047080872680432,0.2762536986610451
2026-07-15T15:07:49+03:00,14.43,293.85,-87.99972831745043,8.49528,65.99900842111953,58.000517601093236,1.3999077808431404,4.0824,4.0629599999999995,-0.5614986392282068,,7.179161172989215,23.037875,58.299644,9.29595263009429,114.03288936890488,311.96611905221465,-1.662602210476379,0.0022397408245204754,0.2784934394855656
2026-07-15T15:07:51+03:00,14.43,293.85,-93.00164986894255,8.10648,68.99557768965373,59.828252967560566,0.11550829149837395,4.1212800000000005,4.00464,-0.641712730546522,,7.4885583823598605,23.037941,58.299658,9.284335190042812,119.31544766333843,309.6801300263153,-2.01785103629453,0.0022480642976050627,0.28074150378317064
2026-07-15T15:07:53+03:00,14.32,293.85,-95.00127257394911,7.892639999999999,71.99787653613924,58.65941906549369,0.28819777095080407,4.16016,4.04352,-0.641712730546522,,7.608879519337332,23.038009,58.299671,9.237186053267063,121.6587757343762,310.33910080176304,-2.183498903565132,0.0022855204936283596,0.283027024276799
2026-07-15T15:07:55+03:00,14.28,293.86,-93.99859643247017,7.795439999999999,70.99520039466032,57.513503475232035,-0.30057365932562985,4.276800000000001,4.0629599999999995,-0.7448451336700701,,8.548530303351884,23.038072,58.299679,9.149293457281582,121.79350645177723,309.2016939428831,-2.25327258363545,0.0020471440669569273,0.28507416834375593
2026-07-15T15:07:57+03:00,14.28,293.86,-93.99859643247017,7.60104,67.99863112612611,57.135351330445694,-0.2663107831768067,4.0629599999999995,3.9074399999999994,-0.7276563998161455,,8.65739228442674,23.038138,58.299686,8.865127363283706,121.20468918437584,306.7939419417503,-2.1050074363182674,0.002126660181554198,0.28720082852531015
2026-07-15T15:07:59+03:00,14.28,293.87,-93.00164986894255,7.795439999999999,67.99863112612611,57.44474853981633,-0.07952654196415826,4.1796,4.21848,-0.6703606203030631,,8.084434489295916,23.038212,58.299699,9.036050925519458,120.51224244908528,307.48638867704085,-2.1220767795073265,0.002464461743217988,0.2896652902685281
2026-07-15T15:08:01+03:00,14.28,293.88,-93.99859643247017,7.698239999999999,70.99520039466032,55.74306388827779,-1.0939483182432808,3.6547199999999997,4.101839999999999,-0.6875493541569879,,7.975572508221059,23.038262,58.299706,8.74892489140199,118.62607133287548,312.36912906178486,-1.7509446198528107,0.001634347209813386,0.2912996374783415
2026-07-15T15:08:03+03:00,14.28,293.87,-93.00164986894255,7.503839999999999,65.99900842111953,53.382477772338795,-1.1932991999189655,3.96576,4.16016,-0.7219268218648373,,8.239133093981238,23.038324,58.299719,8.668993610856308,120.18485757977578,305.81415084134375,-1.993950475045547,0.0021084226595727714,0.29340806013791426
2026-07-15T15:08:05+03:00,14.28,293.88,-91.99897372746359,7.3094399999999995,62.99670957463401,50.918759253276264,-0.6900130726760504,3.7908,3.9851999999999994,-0.664631042351755,,7.924006306659286,23.038382,58.299736,8.350516144382,118.97924725845044,304.0174623161836,-1.8366152986016713,0.0020976503824925727,0.29550571052040686
2026-07-15T15:08:07+03:00,14.28,293.88,-89.99935102245702,7.503839999999999,63.999385716112954,50.85000431786056,0.07030192146255201,4.00464,3.9851999999999994,-0.6245239966925973,,7.631797831142566,23.038445,58.299753,8.505532054539476,118.08738805296875,305.91199766314423,-1.885455378284099,0.0022368938803496523,0.2977426044007565
2026-07-15T15:08:09+03:00,14.28,293.88,-87.00278175392282,7.892639999999999,62.99670957463401,51.8526804593395,0.7156815818979113,4.33512,3.9851999999999994,-0.6531718864491385,,7.815144325584429,23.038513,58.299768,8.80391635859486,116.45743438308037,306.53927519155366,-1.9314383002249509,0.002329356864244858,0.30007196126500135
2026-07-15T15:08:11+03:00,14.28,293.88,-87.00278175392282,8.00928,61.99976301110639,53.67468624785552,0.9414269531794557,4.5684000000000005,4.0824,-0.6474423084978302,,7.259375264307531,23.038584,58.29979,9.010687535345513,117.42076160623061,304.5790014048758,-2.10384624661037,0.0026033932275212586,0.3026753544925226
2026-07-15T15:08:13+03:00,14.28,293.88,-91.00202716393596,8.10648,68.99557768965373,54.625796187772686,1.267439938608894,3.81024,4.04352,-0.6875493541569879,,7.431262602846777,23.038637,58.299804,9.01738649848606,115.9932297893481,313.0023479003056,-1.6698946050130445,0.0018736176464942832,0.3045489721390169
2026-07-15T15:08:15+03:00,14.28,293.89,-93.00164986894255,8.10648,70.99520039466032,53.85803274229738,-1.5894995152519296,3.71304,4.0824,-0.6818197762056798,,7.373966823333695,23.0387,58.29981,9.091424898026071,117.07155276709604,313.92364762756426,-1.6898151319668013,0.0020222776857406143,0.3065712498247575
2026-07-15T15:08:17+03:00,14.28,293.89,-89.99935102245702,8.10648,66.99595498464716,48.850381612853994,-3.367043778865796,4.29624,3.96576,-0.8078704911344607,,8.697499330085895,23.03877,58.29982,9.174524901199929,117.9220103532382,309.07394463140895,-2.011797216066717,0.002291203640737966,0.30886245346549546
2026-07-15T15:08:19+03:00,14.28,293.9,-84.99742947096492,8.00928,66.99595498464716,41.167017580149654,-2.0090765086262317,4.68504,3.7908,-0.8938141604040842,,10.221567065133888,23.038847,58.299834,8.919303950566297,116.54920371969556,310.4467512649516,-2.0940544717850904,0.002573518873824863,0.3114359723393203
2026-07-15T15:08:21+03:00,14.28,293.9,-80.99818406095179,8.59248,43.99742908809592,38.05585675258928,-1.6817457202679924,4.548959999999999,4.1796,-0.911002894258009,,9.82049660854231,23.038909,58.299861,9.071507164635593,110.68637146564174,293.3110576224542,-1.606930702920633,0.00254335642273767,0.313979328762058
2026-07-15T15:08:23+03:00,14.28,293.9,-78.99856135594521,9.195120000000001,47.996674498109066,35.901535442897384,-0.6356966736976484,4.14072,3.9074399999999994,-0.25210142985756223,,7.987031664123675,23.038957,58.299886,9.336168079888564,104.80696478541844,303.1897097126906,-1.0582159913388118,0.0021346162589318735,0.31611394502098983
2026-07-15T15:08:25+03:00,14.13,293.91,-72.9996932409255,9.195120000000001,35.99893826806962,35.62651570123459,-0.7816290241174689,4.4712,3.9463199999999996,-0.46982539200727513,,8.4912345238388,23.038995,58.29991,8.972221324737694,101.46081616360695,294.5381221044627,-0.8884172909178577,0.0018765935537559764,0.3179905385747458
2026-07-15T15:08:27+03:00,14.13,293.91,-69.00044783091235,9.408959999999999,43.99742908809592,35.9072650208487,0.32939343642071023,3.96576,4.0629599999999995,-0.7505747116213785,,8.216214782176005,23.03904,58.299931,8.80410547592159,93.86833271070321,310.1290963773927,-0.2675454843218707,0.0019009120539912705,0.3198914506287371
2026-07-15T15:08:29+03:00,14.13,293.92,-67.9977716894334,9.408959999999999,45.997051793102486,35.71818894845552,1.1064387981771326,4.29624,4.257359999999999,-0.7333859777674538,,8.13600069085769,23.03909,58.299955,8.757724242298558,95.05225357815765,310.94479821494485,-0.37834508011436135,0.0021389424959280066,0.3220303931246651
2026-07-15T15:08:31+03:00,14.13,293.93,-69.00044783091235,9.195120000000001,47.996674498109066,36.17082560660887,-0.579718697113367,3.9463199999999996,4.00464,-0.7620338675239948,,9.29910501497326,23.039143,58.299981,8.6090701643317,94.33773395454246,313.6589405435666,-0.29848164344616845,0.0022901148523825545,0.32432050797704765
2026-07-15T15:08:33+03:00,14.13,293.93,-72.00274667739787,9.408959999999999,49.99629720311564,35.57494949967281,-0.7712584880256012,3.92688,4.33512,-0.9568395178684748,,11.298727719979832,23.039195,58.300005,9.006511676283562,96.50137258129581,313.49492462181985,-0.44462890382533926,0.002185996260501832,0.32650650423754946
2026-07-15T15:08:35+03:00,14.13,293.94,-72.9996932409255,9.89496,43.99742908809592,34.6639466054148,-0.5996003326044066,4.510079999999999,4.35456,-1.0485127650894066,,11.533640415983472,23.03925,58.300031,9.599750939910786,99.69737778519796,304.30005130289794,-0.7596971215408219,0.002336685855848926,0.3288431900933984
2026-07-15T15:08:37+03:00,14.02,293.94,-72.9996932409255,10.90584,36.99588483159726,34.0336930307709,-0.45888189812027635,4.60728,4.64616,-0.5213915935690492,,10.376265669819208,23.039301,58.300057,10.525335722214532,97.74623026933581,299.24965456226147,-0.6209956291719533,0.0022443512374323168,0.33108754133083074
2026-07-15T15:08:39+03:00,13.98,293.94,-71.00007053591892,11.10024,42.99475294661698,33.672729619838485,-0.7262813011078316,4.996079999999999,4.80168,-0.4239887683968092,,7.752118968120038,23.039354,58.300088,10.586111603336308,97.50242072708528,305.4923322195317,-0.6523285746741456,0.002504854625290127,0.3335923959561209
2026-07-15T15:08:41+03:00,13.98,293.94,-69.00044783091235,10.4976,42.99475294661698,34.371738129898084,0.9020647526539681,4.704479999999999,4.60728,-0.6187944187412892,,6.35410194800083,23.039406,58.300115,9.845604053364696,95.49353330302803,307.50121964358897,-0.4503758955754745,0.002308970020856559,0.33590136597697745
2026-07-15T15:08:43+03:00,14.13,293.95,-67.9977716894334,9.195120000000001,43.99742908809592,35.74683683821206,0.0874906553164767,4.704479999999999,4.58784,-0.6818197762056798,,6.623392111712317,23.039459,58.300146,8.617980432580186,98.40440309721696,305.59302599087897,-0.6876023382189707,0.002504852792207207,0.33840621876918464
2026-07-15T15:08:45+03:00,14.06,293.96,-65.99814898442683,8.70912,46.99972793458143,34.70405365107396,-0.8625306647899412,4.393439999999999,4.31568,-0.8422479588423101,,8.611555660816272,23.039504,58.300175,8.001431275457044,96.10432140344184,310.8954065311396,-0.46719430922282523,0.0022491363370497957,0.34065535510623446
2026-07-15T15:08:47+03:00,13.98,293.96,-65.99814898442683,8.70912,47.996674498109066,29.10052641469451,-4.575870135032807,4.35456,4.45176,-0.985487407625016,,10.066868460448564,23.039556,58.300199,7.997390253609982,95.8273513583653,312.16932313974377,-0.44212375934410686,0.0021859894953233407,0.3428413446015578
2026-07-15T15:08:49+03:00,13.98,293.96,-63.001579715892625,9.50616,41.99780638308934,20.024874939822272,-4.962845829864165,4.21848,4.101839999999999,-1.082890232797256,,11.103922069635354,23.039607,58.300227,8.470724885279846,89.34392871203308,312.65387767105625,0.048303088825537945,0.002329653396902376,0.3451709979984602
2026-07-15T15:08:51+03:00,13.98,293.97,-54.99735931791503,9.992159999999998,30.99701671657754,12.874361656589599,-1.6690260572160882,4.29624,4.62672,-1.0370536091867901,,11.499262948275621,23.039648,58.300258,8.309747087258534,80.0529798625074,310.94403685407013,0.7421216641304094,0.002269137646232276,0.34744013564469245
2026-07-15T15:08:53+03:00,13.98,293.98,-52.00079004938082,10.206,23.995472460078876,10.164271285620805,-2.006612790107169,4.1796,4.74336,-0.9969465635276323,,10.353347358013977,23.039676,58.30029,8.313114880921741,75.34124408154739,308.65422837853146,1.0576962467435336,0.002117016542805966,0.3495571521874984
2026-07-15T15:08:55+03:00,13.83,293.97,-48.00154463936767,10.1088,23.995472460078876,6.308265324390364,-0.4597986305924856,4.0629599999999995,4.45176,-1.0599719209920229,,11.18986573890498,23.0397,58.300322,7.9832656800181425,70.22509293849984,313.770379521579,1.3746042935523737,0.002067428154659215,0.3516245803421576
2026-07-15T15:08:57+03:00,13.83,293.98,-44.999245792882164,9.992159999999998,15.996981640052585,5.551961034817677,-0.7976145466016189,4.52952,4.62672,-1.1860226359208041,,12.456102466144099,23.039724,58.300366,7.506803911044759,70.25468270874019,305.7422989313124,1.530252111855522,0.0027512282721024357,0.35437580861426005
2026-07-15T15:08:59+03:00,13.83,293.98,-44.999245792882164,10.206,12.99468279356707,4.079459501331462,-2.7578750510827046,4.74336,4.68504,-1.4152057539731333,,14.398429391637588,23.03974,58.300413,7.628753823742657,71.08110082795422,301.9135819656129,1.537937096233355,0.0028699060273291,0.35724571464158916
2026-07-15T15:09:01+03:00,13.68,293.99,-42.002676524347955,10.4976,13.99735893504601,354.8499512583727,-6.223868641167593,4.58784,4.5684000000000005,-1.6902254956359284,,16.518373233621634,23.039761,58.300458,7.724586534406277,65.42062130200698,308.57673763303904,1.908328208607173,0.002784983301161905,0.36003069794275105
2026-07-15T15:09:03+03:00,13.68,293.99,-35.99807883137692,11.197439999999999,8.995437383553925,344.31325740591694,-3.611868644725196,4.257359999999999,4.49064,-1.776169164905552,,16.243353491958835,23.039787,58.300506,8.146885092915108,53.88550702039494,315.109930363159,2.5092910480837447,0.0029997618956447694,0.3630304598383958
2026-07-15T15:09:05+03:00,13.76,294.0,-33.00150956284272,11.702879999999999,344.9950771821226,345.67689695832826,3.5652298802015476,4.859999999999999,4.45176,-0.8537071147449266,,13.166570132106319,23.03978,58.300552,8.073300659359543,52.14150441930923,292.85357276281337,2.9826472956975985,0.0027737802968142516,0.36580424013521007
2026-07-15T15:09:07+03:00,13.83,294.01,-35.00113226784929,11.89728,350.99967487509366,354.5692019387587,4.602741855624442,4.19904,4.548959999999999,-1.4152057539731333,,12.948846169956605,23.039765,58.300588,8.793937127466231,50.896784591980605,300.1028902831131,2.648415811928369,0.002215134578974716,0.3680193747141848
2026-07-15T15:09:09+03:00,13.83,294.01,-37.00075497285587,11.60568,1.9996227050065731,0.8594366926962348,1.1217367713071258,4.93776,4.29624,-1.3980170201192088,,13.917144843727696,23.039765,58.300631,8.218325747323762,58.19867314048179,303.8009495645248,2.6020784324351522,0.002584631805953855,0.37060400652013864
2026-07-15T15:09:11+03:00,13.72,294.02,-37.9977015363835,11.39184,11.997736230039438,3.002298846485514,0.20798367963248882,4.1796,4.5684000000000005,-1.3636395524113596,,13.877037798068537,23.039779,58.300674,8.497122087997171,55.62467495086551,316.37306127917395,2.3598506783797046,0.002622183275753579,0.3732261897958922
2026-07-15T15:09:13+03:00,13.68,294.02,-41.00000038286902,11.80008,10.995060088560496,4.8586821027093805,2.312285773809463,4.7628,4.64616,-1.3464508185574346,,13.103544774641927,23.039792,58.300713,8.780355949577523,61.84686311795312,309.1481969706074,2.2472308521283466,0.0023798879907449846,0.37560607778663724
2026-07-15T15:09:15+03:00,13.98,294.01,-42.999623087875584,11.702879999999999,13.99735893504601,10.972141776755265,2.931137488330265,4.60728,4.87944,-1.5412564689019144,,13.475967341476961,23.039811,58.300753,8.90601127713728,63.65894411276935,310.33841482227666,2.0443121670517455,0.0024780679871675066,0.3780841457738047
2026-07-15T15:09:17+03:00,13.98,294.02,-46.0019219343611,11.60568,20.99890319154467,21.54894267487026,7.132923478922158,4.93776,5.13216,-1.673036761782004,,13.65358425796752,23.039843,58.300791,8.914021298700588,69.4849940612394,311.51390913030525,1.7304512574818183,0.0024977161157194493,0.3805818618895242
2026-07-15T15:09:19+03:00,13.98,294.02,-56.00003545939396,11.39184,26.997771306564392,37.13912428037996,8.743794319932467,4.58784,5.03496,-1.3349916626548182,,9.293375437021954,23.039876,58.300829,9.610988515097707,79.31243381210483,307.68533749445953,0.8508304040197722,0.00251066226727618,0.3830925241568004
2026-07-15T15:09:21+03:00,13.98,294.03,-65.0012024208992,11.60568,38.995507536603824,53.76635949507645,5.618023068596262,4.78224,5.13216,-0.8021409131831525,,5.832710354431781,23.039932,58.300862,10.519132203079476,89.33377636327432,309.6617311733295,0.055605658164171505,0.0026575988863714066,0.3857501230431718
2026-07-15T15:09:23+03:00,13.98,294.03,-72.9996932409255,11.00304,69.99825383113267,59.29540221808889,0.5112502405952336,4.14072,5.1127199999999995,-0.7792226013779195,,5.781144152870006,23.04,58.30088,10.56270695224791,95.01680114519365,334.981452685939,-0.3620970964378772,0.002404848165333379,0.3881549712085052
2026-07-15T15:09:25+03:00,13.98,294.03,-74.99931594593207,9.992159999999998,74.99444580467346,58.15521620577855,-0.40943564040048624,4.16016,4.84056,-0.9396507840145503,,7.792226013779196,23.040078,58.300887,9.779138216731265,99.26163326577488,335.7328125388986,-0.6695484679585165,0.0024992330012625625,0.3906542042097677
2026-07-15T15:09:27+03:00,13.98,294.03,-76.001992087411,9.00072,67.99863112612611,56.22434843618768,-0.7123584266861526,4.957199999999999,5.1127199999999995,-0.7620338675239948,,7.053110458060434,23.040167,58.300897,9.165232235639827,107.65734371269743,320.3412874134287,-1.5036363807363642,0.0028745316612546843,0.3935287358710224
2026-07-15T15:09:29+03:00,13.98,294.04,-78.99856135594521,9.00072,65.99900842111953,55.680038530813405,-0.7229008501165596,4.93776,5.09328,-0.6875493541569879,,6.130648407899808,23.040246,58.300918,9.403820729271603,110.02479421346698,315.97421420765255,-1.690821131271261,0.002796255531013285,0.39632499140203564
2026-07-15T15:09:31+03:00,13.98,294.03,-78.99856135594521,9.195120000000001,68.99557768965373,54.67736238933446,0.3576402557206599,5.20992,4.859999999999999,-0.8193296470370772,,7.373966823333695,23.040326,58.300938,9.664854185879673,110.94671864298024,318.0488590466735,-1.8625444488813538,0.00279812765435176,0.3991231190563874
2026-07-15T15:09:33+03:00,13.98,294.04,-78.00161479241758,8.90352,67.99863112612611,52.672010106376575,0.3845692720918086,5.46264,5.09328,-0.8307888029396938,,7.969842930269751,23.040415,58.300956,9.428228810876035,112.52442262989791,315.4742084962282,-2.0926128693394817,0.0030120102464312863,0.4021351293028187
2026-07-15T15:09:35+03:00,14.13,294.05,-78.99856135594521,8.70912,65.99900842111953,45.98559263719987,-8.177482835225161,4.29624,5.1710400000000005,-1.3120733508495852,,9.161595144141863,23.040486,58.300973,8.945714441088077,107.12577487163563,318.87323354948387,-1.265114931498901,0.0024643044696424712,0.40459943377246116
2026-07-15T15:09:36+03:00,14.13,294.05,-72.9996932409255,8.70912,56.99784145961429,25.233061297561456,-9.651588650537743,4.723920000000001,4.60728,-1.5870930925123803,,12.473291199998021,23.040561,58.300994,8.608526737838242,104.65247925586553,312.3453622037488,-1.1949420739815382,0.0026841250213707406,0.4072835587938319
2026-07-15T15:09:38+03:00,14.13,294.06,-59.999280869407116,9.29232,57.99478802314193,2.8762481315567325,-11.287383155636244,4.00464,4.68504,-1.4667719555349077,,12.146705256773451,23.04062,58.301012,8.072864868081414,85.44139654984814,332.5533914732938,0.3182836798628438,0.0021547763920076245,0.4094383351858395
2026-07-15T15:09:40+03:00,14.13,294.05,-48.99849120289531,10.808639999999999,15.996981640052585,342.7318938913558,-11.932247154055986,4.00464,4.45176,-1.552715624804531,,9.293375437021954,23.040653,58.301043,8.721666546012974,69.27337485977125,306.72360678028133,1.4172801522353284,0.0021350322756368226,0.4115733674614763
2026-07-15T15:09:42+03:00,14.1,294.05,-37.00075497285587,11.80008,346.9946998871292,314.8746858920952,-16.251145717972616,3.7908,3.5964,-1.5870930925123803,,7.253645686356221,23.04066,58.301081,9.064438476914695,51.578110780511565,295.4165891066176,2.3557818045429006,0.0022947683133610723,0.4138681357748374
2026-07-15T15:09:44+03:00,13.83,294.06,-16.99879834483883,12.30552,316.9946297340793,283.21876771111727,-14.662219160515821,3.3047999999999997,3.1687199999999995,-1.2146705256773451,,5.18526804593395,23.040627,58.301116,9.195998883695236,23.029622785931792,293.9650069481475,3.0414164175604204,0.0023478019461381236,0.41621593772097554
2026-07-15T15:09:46+03:00,13.5,294.06,-1.998763268313877,11.89728,298.9980253890201,255.65949776532466,-13.322414652381902,3.57696,3.46032,-0.5958761069360561,,-1.478231111437524,23.040577,58.301132,8.323431314830144,2.8575814214038076,296.1404439676163,3.5725121920657434,0.0018489912141628456,0.41806492893513836
2026-07-15T15:09:48+03:00,13.23,294.07,20.99890319154467,11.197439999999999,268.99795523597015,234.64913541787732,-8.964841437293938,3.2464799999999996,3.36312,0.06302535746439056,,-6.073352628386726,23.040516,58.301136,8.249016307512454,29.106478892684578,298.1044341286547,2.8365054921139716,0.0019415614599326394,0.420006490395071
2026-07-15T15:09:50+03:00,13.08,294.07,45.00010522957485,11.00304,242.99713049293345,218.90998478563364,-6.398448881343954,3.6935999999999996,3.51864,0.320856365273261,,-5.076406064859094,23.040446,58.301126,8.788336864679057,62.288796559345286,305.28592705227874,1.717580009697638,0.002291124296936128,0.4222976146920071
2026-07-15T15:09:52+03:00,12.9,294.07,61.002816447578745,11.10024,225.9974727114019,209.78276710919963,-3.205928046875008,4.14072,3.7908,0.41252961249419273,,-4.927437038125079,23.040384,58.301102,9.787657894119793,82.71982354786459,308.7172962592665,0.5247179150512301,0.0024322022833027823,0.42472981697530987
2026-07-15T15:09:54+03:00,12.78,294.07,69.00130726760504,10.5948,219.99860459638222,209.3358600289976,1.063409667762808,4.49064,3.8491199999999997,0.45836623610465854,,-6.921330165180344,23.040327,58.301072,9.915503393164734,94.01366102531618,314.0122656216984,-0.31431929687797183,0.002548071130840267,0.42727788810615014
2026-07-15T15:09:56+03:00,12.75,294.08,69.99825383113267,9.992159999999998,216.9963057498967,211.78811939215748,-0.439172149967776,4.52952,4.45176,0.37242256683503505,,-7.087487925768284,23.040275,58.301045,9.455039409632427,96.75239887553259,313.7487046254293,-0.5325763207418431,0.002308938425869267,0.4295868265320194
2026-07-15T15:09:58+03:00,13.8,294.07,69.99825383113267,10.4976,220.99555115990984,210.8885756538021,-1.1342272512409777,4.41288,4.68504,0.25210142985756223,,-5.6092568143307595,23.040224,58.301018,9.898612836966523,94.76453418269597,315.7600853426058,-0.3665382387448845,0.0022865811484913444,0.43187340768051075
2026-07-15T15:10:00+03:00,13.98,294.08,69.99825383113267,10.4976,219.99860459638222,210.99170805692566,1.4905497040328366,4.43232,4.58784,0.2578310078088704,,-6.021786426824952,23.040169,58.300987,9.900246497275173,94.87665076317667,314.8752553595589,-0.3767954429853207,0.0025474732745169623,0.43442088095502773
2026-07-15T15:10:02+03:00,13.98,294.09,69.00130726760504,10.206,217.99898189137562,212.46420959041188,1.3848389908311998,4.723920000000001,4.49064,0.20053522829578813,,-6.079082206338034,23.040115,58.300954,9.587721531962796,96.3873780943543,314.38635998572994,-0.5255361405349447,0.0026159794463322173,0.43703686040136
2026-07-15T15:10:04+03:00,13.98,294.09,67.00168456259847,10.303199999999999,220.99555115990984,214.24610833326875,0.6454369562148724,4.74336,4.89888,0.18334649444186346,,-6.554637176296618,23.040056,58.30092,9.511392268852081,94.32842787618969,315.32397903609956,-0.3579978907967529,0.0027656894820021947,0.43980254988336215
2026-07-15T15:10:06+03:00,13.98,294.09,63.999385716112954,10.5948,221.99822730138877,216.19416483671353,0.12438913732290173,4.996079999999999,4.97664,0.20626480624709637,,-6.583285066053159,23.039994,58.300886,9.528979406818523,92.1141163670904,314.1123436684792,-0.18430498755502345,0.0028303988180737637,0.44263294870143594
2026-07-15T15:10:08+03:00,13.98,294.09,63.002439152585325,10.692,224.99479656992298,214.07422099472947,-4.186602609020925,5.03496,5.1127199999999995,0.02864788975654116,,-5.042028597151244,23.039932,58.300854,9.528573327425194,91.09022643612413,316.0850230060471,-0.09579964360793615,0.0027448600808132315,0.44537780878224914
2026-07-15T15:10:10+03:00,13.98,294.09,65.0020618575919,10.5948,230.99939426289401,206.7002541713958,-1.1545099571886088,4.996079999999999,5.07384,0.08594366926962349,,-4.136755280844544,23.039869,58.300819,9.616319442451976,93.09302140512406,324.0924156680181,-0.2695744446046546,0.0028957139758031985,0.4482735227580523
2026-07-15T15:10:12+03:00,13.98,294.09,69.00130726760504,10.4004,213.99973648136248,203.97297506657304,1.2288225832170767,4.97664,4.82112,0.12032113697747288,,-5.173808890031334,23.039816,58.300778,9.789785698607917,97.33396552646141,311.3337020078239,-0.6352809927206485,0.002979177195481252,0.45125269995353356
2026-07-15T15:10:14+03:00,13.76,294.09,69.99825383113267,10.1088,210.99743763487695,206.7861978406654,0.04428963756361264,5.28768,5.50152,0.13178029288008933,,-6.457234351124377,23.039764,58.300737,9.673724523049811,100.90434313131783,311.90178076619475,-1.000269774281004,0.002961546743319265,0.45421424669685284
2026-07-15T15:10:16+03:00,13.57,294.1,69.00130726760504,10.206,212.99706033988352,208.05816414585584,0.6123199956563108,4.97664,5.19048,0.11459155902616464,,-6.313994902341673,23.039713,58.300698,9.619115921628776,97.88351775773548,310.880578097619,-0.682593957195425,0.002844283029845669,0.4570585297266985
2026-07-15T15:10:18+03:00,13.61,294.09,67.00168456259847,10.303199999999999,216.9963057498967,205.8809245243587,-1.8405123252987434,5.0544,5.151599999999999,0.05156620156177409,,-4.6581468744135925,23.039659,58.30066,9.539910576405518,96.1915042011894,313.1878099510861,-0.5451268564056497,0.0028506120792181305,0.45990914180591663
2026-07-15T15:10:20+03:00,13.53,294.1,69.00130726760504,10.5948,220.99555115990984,202.4546369094764,-4.476461957577609,4.87944,5.2488,-0.20053522829578813,,-3.242941120440459,23.039604,58.300624,9.950278884154727,96.24752747418763,317.24307863409746,-0.5310000688967191,0.0027748902060517593,0.4626840320119684
2026-07-15T15:10:22+03:00,13.35,294.09,75.00017538262475,10.206,212.99706033988352,188.10204414144926,-8.279068252301856,5.26824,5.38488,-0.19480565034447989,,-3.941949630500064,23.039555,58.300587,10.202201680798348,104.92000610163564,317.9170664415192,-1.3564148553040023,0.0027094799314911575,0.46539351194345957
2026-07-15T15:10:24+03:00,13.16,294.1,84.99828890765764,9.89496,202.99894681485068,177.02676996157047,0.9984362537949726,5.38488,5.1710400000000005,-0.1604281826366305,,-3.6554707329346523,23.039517,58.300542,10.845096897379662,114.64403673373727,317.64298354858795,-2.2453845450712993,0.0029591714456371687,0.46835268338909675
2026-07-15T15:10:26+03:00,13.42,294.1,90.0002104591497,9.29232,182.99699018683364,188.34841599335553,9.370438260467049,6.10416,5.13216,-0.1604281826366305,,-6.852575229764645,23.039508,58.300486,11.117931326900234,123.30120940882398,306.2981995956576,-3.351430815756212,0.0033780136122343964,0.47173069700133113
2026-07-15T15:10:28+03:00,13.53,294.1,80.99904349764448,8.49528,187.99891173832572,204.35112721135943,6.232520303874069,5.13216,5.01552,0.1776169164905552,,-10.754417814605553,23.039492,58.300437,9.21230675092336,114.38238540906386,302.38129714738955,-2.1186810597896932,0.0029883178510517402,0.4747190148523829
2026-07-15T15:10:30+03:00,13.68,294.09,75.00017538262475,9.408959999999999,210.99743763487695,215.2831619424555,5.047013329968883,5.22936,4.93776,0.2807493196141034,,-10.63409667762808,23.039447,58.300395,9.508194444851554,107.08976903772871,318.08720667260565,-1.5367501947191302,0.002897123827186612,0.4776161386795695
2026-07-15T15:10:32+03:00,13.83,294.1,69.00130726760504,10.4004,222.99517386491638,224.5192415999644,3.744451078518469,5.404319999999999,5.26824,0.3093972093706446,,-10.9263051531448,23.039385,58.300353,9.85351461868495,99.80123756587307,322.7964114307895,-0.9199816281115765,0.0031949864105606644,0.48081112509013013
2026-07-15T15:10:34+03:00,13.83,294.11,63.002439152585325,11.29464,229.99671812141503,231.99061124847034,2.3179007602017454,5.42376,5.307119999999999,0.29220847551671986,,-9.992383947081557,23.039313,58.300321,10.068183860890622,91.6877251332373,321.6844432546523,-0.1597411265597353,0.0029784457229048234,0.483789570813035
2026-07-15T15:10:36+03:00,13.83,294.11,56.99784145961429,11.60568,237.99520894144138,233.8469945046942,-0.03311696055856158,5.443199999999999,5.50152,0.26356058576017866,,-9.665798003856988,23.039235,58.300291,9.772631562689112,84.84500989955195,322.8402188409933,0.48907268738279575,0.00305302695159289,0.48684259776462785
2026-07-15T15:10:38+03:00,13.83,294.1,54.99821875460771,11.89728,237.99520894144138,233.85272408264552,-0.5172090016645942,5.38488,5.57928,0.26356058576017866,,-9.940817745519782,23.03916,58.300268,9.851198127973623,81.59806231060293,319.5932712520443,0.7868197363419482,0.0027427520693069475,0.4895853498339348
2026-07-15T15:10:40+03:00,13.83,294.09,54.00127219108009,12.20832,240.99750778792685,232.76983384984823,-0.08542800725400575,5.5598399999999994,5.773680000000001,0.2119943841984046,,-9.448074041707274,23.039071,58.300243,10.008194317655374,80.7089991727507,321.70650696067753,0.897629598635726,0.0031874768646752514,0.49277282669861006
2026-07-15T15:10:42+03:00,13.83,294.11,54.00127219108009,12.49992,240.99750778792685,231.45203092104737,-1.5411991731224015,5.598719999999999,5.65704,0.22345354010102106,,-9.276186703168028,23.038986,58.300219,10.26282516101926,80.19153697904189,321.1890447669687,0.953770222877194,0.0030477304794067706,0.4958205571780168
2026-07-15T15:10:44+03:00,13.87,294.11,54.00127219108009,12.402719999999999,240.99750778792685,229.46386737194342,-0.6937372983444008,5.851439999999999,5.773680000000001,0.17188733853924698,,-8.216214782176005,23.038905,58.300196,10.136756638957864,81.841809472883,322.8393172608098,0.8303582085933526,0.0029079993099105786,0.4987285564879274
2026-07-15T15:10:46+03:00,13.98,294.11,54.00127219108009,12.30552,235.9955862364348,226.31259949872387,-5.197987708985854,5.754239999999999,5.79312,-0.45836623610465854,,-4.927437038125079,23.038815,58.300169,10.064729106528524,81.55248814846654,317.5480743849013,0.8453169640681222,0.0032732791664161725,0.5020018356543435
2026-07-15T15:10:48+03:00,13.98,294.11,56.00089489608667,12.30552,241.99445435145452,207.36488521374756,-6.8362459326034175,5.69592,5.6181600000000005,-0.4469070802020421,,-1.552715624804531,23.038734,58.300146,10.270446667253417,83.37402993277678,325.3684842842313,0.6572373878415494,0.002908002489731554,0.5049098381440751
2026-07-15T15:10:50+03:00,13.98,294.11,61.002816447578745,12.30552,216.9963057498967,207.68574157902083,5.461892069423112,5.7348,5.57928,-0.3781521447863433,,-2.194428355351053,23.038672,58.300105,10.765411579508209,88.77310803016448,305.7694137800612,0.12279163386669939,0.0031477163479638475,0.5080575544920389
2026-07-15T15:10:52+03:00,14.13,294.11,58.99746416462087,10.5948,209.99476149339802,208.29880641981077,-4.975393605577529,5.2488,5.28768,-0.27501974166279514,,-4.721172231877984,23.03862,58.300062,9.08366383439557,88.68584709724787,298.6806085906459,0.12037747012461389,0.0030623251598949843,0.511119879651934
2026-07-15T15:10:54+03:00,14.13,294.1,69.00130726760504,10.4976,225.9974727114019,200.85608466106137,0.7374539781128826,5.0544,4.82112,-0.23491269600363757,,-1.6386592940741544,23.038563,58.30003,9.88531667065543,97.51360678387694,323.51107949527886,-0.6609216332910738,0.0026345514693311197,0.5137544311212651
2026-07-15T15:10:56+03:00,14.13,294.11,73.99749924114583,10.4004,206.9981922248638,202.76976369679835,-2.7255029356578127,5.2488,4.89888,-0.18907607239317165,,-2.245994556912827,23.038519,58.29999,10.27714766750815,103.39952698801297,310.3977192128768,-1.2163562434162325,0.0027770603493080855,0.5165314914705732
2026-07-15T15:10:58+03:00,14.17,294.11,78.00247422911028,9.70056,212.99706033988352,199.34920565986732,-0.06978625944693427,5.20992,4.704479999999999,-0.3093972093706446,,-1.3349916626548182,23.038469,58.299948,10.01164539513129,108.60098074275373,321.5980410826372,-1.6618370056751888,0.0029777913245842592,0.5195092827951575
2026-07-15T15:11:00+03:00,14.28,294.1,84.99828890765764,9.79776,211.9943841984046,187.41449478729228,-5.655494508397817,4.957199999999999,4.97664,-0.20053522829578813,,-0.6875493541569879,23.038422,58.299909,10.58776789140637,112.80030746819467,324.79469166659925,-1.9210167885203024,0.002774706928863596,0.5222839897240211
2026-07-15T15:11:02+03:00,14.28,294.11,90.99715702267736,9.60336,196.99434912187962,185.90188620814692,1.5454963565858826,5.07384,4.1212800000000005,-0.12032113697747288,,-2.079836796324888,23.038393,58.299864,10.939118324659772,118.62683925012345,315.6211883720031,-2.430892380833685,0.0028557294316298725,0.525139719155651
2026-07-15T15:11:04+03:00,14.28,294.11,95.00213201064179,8.59248,192.9951037118665,192.49663043010267,4.440422912263879,4.5684000000000005,4.64616,0.08021409131831525,,-5.6550934379412245,23.038376,58.299818,10.077018627889139,121.84991506353533,314.84501877540185,-2.4107264375774067,0.0028166090633909126,0.5279563282190419
2026-07-15T15:11:06+03:00,14.28,294.11,90.0002104591497,7.892639999999999,199.99664796836515,205.45120617801058,8.314534339820455,4.64616,4.21848,-0.19480565034447989,,-7.946924618464517,23.038358,58.299777,9.158648279713677,120.48419963801712,320.48084760638227,-2.357000376525653,0.002529145328994932,0.5304854735480369
2026-07-15T15:11:08+03:00,14.28,294.11,78.9994207926379,8.39808,206.9981922248638,230.24881955127265,14.628815721059693,4.62672,4.29624,-0.22345354010102106,,-9.637150114100445,23.038316,58.299741,8.780975570052869,110.14544816290294,317.1436403877667,-1.5934631642356796,0.0025381426271148854,0.5330236161751518
2026-07-15T15:11:10+03:00,14.28,294.12,63.999385716112954,9.992159999999998,226.99441927492956,254.75422444901793,8.727063952314648,4.374,3.38256,0.05729577951308232,,-6.932789321082962,23.038257,58.299715,8.980849214752853,89.95935494439485,316.9537742193244,0.0031028717964370774,0.002432090780430832,0.5354557069555826
2026-07-15T15:11:12+03:00,14.28,294.11,50.998973344594575,11.197439999999999,254.9948667229729,264.5231548559984,3.302127660677473,4.704479999999999,3.6352800000000003,-0.045836623610465865,,-3.4893129723467133,23.03818,58.299704,9.011685834963876,74.93379015454788,329.9286568775208,1.2228593683104008,0.002520331001625801,0.5379760379572085
2026-07-15T15:11:14+03:00,14.28,294.11,37.998560973076195,11.00304,274.9968233509899,270.7340173552166,3.23365920415934,4.14072,3.53808,0.022918311805232933,,-4.010704565915763,23.038116,58.299707,8.149030754726633,56.227968493402415,331.22479184439237,2.3017844705003787,0.002029477397284515,0.540005515354493
2026-07-15T15:11:16+03:00,14.28,294.11,33.00236899953541,10.692,273.99987678746226,273.9483105859005,0.9061900487789101,4.16016,3.6352800000000003,0.10313240312354818,,-5.3227779167653475,23.038052,58.29971,7.551088823439338,50.46476962266871,324.46464641013097,2.6481605030778654,0.0020294772263899064,0.542034992580883
2026-07-15T15:11:18+03:00,14.28,294.11,28.997394011570965,10.808639999999999,281.99836760748855,272.96855275622676,-0.49211345023786407,3.92688,3.38256,0.26929016371148695,,-7.110406237573517,23.03799,58.299718,7.615778979705999,43.47248384044238,325.47085144793095,2.8497559319364543,0.0020164541506133946,0.5440514467314963
2026-07-15T15:11:20+03:00,14.43,294.11,30.0000701530499,11.29464,280.99569146600965,270.81996102448625,0.08943871181992151,3.8296799999999998,3.6741599999999996,0.26929016371148695,,-7.465640070554627,23.037919,58.299727,8.204619719531681,43.49657713672596,324.49226860273563,2.778109202096812,0.0023068720192224675,0.5463583187507187
2026-07-15T15:11:22+03:00,14.43,294.11,30.0000701530499,11.29464,277.99912219747546,270.6079666402878,0.5458568914211354,4.00464,3.46032,0.3036676314193363,,-7.809414747633121,23.037843,58.299733,8.078598671563453,44.35071173933488,322.34983393681034,2.8636151258928013,0.00242741133046505,0.5487857300811838
2026-07-15T15:11:24+03:00,14.43,294.11,30.0000701530499,11.29464,265.9956563894847,275.30622056036054,2.4341538968337892,4.00464,3.8296799999999998,0.2578310078088704,,-6.778090716397639,23.037775,58.299729,8.078598671563453,44.35071173933488,310.34636812881956,2.8636151258928013,0.002161205020386563,0.5509469351015703
2026-07-15T15:11:26+03:00,14.4,294.11,30.0000701530499,11.702879999999999,282.99531417101616,275.91355582319926,-0.2858486439907677,3.61584,3.46032,0.18907607239317165,,-5.666552593843842,23.037708,58.299735,8.760064872311712,41.910509716253245,324.90582388726943,2.6908684757975614,0.002146715347944404,0.5530936504495148
2026-07-15T15:11:28+03:00,14.28,294.1,31.002746294528848,11.80008,284.9949368760228,274.9681754612334,0.5385230316434607,3.46032,3.26592,0.12605071492878112,,-4.618039828754435,23.037648,58.299744,9.012098401859472,42.4094350905541,327.4043719665769,2.554907516860911,0.0019708075279285683,0.5550644579774433
2026-07-15T15:11:30+03:00,14.28,294.11,33.99931556306306,11.29464,281.99836760748855,273.2091950301817,-1.3706869332914684,3.57696,3.28536,0.022918311805232933,,-3.162727029122144,23.03759,58.299749,8.565977560250213,47.50266884399349,329.50103645148204,2.4164363047946478,0.001856426137956484,0.5569208841153998
2026-07-15T15:11:32+03:00,14.28,294.1,37.001614409548566,11.29464,281.99836760748855,267.6515044174128,-3.644412647488627,3.46032,3.2076,0.09740282517223994,,-3.477853816444097,23.037536,58.299756,8.78167294704769,50.71984972460427,332.7182173320928,2.190772687066785,0.0017567281072475877,0.5586776122226473
2026-07-15T15:11:34+03:00,14.28,294.1,35.99893826806962,11.508479999999999,277.99912219747546,263.97311537267285,-1.4150911624141072,3.57696,3.2270399999999997,0.22918311805232927,,-5.425910319888896,23.037479,58.299759,8.867462204607293,49.71408476728928,327.7132069647647,2.3128704792984056,0.0018093597372523253,0.5604869719598997
2026-07-15T15:11:36+03:00,14.17,294.11,37.998560973076195,11.702879999999999,272.99720064598336,261.74430954961394,0.29553163072847866,3.28536,3.07152,0.32658594322456924,,-6.440045617270453,23.03743,58.299758,9.335665628654485,50.51111313699474,323.5083137829781,2.0892541992413607,0.0015488374884040804,0.5620358094483038
2026-07-15T15:11:38+03:00,14.28,294.11,39.998183678082775,11.29464,265.9956563894847,261.52085600951295,-0.3430298319448239,3.0326400000000002,3.26592,0.40107045659157625,,-7.694823188606956,23.037375,58.299754,9.18076301739474,52.25659352438751,318.2522499138722,1.8563586552585687,0.001753740766898836,0.5637895502152026
2026-07-15T15:11:40+03:00,14.28,294.1,39.00123711455514,10.90584,264.998709825957,262.44904763762486,0.24780424639408105,3.18816,3.18816,0.37242256683503505,,-8.050057021588067,23.037323,58.299748,8.663752333793838,52.39186341851152,317.39057324446856,1.9455990960858436,0.0016815559040887467,0.5654711061192913
2026-07-15T15:11:42+03:00,14.28,294.1,41.00085981956171,11.10024,272.99720064598336,261.7099320819061,-1.7752524324333427,2.8771199999999997,3.3047999999999997,0.3609634109324186,,-7.775037279925271,23.037273,58.299742,9.126219125798409,52.937616952421834,325.9348175984052,1.7339948008503716,0.0016199125356244433,0.5670910186549157
2026-07-15T15:11:44+03:00,14.13,294.1,43.000482524568284,10.692,269.9949017994978,259.3149684982593,-0.5125107477445213,3.09096,3.402,0.395340878640268,,-8.422479588423101,23.037216,58.299742,8.690968122821003,57.03794444195202,327.0328462414499,1.6817403397068715,0.0018003524821836488,0.5688913711370994
2026-07-15T15:11:46+03:00,14.13,294.09,45.00010522957485,10.808639999999999,260.9994644159439,257.00594858388206,-1.3403201701495349,3.1104000000000003,3.53808,0.4239887683968092,,-8.829279622965984,23.037155,58.299736,8.885755692299256,59.33082381703028,320.3302882329742,1.586553650738262,0.0019601561995145375,0.5708515273366139
2026-07-15T15:11:48+03:00,14.13,294.1,48.00240407606037,11.10024,257.9971655694584,255.11518785995037,1.2626270931297952,3.46032,3.2076,0.45836623610465854,,-9.814767030591003,23.03709,58.299728,9.153601092944411,64.31874084738303,322.3159064168414,1.4995792534376269,0.0021085959952627273,0.5729601233318766
2026-07-15T15:11:50+03:00,13.95,294.09,46.99972793458143,11.00304,252.99524401796634,259.85354882568225,0.32876318284606637,3.6352800000000003,3.34368,0.38388172273765153,,-9.316293748827185,23.037029,58.299717,8.928784254823567,64.3230353728713,317.31827939083763,1.5751551102166592,0.0020369868634801734,0.5749971101953568
2026-07-15T15:11:52+03:00,13.83,294.09,45.00010522957485,11.29464,261.99641097947153,254.20418496569235,-3.4804894223016993,3.6741599999999996,3.8491199999999997,0.44117750225073393,,-7.8208739035357375,23.036969,58.299707,9.076396478556608,61.63309209395666,323.62950307342817,1.7456524768894013,0.001988148311431616,0.5769852585067884
2026-07-15T15:11:54+03:00,13.83,294.08,48.999350639587995,11.39184,256.9944894279795,251.14459033969376,1.273627882796307,3.57696,3.6547199999999997,0.40107045659157625,,-7.282293576112763,23.036906,58.299697,9.439362956673577,65.6172331602705,322.61172258825,1.4766781849652908,0.0020786674917798688,0.5790639259985683
2026-07-15T15:11:56+03:00,13.83,294.09,48.00240407606037,11.39184,253.99792015944524,255.29853435439222,1.3464508185574346,3.96576,3.8491199999999997,0.418259190445501,,-8.668851440329355,23.036847,58.299686,9.221987615936046,66.64047238729043,320.63839254673564,1.5724219022700616,0.001977344779551548,0.5810412707781198
2026-07-15T15:11:58+03:00,13.83,294.08,48.00240407606037,11.39184,258.99984171093735,255.82565552591254,-0.4673616734882125,3.86856,4.23792,0.3781521447863433,,-7.935465462561903,23.03678,58.299675,9.260957276067758,66.08839629037551,325.08823800131285,1.568030797307566,0.002217092581328004,0.5832583633594478
2026-07-15T15:12:00+03:00,13.91,294.08,46.99972793458143,11.702879999999999,254.9948667229729,253.20723840216468,-2.4007504573776624,3.81024,4.16016,0.31512678732195276,,-7.373966823333695,23.036717,58.299667,9.521204742168194,64.01791415370866,319.0127808766815,1.6692284514026452,0.0020471442855077974,0.5853055076449556
2026-07-15T15:12:02+03:00,13.98,294.09,48.00240407606037,11.80008,255.99754286445182,248.01624077827947,-0.4445006574624927,4.101839999999999,4.45176,0.37242256683503505,,-7.563042895726867,23.036648,58.299658,9.554863945348895,66.6072349608629,322.6047778253147,1.6285617348754073,0.0022455156572852505,0.5875510233022408
2026-07-15T15:12:04+03:00,13.98,294.08,48.999350639587995,11.60568,251.9982974544387,250.89248890983617,4.259597432120592,4.21848,4.23792,0.2807493196141034,,-8.565719037205808,23.036573,58.299647,9.39401068356782,68.80964674891484,320.80794420335354,1.5248438070826684,0.0024594327069904385,0.5900104560092313
2026-07-15T15:12:06+03:00,13.98,294.08,45.00010522957485,11.80008,247.99905204442555,262.70687864543373,7.256796954229441,4.0629599999999995,4.374,0.2119943841984046,,-10.811713594118634,23.036503,58.299634,9.378041257347425,62.839435604618956,310.8384876490445,1.8546829378168512,0.002344985080135686,0.592355441089367
2026-07-15T15:12:08+03:00,13.98,294.08,39.00123711455514,12.30552,267.99527909449125,277.9074489502545,6.606375265196932,4.45176,3.92688,0.27501974166279514,,-10.611178365822846,23.036427,58.299625,9.278979895182674,56.57515786159689,324.57043695608814,2.4522193167603485,0.002460678907927405,0.5948161199972944
2026-07-15T15:12:10+03:00,13.98,294.08,33.00236899953541,12.30552,289.9968584275149,281.1446604927437,-3.9349022496199546,4.45176,3.9851999999999994,0.011459155902616466,,-6.990085100596044,23.036346,58.299627,8.908403910765655,48.7968494103979,338.7937078379128,2.932511573274892,0.0025612268300842524,0.5973773468273788
2026-07-15T15:12:12+03:00,13.98,294.08,31.999692858056477,12.30552,292.99915727400037,268.7229354943074,-6.35931586393652,4.4712,4.1212800000000005,0.02864788975654116,,-5.998868115019719,23.036275,58.299644,8.837260819837107,47.551502319131686,340.5506595931321,3.0177345288285338,0.0024643811101815777,0.5998417279375603
2026-07-15T15:12:14+03:00,13.98,294.07,37.001614409548566,11.99448,279.998744902482,254.0953229846175,-9.755294011456423,4.4712,4.21848,0.022918311805232933,,-6.835386495910721,23.036201,58.299653,8.843065239374198,54.71760970469147,334.71635460717346,2.5825953425740042,0.002399092904448143,0.6022408208420085
2026-07-15T15:12:16+03:00,13.83,294.07,46.99972793458143,11.89728,265.9956563894847,238.06969345480837,-4.787520744554132,4.257359999999999,4.41288,-0.1432394487827058,,-6.6463104235175505,23.03613,58.299649,9.51746975133679,66.09549621096498,332.0911526004497,1.7251395391394306,0.002255401935943109,0.6044962227779516
2026-07-15T15:12:18+03:00,13.87,294.06,56.00089489608667,11.508479999999999,247.99905204442555,223.61969786160898,-6.116897420816668,4.4712,4.82112,0.3323155211758775,,-7.740659812217421,23.036061,58.299632,9.741129983261548,78.36766303832002,326.3667150827456,0.9015314008633147,0.002407039153415209,0.6069032619313668
2026-07-15T15:12:20+03:00,13.83,294.06,65.0020618575919,11.197439999999999,224.99479656992298,220.29081307189895,5.272701405470913,4.74336,4.704479999999999,-0.12605071492878112,,-10.891927685436949,23.035998,58.299606,10.148503851760928,90.06482760246203,315.05962417238504,-0.005366897761363896,0.0025302033830715987,0.6094334653144384
2026-07-15T15:12:22+03:00,13.95,294.04,65.0020618575919,11.10024,221.99822730138877,234.28244242899365,10.63358101561246,4.957199999999999,4.80168,-0.44117750225073393,,-16.695990150112188,23.035939,58.299571,10.063929230030302,91.51682886387626,313.51505616526504,-0.13121988783352995,0.0028104440349165046,0.6122439093493549
2026-07-15T15:12:24+03:00,13.98,294.05,54.00127219108009,11.39184,234.99863967290713,257.1434584547135,10.790571451478307,5.20992,4.84056,0.040107045659157625,,-15.2406773504799,23.035872,58.29954,9.335343154775147,80.84174700403535,315.8403866769425,0.8292207423501883,0.0028196451392277122,0.6150635544885826
2026-07-15T15:12:26+03:00,14.13,294.04,46.99972793458143,12.79152,250.9956213129597,267.15876071360026,1.5772382184361302,4.84056,4.704479999999999,-0.10886198107485642,,-10.490857228845375,23.035792,58.299523,10.129040542020617,67.45674236571611,318.45236367867585,1.8557779652939892,0.002725616669431073,0.6177891711580137
2026-07-15T15:12:28+03:00,14.13,294.04,43.99742908809592,13.5108,274.9968233509899,270.0693863128648,4.146667450700307,4.78224,4.52952,0.005729577951308233,,-12.868632078638289,23.035708,58.299527,10.604324719281218,62.252993186093306,337.24981653708323,2.2264592852661163,0.002664038982869817,0.6204532101408835
2026-07-15T15:12:30+03:00,14.13,294.04,37.001614409548566,13.296959999999999,272.99720064598336,279.29973639242235,4.760305249285419,4.84056,4.78224,0.40107045659157625,,-13.716609615431908,23.035625,58.299526,9.870887854348647,54.167163111068035,327.1643637570514,2.8337722968975982,0.0026222708452143116,0.6230754809860978
2026-07-15T15:12:32+03:00,14.28,294.03,31.999692858056477,13.39416,276.9964460559965,285.37881859876046,0.5629883294955469,4.7628,4.91832,0.246371851906254,,-11.12111080348928,23.035542,58.299535,9.689538840638495,47.09791222204481,324.09435827804134,3.242264485170157,0.002676814868249293,0.6257522958543471
2026-07-15T15:12:34+03:00,14.28,294.02,26.997771306564392,13.10256,293.99610383752804,280.16490266306994,-6.3854427393944855,4.996079999999999,4.996079999999999,0.09740282517223994,,-9.797578296737077,23.035466,58.299548,8.943290522950958,41.68829134071845,335.6843951782465,3.7309431935615964,0.002524461893971435,0.6282767577483186
2026-07-15T15:12:36+03:00,14.28,294.02,28.997394011570965,12.908159999999999,283.9979903124951,268.1557072771279,-4.604403433230322,4.87944,4.996079999999999,0.10313240312354818,,-10.742958658702936,23.03539,58.299555,8.958326880120685,44.307634302923105,328.3056246154182,3.4917256435313497,0.00243707859694168,0.6307138363452602
2026-07-15T15:12:38+03:00,14.28,294.02,33.99931556306306,12.402719999999999,271.99452450450445,257.00594858388206,-5.499879171240286,4.93776,5.03496,0.11459155902616464,,-10.485127650894064,23.035307,58.299555,8.755846819517819,52.38095059761295,324.37547510211743,3.0140509046072084,0.002621579748625648,0.6333354160938859
2026-07-15T15:12:40+03:00,14.28,294.01,41.99780638308934,11.80008,265.9956563894847,246.5895758684037,-1.6266271803764072,4.996079999999999,5.1127199999999995,0.3495042550298022,,-10.605448787871538,23.035225,58.299548,8.75081420176999,64.45597335065516,330.4516297401398,2.1543323042142974,0.0026239486505403625,0.6359593647444263
2026-07-15T15:12:42+03:00,14.28,294.02,46.00278137105379,11.60568,246.9963759029466,246.5150913550367,1.3894226531922464,5.6181600000000005,4.91832,0.29220847551671986,,-10.576800898114994,23.035134,58.299531,8.699026714008316,73.68702791451182,320.6834038174584,1.5780512928853303,0.003050496518775598,0.6390098612632019
2026-07-15T15:12:44+03:00,14.28,294.01,48.00240407606037,11.80008,250.9956213129597,246.20569414566606,-2.0366930743515375,5.26824,5.2488,0.07448451336700701,,-6.89841185337511,23.035037,58.299515,9.154574531034688,73.32271557842877,324.31833689138847,1.5118835053824375,0.003211174185083239,0.6422210354482851
2026-07-15T15:12:46+03:00,14.28,294.02,50.002026781066945,11.702879999999999,249.9986747494321,241.53608811534983,-1.7331973302707404,5.13216,5.1127199999999995,0.1546986046853223,,-6.021786426824952,23.034946,58.299501,9.278292988764512,75.07293145222735,325.07160620165945,1.321989576808453,0.002994919118117646,0.6452159545664028
2026-07-15T15:12:48+03:00,14.28,294.02,52.00164948607352,11.197439999999999,245.99942933941892,244.19461228475686,3.5084497627040827,5.19048,5.1710400000000005,0.18334649444186346,,-8.00994997592891,23.034866,58.299481,8.986756007281189,79.0756916129975,325.07512095241646,0.9836584177021745,0.0027982203117881896,0.648014174878191
2026-07-15T15:12:50+03:00,14.28,294.0,48.999350639587995,11.197439999999999,251.9982974544387,252.7717904778653,5.544684470819515,5.20992,5.20992,0.1546986046853223,,-9.087110630774855,23.034779,58.299463,8.71658728850855,75.81278639167924,327.8110838461179,1.2769046791029175,0.002953251884759274,0.6509674267629503
2026-07-15T15:12:52+03:00,14.28,294.0,46.99972793458143,11.702879999999999,256.9944894279795,263.0621124784149,5.2125408369821775,5.20992,4.91832,-0.10886198107485642,,-5.890006133944863,23.034694,58.29945,8.996438499272433,72.05749169152179,329.0519811195013,1.6049811388775794,0.0027961600438936468,0.6537635868068439
2026-07-15T15:12:54+03:00,14.43,294.0,43.000482524568284,12.091679999999998,260.9994644159439,268.0869523417122,-1.359972622522522,5.22936,4.68504,-0.2864788975654116,,-1.3636395524113596,23.034605,58.299443,9.003672143490185,66.33572032105906,327.335184737003,2.0989439943493653,0.002842414120405436,0.6566060009272493
2026-07-15T15:12:56+03:00,14.43,293.99,37.998560973076195,12.091679999999998,270.9975779409768,262.03078844717936,-1.8108331115109668,4.52952,4.510079999999999,-0.011459155902616466,,-4.3258313532377155,23.034522,58.299444,8.966920479401166,56.11705158750833,327.1146295284851,2.5251986460752174,0.0026222769924575686,0.6592282779197068
2026-07-15T15:12:58+03:00,14.47,293.98,37.001614409548566,11.60568,252.99524401796634,262.05943633693596,0.8998875130324709,4.393439999999999,4.723920000000001,0.1776169164905552,,-9.9522769014224,23.03444,58.299438,8.517794677786666,55.08646380964716,308.0817078276135,2.514539776802896,0.0026149914389806783,0.6618432693586875
2026-07-15T15:13:00+03:00,14.58,293.98,37.998560973076195,11.60568,265.9956563894847,262.19121662981604,-0.5539355963324799,4.49064,4.548959999999999,0.2807493196141034,,-10.336158624160051,23.034354,58.299432,8.527522516173578,56.91569209286486,322.9113484823495,2.4513169158838073,0.0027401815852902745,0.6645834509439779
2026-07-15T15:13:02+03:00,14.55,293.98,41.00085981956171,11.89728,266.99833253096364,257.88830358838356,-3.437288404548835,4.6655999999999995,4.74336,0.37242256683503505,,-10.932034731096108,23.03427,58.299427,8.91792717587941,61.075067657949106,328.07340018891273,2.2565794791962195,0.002670141969009489,0.6672535929129874
2026-07-15T15:13:04+03:00,14.28,293.99,39.998183678082775,11.80008,258.99984171093735,258.845143106252,2.1978088063423247,4.60728,4.68504,0.320856365273261,,-11.694068598620103,23.034181,58.299419,8.784801614547135,59.698707699326775,318.69854941026415,2.3245897513165135,0.002851933132185036,0.6701055260451724
2026-07-15T15:13:06+03:00,14.28,293.98,39.00123711455514,11.99448,259.99678827446496,265.49145352976956,5.378985076467682,4.7628,5.09328,0.3552338329811104,,-12.885820812492215,23.034098,58.299411,8.818211346092848,58.872689196986514,318.8694774714515,2.4620886017479506,0.002665326014445147,0.6727708520596175
2026-07-15T15:13:08+03:00,14.28,293.98,35.00199170454199,11.89728,268.99795523597015,271.20384274722386,-0.7152805114413198,4.52952,4.89888,0.3036676314193363,,-10.891927685436949,23.034009,58.299409,8.58938040237004,52.60888430323587,321.606839539206,2.75056302421672,0.002813672358759573,0.6755845244183771
2026-07-15T15:13:10+03:00,14.28,293.98,35.99893826806962,11.89728,278.9960687610031,268.1327889653227,-0.4333852762369547,4.74336,4.89888,0.4068000345428845,,-8.640203550572814,23.03393,58.299417,8.528356306568934,55.08027724302447,334.0763460040275,2.715232827534043,0.002541159857969832,0.678125684276347
2026-07-15T15:13:12+03:00,14.17,293.97,35.00199170454199,11.89728,272.99720064598336,268.57396646757337,0.13596288478454435,4.91832,4.7628,0.5614986392282068,,-9.01262611740785,23.033849,58.299422,8.358990287352508,54.72672199907758,327.72392264506095,2.840216313194531,0.002576010666863942,0.680701694943211
2026-07-15T15:13:14+03:00,14.13,293.98,35.00199170454199,12.091679999999998,273.99987678746226,270.6538032638983,3.111962968473553,4.93776,4.78224,0.5729577951308232,,-8.015679553880217,23.033772,58.299427,8.530902711504977,54.39265754413631,328.39253433159854,2.8748980026161663,0.002450575774261934,0.6831522707174729
2026-07-15T15:13:16+03:00,14.13,293.98,33.99931556306306,12.091679999999998,273.99987678746226,271.63929067152327,-1.6185484754650625,4.60728,5.03496,0.5557690612768985,,-7.883899261000128,23.033694,58.299431,8.663951127090526,51.29842396814456,325.2983007556068,2.8807668902530943,0.0024753661544173445,0.6856276368718902
2026-07-15T15:13:18+03:00,13.98,293.98,33.00236899953541,12.20832,275.99949949246883,270.9975779409768,0.2095879614588551,4.84056,4.859999999999999,0.6818197762056798,,-9.327752904729802,23.033609,58.299439,8.56470131655866,50.931251853132636,326.9307513456015,3.0507746584171525,0.002727482594644142,0.6883551194665344
2026-07-15T15:13:20+03:00,13.98,293.98,33.00236899953541,12.20832,273.99987678746226,271.98879492655306,1.205388609396226,4.6655999999999995,4.62672,0.7104676659622208,,-11.01797840036573,23.033524,58.299443,8.676033720437596,50.03415772860947,324.03403451607176,2.9968586118869402,0.002695503265769322,0.6910506227323037
2026-07-15T15:13:22+03:00,13.87,293.98,33.00236899953541,12.30552,276.9964460559965,272.1950597328002,-0.9080235137233287,4.704479999999999,4.78224,0.7219268218648373,,-10.250214954890428,23.03344,58.299449,8.74399704047158,50.04286352214416,327.03930957814066,3.021284540220677,0.0026775723862766947,0.6937281951185804
2026-07-15T15:13:25+03:00,13.83,293.98,35.00199170454199,12.30552,273.99987678746226,271.20384274722386,1.3233606194136622,4.723920000000001,4.60728,0.7219268218648373,,-10.038220570692022,23.033351,58.299452,8.86050030444805,52.809125475775815,326.8090022632381,2.855478523795849,0.0028168774808993405,0.6965450725994797
2026-07-15T15:13:27+03:00,13.8,293.99,33.00236899953541,12.49992,277.99912219747546,274.1316570803424,0.5650509775580178,4.6655999999999995,4.74336,0.6703606203030631,,-9.614231802295214,23.033268,58.299454,8.955252150585846,49.487693670416945,327.4868158678924,3.0308267513314178,0.002624342155331583,0.6991694147548113
2026-07-15T15:13:29+03:00,13.68,293.99,33.00236899953541,12.59712,279.998744902482,274.10873876853714,1.2971764481761836,4.89888,4.80168,0.6990085100596044,,-9.602772646392598,23.033185,58.299461,8.898175720962236,50.45213176351467,330.45087666599665,3.11922789679834,0.002655136943973608,0.7018245516987849
2026-07-15T15:13:31+03:00,13.53,294.0,31.999692858056477,12.59712,277.99912219747546,276.15419809715416,1.1580622955184199,4.7628,4.548959999999999,0.664631042351755,,-9.40223741809681,23.033105,58.299465,8.922427745968822,48.4312006975608,326.4303228950363,3.160207803187001,0.00253824328806463,0.7043627949868495
2026-07-15T15:13:33+03:00,13.42,294.0,31.002746294528848,12.49992,282.99531417101616,276.42348826086567,-1.22349407572236,4.393439999999999,4.49064,0.6016056848873644,,-8.015679553880217,23.03304,58.299471,9.0225163635319,45.528405556600234,328.52371972761637,3.07784886193644,0.0020844849987132633,0.7064472799855628
2026-07-15T15:13:35+03:00,13.38,294.01,31.999692858056477,12.49992,283.9979903124951,271.53615826839973,-1.8348400431269483,4.35456,4.49064,0.6359831525952138,,-7.924006306659286,23.03297,58.29948,9.104315815753868,46.681820792229644,330.67981110472476,2.987442540475499,0.0022761946548016223,0.7087234746403644
2026-07-15T15:13:37+03:00,13.38,294.01,33.00236899953541,12.69432,277.99912219747546,271.3184343062501,0.15928226704636883,4.393439999999999,4.7628,0.7448451336700701,,-10.3017811564522,23.032895,58.299485,9.32214378866902,47.87669117099327,325.8758133684687,2.946805029920263,0.002387890523156516,0.7111113651635209
2026-07-15T15:13:38+03:00,13.38,294.01,33.99931556306306,12.69432,275.99949949246883,272.2981921359237,1.126205842109146,4.60728,4.510079999999999,0.7792226013779195,,-11.298727719979832,23.03282,58.299489,9.241068643541663,50.187285493814954,326.1867849862838,2.949950037837594,0.002381071877334961,0.7134924370408559
2026-07-15T15:13:41+03:00,13.31,294.01,35.00199170454199,13.00536,276.9964460559965,271.54761742430236,-1.2246972870921347,4.704479999999999,4.704479999999999,0.7448451336700701,,-10.473668494991447,23.032742,58.299492,9.541323521415457,51.43079876342679,328.4272448194233,2.93305231675977,0.0024702481533066165,0.7159626851941625
2026-07-15T15:13:43+03:00,13.27,294.01,35.99893826806962,13.00536,276.9964460559965,269.8058257271046,-0.582526190309508,4.78224,4.74336,0.7677634454753031,,-10.324699468257435,23.032661,58.299497,9.559007759231037,53.09972028163631,330.0961663376328,2.8713722885071062,0.0025760052814816953,0.7185386904756442
2026-07-15T15:13:45+03:00,13.23,294.01,35.99893826806962,12.59712,272.99720064598336,268.8661749430901,-0.2284382729186592,4.80168,4.78224,0.8193296470370772,,-12.47902077794933,23.03258,58.299501,9.158148001364024,53.948038937425466,326.9452395834088,2.825878477253426,0.0025696857994441367,0.7211083762750884
2026-07-15T15:13:47+03:00,13.38,294.01,33.99931556306306,12.402719999999999,272.99720064598336,268.4249974408394,0.28086391117312953,4.68504,4.84056,0.8307888029396938,,-13.940063155532929,23.032501,58.299506,8.91235758104613,51.09394952699583,324.09115017297916,2.9424170578562685,0.002513276151343297,0.7236216524264317
2026-07-15T15:13:49+03:00,13.53,294.02,35.00199170454199,12.79152,272.99720064598336,269.75425952554286,0.5499821875460772,4.6655999999999995,4.84056,0.8307888029396938,,-12.851443344784366,23.032419,58.299506,9.360502637235857,51.61492215049768,324.612122796481,2.897074710120291,0.002589998036640187,0.7262116504630719
2026-07-15T15:13:51+03:00,13.68,294.01,33.00236899953541,13.10256,274.9968233509899,270.1496004041831,0.32744537991726547,4.704479999999999,4.80168,0.7849521793292279,,-11.888874248964582,23.032351,58.299509,9.508914362925438,48.63534689304976,323.6321702440397,3.108950815262166,0.0021553595635907578,0.7283670100266627
2026-07-15T15:13:53+03:00,13.68,294.02,33.00236899953541,12.908159999999999,273.99987678746226,270.71109904341137,-0.1860393960789783,4.84056,4.93776,0.7792226013779195,,-11.3445643435903,23.032271,58.299512,9.233070365771237,49.594242444184204,323.59411923164646,3.1376336796647637,0.0025332531032205108,0.7309002631298832
2026-07-15T15:13:55+03:00,13.83,294.02,33.00236899953541,12.69432,274.9968233509899,271.96587661474786,1.0639253297784255,4.87944,4.97664,0.7505747116213785,,-11.356023499492915,23.032184,58.299518,9.003388677252591,50.17124925135013,325.1680726023401,3.1252576053560177,0.002771489188693183,0.7336717523185764
2026-07-15T15:13:57+03:00,13.83,294.03,33.99931556306306,12.49992,275.99949949246883,273.48421477184456,0.5152609451611493,4.80168,4.82112,0.716197243913529,,-11.24716151841806,23.032102,58.299526,8.932224672886107,51.492899713079964,327.4923992055488,2.989581740996903,0.0026342573467851124,0.7363060096653615
2026-07-15T15:13:59+03:00,13.83,294.03,33.00236899953541,12.402719999999999,278.9960687610031,272.7049921704666,-1.1557704643378965,4.89888,4.87944,0.7620338675239948,,-11.820119313548883,23.032017,58.299531,8.71291697654926,50.835477639153055,329.8315464001561,3.093884404549443,0.0027015215434097834,0.7390075312087713
2026-07-15T15:14:01+03:00,13.83,294.02,31.999692858056477,12.30552,274.9968233509899,273.38108236872097,0.8383518458354204,5.1127199999999995,4.91832,0.7964113352318443,,-12.484750355900639,23.031934,58.299536,8.41760207340329,50.77525629744326,325.7720796484332,3.2330996126448124,0.002638752009786553,0.7416462832185579
2026-07-15T15:14:03+03:00,13.76,294.03,31.002746294528848,12.49992,274.9968233509899,274.366569776346,-0.41092533066782644,4.996079999999999,4.97664,0.7104676659622208,,-11.653961552960945,23.031842,58.299539,8.611078556353563,48.39098310889986,323.3878064598898,3.3176163916278796,0.0029114384912774464,0.7445577217098353
2026-07-15T15:14:05+03:00,13.68,294.04,31.999692858056477,12.59712,277.99912219747546,273.2091950301817,0.4420942347229432,5.19048,4.93776,0.739115555718762,,-12.662367272391194,23.031762,58.299545,8.644577797127466,50.55244756213909,328.55156975961455,3.29788369724415,0.002552432023271601,0.7471101537331069
2026-07-15T15:14:07+03:00,13.68,294.05,31.999692858056477,13.00536,279.998744902482,273.9884176315597,-0.6727097472630995,4.93776,5.09328,0.7734930234266114,,-14.014547668899937,23.031679,58.299553,9.197918297365645,48.527252493344804,328.5259973958268,3.2700993834776444,0.0026653162501302425,0.7497754699832371
2026-07-15T15:14:09+03:00,13.68,294.05,33.99931556306306,13.39416,279.998744902482,273.07168515935035,-0.19337325585665285,4.93776,5.0544,0.7276563998161455,,-11.734175644279262,23.031591,58.299562,9.701739634682042,50.534233231658646,330.53297813414065,3.138524565797391,0.002831660605926978,0.7526071305891641
2026-07-15T15:14:11+03:00,13.68,294.05,33.99931556306306,13.8996,276.9964460559965,272.8940682428598,-0.3167883649278322,5.13216,5.3654399999999995,0.7047380880109125,,-11.040896712170964,23.031506,58.299568,10.062715875441665,50.56970397979191,327.5661500357884,3.2596350685323783,0.002708864354924509,0.7553159949440885
2026-07-15T15:14:13+03:00,13.68,294.05,33.99931556306306,13.802399999999999,277.99912219747546,274.37802893224864,1.6029067276579911,5.1127199999999995,5.20992,0.6990085100596044,,-10.611178365822846,23.031416,58.299573,9.981907770588371,50.6426322381495,328.641754435625,3.2422588301099973,0.0028585184892765134,0.7581745134333651
2026-07-15T15:14:15+03:00,13.68,294.05,31.999692858056477,13.8996,278.9960687610031,277.7985869691796,0.6488174072061442,5.151599999999999,5.26824,0.6302535746439055,,-9.150135988239247,23.031335,58.29958,9.914039733676917,47.98303364986097,326.979102410864,3.4482267368176887,0.00259277522710338,0.7607672886604684
2026-07-15T15:14:17+03:00,13.68,294.06,31.002746294528848,13.8996,282.99531417101616,276.1312797853489,-1.4146900919575156,4.64616,4.93776,0.5271211715203573,,-7.757848546071346,23.031245,58.299588,10.20184027282001,44.569569468705254,327.5648836397214,3.309919125189348,0.0028830585066316207,0.7636503471671
2026-07-15T15:14:19+03:00,13.68,294.05,31.002746294528848,13.802399999999999,277.99912219747546,277.2141700181462,1.7130865116616483,5.03496,5.38488,0.5385803274229739,,-7.6890936106556484,23.031158,58.299594,9.834816654848733,46.29223656776409,324.2913587652396,3.479058498267575,0.0027714833371499078,0.76642183050425
2026-07-15T15:14:21+03:00,13.68,294.06,28.997394011570965,13.7052,277.99912219747546,279.3226547042276,-0.4272546278290549,5.01552,5.346,0.4640958140559668,,-6.606203377858392,23.031064,58.299602,9.630392775792378,43.62103985972567,321.6201620572011,3.6308280867501788,0.003007702551090293,0.7694295330553402
2026-07-15T15:14:23+03:00,13.68,294.07,30.0000701530499,13.7052,284.9949368760228,275.5067557886564,-0.6802727901588265,4.957199999999999,5.03496,0.492743703812508,,-6.5374484424426935,23.03098,58.299614,9.733031348070108,44.75345786367495,329.74839473969774,3.5203203157807694,0.0027494593450527053,0.7721789924003929
2026-07-15T15:14:25+03:00,13.68,294.07,30.0000701530499,13.7052,280.99569146600965,275.965122024761,0.4560744049241353,4.957199999999999,5.09328,0.418259190445501,,-8.97251907174869,23.030882,58.299623,9.733031348070108,44.75345786367495,325.7491493296846,3.5203203157807694,0.0031422702407365613,0.7753212626411294
2026-07-15T15:14:27+03:00,13.8,294.07,31.002746294528848,13.296959999999999,275.99949949246883,278.40592223201827,0.8000782651206816,4.87944,4.996079999999999,0.4068000345428845,,-7.03592172420651,23.030797,58.299628,9.454750578016426,46.41865597544813,322.41815546791696,3.363806454259884,0.0027015142299105935,0.77802277687104
2026-07-15T15:14:29+03:00,13.83,294.07,31.002746294528848,13.608,281.99836760748855,277.5751334290786,-1.0124164239961646,5.0544,4.89888,0.4239887683968092,,-7.4255330248954685,23.030717,58.299638,9.634086035950201,46.68068163492589,328.6790492424144,3.4676403471270976,0.002597326394652831,0.7806201032656929
2026-07-15T15:14:31+03:00,13.83,294.06,31.002746294528848,13.39416,280.99569146600965,276.15419809715416,0.9010907244022458,4.89888,4.723920000000001,0.5099324376664327,,-7.219268218648373,23.030627,58.29965,9.535059107852373,46.348015781228696,327.34370724723834,3.381580750131618,0.0029327519424693876,0.7835528552081622
2026-07-15T15:14:33+03:00,13.87,294.08,31.002746294528848,13.7052,280.99569146600965,278.27987151708953,0.8252311123269246,4.89888,4.97664,0.45836623610465854,,-7.167702017086597,23.030546,58.299658,9.83535454701781,45.86850175422944,326.8641932202391,3.4111267875137936,0.0026031997178551677,0.7861560549260174
2026-07-15T15:14:35+03:00,13.98,294.07,31.002746294528848,13.7052,281.99836760748855,277.60378131883516,-0.3260129854294384,4.78224,4.7628,0.29793805346802804,,-7.339589355625845,23.030472,58.299665,9.916925225324078,45.38481120760349,327.38317881509204,3.3587669657736057,0.0023748744699119027,0.7885309293959293
2026-07-15T15:14:37+03:00,13.98,294.08,30.0000701530499,13.608,280.99569146600965,278.70386028548637,-0.43556251585845185,4.93776,5.0544,0.47555496995858326,,-6.909871009277728,23.030397,58.299673,9.652847466912913,44.819141541769284,325.81483300777893,3.502527424922533,0.0024172022187735702,0.7909481316147029
2026-07-15T15:14:39+03:00,14.13,294.07,31.002746294528848,13.39416,282.99531417101616,276.0224178042741,-0.5035726061404805,4.64616,4.84056,0.37242256683503505,,-7.832333059438353,23.030317,58.299682,9.711227387347463,45.26911909440332,328.2644332654195,3.269863811137649,0.002584074791520193,0.7935322064062231
2026-07-15T15:14:41+03:00,14.13,294.08,30.0000701530499,13.39416,279.998744902482,279.12211947593187,0.5606392025355106,4.68504,4.97664,0.49847328176381617,,-7.414073868992852,23.030227,58.299689,9.626174874843839,44.084386189670454,324.0831310921524,3.365338798916028,0.0028736363607400972,0.7964058427669632
2026-07-15T15:14:43+03:00,14.13,294.09,28.997394011570965,13.5108,280.99569146600965,277.2943841094645,0.6336340256351773,4.74336,4.5684000000000005,0.38388172273765153,,-7.018732990352585,23.030151,58.299697,9.640309558604931,42.79679115449332,323.79248262050294,3.4805253792276334,0.002448162590358213,0.7988540053573214
2026-07-15T15:14:45+03:00,14.13,294.08,28.997394011570965,13.5108,279.998744902482,279.849775875748,0.5479195394836063,4.89888,4.87944,0.29793805346802804,,-6.388479415708679,23.03006,58.299701,9.52677992310044,43.432264484431926,323.4310093869139,3.557506115893916,0.0028842889211888262,0.8017382942785103
2026-07-15T15:14:47+03:00,14.28,294.08,28.997394011570965,13.608,283.9979903124951,277.8157757030336,-1.0521223991987307,4.64616,4.62672,0.492743703812508,,-6.789549872300254,23.029975,58.299709,9.806432190677254,42.27548803402061,326.27347834651573,3.4377818371164626,0.00272746243123366,0.804465756709744
2026-07-15T15:14:49+03:00,14.28,294.08,28.997394011570965,13.608,279.998744902482,279.76383220647836,1.4969095355587887,4.93776,4.93776,0.26929016371148695,,-6.073352628386726,23.029889,58.299718,9.592677627562143,43.44719614538511,323.4459410478671,3.584855490111342,0.002769668061822904,0.8072354247715668
2026-07-15T15:14:51+03:00,14.28,294.08,28.997394011570965,13.608,282.99531417101616,278.3772743422618,-3.755222685066929,4.64616,4.7628,0.38388172273765153,,-7.666175298850415,23.029804,58.29973,9.806432190677254,42.27548803402061,325.2708022050368,3.4377818371164626,0.0027799421899374665,0.8100153669615043
2026-07-15T15:14:53+03:00,14.28,294.09,30.0000701530499,13.7052,280.99569146600965,277.7069137219587,2.2518960222026747,4.97664,4.80168,0.4354479242994257,,-6.629121689663625,23.029716,58.299744,9.719235807474874,44.83414329003412,325.82983475604374,3.529187789452427,0.002904085265758318,0.8129194522272627
2026-07-15T15:14:55+03:00,14.28,294.09,30.0000701530499,13.5108,281.99836760748855,278.0564179769885,-1.4927842394338469,4.82112,4.74336,0.5958761069360561,,-7.041651302157818,23.029635,58.299752,9.641787967183568,44.47830728357005,326.47667489105856,3.439945143330657,0.0026031930390635586,0.8155226452663262
2026-07-15T15:14:57+03:00,14.28,294.08,31.002746294528848,13.608,280.99569146600965,274.88796136991505,-0.3288777744050926,4.89888,5.03496,0.6130648407899808,,-7.03592172420651,23.029561,58.29976,9.74143978932329,46.0151736755862,327.01086514159584,3.40211462628121,0.002386250957824964,0.8179088962241512
2026-07-15T15:14:59+03:00,14.43,294.09,31.002746294528848,13.5108,277.99912219747546,274.37229935429735,1.6164285316230786,5.09328,4.91832,0.7104676659622208,,-9.556936022782132,23.029472,58.299768,9.513984524550471,47.009217143273645,325.0083393407491,3.473009325256212,0.0028519064318187366,0.82076080265597
2026-07-15T15:15:01+03:00,14.43,294.09,30.0000701530499,13.608,276.9964460559965,286.00334259545303,9.979893467147706,5.0544,4.548959999999999,0.49847328176381617,,-10.359076935965284,23.029399,58.299772,9.570463748941616,45.31135364102701,322.3077996970235,3.5545261993034827,0.002318214468800133,0.82307901712477
2026-07-15T15:15:03+03:00,14.43,294.1,26.00082474303676,14.094,293.99610383752804,307.9648148828175,11.431310153773106,4.80168,4.548959999999999,0.13750987083139757,,-5.294130027008806,23.029316,58.299783,10.002313042086358,38.14951023762876,332.1456140751568,3.776048533367676,0.00270365667182878,0.8257826737965989
2026-07-15T15:15:05+03:00,14.55,294.09,18.999280486538098,14.094,314.99500702907267,327.90947573132144,9.248742024781262,3.9851999999999994,4.14072,-0.24064227395494575,,0.8021409131831525,23.029254,58.299808,10.407090806091702,26.160729226016798,341.15573625508944,3.5769591762465454,0.0024683856377700195,0.8282510594343688
2026-07-15T15:15:07+03:00,14.43,294.1,5.001921551492087,13.608,334.99696365708974,343.74029961078605,3.3467037771386514,3.71304,3.7713599999999996,-0.18907607239317165,,4.560744049241353,23.029211,58.299835,9.914387030159702,6.873146738808202,341.87011039589794,3.6863563804924246,0.0021162286122366814,0.8303672880466055
2026-07-15T15:15:09+03:00,14.58,294.1,-5.001062114799391,13.10256,354.99892028510675,345.43625468437335,-1.8257873099638813,3.7519199999999997,3.53808,-0.395340878640268,,8.760524687550287,23.029196,58.299866,9.370632994043309,7.001308584575128,347.9976117005316,3.7239433132485136,0.0019226274328782082,0.8322899154794837
2026-07-15T15:15:11+03:00,14.58,294.11,-12.002606371298052,12.908159999999999,355.9958668486344,343.75748834463997,1.4338268823148852,3.8491199999999997,3.6352800000000003,-0.22345354010102106,,7.6890936106556484,23.02919,58.299901,9.17816000342409,17.005858448253917,338.9900084003805,3.680816674449966,0.0021122884691513336,0.8344022039486351
2026-07-15T15:15:13+03:00,14.58,294.12,-18.998421049845405,13.00536,353.99624414362785,345.95764627794233,1.1181271371978017,3.6935999999999996,3.42144,-0.040107045659157625,,5.328507494716655,23.02918,58.299932,9.5886504211052,26.2023102112054,327.7939339324224,3.314047758564219,0.0018899190653524293,0.8362921230139875
2026-07-15T15:15:15+03:00,14.58,294.11,-22.000719896330917,12.908159999999999,357.99548955364094,349.3782043148734,2.1818805796376877,3.46032,3.51864,0.005729577951308233,,5.019110285346011,23.029176,58.299965,9.786059783450677,29.61271104973318,328.38277850390773,3.008351435656546,0.0019875740888915805,0.8382796971028791
2026-07-15T15:15:17+03:00,14.58,294.12,-22.99766645985855,12.908159999999999,356.9985429901134,352.1570496212579,1.7428803170084515,4.00464,3.57696,-0.040107045659157625,,6.674958313274091,23.029174,58.300005,9.353589382794565,32.6268728145088,324.37167017560455,3.3727062484766823,0.002405138362051307,0.8406848354649304
2026-07-15T15:15:19+03:00,14.58,294.11,-24.997289164865123,13.00536,1.9996227050065731,355.3312358062827,0.03666929888837269,3.7713599999999996,3.8491199999999997,-0.1432394487827058,,8.42820916637441,23.02917,58.300038,9.718827408333539,34.43521854341884,327.56440416158773,3.110489761099268,0.0019875740723247323,0.8426724095372552
2026-07-15T15:15:21+03:00,14.58,294.11,-24.997289164865123,13.10256,10.995060088560496,354.798385056811,-0.42370228949924377,4.1212800000000005,4.0824,-0.22345354010102106,,8.680310596231973,23.029186,58.300073,9.527846680756213,35.52933408633476,335.4657260022257,3.353972281706059,0.0021636161518766833,0.8448360256891319
2026-07-15T15:15:23+03:00,14.58,294.12,-25.99996530634406,13.10256,1.9996227050065731,355.63490343770195,2.3082750692435474,4.49064,4.14072,-0.08021409131831525,,6.606203377858392,23.029194,58.30011,9.27765190054937,38.250306432395405,323.74931627261117,3.5265607536082424,0.002238293544184046,0.8470743192333159
2026-07-15T15:15:25+03:00,14.58,294.13,-29.002264152829575,13.19976,7.9984908200262925,358.906492447899,0.2297560758474601,4.1796,4.257359999999999,-0.18907607239317165,,8.0042203979776,23.029203,58.30015,9.757038020168542,40.98937190086269,327.0091189191636,3.1548927473340957,0.002421054647639419,0.8494953738809553
2026-07-15T15:15:27+03:00,14.58,294.12,-29.002264152829575,13.10256,9.998113525032863,358.5627177708204,0.3603904531372878,4.60728,4.548959999999999,-0.5042028597151245,,10.863279795680409,23.029228,58.300185,9.343971343725945,42.83360386970435,327.1645096553285,3.378662388836636,0.002247075066452751,0.851742448947408
2026-07-15T15:15:29+03:00,14.58,294.12,-29.999210716357208,13.19976,8.995437383553925,358.665850173944,-0.049331666160763885,4.41288,4.7628,-0.641712730546522,,12.524857401559796,23.02926,58.300223,9.634117431991854,43.238481324832435,325.75695605872147,3.21482148764839,0.002497722680555707,0.8542401716279637
2026-07-15T15:15:31+03:00,14.58,294.13,-29.002264152829575,13.5108,10.995060088560496,357.90381630642,-0.020110818609091894,4.29624,5.1127199999999995,-0.8479775367936184,,14.243730786952264,23.029277,58.300259,9.97325918160315,41.05777119194349,329.937288896617,3.239569864892523,0.0022295002330324004,0.8564696718609961
2026-07-15T15:15:33+03:00,14.58,294.12,-27.002641447823002,13.39416,6.995814678547352,358.9408699156068,0.1313219266439847,5.01552,5.20992,-0.6818197762056798,,11.865955937159349,23.02929,58.300299,9.21132431026769,41.31558542939706,325.6802292491503,3.7670797025848413,0.0024391172311901865,0.8589087890921863
2026-07-15T15:15:35+03:00,14.58,294.11,-31.99883342136378,13.8996,7.9984908200262925,0.7620338675239948,1.653613492527069,5.01552,5.26824,-0.4239887683968092,,8.342265497104787,23.029301,58.30034,10.005580373967195,47.402937685603575,320.59555313442274,3.394695666351818,0.00248878608974675,0.861397575181933
2026-07-15T15:15:37+03:00,14.58,294.12,-33.99845612637036,13.802399999999999,12.99468279356707,3.5637974857137205,1.3304080002937715,5.13216,5.307119999999999,-0.6130648407899808,,10.026761414789405,23.029317,58.300389,9.969531525156079,50.72787742856136,322.2668053650057,3.2486792634072637,0.002988318085279861,0.8643858932672129
2026-07-15T15:15:39+03:00,14.58,294.14,-33.00150956284272,13.608,20.99890319154467,4.669606030316209,-0.15859471769221187,4.97664,5.3654399999999995,-0.9339212060632418,,13.344187048596872,23.029341,58.300438,9.815979850915594,49.03145780565893,331.96744538588575,3.2629069562955606,0.003041261370137749,0.8674271546373507
2026-07-15T15:15:41+03:00,14.58,294.15,-33.99845612637036,13.8996,16.99965778153153,3.9992454100131463,0.935296304771556,5.851439999999999,5.46264,-1.0714310768946396,,13.64785468001621,23.029373,58.300489,9.62185489718826,53.87863768732528,323.12102009420624,3.4494096581757834,0.0032278123206558543,0.8706549669580065
2026-07-15T15:15:43+03:00,14.58,294.14,-37.00075497285587,13.9968,13.99735893504601,8.94387118199215,3.7077244838505834,5.01552,5.52096,-0.9682986737710912,,12.536316557462412,23.029397,58.300536,10.437268498857032,53.810879662654855,320.1864792723911,2.961425954460036,0.0029249929049586275,0.8735799598629651
2026-07-15T15:15:45+03:00,14.58,294.14,-41.00000038286902,13.8996,24.99814860155782,15.412564689019145,1.5575284702836298,5.19048,5.7153599999999996,-0.9281916281119336,,13.132192664398469,23.029426,58.300577,10.54713320142576,59.8360540288335,325.1620945727243,2.608091588031967,0.0026291269065229815,0.876209086769488
2026-07-15T15:15:47+03:00,14.58,294.15,-42.999623087875584,13.7052,30.99701671657754,15.183381570966816,1.2667523892547372,6.29856,5.832,-1.306343772898277,,15.767798522000255,23.029474,58.300625,10.0617226918879,68.2720446198122,322.7249720967653,2.3317272237972992,0.003259235224361938,0.8794683219938499
2026-07-15T15:15:49+03:00,14.58,294.15,-42.999623087875584,13.802399999999999,29.994340575098594,14.64480124354384,-1.8516850023037945,5.79312,5.773680000000001,-1.409476176021825,,17.303325412950862,23.029524,58.300673,10.349357740372012,65.44176584618795,324.55257472891066,2.4077243263604915,0.0032890928247473025,0.8827574148185973
2026-07-15T15:15:51+03:00,14.58,294.14,-42.999623087875584,14.21064,26.997771306564392,8.880845824527759,-4.586011488006622,6.006959999999999,5.98752,-1.529797312999298,,17.62418177822412,23.029582,58.30072,10.637874369044113,65.64993665823003,321.34783464833436,2.4767330318251024,0.003367015514179364,0.8861244303327767
2026-07-15T15:15:53+03:00,14.7,294.15,-39.997324241390075,14.59944,20.99890319154467,0.21772396214971285,-4.712348681832969,5.96808,6.0264,-1.627200138171538,,18.98782133063548,23.02963,58.30077,10.73613211058823,60.93164983064993,320.0672533608947,2.899607423319284,0.0033661151655884915,0.8894905454983651
2026-07-15T15:15:55+03:00,14.66,294.15,-35.99807883137692,15.10488,12.99468279356707,351.5382552025166,-3.435283052265877,5.754239999999999,6.4152,-1.6386592940741544,,19.033657954245946,23.029655,58.30082,10.983188162032247,53.93286989608431,319.06181289748275,3.3877094035155513,0.003107381477130976,0.8925979269754961
2026-07-15T15:15:57+03:00,14.7,294.14,-31.99883342136378,15.29928,2.9965692685342056,345.5393870874969,-1.9091526691554164,5.81256,6.337439999999999,-1.3006141949469687,,15.870930925123806,23.029666,58.300866,10.817647158427004,48.54142457777672,314.4551446907575,3.8483703295737324,0.0027866970547603892,0.8953846240302565
2026-07-15T15:15:59+03:00,14.58,294.15,-29.002264152829575,15.70752,358.9981656951199,345.820136407111,0.5235688331905463,5.38488,6.318,-1.3693691303626676,,15.624559073217549,23.029662,58.300919,11.30355023357763,42.356694083506824,316.64147161161304,3.9792367085590716,0.0031882130626497748,0.8985728370929064
2026-07-15T15:16:01+03:00,14.43,294.13,-24.997289164865123,15.10488,354.99892028510675,347.42441823347724,0.03065324203949904,4.859999999999999,6.14304,-1.4896902673401402,,17.154356386216847,23.029648,58.300969,10.895433369043124,35.86215798559158,319.13676229951517,3.9386836947211417,0.0030377399931712013,0.9016105770860776
2026-07-15T15:16:03+03:00,14.43,294.15,-22.99766645985855,15.10488,358.9981656951199,347.48744359094167,-0.22030227222780152,5.20992,6.25968,-1.3579099744600511,,15.836553457415953,23.029639,58.301021,10.508068537211068,34.166845176269845,324.83132051885,4.310717459848212,0.0031385003959462344,0.9047490774820238
2026-07-15T15:16:05+03:00,14.43,294.14,-24.000342601337486,14.502239999999999,358.9981656951199,348.19791125690386,1.7331973302707404,5.79312,6.648479999999999,-1.1344564343590302,,13.137922242349777,23.029634,58.301076,9.50662023102545,38.35122516746776,320.64694052765213,4.543091833223477,0.003309694068570476,0.9080587715505943
2026-07-15T15:16:07+03:00,14.43,294.14,-24.997289164865123,14.21064,1.9996227050065731,351.02259318689886,1.152561900685164,5.773680000000001,6.27912,-0.9453803619658584,,11.207054472758902,23.029633,58.301132,9.303411845757415,40.20087014639205,321.7987525586145,4.40985725751994,0.003366180294053745,0.9114249518446481
2026-07-15T15:16:09+03:00,14.43,294.15,-27.002641447823002,13.9968,4.996191973540778,353.65819904450063,1.302906026127492,5.81256,6.318,-0.836518380891002,,10.07832761635118,23.029644,58.301187,9.20434716967823,43.66442996688602,321.33176200665474,4.204782166487006,0.0033241297452243834,0.9147490815898724
2026-07-15T15:16:11+03:00,14.43,294.16,-29.002264152829575,13.9968,6.995814678547352,356.93551763264895,0.7981302086172368,5.3654399999999995,5.96808,-0.8995437383553924,,11.144029115294511,23.029656,58.301241,9.661010296062042,44.62298631038641,322.3728283681609,3.8188213056692404,0.0032678695448913257,0.9180169511347638
2026-07-15T15:16:13+03:00,14.47,294.16,-29.999210716357208,13.9968,9.998113525032863,356.7521711382071,-0.2042021581846254,5.50152,6.0652800000000004,-0.9224620501606254,,11.18413616095367,23.029668,58.301294,9.633368781806217,46.590230203641994,323.40788332139084,3.780707221594806,0.0032081749658169796,0.9212251261005807
2026-07-15T15:16:15+03:00,14.51,294.15,-31.00188685783615,14.21064,7.9984908200262925,356.06462178405013,-1.231916555310783,5.598719999999999,6.0264,-0.836518380891002,,10.851820639777792,23.029684,58.301347,9.843566554259336,48.03677645595363,319.9617143640727,3.743603533171444,0.0032255402192241395,0.9244506663198049
2026-07-15T15:16:17+03:00,14.58,294.15,-29.999210716357208,14.59944,6.995814678547352,355.3656132739905,-0.32882047862557945,5.94864,6.201359999999999,-0.8479775367936184,,11.103922069635354,23.029694,58.301399,9.904831024916788,47.47379199381098,319.5220226847364,4.0208486460532535,0.003141518113328104,0.927592184433133
2026-07-15T15:16:19+03:00,14.58,294.15,-29.002264152829575,14.59944,7.9984908200262925,354.3629371325116,-0.6756891277977798,5.7153599999999996,5.96808,-0.8766254265501595,,10.800254438216017,23.029701,58.301452,9.992687458507277,45.10190839118758,322.8965824288387,4.03417529445253,0.003193371320694719,0.9307855557538277
2026-07-15T15:16:21+03:00,14.58,294.15,-27.99958801135063,14.79384,4.996191973540778,355.41144989760096,-0.24511134475696617,5.7348,6.10416,-0.8250592249883855,,10.851820639777792,23.029712,58.301511,10.095891160841731,43.46590101483716,321.53029095870363,4.162225564594481,0.003563332134433719,0.9343488878882614
2026-07-15T15:16:23+03:00,14.58,294.16,-29.002264152829575,14.91048,7.9984908200262925,354.9931907071555,0.2995423352943944,5.832,6.08472,-0.7734930234266114,,10.084057194302488,23.029725,58.301569,10.209199279697538,45.08153287797907,322.91695794204725,4.117974269785941,0.0035103422529682254,0.9378592301412296
2026-07-15T15:16:25+03:00,14.58,294.15,-29.002264152829575,15.007679999999999,3.9992454100131463,355.90419360141345,1.5675552316984194,5.6376,5.890319999999999,-0.7333859777674538,,9.132947254385321,23.029737,58.301622,10.441159727734634,44.178373818631684,319.82087159138143,4.043138452238329,0.0032081745500197674,0.9410674046912494
2026-07-15T15:16:27+03:00,14.58,294.15,-29.002264152829575,14.59944,7.9984908200262925,359.2617262808801,1.1847048329920034,5.50152,5.79312,-0.7563042895726866,,9.373589528340268,23.02975,58.301675,10.144756937894705,44.246364778787694,323.7521260412386,3.940993025449022,0.003212058739098031,0.9442794634303474
2026-07-15T15:16:29+03:00,14.62,294.15,-29.999210716357208,14.30784,11.997736230039438,2.245994556912827,1.7291293299253114,5.346,5.96808,-0.7964113352318443,,10.754417814605553,23.029766,58.301724,10.0403625052979,45.43861493636001,326.5591212936794,3.7511439546162686,0.0029883148604537605,0.9472677782908012
2026-07-15T15:16:31+03:00,14.73,294.15,-31.00188685783615,14.40504,14.994305498573642,3.414828458979706,-0.37127665124477344,5.7153599999999996,6.006959999999999,-0.8078704911344607,,11.378941811298148,23.029791,58.301771,9.9514903731938,48.20823664663649,326.78606885193716,3.808860481261845,0.0029333293798583984,0.9502011076706596
2026-07-15T15:16:33+03:00,14.73,294.15,-33.00150956284272,14.30784,14.994305498573642,3.1111608275603704,0.625669912282859,5.890319999999999,6.08472,-0.8479775367936184,,11.252891096369368,23.02982,58.301818,9.902021346454644,51.90634840594532,323.0879570926283,3.6340251398935055,0.0029698283831679543,0.9531709360538275
2026-07-15T15:16:35+03:00,14.58,294.15,-33.99845612637036,14.40504,9.998113525032863,3.4262876148823227,-0.1820859872925756,6.08472,5.90976,-0.8307888029396938,,10.851820639777792,23.029835,58.30187,9.959669381793617,53.97390135012269,316.0242121749102,3.5787506088743757,0.003161300546610045,0.9563322366004375
2026-07-15T15:16:37+03:00,14.58,294.15,-33.99845612637036,14.40504,9.998113525032863,3.0481354700959793,-0.3322582253963644,6.27912,6.201359999999999,-0.7505747116213785,,11.086733335781428,23.02985,58.301922,9.846587557208629,54.888784121455686,315.1093294035772,3.6115325483169944,0.0031613004423060812,0.9594935370427436
2026-07-15T15:16:39+03:00,14.58,294.14,-33.99845612637036,14.40504,14.994305498573642,1.5928226704636885,0.11459155902616464,5.6181600000000005,6.10416,-0.8307888029396938,,10.57107132016369,23.029874,58.301973,10.241032082124567,51.86236497402214,323.1319405245515,3.469509564027892,0.0031578170333100026,0.9626513540760536
2026-07-15T15:16:41+03:00,14.58,294.15,-33.00150956284272,14.696639999999999,14.994305498573642,1.8449241003212509,-0.08187566892419464,5.69592,5.851439999999999,-0.6875493541569879,,9.247538813411486,23.029899,58.302024,10.393527903715736,50.36833767356342,324.6259678250102,3.633140789995027,0.003165546387412925,0.9658169004634666
2026-07-15T15:16:43+03:00,14.58,294.15,-31.99883342136378,14.40504,12.99468279356707,2.7845748843358007,0.8941579350811627,5.52096,5.98752,-0.5500394833255903,,8.181837314468156,23.02992,58.302075,10.153547392614787,48.74502227002702,324.24966052354006,3.640582476608047,0.003136422149104587,0.9689533226125712
2026-07-15T15:16:45+03:00,14.58,294.16,-31.99883342136378,14.40504,15.996981640052585,2.7673861504818764,-0.3401650429691697,5.26824,5.94864,-0.5786873730821314,,7.975572508221059,23.029944,58.302124,10.321942448322318,47.69034991400318,328.30663172604943,3.54624767402287,0.0030412523681652933,0.9719945749807365
2026-07-15T15:16:47+03:00,14.58,294.15,-31.00188685783615,14.502239999999999,13.99735893504601,1.9938931270552647,-0.6417700263260351,5.81256,5.851439999999999,-0.6302535746439055,,8.548530303351884,23.029965,58.302171,9.979659456907727,48.45922487840281,325.53813405664323,3.854615917525066,0.0029018735209226177,0.9748964485016591
2026-07-15T15:16:49+03:00,14.58,294.14,-29.999210716357208,14.30784,13.99735893504601,0.32658594322456924,-0.8092455898427746,5.46264,6.0652800000000004,-0.641712730546522,,9.144406410287939,23.029984,58.30222,9.958866126342976,45.916748920887756,328.08061001415825,3.8003741697738156,0.003005786782163293,0.9779022352838225
2026-07-15T15:16:51+03:00,14.58,294.15,-29.999210716357208,14.40504,11.997736230039438,359.0268135848765,-0.2243702725732304,5.67648,5.98752,-0.6875493541569879,,9.350671216535035,23.030005,58.302268,9.904383760618142,46.65116193483635,325.3465742952031,3.8965541117515414,0.0029604216933975832,0.9808626569772201
2026-07-15T15:16:53+03:00,14.58,294.15,-29.002264152829575,14.40504,10.995060088560496,358.0928923788132,-0.58814117670179,5.46264,5.754239999999999,-0.7219268218648373,,9.889251543958009,23.030036,58.302321,9.98507736764711,44.38399783529371,326.61106225326677,3.903974337079809,0.0033327641165138942,0.9841954210937339
2026-07-15T15:16:55+03:00,14.58,294.15,-29.999210716357208,14.502239999999999,5.998868115019719,357.01573172396724,-0.3262421685474908,5.773680000000001,5.65704,-0.5958761069360561,,8.898034558381685,23.03006,58.302377,9.930878037255406,46.898264571466655,319.10060354355306,3.9451318096145793,0.0034503212858834416,0.9876457423796173
2026-07-15T15:16:57+03:00,14.66,294.15,-29.999210716357208,14.696639999999999,4.996191973540778,357.4454500703154,0.18008063500961774,5.9292,6.0652800000000004,-0.6130648407899808,,8.81782046706337,23.030071,58.302429,10.01077987115739,47.22474203988219,317.7714499336586,4.02666435874337,0.003144849300748483,0.9907905916803658
2026-07-15T15:16:59+03:00,14.58,294.14,-29.999210716357208,14.59944,7.9984908200262925,356.9011401649411,-0.32790374615337015,5.67648,5.79312,-0.47555496995858326,,7.860980949194894,23.030077,58.302483,10.090785002395537,46.33485592730605,321.6636348927202,3.9192828476601034,0.0032513435367724653,0.9940419352171382
2026-07-15T15:17:01+03:00,14.7,294.14,-31.00188685783615,14.40504,7.9984908200262925,356.69487535869405,-0.2801763618189726,5.754239999999999,5.7153599999999996,-0.4354479242994257,,7.087487925768284,23.03009,58.302531,9.925622087323866,48.37556951269312,319.6229213073332,3.8222251933473608,0.0029142374108553034,0.9969561726279935
2026-07-15T15:17:03+03:00,14.62,294.14,-31.00188685783615,14.59944,6.995814678547352,356.3109936359564,-0.8538217063039528,5.38488,5.754239999999999,-0.4640958140559668,,6.995814678547352,23.030102,58.302581,10.361887873238103,46.52757332028733,320.46824135826,3.7048265885957656,0.003029187751820598,0.9999853603798141
2026-07-15T15:17:05+03:00,14.62,294.14,-29.999210716357208,14.59944,6.995814678547352,356.7063345145966,0.759283670107367,5.307119999999999,5.42376,-0.37242256683503505,,6.703606203030633,23.030118,58.30263,10.3492564791621,44.85546657811301,322.1403481004343,3.76215509319496,0.002988312673214627,1.0029736730530288
2026-07-15T15:17:07+03:00,14.73,294.14,-29.999210716357208,14.502239999999999,7.9984908200262925,356.31672321390766,-0.8606971998455226,5.2488,5.5404,-0.3323155211758775,,7.545854161872943,23.030131,58.302681,10.296660797391896,44.76525082378865,323.23323999623767,3.726637281306373,0.0030928661028852733,1.006066539155914
2026-07-15T15:17:09+03:00,14.66,294.14,-29.002264152829575,14.30784,5.998868115019719,356.08181051790405,-0.46678871569308167,5.307119999999999,5.754239999999999,-0.418259190445501,,8.502693679741416,23.030145,58.302731,10.002848591686565,43.90858184577999,322.09028626923975,3.8234999821234408,0.003037736788274358,1.0091042759441884
2026-07-15T15:17:11+03:00,14.73,294.13,-29.002264152829575,13.9968,6.995814678547352,355.2338329811104,-0.6467547591436732,4.93776,5.50152,-0.4297183463481174,,11.56801788369132,23.030154,58.302777,9.969936308701511,42.89626068813868,324.09955399040865,3.617340381597155,0.002779526832057807,1.0118838027762462
2026-07-15T15:17:13+03:00,14.58,294.15,-27.99958801135063,13.9968,6.995814678547352,353.96759625387125,0.31690295648685834,4.957199999999999,5.404319999999999,-0.3380450991271857,,10.548153008358458,23.030164,58.30282,9.897335373220573,41.59930572362242,325.3965089549249,3.707024574944728,0.0026038560610963635,1.0144876588373426
2026-07-15T15:17:15+03:00,14.58,294.15,-29.002264152829575,13.9968,0.9969465635276323,355.1822667795486,-0.02337667804133759,5.6376,5.443199999999999,-0.6990085100596044,,12.135246100870834,23.030168,58.302872,9.469232002709662,45.77981774135833,315.2171288221693,3.931761400372896,0.003128153181798071,1.0176158120191408
2026-07-15T15:17:17+03:00,14.58,294.14,-27.002641447823002,14.502239999999999,5.998868115019719,353.80143849328334,-1.7126281454255439,5.26824,5.50152,-0.3552338329811104,,10.061138882497255,23.030175,58.302921,10.095763299227578,40.70781378856637,325.2910543264534,3.9935650894340466,0.002953563576021357,1.0205693755951621
2026-07-15T15:17:19+03:00,14.58,294.14,-24.997289164865123,14.59944,2.9965692685342056,351.6929538072019,0.6658342537215297,5.3654399999999995,5.443199999999999,-0.05729577951308232,,6.571825910150543,23.03018,58.302966,9.997094529145189,38.10581170072663,324.89075756780755,4.221916810391168,0.0027094528200014016,1.0232788284151635
2026-07-15T15:17:21+03:00,14.58,294.14,-27.002641447823002,14.21064,358.9981656951199,354.4259624899759,1.8885834843102196,5.09328,5.832,-0.19480565034447989,,7.190620328891831,23.030177,58.303011,9.945195340864723,40.44843636301911,318.5497293321008,3.87593581829733,0.0027065061464591816,1.0259853345616228
2026-07-15T15:17:23+03:00,14.58,294.14,-27.002641447823002,14.094,7.9984908200262925,357.0558387696264,1.089135472764182,4.74336,5.57928,-0.4812845479098915,,10.135623395864263,23.030188,58.303051,10.100016351998239,39.31439812923756,328.6840926907887,3.6698476030240132,0.0024292776212962454,1.028414612182919
2026-07-15T15:17:25+03:00,14.58,294.13,-29.002264152829575,13.802399999999999,9.998113525032863,359.16432345570786,0.19280029806152202,5.03496,5.5598399999999994,-0.22918311805232927,,10.244485376939119,23.030202,58.303093,9.710672301710632,43.56207604143569,326.43603748359715,3.6484738031324313,0.002562951169949861,1.0309775633528688
2026-07-15T15:17:27+03:00,14.43,294.14,-29.999210716357208,13.608,12.99468279356707,0.18907607239317165,-1.0118434662010338,4.84056,5.67648,-0.7219268218648373,,10.937764309047413,23.030222,58.30314,9.721985460689304,44.4141962344072,328.58048655915985,3.4576086263648427,0.0028948145359909117,1.0338723778888597
2026-07-15T15:17:29+03:00,14.43,294.14,-29.002264152829575,13.5108,9.998113525032863,357.74911770173475,-1.01270290289373,5.307119999999999,5.46264,-0.8193296470370772,,11.917522138721122,23.030241,58.303189,9.234907086150837,45.18074644221605,324.8173670828168,3.74084354131598,0.0030057835014346396,1.0368781613902942
2026-07-15T15:17:31+03:00,14.43,294.13,-29.002264152829575,13.5108,4.996191973540778,355.783872464436,-1.2127224691739005,5.6376,5.52096,-0.8250592249883855,,11.699798176571411,23.030255,58.303245,9.005012550055485,46.672452590267625,318.32373938327316,3.8683417411180585,0.003394947340231275,1.0402731087305255
2026-07-15T15:17:33+03:00,14.43,294.13,-27.99958801135063,13.7052,5.998868115019719,355.83543866599774,0.773149248749533,5.1710400000000005,5.890319999999999,-0.7620338675239948,,10.9263051531448,23.030266,58.303299,9.456344366791706,42.875056709480816,323.1238114055389,3.7895406932691205,0.0032643550610310934,1.0435374637915567
2026-07-15T15:17:35+03:00,14.43,294.13,-27.99958801135063,13.9968,7.9984908200262925,357.11886412709083,0.7467358943940018,5.2488,5.773680000000001,-0.7677634454753031,,11.144029115294511,23.030276,58.303347,9.681211020321962,42.74514394052625,325.25334687950004,3.8546139436135602,0.002902404180555957,1.0464398679721125
2026-07-15T15:17:37+03:00,14.43,294.13,-29.999210716357208,13.9968,10.995060088560496,357.10167539323686,-0.675116170002649,5.1127199999999995,5.67648,-0.7620338675239948,,11.298727719979832,23.030291,58.303393,9.904584622638549,44.95611859984393,326.03894148871655,3.618006742593686,0.0028052441062661466,1.0492451120783786
2026-07-15T15:17:39+03:00,14.28,294.13,-31.00188685783615,14.30784,9.998113525032863,356.1677541871736,-0.7047380880109125,5.20992,5.754239999999999,-0.9511099399171665,,12.181082724481302,23.030307,58.30344,10.201418904904685,46.25283359116705,323.74527993386585,3.6025415714727043,0.0028698984147462136,1.0521150104931247
2026-07-15T15:17:41+03:00,14.28,294.14,-29.002264152829575,13.9968,7.9984908200262925,354.97600197330155,-0.22597455439959666,5.26824,5.65704,-0.836518380891002,,11.63677281910702,23.030322,58.303483,9.730431389475328,44.22094677051692,323.7775440495094,3.7755141358164948,0.0026276870064052523,1.05474269749953
2026-07-15T15:17:43+03:00,14.28,294.14,-29.002264152829575,13.802399999999999,0.9969465635276323,355.6520921715559,0.3319144507192859,5.81256,6.045839999999999,-0.7677634454753031,,10.754417814605553,23.03033,58.30353,9.162884731963942,46.91483275258793,314.0821138109397,3.9704709555778996,0.0028363379954276864,1.0575790354949577
2026-07-15T15:17:45+03:00,14.28,294.14,-29.002264152829575,13.7052,4.996191973540778,355.7781428864847,0.20196762278361519,5.6181600000000005,5.890319999999999,-0.716197243913529,,9.980924791178941,23.030341,58.303579,9.203870465349432,46.21708094068279,318.779111032858,3.887362060388999,0.0029656953965013894,1.060544730891459
2026-07-15T15:17:47+03:00,14.28,294.14,-27.002641447823002,13.608,5.998868115019719,355.9156527573161,0.23731911874318698,5.50152,5.79312,-0.6990085100596044,,10.026761414789405,23.030352,58.303632,9.057465221023584,43.011117838434586,322.98775027658513,4.022828886518917,0.0032045947267439383,1.063749325618203
2026-07-15T15:17:49+03:00,14.13,294.14,-27.99958801135063,13.8996,9.998113525032863,355.38853158579576,-0.33122690136512883,5.03496,5.598719999999999,-0.716197243913529,,10.267403688744352,23.030366,58.303679,9.74499588371616,42.03722481722619,327.9608887078067,3.73951482660667,0.0028594526528031633,1.066608778271006
2026-07-15T15:17:51+03:00,14.13,294.14,-29.002264152829575,13.802399999999999,5.998868115019719,354.92443577173975,-0.23794937231783084,5.26824,5.69592,-0.6818197762056798,,10.170000863572112,23.030382,58.30373,9.542985256177671,44.52733519641444,321.47153291860525,3.755812439109199,0.0031068608406673143,1.0697156391116733
2026-07-15T15:17:53+03:00,14.13,294.14,-29.002264152829575,13.8996,6.995814678547352,353.53214832957184,-0.5633893999521384,5.19048,5.598719999999999,-0.739115555718762,,10.393454403673134,23.030392,58.303779,9.692409787669998,44.051191229473716,322.9446234490736,3.7304959046135684,0.0029621618018623266,1.0726778009135356
2026-07-15T15:17:55+03:00,14.13,294.14,-27.99958801135063,14.30784,5.998868115019719,353.3946384587405,0.4705702371409451,5.0544,5.6376,-0.739115555718762,,10.387724825721826,23.030397,58.303827,10.126971382152549,41.55062444331304,324.4482436717067,3.782561134994492,0.0028894883551725103,1.075567289268708
2026-07-15T15:17:57+03:00,14.13,294.13,-27.002641447823002,14.21064,2.9965692685342056,354.408773756122,0.3039541103169017,5.46264,5.890319999999999,-0.6818197762056798,,10.170000863572112,23.0304,58.303875,9.667086416719082,41.86882685107108,321.12774241746314,4.067890275381353,0.0028867255958059806,1.078454014864514
2026-07-15T15:17:59+03:00,14.1,294.13,-27.002641447823002,14.40504,4.996191973540778,353.37744972488656,-1.6285752368798518,5.26824,5.5598399999999994,-0.7563042895726866,,10.800254438216017,23.030402,58.303934,10.00135731694731,40.839743552993326,324.15644842054746,3.985642848078862,0.0035469177081480724,1.082000932572662
2026-07-15T15:18:01+03:00,14.13,294.13,-27.002641447823002,14.40504,1.9996227050065731,352.3862327393102,0.14553127996322912,5.3654399999999995,5.50152,-0.8078704911344607,,11.126840381440589,23.030405,58.303989,9.928024953647398,41.206578402404205,320.79304430260237,4.036631248509714,0.0033072817539134035,1.0853082143265755
2026-07-15T15:18:03+03:00,14.13,294.14,-27.002641447823002,14.40504,2.9965692685342056,352.42061020701806,0.4391148541882629,5.443199999999999,5.7348,-0.7964113352318443,,10.720040346897703,23.030409,58.304036,9.869655992436485,41.503961639707796,321.4926076288264,4.0764663841489215,0.002827885636898464,1.088136099963474
2026-07-15T15:18:05+03:00,14.13,294.14,-27.002641447823002,14.21064,1.9996227050065731,353.1138891391264,0.22041686378682773,5.3654399999999995,5.598719999999999,-0.7047380880109125,,10.101245928156414,23.030413,58.304085,9.739684864101614,41.487189126412744,320.5124335785938,4.019271806861056,0.0029479859471022267,1.0910840859105762
2026-07-15T15:18:07+03:00,14.13,294.13,-27.99958801135063,13.9968,2.9965692685342056,353.61236242089024,0.4968689999374499,5.50152,5.6181600000000005,-0.6302535746439055,,9.654338847954373,23.030418,58.304136,9.497167654432745,43.78003406691309,319.2165352016211,3.9721050116442744,0.003069557782458352,1.0941536436930346
2026-07-15T15:18:09+03:00,14.25,294.14,-27.002641447823002,13.9968,1.9996227050065731,354.1165652806053,0.6142680521597556,5.6376,5.5598399999999994,-0.641712730546522,,9.717364205418761,23.030426,58.304184,9.33169441496734,42.92271874886009,319.07690395614645,4.128261835390216,0.002896211307377383,1.097049855000412
2026-07-15T15:18:11+03:00,14.13,294.13,-27.99958801135063,14.30784,2.9965692685342056,354.6093089844178,-0.7190047371096701,5.598719999999999,5.46264,-0.6875493541569879,,10.192919175377344,23.030434,58.304234,9.726321740761186,43.677910954790974,319.31865831374324,4.049181557108965,0.0030159866582371475,1.100065841658649
2026-07-15T15:18:13+03:00,14.13,294.14,-27.002641447823002,14.40504,3.9992454100131463,354.6379568741744,-0.48495147779872877,5.3654399999999995,5.52096,-0.7563042895726866,,10.880468529534333,23.030438,58.304283,9.928024953647398,41.206578402404205,322.79266700760894,4.036631248509714,0.0029479859168087966,1.103013827575458
2026-07-15T15:18:15+03:00,13.98,294.14,-27.002641447823002,14.40504,3.9992454100131463,353.83008638303994,-0.1389995610987377,5.52096,5.65704,-0.790681757280536,,10.874738951583025,23.030445,58.304334,9.81155607296974,41.80487502137484,322.1943703886383,4.115430055455367,0.0030734543129844766,1.1060872818884424
2026-07-15T15:18:17+03:00,13.98,294.14,-27.99958801135063,14.21064,357.99548955364094,353.70976524606243,0.28378599592829673,5.96808,5.48208,-0.836518380891002,,11.252891096369368,23.030446,58.304384,9.369829635266175,45.39859267510576,312.5968968785352,4.190609967640937,0.0030055517451986887,1.1090928336336412
2026-07-15T15:18:19+03:00,13.91,294.14,-27.99958801135063,14.59944,4.996191973540778,353.40036803669176,-0.42181152877531203,5.326560000000001,5.3654399999999995,-0.8479775367936184,,11.522181260080856,23.030448,58.304439,10.20739393378742,42.180397651615294,322.81579432192547,3.947164010872098,0.003306527723340495,1.1123993613569816
2026-07-15T15:18:21+03:00,13.83,294.14,-27.99958801135063,14.79384,7.9984908200262925,352.51801303219025,-1.0623210479520593,5.346,5.5404,-0.8021409131831525,,11.063815023976195,23.030457,58.304487,10.381521926258948,41.98959770195995,326.00889311806634,3.9735016227016176,0.002899136745221105,1.1152984981022027
2026-07-15T15:18:23+03:00,13.83,294.15,-27.99958801135063,14.59944,2.9965692685342056,352.2315341346249,0.7220414134238634,5.38488,5.5598399999999994,-0.6818197762056798,,9.929358589617168,23.030465,58.304536,10.164252245935028,42.40114247469029,320.5954267938439,3.9764209911522435,0.002956094316850549,1.1182545924190532
2026-07-15T15:18:25+03:00,13.83,294.14,-27.002641447823002,15.10488,1.9996227050065731,353.90457089640694,0.5653947522350964,5.07384,5.7153599999999996,-0.6818197762056798,,10.072598038399873,23.030469,58.304584,10.83196362556303,39.281778532338535,322.71784417266804,3.9273632383000616,0.002887934512387683,1.121142526931441
2026-07-15T15:18:27+03:00,13.83,294.15,-25.99996530634406,15.29928,4.996191973540778,354.2082385278262,-0.01432394487827058,5.28768,5.5404,-0.7219268218648373,,10.72576992484901,23.030476,58.30463,10.798460480119255,38.39536130223769,326.6008306713031,4.14418611616358,0.002773778265990787,1.1239163051974317
2026-07-15T15:18:29+03:00,13.8,294.15,-27.002641447823002,15.29928,2.9965692685342056,353.5378779075232,0.35804132617725143,5.67648,5.52096,-0.865166270647543,,11.92325171667243,23.030492,58.304674,10.560929057920317,41.12781659952063,321.8687526690136,4.2757753728988135,0.0026925762982600043,1.1266088814956916
2026-07-15T15:18:31+03:00,13.68,294.15,-25.99996530634406,14.91048,9.998113525032863,351.9565143929621,-0.17062683138995918,5.09328,5.404319999999999,-0.9682986737710912,,12.433184154338864,23.030508,58.304719,10.571149110840631,38.19330160041807,331.8048119246148,4.002957401366336,0.002751639134200404,1.129360520629892
2026-07-15T15:18:33+03:00,13.53,294.14,-25.99996530634406,14.40504,3.9992454100131463,352.6096862794113,0.31065771651993235,4.548959999999999,5.46264,-0.836518380891002,,11.401860123103383,23.030514,58.304764,10.50742193308286,36.94008746001043,327.0591579500027,3.6358216661882827,0.0027114761246609907,1.132071996754553
2026-07-15T15:18:35+03:00,13.53,294.15,-27.002641447823002,14.696639999999999,1.9996227050065731,353.34880183512996,-0.24711669703992406,5.1710400000000005,5.28768,-0.8708958485988514,,11.900333404867197,23.030516,58.30481,10.358888558941176,40.10241319962867,321.8972095053779,3.9552988703941363,0.0027656762732141977,1.1348376730277672
2026-07-15T15:18:37+03:00,13.38,294.15,-25.99996530634406,14.79384,4.996191973540778,352.4492580967746,-0.5838439932383088,5.09328,5.598719999999999,-0.9912169855763242,,13.18948844391155,23.03052,58.304858,10.457169474116434,38.32828276603078,326.66790920751,3.9955270679912203,0.002887934470359139,1.1377256074981263
2026-07-15T15:18:39+03:00,13.35,294.15,-25.99996530634406,14.696639999999999,2.9965692685342056,352.7586553061452,0.026126875457965538,5.67648,5.67648,-1.0427831871380984,,13.802553284701533,23.030527,58.304909,9.912088203725094,40.53945384817021,322.457115420364,4.313889655896852,0.003073454054566601,1.1407990615526928
2026-07-15T15:18:41+03:00,13.16,294.15,-27.002641447823002,14.79384,3.9992454100131463,351.9622439709134,-0.31484030842438737,5.5598399999999994,5.87088,-0.9969465635276323,,13.166570132106319,23.030536,58.304958,10.158736511271366,41.39080876531429,322.6084366446988,4.1710872961679035,0.0029589604019611246,1.143758021954654
2026-07-15T15:18:43+03:00,12.9,294.15,-25.99996530634406,14.696639999999999,2.9965692685342056,351.2345875710973,-0.11419048856957308,5.326560000000001,5.6181600000000005,-0.9797578296737078,,12.691015162147734,23.030544,58.305,10.180553758228918,39.259334536460784,323.73723473207343,4.1242997692504675,0.0025371343467456555,1.1462951563013997
2026-07-15T15:18:45+03:00,12.52,294.16,-24.997289164865123,15.10488,0.0,350.3407734106932,-0.7928017011225201,5.20992,5.5598399999999994,-1.0026761414789407,,13.115003930544542,23.030544,58.305052,10.613827982239403,36.968841193217145,323.03115880678286,4.162531610616354,0.0031256012534982332,1.1494207575548978
2026-07-15T15:18:47+03:00,12.18,294.16,-24.997289164865123,15.29928,0.9969465635276323,350.15742691625127,0.07792226013779197,5.03496,5.42376,-1.0542423430407146,,13.372834938353414,23.030539,58.305099,10.94475416124599,36.206910835160556,324.79003572836706,4.062654188322332,0.0028294720515323153,1.15225022960643
2026-07-15T15:18:49+03:00,12.18,294.16,-24.997289164865123,15.10488,4.996191973540778,350.73038471138216,0.2095879614588551,5.01552,5.5598399999999994,-1.0427831871380984,,13.41867156196388,23.030543,58.305144,10.769780878048255,36.34687041364293,328.6493215598978,4.039719088444218,0.0027077953502817336,1.1549580249567117
2026-07-15T15:18:51+03:00,12.6,294.16,-25.99996530634406,15.29928,4.996191973540778,350.59287484055073,-0.01506879001194065,5.1127199999999995,5.326560000000001,-1.180293057969496,,14.174975851536567,23.030546,58.305189,10.93612416386336,37.82604228791041,327.17014968563035,4.03841661218668,0.002706505942290948,1.1576645308990028
2026-07-15T15:18:53+03:00,12.78,294.16,-25.99996530634406,15.10488,1.9996227050065731,348.89691976696355,-0.9297386141587868,5.151599999999999,5.46264,-1.1287268564077217,,13.842660330360689,23.030545,58.305236,10.715329313434307,38.166570332836585,323.83305237216996,4.050278457155308,0.0028252391777679464,1.1604897700767707
2026-07-15T15:18:55+03:00,12.71,294.16,-25.99996530634406,15.29928,2.9965692685342056,349.01151132598966,0.9432604181238742,4.84056,5.48208,-1.1172677005051053,,13.567640588697895,23.030555,58.305282,11.152345946402022,36.96851906033362,326.02805020820057,3.867443124125841,0.0027829313405265533,1.1632727014172972
2026-07-15T15:18:57+03:00,12.63,294.17,-25.99996530634406,15.396479999999999,0.0,350.0084578895172,-1.3693118345831545,5.19048,5.42376,-1.2146705256773451,,14.879713939547477,23.030556,58.305334,10.969875375296969,37.971071129657304,322.0289288703427,4.091766995485257,0.003125760787804996,1.1663984622051022
2026-07-15T15:18:59+03:00,12.82,294.17,-24.997289164865123,15.29928,358.9981656951199,348.54168593398236,-1.2366721050103688,5.26824,5.754239999999999,-1.283425461093044,,15.624559073217549,23.030559,58.305385,10.757405698897507,36.94087294938723,322.05729274573264,4.210673139315175,0.0030669571831594663,1.1694654193882617
2026-07-15T15:19:01+03:00,13.5,294.17,-24.997289164865123,15.610319999999998,355.9958668486344,346.39309420224185,-0.21669263811847736,4.957199999999999,5.404319999999999,-1.082890232797256,,13.573370166649203,23.030562,58.305425,11.313104345497498,35.66804009312912,320.32782675550527,4.027273414416584,0.002406174520778922,1.1718715939090405
2026-07-15T15:19:03+03:00,13.68,294.17,-25.99996530634406,15.70752,356.9985429901134,347.1207506020579,1.8883543011921673,4.91832,5.326560000000001,-0.8594366926962348,,10.72576992484901,23.030552,58.30547,11.491042100053445,36.81438325659016,320.1841597335232,3.937513394993933,0.0027232202384811157,1.1745948141475215
2026-07-15T15:19:05+03:00,13.76,294.18,-24.997289164865123,15.804720000000001,356.9985429901134,351.1199960120711,0.28504650307758456,5.52096,5.52096,-0.7563042895726866,,10.771606548459477,23.030542,58.305522,11.050017005223653,37.18603859483568,319.8125043952777,4.398423056503736,0.003141514412842661,1.1777363285603641
2026-07-15T15:19:07+03:00,13.83,294.18,-24.997289164865123,15.610319999999998,0.9969465635276323,350.8908128940188,-0.8291845211133274,5.01552,5.6181600000000005,-1.0771606548459478,,13.899956109873772,23.030542,58.30557,11.265775981421337,35.84098743879747,325.15595912473015,4.065806976789905,0.002885170387668053,1.1806214989480321
2026-07-15T15:19:09+03:00,13.83,294.18,-24.997289164865123,15.804720000000001,4.996191973540778,349.2578831778959,-0.2778272348589362,4.510079999999999,5.5598399999999994,-1.2146705256773451,,15.080249167843267,23.030552,58.305611,11.871095465625299,34.23583889402701,330.7603530795138,3.7286131416578385,0.0024845677964739038,1.1831060667445061
2026-07-15T15:19:11+03:00,13.83,294.18,-24.997289164865123,15.99912,1.9996227050065731,349.09172541730806,0.05987408959117103,4.510079999999999,5.307119999999999,-1.2318592595312698,,14.805229426180473,23.030561,58.305652,12.063014174363293,34.08760033689097,327.9120223681156,3.735165477490069,0.002480751585132361,1.1855868183296385
2026-07-15T15:19:13+03:00,13.83,294.19,-25.99996530634406,15.99912,355.9958668486344,349.0401592157462,-0.12851443344784366,5.0544,5.307119999999999,-1.0198648753328654,,13.160840554155008,23.030557,58.3057,11.668551090949167,36.94612608521416,319.04974076342023,4.039481685323826,0.0028879343380909675,1.1884747526677295
2026-07-15T15:19:15+03:00,13.91,294.2,-24.997289164865123,16.19352,357.99548955364094,349.5959282770231,0.6538594358032954,5.20992,5.46264,-0.9453803619658584,,12.358699640971857,23.030554,58.305749,11.680973698970773,35.861151462307475,322.13433809133346,4.2223225379167015,0.0029468014280367074,1.1914215540957662
2026-07-15T15:19:17+03:00,13.98,294.2,-24.997289164865123,16.19352,0.0,350.5470382169403,0.12473291199998023,5.151599999999999,5.5404,-0.9912169855763242,,13.401482828109954,23.030549,58.305798,11.728288266223062,35.6942452360428,324.3057547639572,4.183831414572595,0.002949507606904694,1.1943710617026708
2026-07-15T15:19:19+03:00,13.98,294.2,-24.997289164865123,16.31016,1.9996227050065731,349.42404093848387,-1.02868842537788,5.346,5.404319999999999,-1.0255944532841736,,14.375511079832355,23.030548,58.305848,11.6853813366077,36.14423867881166,325.8553840261949,4.317080604275349,0.0030055517307031442,1.1973766134333739
2026-07-15T15:19:21+03:00,13.98,294.2,-24.000342601337486,16.31016,3.9992454100131463,348.26666619231963,0.004239887683968092,4.16016,5.46264,-0.790681757280536,,13.899956109873772,23.03055,58.305895,12.623597292428228,31.703661298822993,332.2955841111901,3.539370645647787,0.002825768603273284,1.2002023820366472
2026-07-15T15:19:23+03:00,13.98,294.2,-24.000342601337486,16.407359999999997,0.0,348.65627749300853,0.37952724349465733,4.43232,5.443199999999999,-0.8021409131831525,,15.979792906198659,23.030548,58.305938,12.48904908415103,32.3000620611854,327.6999379388146,3.7464683632167612,0.002585403383997338,1.2027877854206446
2026-07-15T15:19:25+03:00,13.98,294.2,-22.99766645985855,16.407359999999997,356.9985429901134,348.92556765672003,-0.2968494336572795,5.22936,5.326560000000001,-0.8708958485988514,,15.79071683380549,23.030542,58.305985,11.772269077516047,32.99195646353226,324.00658652658115,4.386110113800983,0.0028314096867825354,1.205619195107427
2026-07-15T15:19:27+03:00,13.98,294.21,-24.000342601337486,16.50456,0.0,349.14329161886974,0.4028466257564818,5.151599999999999,5.404319999999999,-0.790681757280536,,13.928603999630313,23.030545,58.306033,11.982975025960595,34.07099751402288,325.9290024859771,4.267297041813137,0.0028867254061479253,1.208505920513575
2026-07-15T15:19:29+03:00,13.98,294.21,-24.000342601337486,16.407359999999997,355.9958668486344,349.7334381478545,1.0265684815358957,5.5404,5.42376,-0.7964113352318443,,16.352215473033695,23.030542,58.306091,11.567595889920998,35.2341216996345,320.7617451489999,4.525406849158082,0.0034875345690887666,1.2119934550826639
2026-07-15T15:19:31+03:00,13.98,294.21,-24.997289164865123,16.19352,2.9965692685342056,351.42366364349044,0.7609452477132463,4.82112,5.7348,-1.088619810748564,,18.151302949744483,23.030541,58.306141,11.998234502510671,34.773414119116666,328.22315514941755,3.9601351656728023,0.0030055517279551336,1.214999006810619
2026-07-15T15:19:33+03:00,13.98,294.21,-25.99996530634406,16.09632,3.9992454100131463,351.13718474592497,0.15962604172344733,5.03496,5.5598399999999994,-0.7734930234266114,,18.752908634631844,23.030541,58.30619,11.779557670258505,36.7995169172018,327.19972849281135,4.0316758528917465,0.002945278104316774,1.2179442849149358
2026-07-15T15:19:35+03:00,13.87,294.21,-25.99996530634406,16.19352,358.9981656951199,351.9106777693517,0.4205510216260242,5.48208,5.754239999999999,-1.575633936609764,,17.790339538812063,23.030544,58.306244,11.519715675831806,38.04115125566818,320.9570144394517,4.317512793336031,0.0032471989865732213,1.221191483901509
2026-07-15T15:19:37+03:00,13.83,294.21,-27.002641447823002,16.09632,1.9996227050065731,353.2513990099577,-0.36623462264762224,5.6376,6.10416,-1.4954198452914487,,17.486671907392726,23.03054,58.3063,11.365287697849205,40.018241072041036,321.9813816329655,4.3174982427453035,0.0033684014407444787,1.2245598853422535
2026-07-15T15:19:39+03:00,13.83,294.21,-27.99958801135063,15.99912,2.9965692685342056,353.56652579727967,0.7897650248083267,6.10416,6.006959999999999,-1.409476176021825,,16.025629529809127,23.030547,58.306352,10.989655517930842,43.11490296742409,319.8816663011101,4.455942358985437,0.0031334084336414668,1.2276932937758949
2026-07-15T15:19:41+03:00,13.68,294.21,-29.002264152829575,16.09632,4.996191973540778,354.59784982851517,-0.3072199697491474,5.3654399999999995,5.98752,-1.5240677350479896,,16.810581709138354,23.030551,58.306407,11.69665515175468,41.852632838364286,323.1435591351765,3.996519868148181,0.003308336756880039,1.231001630532775
2026-07-15T15:19:43+03:00,13.68,294.22,-27.002641447823002,16.09632,4.996191973540778,353.99624414362785,-0.32641405588603,5.67648,6.006959999999999,-1.5928226704636885,,18.151302949744483,23.030559,58.306465,11.335539418440737,40.1446097000877,324.85158227345306,4.339212930835017,0.0034953891845989587,1.234497019717374
2026-07-15T15:19:45+03:00,13.68,294.23,-27.99958801135063,16.09632,6.995814678547352,354.1910497939723,0.31965315390348625,5.46264,6.14304,-1.5870930925123803,,17.62418177822412,23.030568,58.306518,11.561099376586295,40.815725848145235,326.1800888304021,4.134211629176477,0.0031983617800138953,1.237695381497388
2026-07-15T15:19:47+03:00,13.53,294.23,-27.99958801135063,16.407359999999997,4.996191973540778,353.83581596099117,0.10376265669819208,5.90976,6.006959999999999,-1.673036761782004,,18.099736748182707,23.03058,58.306575,11.528164957159099,41.92538525056452,323.0708067229763,4.396953548516514,0.0034470329685409085,1.2411424144659289
2026-07-15T15:19:49+03:00,13.53,294.23,-27.002641447823002,16.31016,5.998868115019719,353.4863117059614,-0.4137328238639674,5.443199999999999,6.006959999999999,-1.8048170546620932,,18.84458188185278,23.030598,58.306625,11.72379207333525,39.171926379517004,326.8269417355027,4.219862984087067,0.0030586676346919532,1.2442010821006209
2026-07-15T15:19:51+03:00,13.53,294.23,-27.002641447823002,16.50456,1.9996227050065731,352.2659116023327,-0.43040589570227444,5.5404,5.890319999999999,-1.6959550735872368,,18.237246619014105,23.030604,58.306677,11.83848662799324,39.270738754721435,322.72888395028514,4.2891758965326465,0.0031313389326955605,1.2473324210333163
2026-07-15T15:19:53+03:00,13.5,294.22,-25.99996530634406,16.60176,4.996191973540778,352.363314427505,0.740490654427076,4.84056,6.045839999999999,-1.730332541295086,,17.92211983169215,23.030607,58.306721,12.433501964921563,35.82643048836894,329.1697614851718,3.9246964832448663,0.002646435753412157,1.2499788567867285
2026-07-15T15:19:55+03:00,13.38,294.22,-25.99996530634406,16.407359999999997,1.9996227050065731,352.2945594920893,-0.10966412198803957,5.19048,6.006959999999999,-1.5412564689019144,,16.55848027928079,23.030613,58.306767,11.960609079235502,36.96659773543314,325.03302496957343,4.147121995866207,0.002771439342012863,1.2527502961287413
2026-07-15T15:19:57+03:00,13.38,294.23,-25.99996530634406,16.407359999999997,0.0,352.64979332507033,0.5675719918565935,5.832,5.94864,-1.409476176021825,,15.126085791453734,23.030614,58.306821,11.454541586776186,38.896627864944804,321.1033721350552,4.538929577350295,0.003245970299039048,1.2559962664277804
2026-07-15T15:19:59+03:00,13.23,294.22,-27.002641447823002,16.407359999999997,2.9965692685342056,355.2395625590617,1.1231118700154397,6.1236,6.0264,-1.3636395524113596,,15.29797312999298,23.030623,58.306882,11.29874039778501,41.247857411697225,321.74871185683696,4.604117227680401,0.0036775692379760745,1.2596738356657564
2026-07-15T15:20:01+03:00,13.2,294.23,-27.99958801135063,16.19352,7.9984908200262925,354.8785991481293,-0.7658153889718583,6.27912,6.0264,-1.4839606893888322,,16.478266187962475,23.03064,58.306941,11.049826488682811,43.472097242501064,324.52639357752525,4.556817099759186,0.0035867577561525246,1.263260593421909
2026-07-15T15:20:03+03:00,13.08,294.24,-27.99958801135063,16.31016,8.995437383553925,352.2544524464301,-1.382776342768729,5.6376,5.87088,-1.598552248414997,,17.08560145080115,23.030663,58.306996,11.637391925148902,41.14522344900561,327.8502139345483,4.245362503970787,0.0033847691028362327,1.2666453625247451
2026-07-15T15:20:05+03:00,12.71,294.23,-27.002641447823002,16.50456,2.9965692685342056,348.9370268126226,-1.3700566797168243,5.773680000000001,5.81256,-1.5355268909506061,,16.610046480842563,23.030678,58.307044,11.658824885259953,39.99642817552194,323.00014109301225,4.423126831437253,0.0029237955566908695,1.269569158081436
2026-07-15T15:20:07+03:00,12.48,294.24,-25.99996530634406,16.69896,357.99548955364094,348.10623800968295,0.5446536800513606,5.754239999999999,5.87088,-1.3235325067522015,,14.42134770344282,23.030679,58.307096,11.79985463218649,38.34351385544932,319.6519756981916,4.51308177444604,0.0031257607719129836,1.2726949188533492
2026-07-15T15:20:09+03:00,12.33,294.24,-25.99996530634406,16.79616,355.9958668486344,349.87667759663714,1.55139782187573,5.50152,5.6376,-1.1287268564077217,,12.99468279356707,23.030672,58.307146,12.09432084025781,37.502309418982804,318.4935574296516,4.364514272545758,0.0030135040979327745,1.275708422951282
2026-07-15T15:20:11+03:00,12.18,294.24,-24.997289164865123,16.407359999999997,357.99548955364094,352.90762433287927,1.2950565043342,5.890319999999999,5.87088,-1.2318592595312698,,13.65358425796752,23.030667,58.3072,11.345217437596167,37.670894859210335,320.32459469443063,4.662388990901481,0.0032496547513875514,1.2789580777026697
2026-07-15T15:20:13+03:00,12.18,294.24,-24.997289164865123,16.19352,7.9984908200262925,354.87286957017795,0.778133981567171,5.01552,5.67648,-1.283425461093044,,14.67917871125169,23.030677,58.307244,11.839070804190767,35.30999566388033,332.68849515614596,4.0928487216688225,0.0026635252989091647,1.2816216030015788
2026-07-15T15:20:15+03:00,12.18,294.25,-25.99996530634406,16.09632,11.997736230039438,356.4771513965443,0.8392685783076298,5.52096,5.6376,-1.432394487827058,,16.11730277703006,23.030696,58.307289,11.39411949362268,38.263595651193185,333.7341405788462,4.334892188954908,0.0027705931572828816,1.2843921961588616
2026-07-15T15:20:17+03:00,12.03,294.25,-27.002641447823002,15.901919999999999,11.997736230039438,358.069974067008,0.21738018747263432,4.957199999999999,5.7153599999999996,-1.5641747807071475,,17.572615576662347,23.030711,58.307336,11.703584439027807,38.0903103283469,333.90742590169253,3.9015115241280793,0.0028644978052664795,1.2872566939641281
2026-07-15T15:20:19+03:00,12.0,294.26,-27.99958801135063,15.804720000000001,8.995437383553925,357.5600416293415,-1.1563434221330273,5.307119999999999,5.79312,-1.5699043586584558,,17.784609960860752,23.030719,58.307378,11.394523978608273,40.62983380008032,328.3656035834736,4.02774504039142,0.002537132655840039,1.2897938266199682
2026-07-15T15:20:21+03:00,11.88,294.25,-27.99958801135063,16.09632,8.995437383553925,355.89846402346217,-0.18357567755991577,5.6376,6.18192,-1.6214705602202295,,17.88201278603299,23.030728,58.307431,11.429259044198977,41.38902520429846,327.60641217925547,4.229540213810586,0.003198361129003482,1.2929921877489716
2026-07-15T15:20:23+03:00,11.73,294.27,-27.99958801135063,16.19352,4.996191973540778,355.19372593545125,0.00962569095819783,5.46264,5.87088,-1.5183381570966814,,16.317838005325846,23.030729,58.307486,11.655897766789382,40.70973941435662,324.28645255918417,4.140809374031745,0.0033060752164232247,1.2962982629653947
2026-07-15T15:20:25+03:00,11.58,294.26,-27.99958801135063,16.31016,4.996191973540778,357.00427256806466,1.0905678672520087,5.57928,5.7153599999999996,-1.4209353319244415,,15.567263293704467,23.030727,58.307537,11.681372494953058,40.957008968097995,324.0391830054428,4.213481360340345,0.0030661440538685913,1.2993644070192634
2026-07-15T15:20:27+03:00,11.43,294.27,-27.99958801135063,16.31016,7.9984908200262925,358.4194783220378,-0.02188698777399745,5.50152,5.79312,-1.6673071838306956,,17.572615576662347,23.030747,58.307584,11.740207622031752,40.708253728256835,327.2902370917694,4.170374368977352,0.002894797226122079,1.3022592042453855
2026-07-15T15:20:29+03:00,10.83,294.26,-27.002641447823002,16.09632,8.995437383553925,358.3736416984273,-0.6955134675093064,6.0264,5.890319999999999,-1.7647100090029357,,19.022198798343332,23.030769,58.307638,11.070352653474734,41.31230752260936,327.6831298609446,4.526563689849921,0.0033193311920055556,1.305578535437391
2026-07-15T15:20:31+03:00,10.38,294.27,-27.99958801135063,16.19352,10.995060088560496,358.8262783565807,0.6265293489755552,5.48208,5.94864,-1.8105466326134017,,19.38316220927575,23.030792,58.30769,11.641168695373933,40.772144695809914,330.22291539275056,4.151648464138208,0.0032088764665066808,1.3087874119038976
2026-07-15T15:20:33+03:00,10.57,294.28,-29.002264152829575,16.31016,8.995437383553925,358.3507233866221,-0.7183744835350262,5.5404,5.98752,-1.7990874767107847,,19.045117110148563,23.030818,58.307738,11.775021266768437,42.1892416798689,326.80619570368503,4.105052510842833,0.0029997159535210915,1.3117871278574187
2026-07-15T15:20:35+03:00,10.61,294.28,-29.002264152829575,16.407359999999997,5.998868115019719,356.8037373397689,-1.9788243370433243,6.1624799999999995,5.87088,-1.7647100090029357,,18.649776231508298,23.030835,58.307786,11.415596801225096,44.17520299210659,321.8236651229131,4.419806246145183,0.002934687346173226,1.314721815203592
2026-07-15T15:20:37+03:00,10.83,294.28,-29.002264152829575,16.60176,2.9965692685342056,355.0619456425712,0.2382358512153963,6.045839999999999,6.1624799999999995,-1.277695883141736,,13.21813633366809,23.030845,58.307841,11.687622958571929,43.52729602984169,319.4692732386925,4.3835142412389345,0.0033209716501684176,1.3180427868537603
2026-07-15T15:20:39+03:00,10.68,294.28,-31.00188685783615,16.893359999999998,0.9969465635276323,357.5199345836824,3.1316154208465403,5.22936,5.773680000000001,-0.8307888029396938,,9.024085273310467,23.030852,58.307891,12.699920925541004,43.24647375056395,317.75047281296366,3.809134526594863,0.0030135037564695366,1.3210562906102299
2026-07-15T15:20:41+03:00,10.8,294.27,-33.00150956284272,16.893359999999998,11.997736230039438,355.29685833857485,-7.198068780228532,5.03496,5.50152,-0.985487407625016,,9.144406410287939,23.03087,58.307936,12.964127935121619,45.213742402296816,326.7839938277426,3.5469480565927642,0.0027639244495284913,1.3238202150597584
2026-07-15T15:20:43+03:00,10.38,294.28,-29.999210716357208,16.79616,9.998113525032863,335.46678904909703,-14.56240991260403,5.307119999999999,5.67648,-1.2146705256773451,,9.150135988239247,23.030886,58.307985,12.485255250362004,42.26989406733102,327.7282194577018,3.9271872067519302,0.00298829974230181,1.3268085148020603
2026-07-15T15:20:45+03:00,10.61,294.28,-22.000719896330917,16.893359999999998,345.9977533236015,307.8616824796939,-12.435074915062795,4.62672,5.01552,-0.7333859777674538,,2.6527945914557116,23.030871,58.308027,12.722182824275537,29.830974208844566,316.16677911475693,4.0136641536875555,0.0025685758041860502,1.3293770906062463
2026-07-15T15:20:47+03:00,10.98,294.27,-9.000307524812538,16.50456,314.99500702907267,282.39943806408013,-13.60843518371121,4.1796,3.6741599999999996,-0.1432394487827058,,-4.022163721818379,23.030828,58.308058,12.393681128834622,12.02447516868233,302.97053186039034,4.08789413157576,0.002305594945283258,1.3316826855515296
2026-07-15T15:20:49+03:00,11.92,294.27,7.0015442564986605,15.29928,280.99569146600965,263.5720449160813,-4.311736591477498,3.9074399999999994,3.6741599999999996,0.8537071147449266,,-15.378187221311297,23.030763,58.308067,11.430905854109058,9.38962961679573,290.3853210828054,3.855086974039495,0.002122642847810498,1.33380532839934
2026-07-15T15:20:51+03:00,12.15,294.28,22.001579333023614,14.21064,257.9971655694584,262.9475209193887,2.3860254420428,4.29624,4.1796,1.105808544602489,,-20.878582054567197,23.03069,58.308058,10.353153020340509,30.945102452969195,288.9422680224276,3.684714862202667,0.002367798094923073,1.3361731264942631
2026-07-15T15:20:53+03:00,11.85,294.28,31.002746294528848,14.30784,262.9990871209505,270.61942579619046,2.6014002772324765,4.89888,4.91832,1.0370536091867901,,-19.812880555623867,23.03061,58.30805,10.418971158499676,45.0182403781175,308.01732749906796,3.462928302219381,0.0025715754139589773,1.3387447019082221
2026-07-15T15:20:55+03:00,10.8,294.27,33.99931556306306,15.396479999999999,271.99452450450445,271.243949792883,-1.0801973311601412,5.26824,5.346,0.9167324722093171,,-17.011116937434142,23.030516,58.308048,11.415537261711414,48.95438282210867,320.94890732661315,3.459440887823672,0.0029707386880259133,1.3417154405962481
2026-07-15T15:20:57+03:00,10.35,294.27,35.99893826806962,15.610319999999998,273.99987678746226,271.13508781180815,1.2400525560016407,5.6181600000000005,5.346,0.8307888029396938,,-16.002711218003892,23.030422,58.308054,11.547305198237048,52.615800432801166,326.6156772202634,3.411103717410831,0.0029901340034474695,1.3447055745996956
2026-07-15T15:20:59+03:00,10.08,294.26,35.00199170454199,15.804720000000001,270.9975779409768,274.6759669857166,1.6386592940741544,5.79312,5.69592,0.7563042895726866,,-17.69866629159113,23.030321,58.308057,11.547821063551606,51.7256880563115,322.7232659972883,3.588415648809191,0.003194442364265781,1.3479000169639614
2026-07-15T15:21:01+03:00,9.93,294.26,31.999692858056477,15.804720000000001,277.99912219747546,278.0564179769885,1.3072605053704864,5.46264,5.79312,0.693278932108296,,-18.048170546620934,23.03022,58.308066,11.541049089703826,46.525771681305486,324.524893878781,3.7584505422146517,0.0032349018646311324,1.3511349188285926
2026-07-15T15:21:03+03:00,9.86,294.25,30.0000701530499,16.19352,284.9949368760228,280.0846885717516,1.0614616112593631,5.26824,5.832,0.6703606203030631,,-16.844959176846203,23.030103,58.308082,11.925642742396644,42.760743881852164,327.755680757875,3.867916575496131,0.0038177098925819193,1.3549526287211746
2026-07-15T15:21:05+03:00,9.78,294.25,28.000447448043335,16.50456,283.9979903124951,281.2592520517698,-0.5566857937491079,5.46264,6.0652800000000004,0.6245239966925973,,-15.727691476341098,23.030005,58.308098,11.959564798931744,40.38303815393141,324.3810284664265,4.161057551736452,0.0032406078583800194,1.3581932365795546
2026-07-15T15:21:07+03:00,10.01,294.24,26.997771306564392,16.407359999999997,282.99531417101616,280.6060801653207,-0.061650258756076576,5.773680000000001,6.08472,0.5844169510334397,,-14.730744912813465,23.029902,58.308112,11.563818275465746,40.09798104362676,323.0932952146429,4.416542438059472,0.0033595966539618142,1.3615528332335165
2026-07-15T15:21:09+03:00,9.82,294.24,26.997771306564392,16.407359999999997,283.9979903124951,281.0415280896201,-0.20637939780612255,5.67648,6.10416,0.6302535746439055,,-13.538992698941353,23.029808,58.308123,11.638339231950086,39.78976798333818,323.7877582958333,4.361794878024003,0.0030410471760423476,1.3645938804095588
2026-07-15T15:21:11+03:00,9.0,294.23,26.00082474303676,16.31016,282.99531417101616,280.611809743272,0.5927821348423497,5.57928,5.98752,0.5844169510334397,,-12.731122207806893,23.029712,58.308137,11.557344200017113,38.21864932442949,321.2139634954457,4.383392377869165,0.003146084567711126,1.36773996497727
2026-07-15T15:21:13+03:00,8.47,294.23,26.00082474303676,15.901919999999999,285.99761301750175,281.7749140673876,0.5020256200936274,5.6376,5.90976,0.5844169510334397,,-13.017601105372304,23.029624,58.308148,11.113206269246815,38.85010451981793,324.8477175373197,4.390504863282221,0.0028564087693083726,1.3705963737465783
2026-07-15T15:21:15+03:00,7.98,294.23,24.99814860155782,15.901919999999999,285.99761301750175,280.9670435762531,0.00962569095819783,5.9292,6.14304,0.6531718864491385,,-14.255189942854882,23.029518,58.308163,10.822210226168288,38.38503281015707,324.38264582765885,4.647637163052751,0.003466532173504875,1.374062905920083
2026-07-15T15:21:17+03:00,7.76,294.22,24.99814860155782,16.09632,286.9945595810294,282.3249535507132,1.5434910043029249,5.7348,5.90976,0.664631042351755,,-15.784987255854181,23.029423,58.308179,11.16493965851983,37.534567360503246,324.5291269415327,4.547615662504781,0.003150261625584257,1.3772131675456674
2026-07-15T15:21:19+03:00,7.57,294.22,24.001202038030186,16.60176,285.99761301750175,285.4303848003222,0.2534192327863631,5.754239999999999,6.0264,0.664631042351755,,-16.20324644629968,23.029332,58.308195,11.583972282364385,35.65821133309504,321.6558243505968,4.675371307919984,0.003030225196311734,1.380243392741979
2026-07-15T15:21:21+03:00,7.57,294.22,20.99890319154467,16.407359999999997,289.9968584275149,284.76575375797046,0.3014903917978392,6.29856,6.10416,0.6245239966925973,,-14.914091407255329,23.029236,58.308213,10.766354126947734,33.1003280170637,323.0971864445786,5.276401907716432,0.0032187366576416883,1.3834621293996208
2026-07-15T15:21:23+03:00,7.61,294.21,22.001579333023614,16.407359999999997,290.9995345689938,285.74551158764416,0.4118420631400357,6.14304,6.0652800000000004,0.3093972093706446,,-7.345318933577154,23.029136,58.308233,10.956129831656552,34.1271035754653,325.1266381444591,5.085178003181692,0.003378845759529374,1.3868409751591502
2026-07-15T15:21:25+03:00,7.57,294.21,22.998525896551243,15.70752,291.99648113252147,281.61448588475093,-2.665285071389563,6.045839999999999,5.87088,0.37242256683503505,,-8.290699295543012,23.029039,58.308254,10.41367795879179,36.10915174165888,328.10563287418034,4.8844085162768405,0.003312915196347331,1.3901538903554975
2026-07-15T15:21:27+03:00,7.68,294.21,24.99814860155782,15.610319999999998,283.9979903124951,280.16490266306994,0.7781912773466841,5.890319999999999,5.7348,0.5042028597151245,,-11.006519244463114,23.028943,58.308269,10.569098613484202,38.62014773899557,322.6181380514907,4.602113143988202,0.0031626816116139727,1.3933165719671115
2026-07-15T15:21:29+03:00,7.72,294.21,24.001202038030186,15.49368,284.9949368760228,281.1274717588897,-0.7563615853521997,5.890319999999999,5.90976,0.19480565034447989,,-10.336158624160051,23.028843,58.308285,10.392604895019337,37.33012878339167,322.32506565941446,4.6837157151368345,0.0033009551974787234,1.3966175271645902
2026-07-15T15:21:31+03:00,7.87,294.2,24.99814860155782,15.396479999999999,288.9999118639872,279.849775875748,0.5597797658428143,5.96808,5.890319999999999,0.3380450991271857,,-10.79452486026471,23.028755,58.308302,10.30099457670326,39.170236195400605,328.1701480593878,4.626889545710124,0.002960739543837131,1.3995782667084273
2026-07-15T15:21:33+03:00,8.43,294.2,24.99814860155782,15.396479999999999,288.9999118639872,280.7321308802495,0.5959906984950823,5.6181600000000005,5.754239999999999,0.32658594322456924,,-11.304457297931144,23.028662,58.308318,10.574588005135599,37.97261350780062,326.9725253717878,4.428823282805579,0.003090170529832061,1.4026684372382594
2026-07-15T15:21:35+03:00,8.43,294.2,24.99814860155782,15.396479999999999,287.9972357225083,281.08163513527927,-0.22396920211663882,5.81256,5.890319999999999,0.3552338329811104,,-12.725392629855584,23.028576,58.308335,10.422027924160231,38.63019918414676,326.6274349066551,4.540722653669663,0.002901544541764609,1.405569981780024
2026-07-15T15:21:37+03:00,8.58,294.19,24.99814860155782,15.49368,286.9945595810294,280.0846885717516,-0.7139054127330057,5.346,5.96808,0.5500394833255903,,-12.358699640971857,23.028479,58.308347,10.885497315201398,36.9762942772156,323.97085385824505,4.27083620760706,0.0031467940702723535,1.4087167758502963
2026-07-15T15:21:39+03:00,8.73,294.19,26.00082474303676,15.49368,286.9945595810294,277.77566865737435,-0.7993334199870115,5.38488,6.08472,0.395340878640268,,-14.650530821495149,23.028384,58.308359,10.912215229128522,38.49442509275545,325.4889846737849,4.2145771591659384,0.003085353578267834,1.411802129428564
2026-07-15T15:21:41+03:00,8.88,294.18,26.997771306564392,15.70752,283.9979903124951,278.63510535007066,0.31443923796779577,5.52096,5.69592,0.48701412586119974,,-15.189111148918125,23.028293,58.308372,11.075508966536626,40.076491764232486,324.0744820767276,4.224559189275311,0.0029778945313336,1.4147800239598978
2026-07-15T15:21:43+03:00,8.88,294.18,26.997771306564392,15.804720000000001,278.9960687610031,277.5980517408838,-1.0217556360567972,6.53184,5.9292,0.492743703812508,,-13.854119486263306,23.028188,58.308384,10.415675744360923,43.537678542744885,322.533747303748,4.735071525941773,0.0033931786328667383,1.4181732025927645
2026-07-15T15:21:45+03:00,8.85,294.18,28.997394011570965,15.901919999999999,287.9972357225083,275.1916290013344,-0.2719257695690887,5.65704,5.87088,0.1546986046853223,,-14.45572517115067,23.028093,58.308399,11.292097640374026,43.052604874840824,331.04984059734915,4.133753177587962,0.0031324168079421627,1.4213056194007065
2026-07-15T15:21:47+03:00,9.03,294.18,30.0000701530499,16.09632,282.99531417101616,277.3745982007828,0.17618452200272813,5.7348,6.1624799999999995,0.3666929888837269,,-15.59591118346101,23.027991,58.308411,11.493275376500186,44.44714169060484,327.442455861621,4.094055199214732,0.0033006704495104236,1.424606289850217
2026-07-15T15:21:49+03:00,8.92,294.18,28.997394011570965,15.99912,281.99836760748855,277.9590151518163,1.2853735175964889,5.87088,5.90976,0.24064227395494575,,-14.06611387046171,23.027895,58.308417,11.230795727831579,43.6769407557731,325.67530836326165,4.246085425780181,0.003052806994118085,1.427659096844335
2026-07-15T15:21:51+03:00,8.88,294.18,28.997394011570965,15.99912,280.99569146600965,278.73250817524286,-0.30710537819012124,5.890319999999999,6.24024,0.4469070802020421,,-14.765122380521314,23.027791,58.308425,11.216743876433577,43.745516945802905,324.7412084118125,4.255273586261206,0.0033190659954491527,1.4309781628397842
2026-07-15T15:21:53+03:00,8.85,294.18,28.997394011570965,16.19352,281.99836760748855,279.3398434380816,0.49205615445835105,6.0652800000000004,6.35688,0.19480565034447989,,-13.32699831474295,23.027679,58.308436,11.278571530059898,44.10868638760064,326.1070539950892,4.354997106304674,0.003597940038569063,1.4345761028783532
2026-07-15T15:21:55+03:00,8.88,294.18,28.997394011570965,16.19352,279.998744902482,278.1137137565016,-1.1428789139474531,5.890319999999999,6.43464,0.3323155211758775,,-14.6161533537873,23.02757,58.308449,11.404846600209748,43.496895558641626,323.49564046112357,4.27290684961478,0.003529516660341299,1.4381056195386945
2026-07-15T15:21:57+03:00,8.66,294.18,28.997394011570965,16.09632,279.998744902482,278.69813070753503,2.8713779902981207,5.6376,6.0264,0.12605071492878112,,-14.610423775835992,23.027475,58.308459,11.495042179804232,42.751135320478625,322.7498802229606,4.139740749891811,0.003059474801815527,1.44116509434051
2026-07-15T15:21:59+03:00,8.58,294.17,28.000447448043335,16.09632,283.9979903124951,280.3998153590736,-1.0259955237407652,5.890319999999999,6.29856,0.5614986392282068,,-15.29797312999298,23.027383,58.308469,11.240960289330914,42.241922775945994,326.2399130884411,4.360679919256294,0.002966646546167429,1.4441317408866776
2026-07-15T15:22:01+03:00,8.43,294.17,28.000447448043335,15.901919999999999,286.9945595810294,279.1163898979805,-0.4423234178409955,6.0264,6.47352,0.5557690612768985,,-14.776581536423933,23.027283,58.308484,10.952678843258422,42.97067969186915,329.96523927289854,4.409532602258931,0.0032839293052402056,1.4474156701919179
2026-07-15T15:22:03+03:00,8.43,294.16,28.997394011570965,16.19352,286.9945595810294,280.0674998378977,1.1766834238601718,5.754239999999999,6.18192,0.5729577951308232,,-14.93700971906056,23.027188,58.308495,11.503941943656189,43.0303839493061,330.0249435303355,4.206303032638121,0.0030718462998434227,1.4504875164917612
2026-07-15T15:22:05+03:00,9.07,294.16,28.000447448043335,16.19352,284.9949368760228,281.15611964864627,-0.12364429218923166,6.318,6.27912,0.5385803274229739,,-14.810959004131782,23.027082,58.308509,11.021708732760352,43.61237016310295,328.60730703912577,4.574377033793217,0.003451354898933014,1.4539388713906942
2026-07-15T15:22:07+03:00,9.6,294.16,28.000447448043335,16.09632,287.9972357225083,281.12174218093844,0.10496586806796682,6.2208000000000006,6.648479999999999,0.5156620156177408,,-14.26091952080619,23.026971,58.308524,10.998545805371016,43.399369310225836,331.39660503273416,4.519922762016522,0.0036191847362153917,1.4575580561269097
2026-07-15T15:22:09+03:00,10.08,294.16,28.000447448043335,16.19352,288.9999118639872,282.451004265642,0.5979387549985272,5.890319999999999,6.27912,0.5385803274229739,,-13.733798349285832,23.026872,58.308543,11.335198314329093,42.12105480213381,331.12096666612103,4.369023669291369,0.0033282264362652506,1.460886282563175
2026-07-15T15:22:11+03:00,10.08,294.15,26.997771306564392,16.09632,288.9999118639872,282.4223563758854,-1.2328905835625055,6.10416,6.35688,0.4526366581533504,,-11.54509957188609,23.026772,58.308558,11.011720714001461,41.572511080904405,330.5724229448916,4.56662304492305,0.0032839229533854607,1.4641702055165604
2026-07-15T15:22:13+03:00,10.08,294.15,26.997771306564392,16.407359999999997,285.99761301750175,279.59767444589045,-1.137951476909328,6.24024,6.0652800000000004,0.46982539200727513,,-12.181082724481302,23.026667,58.308571,11.210954264371145,41.6339789810155,327.63159199851725,4.6639817150321905,0.003406445179097885,1.4675766506956582
2026-07-15T15:22:15+03:00,9.9,294.14,26.997771306564392,16.19352,281.99836760748855,280.30241253390136,1.0033636908330976,6.318,6.18192,0.5156620156177408,,-13.590558900503126,23.026556,58.308583,10.946445573032378,42.18721349193777,324.1855810994263,4.68135042664121,0.00357852039098751,1.4711551710866457
2026-07-15T15:22:17+03:00,9.63,294.14,26.997771306564392,16.31016,281.99836760748855,280.5888914314667,-0.4007266819144978,6.5124,6.25968,0.5500394833255903,,-14.438536437296746,23.026444,58.308594,10.915427157901894,42.71207129339041,324.71043890087896,4.785127229332232,0.003597924511316268,1.474753095597962
2026-07-15T15:22:19+03:00,9.48,294.14,26.997771306564392,16.09632,284.9949368760228,280.1820913969239,0.19153979091223422,5.98752,6.29856,0.5557690612768985,,-14.123409649974791,23.026344,58.308609,11.099250892030486,41.17296671351076,326.1679035895336,4.506959631825107,0.003283918575916605,1.4780370141738786
2026-07-15T15:22:21+03:00,9.78,294.14,26.997771306564392,16.407359999999997,282.99531417101616,280.3425195795605,0.04469070802020421,5.98752,6.43464,0.5729577951308232,,-13.802553284701533,23.026249,58.308622,11.401074623372095,40.79017437639445,323.78548854741064,4.533193899090891,0.003099934932591588,1.48113694910647
2026-07-15T15:22:23+03:00,9.56,294.14,28.000447448043335,16.19352,284.9949368760228,279.6836181151601,-0.6562085627633318,6.14304,6.2208000000000006,0.544309905374282,,-13.762446239042372,23.026162,58.308636,11.149036978158486,42.99215764201733,327.9870945180401,4.493308444699573,0.002873209542661209,1.4840101586491312
2026-07-15T15:22:25+03:00,10.12,294.15,28.000447448043335,16.09632,278.9960687610031,281.6431337745075,1.3945792733484237,6.0264,6.27912,0.544309905374282,,-14.954198452914488,23.026069,58.308649,11.140594117405408,42.71241485384556,321.70848361484866,4.428003670804664,0.0030388593604819187,1.4870490180096132
2026-07-15T15:22:27+03:00,11.1,294.14,26.00082474303676,16.407359999999997,285.99761301750175,283.59119027795225,0.6234353768818488,5.890319999999999,6.25968,0.5958761069360561,,-16.40951125254678,23.025969,58.308666,11.409266761611864,39.08173425720648,325.0793472747082,4.572345734812086,0.0033189332093724686,1.4903679512189856
2026-07-15T15:22:29+03:00,10.23,294.14,24.001202038030186,16.60176,286.9945595810294,284.51938190606415,1.294598138098095,6.0652800000000004,6.318,0.2864788975654116,,-14.702097023056925,23.025867,58.308681,11.332700142322023,36.574968669803326,323.5695282508327,4.87089218442842,0.0033446847202336406,1.4937126359392192
2026-07-15T15:22:31+03:00,10.23,294.13,22.998525896551243,16.60176,288.9999118639872,285.94604681593995,0.026585241694070196,6.201359999999999,6.5124,0.3781521447863433,,-10.63409667762808,23.025771,58.308699,11.159518623646683,35.538263286097106,324.5381751500843,5.046217365408137,0.0032186974334634387,1.4969313333726826
2026-07-15T15:22:33+03:00,10.61,294.13,24.001202038030186,16.50456,292.99915727400037,284.2443621644014,-1.204013510687912,6.0652800000000004,6.454079999999999,0.09167324722093173,,-11.144029115294511,23.025672,58.30872,11.237851256290423,36.68285268338562,329.68200995738596,4.864078370653712,0.003371354174939598,1.5003026875476222
2026-07-15T15:22:35+03:00,10.8,294.13,24.001202038030186,16.19352,286.9945595810294,283.808914240102,-0.6411397727513912,6.37632,6.18192,0.26929016371148695,,-13.263972957278558,23.025564,58.308739,10.687980020560403,38.04512247300539,325.0396820540348,5.021515577387536,0.0035964713183274,1.5038991588659496
2026-07-15T15:22:37+03:00,10.8,294.13,24.001202038030186,16.31016,286.9945595810294,283.9063170652742,-0.39683056890760815,6.29856,6.59016,0.09167324722093173,,-14.41561812549151,23.025451,58.308755,10.862639101593095,37.643056456557304,324.6376160375867,4.987394494430456,0.003695544027713958,1.5075947028936636
2026-07-15T15:22:39+03:00,10.68,294.12,22.998525896551243,16.09632,288.9999118639872,283.71724099288105,0.2847027284005061,5.832,6.4152,-0.005729577951308233,,-15.2406773504799,23.025352,58.308773,10.967196127751256,34.989967252881854,323.9898791168691,4.777880390624795,0.0033080636578111593,1.5109027665514747
2026-07-15T15:22:41+03:00,10.68,294.12,20.99890319154467,16.19352,288.9999118639872,284.40479034703804,-0.17286136679096936,6.1236,6.35688,0.5099324376664327,,-14.014547668899937,23.025264,58.30879,10.703952946304554,32.82885169701515,321.82876356100235,5.145622598786217,0.002960703565169123,1.5138634701166438
2026-07-15T15:22:43+03:00,11.1,294.12,24.001202038030186,16.09632,289.9968584275149,282.4911113113011,-1.4767987169496968,6.29856,6.454079999999999,0.5156620156177408,,-11.745634800181875,23.025159,58.30881,10.654951113467716,37.914263785889034,327.9111222134039,4.969130083786466,0.003526798968912125,1.5173902690855559
2026-07-15T15:22:45+03:00,11.28,294.12,26.997771306564392,16.19352,288.9999118639872,282.96093670330833,1.3334446766079648,6.14304,6.24024,0.4526366581533504,,-11.367482655395532,23.025061,58.308829,11.076706148195083,41.57944153022086,330.57935339420806,4.59521671394728,0.0032985607112879177,1.5206888297968437
2026-07-15T15:22:47+03:00,11.28,294.11,22.998525896551243,15.901919999999999,287.9972357225083,283.23022686701984,0.07110406237573516,5.7348,6.14304,0.4469070802020421,,-12.444643310241482,23.024957,58.308845,10.856680387388282,34.90896834292877,322.9062040654371,4.702893332437127,0.003421933582031367,1.524110763378875
2026-07-15T15:22:49+03:00,11.43,294.1,22.001579333023614,15.396479999999999,285.99761301750175,280.99569146600965,-1.0067441418243694,6.37632,6.2208000000000006,0.4297183463481174,,-10.513775540650606,23.024854,58.308861,9.780718574760263,36.13809170947542,322.13570472697717,5.14950323124948,0.003391639510065158,1.5275024028889401
2026-07-15T15:22:51+03:00,11.43,294.12,26.00082474303676,15.49368,283.9979903124951,280.4800294503919,-0.5417315952961933,5.9292,6.47352,0.46982539200727513,,-11.18986573890498,23.024739,58.308877,10.4916649165189,40.34499059268492,324.34298090518007,4.519000336762026,0.003756546040053171,1.5312589489289934
2026-07-15T15:22:53+03:00,11.43,294.13,24.001202038030186,15.20208,282.99531417101616,280.37689704726836,-0.5440807222562297,5.94864,6.18192,0.5213915935690492,,-13.733798349285832,23.024645,58.30889,10.063009384941733,37.914263785889034,320.9095779569052,4.693067301353884,0.003069365954647532,1.5343283148836409
2026-07-15T15:22:55+03:00,11.43,294.13,24.001202038030186,15.396479999999999,286.9945595810294,282.508300045155,0.2123381588754831,5.851439999999999,6.5124,0.492743703812508,,-13.980170201192088,23.024545,58.308909,10.328938891263595,37.32364697953636,324.3182065605658,4.653201490941477,0.003357873244618511,1.5376861881282593
2026-07-15T15:22:57+03:00,11.25,294.12,24.001202038030186,15.70752,286.9945595810294,282.8176972545256,-1.068967358375577,5.851439999999999,6.35688,0.5328507494716656,,-12.605071492878112,23.024438,58.308928,10.631849984632474,36.9373919594359,323.9319515404653,4.677012962222883,0.003566525548414909,1.5412527136766743
2026-07-15T15:22:59+03:00,10.83,294.12,24.99814860155782,15.49368,288.9999118639872,282.3249535507132,1.1660837046502515,5.81256,5.87088,0.5271211715203573,,-12.261296815799616,23.024348,58.308946,10.516514684939407,38.50538878037651,327.50530064436373,4.548616530116365,0.0030409075756844916,1.5442936212523588
2026-07-15T15:23:01+03:00,11.58,294.11,24.99814860155782,15.49368,286.9945595810294,284.27873963210925,-0.3447487053302163,5.79312,5.90976,0.5042028597151245,,-11.350293921541608,23.024251,58.308961,10.53173440373312,38.439544204707175,325.4341037857366,4.537545640314749,0.0031929040035882667,1.547486525255947
2026-07-15T15:23:03+03:00,11.43,294.13,24.99814860155782,15.396479999999999,288.9999118639872,281.83220984690064,-1.3539565656736483,5.6181600000000005,5.773680000000001,0.5213915935690492,,-10.450750183186216,23.02416,58.308977,10.574588005135599,37.97261350780062,326.9725253717878,4.428823282805579,0.0030301649578221455,1.5505166902137693
2026-07-15T15:23:05+03:00,11.32,294.12,24.99814860155782,15.396479999999999,288.9999118639872,279.3169251262763,1.4039184854090563,5.22936,5.6376,0.6016056848873644,,-12.501939089754565,23.024067,58.308993,10.883710327416928,36.71315739300917,325.7130692569964,4.192055702723524,0.0030901172766501714,1.5536068074904195
2026-07-15T15:23:07+03:00,11.43,294.12,24.99814860155782,15.396479999999999,284.9949368760228,286.62786659214566,4.2209227809492615,5.57928,5.46264,0.6302535746439055,,-12.627989804683345,23.023969,58.309008,10.605264281951401,37.84337143603665,322.83830831205944,4.405906260205448,0.0032232041913968852,1.5568300116818163
2026-07-15T15:23:09+03:00,11.43,294.13,24.001202038030186,15.610319999999998,294.99877997900694,299.6168198077614,9.185201005301254,5.46264,5.326560000000001,0.16615776058793874,,-8.250592249883853,23.02388,58.309028,10.849951044138043,35.818403184523845,330.8171831635308,4.42952307718195,0.0030566623449762957,1.5598866740267927
2026-07-15T15:23:11+03:00,11.58,294.14,20.99890319154467,16.09632,304.9968935040398,320.243300432471,9.169158187037592,5.1127199999999995,4.510079999999999,-0.3093972093706446,,-1.552715624804531,23.023799,58.309053,11.470417048433095,30.189995911679603,335.1868894157194,4.419244045396958,0.002966485236493972,1.5628531592632866
2026-07-15T15:23:13+03:00,11.73,294.13,13.00041237151838,15.70752,317.9973058755582,338.6295160782191,8.846239173701859,5.03496,4.31568,-0.25210142985756223,,1.0714310768946396,23.023739,58.309083,10.860836470010977,18.98655889216178,336.98386476772,4.761032624238333,0.0026155658726437067,1.5654687251359303
2026-07-15T15:23:15+03:00,11.58,294.14,-1.998763268313877,14.91048,346.9946998871292,347.3785816098668,0.4505167143113663,4.257359999999999,3.92688,-0.17188733853924698,,4.549284893338736,23.023714,58.309121,10.656744805568314,2.7971312893589015,344.19756859777027,4.252287704329592,0.002416663994044486,1.5678853891299747
2026-07-15T15:23:17+03:00,11.43,294.13,-9.000307524812538,14.21064,358.9981656951199,344.29033909411174,-2.8641587220794724,4.257359999999999,3.8296799999999998,-0.32658594322456924,,6.829656917959412,23.023716,58.309161,10.027840768216615,12.808532094313932,346.18963360080596,4.151421352400472,0.0024051379335673327,1.5702905270635419
2026-07-15T15:23:19+03:00,11.43,294.14,-14.002229076304623,13.7052,356.9985429901134,339.46030488115883,0.08313617607348246,3.61584,3.73248,-0.03437746770784939,,3.8445468053278242,23.023715,58.309196,10.234263863267847,18.906207489015515,338.09233550109786,3.4207663710290928,0.002104007037533926,1.5723945341010759
2026-07-15T15:23:21+03:00,11.28,294.14,-16.99879834483883,13.802399999999999,348.9943225921357,341.73494732782825,2.5624391471635803,3.57696,3.6935999999999996,0.10313240312354818,,1.6386592940741544,23.023717,58.309222,10.434248484428984,22.750691448281998,326.2436311438537,3.2986592942615056,0.0015640761318067291,1.5739586102328826
2026-07-15T15:23:23+03:00,11.28,294.13,-16.0018517813112,13.7052,345.9977533236015,349.613117010877,4.380319639554657,3.73248,3.5575200000000002,-0.07448451336700701,,4.365938398896874,23.023704,58.309252,10.16952918777381,21.80882821521888,324.1889251083826,3.4653411621726007,0.0018493650842181335,1.5758079753171008
2026-07-15T15:23:25+03:00,11.62,294.14,-16.0018517813112,13.39416,6.995814678547352,352.6669820589243,-0.16781933819381814,3.7908,3.44088,-0.3323155211758775,,8.749065531647672,23.023718,58.309286,9.806083334523997,22.119301418520934,344.8765132600264,3.511804088972388,0.002090929022638266,1.5778989043397391
2026-07-15T15:23:27+03:00,11.7,294.14,-18.00147448631777,13.00536,6.995814678547352,352.2831003361867,-0.07964113352318442,3.6741599999999996,3.46032,-0.3609634109324186,,9.625690958197831,23.023733,58.309319,9.578593954463656,24.80945198764738,342.18636269089995,3.335065416868366,0.0020393215430868166,1.5799382258828258
2026-07-15T15:23:29+03:00,11.58,294.14,-22.99766645985855,13.10256,1.9996227050065731,353.20556238634725,0.46633034945697704,3.96576,3.73248,-0.3323155211758775,,9.23607965750887,23.023736,58.30935,9.578144489354678,32.30695570582736,329.6926669991792,3.351848282744516,0.0018657456212257983,1.5818039715040517
2026-07-15T15:23:31+03:00,11.51,294.15,-27.002641447823002,13.39416,6.995814678547352,353.86446385074777,-0.30830858955989604,3.73248,3.8296799999999998,-0.40107045659157625,,9.849144498298852,23.023745,58.309384,10.210194394593508,36.55667262333543,330.4391420552119,2.9981821703723193,0.002063327202062509,1.5838672987061142
2026-07-15T15:23:33+03:00,11.43,294.14,-29.002264152829575,13.5108,7.9984908200262925,354.51190615924554,0.5246574530012948,3.8296799999999998,3.9074399999999994,-0.5385803274229739,,10.995060088560496,23.02376,58.309422,10.329614295090392,39.35774386258507,328.64074695744125,2.9611142538661888,0.0023326859878513868,1.5861999846939656
2026-07-15T15:23:35+03:00,12.03,294.14,-29.999210716357208,13.296959999999999,8.995437383553925,355.03329775281463,-0.6524270413154684,3.73248,3.96576,-0.6302535746439055,,11.96335876233159,23.023775,58.309456,10.236067758700486,40.50388043841167,328.49155694514224,2.8380358796036593,0.0020978316042568695,1.5882978162982224
2026-07-15T15:23:37+03:00,11.96,294.14,-29.999210716357208,13.5108,5.998868115019719,353.2456694320065,0.012776958831417358,3.71304,4.14072,-0.5042028597151245,,15.81936472356203,23.023781,58.30949,10.461232569853351,40.22119872494096,325.77766939007876,2.835118296135491,0.002052425496898164,1.5903502417951205
2026-07-15T15:23:39+03:00,12.03,294.14,-29.002264152829575,13.802399999999999,4.996191973540778,352.7758440399992,-0.7214111598492194,4.21848,4.21848,-0.395340878640268,,14.776581536423933,23.02379,58.309528,10.317670566875053,40.43592809771684,324.5602638758239,3.2108190455196643,0.002301704697869705,1.5926519464929902
2026-07-15T15:23:41+03:00,12.33,294.14,-29.002264152829575,14.21064,1.9996227050065731,351.3148016624155,-1.2560380784857907,4.510079999999999,4.29624,-0.6187944187412892,,15.81936472356203,23.023788,58.309567,10.496420711183935,41.026582337915755,320.9730403670908,3.4024274475261786,0.0023450514532662946,1.5949969979462566
2026-07-15T15:23:43+03:00,12.45,294.14,-27.99958801135063,14.59944,4.996191973540778,350.11731987059215,-0.24568430255209703,4.58784,4.43232,-0.5385803274229739,,15.733421054292407,23.023791,58.30961,10.766243457289846,39.53971145116782,325.45648052237294,3.538066669613516,0.0025863671736339076,1.5975833651198905
2026-07-15T15:23:45+03:00,12.48,294.15,-27.002641447823002,14.79384,4.996191973540778,350.3522325665958,0.753668683715085,3.9074399999999994,4.5684000000000005,-0.38961130068895977,,15.716232320438479,23.023791,58.309639,11.450637001115018,35.91565121629765,329.0805407572431,3.1645631091806745,0.001743123775930576,1.5993264888958212
2026-07-15T15:23:47+03:00,12.48,294.14,-27.002641447823002,14.696639999999999,358.9981656951199,351.5038777348087,0.8106779843306018,3.4992,4.704479999999999,-0.5672282171795151,,14.570316730176838,23.023792,58.309664,11.68739139167724,34.81543891310449,324.1827267820154,2.872827085912789,0.0015030246318342658,1.6008295135276553
2026-07-15T15:23:49+03:00,12.48,294.15,-27.002641447823002,14.59944,4.996191973540778,351.85338198983857,0.306933490851582,4.33512,4.64616,-0.7792226013779195,,16.214705602202297,23.023797,58.309699,10.915831592926024,37.39071332438073,327.60547864916003,3.444309436892011,0.002109686003231285,1.6029391995308866
2026-07-15T15:23:51+03:00,12.48,294.15,-27.002641447823002,14.59944,3.9992454100131463,351.81327494417934,0.03580986219567645,4.6655999999999995,4.84056,-0.49847328176381617,,16.5642098572321,23.023801,58.309751,10.655150954633077,38.46990681146502,325.5293385985481,3.6528615792971872,0.0031281521884567024,1.6060673517193433
2026-07-15T15:23:53+03:00,12.52,294.14,-29.002264152829575,14.79384,1.9996227050065731,353.3717201469353,0.6930497489902439,4.80168,4.723920000000001,-0.6589014644004466,,14.896902673401405,23.023802,58.309803,10.847065649912022,41.395873888854766,320.6037488161518,3.6020219860258926,0.0031257607482674805,1.6091931124676109
2026-07-15T15:23:55+03:00,12.63,294.15,-29.002264152829575,14.696639999999999,3.9992454100131463,353.66965820040326,0.2925522501937983,4.87944,4.89888,-1.0714310768946396,,18.059629702523548,23.023794,58.309846,10.694042714244459,41.78313933837288,322.2161060716403,3.638462323432611,0.002596946842271802,1.6117900593098826
2026-07-15T15:23:57+03:00,12.63,294.15,-29.999210716357208,14.91048,7.9984908200262925,353.0279454698567,-1.0564768784417249,5.326560000000001,5.151599999999999,-1.5699043586584558,,20.72961302783318,23.023804,58.309895,10.636323286955596,44.49973254558179,323.4987582744445,3.799188739932454,0.00296215598179965,1.6147522152916822
2026-07-15T15:23:59+03:00,12.78,294.14,-27.002641447823002,15.20208,7.9984908200262925,350.3636917224984,-0.5648790902194786,5.307119999999999,5.28768,-1.0599719209920229,,21.78958494882521,23.023818,58.30995,10.747122281039266,39.95900224116036,328.0394885788659,4.0679297221104145,0.003335349649003114,1.6180875649406854
2026-07-15T15:24:01+03:00,12.78,294.15,-24.997289164865123,15.610319999999998,0.9969465635276323,351.1601030577302,0.5469455112318838,6.0264,5.3654399999999995,-1.409476176021825,,23.582942847584686,23.023823,58.310003,10.463066913583765,39.084010510794116,321.9129360527335,4.677826545158748,0.0031896187429582244,1.6212771836836437
2026-07-15T15:24:03+03:00,12.9,294.15,-24.000342601337486,15.49368,2.9965692685342056,351.452311533247,-0.49984838047213026,5.773680000000001,5.50152,-1.1860226359208041,,19.669641106841162,23.023824,58.310061,10.485538253388016,36.94239558807212,326.0541736804621,4.614556944917355,0.003486390545140098,1.6247635742287838
2026-07-15T15:24:05+03:00,12.93,294.15,-27.002641447823002,15.70752,4.996191973540778,351.37209744192864,0.24568430255209703,5.65704,5.7153599999999996,-0.911002894258009,,15.406835111067835,23.023837,58.310113,10.972044820669014,40.54078369949016,324.4554082740506,4.299030717789123,0.003152440720538883,1.6279160149493226
2026-07-15T15:24:07+03:00,12.93,294.15,-29.999210716357208,15.99912,1.9996227050065731,353.15399618478557,1.2233794841633339,5.890319999999999,5.598719999999999,-1.0255944532841736,,18.15703252769579,23.02384,58.310162,11.288846448102838,45.12178696155584,316.87783574345076,4.156222576617914,0.002946801048880265,1.6308628159982028
2026-07-15T15:24:09+03:00,12.93,294.15,-25.99996530634406,15.901919999999999,5.998868115019719,353.38317930283785,-3.1038842635622084,5.7153599999999996,5.7348,-2.7673861504818764,,25.118469738535293,23.023855,58.310215,11.052701143292113,39.10175705076426,326.89711106425545,4.43527405304774,0.003220725654066206,1.634083541652269
2026-07-15T15:24:11+03:00,12.93,294.16,-22.99766645985855,15.901919999999999,3.9992454100131463,346.97751115327526,-0.7647840649406228,6.6095999999999995,6.0264,-1.3464508185574346,,19.388891787227056,23.023873,58.310272,10.151580823136594,37.73433904468587,326.2649063653273,5.227247665498752,0.0034729629124662783,1.6375565045647353
2026-07-15T15:24:13+03:00,12.93,294.15,-27.002641447823002,15.99912,355.9958668486344,350.20899311781307,0.8557124670278845,5.851439999999999,6.0652800000000004,-0.739115555718762,,13.716609615431908,23.023876,58.310325,11.107961423917,40.840451495341284,315.15541535329317,4.426810642942085,0.00318711701553662,1.640743621580272
2026-07-15T15:24:15+03:00,12.93,294.16,-25.99996530634406,15.99912,358.9981656951199,352.5924975455573,1.3698274965987722,6.006959999999999,6.25968,-0.9167324722093171,,15.916767548734269,23.023879,58.310375,10.922281088236474,39.950965792300906,319.047199902819,4.604901089328841,0.0030068783039825155,1.6437504998842545
2026-07-15T15:24:17+03:00,12.93,294.16,-27.002641447823002,15.70752,2.9965692685342056,353.60090326498755,0.9953995774807791,5.890319999999999,6.045839999999999,-1.088619810748564,,17.96222687735131,23.023886,58.310426,10.795830088192721,41.3455401825932,321.651029085941,4.4220947706141915,0.003073451575241466,1.646823951459496
2026-07-15T15:24:19+03:00,12.93,294.16,-27.99958801135063,15.20208,4.996191973540778,353.61236242089024,-0.5482633141606847,5.851439999999999,6.045839999999999,-1.5412564689019144,,22.219303295173326,23.02389,58.310474,10.404731678365735,43.30826165642202,321.68793031711874,4.257939930264966,0.002887933592549823,1.6497118850520458
2026-07-15T15:24:21+03:00,12.93,294.15,-25.99996530634406,15.49368,6.995814678547352,350.5986044185021,-2.1688744376882183,5.94864,5.94864,-2.2058875112536693,,25.118469738535293,23.023901,58.310521,10.476798233790054,40.412585683046956,326.5832289955004,4.5292702380754575,0.0028463340995345723,1.6525582191515804
2026-07-15T15:24:23+03:00,12.93,294.15,-24.997289164865123,15.99912,2.9965692685342056,349.0458887936975,-0.10135623395864263,5.19048,6.10416,-2.4751776749651566,,23.777748497929164,23.023909,58.310572,11.505840421631518,35.98689601985262,327.00967324868157,4.199884180309442,0.0030758835076709467,1.6556341026592514
2026-07-15T15:24:25+03:00,12.93,294.16,-27.002641447823002,16.19352,0.9969465635276323,350.4954720153785,2.0280414116450616,6.045839999999999,6.08472,-1.9079494577856415,,19.4862946123993,23.023906,58.310625,11.14994072828562,41.254802673639574,319.74214388988804,4.5451690242348874,0.003187116991655156,1.6588212196509065
2026-07-15T15:24:27+03:00,12.93,294.16,-25.99996530634406,15.901919999999999,3.9992454100131463,353.60090326498755,-3.149147929377544,5.9292,6.25968,-1.970974815250032,,18.919066395219783,23.023913,58.31068,10.887590883548834,39.81152020769758,324.18772520231556,4.5545434641890985,0.003313304909148014,1.6621345245600545
2026-07-15T15:24:29+03:00,12.93,294.16,-20.998043754851974,16.407359999999997,5.998868115019719,330.37892382833536,-17.73327294241703,6.27912,6.43464,-2.589769233991321,,19.314407273860052,23.023925,58.310736,10.782593186841027,33.04263708231824,332.95623103270145,5.263566768929742,0.0033872910342444065,1.665521815594299
2026-07-15T15:24:31+03:00,12.78,294.16,-9.000307524812538,17.496,341.9985079135884,296.05302232204764,-13.911759040453468,6.18192,5.52096,-1.277695883141736,,10.559612164261072,23.023902,58.310792,11.431177466579175,13.853434384249624,328.1450735293388,6.002096601262754,0.003443484392531321,1.6689652999868303
2026-07-15T15:24:33+03:00,12.78,294.16,5.001921551492087,16.31016,301.99459465755433,276.48078404037875,-5.626044477728093,4.64616,5.07384,-0.26929016371148695,,-0.5729577951308232,23.023831,58.310825,11.688715399942264,6.988013919628401,308.98260857718276,4.611646579216269,0.0029933841924455365,1.6719586841792757
2026-07-15T15:24:35+03:00,12.78,294.17,22.998525896551243,14.696639999999999,286.9945595810294,265.76647327143235,-4.335571635754939,4.74336,4.5684000000000005,0.29220847551671986,,-4.669606030316209,23.023751,58.310839,10.495228714758971,33.16924643434788,320.1638060153773,3.970467899746609,0.0026624998751877127,1.6746211840544634
2026-07-15T15:24:37+03:00,12.63,294.16,35.00199170454199,14.094,271.99452450450445,261.41772360638936,-1.3942354986713454,5.326560000000001,4.52952,0.492743703812508,,-6.726524514835865,23.023658,58.310844,10.199236611913847,52.433508816898396,324.42803332140284,3.247506142921303,0.002951835195652623,1.677573019250116
2026-07-15T15:24:39+03:00,12.63,294.16,43.99742908809592,13.7052,267.99527909449125,257.13199929881085,-1.6045683052638704,4.859999999999999,4.374,0.6130648407899808,,-7.860980949194894,23.02356,58.310842,10.752740644375619,62.295203061984694,330.29048215647595,2.2594925927191003,0.0030967060736615372,1.6806697253237775
2026-07-15T15:24:41+03:00,12.63,294.16,48.00240407606037,13.802399999999999,260.9994644159439,258.1461345961924,3.855089228758231,4.6655999999999995,4.5684000000000005,0.6875493541569879,,-10.347617780062668,23.023478,58.310837,11.229371183575543,65.98781729805282,326.9872817139967,1.898576711216448,0.0026065526830229262,1.6832762780068005
2026-07-15T15:24:43+03:00,12.63,294.16,48.00240407606037,13.9968,261.99641097947153,266.23056908548836,1.9042825278968043,4.6655999999999995,4.6655999999999995,0.693278932108296,,-10.324699468257435,23.023391,58.310825,11.414429690190339,65.68651072407796,327.6829217035495,1.9209624535770404,0.002840162098357644,1.686116440105158
2026-07-15T15:24:45+03:00,12.63,294.16,48.999350639587995,13.608,272.99720064598336,266.912388861694,-0.5153182409406625,4.60728,4.6655999999999995,0.5614986392282068,,-7.987031664123675,23.023301,58.310823,11.141779131416138,67.18396375363139,340.1811643996148,1.786581492900218,0.002844313134557489,1.6889607532397155
2026-07-15T15:24:47+03:00,12.56,294.17,48.999350639587995,13.802399999999999,272.99720064598336,269.4906989397827,1.8593053409790345,4.510079999999999,4.60728,0.544309905374282,,-7.207809062745755,23.02322,58.310826,11.365154973663662,66.42641325997438,339.4236139059577,1.8037007270562448,0.002563943305494949,1.6915246965452104
2026-07-15T15:24:49+03:00,12.48,294.15,46.99972793458143,13.9968,274.9968233509899,273.5357809734063,-0.12536316557462412,4.45176,4.276800000000001,0.4526366581533504,,-5.792603308772623,23.023144,58.310828,11.434026893856267,63.543411657080995,338.5402350080709,1.983346399042578,0.00240272722998733,1.6939274237751978
2026-07-15T15:24:51+03:00,12.48,294.16,41.99780638308934,13.9968,280.99569146600965,271.7137751848903,-1.2421724998436248,4.4712,4.0629599999999995,0.492743703812508,,-5.02483986329732,23.023063,58.310834,11.085266023645168,57.65492169208643,338.65061315809606,2.392168932702724,0.0025828960844492383,1.696510319859647
2026-07-15T15:24:53+03:00,12.48,294.15,41.00085981956171,13.7052,278.9960687610031,269.0208735477754,-2.4439514751305262,4.6655999999999995,4.1796,0.5385803274229739,,-6.583285066053159,23.022993,58.310844,10.63413506610139,57.729726229324186,336.72579499032724,2.4910279372319417,0.0022905389579851664,1.6988008588176322
2026-07-15T15:24:55+03:00,12.48,294.16,39.998183678082775,13.7052,274.9968233509899,268.48229322035246,1.6917151859032686,4.31568,4.14072,0.5958761069360561,,-7.448451336700702,23.022923,58.310854,10.762728954704551,54.93405019370937,329.9308735446993,2.479439872999635,0.0022905383549173468,1.7010913971725496
2026-07-15T15:24:57+03:00,12.48,294.17,39.00123711455514,13.39416,274.9968233509899,270.7626652449731,1.3304652960732846,4.548959999999999,4.00464,0.6302535746439055,,-8.250592249883853,23.022849,58.310857,10.266254834157001,55.193309040278066,330.190132391268,2.596589387532276,0.0023435134650789252,1.7034349106376285
2026-07-15T15:24:59+03:00,12.48,294.16,37.998560973076195,13.5108,275.99949949246883,270.20689618369624,-2.646205576811707,4.393439999999999,4.101839999999999,0.6073352628386726,,-7.7349302342661135,23.022789,58.310865,10.406311068070924,53.06374183915672,329.06324133162553,2.640133050103539,0.001954585670475376,1.705389496308104
2026-07-15T15:25:01+03:00,12.48,294.17,37.998560973076195,13.296959999999999,279.998744902482,267.7660959764389,-1.2808471510149555,4.101839999999999,3.5575200000000002,0.6875493541569879,,-8.342265497104787,23.022726,58.310872,10.376568848646182,52.08362110149854,332.0823660039805,2.5206247627861385,0.002033248646548757,1.7074227449546528
2026-07-15T15:25:03+03:00,12.48,294.16,37.001614409548566,13.296959999999999,273.99987678746226,268.7229354943074,3.074949894908102,3.9851999999999994,3.46032,0.7276563998161455,,-8.78344299935552,23.022656,58.310872,10.394792012556648,50.34196577663192,324.3418425640942,2.543371005086781,0.002210263749963204,1.709633008704616
2026-07-15T15:25:05+03:00,12.48,294.16,37.001614409548566,13.10256,273.99987678746226,269.5995609208576,-1.8351265220245139,4.0629599999999995,4.04352,0.7333859777674538,,-7.832333059438353,23.022583,58.310871,10.15655070545759,50.932728061280585,324.9326048487428,2.5606091018439674,0.0023057729599137355,1.7119387816645297
2026-07-15T15:25:07+03:00,12.48,294.16,37.998560973076195,13.19976,269.9949017994978,268.8203383194796,0.6408532938538258,4.21848,3.7713599999999996,0.5786873730821314,,-5.80406246467524,23.022517,58.31087,10.211269776316092,52.732680533393335,322.7275823328912,2.5544355033833064,0.002084829715498032,1.7140236113800278
2026-07-15T15:25:09+03:00,12.48,294.16,35.99893826806962,13.10256,280.99569146600965,264.00749284038073,-5.6003186727267185,3.92688,3.96576,0.5099324376664327,,-5.735307529259541,23.022443,58.310869,10.190435069664987,49.089862821906394,330.085554287916,2.5716137118699582,0.00233733770328542,1.7163609490833132
2026-07-15T15:25:11+03:00,12.48,294.15,37.998560973076195,12.59712,268.99795523597015,258.5930416763945,-1.162187591643362,3.6935999999999996,3.7713599999999996,0.7276563998161455,,-7.121865393476132,23.022369,58.310866,9.949794324128115,51.20973972577704,320.20769496174717,2.313934476529138,0.002343512674736892,1.71870446175805
2026-07-15T15:25:13+03:00,12.48,294.16,37.998560973076195,12.402719999999999,258.99984171093735,257.85965569862697,1.2337500202552016,3.888,3.6352800000000003,0.8021409131831525,,-8.399561276617868,23.022304,58.310856,9.640744839026805,52.37438161057659,311.3742233215139,2.3736214945710556,0.002138595784023948,1.720843057542074
2026-07-15T15:25:15+03:00,12.48,294.16,37.001614409548566,12.30552,259.99678827446496,260.518179868034,1.7166961457709726,3.86856,3.6547199999999997,0.7792226013779195,,-8.451127478179641,23.022234,58.310847,9.505560354218115,51.179607829897975,311.17639610436294,2.425127327115327,0.00227550421899093,1.723118561761065
2026-07-15T15:25:17+03:00,12.48,294.16,37.998560973076195,12.402719999999999,265.9956563894847,266.98114379710967,9.525767118727014,3.888,3.46032,0.44117750225073393,,-8.514152835644033,23.022167,58.31084,9.640744839026805,52.37438161057659,318.3700380000613,2.3736214945710556,0.0021569753969548455,1.7252755371580197
2026-07-15T15:25:19+03:00,12.48,294.16,35.99893826806962,12.59712,263.9960336844781,288.4613315365643,10.2005968098321,3.888,3.3047999999999997,0.1546986046853223,,-4.222698950114167,23.022097,58.310832,9.72396440461628,49.591283255277006,313.5873169397551,2.5203405994002996,0.0022619690081744845,1.7275375061661942
2026-07-15T15:25:21+03:00,12.48,294.15,26.00082474303676,12.79152,285.99761301750175,310.27956437514604,11.050694290467701,3.38256,3.05208,-0.22345354010102106,,1.306343772898277,23.022041,58.310843,9.863419778847348,34.64741969414098,320.6450327116427,2.782717518561192,0.0018877875108903816,1.7294252936770846
2026-07-15T15:25:23+03:00,12.48,294.15,5.998868115019719,12.30552,310.9957616190596,329.313222329392,6.655706931357695,3.0326400000000002,3.07152,-0.20053522829578813,,5.219645513641799,23.021998,58.310865,9.294891905161593,7.952920805101684,318.94868242416123,3.0034723449100076,0.001895284615186324,1.731320578292271
2026-07-15T15:25:25+03:00,12.48,294.16,-7.000684819805964,11.39184,333.9942875156107,336.9278314266806,1.1169239258280268,2.7021599999999997,2.7021599999999997,-0.22345354010102106,,8.032868287734141,23.021978,58.310892,8.71604987750377,9.166164589156693,324.82812292645406,2.6676547923900076,0.0017414443879093027,1.7330620226801803
2026-07-15T15:25:27+03:00,12.48,294.15,-16.0018517813112,11.00304,344.9950771821226,338.9675611773464,0.9912169855763242,2.7993599999999996,2.8188,-0.12032113697747288,,6.7150653589332485,23.021972,58.310917,8.347892415984361,21.305956085273692,323.6891210968489,2.6080334336709514,0.0015145882824027434,1.734576610962583
2026-07-15T15:25:29+03:00,12.48,294.15,-22.000719896330917,11.10024,350.99967487509366,342.36520090247205,-1.6831781147558196,2.4299999999999997,2.8771199999999997,-0.32658594322456924,,8.651662706475431,23.021972,58.310941,8.893904670762394,27.87543193856419,323.12424293652947,2.1480378517322003,0.0014425851942163781,1.7360191961567994
2026-07-15T15:25:31+03:00,12.52,294.16,-20.998043754851974,11.29464,357.99548955364094,330.1611998661856,-7.286877238473809,2.89656,2.54664,-0.46982539200727513,,9.453803619658585,23.021977,58.310965,8.652910484067387,27.887429622347952,330.108059931293,2.5601774762547995,0.001451198384758528,1.737470394541558
2026-07-15T15:25:33+03:00,12.63,294.16,-16.99879834483883,11.99448,351.9966214386213,310.51447707114966,-13.452476071876598,2.64384,3.0326400000000002,-0.320856365273261,,6.285347012585132,23.021974,58.310992,9.497650328435187,21.66676475863298,330.3298566799883,2.4570444873002923,0.0016256704384032302,1.7390960649799612
2026-07-15T15:25:35+03:00,12.63,294.16,-9.000307524812538,12.908159999999999,324.9988501320569,290.0140471613688,-10.632148621124633,2.7021599999999997,2.93544,-0.07448451336700701,,-2.320479070279834,23.021949,58.311014,10.247992672078174,11.364404476703555,313.6344456553533,2.6491808615833583,0.0015400577302756972,1.740636122710237
2026-07-15T15:25:37+03:00,12.56,294.16,9.001166961505232,12.59712,307.99919235052533,268.0239269842478,-8.70128085153376,2.7799199999999997,2.7021599999999997,0.22918311805232927,,-4.194051060357626,23.021908,58.311032,9.86103050691908,11.529078212417915,319.52827056294325,2.72383065805944,0.0016871641136248013,1.7423232868238618
2026-07-15T15:25:39+03:00,12.63,294.15,26.00082474303676,11.89728,283.9979903124951,250.090347996653,-3.5239196231726155,2.60496,2.76048,0.4469070802020421,,-8.244862671932546,23.021862,58.311037,9.623966931668395,32.815556989136155,316.8135473016313,2.1892591482360872,0.0014832199117069118,1.7438065067355688
2026-07-15T15:25:41+03:00,12.63,294.15,43.99742908809592,11.89728,257.9971655694584,246.89324349982306,0.6898411853375113,2.83824,2.916,0.6130648407899808,,-8.794902155258136,23.021811,58.311033,10.050790776842561,55.309648133460755,313.30681370291916,1.6153589594040543,0.001628177499872064,1.745434684235441
2026-07-15T15:25:43+03:00,12.56,294.15,48.999350639587995,11.99448,241.99445435145452,249.41998737634998,0.2576018246908181,3.38256,2.99376,0.7964113352318443,,-12.158164412676069,23.021749,58.311017,10.103130771198153,63.63531018194767,305.6297645334022,1.502137685052919,0.0021811281644199126,1.7476158123998609
2026-07-15T15:25:45+03:00,12.6,294.16,50.002026781066945,11.89728,247.99905204442555,251.01853962476494,-1.3566494673107632,3.73248,3.2464799999999996,0.888084582452776,,-8.479775367936183,23.021688,58.311003,9.91924238450184,66.75589821574621,314.75495026017177,1.4730205106773309,0.0021018843641737533,1.7497176967640347
2026-07-15T15:25:47+03:00,12.48,294.16,52.00164948607352,12.20832,259.99678827446496,251.5227424844801,1.0561903995441595,3.6547199999999997,3.6741599999999996,0.9281916281119336,,-8.072975333393298,23.021626,58.310994,10.366432523726205,68.13190968433847,328.1286979588034,1.3612771611851848,0.0020310247996526126,1.7517487215636873
2026-07-15T15:25:49+03:00,12.48,294.14,48.00240407606037,12.49992,254.9948667229729,253.32755953914221,0.2806920238345903,4.00464,3.7908,0.4469070802020421,,-10.284592422598278,23.021556,58.310986,10.26148197439025,64.86216963360488,319.85703635657774,1.7011600397094946,0.0022619596049686026,1.754010681168656
2026-07-15T15:25:51+03:00,12.48,294.15,46.99972793458143,12.59712,251.9982974544387,257.0804330972491,3.4078383738791103,4.29624,3.9074399999999994,0.5672282171795151,,-11.378941811298148,23.02148,58.310972,10.164885140215596,65.00526866626393,317.00356612070266,1.8153114242784967,0.002542977125941911,1.756553658294598
2026-07-15T15:25:53+03:00,12.48,294.15,45.00010522957485,12.908159999999999,257.9971655694584,260.85049538920987,-0.7284012449498156,4.1212800000000005,4.19904,0.2864788975654116,,-9.316293748827185,23.021402,58.310963,10.410194435797306,61.25650285634376,319.2536684258022,1.981879292004523,0.0025215710939456362,1.7590752293885437
2026-07-15T15:25:55+03:00,12.48,294.15,43.000482524568284,13.296959999999999,264.998709825957,257.76225287345477,-2.8257705498057075,4.45176,4.374,0.5557690612768985,,-12.977494059713147,23.021324,58.31096,10.49014827995988,59.824070183118835,324.8227800090758,2.237707511634633,0.0024694516261919673,1.7615446810147357
2026-07-15T15:25:57+03:00,12.48,294.15,45.00010522957485,13.5108,265.9956563894847,253.7458187295877,-2.1662961276101296,4.6655999999999995,4.1796,0.5328507494716656,,-8.072975333393298,23.021247,58.310956,10.731419006848709,62.904093369019236,328.8997497585039,2.1250935850299943,0.002443143452471841,1.7639878244672076
2026-07-15T15:25:59+03:00,12.48,294.15,46.99972793458143,13.608,265.9956563894847,247.7641393484219,-2.172083001340951,4.62672,4.393439999999999,0.38388172273765153,,-7.574502051629484,23.021158,58.310955,10.986627221709309,64.9377722238347,330.9334286133194,1.959889393885155,0.0028108286037312907,1.766798653070939
2026-07-15T15:26:01+03:00,12.48,294.16,48.999350639587995,13.19976,256.9944894279795,245.15718138057667,1.9301802202367175,4.52952,4.257359999999999,0.16615776058793874,,-9.407966996048117,23.021082,58.310947,10.784225575365395,67.48004274404582,324.4745321720253,1.7348297800960593,0.0024474137411147705,1.7692460668120538
2026-07-15T15:26:03+03:00,12.45,294.15,48.00240407606037,12.79152,251.9982974544387,245.60408846077868,-0.9077370348257632,4.41288,4.548959999999999,0.18334649444186346,,-10.8575502177291,23.021005,58.310936,10.371045795542015,66.4368881186183,318.43518557305697,1.7640883978402089,0.0025195860552083716,1.771765652867262
2026-07-15T15:26:05+03:00,12.33,294.16,48.999350639587995,13.00536,257.9971655694584,243.5357108203564,-1.8384496772362724,4.41288,4.82112,0.21772396214971285,,-9.195972611849713,23.020926,58.310927,10.644624338153474,67.23177558495989,325.2289411544183,1.7078034123042485,0.0025524224782372523,1.7743180753454992
2026-07-15T15:26:07+03:00,12.33,294.15,50.998973344594575,12.79152,253.99792015944524,239.6281386575642,-2.327984817396048,4.859999999999999,4.87944,0.4354479242994257,,-7.608879519337332,23.020844,58.310915,10.440076574345953,72.20772299423649,326.20564315368176,1.4850554405122014,0.0026877547446549155,1.7770058300901541
2026-07-15T15:26:09+03:00,12.33,294.15,54.00127219108009,13.10256,247.99905204442555,237.31338916523563,0.5459714829801614,5.22936,4.84056,-0.2119943841984046,,-9.900710699860626,23.020755,58.310894,10.884760110315483,76.8737810631074,324.872833107533,1.18757187218045,0.003080661088977664,1.7800864911791319
2026-07-15T15:26:11+03:00,12.33,294.15,50.998973344594575,12.69432,244.99675319794,241.57046558305768,0.9012053159612718,5.151599999999999,5.13216,0.3036676314193363,,-6.881223119521186,23.020672,58.310871,10.265124197031431,73.95400983731557,318.9507630352556,1.4239478432406107,0.0029630263041397855,1.7830495174832717
2026-07-15T15:26:13+03:00,12.33,294.14,50.002026781066945,12.69432,250.9956213129597,241.7079754538891,-0.6146691226163471,5.52096,5.42376,-0.6245239966925973,,-4.491989113825654,23.020581,58.310847,10.076270811928747,74.82027785055558,325.81589916351527,1.445650281202405,0.0032151450024665643,1.7862646624857383
2026-07-15T15:26:15+03:00,12.3,294.15,52.00164948607352,13.296959999999999,251.9982974544387,240.963130320219,-0.11951899606428974,5.20992,5.5404,0.320856365273261,,-8.445397900228334,23.020496,58.310833,10.892855717133044,74.14371531139977,326.14201276583844,1.423482233044947,0.0028127252685449045,1.7890773877542832
2026-07-15T15:26:17+03:00,12.18,294.14,50.002026781066945,12.79152,250.9956213129597,240.9459415863651,0.22826638558011997,5.22936,5.5404,0.17188733853924698,,-13.378564516304722,23.020409,58.310815,10.245916648887672,73.01808088470834,324.01370219766807,1.5273386948860352,0.0029524316239924304,1.7920298193782755
2026-07-15T15:26:19+03:00,12.22,294.15,48.999350639587995,13.10256,245.99942933941892,243.100262896057,-0.11333105187687684,5.6376,5.65704,0.017188733853924696,,-14.020277246851244,23.020324,58.310795,10.32163428201827,73.34326024802023,319.34268958743917,1.6159461588355364,0.002940829297449108,1.7949706486757246
2026-07-15T15:26:21+03:00,12.18,294.13,50.998973344594575,13.802399999999999,248.99599860795314,243.55862913216163,0.11653961552960942,5.38488,5.52096,-0.005729577951308233,,-13.074896884885387,23.020233,58.310776,11.22290309908598,72.89221269462463,321.88821130257776,1.5840713788672913,0.0030919912872944154,1.798062639963019
2026-07-15T15:26:23+03:00,11.73,294.14,50.002026781066945,13.9968,249.9986747494321,245.46657858994732,0.2924949544142853,5.5598399999999994,5.773680000000001,-0.12032113697747288,,-12.754040519612124,23.020143,58.310755,11.259796871030115,72.2284122033402,322.2270869527723,1.6969917075441967,0.0031095011879057593,1.8011721411509247
2026-07-15T15:26:25+03:00,11.58,294.14,50.998973344594575,13.9968,250.9956213129597,246.21715330156866,0.4560171091446223,5.6376,5.7348,-0.1776169164905552,,-14.42707728139413,23.020043,58.310736,11.330201535208387,73.74711646222282,324.74273777518255,1.5778364374391476,0.00335771828363641,1.8045298594345611
2026-07-15T15:26:27+03:00,11.28,294.12,50.002026781066945,13.7052,250.9956213129597,244.87643206096254,-0.1710851976260638,5.90976,5.46264,0.22918311805232927,,-14.64480124354384,23.019942,58.310717,10.892093987755832,74.56213498017742,325.5577562931371,1.5731379284284905,0.0033874297082646223,1.8079172891428257
2026-07-15T15:26:29+03:00,10.98,294.12,52.00164948607352,13.8996,249.9986747494321,243.27787981254758,-1.704320257396147,6.006959999999999,5.832,0.2578310078088704,,-13.70515045952929,23.019838,58.310699,11.246232185169797,76.89372462466036,326.89239937409246,1.3621261259416375,0.003457480061508003,1.8113747692043336
2026-07-15T15:26:31+03:00,10.68,294.13,50.998973344594575,13.802399999999999,246.9963759029466,244.14304608319506,0.881037201572667,5.6376,5.851439999999999,0.18907607239317165,,-14.513020950663753,23.019748,58.310683,11.151176598519854,74.13335393328735,321.12972983623393,1.541315939395396,0.0030001063657335266,1.814374875570067
2026-07-15T15:26:33+03:00,10.31,294.13,50.002026781066945,13.296959999999999,249.9986747494321,245.71868001980485,1.5444650325546472,6.045839999999999,5.81256,0.16615776058793874,,-15.916767548734269,23.01965,58.310664,10.488881247690326,76.20578402032038,326.2044587697525,1.4415424006496966,0.0032984085538716626,1.8176732841239387
2026-07-15T15:26:35+03:00,10.2,294.12,50.002026781066945,13.5108,253.99792015944524,247.41463509339206,0.8160637876048316,5.96808,5.7153599999999996,0.20626480624709637,,-16.976739469726294,23.019547,58.310648,10.700635066662686,75.29580642323869,329.2937265826839,1.5148702260070632,0.0033914805394501587,1.8210647646633888
2026-07-15T15:26:37+03:00,10.35,294.11,48.999350639587995,13.608,251.9982974544387,247.04794210450837,-3.468972970619569,5.94864,5.87088,-0.10313240312354818,,-14.06611387046171,23.019447,58.310634,10.69335448785664,73.82356207513233,325.82185952957104,1.6572683523998886,0.0032677509514341396,1.824332515614823
2026-07-15T15:26:39+03:00,10.2,294.11,52.00164948607352,13.10256,258.99984171093735,233.92147901806118,-10.121585929883558,6.0652800000000004,5.890319999999999,-0.38388172273765153,,-10.021031836838098,23.019343,58.310622,10.517329272080866,79.03128130400422,338.03112301494156,1.1540592402232583,0.003362125576376759,1.8276946411911996
2026-07-15T15:26:41+03:00,10.31,294.11,63.002439152585325,12.69432,247.99905204442555,212.53296452582757,-12.544796332830348,5.773680000000001,6.1236,-0.4812845479098915,,-6.583285066053159,23.019254,58.310604,11.31097268036519,90.05602872037998,338.05508076480555,-0.005645997898546445,0.003011293611064588,1.8307059348022643
2026-07-15T15:26:43+03:00,10.38,294.11,76.99979808763133,11.80008,223.99785000639537,194.78846161062597,-7.097342799844533,6.14304,5.754239999999999,-0.3495042550298022,,-6.984355522644735,23.019172,58.310564,12.01522630128319,106.87860264574645,330.87645265214184,-1.7836000101666811,0.003533353988842149,1.8342392887911065
2026-07-15T15:26:45+03:00,10.38,294.1,88.00058775414314,11.10024,205.99551608338487,185.82167211682858,-1.556210667354829,6.62904,6.37632,-0.320856365273261,,-7.207809062745755,23.019112,58.310506,12.728901113301916,119.3643341893731,325.35985027275797,-3.250624939247098,0.003967765780747467,1.838207054571854
2026-07-15T15:26:47+03:00,10.46,294.1,93.00250930563523,10.303199999999999,199.99664796836515,183.79913110001678,-0.7481109931023159,6.39576,6.201359999999999,-0.21772396214971285,,-6.697876625079324,23.01907,58.310447,12.408262722308551,123.98232328162823,323.9789712499934,-3.5748275769473175,0.003786207960266208,1.8419932625321203
2026-07-15T15:26:49+03:00,10.68,294.09,95.00213201064179,9.408959999999999,190.9954810068599,182.36673661218973,0.4879881541129222,6.1624799999999995,6.006959999999999,-0.34377467707849396,,-5.443099053742821,23.019046,58.310393,11.688285044940121,126.68569851028985,317.68117951714976,-3.6816196058560386,0.0033331079529541285,1.8453263704850744
2026-07-15T15:26:51+03:00,10.83,294.09,97.99870127917599,9.00072,190.9954810068599,179.75977864434446,-0.2095306656793421,5.96808,5.65704,-0.2578310078088704,,-5.357155384473197,23.019027,58.310342,11.470852434023982,129.01089333557584,320.0063743424357,-3.7567161824659627,0.003123647767428134,1.8484500182525025
2026-07-15T15:26:53+03:00,10.91,294.09,103.00062283066809,8.90352,187.99891173832572,180.71088858426165,1.02181293183631,5.6181600000000005,5.7348,-0.19480565034447989,,-7.373966823333695,23.019006,58.310294,11.547388584293033,131.29877677216922,319.29768851049494,-3.7079048603396334,0.0029603877895634017,1.851410406042066
2026-07-15T15:26:55+03:00,10.98,294.09,103.99756939419571,9.00072,190.9954810068599,178.96909688706396,-4.1455788308895585,5.67648,5.96808,-0.1546986046853223,,-6.170755453558966,23.018973,58.310245,11.745293674307627,131.9635478312954,322.9590288381553,-3.7956219163241465,0.0031241679705892385,1.8545345740126553
2026-07-15T15:26:57+03:00,10.98,294.08,108.00254438216018,9.195120000000001,190.9954810068599,174.33959790240692,0.6693292962718277,5.7153599999999996,5.28768,-0.27501974166279514,,-4.102377813136695,23.018953,58.310195,12.235187422477955,134.37827383056705,325.373754837427,-3.9972791589061125,0.0030710186977801063,1.8576055927104353
2026-07-15T15:26:59+03:00,11.06,294.08,114.0014124971799,8.59248,184.9966128918402,171.2169779189439,-3.900181007235027,5.307119999999999,5.81256,-0.21772396214971285,,-3.66120031088596,23.018939,58.310145,11.793801205547167,138.27435630799081,323.27096919983103,-3.960917917457438,0.003037723213716054,1.8606433159241513
2026-07-15T15:27:01+03:00,11.13,294.08,112.99873635570096,8.10648,183.99966632831257,167.4755635167396,0.23863692167198788,5.151599999999999,5.346,-0.2807493196141034,,-1.7589804310516275,23.018935,58.310098,11.175294974513422,138.1075887536352,322.10725508194776,-3.834851005385514,0.0028278846618250107,1.8634712005859764
2026-07-15T15:27:03+03:00,11.13,294.1,116.00103520218647,7.095599999999999,178.99774477682047,168.47251008026726,0.8284396759796573,5.151599999999999,5.03496,-0.20053522829578813,,-3.2715890101970007,23.018934,58.31005,10.437235156857925,142.33624034277602,321.3339851195965,-4.0780589706085655,0.002885343169936566,1.8663565437559129
2026-07-15T15:27:05+03:00,11.28,294.09,121.9999033172062,6.492959999999999,181.9943140453547,166.31245919262406,-3.3401720582741605,5.1710400000000005,5.22936,-0.19480565034447989,,-3.1111608275603704,23.018925,58.310002,10.22167030948176,147.40525061395536,329.39956465931004,-4.356610335647604,0.0028991323640523235,1.8692556761199652
2026-07-15T15:27:07+03:00,11.28,294.08,121.9999033172062,6.39576,180.99736748182707,162.97784482496266,0.9807891537049432,5.01552,4.704479999999999,-0.16615776058793874,,-1.5641747807071475,23.018922,58.309951,10.00293263358232,147.1642374974448,328.16160497927183,-4.214181943090476,0.003066956800492007,1.8723226329204572
2026-07-15T15:27:09+03:00,11.28,294.08,129.99839413723248,6.29856,176.99812207181392,161.99235741733767,-0.602694304698113,5.151599999999999,4.84056,-0.022918311805232933,,-3.1741861850247606,23.01893,58.309903,10.388616707379201,152.3247610576255,329.32288312943945,-4.562228266247762,0.0028962077151434393,1.8752188406356007
2026-07-15T15:27:11+03:00,11.32,294.08,129.99839413723248,6.29856,173.9958232253284,162.94346735725483,-1.9816318302394653,4.859999999999999,4.84056,-0.011459155902616466,,-4.182591904455009,23.01894,58.309859,10.131282677702904,151.55880054194597,325.5546237672744,-4.273428813337379,0.002663522484954696,1.8778823631205555
2026-07-15T15:27:13+03:00,11.4,294.08,133.000692983718,6.10416,176.99812207181392,159.12756844168354,-3.880815033759605,4.68504,4.68504,0.022918311805232933,,-3.810169337619975,23.018941,58.309818,9.910538436473395,153.2271324833286,330.22525455514256,-4.18280011364946,0.0024646186538914397,1.880346981774447
2026-07-15T15:27:15+03:00,11.28,294.08,131.99801684223905,6.901199999999999,173.9958232253284,152.95681298812457,-2.302201716615161,4.704479999999999,4.35456,-0.09740282517223994,,-1.1229972784564135,23.018949,58.309772,10.639819439664649,151.18169326566647,325.1775164909949,-4.121842895758309,0.0027764703030106566,1.8831234520774576
2026-07-15T15:27:17+03:00,11.13,294.09,138.99956109873773,7.095599999999999,168.99963125178763,147.16420967935196,-1.6400343927824685,4.64616,4.21848,-0.08594366926962349,,-1.105808544602489,23.018966,58.309729,11.03156717375833,155.03992680023183,324.03955805201946,-4.21221827465338,0.002639786133208772,1.8857632382106664
2026-07-15T15:27:19+03:00,11.21,294.08,148.99767462377056,7.40664,159.99846429028239,150.3956916438898,2.573611824168632,4.23792,4.0824,0.10313240312354818,,-3.3861805692231655,23.018984,58.309692,11.25290123296294,160.18281781548436,320.18128210576674,-3.9869467499090745,0.002295464765764289,1.8880587029764306
2026-07-15T15:27:21+03:00,11.28,294.08,151.9999734702561,6.9984,160.99541085381,156.00494845822055,-0.013750987083139758,4.101839999999999,3.96576,0.21772396214971285,,-4.486259535874345,23.019002,58.309653,10.793286272220945,162.2775046374568,323.27291549126676,-3.9071750369851834,0.002412120581157182,1.8904708235575878
2026-07-15T15:27:23+03:00,11.28,294.08,146.00110535523638,6.7068,169.99657781531528,153.42663838013186,-1.447004911602894,4.101839999999999,3.9851999999999994,0.1432394487827058,,-2.337667804133759,23.019015,58.309612,10.364403699442207,158.78657126231917,328.78314907763445,-3.8238953001645997,0.002498369806218048,1.8929691933638058
2026-07-15T15:27:25+03:00,11.28,294.07,157.0018950217482,6.901199999999999,168.99963125178763,153.7303060115512,1.0170573821367241,3.96576,3.61584,-0.011459155902616466,,-1.283425461093044,23.019028,58.309576,10.664905095263002,165.35553929019497,334.3551705419826,-3.8369254530411983,0.002202469316846802,1.8951716626806525
2026-07-15T15:27:27+03:00,11.28,294.06,157.0018950217482,6.006959999999999,169.99657781531528,158.6119064260658,4.321133099317643,3.7908,3.6935999999999996,0.08021409131831525,,-2.532473454478239,23.019043,58.309538,9.611258623819435,165.8663362468746,335.8629140621899,-3.6760476071895885,0.0023326855691791952,1.8975043482498317
2026-07-15T15:27:29+03:00,11.28,294.07,157.9988415852758,6.10416,171.99620052032182,165.8483633785681,4.030586201406803,3.71304,3.46032,0.16615776058793874,,-3.5466087518597957,23.019053,58.309502,9.647606856457557,166.28868077163048,338.2848812919523,-3.6072269438601303,0.002186795376506866,1.8996911436263386
2026-07-15T15:27:31+03:00,11.28,294.07,153.00264961173502,6.39576,175.99544593033497,168.38656641099763,0.026585241694070196,3.53808,3.6547199999999997,0.34377467707849396,,-4.532096159484812,23.019057,58.309471,9.682425503523433,162.5509379454399,338.54638387577484,-3.3752713984887306,0.0018676150952421013,1.9015587587215808
2026-07-15T15:27:33+03:00,11.28,294.07,140.99918380374427,7.095599999999999,173.9958232253284,168.21467907245838,-0.9012053159612718,3.51864,3.6935999999999996,0.2578310078088704,,-3.8903834289382897,23.019054,58.309436,10.076393753659618,153.69413577834067,327.68995900366906,-3.1542534324496714,0.0021059017511888723,1.9036646604727696
2026-07-15T15:27:35+03:00,11.28,294.06,140.00223724021666,7.503839999999999,177.99506863534154,167.22346208688208,-1.28669132052529,3.7519199999999997,3.81024,0.246371851906254,,-3.7414144022042755,23.019054,58.309404,10.65457962796049,153.0840235956931,331.0790922310347,-3.3454795251737677,0.0019234469251120355,1.9055881073978815
2026-07-15T15:27:37+03:00,11.28,294.07,140.99918380374427,7.503839999999999,173.9958232253284,166.4327803296015,-0.5490081592943549,3.9074399999999994,3.71304,0.246371851906254,,-5.397262430132355,23.019055,58.309373,10.823505259217793,154.13132524670513,328.1271484720335,-3.5159006662604773,0.0018636067402908684,1.9074517141381724
2026-07-15T15:27:39+03:00,11.28,294.06,135.99726225225223,7.095599999999999,177.99506863534154,164.68525905445253,-0.4522355876967588,4.101839999999999,3.6741599999999996,0.23491269600363757,,-4.83003421295284,23.019054,58.309337,10.442389152412225,151.83297415409174,329.8280427894333,-3.6160806753007715,0.002164108170282243,1.9096158223084547
2026-07-15T15:27:41+03:00,11.28,294.06,133.99763954724563,7.3094399999999995,175.99544593033497,163.29870119023593,-1.8796453427061786,3.8296799999999998,3.92688,0.19480565034447989,,-4.784197589342375,23.019049,58.309299,10.343287242698116,149.44491860074717,325.44036453108214,-3.2978938500389847,0.0022895433757422257,1.911905365684197
2026-07-15T15:27:43+03:00,11.13,294.06,138.00261453521009,7.892639999999999,177.99506863534154,161.93506163782456,-1.1500408863865883,3.81024,3.86856,0.040107045659157625,,-3.414828458979706,23.019042,58.309258,11.023180172239115,151.37493875544476,329.3700073907863,-3.3445277426989577,0.0024743090182850723,1.914379674702482
2026-07-15T15:27:45+03:00,11.13,294.06,135.00031568872456,8.00928,178.99774477682047,160.17608120677292,-1.532662101974952,3.8491199999999997,3.86856,-0.20626480624709637,,-1.1401860123103382,23.01904,58.309217,11.070811543935022,149.23219959646545,328.2299443732859,-3.3073468284916703,0.0024652254262575697,1.9168449001287395
2026-07-15T15:27:47+03:00,11.13,294.06,142.99880650875087,8.10648,175.99544593033497,158.88692616772857,0.10519505118601914,3.92688,3.57696,-0.017188733853924696,,-2.0912959522275045,23.01904,58.309182,11.488290255316738,154.87020022753444,330.8656461578694,-3.555193145324713,0.0021037700742934946,1.918948670203033
2026-07-15T15:27:49+03:00,11.1,294.06,159.99846429028239,6.9984,177.99506863534154,159.6718783470578,0.21990120177120995,3.71304,3.6935999999999996,-0.10313240312354818,,-2.5783100780887045,23.019038,58.309145,10.564102187420907,166.90332738110288,344.8983960164444,-3.616460592309245,0.002224881995062505,1.9211735521980955
2026-07-15T15:27:51+03:00,11.13,294.06,153.99959617526267,6.10416,185.99928903331917,160.37661643506874,0.30802211066233054,3.6352800000000003,3.5964,0.022918311805232933,,-3.3116960558561583,23.019036,58.309114,9.506048980253867,163.65041664675516,349.64970568007436,-3.4882767133614365,0.001864409121097373,1.9230379613191928
2026-07-15T15:27:53+03:00,11.13,294.06,150.99729732877717,6.6095999999999995,181.9943140453547,159.89533188715885,-0.5290692280238021,3.34368,3.38256,0.12605071492878112,,-4.159673592649776,23.019036,58.309084,9.670825498855672,160.64774289256155,342.64205693791627,-3.154759106083407,0.001803231492579297,1.9248411928117721
2026-07-15T15:27:55+03:00,11.13,294.05,146.00110535523638,6.9984,173.9958232253284,159.00724730470606,-0.4961814505832929,3.4992,3.57696,0.10886198107485642,,-4.6810651862188255,23.019046,58.309047,10.090926830508304,157.1818152243369,331.1776384496653,-3.2253530063201064,0.0022462905031977957,1.9270874833149698
2026-07-15T15:27:57+03:00,11.02,294.06,142.99880650875087,7.503839999999999,172.99887666180075,157.4831795696581,-0.5951312618023861,3.34368,3.51864,-0.06875493541569878,,-3.3804509912718568,23.019062,58.309017,10.371278314409336,154.18683352692966,327.1857101887304,-3.0100433706899907,0.0018726720443369225,1.9289601553593068
2026-07-15T15:27:59+03:00,10.83,294.06,142.99880650875087,7.795439999999999,174.99849936680735,156.27996819988334,0.3189083087698162,3.6352800000000003,3.6352800000000003,0.0,,-3.449205926687555,23.019079,58.308979,10.920067347012802,154.55618566563544,329.55468503244276,-3.282683360359828,0.00234632550313734,1.931306480862444
2026-07-15T15:28:01+03:00,10.72,294.06,144.0014826502298,8.00928,170.9992539567942,156.72687528008538,0.28384329170780986,3.81024,3.53808,-0.08594366926962349,,-5.500394833255903,23.019097,58.308943,11.315715532706225,155.41640490671975,326.41565886351395,-3.46486179021043,0.0022372813278535965,1.9335437621902976
2026-07-15T15:28:03+03:00,10.53,294.06,144.0014826502298,7.795439999999999,169.99657781531528,156.8701147288681,0.2924949544142853,3.81024,3.6547199999999997,-0.25210142985756223,,-4.5034482697282705,23.019113,58.308909,11.10618599645408,155.63473882778754,325.6313166431028,-3.4708770173868704,0.0021051874345927625,1.9356489496248903
2026-07-15T15:28:05+03:00,10.53,294.07,144.99842921375745,7.795439999999999,168.99963125178763,156.82427810525763,-0.4173424579732916,3.81024,3.8491199999999997,-0.2119943841984046,,-4.1711327485523935,23.019134,58.308871,11.133175749831905,156.31966704301496,325.3192982948026,-3.4894197346079943,0.002378403887806434,1.9380273535126968
2026-07-15T15:28:07+03:00,10.68,294.07,146.99805191876402,7.60104,169.99657781531528,156.3028865116886,-0.8911212587669695,3.9463199999999996,3.9851999999999994,-0.2119943841984046,,-3.420558036931015,23.019156,58.308832,11.120336900503597,158.14280759184714,328.1393854071624,-3.6626374708941123,0.0024449698981428357,1.9404723234108396
2026-07-15T15:28:09+03:00,10.83,294.07,146.99805191876402,7.60104,169.99657781531528,155.01946105059554,-0.26436272667336186,4.1212800000000005,3.888,-0.022918311805232933,,-2.807493196141034,23.019173,58.308795,11.28290786222646,158.47358005558004,328.4701578708953,-3.833814413832323,0.0022878540288075546,1.9427601774396472
2026-07-15T15:28:11+03:00,10.83,294.06,146.99805191876402,7.503839999999999,167.99695511030868,154.87049202386152,1.0929742899915584,3.86856,3.6352800000000003,-0.4068000345428845,,-2.7444678386766435,23.019191,58.308761,10.95280441778474,158.08964871645094,326.08660382675964,-3.5891294751224376,0.002121230733276306,1.9448814081729235
2026-07-15T15:28:13+03:00,10.68,294.06,146.99805191876402,7.503839999999999,168.99963125178763,154.97935400493637,-0.037070369344964264,3.8296799999999998,3.7713599999999996,-0.22345354010102106,,-0.5786873730821314,23.019207,58.308726,10.916742405480553,158.0135029630278,327.0131342148154,-3.551155464907405,0.0021635871738619156,1.9470449953467854
2026-07-15T15:28:15+03:00,10.68,294.07,146.00110535523638,7.60104,166.99427896882975,153.6787398099894,-0.12748310941660818,4.43232,3.8296799999999998,-0.12032113697747288,,-0.9224620501606254,23.019223,58.308686,11.544823463575263,158.39790181388094,325.3921807827107,-4.121007159881271,0.0024568194047903244,1.9495018147515757
2026-07-15T15:28:17+03:00,10.68,294.06,150.0003507652495,7.698239999999999,166.99427896882975,152.68179324646178,-0.6560366754247926,4.101839999999999,3.888,-0.5500394833255903,,-1.3006141949469687,23.019244,58.308645,11.435954852989509,160.33153795341053,327.3258169222403,-3.8625220553629687,0.002552073048118993,1.9520538877996947
2026-07-15T15:28:19+03:00,10.91,294.07,150.99729732877717,7.60104,164.99465626382317,151.4499339869305,-0.11722716488376643,4.0629599999999995,3.57696,-0.6760901982543714,,-0.492743703812508,23.019258,58.308609,11.327105284088733,161.01269907953053,326.0073553433537,-3.841897237376692,0.0022085747742604115,1.954262462573955
2026-07-15T15:28:21+03:00,11.21,294.08,150.99729732877717,7.795439999999999,162.99503355881663,150.25245219510708,-0.5092448883122757,3.9074399999999994,3.86856,-0.641712730546522,,0.716197243913529,23.019274,58.308576,11.371797832390332,160.58741087905798,323.58244443787464,-3.6853006769967904,0.002046888401047749,1.956309350975003
2026-07-15T15:28:23+03:00,11.28,294.07,157.0018950217482,8.00928,162.99503355881663,149.95451414163907,0.2044886370821908,4.02408,3.6547199999999997,-0.29220847551671986,,-1.650118449976771,23.019294,58.30854,11.818558768653515,164.6465557169989,327.64158927581553,-3.8804640604485,0.002254155381828986,1.9585635063568319
2026-07-15T15:28:25+03:00,11.43,294.07,157.9988415852758,8.39808,161.99808699528896,149.07215913713756,-0.5917508108111142,4.29624,3.96576,-0.5271211715203573,,-0.9797578296737078,23.019319,58.308505,12.485622784226933,165.4052605626782,327.40334755796715,-4.157610259232052,0.0022470095572224244,1.9608105159140543
2026-07-15T15:28:27+03:00,11.43,294.07,157.9988415852758,8.49528,160.99541085381,149.53625495119357,1.8538049461457786,4.257359999999999,3.71304,-0.40107045659157625,,-2.595498811942629,23.019345,58.308471,12.544406254622903,165.3032845731802,326.2986954269902,-4.1180689653664295,0.0022024109458070287,1.9630129268598613
2026-07-15T15:28:29+03:00,11.43,294.09,159.00151772675477,8.59248,156.99616544379688,155.63825546933683,2.8907439637735424,3.7519199999999997,3.71304,-0.22918311805232927,,-3.300236899953542,23.019371,58.308436,12.169729473635222,165.34433045151567,322.34049589531253,-3.6298467763341007,0.0022582975842733014,1.9652712244441346
2026-07-15T15:28:31+03:00,11.58,294.09,153.00264961173502,8.203679999999999,163.9977097002955,162.20435180153606,1.9274873185996022,3.7908,3.71304,-0.14896902673401402,,-3.644011577032036,23.019389,58.308403,11.708534783766915,161.4541605248677,325.4518702251632,-3.593941831088947,0.0020633854592936674,1.9673346099034283
2026-07-15T15:28:33+03:00,11.58,294.1,144.99842921375745,8.30088,171.99620052032182,164.84568723708915,0.3944241461680587,3.9074399999999994,3.8491199999999997,-0.4354479242994257,,-2.870518553605424,23.0194,58.308366,11.717951242434486,156.0253918715816,328.0215923919034,-3.570328044900113,0.002250947502497393,1.9695855574059258
2026-07-15T15:28:35+03:00,11.58,294.09,138.99956109873773,8.49528,174.99849936680735,166.4098620177963,0.6384468711142762,4.00464,4.1212800000000005,-0.24064227395494575,,-3.0538650480472875,23.019404,58.308337,11.81345986218663,151.8495466568142,326.8480460236216,-3.530938189993259,0.0017476940979842786,1.9713332515039101
2026-07-15T15:28:37+03:00,11.73,294.09,138.00261453521009,8.39808,177.99506863534154,167.74485368045111,1.507566550548222,4.02408,4.16016,-0.18907607239317165,,-3.7815214478634336,23.019404,58.308304,11.702628545444776,151.30418420572855,329.2992528410701,-3.5298474488800804,0.0019835546417607563,1.973316806145671
2026-07-15T15:28:39+03:00,11.73,294.1,138.00261453521009,7.892639999999999,175.99544593033497,168.22613822836104,-0.7347610764757677,4.14072,4.14072,-0.12032113697747288,,-4.509177847679579,23.019406,58.308265,11.314374557734002,152.17671966110916,328.1721655914441,-3.662017160500242,0.0023450515139880296,1.975661857659659
2026-07-15T15:28:41+03:00,11.73,294.1,133.99763954724563,8.203679999999999,176.99812207181392,167.60734380961972,-0.21084846860814294,4.0824,4.0824,-0.13178029288008933,,-3.838817227376516,23.019408,58.308222,11.423377999780362,148.89465281720013,325.89277488901405,-3.4954279349331463,0.0025854032825115857,1.9782472609421706
2026-07-15T15:28:43+03:00,11.88,294.1,135.00031568872456,8.203679999999999,175.99544593033497,167.39534942542133,-0.49566578856767524,4.45176,4.276800000000001,-0.09167324722093173,,-4.0393524556723035,23.019412,58.308183,11.779942629445932,150.49930419658583,326.4947501269208,-3.8745880510511084,0.0023476014022805482,1.9805948623444511
2026-07-15T15:28:45+03:00,11.73,294.1,133.99763954724563,8.203679999999999,178.99774477682047,166.51299442091985,-0.11843037625354115,4.29624,4.02408,-0.12605071492878112,,-3.592445375470262,23.019421,58.308143,11.606997581423517,149.43998832013244,328.4377330969529,-3.699479768472513,0.0024210470715288514,1.98301590941598
2026-07-15T15:28:47+03:00,11.73,294.11,133.000692983718,8.10648,175.99544593033497,165.07487035514146,-0.6859450723306215,4.1212800000000005,4.1212800000000005,-0.2578310078088704,,-2.9736509567289726,23.019428,58.308107,11.325653406634869,148.4347134526294,324.43015938296435,-3.5115128937560107,0.002175138464710913,1.985191047880691
2026-07-15T15:28:49+03:00,11.73,294.11,133.99763954724563,7.698239999999999,173.9958232253284,163.4763181067265,-0.881037201572667,4.31568,3.7519199999999997,-0.20053522829578813,,-3.6841186226911935,23.019434,58.308069,11.137481264855095,150.1832062612049,324.1790294865333,-3.7443692028012325,0.002291937880723336,1.9874829857614142
2026-07-15T15:28:51+03:00,11.88,294.11,135.99726225225223,7.60104,173.9958232253284,161.95797994962982,-0.0408518907928277,4.29624,3.5964,-0.3093972093706446,,-3.1913749188786853,23.019434,58.308025,11.100120949110371,151.59471244178138,325.59053566710975,-3.778992793209281,0.0026447395226025763,1.9901277252840168
2026-07-15T15:28:53+03:00,11.88,294.11,138.00261453521009,7.698239999999999,171.99620052032182,161.17875734825188,-0.4993327184565125,4.1796,3.92688,-0.29220847551671986,,-2.9450030669724314,23.019445,58.307986,11.160471663197127,152.51426811069695,324.51046863101874,-3.707830963826722,0.0023697961425854204,1.9924975214266023
2026-07-15T15:28:55+03:00,11.88,294.11,138.99956109873773,7.60104,171.99620052032182,159.83803610764573,-1.3085783082992872,4.43232,4.04352,-0.3323155211758775,,-2.7960340402384176,23.019454,58.307949,11.32579477326775,153.87682158537856,325.8730221057004,-3.9795564263509386,0.002242070746590768,1.994739592173193
2026-07-15T15:28:57+03:00,11.88,294.12,142.00185994522323,7.40664,171.99620052032182,158.5374219126988,0.047612792775371414,4.374,4.101839999999999,-0.37242256683503505,,-2.773115728433184,23.019469,58.307907,11.182544151452218,155.93580530859822,327.93200582892007,-3.993852042961901,0.0025685759967993393,1.9973081681699922
2026-07-15T15:28:59+03:00,11.88,294.12,142.00185994522323,7.3094399999999995,169.99657781531528,157.31702180907013,-0.5814948662782725,4.16016,3.8491199999999997,-0.4239887683968092,,-2.469448097013848,23.019482,58.307868,10.893136145382714,155.60028395406152,325.5968617693768,-3.788598255463348,0.002379873589827998,1.9996880417598202
2026-07-15T15:29:01+03:00,11.88,294.13,142.00185994522323,7.3094399999999995,170.9992539567942,155.90181605509702,-0.37362577820480986,4.23792,4.00464,-0.4297183463481174,,-2.2861016025719847,23.019493,58.307833,10.96399812309604,155.7681510821038,326.767405038898,-3.86452581916915,0.002132253571353683,2.0018202953311737
2026-07-15T15:29:03+03:00,11.92,294.13,142.00185994522323,7.3094399999999995,168.99963125178763,154.9335173813259,-0.8364610851114889,4.41288,4.04352,-0.40107045659157625,,-2.3090199143772177,23.019507,58.30779,11.12377454813007,156.13802297250322,325.1376542242908,-4.035678563510585,0.0026221681911197,2.0044424635222935
2026-07-15T15:29:05+03:00,12.03,294.14,146.00110535523638,6.9984,166.99427896882975,153.1229707487125,-0.21222356731645692,4.1796,3.8296799999999998,-0.41252961249419273,,-2.3720452718416083,23.019523,58.307751,10.721326308348274,158.592075294248,325.58635426307774,-3.89122991924566,0.0023980310722237557,2.0068404945945173
2026-07-15T15:29:07+03:00,12.03,294.15,146.99805191876402,7.1928,166.99427896882975,152.09164671747703,-0.2219638498336809,4.1796,3.8296799999999998,-0.38961130068895977,,-2.6986312150661775,23.019538,58.307719,10.937562169609519,159.0111487600686,326.0054277288983,-3.902284129239415,0.0019809117334406994,2.008821406327958
2026-07-15T15:29:09+03:00,12.03,294.14,151.9999734702561,7.3094399999999995,163.9977097002955,151.54733681210274,0.9850290413889113,3.9851999999999994,4.04352,-0.22345354010102106,,-4.543555315387428,23.019558,58.307685,10.988607968335897,161.80301198405317,325.8007216843487,-3.7858940480873025,0.002139024199544579,2.010960430527503
2026-07-15T15:29:11+03:00,12.15,294.15,153.99959617526267,7.40664,161.99808699528896,152.59011999924084,-0.2746759669857166,4.04352,4.0629599999999995,-0.1546986046853223,,-4.818575057050222,23.019582,58.307649,11.182305915996954,163.12043736718257,325.11852436247153,-3.8693139031345045,0.002292757979004906,2.013253188506508
2026-07-15T15:29:13+03:00,12.18,294.15,150.99729732877717,7.60104,167.99695511030868,152.6244974669487,-0.2640762477757964,3.8491199999999997,3.9851999999999994,-0.46982539200727513,,-1.5068790011940651,23.019593,58.307614,11.125117722829193,160.65437824643908,328.6513333567477,-3.6317889865464794,0.0021322539216469556,2.0153854424281548
2026-07-15T15:29:15+03:00,12.18,294.15,150.0003507652495,7.60104,166.99427896882975,151.08324099804676,-0.6743713248689789,4.1212800000000005,3.6741599999999996,-0.27501974166279514,,-1.455312799632291,23.01961,58.307578,11.358661794902039,160.45247202835924,327.446750997189,-3.8837470082684207,0.002229473357706105,2.017614915785861
2026-07-15T15:29:17+03:00,12.18,294.15,150.0003507652495,7.60104,162.99503355881663,149.54198452914486,-0.7124730182451787,4.29624,3.7713599999999996,-0.27501974166279514,,-2.589769233991321,23.019631,58.307543,11.523686537018566,160.7435324021161,323.73856596093276,-4.055873099254207,0.002205811591862336,2.019820727377723
2026-07-15T15:29:19+03:00,12.18,294.15,163.0007631367679,6.901199999999999,160.99541085381,148.20699286649005,-0.5148598747045577,3.96576,3.6547199999999997,-0.29793805346802804,,-2.486636830867773,23.019653,58.307507,10.756360256374755,169.18868371548533,330.1840945692953,-3.8953686426063294,0.002272664305119288,2.0220933916828425
2026-07-15T15:29:21+03:00,12.33,294.15,161.00114043176134,6.804,159.99846429028239,147.37047448559903,-0.33730025399351565,4.0824,3.57696,-0.17188733853924698,,-2.8762481315567325,23.019672,58.30747,10.746508366704967,168.10510716152584,328.1035714518082,-3.994740100964786,0.0023034962288057187,2.024396887911648
2026-07-15T15:29:23+03:00,12.33,294.15,157.9988415852758,7.503839999999999,160.99541085381,146.20164058353217,-0.3523117482259432,3.8491199999999997,3.7519199999999997,-0.25210142985756223,,-2.841870663848883,23.019696,58.307439,11.166151506917096,165.4186427287983,326.4140535826083,-3.725144220580053,0.0020115695278076335,2.0264084574394556
2026-07-15T15:29:25+03:00,12.45,294.15,157.0018950217482,7.892639999999999,157.9988415852758,145.74900392537882,0.046466877185109765,3.9074399999999994,3.7713599999999996,-0.25210142985756223,,-2.7043607930174858,23.019721,58.307406,11.590488414970752,164.570593381904,322.5694349671798,-3.7666118870708316,0.0021348843527698854,2.0285433417922256
2026-07-15T15:29:27+03:00,12.48,294.13,157.9988415852758,8.59248,156.99616544379688,145.4510658719108,-0.07316671043820612,4.04352,3.6741599999999996,-0.24064227395494575,,-3.002298846485514,23.019749,58.307371,12.434152206036426,164.99634895016555,321.99251439396244,-3.9056737006857576,0.0022820265159128636,2.0308253683081383
2026-07-15T15:29:29+03:00,12.48,294.14,159.00151772675477,9.00072,155.99921888026924,144.80935314136426,0.04767008855488449,3.8491199999999997,3.86856,-0.18334649444186346,,-3.3174256338074666,23.019776,58.307339,12.669524587028256,165.25158371717103,321.25080259744027,-3.722302951046918,0.0021039487951883358,2.0329293171033265
2026-07-15T15:29:31+03:00,12.56,294.15,159.00151772675477,9.00072,153.99959617526267,145.16458697434538,0.7123584266861526,3.8296799999999998,3.888,-0.19480565034447989,,-4.383127132750798,23.019804,58.307306,12.65072604518336,165.2291697063536,319.22876588161625,-3.7031217623258,0.002171701736161729,2.0351010188394882
2026-07-15T15:29:33+03:00,12.63,294.15,159.00151772675477,9.097919999999998,153.99959617526267,146.68865470939338,0.3567808190279636,3.8296799999999998,3.96576,-0.10886198107485642,,-5.208186357739183,23.019833,58.307277,12.7473568022144,165.18177661565227,319.1813727909149,-3.7023128591868137,0.0019690407284436336,2.037070059567932
2026-07-15T15:29:35+03:00,12.63,294.15,155.0022723167416,8.80632,157.9988415852758,146.74022091095514,0.5372625244941729,3.9463199999999996,3.92688,-0.1604281826366305,,-4.560744049241353,23.019859,58.307245,12.494755059065353,162.67229064779812,320.67113223307393,-3.767223652685245,0.0020913519480839264,2.039161411516016
2026-07-15T15:29:37+03:00,12.63,294.14,155.0022723167416,8.39808,157.9988415852758,147.80019283194716,0.24041309083689344,3.8491199999999997,4.04352,-0.09167324722093173,,-4.996191973540778,23.019889,58.30721,11.997405929057981,162.79424777510417,320.79308936038,-3.676866759209628,0.002307233660871886,2.041468645176888
2026-07-15T15:29:39+03:00,12.78,294.15,159.00151772675477,8.30088,157.9988415852758,148.97475631196534,0.26115416302062927,4.1796,3.9463199999999996,-0.040107045659157625,,-5.958761069360561,23.019913,58.307176,12.294481314014545,165.99875200227115,323.99759358754693,-4.055425992334582,0.0021796658643466766,2.0436483110412347
2026-07-15T15:29:41+03:00,12.78,294.15,161.00114043176134,8.10648,160.99541085381,149.73106060153805,0.5381792569663824,4.02408,4.00464,-0.06302535746439056,,-4.6581468744135925,23.019938,58.307141,11.98317228775603,167.27743246790723,328.27284332171723,-3.925280287848575,0.002247020251443597,2.0458953312926784
2026-07-15T15:29:43+03:00,12.78,294.15,159.00151772675477,8.00928,162.99503355881663,150.01180992115212,0.6487601114266311,3.96576,3.888,-0.022918311805232933,,-4.549284893338736,23.019956,58.307106,11.797577371702483,165.92000768061874,328.91504123943537,-3.8466167773650657,0.0021792069056948264,2.048074538198373
2026-07-15T15:29:45+03:00,12.78,294.14,151.9999734702561,7.60104,159.99846429028239,149.15810280640721,-0.03340343945612699,4.23792,3.8491199999999997,-0.05729577951308232,,-4.5951215169492015,23.019985,58.307066,11.516068568228599,161.94865047583204,321.9471147661144,-4.029326135178518,0.0025728098936087123,2.050647348091982
2026-07-15T15:29:47+03:00,12.78,294.13,155.0022723167416,7.40664,163.9977097002955,148.56222669947115,-0.4418077558253778,3.9851999999999994,3.7519199999999997,-0.08594366926962349,,-3.1569974511708363,23.020011,58.30703,11.14647894257453,163.69212970298094,327.68983940327644,-3.8248623716487713,0.002314407075603804,2.0529617551675856
2026-07-15T15:29:49+03:00,12.78,294.12,153.00264961173502,6.6095999999999995,164.99465626382317,146.68865470939338,-0.738428006364605,3.96576,3.6935999999999996,-0.12032113697747288,,-2.532473454478239,23.02003,58.306995,10.301720569679858,163.0669193827942,328.06157564661737,-3.793826787703009,0.0021876566354182138,2.055149411803004
2026-07-15T15:29:51+03:00,12.78,294.14,163.9977097002955,5.79312,156.99616544379688,144.55725171150672,-0.7855251371243587,4.23792,3.8296799999999998,-0.08021409131831525,,-2.773115728433184,23.020056,58.306963,9.935749158691793,170.7504378104916,327.7466032542885,-4.182816846967817,0.0020913545181649195,2.057240766321169
2026-07-15T15:29:53+03:00,12.78,294.13,161.99808699528896,6.006959999999999,152.99692003378374,144.47130804223707,0.8669997355919618,3.888,3.6741599999999996,0.02864788975654116,,-2.1886987773997446,23.020078,58.30693,9.778731788921966,169.0562604916433,322.053180525427,-3.8172931096570832,0.002101699491235902,2.0593424658124047
2026-07-15T15:29:55+03:00,12.78,294.14,159.00151772675477,6.804,155.99921888026924,145.4510658719108,0.0004010704565915763,4.02408,3.6547199999999997,-0.1604281826366305,,-3.374721413320549,23.020096,58.306902,10.65883303485098,166.77673504742359,322.77595392769285,-3.9173859482638047,0.0017764124112902816,2.061118878223695
2026-07-15T15:29:57+03:00,12.78,294.15,157.9988415852758,7.40664,157.9988415852758,145.61722363249874,-0.3434881981809285,4.101839999999999,3.7519199999999997,-0.10886198107485642,,-3.8445468053278242,23.020117,58.306869,11.31460200766088,165.80438986392747,323.8032314492033,-3.9765867958428984,0.002091473655565016,2.06321035187926
2026-07-15T15:29:59+03:00,12.78,294.14,159.00151772675477,8.00928,158.99578814880346,145.6687898340605,-0.5849326130490574,3.51864,3.6935999999999996,-0.10886198107485642,,-3.128349561414295,23.020139,58.306837,11.364410758120142,165.37159653648055,324.36738468528404,-3.404580090313326,0.0020450678129573774,2.0652554196922175
2026-07-15T15:30:01+03:00,12.78,294.14,161.00114043176134,8.203679999999999,157.9988415852758,144.51141508789624,0.2390952879080925,3.81024,3.5964,-0.395340878640268,,-1.4610423775835992,23.020165,58.306802,11.87134024730243,166.9988505256478,324.9976921109236,-3.7125665993126744,0.002258311371551194,2.0675137310637686
2026-07-15T15:30:03+03:00,12.78,294.15,163.0007631367679,8.203679999999999,157.9988415852758,143.98429391637586,-0.04073729923380154,3.6547199999999997,3.6547199999999997,-0.1776169164905552,,-3.277318588148309,23.020192,58.306769,11.747413717484264,168.21933337614294,326.21817496141875,-3.577738207203396,0.0021590425830893254,2.069672773646858
2026-07-15T15:30:05+03:00,12.78,294.15,163.9977097002955,7.698239999999999,155.99921888026924,143.88689109120364,0.4723464063058506,3.5964,3.42144,-0.12605071492878112,,-4.618039828754435,23.020222,58.306734,11.199253058474772,169.07660290567296,325.0758217859422,-3.53123831192937,0.002307238894761779,2.0719800125416197
2026-07-15T15:30:07+03:00,12.78,294.16,161.00114043176134,7.503839999999999,156.99616544379688,143.800947421934,-0.20534807377488706,3.8491199999999997,3.6935999999999996,-0.31512678732195276,,-2.8934368654106573,23.020253,58.306698,11.213513340858984,167.4171828838361,324.413348327633,-3.7566723699090274,0.0023750163264836394,2.074355028868103
2026-07-15T15:30:09+03:00,12.78,294.16,157.9988415852758,7.3094399999999995,156.99616544379688,143.4514431669042,0.1451875052861506,3.9074399999999994,3.47976,-0.2119943841984046,,-3.460665082590172,23.020276,58.306661,11.029892635846908,165.62531936410997,322.6214848079069,-3.7851096359243277,0.0023395824150073173,2.0766946112831106
2026-07-15T15:30:11+03:00,12.78,294.15,161.99808699528896,7.698239999999999,156.99616544379688,143.92126855891146,0.14375511079832354,3.61584,3.6935999999999996,-0.09167324722093173,,-4.0393524556723035,23.020305,58.306627,11.192992850618918,167.72785070400246,324.7240161477994,-3.5332144770213394,0.0022394703452038875,2.0789340816283146
2026-07-15T15:30:13+03:00,12.78,294.16,165.99733240530213,8.30088,155.99921888026924,143.52592768027122,0.0725937526430753,3.6741599999999996,3.5964,-0.1604281826366305,,-2.337667804133759,23.020335,58.306595,11.89911798361248,170.2820980195872,326.28131689985645,-3.621438657798954,0.002144098409260742,2.0810781800375753
2026-07-15T15:30:15+03:00,12.9,294.15,168.00268468825996,7.795439999999999,156.99616544379688,142.91859241743256,-0.35695270636650284,3.96576,3.42144,-0.12605071492878112,,-1.919408613688258,23.02036,58.306565,11.703644760785997,172.041656681226,329.0378221250229,-3.927565734851448,0.001968480552193095,2.083046660589768
2026-07-15T15:30:17+03:00,12.93,294.16,163.0007631367679,7.503839999999999,155.99921888026924,142.21385432942165,-0.09728823361321379,3.5964,3.6935999999999996,-0.1604281826366305,,-4.068000345428845,23.020382,58.306536,10.99350479704823,168.48902988744277,324.488248767712,-3.5240638616870803,0.0018764708999057737,2.084923131489674
2026-07-15T15:30:19+03:00,12.93,294.17,165.0003858417745,8.49528,153.99959617526267,142.86129663791945,0.34537895890486026,3.61584,3.5964,-0.12032113697747288,,-4.6810651862188255,23.020413,58.306507,12.024391164551332,169.46407002441347,323.46366619967614,-3.554878510496712,0.001999206465720847,2.086922337955395
2026-07-15T15:30:21+03:00,12.93,294.17,165.0003858417745,9.195120000000001,153.99959617526267,143.4514431669042,0.4002683156783931,3.7713599999999996,3.7519199999999997,-0.17188733853924698,,-3.787251025814742,23.020444,58.306477,12.875032766441308,169.3482351573676,323.3478313326303,-3.7063747682607646,0.0020518263592827868,2.0889741643146778
2026-07-15T15:30:23+03:00,12.93,294.15,165.0003858417745,9.29232,155.99921888026924,143.8467840455445,0.9621107295836785,3.86856,3.6547199999999997,-0.37242256683503505,,-3.7643327140095084,23.020473,58.306448,13.067482461356686,169.39470106828813,325.39391994855737,-3.80247854408626,0.001969050709184326,2.090943215023862
2026-07-15T15:30:25+03:00,12.93,294.17,163.0007631367679,8.90352,155.99921888026924,145.07291372712444,-0.00790681757280536,3.7908,3.6935999999999996,-0.10886198107485642,,-4.004974987964455,23.020502,58.306422,12.57761766973559,168.05592579646523,324.05514467673447,-3.70872946472725,0.001811360621227401,2.0927545756450896
2026-07-15T15:30:27+03:00,12.93,294.18,159.00151772675477,8.59248,156.99616544379688,144.7692460957051,0.29026041901327504,3.7713599999999996,3.6935999999999996,-0.25210142985756223,,-3.5294200180058715,23.020526,58.306393,12.188537962280554,165.367451317023,322.3636167608199,-3.6490390247145994,0.0019007612827031581,2.0946553369277927
2026-07-15T15:30:29+03:00,13.08,294.18,159.00151772675477,8.49528,157.9988415852758,145.3880405144464,0.30097472978222145,3.4992,3.7519199999999997,-0.12605071492878112,,-3.254400276343076,23.020543,58.306364,11.828746658935064,165.08663016693214,323.0854717522079,-3.381333128072474,0.0018239201444295318,2.096479257072222
2026-07-15T15:30:31+03:00,12.97,294.18,159.00151772675477,8.80632,158.99578814880346,145.77765181513533,0.39528358286075493,3.86856,3.888,-0.011459155902616466,,-3.838817227376516,23.020564,58.306332,12.49510685512909,165.371323325939,324.36711147474244,-3.743152457071468,0.0020345600193157586,2.098513817091538
2026-07-15T15:30:33+03:00,13.08,294.18,159.99846429028239,9.00072,156.99616544379688,145.83494759464844,-0.2439654291667045,3.8491199999999997,3.6935999999999996,0.0,,-4.440422912263879,23.020588,58.306297,12.686176430633001,165.95535566364202,322.9515211074389,-3.7340579804793452,0.002236127120962676,2.1007499442125006
2026-07-15T15:30:35+03:00,13.08,294.18,159.99846429028239,9.29232,157.9988415852758,147.01524065261793,0.613122136569494,3.888,3.71304,-0.017188733853924696,,-3.735684824252967,23.020616,58.306259,13.013936289105137,165.86366175782362,323.86250334309943,-3.7702609177762976,0.002449270796337764,2.1031992150088383
2026-07-15T15:30:37+03:00,13.08,294.19,159.00151772675477,9.195120000000001,157.9988415852758,146.96367445105616,0.15893849236929036,4.0629599999999995,3.86856,-0.13178029288008933,,-2.7501974166279517,23.020643,58.306224,13.069606080589331,165.39745544190822,323.396297027184,-3.9317181640849963,0.002269988269750109,2.1054692032785884
2026-07-15T15:30:39+03:00,13.08,294.2,159.99846429028239,9.195120000000001,158.99578814880346,147.35328575174512,-0.3975754140412782,4.02408,3.61584,-0.07448451336700701,,-2.853329819751499,23.020669,58.306189,13.04927565642617,166.05319886647794,325.0489870152814,-3.905449845379061,0.0022583165440062873,2.107727519822595
2026-07-15T15:30:41+03:00,13.08,294.2,157.9988415852758,8.49528,156.99616544379688,147.1241026336928,-1.0602011041100752,4.101839999999999,4.00464,-0.1604281826366305,,-3.231481964537843,23.020696,58.306151,12.394037314579,165.1208859521276,322.1170513959245,-3.964304268585081,0.0024380490181500143,2.110165568840745
2026-07-15T15:30:43+03:00,13.08,294.19,159.00151772675477,8.203679999999999,159.99846429028239,147.4048519533069,0.5543366667890715,3.9851999999999994,3.92688,-0.22345354010102106,,-2.9278143331185067,23.020726,58.306113,12.009432356405616,165.83085105847704,325.82931534875945,-3.863959438981314,0.0024727749739845415,2.1126383438147296
2026-07-15T15:30:45+03:00,13.08,294.2,161.99808699528896,8.203679999999999,158.99578814880346,145.61149405454742,-0.6200549258905769,4.02408,4.00464,-0.38388172273765153,,-0.8708958485988514,23.020747,58.306076,12.094873414056908,167.8998689381921,326.8956570869956,-3.934676037842688,0.002320755101049488,2.114959098915779
2026-07-15T15:30:47+03:00,13.08,294.21,168.00268468825996,8.10648,157.9988415852758,143.3597699196833,-1.4832731400346753,4.101839999999999,4.02408,-0.246371851906254,,-1.4954198452914487,23.02077,58.306038,12.14868205280491,172.02719015619306,330.02603174146884,-4.062191626480008,0.0023967967708270954,2.117355895686606
2026-07-15T15:30:49+03:00,13.08,294.2,172.00193009827314,7.795439999999999,157.9988415852758,142.2425022191782,0.9887532670572617,4.04352,3.81024,-0.29793805346802804,,-2.457988941111232,23.020793,58.306005,11.813032999697592,174.73176464820403,332.7306062334799,-4.026439181672461,0.002112354843026475,2.1194682505296325
2026-07-15T15:30:51+03:00,13.08,294.2,176.99812207181392,7.40664,152.99692003378374,145.4682546057647,0.9226912332786777,4.101839999999999,3.92688,-0.1432394487827058,,-4.898789148368539,23.020825,58.305971,11.50485705452845,178.0679576723533,331.06487770613705,-4.099508177027033,0.0022798593466593687,2.121748109876292
2026-07-15T15:30:53+03:00,13.08,294.2,178.00079821329285,7.095599999999999,154.9965427387903,147.80019283194716,1.3451903114081465,3.92688,3.7519199999999997,-0.2119943841984046,,-4.692524342121443,23.020855,58.305936,11.02094120172611,178.71300913818408,333.7095518769744,-3.9258893846902634,0.002307247668680589,2.1240553575449725
2026-07-15T15:30:55+03:00,13.08,294.21,170.9992539567942,6.901199999999999,158.99578814880346,149.16383238435853,0.5453412294055175,3.888,3.8491199999999997,-0.19480565034447989,,-3.237211542489151,23.020885,58.305907,10.75853325253481,174.2403776974341,333.23616584623755,-3.8683721262043815,0.001983941884391451,2.126039299429364
2026-07-15T15:30:57+03:00,13.08,294.21,159.00151772675477,6.6095999999999995,161.99808699528896,150.02899865500606,0.49251452069445567,3.86856,3.9074399999999994,0.05729577951308232,,-0.9682986737710912,23.020906,58.305881,10.314827872387488,166.72521626160963,328.7233032568986,-3.7651921734202958,0.001697687687696033,2.12773698711706
2026-07-15T15:30:59+03:00,13.08,294.22,153.99959617526267,6.6095999999999995,163.9977097002955,150.7394663209683,0.3463529871565827,4.04352,3.92688,-0.4526366581533504,,-1.2433184154338865,23.020926,58.305847,10.396111285865,163.81677358600808,327.8144832863036,-3.883296815428979,0.0021390338880676336,2.1298760210051277
2026-07-15T15:31:01+03:00,13.16,294.22,153.00264961173502,6.492959999999999,160.99541085381,151.3066945381478,0.2131975955681793,3.9463199999999996,3.6741599999999996,-0.1604281826366305,,-1.5183381570966814,23.020943,58.305813,10.16828885147223,163.149869551956,324.145280405766,-3.7768896650026598,0.0021129999914388043,2.1319890209965666
2026-07-15T15:31:03+03:00,13.08,294.23,155.0022723167416,6.9984,158.99578814880346,152.1890495426493,0.3228044217767059,4.02408,3.888,-0.13178029288008933,,-1.6386592940741544,23.020965,58.305777,10.780485442881341,164.07796738847304,323.0737555372765,-3.8696997511216273,0.0022726746905586915,2.134261695687125
2026-07-15T15:31:05+03:00,13.08,294.24,153.99959617526267,7.60104,163.9977097002955,152.53855379767907,0.1215816441267607,3.9074399999999994,3.888,-0.06875493541569878,,-2.245994556912827,23.020985,58.305739,11.24425060711917,162.76207403289982,326.7597837331953,-3.731927227527434,0.002369808934530274,2.1366315046216555
2026-07-15T15:31:07+03:00,13.12,294.23,155.0022723167416,8.30088,158.99578814880346,153.72457643359985,-0.6419419136645744,4.21848,4.00464,-0.09740282517223994,,-2.6757129032609446,23.021012,58.305698,12.254545691593586,163.3667043350618,322.36249248386525,-4.041963583819831,0.002607751478904596,2.13923925610056
2026-07-15T15:31:09+03:00,13.23,294.24,155.0022723167416,9.097919999999998,166.99427896882975,151.6561987931776,-1.7554853885013293,4.02408,3.96576,-0.02864788975654116,,-2.194428355351053,23.021028,58.305658,12.857986830912116,162.60206610243495,329.5963450712647,-3.8399828123367428,0.002456828298633901,2.141696084399194
2026-07-15T15:31:11+03:00,13.23,294.24,150.99729732877717,9.097919999999998,165.99733240530213,149.33571972289775,-0.8419614799447447,3.92688,4.0824,0.13750987083139757,,-1.088619810748564,23.021042,58.30562,12.676158641012822,159.6357786018571,325.63311100715924,-3.6814479347927582,0.0023264888379114545,2.1440225732371054
2026-07-15T15:31:13+03:00,13.23,294.25,153.99959617526267,8.80632,162.99503355881663,148.0924013074639,-0.8943871181992151,4.21848,4.02408,-0.02864788975654116,,-1.7246029633437776,23.021058,58.30558,12.732860161272448,162.35061897147204,325.3456525302887,-4.01991493497596,0.002456828527719628,2.146479401764825
2026-07-15T15:31:15+03:00,13.23,294.24,155.0022723167416,8.90352,159.99846429028239,147.34182659584252,-0.08514152835644033,4.43232,4.101839999999999,0.011459155902616466,,-2.3491269600363753,23.021076,58.30554,13.055694271741423,163.250606098689,323.2490703889714,-4.244276206323866,0.002470591606332432,2.1489499933711578
2026-07-15T15:31:17+03:00,13.23,294.25,157.0018950217482,9.195120000000001,159.99846429028239,147.8402998776063,0.11367482655395533,4.0824,4.19904,0.05729577951308232,,-2.5725805001373967,23.021095,58.305505,13.050873718371925,164.02177779211036,324.02024208239277,-3.924682169527204,0.002187663566265025,2.151137656937423
2026-07-15T15:31:19+03:00,13.23,294.25,157.9988415852758,9.00072,155.99921888026924,148.29293653575968,-0.03775791869912125,4.393439999999999,4.23792,0.06302535746439056,,-2.532473454478239,23.021121,58.305469,13.177405731963294,165.1739801853077,321.1731990655769,-4.247170445259645,0.0023144199271670084,2.15345207686459
2026-07-15T15:31:21+03:00,13.23,294.24,157.9988415852758,9.00072,158.99578814880346,148.63098163488684,0.6583858023848289,4.14072,4.257359999999999,0.10886198107485642,,-2.6642537473583277,23.021144,58.30544,12.933261138688065,164.88749610659997,323.8832842554034,-3.997516332991475,0.0018883991571730886,2.155340476021763
2026-07-15T15:31:23+03:00,13.23,294.24,159.00151772675477,9.50616,156.99616544379688,149.67949439997628,0.2735873471749681,3.73248,4.14072,0.1546986046853223,,-3.3059664779048505,23.021171,58.305409,13.05943810282715,164.87988877706792,321.87605422086483,-3.603265769374857,0.002049161975824153,2.1573896379975874
2026-07-15T15:31:25+03:00,13.38,294.25,159.00151772675477,9.70056,162.99503355881663,148.13250835312303,-2.837458888826376,4.43232,4.19904,0.08021409131831525,,-2.870518553605424,23.021194,58.305367,13.929377705541109,165.54888680969532,328.543920368512,-4.292085477905445,0.0026269363785311256,2.1600165743761184
2026-07-15T15:31:27+03:00,13.38,294.25,157.0018950217482,9.408959999999999,163.9977097002955,147.3189082840373,0.7184317793145392,4.78224,4.257359999999999,-0.08021409131831525,,-1.3579099744600511,23.021219,58.305325,13.936908131724032,164.70633922937137,328.7040489296669,-4.612884658234809,0.0026450968275130715,2.1626616712036313
2026-07-15T15:31:29+03:00,13.38,294.25,161.00114043176134,8.70912,161.99808699528896,146.49384905904887,-0.4435839249902833,3.73248,4.16016,0.10886198107485642,,-3.179915762976069,23.021242,58.305288,12.298447802010775,166.67130617334885,328.66939316863784,-3.6319402071283187,0.0023395911668797303,2.165001262370511
2026-07-15T15:31:31+03:00,13.53,294.25,163.0007631367679,8.90352,159.99846429028239,144.65465453667895,-1.005025268438977,4.31568,4.0629599999999995,0.06302535746439056,,-2.641335435553095,23.02127,58.305252,13.091584733589935,168.5313433234636,328.529807613746,-4.2295114977420205,0.0023375750735616175,2.1673388374440723
2026-07-15T15:31:33+03:00,13.53,294.24,161.99808699528896,9.408959999999999,159.99846429028239,142.8784853717734,-0.7080612432226714,4.35456,4.21848,-0.18334649444186346,,-1.1172677005051053,23.021301,58.305216,13.617012305328199,167.66989608013787,327.66836037042026,-4.254115588561452,0.0023750332300086366,2.169713870674081
2026-07-15T15:31:35+03:00,13.53,294.25,167.00000854678103,8.80632,156.99616544379688,141.59505991068033,-0.3616509602865756,4.0824,4.23792,-0.09740282517223994,,-3.2887777440509254,23.021327,58.305185,12.817030315589301,171.1087689887153,328.1049344325122,-4.033343972143889,0.002036226026999302,2.1717500967010803
2026-07-15T15:31:37+03:00,13.53,294.26,168.00268468825996,8.30088,152.99692003378374,139.60116678362508,-0.9898418868680102,3.92688,4.1212800000000005,0.09167324722093173,,-2.8476002418001913,23.021357,58.305149,12.16939290142975,171.84869730244623,324.84561733622996,-3.8872071152478496,0.0023621918381240867,2.1741122885392046
2026-07-15T15:31:39+03:00,13.53,294.26,167.00000854678103,8.90352,152.99692003378374,137.49268209754365,-0.6426867587982444,4.101839999999999,4.1796,-0.011459155902616466,,-1.793357898759477,23.021388,58.305114,12.933187502024008,171.09122678062204,324.0881468144058,-4.0523560777768814,0.0023204029453074942,2.176432691484512
2026-07-15T15:31:41+03:00,13.53,294.27,170.9992539567942,8.10648,147.99499848229166,135.96861436249566,-0.4401461782194984,4.276800000000001,4.0629599999999995,0.02864788975654116,,-2.687172059163561,23.021428,58.305075,12.34875689820663,174.10523790054847,322.10023638284014,-4.254185180204839,0.0026628909157341415,2.179095582400246
2026-07-15T15:31:43+03:00,13.53,294.27,174.00155280327974,8.10648,149.99462118729824,134.85134666199056,-0.34394656441703314,4.23792,4.276800000000001,0.0,,-2.125673419935354,23.021473,58.305037,12.329152835571854,176.06008732594256,326.0547085132408,-4.227904340600787,0.002690103472772819,2.181785685873019
2026-07-15T15:31:45+03:00,13.53,294.27,176.00117550828628,7.795439999999999,149.99462118729824,133.57938035680013,-1.129643588879931,4.276800000000001,4.101839999999999,-0.21772396214971285,,-1.2261296815799616,23.021514,58.305002,12.065514790304173,177.41761175839005,327.4122329456883,-4.272456765968194,0.0024702931875958704,2.1842559790606146
2026-07-15T15:31:47+03:00,13.53,294.27,176.99812207181392,7.60104,146.99805191876402,137.90521171003783,5.171459763071297,4.19904,4.23792,-0.18907607239317165,,-2.543932610380855,23.021553,58.304968,11.796367915601303,178.06624485455714,325.0642967733212,-4.196648686638599,0.002386102895147973,2.1866420819557626
2026-07-15T15:31:49+03:00,13.53,294.26,-179.99956148160675,7.795439999999999,146.99805191876402,143.7035445967618,2.1865215377782476,4.04352,4.1212800000000005,-0.12605071492878112,,-5.580608924574218,23.021589,58.304936,11.838959999922018,179.99971125405577,326.9983406647083,-4.043519999948653,0.0022343194871422057,2.1888764014429047
2026-07-15T15:31:51+03:00,13.53,294.28,168.99963125178763,8.39808,156.99616544379688,143.95564602661935,-0.9260716842699497,4.276800000000001,4.35456,-0.05729577951308232,,-3.460665082590172,23.021616,58.304899,12.622705940321287,172.70648408556852,329.70264952936543,-4.242195624130034,0.002381840501178563,2.1912582419440834
2026-07-15T15:31:53+03:00,13.57,294.28,167.00000854678103,8.70912,157.9988415852758,142.8784853717734,-0.18122655059987938,4.5684000000000005,4.548959999999999,-0.18907607239317165,,-1.6100114043176132,23.021636,58.304862,13.200495319803064,171.46503408262205,329.46387566789787,-4.517807142236919,0.00231193508903601,2.1935701770331195
2026-07-15T15:31:55+03:00,13.57,294.27,168.99963125178763,8.39808,154.9965427387903,144.17336998876905,0.5098751418869196,4.58784,4.52952,-0.13178029288008933,,-3.7528735581068924,23.021667,58.304822,12.931289548150545,172.88144396907302,327.87798670786333,-4.552476267695464,0.0025959848037401013,2.1961661618368598
2026-07-15T15:31:57+03:00,13.42,294.28,163.9977097002955,8.49528,155.99921888026924,145.3823109364951,0.4590537854588156,4.49064,4.68504,-0.4354479242994257,,-2.2631832907667517,23.021698,58.304789,12.871581234639468,169.51682435303027,325.5160432332995,-4.415683929539636,0.002211996379405816,2.1983781582162654
2026-07-15T15:31:59+03:00,13.35,294.27,153.99959617526267,8.39808,158.99578814880346,145.8005701269406,0.17440835283782258,4.5684000000000005,4.58784,-0.246371851906254,,-1.6443888720254627,23.021729,58.304751,12.663477960232038,163.0989202509665,322.09470839976996,-4.371082149411901,0.0024850599071981573,2.2008632181234633
2026-07-15T15:32:01+03:00,13.01,294.28,157.0018950217482,7.698239999999999,156.99616544379688,146.84908289203,0.9217745008064685,4.723920000000001,4.5684000000000005,-0.08594366926962349,,-4.640958140559668,23.021765,58.304711,12.187254762273499,165.71228523701967,322.70845068081655,-4.577802872176229,0.0026595585651823664,2.203522776688646
2026-07-15T15:32:03+03:00,12.93,294.27,153.00264961173502,7.40664,157.9988415852758,148.56795627742247,0.4270254447110026,4.52952,4.68504,-0.14896902673401402,,-4.257076417822017,23.021795,58.304676,11.625841202783867,163.18969730326697,321.1885388885428,-4.335962329719657,0.0023072615233474575,2.2058300382119933
2026-07-15T15:32:05+03:00,12.93,294.27,144.0014826502298,7.795439999999999,161.99808699528896,149.88002962827204,0.6776944800807376,4.87944,4.78224,-0.40107045659157625,,-3.5122312841519467,23.021822,58.304634,12.08820719209049,157.72593618539398,319.72402318068293,-4.51534298280131,0.0026646360541603725,2.2084946742661535
2026-07-15T15:32:07+03:00,13.05,294.27,148.99767462377056,7.1928,160.99541085381,150.9686494390206,1.000899972314035,4.58784,4.4712,0.2578310078088704,,-3.477853816444097,23.021846,58.304592,11.37344749793065,160.98943018989328,321.9848410437033,-4.337612321670146,0.002635847701789481,2.211130521967943
2026-07-15T15:32:09+03:00,13.08,294.27,153.99959617526267,7.1928,162.99503355881663,151.97705515845087,-0.024980959867703895,4.704479999999999,4.996079999999999,0.0,,-1.529797312999298,23.021866,58.30455,11.605850701302558,164.23530781944004,327.23034137825664,-4.527523808294826,0.0026023376372978357,2.2137328596052406
2026-07-15T15:32:11+03:00,13.08,294.26,153.00264961173502,7.698239999999999,164.99465626382317,153.47820458169363,1.60009923446185,5.151599999999999,5.01552,-0.07448451336700701,,-3.105431249609062,23.021886,58.304507,12.508999618088684,163.77752848925118,328.7721847530744,-4.946484878326801,0.0026606882252159124,2.2163935478304566
2026-07-15T15:32:13+03:00,13.16,294.27,155.99921888026924,7.892639999999999,163.9977097002955,155.63825546933683,1.33986180391343,4.957199999999999,5.01552,0.13750987083139757,,-5.3456962285705805,23.02191,58.304464,12.58383160534457,165.21960046883032,329.2173101691258,-4.793169812079893,0.0026934730253708413,2.2190870208558273
2026-07-15T15:32:15+03:00,13.23,294.26,153.00264961173502,8.00928,165.99733240530213,156.8701147288681,-0.9352390089920428,5.404319999999999,5.1127199999999995,0.0,,-5.855628666237013,23.021933,58.304412,13.057219456013202,163.8321715642943,329.82950396959643,-5.190580158475689,0.003208891457842834,2.2222959123136703
2026-07-15T15:32:17+03:00,13.27,294.26,146.99805191876402,8.10648,169.99657781531528,155.90181605509702,-0.48168561836648305,5.42376,5.6181600000000005,0.41252961249419273,,-3.6898482006425017,23.021951,58.30436,12.995354151642667,160.13758293155024,330.1341607468655,-5.101107000499,0.0031768738421752768,2.2254727861558457
2026-07-15T15:32:19+03:00,13.38,294.26,144.0014826502298,8.30088,168.99963125178763,153.30631724315435,-1.7374945137342215,5.5404,5.42376,-0.1432394487827058,,-1.6443888720254627,23.021973,58.304308,13.191502549046358,158.2932413334597,327.2928725852473,-5.147524415136257,0.003201891037673939,2.2286746771935197
2026-07-15T15:32:21+03:00,13.53,294.27,148.99767462377056,8.203679999999999,158.99578814880346,149.38155634650826,-2.4080843171553368,5.7348,5.5598399999999994,0.07448451336700701,,-2.647065013504403,23.022007,58.304256,13.447665630294104,161.68641374459938,320.68220189340286,-5.444338089130155,0.0033048958540960248,2.231979573047616
2026-07-15T15:32:23+03:00,13.61,294.27,153.99959617526267,8.49528,160.99541085381,145.8120292828432,-3.4332204042034062,5.7153599999999996,5.69592,-0.46982539200727513,,-2.0340001727144226,23.02203,58.304207,13.860525449298205,164.413864598634,325.40927545244404,-5.505192567918493,0.0030335244299950007,2.235013097477611
2026-07-15T15:32:25+03:00,13.68,294.27,159.00151772675477,8.59248,159.99846429028239,137.12598910865992,-5.344149242523727,5.67648,5.7348,-0.6302535746439055,,1.627200138171538,23.022061,58.304156,14.040117900538432,167.33183087618585,327.3302951664682,-5.538294777961078,0.0032180309815606723,2.2382311284591716
2026-07-15T15:32:27+03:00,13.83,294.27,170.9992539567942,7.795439999999999,152.99692003378374,125.64964447218954,-6.533437737876778,5.443199999999999,5.50152,-0.6130648407899808,,2.555391766283472,23.022103,58.304105,13.199113458647512,174.69840495386916,327.6953249876529,-5.4199146779404455,0.003340152204752329,2.241571280663924
2026-07-15T15:32:29+03:00,13.83,294.27,-170.00144795657386,6.201359999999999,146.99805191876402,118.51059034485948,-1.8043013926464755,4.89888,5.19048,-0.11459155902616464,,5.311318760862731,23.022149,58.304066,11.058594951452084,174.4126463620844,332.58540555667963,-4.875605001290058,0.0027578478690938944,2.244329128533018
2026-07-15T15:32:31+03:00,13.83,294.27,-155.99835944357653,5.79312,131.99801684223905,117.63969449626062,-0.19789962243818637,4.996079999999999,4.859999999999999,0.11459155902616464,,1.1401860123103382,23.022208,58.30403,10.554699128166003,167.09951042532643,324.8985064169126,-4.8699753763597435,0.0028555628172146855,2.247184691350233
2026-07-15T15:32:33+03:00,13.98,294.27,-149.0025447650292,6.29856,130.99534070076012,119.0090636266233,0.6316286733522195,5.01552,4.97664,0.16615776058793874,,-0.395340878640268,23.022273,58.303994,10.908048559257816,162.70011631984474,328.2952243809154,-4.788624913081365,0.002982666024298609,2.2501673573745316
2026-07-15T15:32:35+03:00,13.98,294.28,-149.0025447650292,6.10416,135.99726225225223,120.4815651601095,-0.27908774200822406,5.03496,4.87944,-0.05156620156177409,,2.2975607584746007,23.022336,58.303964,10.73786303319906,162.97659125224467,333.02067100000755,-4.81435435971193,0.002685191148016948,2.2528525485225486
2026-07-15T15:32:37+03:00,13.98,294.28,-151.00216747003577,5.598719999999999,133.99763954724563,120.04611723581009,0.30933991359113144,5.19048,5.0544,-0.10313240312354818,,1.4896902673401402,23.022401,58.303931,10.446089643057517,164.94047579249528,329.0571637547504,-5.01222033320325,0.002854546181551382,2.2557070947041
2026-07-15T15:32:39+03:00,14.02,294.28,-153.00179017504234,4.80168,132.9949634057667,122.7848554965354,0.8293564084518666,4.93776,4.80168,-0.1604281826366305,,-0.45836623610465854,23.022467,58.303898,9.470427288117405,166.69307374965783,326.30188965610887,-4.805186357795859,0.002877342390676102,2.258584437094776
2026-07-15T15:32:41+03:00,14.13,294.3,-155.00141288004892,4.89888,131.99801684223905,126.457514963324,0.07465640070554626,5.01552,4.91832,0.22918311805232927,,-1.2719663051904275,23.022523,58.303869,9.67944850870664,167.6501346583098,324.34788218392924,-4.899459869195415,0.002483200791158282,2.261067637885934
2026-07-15T15:32:43+03:00,14.13,294.3,-155.00141288004892,4.19904,135.99726225225223,125.5522416470173,-2.5873628112517713,5.1127199999999995,5.2488,-0.07448451336700701,,-1.1573747461642627,23.022584,58.303835,9.093209348088708,168.74678778385524,327.250474468397,-5.014424590594954,0.002808529778944957,2.263876167664879
2026-07-15T15:32:45+03:00,14.13,294.29,-159.00065829006203,3.3047999999999997,141.99613036727192,117.81731141275117,-4.406102740335544,5.13216,5.42376,-0.011459155902616466,,-0.06302535746439056,23.02264,58.303804,8.302371980507317,171.799020452238,330.19710991503393,-5.079677466051032,0.002569017320892012,2.266445184985771
2026-07-15T15:32:47+03:00,14.13,294.3,-153.99873673856996,3.09096,134.99458611077327,110.67825728542113,-2.9379556860923226,5.38488,5.46264,-0.3552338329811104,,2.8304115079462666,23.022696,58.303775,8.274690770491842,170.57489334694088,324.41969276383236,-5.312186804222857,0.0024832041381341,2.2689283891239054
2026-07-15T15:32:49+03:00,14.13,294.31,-144.00062321353712,5.50152,125.99914872721935,107.26342882644143,0.027731157284331846,5.07384,5.1710400000000005,0.02864788975654116,,1.6386592940741544,23.022761,58.303745,10.058651047640023,161.2474945984178,324.75165412880153,-4.804500647035905,0.002732331122814684,2.2716607202467203
2026-07-15T15:32:51+03:00,14.13,294.3,-138.998701662045,6.7068,118.99760447072069,108.33485990333605,1.4711837305574147,5.0544,5.38488,-0.07448451336700701,,0.6474423084978302,23.022836,58.303716,11.031531682422582,156.49230636706335,322.5052981036573,-4.634917766824392,0.002940889486070923,2.274601609732791
2026-07-15T15:32:53+03:00,14.13,294.3,-136.99907895703842,8.10648,122.99684988073382,108.9192768543695,-0.9991238031491294,5.20992,5.5404,-0.17188733853924698,,1.2204001036286536,23.022918,58.303687,12.43517217586255,153.6021277428324,329.3947221379014,-4.666672637015405,0.003121695015613415,2.2777233047484042
2026-07-15T15:32:55+03:00,14.28,294.3,-138.00175509851738,8.30088,127.99877143222591,108.30621201357953,-0.26126875457965537,5.19048,5.598719999999999,-0.05729577951308232,,3.277318588148309,23.022994,58.303657,12.64456670288539,153.94366958686632,334.05510184535956,-4.662933247558778,0.003002102609131912,2.280725407357536
2026-07-15T15:32:57+03:00,14.28,294.29,-134.99945625203188,8.30088,123.99952602221278,108.11713594118635,0.931171008646614,5.98752,5.754239999999999,-0.2807493196141034,,1.4725015334862157,23.023073,58.303625,13.230386785431365,153.66298634719195,330.33653967502084,-5.366015513033525,0.003150305660323719,2.28387571301786
2026-07-15T15:32:59+03:00,14.28,294.3,-134.00250968850426,8.90352,122.99684988073382,108.24318665611511,0.826090549019621,5.67648,5.832,-0.19480565034447989,,2.217346667156286,23.023152,58.303599,13.48018004556494,151.6343714115571,331.3624784691767,-4.99492626974047,0.0029439996059571222,2.2868197126238172
2026-07-15T15:33:01+03:00,14.28,294.29,-134.00250968850426,8.59248,121.9999033172062,111.2970517041624,0.36846915804863245,5.26824,5.48208,0.2119943841984046,,2.3491269600363753,23.023231,58.303571,12.824915659001109,151.18877759884438,330.81112571836184,-4.616096704097692,0.003009541565851115,2.2898292541896685
2026-07-15T15:33:03+03:00,14.28,294.29,-131.00021084201873,8.80632,122.99684988073382,112.8898743746261,0.7728627698519674,5.67648,6.0264,-0.1546986046853223,,0.9969465635276323,23.023312,58.30355,13.24255686549169,149.87545016723612,333.1213997134977,-4.909794494545027,0.0028525920041755195,2.292681846193844
2026-07-15T15:33:05+03:00,14.28,294.29,-132.9998335470253,8.70912,128.99571799575352,111.04495027430485,-2.41576195161009,6.0264,5.67648,-0.22918311805232927,,4.6810651862188255,23.023398,58.303522,13.555623297030111,151.9737410048824,337.0219769908711,-5.319698164974212,0.003195209274413409,2.295877055468257
2026-07-15T15:33:07+03:00,14.28,294.29,-136.0021323935108,8.39808,126.99609529074696,110.51782910278449,-0.13768175816993683,5.7153599999999996,5.6376,-0.32658594322456924,,2.274642446669368,23.023484,58.303493,13.124381338695734,153.60969822373576,333.3863970670112,-5.119745239742473,0.003227276194220687,2.2991043316624777
2026-07-15T15:33:09+03:00,14.32,294.29,-134.00250968850426,8.70912,117.99492832924174,108.99376136773651,-1.209055539285063,5.326560000000001,5.6376,-0.08021409131831525,,3.1455382952682194,23.023579,58.303467,12.987449848705381,151.16072495853507,326.8342033707067,-4.665940013001038,0.003382893570167087,2.3024872252326447
2026-07-15T15:33:11+03:00,14.36,294.29,-134.99945625203188,8.70912,122.99684988073382,106.50139495891743,-1.8863489489092093,5.404319999999999,5.346,-0.5729577951308232,,6.589014644004467,23.02366,58.30344,13.100283279835537,151.9597418588176,331.0371080219162,-4.769947444277994,0.003029496120166893,2.3055167213528116
2026-07-15T15:33:13+03:00,14.32,294.29,-134.99945625203188,8.59248,120.99722717572726,102.67976646539483,0.27771264329990997,5.48208,5.3654399999999995,0.08021409131831525,,5.036299019199936,23.02374,58.303414,13.05753936998027,152.269441327276,328.7277858484513,-4.852438862482872,0.0029708226811117748,2.308487544033923
2026-07-15T15:33:15+03:00,14.43,294.3,-131.00021084201873,9.00072,115.99530562423517,105.53309628514634,0.9281916281119336,5.28768,5.7348,0.1546986046853223,,2.733008682774027,23.023819,58.303391,13.092758447854335,148.74623797490557,327.2490676493296,-4.520320278927136,0.0028523859438026955,2.3113399299777257
2026-07-15T15:33:17+03:00,14.36,294.3,-127.99791199553322,9.50616,120.99722717572726,108.03119227191672,0.33380521144321756,5.57928,5.9292,-0.08594366926962349,,0.5213915935690492,23.023899,58.303367,13.66743293276154,146.76298900901472,334.23423816671254,-4.666568000438723,0.00290938326177854,2.3142493132395043
2026-07-15T15:33:19+03:00,14.43,294.3,-129.00058813701216,9.29232,121.9999033172062,109.67558114394218,-0.9609075182139036,5.9292,6.14304,-0.13750987083139757,,1.5641747807071475,23.023989,58.30334,13.814832792135242,148.48443995218076,333.5154633650254,-5.054632540024739,0.00327305794878604,2.31752237118829
2026-07-15T15:33:21+03:00,14.43,294.29,-131.99715740554637,8.80632,121.9999033172062,108.44945146236222,0.2508409227082744,6.0264,6.18192,-0.1432394487827058,,2.5783100780887045,23.024072,58.303312,13.597313061696012,151.22832830960604,330.7715750076002,-5.282409357773914,0.0031150856686231938,2.3206374568569132
2026-07-15T15:33:23+03:00,14.43,294.29,-131.99715740554637,8.203679999999999,121.9999033172062,109.68704029984481,1.2038989191288858,5.57928,5.9292,-0.09740282517223994,,3.552338329811104,23.024154,58.303286,12.6363923458001,151.1525612451839,330.8473420720223,-4.886933228772556,0.0030247310059191203,2.3236621878628325
2026-07-15T15:33:25+03:00,14.43,294.29,-131.00021084201873,8.203679999999999,124.99647258574039,109.2000261739836,-1.1444258999943062,5.6181600000000005,6.37632,-0.29220847551671986,,4.875870836563306,23.024237,58.303261,12.622968054099303,150.6275378944458,334.3689346912946,-4.895943577147517,0.0030214767978968982,2.3266836646607296
2026-07-15T15:33:27+03:00,14.43,294.29,-132.9998335470253,8.203679999999999,125.99914872721935,108.81041487329465,1.4361760092749216,6.08472,6.24024,-0.27501974166279514,,3.128349561414295,23.024326,58.303226,13.130526486447687,152.81044187127551,333.18870685594385,-5.412356385480969,0.003510902572097842,2.3301945672328275
2026-07-15T15:33:29+03:00,14.43,294.29,-131.99715740554637,8.10648,123.99952602221278,110.99911365069438,1.2954575747907913,6.25968,6.27912,-0.18334649444186346,,2.3548565379876836,23.024428,58.303193,13.145476697901504,152.72260573161824,331.27692029059455,-5.563591822821525,0.0037830806037570885,2.3339776478365843
2026-07-15T15:33:31+03:00,14.43,294.29,-132.9998335470253,8.30088,121.9999033172062,112.32837573539788,0.21394244070184937,6.25968,6.5124,-0.37242256683503505,,1.5126085791453732,23.024517,58.303163,13.377683434910304,153.01175419218376,328.98814912502246,-5.5779986026285515,0.0033395001740585805,2.337317148010643
2026-07-15T15:33:33+03:00,14.43,294.29,-134.00250968850426,8.203679999999999,122.99684988073382,111.67520384894877,-0.015412564689019144,6.0264,6.39576,-0.38961130068895977,,1.6100114043176132,23.02461,58.303133,13.1265735044456,153.28551233622017,329.71133754451364,-5.383128481219824,0.003446505874246898,2.3407636538848897
2026-07-15T15:33:35+03:00,14.43,294.29,-134.99945625203188,7.892639999999999,123.99952602221278,110.04227413282592,-0.878401595715065,5.87088,6.14304,-0.07448451336700701,,2.1199438419840457,23.024691,58.3031,12.739325950690343,154.0178163231137,329.9817096990991,-5.277512012927413,0.0032370710419062053,2.344000724926796
2026-07-15T15:33:37+03:00,14.43,294.29,-134.00250968850426,7.795439999999999,124.99647258574039,108.99376136773651,-0.931858558000771,5.6181600000000005,6.10416,-0.20053522829578813,,1.4667719555349077,23.024765,58.303067,12.376668492680809,153.0600291425166,331.93644344322377,-5.008486736274547,0.0030653592431444257,2.3470660841699402
2026-07-15T15:33:39+03:00,14.43,294.28,-134.99945625203188,7.698239999999999,119.9945510342483,107.21186262487963,-1.6302941102652444,5.6181600000000005,6.1624799999999995,0.21772396214971285,,2.7444678386766435,23.024843,58.303037,12.328450748048782,153.79768880905132,326.196862225197,-5.0408410219238675,0.0030528726830542784,2.3501189568529943
2026-07-15T15:33:41+03:00,14.43,294.29,-132.9998335470253,7.892639999999999,121.9999033172062,106.4211808675991,0.3289923659641187,5.832,6.24024,-0.03437746770784939,,1.2204001036286536,23.024927,58.30301,12.613104103154333,152.76473646051616,329.23516685669006,-5.1854346034730465,0.0031099415394168243,2.3532288983924112
2026-07-15T15:33:43+03:00,14.43,294.29,-129.99753470053977,8.00928,115.99530562423517,107.3952091193215,0.5054060710848992,5.90976,6.24024,-0.03437746770784939,,-0.2578310078088704,23.025023,58.302986,12.645977279525741,150.97516025672564,325.02014536750954,-5.167549949068971,0.0033575930156991033,2.3565864914081103
2026-07-15T15:33:45+03:00,14.43,294.3,-129.00058813701216,8.30088,116.99798176571409,108.31767116948214,-0.12249837659897002,6.1236,6.0652800000000004,-0.18334649444186346,,1.008405719430249,23.02512,58.302959,13.053053459080862,150.3823690818212,326.6156126838929,-5.3235081441629575,0.003466803882844852,2.360053295290955
2026-07-15T15:33:47+03:00,14.43,294.3,-131.99715740554637,8.39808,119.9945510342483,107.43531616498066,-0.5836721058997697,5.9292,6.18192,-0.24064227395494575,,2.079836796324888,23.02521,58.302932,13.126946639123016,151.6110403439253,328.38351069032296,-5.21615562189609,0.0032730864121322148,2.363326381703087
2026-07-15T15:33:49+03:00,14.43,294.29,-131.99715740554637,8.30088,114.99835906070751,106.065947034618,-1.0201513542304308,5.890319999999999,6.27912,-0.32658594322456924,,2.836141085897575,23.025298,58.302906,13.001189950638706,151.67336540792152,323.324993652786,-5.184994664813952,0.0031884999506875565,2.366514881653775
2026-07-15T15:33:51+03:00,14.43,294.28,-132.9998335470253,8.49528,115.99530562423517,105.27526527733745,0.4171132748552393,6.045839999999999,6.18192,-0.09740282517223994,,2.2861016025719847,23.025397,58.302879,13.370793627562252,152.31082012009549,323.6844855041397,-5.353478830267465,0.0035227502344218676,2.370037631888197
2026-07-15T15:33:53+03:00,14.43,294.29,-129.00058813701216,9.00072,116.99798176571409,106.40972171169649,0.38170448311615446,5.7153599999999996,6.57072,-0.11459155902616464,,0.20053522829578813,23.025489,58.302855,13.35764077958242,148.42215838467172,328.57582338104237,-4.869083873193875,0.0032439822431806764,2.3732816141313773
2026-07-15T15:33:55+03:00,14.43,294.29,-129.00058813701216,9.408959999999999,118.99760447072069,107.30926545005188,0.849811001738037,6.201359999999999,6.318,-0.13750987083139757,,-0.5156620156177408,23.025578,58.302827,14.157186713888349,148.90276161803706,330.09484285268366,-5.310174834114384,0.003276173248287628,2.376557787379665
2026-07-15T15:33:57+03:00,14.43,294.29,-129.00058813701216,9.00072,118.99760447072069,109.17137828422705,0.19045117110148566,5.98752,6.318,-0.13178029288008933,,-0.8021409131831525,23.025669,58.302801,13.59024921827059,149.02301928504232,329.9745851856784,-5.133544896995654,0.003271422777070673,2.3798292101567355
2026-07-15T15:33:59+03:00,14.43,294.3,-127.99791199553322,8.59248,122.99684988073382,107.44677532088328,-2.3040924773390925,6.10416,6.39576,-0.18907607239317165,,1.088619810748564,23.025758,58.302768,13.254101305977429,149.27801813116687,333.71883174956696,-5.247479816740939,0.003440244518370136,2.383269454675106
2026-07-15T15:34:01+03:00,14.43,294.29,-131.00021084201873,8.00928,121.9999033172062,105.24661738758091,0.9015490906383503,6.2208000000000006,6.201359999999999,-0.1432394487827058,,1.8162762105647094,23.025853,58.302732,12.970055316816477,152.22196868220007,329.77793463500615,-5.503913358710448,0.0036992379818964827,2.3869686926570024
2026-07-15T15:34:03+03:00,14.43,294.29,-127.99791199553322,8.203679999999999,120.99722717572726,105.53309628514634,-1.3430130717866495,5.28768,6.27912,-0.08021409131831525,,0.38961130068895977,23.02593,58.302705,12.193042936229988,147.9809159822293,333.0163111934979,-4.483273406669067,0.0029236498632099046,2.3898923425202123
2026-07-15T15:34:05+03:00,14.43,294.29,-127.00096543200556,8.59248,121.9999033172062,104.54760887752133,-0.21760937059068666,5.90976,6.6095999999999995,-0.21772396214971285,,1.3464508185574346,23.026013,58.302675,13.033689727751785,148.23105924325438,333.7688440739518,-5.024349258047515,0.003181682967831202,2.3930740254880436
2026-07-15T15:34:07+03:00,14.43,294.29,-125.99828929052664,8.49528,119.9945510342483,104.78252157352495,0.01948056503444799,6.1236,6.55128,-0.17188733853924698,,1.32926208470351,23.026108,58.302645,13.069847671236545,148.27350950388688,331.7210415303614,-5.2085386247675425,0.0035005262695127744,2.3965745517575563
2026-07-15T15:34:09+03:00,14.43,294.29,-125.001342726999,8.80632,118.99760447072069,105.56174417490287,0.5574306388827779,6.24024,6.39576,-0.21772396214971285,,0.9912169855763242,23.026204,58.302614,13.399033553288364,147.42746176204145,331.5701427086792,-5.258715970703807,0.003558736193718891,2.400133287951275
2026-07-15T15:34:11+03:00,14.43,294.29,-123.00172002199243,8.70912,117.99492832924174,105.51017797334109,-0.053113187608627314,6.14304,6.43464,-0.3323155211758775,,1.627200138171538,23.026309,58.302586,13.109740539100573,146.1418690240583,331.8530593051834,-5.101301046760208,0.0037188079662629774,2.403852095917538
2026-07-15T15:34:13+03:00,14.43,294.29,-123.00172002199243,9.00072,118.99760447072069,104.04340601780619,-0.49658252103988443,6.27912,6.4152,-0.37242256683503505,,3.076783359852521,23.026411,58.302559,13.49093948987222,145.97717920209266,333.02042526862806,-5.20422746988111,0.00360713390079776,2.4074592298183357
2026-07-15T15:34:15+03:00,14.43,294.29,-123.99866658552006,9.00072,116.99798176571409,106.35815551013472,0.5586911460320657,6.0264,6.37632,-0.395340878640268,,3.6554707329346523,23.026505,58.302538,13.341355970372588,145.99139723283648,331.0065845328776,-4.995605988844389,0.0032259699599750413,2.4106851997783107
2026-07-15T15:34:17+03:00,14.43,294.29,-123.00172002199243,9.097919999999998,118.99760447072069,104.08924264141665,-1.863946299119594,6.201359999999999,6.57072,-0.3552338329811104,,3.873194695084365,23.026605,58.302516,13.516225593407869,145.63191072207806,333.3656937486426,-5.118776349907225,0.003423930009873708,2.4141091297881845
2026-07-15T15:34:19+03:00,14.43,294.28,-125.99828929052664,9.00072,115.99530562423517,104.15226799888104,-0.004812845479098915,6.1236,6.55128,-0.27501974166279514,,3.20856365273261,23.026707,58.302492,13.538924244133122,147.46268674119924,328.5326188830359,-5.162448050130369,0.003529684930864304,2.417638814719049
2026-07-15T15:34:21+03:00,14.47,294.28,-123.00172002199243,8.80632,116.99798176571409,105.8654118063222,0.4022163721818379,6.18192,7.1150400000000005,-0.20626480624709637,,1.2490479933851946,23.026801,58.302468,13.231417492927374,146.07026229528145,330.92771947043263,-5.129279303925656,0.0033007064213101266,2.420939521140359
2026-07-15T15:34:23+03:00,14.55,294.28,-123.99866658552006,9.097919999999998,118.99760447072069,107.8707640892801,0.8833290327531901,6.39576,6.59016,-0.24064227395494575,,0.47555496995858326,23.026899,58.302439,13.738719316652261,146.70116999715344,332.2964344735673,-5.345694992651832,0.003552204904394102,2.424491726044753
2026-07-15T15:34:25+03:00,14.58,294.29,-125.99828929052664,9.097919999999998,118.99760447072069,106.32950762037817,-1.2670388681523026,6.37632,6.84288,-0.3495042550298022,,1.7876283208081685,23.02699,58.30241,13.842800151892979,147.87807284760584,331.1195316231149,-5.400223322620289,0.003361327645239032,2.427853053689992
2026-07-15T15:34:27+03:00,14.58,294.28,-129.00058813701216,8.59248,121.9999033172062,103.64806513916592,-0.8645933128524121,6.0652800000000004,6.8623199999999995,-0.4469070802020421,,3.941949630500064,23.027087,58.302374,13.274570920808058,149.7990927440617,332.2008105731445,-5.2420203594456805,0.0037506763008506552,2.4316037299908424
2026-07-15T15:34:29+03:00,14.58,294.26,-127.00096543200556,8.39808,114.99835906070751,102.88603127164193,0.915185486162464,6.24024,6.78456,-0.29793805346802804,,2.6527945914557116,23.027182,58.302346,13.135723482509476,149.29711281073776,325.70124624996976,-5.365523991420898,0.003440165120241578,2.4350438951110838
2026-07-15T15:34:31+03:00,14.58,294.27,-123.00172002199243,8.80632,113.99568291922859,104.55906803342393,0.4026747384179426,6.318,6.62904,-0.22918311805232927,,0.7734930234266114,23.027282,58.302318,13.344542329372308,146.39638919312065,327.59929372610793,-5.2621760481393505,0.003578727137744494,2.438622622248828
2026-07-15T15:34:33+03:00,14.58,294.27,-121.9990438805135,8.90352,116.99798176571409,104.12934968707582,-0.3085950684574614,6.59016,6.53184,-0.34377467707849396,,2.0110818609091896,23.027384,58.302287,13.597349031513637,146.26819386958806,330.729787896126,-5.480680122815577,0.0037215285673172093,2.442344150816145
2026-07-15T15:34:35+03:00,14.58,294.27,-125.001342726999,8.70912,115.99530562423517,103.21834679281781,0.8274656477279348,6.648479999999999,6.72624,-0.29220847551671986,,2.182969199448437,23.027479,58.302257,13.655628754407088,148.505265421086,327.4900402031492,-5.669080296438982,0.0035005544691853263,2.4458447052853307
2026-07-15T15:34:37+03:00,14.58,294.27,-123.99866658552006,9.00072,118.99760447072069,104.08351306346535,-0.6907579178097205,6.1624799999999995,6.76512,-0.32658594322456924,,1.2032113697747289,23.027572,58.302227,13.454375262262651,146.31552334730003,332.68208112342063,-5.127826831053477,0.003446569967367967,2.4492912752526985
2026-07-15T15:34:39+03:00,14.58,294.27,-121.00209731698585,9.00072,118.99760447072069,102.92613831730108,0.1516619283711289,6.35688,6.39576,-0.246371851906254,,1.4438536437296745,23.027671,58.302199,13.42995991167892,144.93828814891353,334.05931632180716,-5.203321043563373,0.003550895135348528,2.452842170388047
2026-07-15T15:34:41+03:00,14.58,294.25,-121.00209731698585,8.39808,112.99873635570096,104.58771592318047,0.2821244183224174,6.55128,6.59016,-0.2578310078088704,,1.5412564689019144,23.027767,58.302177,13.043135291606688,146.50309502776867,326.4956413279323,-5.46321482530603,0.003307788004313661,2.456149958392361
2026-07-15T15:34:43+03:00,14.58,294.26,-121.00209731698585,8.70912,112.99873635570096,103.7110904966303,0.37752189121169943,6.39576,6.59016,-0.26929016371148695,,1.1344564343590302,23.027876,58.302149,13.196012230686279,145.54895596828666,327.4497803874143,-5.274006690897972,0.0038319251879755326,2.4599818835803364
2026-07-15T15:34:45+03:00,14.58,294.26,-123.00172002199243,8.59248,116.99798176571409,104.41582858464122,0.3216585061864442,6.37632,6.940079999999999,-0.22918311805232927,,1.1860226359208041,23.027978,58.302126,13.197375987073345,146.9051476809346,330.0928340847795,-5.341875433202982,0.0035055787869969998,2.4634874623673335
2026-07-15T15:34:47+03:00,14.58,294.25,-121.9990438805135,8.80632,115.99530562423517,105.14348498445736,0.6627402816278232,6.5124,6.804,-0.3552338329811104,,0.5958761069360561,23.028082,58.302102,13.444070704719193,146.25443205496387,329.7408735692713,-5.415142560949884,0.003587459969492139,2.467074922336826
2026-07-15T15:34:49+03:00,14.58,294.24,-121.00209731698585,9.097919999999998,117.99492832924174,105.07473004904168,-0.3363262257417932,6.454079999999999,6.82344,-0.3666929888837269,,0.5786873730821314,23.028184,58.302076,13.598371879248814,145.00739459896727,332.9875337302745,-5.287350550611963,0.0035805324888611746,2.470655454825687
2026-07-15T15:34:51+03:00,14.58,294.25,-123.00172002199243,8.80632,121.9999033172062,103.77411585409469,-1.086327979568041,6.1236,6.82344,-0.3666929888837269,,1.0771606548459478,23.028273,58.302047,13.183068256757101,145.9287822750357,336.0711210421705,-5.0724342419818225,0.003307506117039904,2.473962960942727
2026-07-15T15:34:53+03:00,14.58,294.23,-123.99866658552006,8.70912,121.9999033172062,104.52469056571609,1.2650335158693446,6.24024,6.47352,-0.29220847551671986,,1.1974817918234204,23.028369,58.302018,13.250214398988636,146.98083297567962,335.0190703415266,-5.23236838012785,0.00349733627135268,2.47746029721408
2026-07-15T15:34:55+03:00,14.58,294.22,-121.9990438805135,9.00072,121.9999033172062,104.16372715478367,-1.017515748372829,6.25968,7.15392,-0.38961130068895977,,0.7448451336700701,23.028454,58.30199,13.412978288455488,145.3135641763515,336.6863391408547,-5.14720208968884,0.003168505931260972,2.4806288031453407
2026-07-15T15:34:57+03:00,14.58,294.23,-123.00172002199243,8.39808,119.9945510342483,103.06364818813248,0.09029814851261773,6.25968,6.82344,-0.395340878640268,,1.6386592940741544,23.028552,58.301962,12.921941297773449,146.9720193984663,333.022531635782,-5.248143827370329,0.003523135081001172,2.4841519382263417
2026-07-15T15:34:59+03:00,14.62,294.22,-121.00209731698585,8.49528,116.99798176571409,103.7855750099973,0.11493533370324314,5.832,6.95952,-0.31512678732195276,,0.8708958485988514,23.028646,58.30193,12.538727817374667,144.49753168276607,332.500450082948,-4.747775800461321,0.003537446104615284,2.487689384330957
2026-07-15T15:35:01+03:00,14.73,294.22,-121.9990438805135,8.59248,115.99530562423517,104.30696660356637,0.28057743227556414,6.492959999999999,6.8623199999999995,-0.4297183463481174,,1.3349916626548182,23.028747,58.301899,13.233167463347408,146.58802693394358,329.4072786902916,-5.419886755060807,0.003694253696203051,2.49138363802716
2026-07-15T15:35:03+03:00,14.73,294.22,-119.99942117550692,8.49528,116.99798176571409,101.89481428606561,-1.9813453513419,6.68736,7.01784,-0.492743703812508,,1.9595156593474157,23.028865,58.301871,13.179551116602926,146.0667813567779,330.9312004089362,-5.548427553883422,0.004089221042222638,2.4954728590693827
2026-07-15T15:35:05+03:00,14.58,294.2,-121.00209731698585,8.49528,115.99530562423517,100.57128177931341,1.5872076840714067,6.59016,6.84288,-0.5500394833255903,,3.540879173908488,23.028963,58.301846,13.163304284023065,146.41434518192466,329.5809604423105,-5.4899971580998335,0.0034406521696099864,2.498913511238993
2026-07-15T15:35:07+03:00,14.66,294.2,-119.0024746119793,9.097919999999998,113.99568291922859,102.84592422598276,0.46804922284236944,6.648479999999999,7.01784,-0.4068000345428845,,1.4381240657783663,23.029079,58.30182,13.624562093884776,144.2661457228962,329.7295371963324,-5.396827774014387,0.003983056749665127,2.502896567988658
2026-07-15T15:35:09+03:00,14.58,294.2,-119.0024746119793,9.50616,114.99835906070751,102.42193545758597,-1.281420108810086,6.76512,6.97896,-0.22345354010102106,,2.148591731740587,23.02918,58.301793,14.088836081083597,143.83461747469687,331.16374158601064,-5.461596398125127,0.003579018157341747,2.5064755861459997
2026-07-15T15:35:11+03:00,14.58,294.19,-119.0024746119793,9.195120000000001,115.99530562423517,100.53690431160555,-1.2342083864913063,6.5124,6.84288,-0.46982539200727513,,6.090541362240651,23.029292,58.301767,13.60254165105975,143.75665134588982,332.23865427834534,-5.2523368418902425,0.0038671767693455117,2.510342762915345
2026-07-15T15:35:13+03:00,14.58,294.2,-116.99712232902141,8.90352,114.99835906070751,98.57165907430682,0.10571071320163689,6.55128,7.095599999999999,-0.6703606203030631,,4.726901809829292,23.029396,58.301743,13.234377657630443,143.16975498061942,331.8286040800881,-5.243743106906265,0.003587490481992517,2.5139302533973376
2026-07-15T15:35:15+03:00,14.58,294.2,-114.99749962401484,9.00072,112.99873635570096,97.78670689497761,0.141978941633418,6.57072,6.92064,-0.2807493196141034,,4.451882068166497,23.029499,58.301723,13.197384403823023,141.82090546522872,331.17783089047225,-5.165127866654331,0.0034681032503115082,2.517398356647649
2026-07-15T15:35:17+03:00,14.58,294.19,-114.0005530604872,9.408959999999999,109.99643750921543,99.25920842846381,0.7548145993053464,6.6679200000000005,6.940079999999999,-0.3666929888837269,,2.9621918008263566,23.029606,58.301701,13.565641730254928,140.68221714788692,329.3142203613285,-5.158593569749384,0.003628931992090494,2.52102728863974
2026-07-15T15:35:19+03:00,14.58,294.19,-114.0005530604872,9.29232,112.99873635570096,98.22788439722834,-1.1055220657049234,6.55128,7.13448,-0.590146528984748,,2.7158199489201023,23.029713,58.30168,13.371201670676204,140.5899593215384,332.40877703416254,-5.061665215578514,0.003607465172040827,2.524634753811781
2026-07-15T15:35:21+03:00,14.58,294.19,-110.99825421400169,9.29232,112.99873635570096,96.80121948735258,-0.44730815065863366,6.62904,6.95952,-0.5557690612768985,,4.257076417822017,23.029819,58.301659,13.207505737872594,138.94061786882014,334.0581184868808,-4.998489903226995,0.003577897217449999,2.528212651029231
2026-07-15T15:35:23+03:00,14.58,294.19,-110.00130765047405,9.00072,110.99911365069438,99.68892677481193,0.5115940152723121,6.62904,7.2122399999999995,-0.6875493541569879,,2.7559269945792595,23.029934,58.301639,12.875314743255243,138.93585505739708,332.0632585932973,-4.99812793347472,0.0038258704102436306,2.5320385214394747
2026-07-15T15:35:25+03:00,14.58,294.18,-112.00093035548062,9.408959999999999,115.99530562423517,98.3482055342058,-0.620799771024247,6.76512,6.901199999999999,-0.418259190445501,,3.3861805692231655,23.030038,58.301612,13.490247155397917,139.70877271963457,336.2865329046006,-5.160212672264229,0.0036637339398331867,2.535702255379308
2026-07-15T15:35:27+03:00,14.58,294.17,-110.99825421400169,9.00072,115.99530562423517,97.72941111546452,-1.342669297109571,5.81256,6.59016,-0.5042028597151245,,6.869763963618571,23.030132,58.301596,12.340724093820047,137.08474985170847,338.9105557725267,-4.256896256501086,0.0031207305658804392,2.5388229859451883
2026-07-15T15:35:29+03:00,14.58,294.18,-110.00130765047405,8.70912,114.99835906070751,98.61176611996599,1.823495478783358,5.6376,6.454079999999999,-0.3495042550298022,,5.970220225263178,23.030229,58.301575,11.883551102127521,136.47519535992146,338.5231637007861,-4.087690141925797,0.0033134481932923644,2.5421364341384804
2026-07-15T15:35:31+03:00,14.51,294.18,-110.99825421400169,8.70912,117.99492832924174,99.7404929763737,0.6476714916158826,5.3654399999999995,6.454079999999999,-0.1546986046853223,,2.81895235204365,23.030317,58.301554,11.752696759533144,136.2255925155081,341.7693358137336,-3.8742196026998585,0.003052553521626201,2.5451889876601066
2026-07-15T15:35:33+03:00,14.43,294.17,-114.0005530604872,9.00072,110.99911365069438,100.22750710223491,-0.3115744489921417,5.832,6.53184,-0.246371851906254,,2.4293410513546903,23.030419,58.301529,12.558945494773278,139.10194746571722,331.89716618497715,-4.408267217513109,0.0035547537532886063,2.548743741413395
2026-07-15T15:35:35+03:00,14.43,294.17,-114.99749962401484,8.39808,108.99949094568781,103.03500029837595,1.3682232147724058,5.87088,6.0652800000000004,-0.46982539200727513,,2.870518553605424,23.03052,58.301508,12.110521147525182,141.06083756747546,327.93865337821234,-4.566451162808005,0.0034305991598043,2.5521743405731994
2026-07-15T15:35:37+03:00,14.43,294.17,-117.99979847050034,8.203679999999999,114.99835906070751,104.31842575946898,0.7355059216094377,6.045839999999999,5.832,-0.4526366581533504,,3.134079139365603,23.030614,58.301485,12.264667474795408,143.80086296525224,331.1974960954553,-4.878806713530597,0.003274957217457796,2.5554492977906573
2026-07-15T15:35:39+03:00,14.43,294.16,-121.00209731698585,7.698239999999999,115.99530562423517,101.98648753328652,-1.757376149225261,5.5404,5.90976,-0.492743703812508,,5.9186540237014045,23.030706,58.30146,11.571332006150493,145.2324453232464,330.7628603009888,-4.5512849083829545,0.00327125667086708,2.5587205544615244
2026-07-15T15:35:41+03:00,14.43,294.17,-127.00096543200556,7.40664,111.99606021422201,100.66295502653432,-0.41430578165909826,5.28768,5.832,-0.985487407625016,,7.13332454937875,23.030797,58.301437,11.399904713641677,148.7431513887613,323.25290882546074,-4.52017248221313,0.003189316965038015,2.5619098714265625
2026-07-15T15:35:43+03:00,14.43,294.16,-121.00209731698585,7.698239999999999,114.99835906070751,98.81803092621307,-1.3488572412969841,5.443199999999999,5.754239999999999,-0.4812845479098915,,6.291076590536439,23.03089,58.301417,11.491618578089872,144.95608638649026,330.04227267421726,-4.456414211396709,0.0031737632527999156,2.5650836346793624
2026-07-15T15:35:45+03:00,14.43,294.16,-116.99712232902141,7.698239999999999,111.99606021422201,98.02734916893255,0.8291272253338142,5.598719999999999,5.81256,-0.6359831525952138,,5.557690612768986,23.030985,58.301397,11.390300776355678,142.97162953478016,329.0244306794418,-4.469667672341598,0.0032323138700720965,2.5683159485494347
2026-07-15T15:35:47+03:00,14.43,294.17,-116.99712232902141,7.698239999999999,109.99643750921543,100.32490992740715,2.578997627442862,5.81256,5.773680000000001,-0.8078704911344607,,6.525989286540076,23.031076,58.30138,11.56173444103141,143.60981339969138,326.38662410952406,-4.679084201975486,0.0030503550123140593,2.571366303561749
2026-07-15T15:35:49+03:00,14.43,294.17,-117.99979847050034,7.892639999999999,111.99606021422201,102.77716929056707,2.552183202630739,5.754239999999999,5.98752,-0.6359831525952138,,3.6497411549833445,23.03116,58.301364,11.749380366580679,143.62122442096432,328.3748357932577,-4.632816685220384,0.0028219627768732384,2.574188266338622
2026-07-15T15:35:51+03:00,14.4,294.16,-121.9990438805135,7.892639999999999,112.99873635570096,108.88489938666164,2.0690651897764285,5.50152,5.7153599999999996,-0.32658594322456924,,0.45836623610465854,23.031249,58.301347,11.77196058333992,145.34810419918819,327.65063215651276,-4.525669762575693,0.0029909146549863814,2.5771791809936087
2026-07-15T15:35:53+03:00,14.28,294.17,-125.001342726999,8.203679999999999,122.99684988073382,110.67252770746981,-0.6984928480439867,5.7348,5.754239999999999,-0.5099324376664327,,0.9281916281119336,23.031337,58.301321,12.416102015342481,147.23267780543202,335.7641720753018,-4.822252370551603,0.0031886084692745206,2.5803677894628834
2026-07-15T15:35:55+03:00,14.28,294.16,-132.9998335470253,7.795439999999999,126.99609529074696,107.56136687990944,-1.3826044554301895,5.754239999999999,5.46264,-0.6073352628386726,,3.517960862103255,23.031422,58.301289,12.452491509249432,152.75223423731458,334.2438610534324,-5.115720732565615,0.0033025474410045405,2.583670336903888
2026-07-15T15:35:57+03:00,14.28,294.18,-136.0021323935108,7.1928,119.9945510342483,109.2000261739836,0.6411970685309043,5.13216,5.79312,-0.2578310078088704,,2.2689128687180604,23.031505,58.301262,11.45362953080905,154.1368062251054,325.8577448091429,-4.6181135669728866,0.0030831548108628233,2.586753491714751
2026-07-15T15:35:59+03:00,14.28,294.15,-131.99715740554637,7.1928,122.99684988073382,110.09384033438768,0.5755934009884249,5.50152,5.42376,-0.32658594322456924,,2.1715100435458203,23.031581,58.301241,11.61709758542455,152.60363824455575,330.3932116361781,-4.884494855327047,0.002712023226902625,2.5894655149416534
2026-07-15T15:36:01+03:00,14.28,294.17,-131.99715740554637,7.40664,123.99952602221278,109.19429659603229,-0.8691769752134588,5.07384,5.52096,-0.5958761069360561,,5.09359479871302,23.031652,58.301215,11.440777766018392,151.24105174766595,332.7584742745468,-4.4479900855045225,0.0027332999225499386,2.5921988148642034
2026-07-15T15:36:03+03:00,14.28,294.17,-134.00250968850426,7.095599999999999,122.99684988073382,107.49834152244506,-0.43046319148178747,4.859999999999999,5.22936,-0.2578310078088704,,4.257076417822017,23.031725,58.301189,11.039898856501306,152.46328720921923,330.5335626715146,-4.309433838053007,0.0027853593763308387,2.594984174240534
2026-07-15T15:36:05+03:00,14.13,294.18,-132.9998335470253,7.503839999999999,122.99684988073382,107.09154148790216,-1.0561903995441595,4.996079999999999,5.2488,-0.3495042550298022,,4.423234178409956,23.031803,58.301164,11.506703025163805,151.5144365628868,331.48241331784703,-4.391241127415612,0.002885674466938361,2.5978698487074725
2026-07-15T15:36:07+03:00,14.13,294.17,-129.99753470053977,7.60104,122.99684988073382,105.00024553567467,-1.2323176257673745,5.52096,5.20992,-0.6703606203030631,,5.357155384473197,23.031877,58.301135,11.924900611898968,150.77100690004494,332.22584298068887,-4.818004299717591,0.0029156501640007835,2.600785498871473
2026-07-15T15:36:09+03:00,14.13,294.16,-131.99715740554637,7.60104,113.99568291922859,110.40323754375832,5.461147224289442,5.346,5.20992,-0.4640958140559668,,2.595498811942629,23.031969,58.301108,11.863093480014108,151.56402303327215,322.43165988595644,-4.701003748384042,0.0033282177237418118,2.604113716595215
2026-07-15T15:36:11+03:00,14.06,294.17,-132.9998335470253,7.892639999999999,123.99952602221278,116.47659017214507,-0.45481389777484754,5.19048,5.09328,-0.24064227395494575,,0.1776169164905552,23.032046,58.301083,12.046284456345603,151.36820193769876,332.631324084514,-4.555773444573418,0.0028587629428498307,2.606972479538065
2026-07-15T15:36:13+03:00,13.98,294.18,-142.00100050853052,7.40664,130.99534070076012,118.38453962993067,0.4740652796912431,4.78224,5.09328,-0.22345354010102106,,0.25210142985756223,23.032115,58.301051,11.556474336056288,156.76060969693197,334.2347310038282,-4.394229565804873,0.0029067101113968074,2.6098791896494618
2026-07-15T15:36:15+03:00,13.98,294.18,-144.99756977706474,7.095599999999999,130.99534070076012,123.50678231840027,0.25628402176201726,4.957199999999999,4.97664,-0.16615776058793874,,-0.544309905374282,23.032187,58.30102,11.512856848218204,159.2967535385504,331.6985871622097,-4.637083857430637,0.00293995232844773,2.6128191419779094
2026-07-15T15:36:17+03:00,13.98,294.17,-153.99873673856996,6.39576,136.99993839373113,125.15117119042571,-0.23422514664948052,4.723920000000001,5.1710400000000005,-0.21772396214971285,,-0.05156620156177409,23.032243,58.300991,10.841181505764222,165.0112755753694,331.9886628183617,-4.563196851612422,0.002483303250067218,2.6153024452279765
2026-07-15T15:36:19+03:00,13.83,294.18,-161.00028099506864,5.20992,138.99956109873773,126.3200050924926,1.8989540204020872,4.89888,4.89888,-0.2578310078088704,,0.590146528984748,23.032288,58.300957,9.970300140892396,170.20513138759537,328.79442971114236,-4.82746970438058,0.002489296430426386,2.6177917416584027
2026-07-15T15:36:21+03:00,13.83,294.18,-153.99873673856996,4.996079999999999,137.99688495725877,127.84407282754059,0.15051601278086726,5.28768,4.93776,-0.22918311805232927,,0.47555496995858326,23.032346,58.300926,10.020377119731602,167.3744605042259,330.62242445303286,-5.159820873109532,0.0026130061066328486,2.6204047477650354
2026-07-15T15:36:23+03:00,13.8,294.18,-153.99873673856996,5.404319999999999,139.99650766226534,125.2084669699388,-1.44562981289458,4.93776,5.07384,-0.22345354010102106,,1.7876283208081685,23.0324,58.300894,10.077534099951214,166.40261829676217,333.5938893655032,-4.799363203908573,0.002570703691153057,2.6229754514561883
2026-07-15T15:36:25+03:00,13.68,294.18,-155.99835944357653,4.89888,134.99458611077327,122.92809494531814,-0.4465633055249636,4.89888,5.01552,0.011459155902616466,,2.2689128687180604,23.032458,58.300862,9.583626271774127,167.99917972178824,326.99540638898503,-4.791813135887063,0.002656205569094978,2.6256316570252833
2026-07-15T15:36:27+03:00,13.68,294.18,-153.99873673856996,4.996079999999999,132.9949634057667,122.6416160477527,0.49904623955894706,5.346,5.151599999999999,-0.13178029288008933,,2.2689128687180604,23.032524,58.300829,10.077294971372227,167.4469380040019,325.5480254017648,-5.218204630926014,0.0028774733648083257,2.628509130390092
2026-07-15T15:36:29+03:00,13.57,294.18,-149.99949132855681,5.598719999999999,133.99763954724563,122.1316836100863,-0.7489131340154991,5.20992,5.19048,-0.05156620156177409,,1.1459155902616465,23.032589,58.300797,10.440817063885152,164.44750987157926,329.55012967566637,-5.0191599511903995,0.0028132436126888523,2.6313223740027807
2026-07-15T15:36:31+03:00,13.53,294.18,-149.0025447650292,5.69592,129.99839413723248,125.4261909320885,4.125926378516572,5.01552,5.0544,-0.045836623610465865,,-2.6527945914557116,23.032652,58.300768,10.323534497464685,163.49214724889606,326.5062468883364,-4.808784276776862,0.002645336176303953,2.6339677101790846
2026-07-15T15:36:33+03:00,13.53,294.17,-144.99756977706474,6.006959999999999,127.99877143222591,134.6794593234513,5.5531642461874515,5.22936,5.0544,0.03437746770784939,,-7.32813019972323,23.032723,58.300738,10.718748315907378,161.24869776343638,326.7500736687895,-4.951800336156179,0.002877561726038277,2.636845271905123
2026-07-15T15:36:35+03:00,13.53,294.17,-162.9999037000752,5.404319999999999,142.99880650875087,147.26161250452418,6.838136693327349,5.404319999999999,4.87944,-0.29220847551671986,,-6.858304807715954,23.032788,58.300698,10.689915078764942,171.49995185003766,331.4988546587132,-5.344957539382472,0.0031615525143042418,2.640006824419427
2026-07-15T15:36:37+03:00,13.53,294.17,178.00079821329285,5.598719999999999,156.99616544379688,154.7845483545919,1.7215089912500714,5.48208,4.78224,0.022918311805232933,,-6.336913214146906,23.032825,58.300651,11.079113874161482,178.98987592441367,335.9860413682105,-5.481228061383639,0.003057229072984791,2.6430640534924117
2026-07-15T15:36:39+03:00,13.68,294.17,163.0007631367679,6.201359999999999,166.99427896882975,161.4709658237686,1.839423705487995,4.78224,4.89888,0.0,,-5.998868115019719,23.032843,58.300607,10.864990260978532,170.39421093308798,337.38848990191775,-4.715189083378452,0.0027051543368514746,2.645769207829263
2026-07-15T15:36:41+03:00,13.76,294.16,148.99767462377056,6.7068,176.99812207181392,167.5156705623988,4.895294105818241,4.41288,4.80168,-0.017188733853924696,,-6.462963929075686,23.032858,58.300563,10.732725939551576,161.22423986900054,338.2223619408145,-4.178050862988417,0.002686838487948379,2.6484560463172118
2026-07-15T15:36:43+03:00,13.83,294.16,140.00223724021666,6.901199999999999,183.99966632831257,175.8063698579418,3.279553123549319,4.43232,4.548959999999999,-0.1776169164905552,,-7.528665428019017,23.032858,58.300521,10.683519690515945,155.46807587800555,339.4677422063181,-4.032214785756674,0.0025245240893051342,2.650980570406517
2026-07-15T15:36:45+03:00,13.83,294.16,127.99877143222591,7.503839999999999,188.99585830185336,182.9053169396127,2.7179398927620864,4.33512,4.7628,-0.13178029288008933,,-6.457234351124377,23.032842,58.300484,10.731019248809352,146.56170648248252,335.5575647843359,-3.6175699151658565,0.0022806778407586277,2.6532612482472753
2026-07-15T15:36:47+03:00,13.95,294.16,120.99722717572726,8.203679999999999,196.99434912187962,180.17230825683868,-1.5849158528908833,4.58784,5.01552,-0.1604281826366305,,-4.4805299579230375,23.032814,58.300443,11.27451423540964,141.41176010514874,338.40610922702837,-3.586078294783255,0.0026182915509861656,2.6558795397982613
2026-07-15T15:36:49+03:00,13.83,294.17,118.99760447072069,8.70912,190.9954810068599,184.07988041963088,4.395273838007571,4.93776,4.996079999999999,-0.16615776058793874,,-6.033245582727568,23.032788,58.300399,11.913192850888903,140.25259994343813,331.248080950298,-3.7964997158138436,0.002769298238141579,2.658648838036403
2026-07-15T15:36:51+03:00,13.98,294.16,118.00065790719304,8.30088,193.99777985334543,191.8377289657022,2.981729661640317,4.58784,4.548959999999999,0.040107045659157625,,-8.640203550572814,23.032782,58.300354,11.212115345975729,139.17994713351314,333.1777269868586,-3.471922791563518,0.002711477758396214,2.661360315794799
2026-07-15T15:36:53+03:00,13.98,294.16,112.00178979217334,8.39808,201.99627067337175,198.9997014048375,3.889867766922672,5.01552,4.93776,-0.38388172273765153,,-8.388102120715253,23.032754,58.300309,11.280205713543966,136.34796475194315,338.3442354253149,-3.6289557213291346,0.002845752450656502,2.6642060682454556
2026-07-15T15:36:55+03:00,13.98,294.16,101.99794668918915,8.70912,207.99513878839142,210.8828460758508,6.807254268169798,5.01552,4.35456,-0.5213915935690492,,-9.906440277811933,23.032714,58.300266,10.916255461935753,128.7042640825575,336.6994028709489,-3.1362083474959417,0.0028768846324860224,2.6670829528779416
2026-07-15T15:36:57+03:00,13.98,294.16,95.00213201064179,8.80632,215.99935918636905,223.545213348242,5.281868730193007,5.28768,4.7628,-0.017188733853924696,,-14.484373060907213,23.032668,58.300221,10.659788865204238,124.61589103136858,340.61525021773764,-3.0037830627100934,0.0030703588984170283,2.6701533117763585
2026-07-15T15:36:59+03:00,13.98,294.16,84.99828890765764,9.195120000000001,226.99441927492956,233.04485359151107,4.477722464726897,5.0544,4.7628,0.005729577951308233,,-14.822418160034395,23.032609,58.30018,10.099166180713887,114.90380468723379,341.89822396216334,-2.1283878451951663,0.0030896561440003616,2.6732429679203586
2026-07-15T15:37:01+03:00,13.98,294.17,75.00017538262475,10.4976,235.9955862364348,244.96237573023217,6.876983231837219,5.0544,4.704479999999999,-0.2807493196141034,,-17.91639025374084,23.032533,58.30015,10.405838914137416,102.98105757582103,338.9766438122558,-1.1353643517811096,0.0030022928173876946,2.6762452607377463
2026-07-15T15:37:03+03:00,13.98,294.16,63.999385716112954,12.091679999999998,248.99599860795314,258.38677687014734,5.910174248333467,4.957199999999999,4.723920000000001,-0.4239887683968092,,-16.111573199078748,23.032461,58.300136,10.873302197173892,88.18934277442476,337.1853413823779,0.15663101464330997,0.0024248058307560732,2.678670066568502
2026-07-15T15:37:05+03:00,13.98,294.16,54.99821875460771,13.802399999999999,267.99527909449125,267.7832847102929,4.397393781849555,4.49064,4.6655999999999995,-0.11459155902616464,,-15.372457643359986,23.03238,58.300134,11.81382897654436,73.13985223018133,341.13513132467256,1.3024499984069675,0.0025611900710878917,2.68123125663959
2026-07-15T15:37:07+03:00,13.98,294.16,46.99972793458143,15.10488,271.99452450450445,273.9483105859005,2.031421862636334,4.41288,4.82112,-0.2864788975654116,,-13.390023672207338,23.032311,58.300137,12.518460376399235,61.939776526478326,333.9343010309828,2.0758159614621636,0.0021867972216327593,2.6834180538612227
2026-07-15T15:37:09+03:00,13.98,294.17,41.99780638308934,15.804720000000001,279.998744902482,278.772615220902,2.071987274531596,4.723920000000001,4.78224,-0.29220847551671986,,-13.464508185574346,23.03223,58.300145,12.693858266894932,56.416218444141776,336.4149633466237,2.6130635389633494,0.0026031651149604697,2.686021218976183
2026-07-15T15:37:11+03:00,13.98,294.16,37.001614409548566,15.99912,283.9979903124951,283.24168602292247,1.5049309446906203,4.7628,4.859999999999999,-0.31512678732195276,,-13.739527927237141,23.032148,58.300157,12.527795692493887,50.22838623888822,334.22637655138334,3.0469012225060608,0.002688514144757645,2.6887097331209406
2026-07-15T15:37:13+03:00,13.95,294.16,33.00236899953541,16.407359999999997,288.9999118639872,286.5877595464865,2.5581419637000997,4.52952,4.704479999999999,0.045836623610465865,,-11.86022635920804,23.032074,58.300173,12.847786549604788,44.073418302649344,333.07333016663654,3.2542294811695163,0.0025274001199611356,2.691237133240902
2026-07-15T15:37:15+03:00,13.83,294.16,30.0000701530499,16.60176,291.99648113252147,289.8020527771704,0.7119000604500478,4.82112,4.510079999999999,0.017188733853924696,,-14.117680072023486,23.031993,58.300185,12.658198248591365,40.97824674013276,332.9747278726542,3.6397460496723006,0.0026580988628418915,2.6938952321037437
2026-07-15T15:37:17+03:00,13.83,294.17,26.997771306564392,16.69896,294.99877997900694,291.7959459042257,-0.5945583040072553,4.723920000000001,4.548959999999999,0.08021409131831525,,-11.218513628661519,23.031925,58.300202,12.672592467181227,36.740219589493364,331.7389995685003,3.7855413296219895,0.002378448762279765,2.6962736808660233
2026-07-15T15:37:19+03:00,13.91,294.17,26.00082474303676,16.50456,294.99877997900694,288.1462047492423,-1.627773095966669,4.58784,4.33512,0.05156620156177409,,-11.969088340282898,23.031839,58.300216,12.543359103390966,35.227612921481494,330.22639290048846,3.747655096072417,0.002843649480011981,2.699117330346035
2026-07-15T15:37:21+03:00,13.87,294.17,26.00082474303676,16.407359999999997,286.9945595810294,287.25239058883824,-0.10983600932657882,4.374,4.393439999999999,0.11459155902616464,,-15.349539331554757,23.031767,58.300228,12.62255558829965,34.73845285719767,321.7330124382271,3.594386095395625,0.002385746732559436,2.701503077078595
2026-07-15T15:37:23+03:00,13.98,294.17,26.00082474303676,16.407359999999997,290.9995345689938,286.7138102614153,-0.018621128341751753,4.52952,4.45176,-0.07448451336700701,,-17.681477557737203,23.031694,58.30024,12.495069462891129,35.14482136121049,326.14435593020426,3.703786926979967,0.0024158714611662606,2.7039189485397612
2026-07-15T15:37:25+03:00,13.98,294.17,26.00082474303676,16.407359999999997,282.99531417101616,288.214959684658,0.7930308842405724,4.0629599999999995,4.68504,0.2807493196141034,,-17.91639025374084,23.031634,58.300252,12.879375986304439,33.94994875581784,316.945262926834,3.3703299175255705,0.0020277067268634034,2.7059466552666245
2026-07-15T15:37:27+03:00,13.98,294.17,26.00082474303676,16.60176,286.9945595810294,289.42390063238406,0.8822977087219547,4.859999999999999,4.723920000000001,0.5271211715203573,,-16.134491510883983,23.031554,58.300261,12.417788070503866,35.88006475802254,322.87462433905193,3.937793670595459,0.002584034363876494,2.708530689630501
2026-07-15T15:37:29+03:00,13.98,294.17,26.00082474303676,16.69896,289.9968584275149,289.42963021033535,-0.9621680253631913,5.48208,4.82112,0.47555496995858326,,-12.754040519612124,23.031464,58.300278,12.014547737918496,37.539473060670076,327.53633148818494,4.346926279997197,0.003020699295934124,2.711551388926435
2026-07-15T15:37:31+03:00,13.98,294.17,26.997771306564392,16.79616,291.99648113252147,288.1118272815345,-0.4089199783848685,4.82112,4.80168,0.17188733853924698,,-14.839606893888323,23.03139,58.300295,12.690567385163277,36.92846905494241,328.9249501874639,3.8539369109764823,0.0025508705949325683,2.7141022595213675
2026-07-15T15:37:33+03:00,14.1,294.17,26.00082474303676,16.893359999999998,286.9945595810294,287.080503250299,-0.8315336480733638,4.91832,5.19048,0.29793805346802804,,-16.535561967475562,23.031319,58.300307,12.657820495519774,35.80832113406842,322.80288071509784,3.988653528707396,0.002355654718583031,2.7164579142399505
2026-07-15T15:37:35+03:00,14.13,294.17,26.00082474303676,16.50456,283.9979903124951,286.85132013224666,0.13573370166649204,5.13216,5.03496,0.14896902673401402,,-18.208598729257563,23.031239,58.300314,12.10279544565494,36.71418109823867,320.7121714107338,4.114081634106523,0.0025615620443112485,2.7190194762842617
2026-07-15T15:37:37+03:00,14.13,294.17,26.00082474303676,16.69896,287.9972357225083,287.59616526591674,0.7304065972327736,5.0544,5.13216,0.24064227395494575,,-18.718531166923995,23.031166,58.30033,12.35641777552293,36.331052894788684,324.328288617297,4.071861574544505,0.0024982108565246835,2.7215176871407865
2026-07-15T15:37:39+03:00,14.28,294.17,24.99814860155782,16.60176,289.9968584275149,287.9456695209465,0.27249872736421954,5.09328,5.1127199999999995,-0.045836623610465865,,-21.480187739454564,23.031083,58.300346,12.177337339727424,35.17875572540933,325.17561415292425,4.163036073695141,0.0027923624870013724,2.7243100496277877
2026-07-15T15:37:41+03:00,14.28,294.17,24.99814860155782,16.50456,289.9968584275149,289.4067118985301,0.6617662533761007,5.151599999999999,5.443199999999999,0.27501974166279514,,-19.732666464305552,23.03099,58.30036,12.034106492650249,35.420526480612466,325.41738490812736,4.1981429705173285,0.0030555290307371177,2.727365578658525
2026-07-15T15:37:43+03:00,14.28,294.17,22.001579333023614,16.19352,291.99648113252147,289.3093090733579,-0.44071913601462925,5.326560000000001,5.5404,-0.10886198107485642,,-18.959173440878942,23.030904,58.300376,11.430407882662662,32.055695259068585,324.05217639159,4.514433135378299,0.0028815017464244915,2.7302470804049492
2026-07-15T15:37:45+03:00,14.43,294.17,22.998525896551243,15.804720000000001,291.99648113252147,290.27760774712897,0.40594059785018827,5.42376,5.754239999999999,0.25210142985756223,,-13.178029288008934,23.030812,58.300392,11.017777240711865,34.08760540554596,326.0840865380674,4.491858214790723,0.003060794945041974,2.733307875349991
2026-07-15T15:37:47+03:00,14.43,294.16,24.99814860155782,15.901919999999999,296.9984026840135,285.86583272462167,-2.684536453305959,5.443199999999999,5.5404,0.3609634109324186,,-11.378941811298148,23.030719,58.300413,11.20722783850757,36.84203624751282,333.84043893152636,4.356147614251742,0.0031970929333477944,2.736504968283339
2026-07-15T15:37:49+03:00,14.43,294.17,26.997771306564392,16.09632,287.9972357225083,284.5766776855773,0.8585199602240255,5.5404,5.48208,0.23491269600363757,,-14.914091407255329,23.030629,58.30043,11.439597238519534,39.69851529444756,327.6957510169559,4.262873000215798,0.003020687805063533,2.7395256560884023
2026-07-15T15:37:51+03:00,14.43,294.18,26.00082474303676,16.31016,283.9979903124951,285.2241199940751,0.013006141949469687,5.69592,5.6376,0.03437746770784939,,-13.733798349285832,23.030529,58.300444,11.465932410252453,38.57924339862706,322.5772337111222,4.452765151982706,0.003268631070184493,2.7427942871585866
2026-07-15T15:37:53+03:00,14.43,294.18,26.997771306564392,16.60176,285.99761301750175,284.83450869338617,-0.028934368654106576,5.48208,5.67648,0.4068000345428845,,-13.762446239042372,23.030437,58.300457,11.978461332845054,38.98877411251402,324.98638713001577,4.261052201622377,0.003009004551587638,2.7458032917101742
2026-07-15T15:37:55+03:00,14.43,294.18,26.997771306564392,16.50456,286.9945595810294,282.9494775474057,-1.3301788171757194,5.6181600000000005,5.7153599999999996,0.20053522829578813,,-15.286513974090362,23.030338,58.30047,11.778086714643477,39.50351149303273,326.4980710740622,4.334891346290697,0.0032230213199763175,2.7490263130301504
2026-07-15T15:37:57+03:00,14.43,294.17,26.997771306564392,16.19352,287.9972357225083,280.65191678893115,0.03128349561414295,5.6181600000000005,5.5404,0.4526366581533504,,-17.102790184655074,23.03024,58.300484,11.474624017499252,39.83981846417049,327.8370541866788,4.31383946484222,0.003207629218652599,2.752233942248803
2026-07-15T15:37:59+03:00,14.43,294.17,26.997771306564392,16.19352,281.99836760748855,280.2451167543883,-0.40370606244917806,5.851439999999999,5.69592,0.47555496995858326,,-20.706694716027954,23.03015,58.300501,11.296491284449072,40.597847154420265,322.5962147619088,4.442973576908384,0.0030206824380365586,2.7552546246868395
2026-07-15T15:38:01+03:00,14.58,294.16,26.997771306564392,16.09632,284.9949368760228,287.7279455587968,7.766328321439283,5.2488,5.443199999999999,-0.08021409131831525,,-23.72045271841608,23.030052,58.300513,11.665446041631684,38.783650892719294,323.7785877687421,4.091527422590841,0.003178206445030561,2.75843283113187
2026-07-15T15:38:03+03:00,14.58,294.16,24.001202038030186,16.31016,291.99648113252147,308.89873608888075,12.249837659896999,5.57928,5.2488,-0.13178029288008933,,-9.448074041707274,23.029975,58.300532,11.440624270116674,35.44249092845854,327.43897206098,4.545428106090434,0.0026868013680886953,2.7611196324999585
2026-07-15T15:38:05+03:00,14.58,294.16,20.99890319154467,16.69896,316.9946297340793,328.19595462888685,6.260709827394506,4.91832,4.957199999999999,-0.4068000345428845,,5.362884962424505,23.029911,58.300562,12.234890323524553,29.28138399937194,346.27601373345124,4.289897557507705,0.0027088210609974143,2.763828453560956
2026-07-15T15:38:07+03:00,14.58,294.15,11.997736230039438,16.50456,330.99771824707665,335.34073833416824,4.959064308416302,4.393439999999999,4.4712,-0.1432394487827058,,-0.12605071492878112,23.029873,58.300598,12.241207040166662,16.27636869805457,347.2740869451312,4.2173551848678015,0.0024744419357304146,2.7663028954966866
2026-07-15T15:38:09+03:00,14.58,294.15,0.0,15.901919999999999,344.9950771821226,343.5111164927338,3.789772040113317,3.9851999999999994,4.31568,-0.27501974166279514,,5.276941293154882,23.029857,58.300632,11.916719999999998,0.0,344.9950771821226,3.9851999999999994,0.002105215923987099,2.7684081114206736
2026-07-15T15:38:11+03:00,14.58,294.15,-5.001062114799391,14.696639999999999,350.99967487509366,348.9943225921357,-0.09986654369130249,4.0629599999999995,4.21848,-0.46982539200727513,,5.09359479871302,23.029848,58.300668,10.655035740050469,6.905988948853945,344.0936859262397,4.033482327194896,0.0021824688334799998,2.7705905802541535
2026-07-15T15:38:13+03:00,14.7,294.15,-12.999552934825683,14.094,353.99624414362785,353.2399398540551,2.1139277851351723,4.1796,3.86856,-0.492743703812508,,8.485504945887492,23.029841,58.300706,10.065520365781612,18.359099032258626,335.63714511136925,3.966862949158341,0.0022947685390977404,2.772885348793251
2026-07-15T15:38:15+03:00,14.7,294.15,-20.00109719132434,13.8996,7.9984908200262925,352.83313981951227,-0.009052733163067006,3.71304,3.7519199999999997,-0.7104676659622208,,8.81209088911206,23.029845,58.300741,10.487687101001303,26.956371015476947,341.0421198045493,3.3096255028080988,0.0021075600983903064,2.7749929088916416
2026-07-15T15:38:17+03:00,14.7,294.15,-24.000342601337486,13.608,7.9984908200262925,354.16240190421576,0.31730402694344995,3.402,3.402,-0.7333859777674538,,9.115758520531397,23.02986,58.300776,10.590910550273376,31.507684043328112,336.49080677669815,2.900443423843396,0.00215645548208535,2.777149364373727
2026-07-15T15:38:19+03:00,14.58,294.13,-27.99958801135063,13.802399999999999,2.9965692685342056,354.46033995768374,2.9404194046113843,3.53808,3.47976,-0.7620338675239948,,9.069921896920931,23.029866,58.30081,10.806859339445891,36.84094911540021,326.155620153134,2.831536201625486,0.0020524297886604778,2.7792017941623874
2026-07-15T15:38:21+03:00,14.58,294.13,-29.002264152829575,13.296959999999999,8.995437383553925,359.51955728868893,2.0408756662559924,3.402,3.34368,-0.8307888029396938,,9.992383947081557,23.02987,58.300841,10.452532577529855,38.08165552069363,330.9137818628603,2.67782489755733,0.0018676171876121587,2.7810694113499994
2026-07-15T15:38:23+03:00,14.58,294.13,-31.00188685783615,13.19976,6.995814678547352,3.953408786402681,3.0144455517422872,3.47976,3.6935999999999996,-0.985487407625016,,12.08940947726037,23.029875,58.300872,10.37309695097915,40.95162402452607,326.0441906540213,2.6281347944232016,0.0018700192372703354,2.7829394305872697
2026-07-15T15:38:25+03:00,14.51,294.13,-33.99845612637036,12.908159999999999,13.99735893504601,7.729200656314806,2.203309201175581,3.51864,3.7519199999999997,-1.0943493886998723,,13.344187048596872,23.029889,58.300903,10.182910172617078,45.1390896956014,328.8582692394446,2.48200694573251,0.0019150858905544077,2.7848545164778242
2026-07-15T15:38:27+03:00,14.43,294.11,-37.9977015363835,12.402719999999999,21.995849755072307,10.731499502800318,0.9818777735156917,3.42144,3.7713599999999996,-1.1172677005051053,,13.814012440604149,23.029904,58.30093,9.932416148569498,50.241230202275716,331.7546195527966,2.188204789561516,0.001690645204470033,2.786545161682294
2026-07-15T15:38:29+03:00,14.43,294.11,-42.002676524347955,12.49992,19.996227050065727,13.040519417177535,1.3927458084040052,4.29624,3.81024,-1.1172677005051053,,13.624936368210976,23.029926,58.30096,9.74121826079002,59.16781904286934,320.8284080071964,2.201931396872935,0.0019324749201721839,2.788477636602466
2026-07-15T15:38:31+03:00,14.43,294.1,-44.00229922935453,12.59712,24.99814860155782,14.42707728139413,0.9725385614550593,4.0629599999999995,3.86856,-1.1745634800181877,,14.014547668899937,23.029955,58.30099,10.07789728094935,60.26650272331895,324.73164587823885,2.0150917197881815,0.0020225192710420507,2.790500155873508
2026-07-15T15:38:33+03:00,14.43,294.11,-44.999245792882164,12.79152,24.99814860155782,15.063060433989344,0.9281343323324206,4.16016,3.81024,-1.2318592595312698,,14.776581536423933,23.029983,58.301022,10.279682644578775,61.627472612417876,323.37067598913995,1.9769179077225958,0.002117008901246711,2.7926171647747546
2026-07-15T15:38:35+03:00,14.43,294.1,-46.0019219343611,12.59712,50.998973344594575,13.962981467338162,-2.741832232819042,3.42144,3.96576,-1.3006141949469687,,15.865201347172494,23.030016,58.301047,10.512649960881967,59.54187968028465,351.4570936643099,1.7343567776182809,0.0018287742786304117,2.794445939053385
2026-07-15T15:38:37+03:00,14.55,294.09,-44.00229922935453,12.59712,29.994340575098594,10.972141776755265,-0.4551003766724129,4.00464,4.00464,-1.2948846169956605,,15.79071683380549,23.030049,58.301076,10.106948915418428,59.97941636726176,330.0149242078368,2.0035658003642722,0.0020309623889884923,2.7964769014423734
2026-07-15T15:38:39+03:00,14.43,294.09,-42.002676524347955,12.79152,27.99471787009202,10.960682620852648,-0.5893443880715648,3.92688,4.1796,-1.403746598070517,,16.37513378483893,23.030071,58.301106,10.217095769437808,56.90605121513768,331.08866665495435,2.1441294279140766,0.0019324738885688683,2.7984093753309423
2026-07-15T15:38:41+03:00,14.55,294.08,-41.00000038286902,13.296959999999999,28.997394011570965,8.58863734901104,-1.5982657695174314,4.02408,4.21848,-1.4438536437296745,,16.581398591086025,23.030093,58.301139,10.594164366987998,55.4300005985948,333.5673934129762,2.2833139587297366,0.0021017372990733423,2.8005111126300157
2026-07-15T15:38:43+03:00,14.58,294.08,-39.997324241390075,13.5108,19.996227050065727,5.935842757555329,-0.7827176439282176,4.80168,4.374,-1.6787663397333121,,18.391945223699427,23.030127,58.301176,10.305357528135982,57.42393163514261,322.57229541492313,2.585315060123354,0.0024696697334254366,2.802980782363441
2026-07-15T15:38:45+03:00,14.58,294.08,-35.00113226784929,13.802399999999999,29.994340575098594,1.4266649098757496,-2.2233054282256464,4.78224,4.45176,-1.8048170546620932,,22.179196249514167,23.030165,58.301214,10.258607311127214,50.51019750063472,339.4841430744639,3.041221897187088,0.002580218514970044,2.805561000878411
2026-07-15T15:38:47+03:00,14.58,294.08,-31.00188685783615,14.91048,10.995060088560496,358.73460510935973,1.0820880918840727,4.704479999999999,4.43232,-2.0569184845196555,,20.21968059016675,23.0302,58.301262,11.144645186423801,43.559694355812326,327.43536573274815,3.4091334518790672,0.003089690918583466,2.8086506917969944
2026-07-15T15:38:49+03:00,14.58,294.08,-31.99883342136378,15.49368,8.995437383553925,0.320856365273261,-2.218836357423626,4.41288,4.374,-1.7876283208081685,,18.460700159115124,23.030225,58.30131,11.981698068966919,43.25312688693265,325.74231049662126,3.214048667759292,0.0029912650467198514,2.8116419568437143
2026-07-15T15:38:51+03:00,14.58,294.08,-31.00188685783615,15.49368,15.996981640052585,359.7200925169848,0.7285158365088418,4.58784,4.6655999999999995,-1.7360621192463943,,17.876283208081684,23.030243,58.30135,11.80023623714757,42.553686023160225,333.4432956168924,3.3796047477939943,0.002470607243419092,2.8141125640871336
2026-07-15T15:38:53+03:00,14.58,294.09,-29.999210716357208,15.901919999999999,14.994305498573642,359.98365310274494,-0.04915977882222463,4.723920000000001,4.60728,-1.6787663397333121,,17.715855025445055,23.030261,58.301391,12.044701374794897,41.30789820198254,333.6864072965911,3.548481844925336,0.0025291396481289556,2.8166417037352627
2026-07-15T15:38:55+03:00,14.58,294.08,-29.999210716357208,16.09632,13.99735893504601,359.4737206650785,0.59576151537703,4.5684000000000005,4.80168,-1.7589804310516275,,18.40340437960204,23.030273,58.301434,12.352951761963354,40.65491278901942,333.3424461460266,3.4658041008733456,0.0026122720685036083,2.8192539758037665
2026-07-15T15:38:57+03:00,14.58,294.1,-29.002264152829575,15.99912,12.99468279356707,358.59709523852837,-1.2038416233493727,4.80168,4.91832,-1.7990874767107847,,18.90187766136586,23.030275,58.301474,12.02704037026918,40.16342635847997,332.8312564350871,3.6694817330998895,0.0024051382939441913,2.8216591140977108
2026-07-15T15:38:59+03:00,14.58,294.1,-29.002264152829575,15.804720000000001,5.998868115019719,357.8808979946148,0.2601228389893937,4.58784,4.91832,-1.7131438074411613,,18.17995083950102,23.030275,58.301519,12.000154444709953,39.68457508263393,326.31429303238576,3.5306708803761633,0.0027048472384865936,2.8243639613361973
2026-07-15T15:39:01+03:00,14.58,294.09,-27.99958801135063,16.09632,9.998113525032863,358.54552903696657,0.8617285238767581,4.723920000000001,4.87944,-1.7417916971977028,,18.185680417452332,23.030286,58.301562,12.129788397936029,38.53436014481758,331.4637533802153,3.695214123131369,0.0026078767956021426,2.8269718381317994
2026-07-15T15:39:03+03:00,14.58,294.1,-29.999210716357208,15.99912,12.99468279356707,359.7200925169848,0.24190278110423355,4.84056,4.996079999999999,-1.2318592595312698,,20.254058057874598,23.030303,58.301604,12.052536635274349,41.58330919958803,331.411373593979,3.6206975741826084,0.002580988998161658,2.829552827129961
2026-07-15T15:39:05+03:00,14.58,294.1,-29.002264152829575,16.19352,10.995060088560496,0.20626480624709637,0.09190243033898404,4.74336,4.93776,-1.1344564343590302,,19.887365068990874,23.030321,58.301647,12.262563064502732,39.811850479535565,331.1832096090249,3.643617264997814,0.002646415729290509,2.8321992428592515
2026-07-15T15:39:07+03:00,14.58,294.09,-29.002264152829575,15.804720000000001,4.996191973540778,0.4640958140559668,-0.24425190806426994,5.6376,5.03496,-1.380828286265284,,19.57223828166892,23.030327,58.30169,11.212345174450416,43.112074656482406,321.8841173170584,4.1155509740138845,0.0025915694087921357,2.834790812268044
2026-07-15T15:39:09+03:00,14.58,294.09,-29.002264152829575,16.09632,10.995060088560496,0.5156620156177408,0.0023491269600363755,5.151599999999999,5.3654399999999995,-1.0313240312354817,,16.799122553235737,23.03035,58.301737,11.85679522133044,41.163152571917436,329.83190751664307,3.8783221074942307,0.002916961012080756,2.837707773280125
2026-07-15T15:39:11+03:00,14.58,294.09,-29.002264152829575,16.407359999999997,9.998113525032863,1.793357898759477,0.3421130994726145,5.46264,5.307119999999999,-1.088619810748564,,15.65320696297409,23.030366,58.301786,11.927504971962716,41.831863859630374,328.16624966540246,4.070241503652342,0.0029883147114931913,2.840696087991618
2026-07-15T15:39:13+03:00,14.58,294.09,-31.00188685783615,16.19352,12.99468279356707,3.792980603766049,1.5336934260061876,5.22936,5.6181600000000005,-1.3521803965087429,,17.65855924593197,23.030386,58.301839,12.016918150693066,43.95417505376105,329.040507739806,3.764590929460783,0.003247728922388532,2.8439438169140066
2026-07-15T15:39:15+03:00,14.58,294.09,-29.999210716357208,15.901919999999999,14.994305498573642,6.199403343315507,1.7248321464618301,5.1127199999999995,5.851439999999999,-0.590146528984748,,14.318215300319272,23.03041,58.301883,11.755447212834834,42.55889848911312,332.4354070094605,3.765939870734278,0.0027512193185775862,2.846695036232584
2026-07-15T15:39:17+03:00,14.58,294.1,-31.99883342136378,15.70752,13.99735893504601,8.130271112906382,1.2168477652988423,5.96808,5.443199999999999,-0.739115555718762,,14.32394487827058,23.030439,58.301936,11.106023003626285,48.54304813743275,325.4543107976133,3.9512100181256318,0.0033147605818173403,2.850009796814401
2026-07-15T15:39:19+03:00,14.58,294.1,-33.00150956284272,14.91048,15.996981640052585,9.516828977122973,0.15240677350479898,5.7348,5.443199999999999,-1.1974817918234204,,17.074142294898532,23.030472,58.301991,10.572874346891105,50.18471080293324,325.81227083711934,3.6720766883077625,0.0034663249268145784,2.853476121741216
2026-07-15T15:39:21+03:00,14.58,294.1,-31.99883342136378,14.40504,18.999280486538098,9.711634627467454,0.8421333672832839,5.87088,5.832,-1.770439586954244,,19.400350943129673,23.030514,58.302047,9.926292681615069,50.263636260801775,328.73564422573634,3.752995273054573,0.0036179757259392916,2.8570940974671553
2026-07-15T15:39:23+03:00,14.58,294.11,-33.99845612637036,14.696639999999999,21.995849755072307,10.118434662010339,0.4151652183517945,5.9292,6.0652800000000004,-1.8678424121264836,,20.32854257124161,23.030555,58.302096,10.327655921307407,52.72337042740146,329.27247932767085,3.591102297843302,0.0032173657568944514,2.8603114632240496
2026-07-15T15:39:25+03:00,14.55,294.12,-37.00075497285587,15.10488,19.996227050065727,9.809037452639693,0.02154321309691895,5.832,5.7348,-2.1199438419840457,,24.53978236545316,23.030596,58.302142,11.021105437752956,55.57093112002637,324.42529593003934,3.297328528196656,0.0030531542221379003,2.8633646174461873
2026-07-15T15:39:27+03:00,14.58,294.1,-33.99845612637036,15.007679999999999,23.995472460078876,7.465640070554627,-2.572351317019344,5.65704,6.14304,-2.515284720624314,,24.946582399996043,23.030643,58.30219,10.791709965450568,51.04320704488603,332.95226541519287,3.556774305840499,0.003244634029118539,2.866609251475306
2026-07-15T15:39:29+03:00,14.58,294.11,-33.00150956284272,15.70752,19.996227050065727,3.4721242384927886,-1.2292809494531811,5.7153599999999996,6.0264,-2.125673419935354,,24.631455612674092,23.030673,58.302236,11.349548768452856,48.92051712203977,331.07570992802596,3.7555936853748233,0.002922791298804658,2.8695320427741104
2026-07-15T15:39:31+03:00,14.47,294.12,-31.99883342136378,16.60176,19.996227050065727,0.011459155902616466,-2.9216836847106067,5.773680000000001,5.9292,-2.1600508876432034,,25.0554443810709,23.030707,58.302281,12.098570810631415,46.64682495191337,333.3494020981524,3.9635937250976903,0.002910203408862329,2.8724422461829726
2026-07-15T15:39:33+03:00,14.58,294.11,-29.999210716357208,16.893359999999998,10.995060088560496,357.6001486750007,0.8168659285180148,5.79312,5.851439999999999,-1.088619810748564,,17.034035249239377,23.03073,58.302329,12.22443854564393,43.70537388911487,327.2896861994456,4.187860023864248,0.0029752097362683357,2.875417455919241
2026-07-15T15:39:35+03:00,14.43,294.11,-31.00188685783615,16.79616,6.995814678547352,359.1757826116105,-0.5229958753954155,5.443199999999999,5.96808,-1.3693691303626676,,15.802175989708104,23.030748,58.302379,12.450289985634157,44.01559833550405,322.9802163430433,3.914480863164131,0.003058680314260113,2.8784761362335014
2026-07-15T15:39:37+03:00,14.43,294.11,-29.999210716357208,16.19352,10.995060088560496,359.5997713800073,1.9802567315311512,4.91832,5.832,-1.0943493886998723,,15.91103797078296,23.030771,58.302428,12.184819575730073,41.64243154817757,329.3526285403829,3.6754910369503118,0.003033533414766435,2.881509669648268
2026-07-15T15:39:39+03:00,14.43,294.11,-29.002264152829575,15.70752,15.996981640052585,2.2058875112536693,0.7740659812217422,5.09328,5.404319999999999,-0.5844169510334397,,14.925550563157945,23.030801,58.302464,11.52070764559489,41.379576138785325,334.6174055012673,3.8217261233254947,0.0023622210624543094,2.883871890710722
2026-07-15T15:39:41+03:00,14.43,294.11,-29.002264152829575,15.610319999999998,15.996981640052585,4.8586821027093805,-0.2895728696591181,6.84288,5.96808,-1.3521803965087429,,19.469105878545374,23.030844,58.302522,10.181268550074149,48.02032147534567,327.9766601647069,4.576976535924507,0.0037414215935561686,2.8876133123042784
2026-07-15T15:39:43+03:00,14.43,294.11,-29.002264152829575,15.007679999999999,16.99965778153153,5.569149768671601,1.0996206004150761,5.7153599999999996,5.98752,-1.32926208470351,,16.541291545426866,23.030866,58.302572,10.385533681682402,44.47733792256605,332.5223198589655,4.078067232541028,0.0030846581193187624,2.8906979704235973
2026-07-15T15:39:45+03:00,14.43,294.12,-31.00188685783615,14.59944,14.994305498573642,6.669228735322783,0.4345884876067294,5.96808,5.9292,-0.5958761069360561,,14.003088512997321,23.030891,58.302618,9.969630694081413,48.960629046815285,326.03367645175837,3.918506896008387,0.002875480514762743,2.89357345093836
2026-07-15T15:39:47+03:00,14.28,294.11,-33.99845612637036,15.007679999999999,19.996227050065727,6.795279450251563,0.9079662179438155,6.045839999999999,6.08472,-1.1229972784564135,,14.42134770344282,23.030922,58.302672,10.551590527148255,52.685149762323746,327.31107728774197,3.664955289214499,0.0033902628190716536,2.896963713757432
2026-07-15T15:39:49+03:00,14.13,294.12,-35.00113226784929,15.29928,17.996604345059158,7.568772473678174,0.09493910665317742,6.14304,6.10416,-0.7104676659622208,,13.561911010746586,23.03095,58.302719,10.855068968135788,53.94273768719252,324.05386665786665,3.6157534329925363,0.0029602336099703026,2.899923947367402
2026-07-15T15:39:51+03:00,14.13,294.14,-35.00113226784929,14.91048,18.999280486538098,6.531718864491385,-1.5099729732877714,5.90976,6.18192,-0.9453803619658584,,12.77122925346605,23.030978,58.302767,10.624812768566622,53.6063203572627,325.39296012927537,3.5064384581976866,0.003017649747153685,2.902941597114556
2026-07-15T15:39:53+03:00,14.13,294.14,-33.00150956284272,14.696639999999999,19.996227050065727,5.41445116398628,1.0026761414789407,5.7153599999999996,6.2208000000000006,-0.6875493541569879,,13.716609615431908,23.031009,58.302821,10.381138902239666,50.45097104930042,329.54525600076533,3.639188491934398,0.003390261628443942,2.9063318587429996
2026-07-15T15:39:55+03:00,14.28,294.14,-33.00150956284272,14.59944,19.996227050065727,6.852575229764645,-0.2800044744804333,5.598719999999999,5.9292,-0.865166270647543,,17.154356386216847,23.031036,58.302874,10.362859336435292,50.11485320188612,329.8813738481796,3.5901832994508163,0.003297859814459408,2.909629718557459
2026-07-15T15:39:57+03:00,14.28,294.13,-33.99845612637036,15.007679999999999,22.998525896551243,6.823927340008105,-0.19211274870736503,5.6376,6.0652800000000004,-1.1974817918234204,,18.79874525824231,23.031063,58.302923,10.803943133425644,50.96303843695037,332.03548745960086,3.550682239095519,0.0030662352696392537,2.9126959538270984
2026-07-15T15:39:59+03:00,14.28,294.13,-33.00150956284272,15.007679999999999,17.996604345059158,6.7150653589332485,0.31879371721079003,5.96808,6.47352,-1.065701498943331,,16.191787290397066,23.031097,58.302977,10.517439632702503,51.00445162350468,326.9921527215545,3.755474071029216,0.003418825264247011,2.9161147790913455
2026-07-15T15:40:01+03:00,14.28,294.13,-33.99845612637036,15.804720000000001,17.996604345059158,6.233780811023356,-0.3950543997427026,5.832,6.337439999999999,-1.32926208470351,,16.632964792647797,23.031127,58.303025,11.444153513624604,50.55468781434965,327.4419165307095,3.7053112112672606,0.003036758346943961,2.9191515374382897
2026-07-15T15:40:03+03:00,14.28,294.13,-33.00150956284272,16.31016,21.995849755072307,4.211239794211551,-1.065472315825279,5.94864,6.24024,-1.2146705256773451,,18.351838178040268,23.031158,58.303076,11.775792941051536,48.971873670004044,333.0239760850683,3.9048623921060823,0.003218040502678555,2.922369577940968
2026-07-15T15:40:05+03:00,14.43,294.14,-31.00188685783615,16.79616,18.999280486538098,1.6844959176846201,-1.4005380344177842,5.98752,6.2208000000000006,-1.4839606893888322,,20.443134130267776,23.03119,58.303131,12.064771883913112,45.81207940610739,333.1872010804307,4.173384932317421,0.003456950316307063,2.925826528257275
2026-07-15T15:40:07+03:00,14.43,294.14,-31.00188685783615,17.107200000000002,14.994305498573642,359.90916858937794,-1.6826624527402014,5.79312,6.10416,-1.793357898759477,,23.256356904360114,23.031216,58.303184,12.502894452368222,44.80888145373933,330.1854240448343,4.109995617817651,0.003289833268315239,2.9291163615255904
2026-07-15T15:40:09+03:00,14.58,294.13,-29.002264152829575,17.3016,12.99468279356707,357.12459370504206,-0.08422479588423101,6.08472,6.25968,-2.3319382261824506,,24.052768239591963,23.031236,58.303232,12.337801655740355,42.83651792667919,330.1581648668879,4.461904902401505,0.002953502701024732,2.932069864226615
2026-07-15T15:40:11+03:00,14.73,294.13,-29.002264152829575,17.3016,8.995437383553925,354.72963012139525,-1.8336941275366865,6.0264,5.96808,-1.5699043586584558,,21.216627153694382,23.03125,58.303286,12.380631016106827,42.65301255505611,326.3424248284978,4.43223940283153,0.0032757931428796295,2.9353456573694947
2026-07-15T15:40:13+03:00,14.73,294.13,-27.002641447823002,17.107200000000002,4.996191973540778,353.274317321763,0.3002298846485513,5.7153599999999996,6.0652800000000004,-1.3349916626548182,,17.595533888467582,23.031263,58.303341,12.291929287181103,39.19007295562551,325.80611901791525,4.429712527833511,0.0033313210581473337,2.938676978427642
2026-07-15T15:40:15+03:00,14.58,294.13,-27.99958801135063,16.893359999999998,0.9969465635276323,353.6295511547441,1.645362900277185,5.5404,6.14304,-0.6073352628386726,,12.691015162147734,23.031259,58.303394,12.280078844737899,40.22794402022396,320.76900254330366,4.229990898679691,0.003188212711737414,2.9418651911393794
2026-07-15T15:40:17+03:00,14.58,294.12,-27.99958801135063,16.60176,2.9965692685342056,357.0329204578212,2.109286826994613,5.69592,5.96808,-0.7276563998161455,,12.547775713365029,23.031267,58.303446,11.8774659168158,41.01041969600456,321.98614957252965,4.298085743253008,0.00313579617277004,2.945000987312149
2026-07-15T15:40:19+03:00,14.58,294.12,-27.99958801135063,16.19352,8.995437383553925,1.082890232797256,1.6119594608210581,5.7348,6.10416,-0.32658594322456924,,10.599719209920229,23.031281,58.3035,11.450970039492837,41.597960330307586,327.39747705324635,4.288608029114512,0.0032757927819287444,2.948276780094078
2026-07-15T15:40:21+03:00,14.43,294.12,-27.99958801135063,15.901919999999999,13.99735893504601,4.543555315387428,1.6374560827043796,5.7348,5.851439999999999,-0.7333859777674538,,15.30370270794429,23.031302,58.303553,11.167754710638459,41.94970411278172,332.0476548222643,4.265153821773285,0.003254012629286258,2.9515307927233643
2026-07-15T15:40:23+03:00,14.28,294.14,-29.002264152829575,15.396479999999999,18.999280486538098,5.425910319888896,-0.0910429936462878,5.754239999999999,6.1624799999999995,-1.3178029288008932,,16.85641833274882,23.031335,58.303606,10.732769044881683,44.06895300861575,334.93032747792233,4.134440360679905,0.00335185243775188,2.954882645161116
2026-07-15T15:40:25+03:00,14.28,294.13,-31.99883342136378,15.610319999999998,18.999280486538098,4.463341224069113,-0.5346269186365712,5.754239999999999,5.98752,-0.9568395178684748,,16.99965778153153,23.031365,58.303654,11.155209301789005,47.86204484795138,331.13723563858673,3.860623123596016,0.003036753091875333,2.9579193982529914
2026-07-15T15:40:27+03:00,14.28,294.13,-31.99883342136378,15.610319999999998,15.996981640052585,4.852952524758073,0.24723128859895024,5.7348,5.890319999999999,-0.6990085100596044,,16.352215473033695,23.03139,58.303707,11.168261250763859,47.78809060627677,328.20889103377584,3.853066209890106,0.0032820901379867476,2.9612014883909783
2026-07-15T15:40:29+03:00,14.28,294.14,-33.00150956284272,15.70752,17.996604345059158,4.090918657234078,-1.0532110190094792,5.87088,5.832,-1.4667719555349077,,19.57223828166892,23.031416,58.303756,11.247966672494844,49.517687328005906,328.4789170170533,3.811453252262675,0.0030575975088068873,2.9642590858997853
2026-07-15T15:40:31+03:00,14.28,294.13,-31.00188685783615,16.31016,17.996604345059158,2.853329819751499,-0.12330051751215315,5.98752,6.57072,-1.730332541295086,,20.689505982174023,23.031447,58.303807,11.595583303769864,46.42593414095461,331.57067020410454,4.127147760191418,0.0032180343489002098,2.9674771202486854
2026-07-15T15:40:33+03:00,14.28,294.14,-29.999210716357208,16.31016,13.99735893504601,0.6474423084978302,-1.822865225208714,5.90976,6.0264,-1.3235325067522015,,19.125331201466878,23.031474,58.303857,11.575594248753623,44.78832195145745,329.2090369835886,4.1942414216305695,0.0031240104317216,2.9706011306804068
2026-07-15T15:40:35+03:00,14.28,294.14,-31.00188685783615,16.60176,10.995060088560496,359.7716587185466,0.636155039933753,6.08472,6.4152,-1.4896902673401402,,17.801798694714677,23.031496,58.303913,11.809684001587975,46.39132136983159,324.6037387187289,4.196809219810969,0.003436991053503565,2.9740381217339102
2026-07-15T15:40:37+03:00,14.13,294.13,-29.999210716357208,17.107200000000002,8.995437383553925,0.20626480624709637,-0.0330596647790485,5.98752,6.35688,-0.9568395178684748,,16.942362002018445,23.03151,58.303968,12.291941598431404,44.09530377808224,324.9001336054717,4.300137085090044,0.003335359557976947,2.9773734812918873
2026-07-15T15:40:39+03:00,14.13,294.14,-29.002264152829575,17.009999999999998,11.997736230039438,0.6302535746439055,0.2288393433752508,5.890319999999999,6.24024,-0.9453803619658584,,16.60431690289126,23.031527,58.304023,12.197373270885347,42.54317127121902,329.4545649588204,4.339799776440194,0.003349235611011947,2.9807227169028994
2026-07-15T15:40:41+03:00,14.1,294.13,-29.999210716357208,16.893359999999998,11.997736230039438,1.2318592595312698,-0.3107723080789585,5.851439999999999,6.0264,-1.2490479933851946,,17.54396768690581,23.031547,58.304076,12.18234552616629,43.89489464672863,328.1028415833108,4.216623115656559,0.0032477211547916715,2.9839704380576912
2026-07-15T15:40:43+03:00,13.98,294.13,-29.999210716357208,17.009999999999998,11.997736230039438,0.9453803619658584,0.4840347453265195,5.81256,6.1624799999999995,-1.501149423242757,,19.7670439320134,23.031572,58.30413,12.323712027901013,43.63933193122264,328.3584042988168,4.206539712427327,0.003340461811338786,2.98731089986903
2026-07-15T15:40:45+03:00,13.98,294.13,-29.002264152829575,17.009999999999998,12.99468279356707,0.19480565034447989,-0.5538210047734536,5.79312,6.0264,-1.3922874421679003,,19.944660848503958,23.031597,58.304182,12.269163152257201,42.23625760973556,330.7584251838315,4.289106555304524,0.0032237773608638966,2.9905346772298937
2026-07-15T15:40:47+03:00,13.98,294.13,-29.999210716357208,17.107200000000002,12.99468279356707,358.52834030311266,-1.3013017443011259,5.79312,5.851439999999999,-1.3006141949469687,,19.53213123600976,23.031621,58.304235,12.432292409238341,43.47186425189611,329.522818541671,4.20413848531733,0.0032746337211754803,2.993809310951069
2026-07-15T15:40:49+03:00,13.98,294.13,-29.999210716357208,17.70984,8.995437383553925,356.8381148074767,0.5029996483453497,6.006959999999999,6.25968,-1.3922874421679003,,18.775826946437075,23.031634,58.304288,12.863163931799265,43.50178676486496,325.49365061868895,4.357165882436945,0.003212054862723691,2.9970213658137927
2026-07-15T15:40:51+03:00,13.98,294.13,-29.999210716357208,17.70984,6.995814678547352,356.9756246783081,-0.32091366105277414,5.832,6.24024,-1.1229972784564135,,18.300271976478495,23.031636,58.304346,12.990629991356823,42.97057964637406,324.02523503217327,4.267296556326623,0.0034868196753595564,3.0005081854891524
2026-07-15T15:40:53+03:00,13.98,294.13,-29.002264152829575,17.70984,6.995814678547352,356.4141260390799,-0.6163307002222265,5.57928,5.851439999999999,-1.5126085791453732,,20.397297506657306,23.03165,58.3044,13.1122638441902,40.90797019919319,326.08784447935415,4.216609950101702,0.003275791263925354,3.003783976753078
2026-07-15T15:40:55+03:00,13.83,294.14,-27.99958801135063,17.5932,7.9984908200262925,355.1536188897921,-0.5452266378464914,5.50152,5.832,-1.9537860813961072,,20.093629875237973,23.031667,58.304453,12.994880630689254,39.46363874080575,328.5348520792205,4.247328023277204,0.003230631151496734,3.0070146079045745
2026-07-15T15:40:57+03:00,13.68,294.14,-27.002641447823002,17.80704,8.995437383553925,347.74527459875054,-5.859352891905363,6.006959999999999,6.18192,-1.8964903018830246,,20.05925240753012,23.031685,58.30451,12.750043005114366,39.354172676312686,329.64126470724125,4.644827803334607,0.003472978064886283,3.010487585969461
2026-07-15T15:40:59+03:00,13.68,294.14,-24.997289164865123,18.50688,355.9958668486344,334.00574667151346,-9.725041839873514,5.832,6.1236,-1.4839606893888322,,15.04014212218411,23.03169,58.304561,13.448905757707774,35.55618292442642,320.439683924208,4.74459854035166,0.00306955768564659,3.0135571436551074
2026-07-15T15:41:01+03:00,13.53,294.14,-20.998043754851974,19.303919999999998,338.9962090671029,313.9063872183241,-10.483867143744776,5.09328,5.96808,-0.6818197762056798,,2.274642446669368,23.031659,58.304612,14.662900941872476,28.14825155516374,310.84795751193917,4.490897220779322,0.0032180275722112944,3.0167751712273185
2026-07-15T15:41:03+03:00,13.53,294.15,-12.002606371298052,18.50688,321.9965512855714,297.6802224602192,-7.018102736777941,4.393439999999999,5.1127199999999995,-0.21772396214971285,,-2.148591731740587,23.031609,58.304651,14.238831218120914,15.681551410759312,306.3149998748121,4.229911008754901,0.002826418254946574,3.019601589482265
2026-07-15T15:41:05+03:00,13.53,294.15,3.9992454100131463,17.80704,304.9968935040398,285.47049184598137,-2.9659733222742197,3.7908,4.7628,0.3552338329811104,,-7.752118968120038,23.031553,58.304674,14.027962332275186,5.079154862323236,310.076048366363,3.7759148198641723,0.0022447520835596605,3.0218463415658245
2026-07-15T15:41:07+03:00,13.53,294.14,13.00041237151838,17.107200000000002,285.99761301750175,280.72067172434686,-1.8261310846409597,4.23792,4.5684000000000005,0.7219268218648373,,-15.68758443068194,23.031482,58.304688,13.012873971792335,17.20180244835103,303.1994154658528,4.0483538508187715,0.002394939882954206,3.024241281448779
2026-07-15T15:41:09+03:00,13.61,294.15,20.00195662801704,16.09632,279.998744902482,280.52013649605107,1.0854685428753446,4.41288,4.704479999999999,0.8193296470370772,,-21.875528618094826,23.031409,58.304698,12.044576870719355,27.201235938559563,307.19998084104157,3.9248442127998806,0.0023824621594613635,3.02662374360824
2026-07-15T15:41:11+03:00,13.65,294.15,24.99814860155782,16.19352,281.99836760748855,282.99531417101616,0.553305342757836,4.87944,5.07384,0.7849521793292279,,-23.772018919977857,23.03131,58.304704,11.950417842247372,34.934034272987645,316.93240188047616,4.000222834656787,0.0031472216544630774,3.029770965262703
2026-07-15T15:41:13+03:00,13.68,294.15,26.997771306564392,16.50456,283.9979903124951,285.70540454198505,0.9746012095175304,4.93776,5.42376,0.8193296470370772,,-22.454215991176962,23.031223,58.304714,12.310684460993711,37.48868774534921,321.4866780578443,3.917981789863102,0.0028125013408702225,3.0325834666035734
2026-07-15T15:41:15+03:00,13.68,294.16,28.000447448043335,16.893359999999998,288.9999118639872,287.07477367234765,-0.12496209511803257,5.13216,5.3654399999999995,0.739115555718762,,-20.884311632518507,23.031131,58.30473,12.59457082666859,39.0295582244469,328.0294700884341,3.9867706846899975,0.0030604567588708356,3.035643923362444
2026-07-15T15:41:17+03:00,13.68,294.15,26.997771306564392,16.79616,288.9999118639872,287.40135961557223,0.7450743167881225,5.50152,5.67648,0.6589014644004466,,-20.047793251627503,23.031044,58.304747,12.15354207383255,38.856031989273305,327.85594385326056,4.284170115270084,0.0029313813134421818,3.0385753046758865
2026-07-15T15:41:19+03:00,13.65,294.15,26.00082474303676,17.009999999999998,289.9968584275149,287.5847061100141,-0.191425199353208,5.48208,5.851439999999999,0.6589014644004466,,-19.108142467612954,23.030948,58.304763,12.319458727789302,37.25011084905694,327.2469692765718,4.36374023825273,0.0031806253961489893,3.0417559300720356
2026-07-15T15:41:21+03:00,13.53,294.15,26.00082474303676,17.3016,289.9968584275149,286.66224405985344,-0.6749442826641098,5.65704,5.90976,0.6073352628386726,,-18.059629702523548,23.03085,58.30478,12.4662844886967,37.47539981596768,327.47225824348254,4.489509771206193,0.003259227364515215,3.0450151574365507
2026-07-15T15:41:23+03:00,13.53,294.15,26.00082474303676,17.3016,288.9999118639872,285.54497635934837,0.08852197934771219,5.851439999999999,5.98752,0.6474423084978302,,-18.071088858426165,23.030748,58.304798,12.31257391146586,38.02580274247475,327.025714606462,4.6093748137986585,0.003398069322751257,3.048413226759302
2026-07-15T15:41:25+03:00,13.53,294.16,26.00082474303676,17.398799999999998,290.9995345689938,286.5705708126325,0.7322400621771921,5.90976,6.006959999999999,0.6187944187412892,,-19.15397909122342,23.030647,58.304813,12.361710365320532,38.09845825313846,329.09799282213226,4.650695236675912,0.0033146229970016563,3.0517278497563036
2026-07-15T15:41:27+03:00,13.53,294.17,24.99814860155782,17.398799999999998,288.9999118639872,288.4326836468077,-0.15246406928431205,5.7153599999999996,5.96808,0.5958761069360561,,-18.8617706157067,23.030552,58.304825,12.455265461243071,36.179427688007735,325.179339551995,4.613280389645588,0.0030856449575608963,3.0548134947138643
2026-07-15T15:41:29+03:00,13.53,294.17,24.99814860155782,17.3016,291.99648113252147,287.6477314674785,-0.6496768438988405,5.754239999999999,5.98752,0.5844169510334397,,-17.572615576662347,23.030463,58.304842,12.328598457836463,36.373688434468534,328.37016956699,4.633119694770246,0.0029906549850728945,3.057804149698937
2026-07-15T15:41:31+03:00,13.42,294.17,24.001202038030186,17.107200000000002,288.9999118639872,286.7711060409283,0.5121096772879298,5.598719999999999,6.006959999999999,0.6130648407899808,,-16.810581709138354,23.030359,58.304859,12.206871259635637,34.753289784395434,323.7532016483826,4.599987902863886,0.0034396638240171452,3.0612438135229545
2026-07-15T15:41:33+03:00,13.38,294.17,24.99814860155782,17.2044,289.9968584275149,286.7539173070744,-1.8140416751636996,5.832,6.14304,0.49847328176381617,,-14.180705429487874,23.030261,58.304876,12.170873288984223,36.68103650247758,326.6778949299925,4.677108866400503,0.003259219390208585,3.064503032913163
2026-07-15T15:41:35+03:00,13.38,294.15,26.00082474303676,17.398799999999998,291.99648113252147,282.81196767657434,-1.6937778339657397,5.98752,6.27912,0.492743703812508,,-14.10049133816956,23.030175,58.304897,12.300610579503354,38.32194348342844,330.3184246159499,4.697442631570409,0.002994922634803239,3.0674979555479664
2026-07-15T15:41:37+03:00,13.27,294.17,24.99814860155782,17.496,288.9999118639872,282.3650605963723,-0.1449010263885852,5.851439999999999,6.43464,0.48701412586119974,,-15.275054818187748,23.030082,58.304913,12.440932375806671,36.4625784787284,325.4624903427156,4.7059924453376425,0.0030904391581444814,3.070588394706111
2026-07-15T15:41:39+03:00,13.35,294.17,26.00082474303676,17.496,286.9945595810294,280.1419843512647,-2.047923047136101,6.1624799999999995,6.55128,0.5099324376664327,,-15.704773164535865,23.029977,58.30493,12.258622890336904,38.732071753691315,325.72663133472076,4.807229251460762,0.003469825007428365,3.0740582197135393
2026-07-15T15:41:41+03:00,13.38,294.17,26.997771306564392,17.496,283.9979903124951,279.3799504837407,0.42828595186029034,6.18192,6.24024,0.5844169510334397,,-16.363674628936312,23.029862,58.304947,12.311856449442436,40.17337329707857,324.1713636095737,4.723579760678175,0.003772770280302495,3.0778309899938416
2026-07-15T15:41:43+03:00,13.53,294.17,28.000447448043335,17.70984,284.9949368760228,280.0560406819951,0.12857172922735674,6.045839999999999,6.337439999999999,0.418259190445501,,-13.441589873769113,23.029749,58.304963,12.693127459079193,40.92197909684177,325.91691597286456,4.568250307161997,0.003695913339873075,3.0815269033337147
2026-07-15T15:41:45+03:00,13.57,294.17,28.997394011570965,17.80704,283.9979903124951,279.0934715861753,-1.044731243641543,5.98752,6.35688,0.16615776058793874,,-15.991252062101276,23.029645,58.30498,12.900870003095077,41.99969492615318,325.9976852386483,4.4496158378038775,0.0034396530982366614,3.0849665564319513
2026-07-15T15:41:47+03:00,13.53,294.17,28.000447448043335,18.00144,282.99531417101616,279.0189870728083,0.21468728583551944,6.24024,6.4152,0.03437746770784939,,-17.91639025374084,23.029544,58.304995,12.830604696184697,41.19943151858206,324.1947456895982,4.695290393525689,0.0033146072077678184,3.088281163639719
2026-07-15T15:41:49+03:00,13.61,294.16,26.997771306564392,17.90424,279.998744902482,279.91280123321235,0.04480529957923038,6.14304,6.492959999999999,0.02864788975654116,,-19.176897403028654,23.029446,58.305005,12.7396057509468,39.64206222400361,319.6408071264856,4.730417769697689,0.003152712179923627,3.0914338758196425
2026-07-15T15:41:51+03:00,13.68,294.16,28.000447448043335,18.09864,281.99836760748855,280.09041814970294,0.6052726147762016,5.96808,6.55128,-0.12605071492878112,,-20.43167497436515,23.029359,58.305017,13.131561450186505,40.32038044362497,322.3187480511135,4.550292259473774,0.002840599263025708,3.0942744750826683
2026-07-15T15:41:53+03:00,13.83,294.17,28.000447448043335,18.29304,282.99531417101616,282.0900408547095,1.2114046662450995,6.08472,6.39576,0.022918311805232933,,-20.500429909780856,23.029256,58.305026,13.232597562252026,40.46757117478069,323.46288534579685,4.629093272970061,0.0032974605533869264,3.097571935636055
2026-07-15T15:41:55+03:00,13.83,294.16,28.000447448043335,18.29304,286.9945595810294,282.54267751286284,-0.8904910051923254,6.1624799999999995,6.5124,0.4469070802020421,,-20.61502146880702,23.029147,58.305039,13.1735364913904,40.687070918121805,327.6816304991512,4.672894369771892,0.0035298402104885405,3.101101775846544
2026-07-15T15:41:57+03:00,13.83,294.16,28.000447448043335,18.29304,282.99531417101616,282.14160705627125,-0.49853057754332936,6.25968,6.43464,0.3609634109324186,,-21.58332014257811,23.029044,58.305054,13.099984794221704,40.96422352904585,323.959537700062,4.726803850374923,0.0033754250337249604,3.1044772008802686
2026-07-15T15:41:59+03:00,13.98,294.17,26.997771306564392,18.29304,283.9979903124951,284.1927959628396,1.6484568723708917,6.1236,6.68736,-0.26356058576017866,,-24.50540489774531,23.028945,58.30507,13.134308152580278,39.21669099741257,323.2146813099077,4.744322403086757,0.0032710320897485962,3.107748232970017
2026-07-15T15:42:01+03:00,14.13,294.17,22.998525896551243,18.50688,287.9972357225083,287.7852413383099,1.9046263025738825,6.25968,6.55128,-0.11459155902616464,,-20.05925240753012,23.028839,58.305085,12.977293652605582,33.86146376837826,321.8586994908866,5.197958322340785,0.003466813388177812,3.1112150463581947
2026-07-15T15:42:03+03:00,14.13,294.17,24.99814860155782,18.798479999999998,294.99877997900694,289.52130345755626,-0.436364656771635,6.24024,6.55128,0.02864788975654116,,-16.82204086504097,23.028733,58.30511,13.404764003328228,36.34367886649832,331.34245884550523,5.026368126824833,0.0036693265631744854,3.1148843729213693
2026-07-15T15:42:05+03:00,14.13,294.18,24.99814860155782,18.29304,292.99915727400037,286.1752299339923,-2.465666575565985,6.14304,7.056719999999999,0.09167324722093173,,-19.497753768301912,23.028633,58.305134,12.987560687830642,36.52821360554279,329.5273708795431,4.9363249366780595,0.0034719193427339393,3.118356292264103
2026-07-15T15:42:07+03:00,14.13,294.17,24.99814860155782,17.70984,289.9968584275149,285.2126608381725,-0.010427831871380985,6.1236,6.62904,-0.1776169164905552,,-20.666587670368795,23.028538,58.305155,12.432194386471654,37.01212975077459,327.0089881782895,4.8897441120645215,0.0032548550877338597,3.121611147351837
2026-07-15T15:42:09+03:00,14.13,294.18,26.00082474303676,17.3016,287.9972357225083,286.467438409509,1.4042049643066215,6.4152,6.454079999999999,-0.1432394487827058,,-22.419838523469114,23.028436,58.305172,11.873561217522726,39.701864557334886,327.6991002798432,4.93571866883399,0.0033793790318272293,3.124990526383664
2026-07-15T15:42:11+03:00,14.13,294.17,26.00082474303676,17.2044,291.99648113252147,288.1462047492423,-0.07391155557187619,6.27912,6.6095999999999995,0.08594366926962349,,-20.007686205968348,23.02833,58.305193,11.883995943727273,39.3937629154687,331.39024404799017,4.852520664816906,0.003577586206972209,3.1285681125906364
2026-07-15T15:42:13+03:00,14.13,294.17,26.997771306564392,17.3016,291.99648113252147,287.4357370832801,-2.002888564438819,6.2208000000000006,6.55128,0.0,,-16.678801416258267,23.028232,58.305215,12.09306487139798,40.50214964155913,332.4986307740806,4.730181850208448,0.003365538836436751,3.1319336514270733
2026-07-15T15:42:15+03:00,14.13,294.17,26.997771306564392,17.009999999999998,291.99648113252147,284.96628898626625,-0.4686794764170134,6.08472,6.7068,0.395340878640268,,-14.793770270277856,23.028127,58.305236,11.913017005972682,40.40458176233227,332.40106289485374,4.633431996347258,0.0035480506106370558,3.13548170203771
2026-07-15T15:42:17+03:00,14.13,294.17,26.997771306564392,17.107200000000002,287.9972357225083,283.5224353425366,0.5203029737583006,6.37632,6.47352,0.09740282517223994,,-14.610423775835992,23.028026,58.305256,11.786694352672654,41.21384023049069,329.211075952999,4.796623546475319,0.003408626754279993,3.13889032879199
2026-07-15T15:42:19+03:00,14.28,294.17,26.997771306564392,17.009999999999998,289.9968584275149,282.6400803380351,-1.753938402454476,6.201359999999999,6.76512,0.19480565034447989,,-14.639071665592533,23.027926,58.305274,11.824438925851181,40.77092545644612,330.767783883961,4.696454476008901,0.0033382155461357827,3.142228544338126
2026-07-15T15:42:21+03:00,14.28,294.16,28.997394011570965,17.107200000000002,287.9972357225083,279.0762828523214,-0.17967956455302617,6.045839999999999,6.318,-0.05729577951308232,,-18.31173113238111,23.027827,58.305289,12.177217985591746,42.92420801718106,330.9214437396894,4.427097913224291,0.003253848272456567,3.1454823926105826
2026-07-15T15:42:23+03:00,14.21,294.18,28.997394011570965,16.79616,280.99569146600965,279.88415334345586,0.5920372897086796,6.39576,6.68736,0.05729577951308232,,-20.57491442314786,23.027716,58.3053,11.62331020836628,44.46812048397581,325.4638119499855,4.564272254031226,0.0035672104921261644,3.149049603102709
2026-07-15T15:42:25+03:00,14.28,294.18,28.997394011570965,16.79616,281.99836760748855,282.1587957901252,1.8370172827484454,6.14304,6.5124,0.17188733853924698,,-19.21700444868781,23.02761,58.305311,11.80498890715119,43.6088523466037,325.6072199540922,4.4479621299102154,0.0034121701497910584,3.1524617732525
2026-07-15T15:42:27+03:00,14.28,294.18,30.0000701530499,16.893359999999998,285.99761301750175,282.6515394939377,-0.7959529689957396,6.006959999999999,6.47352,0.1604281826366305,,-18.56956214018998,23.027499,58.305326,12.070820481600878,44.40788863274656,330.4055016502483,4.291230107633298,0.003619491612262862,3.156081264864763
2026-07-15T15:42:29+03:00,14.28,294.18,30.0000701530499,16.79616,286.9945595810294,281.23633373996455,-0.30338115252177095,6.492959999999999,6.8623199999999995,0.02864788975654116,,-17.492401485344033,23.027389,58.30534,11.635194193817592,46.201973599601274,333.1965331806307,4.493896514065906,0.0035742873136645585,3.1596555521784273
2026-07-15T15:42:31+03:00,14.28,294.18,30.0000701530499,16.69896,286.9945595810294,280.8238041274704,-1.2975775186327754,7.095599999999999,6.72624,0.11459155902616464,,-20.082170719335352,23.027267,58.305356,11.134349459993436,48.58054215453083,335.5751017355602,4.6942117363902796,0.003970993754848116,3.1636265459332753
2026-07-15T15:42:33+03:00,14.28,294.18,31.002746294528848,16.50456,282.99531417101616,280.30814211185265,0.8134854775267428,6.2208000000000006,6.59016,-0.022918311805232933,,-20.070711563432738,23.027156,58.305373,11.622844026367769,47.00538450458916,330.00069867560535,4.242147819785552,0.0036512895778566487,3.1672778355111317
2026-07-15T15:42:35+03:00,14.25,294.18,30.0000701530499,16.19352,282.99531417101616,282.47965215539847,0.9288218816865775,6.53184,6.5124,-0.02864788975654116,,-21.06192854900906,23.027037,58.305388,11.031323987976007,47.22114337780795,330.2164575488241,4.436233011730391,0.0038646750544345534,3.1711425105655664
2026-07-15T15:42:37+03:00,14.13,294.18,30.0000701530499,16.31016,284.9949368760228,284.5594889517234,0.1707414229489853,6.6095999999999995,6.68736,0.022918311805232933,,-19.76131435406209,23.02693,58.305402,11.089945574970336,47.337605637545636,332.33254251356846,4.479175012094756,0.0034822756977351166,3.1746247862633017
2026-07-15T15:42:39+03:00,14.02,294.18,28.997394011570965,16.50456,287.9972357225083,284.56521852967467,0.5649936817785048,6.55128,6.6095999999999995,0.08594366926962349,,-21.663534233896424,23.026817,58.305422,11.232842561294156,45.42060875623079,333.4178444787391,4.598323112991121,0.003765595495305348,3.178390381758607
2026-07-15T15:42:41+03:00,13.98,294.18,28.000447448043335,16.407359999999997,286.9945595810294,285.1610946366107,0.10679933301238545,6.454079999999999,6.57072,0.02864788975654116,,-19.68110026274378,23.02671,58.305439,11.129193653517197,43.79933419276915,330.7938937737986,4.658350163263795,0.003530187575229536,3.181920569333837
2026-07-15T15:42:43+03:00,13.98,294.18,28.997394011570965,16.407359999999997,288.9999118639872,284.9491002524123,0.04176862326503702,6.47352,6.37632,0.02864788975654116,,-15.750609788146331,23.026596,58.305458,11.19422265479577,45.27777936276067,334.2776912267479,4.555223854260459,0.0037769253918741017,3.185697494725711
2026-07-15T15:42:45+03:00,13.98,294.18,28.997394011570965,16.69896,291.99648113252147,282.8635338781361,-2.0963379808246563,6.39576,6.6679200000000005,0.17188733853924698,,-13.361375782450798,23.02649,58.305479,11.52966122205772,44.59696639438047,336.59344752690197,4.554185469373054,0.003577560886755894,3.189275055612467
2026-07-15T15:42:47+03:00,13.91,294.18,30.0000701530499,16.50456,287.9972357225083,281.5514605272865,0.026184171237478623,6.2208000000000006,6.88176,-0.12605071492878112,,-17.39499866017179,23.026389,58.305502,11.5441157682836,45.6308105412254,333.6280462637337,4.350075020817248,0.0034763004303269896,3.192751356042794
2026-07-15T15:42:49+03:00,13.98,294.18,30.0000701530499,16.19352,285.99761301750175,282.37651975227493,0.7145929620871628,6.25968,6.318,-0.040107045659157625,,-17.738773337250286,23.026271,58.30552,11.217945755046877,46.200812345815336,332.1984253633171,4.33253072564976,0.003880326137360936,3.1966316821801546
2026-07-15T15:42:51+03:00,13.98,294.18,30.0000701530499,15.99912,286.9945595810294,281.00142104396093,-1.2429173449772948,6.5124,6.318,-0.10886198107485642,,-19.53213123600976,23.026165,58.305536,10.858928375838442,47.44953378692915,334.44409336795854,4.403941081130199,0.003482888277857869,3.2001145704580125
2026-07-15T15:42:53+03:00,13.98,294.17,31.002746294528848,15.901919999999999,283.9979903124951,282.0384746531478,-0.30206334959297,6.24024,6.72624,-0.5213915935690492,,-20.930148256128973,23.026056,58.305546,11.031774605913169,47.942139608011985,331.9401299205071,4.180216545744718,0.0034943008757655405,3.203608871333778
2026-07-15T15:42:55+03:00,13.98,294.17,30.0000701530499,16.09632,285.99761301750175,284.0896635597161,0.5698638230371168,6.454079999999999,6.804,-0.1546986046853223,,-20.82701585300542,23.025948,58.305561,10.9913302328022,47.0736343144421,333.0712473319438,4.395602104698732,0.0035277946205245023,3.2071366659543026
2026-07-15T15:42:57+03:00,13.98,294.17,30.0000701530499,15.99912,287.9972357225083,284.0380973581543,-0.5750777389728073,6.47352,6.7068,-0.2807493196141034,,-20.299894681485068,23.02584,58.305578,10.885258244325117,47.29877219813713,335.2960079206455,4.390182134088531,0.0035604146339630652,3.2106970805882655
2026-07-15T15:42:59+03:00,13.98,294.18,30.0000701530499,15.901919999999999,288.9999118639872,285.80853694510853,1.1157780102377652,6.55128,6.82344,-0.13750987083139757,,-18.712801588972685,23.025736,58.305594,10.740064632050872,47.75782644818585,336.75773831217305,4.40420076547086,0.003422223222470913,3.2141193038107363
2026-07-15T15:43:01+03:00,13.98,294.18,28.000447448043335,16.19352,291.99648113252147,286.8971567558571,-0.44329744609271793,6.92064,6.8623199999999995,0.44117750225073393,,-15.131815369405041,23.025624,58.305616,10.59354237059082,45.861211906752146,337.8576930392736,4.819525350971059,0.0037760650169870935,3.2178953688277234
2026-07-15T15:43:03+03:00,13.98,294.18,30.0000701530499,16.19352,291.99648113252147,283.6542156354167,-1.110277615404509,6.55128,6.648479999999999,0.045836623610465865,,-16.226164758104915,23.025517,58.305637,11.018130152513724,47.2953419697171,339.2918231022386,4.443205287057254,0.0036071130165077456,3.2215024818442313
2026-07-15T15:43:05+03:00,13.98,294.17,30.0000701530499,16.31016,286.9945595810294,284.35322414547625,1.5594765267870747,6.53184,6.6095999999999995,-0.2807493196141034,,-18.030981812767006,23.025409,58.305657,11.14278847213281,47.04357902786552,334.03813860889494,4.451069440714133,0.0036162878030571366,3.2251187696472883
2026-07-15T15:43:07+03:00,13.98,294.17,28.000447448043335,16.19352,289.9968584275149,286.85704971019794,-1.1793190297177736,6.37632,6.78456,0.06302535746439056,,-16.86214791070013,23.025313,58.305674,10.97955740892558,43.82229522369755,333.81915365121245,4.60045649335482,0.003199239249039331,3.2283180088963275
2026-07-15T15:43:09+03:00,13.98,294.18,28.997394011570965,16.31016,290.9995345689938,285.12671716890287,0.15475590046483534,6.37632,6.804,0.005729577951308233,,-17.200193009827313,23.025212,58.305691,11.169395270537796,45.063283429260395,336.0628179982542,4.503756440559908,0.0033492460709342612,3.231667254967262
2026-07-15T15:43:11+03:00,13.98,294.17,28.000447448043335,16.50456,287.9972357225083,286.6450553259996,-0.24448109118232225,6.454079999999999,6.337439999999999,-0.3380450991271857,,-16.85641833274882,23.025101,58.305709,11.22275295826117,43.664227702831255,331.66146342533955,4.668870845450608,0.0036685331331219773,3.2353357881003837
2026-07-15T15:43:13+03:00,13.98,294.18,26.997771306564392,16.50456,293.99610383752804,286.318469382775,0.507411423367857,6.18192,6.59016,0.05729577951308232,,-15.842283035367263,23.025001,58.305731,11.348765280228138,41.31436531495177,335.3104691524798,4.643231660852969,0.003423667116573,3.2387594552169565
2026-07-15T15:43:15+03:00,13.98,294.17,26.997771306564392,16.60176,292.99915727400037,286.24971444735934,-1.702429496672215,6.337439999999999,6.318,-0.045836623610465865,,-12.21546019218915,23.024902,58.305755,11.326408777659594,41.71216254399971,334.7113198180001,4.730879648134154,0.0034431692755293093,3.242202624492486
2026-07-15T15:43:17+03:00,13.98,294.16,28.997394011570965,16.69896,292.99915727400037,284.2844692100606,0.12971764481761838,6.39576,6.43464,0.0,,-13.475967341476961,23.024796,58.305779,11.52966122205772,44.59696639438047,337.59612366838087,4.554185469373054,0.003645065072771829,3.2458476895652577
2026-07-15T15:43:19+03:00,13.83,294.16,28.997394011570965,16.60176,288.9999118639872,284.18133680693705,-0.7311514423664436,6.24024,6.43464,0.22345354010102106,,-13.670772991821442,23.024691,58.305799,11.547080395171536,44.184851553777776,333.184763417765,4.474844317818138,0.0035270642809976426,3.249374753846255
2026-07-15T15:43:21+03:00,13.83,294.16,28.997394011570965,16.31016,292.99915727400037,282.26192819324876,-0.4273692193880811,5.87088,6.337439999999999,0.21772396214971285,,-16.747556351673964,23.0246,58.305818,11.531952223715233,43.28531820664054,336.28447548064094,4.273698123655325,0.0030923669889822794,3.2524671208352376
2026-07-15T15:43:23+03:00,13.83,294.16,28.997394011570965,16.09632,292.99915727400037,283.3906550496565,0.5676865834156197,5.6376,6.318,-0.12032113697747288,,-19.818610133575177,23.02451,58.305839,11.495042179804232,42.751135320478625,335.750292594479,4.139740749891811,0.0031098636724343426,3.255576984507672
2026-07-15T15:43:25+03:00,13.83,294.15,26.997771306564392,15.99912,287.9972357225083,284.4620861265511,-0.32738808413775244,6.337439999999999,6.47352,-0.10886198107485642,,-21.491646895357178,23.024405,58.305856,10.744623371772496,42.52844285098442,330.52567857349277,4.670324875380159,0.0034697420667486097,3.2590467265744203
2026-07-15T15:43:27+03:00,13.68,294.15,26.997771306564392,15.804720000000001,287.9972357225083,285.8429144128164,0.7696542061992349,6.24024,6.39576,0.011459155902616466,,-19.1367903573695,23.024297,58.30587,10.628960965393647,42.45485383643859,330.4520895589469,4.604107971400072,0.0035128843093395934,3.26255961088376
2026-07-15T15:43:29+03:00,13.68,294.15,28.997394011570965,16.09632,289.9968584275149,286.7080806834639,0.05116513110518251,6.37632,6.5124,-0.09167324722093173,,-18.17422126154971,23.024193,58.305887,10.964066698032372,45.372539371922755,335.36939779943765,4.479328015157222,0.003439572700565019,3.265999183584325
2026-07-15T15:43:31+03:00,13.53,294.15,28.997394011570965,16.19352,290.9995345689938,286.0377200631609,-0.4507458974294187,6.492959999999999,6.53184,0.18334649444186346,,-15.962604172344736,23.024088,58.305907,10.9755258581226,45.66283394363265,336.6623685126265,4.53779590400057,0.003527054764850352,3.2695262383491754
2026-07-15T15:43:33+03:00,13.53,294.15,30.0000701530499,16.31016,289.9968584275149,286.65651448190215,0.8536498189654136,6.318,6.5124,0.38961130068895977,,-15.979792906198659,23.023968,58.305932,11.28959283568934,46.24928285419719,336.2461412817121,4.369036610341511,0.004076616985549259,3.2736028553347247
2026-07-15T15:43:35+03:00,13.42,294.14,28.000447448043335,15.901919999999999,292.99915727400037,285.1381763248055,-1.2226346390296636,6.1236,6.6095999999999995,0.418259190445501,,-14.123409649974791,23.023869,58.305951,10.881759045640822,43.319528590298006,336.31868586429835,4.455157589519306,0.003328441587642382,3.276931296922367
2026-07-15T15:43:37+03:00,13.38,294.15,28.000447448043335,15.99912,285.99761301750175,283.98080157864126,-0.12118057367016913,6.27912,6.43464,0.4068000345428845,,-14.346863190075815,23.02377,58.305968,10.862660751914639,43.746863649879,329.74447666738075,4.536047679268798,0.0032891308806003786,3.280220427802967
2026-07-15T15:43:39+03:00,13.38,294.15,28.997394011570965,15.804720000000001,284.9949368760228,283.51670576458525,-0.4346457833862425,6.27912,6.55128,0.4640958140559668,,-15.366728065408678,23.02366,58.305985,10.752585392700922,45.44198755455463,330.4369244305774,4.405625727045555,0.0036209244701248746,3.2838413522730923
2026-07-15T15:43:41+03:00,13.38,294.14,28.997394011570965,15.901919999999999,285.99761301750175,284.4334382367946,1.471298322116441,6.39576,6.37632,0.40107045659157625,,-15.618829495266242,23.023559,58.305999,10.76411464302576,45.73791042785351,331.7355234453553,4.463866878399634,0.0032986767126346427,3.287140028985727
2026-07-15T15:43:43+03:00,13.42,294.15,28.997394011570965,15.99912,287.9972357225083,286.25544402531057,-0.8326222678841123,6.201359999999999,6.59016,0.38961130068895977,,-14.45572517115067,23.02345,58.306017,10.994146798928565,44.8664248502665,332.86366057277485,4.39523470333447,0.00360820229738988,3.290748231283117
2026-07-15T15:43:45+03:00,13.42,294.15,28.997394011570965,16.19352,285.99761301750175,285.45903269007874,0.2028843552558245,6.1236,6.47352,0.40107045659157625,,-13.940063155532929,23.023348,58.30604,11.236769875861345,44.31566351778466,330.3132765352864,4.3814466646175365,0.003505253241721076,3.294253484524838
2026-07-15T15:43:46+03:00,13.53,294.14,28.000447448043335,15.804720000000001,287.9972357225083,286.318469382775,0.7155669903388852,6.08472,6.47352,0.09740282517223994,,-13.756716661091067,23.02325,58.306058,10.816299372021295,43.31426014039738,331.3114958629057,4.427254710726179,0.0032784636829467787,3.2975319482077845
2026-07-15T15:43:48+03:00,13.38,294.13,26.00082474303676,15.396479999999999,283.9979903124951,285.6194608727154,0.22162007515660243,5.9292,6.648479999999999,0.395340878640268,,-13.70515045952929,23.023144,58.306073,10.397523007952266,40.47768904648771,324.4756793589828,4.510098173275126,0.003466723122568848,3.3009986713303534
2026-07-15T15:43:50+03:00,13.38,294.14,24.99814860155782,15.007679999999999,289.9968584275149,285.06942138938973,-0.3688129327257109,6.2208000000000006,6.62904,0.10313240312354818,,-10.381995247770517,23.023048,58.306094,9.731437630235774,40.67069103607207,330.66754946358697,4.718276552783403,0.0032839124685711514,3.3042825837989245
2026-07-15T15:43:52+03:00,13.38,294.14,26.997771306564392,14.502239999999999,290.9995345689938,284.8001312256783,-0.22580266706105745,6.201359999999999,6.37632,0.13178029288008933,,-9.516828977122973,23.022946,58.306118,9.407751393383295,44.4095289776036,335.4090635465974,4.429980629957888,0.0035293856260848206,3.307811969425009
2026-07-15T15:43:54+03:00,13.23,294.14,28.997394011570965,15.007679999999999,290.9995345689938,286.85704971019794,-0.09287645859070644,6.045839999999999,6.6679200000000005,0.1432394487827058,,-11.820119313548883,23.022848,58.30614,10.151999501867657,45.77729305954446,336.7768276285383,4.216666075245978,0.003365464428055198,3.3111774338530644
2026-07-15T15:43:56+03:00,13.38,294.13,26.997771306564392,15.10488,287.9972357225083,285.6080017168128,-1.5135253116175826,6.201359999999999,6.337439999999999,-0.045836623610465865,,-10.765876970508168,23.022752,58.306157,9.984406443984897,43.374633069926716,331.37186879243507,4.507637105475642,0.003199200027588155,3.3143766338806526
2026-07-15T15:43:58+03:00,13.38,294.14,28.997394011570965,14.696639999999999,290.9995345689938,285.26422703973424,0.8661975946787785,6.14304,6.37632,0.3781521447863433,,-9.648609270003062,23.022657,58.306178,9.787710184364743,46.71074717683433,337.7102817458281,4.212170908298828,0.0032547751278359863,3.3176314090084884
2026-07-15T15:44:00+03:00,13.38,294.14,28.997394011570965,14.40504,289.9968584275149,285.72832285379025,-0.5375490033917384,6.201359999999999,6.10416,0.34377467707849396,,-8.468316212033567,23.022553,58.306195,9.47085421569099,47.50432307854035,337.5011815060552,4.189233102419727,0.0034395453991301708,3.3210709544076185
2026-07-15T15:44:02+03:00,13.35,294.14,26.997771306564392,14.502239999999999,289.9968584275149,285.02358476577933,1.4678032795661429,5.773680000000001,6.25968,0.14896902673401402,,-9.614231802295214,23.022456,58.306212,9.717876920074254,42.644703682965286,332.6415621104802,4.246938560776576,0.003229136524019451,3.324300090931638
2026-07-15T15:44:04+03:00,13.31,294.15,26.997771306564392,14.91048,291.99648113252147,285.02358476577933,-1.7640797554282917,5.832,6.29856,0.10313240312354818,,-7.723471078363497,23.022365,58.306229,10.068337486869744,42.242954903376955,334.2394360358984,4.317434243452382,0.0030499852035318414,3.3273500761351698
2026-07-15T15:44:06+03:00,13.38,294.14,28.997394011570965,15.20208,288.9999118639872,284.2901987880119,0.8980540480880523,5.65704,6.201359999999999,0.18334649444186346,,-8.94960075994346,23.022267,58.30625,10.614570137459083,43.970066184873474,332.9699780488607,4.071386520719342,0.003342294821290131,3.3306923709564598
2026-07-15T15:44:08+03:00,13.38,294.14,26.997771306564392,15.29928,287.9972357225083,285.79707778920596,0.7028473272869808,5.6181600000000005,6.006959999999999,0.11459155902616464,,-10.158541707669496,23.022171,58.306267,10.604614857477651,40.91374976879516,328.91098549130345,4.245622857008789,0.0031991910952012823,3.333891562051661
2026-07-15T15:44:10+03:00,13.38,294.15,26.997771306564392,15.10488,288.9999118639872,285.3043340853934,-0.6053299105557147,5.890319999999999,5.98752,0.3323155211758775,,-9.705905049516145,23.022076,58.306283,10.212729043009166,42.176134904794026,331.17604676878125,4.365223792317795,0.00315041473213938,3.3370419767838007
2026-07-15T15:44:12+03:00,13.38,294.14,28.997394011570965,15.10488,291.99648113252147,284.6855396666521,-0.560925681433076,5.38488,6.08472,0.41252961249419273,,-8.863657090673835,23.021979,58.306297,10.717796839324114,43.09414866840376,335.0906298009252,3.9322119729734237,0.003176676504118762,3.3402186532879194
2026-07-15T15:44:14+03:00,13.38,294.14,30.0000701530499,14.696639999999999,290.9995345689938,283.98080157864126,1.0101245928156413,5.832,5.79312,0.07448451336700701,,-7.918276728707976,23.021901,58.306317,10.077107130382403,46.820275300855,337.81980986984877,3.990774045157141,0.0027408842268301994,3.3429595375147496
2026-07-15T15:44:16+03:00,13.35,294.14,30.0000701530499,13.9968,289.9968584275149,282.9781254371623,-0.3956273575378334,5.57928,5.7153599999999996,0.38961130068895977,,-8.645933128524124,23.021808,58.306337,9.58015890619747,46.929279698026505,336.9261381255414,3.810093390328808,0.003173386805629163,3.346132924320379
2026-07-15T15:44:18+03:00,13.23,294.13,30.0000701530499,13.5108,287.9972357225083,284.27301005415796,0.7228435543370466,5.754239999999999,5.754239999999999,0.47555496995858326,,-12.232648926043076,23.02171,58.30635,8.999770197792786,48.64417849473918,336.64141421724753,3.802017915196575,0.003191889619352965,3.349324813939732
2026-07-15T15:44:20+03:00,13.27,294.12,26.997771306564392,14.30784,284.9949368760228,284.7714833359218,1.379395891777457,5.90976,5.9292,0.12605071492878112,,-10.015302258886791,23.021619,58.306362,9.431693612145208,43.52327019693624,328.51820707295906,4.285135901283498,0.0029628483819990957,3.352287662321731
2026-07-15T15:44:22+03:00,13.23,294.13,28.000447448043335,14.696639999999999,288.9999118639872,285.31006366334475,-3.111848376914527,5.96808,5.9292,0.20053522829578813,,-7.110406237573517,23.021516,58.306381,9.834729554244614,44.553139635967966,333.5530514999552,4.252854261862446,0.0034473266705405997,3.3557349889922716
2026-07-15T15:44:24+03:00,13.23,294.12,28.997394011570965,14.79384,287.9972357225083,281.23633373996455,-0.32068447793472177,5.773680000000001,5.94864,0.22345354010102106,,-8.072975333393298,23.021429,58.306397,10.137958845819911,45.02388675829084,333.02112248079914,4.080905875731528,0.0029108529948040415,3.3586458419870757
2026-07-15T15:44:26+03:00,13.23,294.12,30.0000701530499,14.696639999999999,282.99531417101616,282.1874436798817,0.6290503632741308,5.79312,5.81256,0.246371851906254,,-9.459533197609892,23.021331,58.306412,10.103752069046092,46.6594997953664,329.65481396638256,3.976007206698623,0.0032234222213228456,3.3618692642083987
2026-07-15T15:44:28+03:00,13.23,294.13,30.0000701530499,14.696639999999999,284.9949368760228,282.3822493302262,0.7576793882810006,5.832,5.96808,0.2807493196141034,,-9.889251543958009,23.021234,58.306426,10.077107130382403,46.820275300855,331.8152121768778,3.990774045157141,0.003176665733885025,3.365045929942284
2026-07-15T15:44:30+03:00,13.23,294.13,31.002746294528848,14.59944,285.99761301750175,282.5369479349115,-0.5655666395736356,5.52096,6.10416,0.045836623610465865,,-7.104676659622208,23.021137,58.306441,10.268799608720851,47.07976691252367,333.0773799300254,3.759660648278675,0.0031931133210966215,3.3682390432633804
2026-07-15T15:44:32+03:00,13.2,294.13,33.00236899953541,14.59944,299.99497195254776,277.7298320337639,-1.9093245564939552,5.326560000000001,6.045839999999999,0.2864788975654116,,-4.577932783095277,23.021051,58.306458,10.539511649534774,48.98062010230004,348.97559205484777,3.495897320468996,0.002901679402649542,3.37114072266603
2026-07-15T15:44:34+03:00,13.08,294.13,30.0000701530499,13.8996,290.9995345689938,274.1889528598555,-0.7553875571004773,5.13216,5.81256,0.44117750225073393,,-9.534017710976897,23.020971,58.306473,9.797052587607217,45.18433990286232,336.18387447185614,3.6172907033139405,0.0026823974724289102,3.373823120138459
2026-07-15T15:44:36+03:00,13.08,294.12,31.002746294528848,13.19976,282.99531417101616,273.82798944892306,-0.4682211101809088,5.52096,6.045839999999999,0.12605071492878112,,-12.163893990627377,23.020867,58.306482,8.932274779331069,49.566874727666715,332.56218889868285,3.58067421697234,0.0033284837529527263,3.3771516038914116
2026-07-15T15:44:38+03:00,13.08,294.13,33.00236899953541,13.19976,276.9964460559965,276.114091051495,4.947891631411251,5.69592,5.9292,0.3552338329811104,,-16.449618298205937,23.020769,58.306487,8.97608131533116,53.22272839033653,330.219174446333,3.410180984390079,0.003109311818813636,3.3802609157102252
2026-07-15T15:44:40+03:00,12.97,294.12,31.002746294528848,13.8996,275.99949949246883,290.40938804000905,8.66186135522876,5.79312,5.598719999999999,-0.05156620156177409,,-13.865578642165923,23.020665,58.30649,9.41920153342706,49.471696500200835,325.47119599266966,3.764506102062503,0.003289174042263756,3.383550089752489
2026-07-15T15:44:42+03:00,12.93,294.12,26.997771306564392,14.696639999999999,303.9999469405122,311.49423490082336,11.073096940257315,5.2488,5.346,0.045836623610465865,,-4.532096159484812,23.020586,58.306506,10.299243156037006,40.37429913801304,344.37424607852523,3.9986878168880113,0.0026737023844001844,3.386223792136889
2026-07-15T15:44:44+03:00,12.93,294.12,20.99890319154467,15.29928,312.9953843240661,331.79985916025976,9.805313226971343,4.89888,4.704479999999999,-0.48701412586119974,,0.022918311805232933,23.020528,58.306536,10.868463452552726,30.29424934112899,343.2896336651951,4.229919245067252,0.0025702827685752344,3.3887940749054644
2026-07-15T15:44:46+03:00,12.93,294.12,3.9992454100131463,15.007679999999999,330.99771824707665,351.20593968134074,9.328555045642984,4.49064,3.9851999999999994,0.05156620156177409,,3.3861805692231655,23.020485,58.306575,10.53263232845696,5.703210468889267,336.7009287159659,4.468411346327378,0.0027090899020252262,3.3915031648074896
2026-07-15T15:44:48+03:00,12.93,294.12,-9.000307524812538,13.9968,353.99624414362785,4.131025702893235,0.4993900142360255,3.9074399999999994,3.8296799999999998,-0.2578310078088704,,9.900710699860626,23.020471,58.306619,10.155883375646956,12.45100574110171,341.54523840252614,3.8155398639422056,0.002681437116273208,3.394184601923763
2026-07-15T15:44:50+03:00,12.93,294.11,-18.00147448631777,13.39416,21.995849755072307,2.4293410513546903,-0.36067693203485324,3.7908,3.9851999999999994,0.16615776058793874,,9.104299364628782,23.020491,58.306664,9.858777850839514,24.826033453958672,357.16981630111366,3.4404800361547627,0.002777605298186884,3.3969622072219496
2026-07-15T15:44:52+03:00,12.9,294.12,-27.002641447823002,13.296959999999999,17.996604345059158,4.847222946806764,1.3487999455174708,4.58784,3.9463199999999996,0.4297183463481174,,5.643634282038609,23.02051,58.306712,9.441899795498744,39.7477958231967,338.2488085218625,3.5274361659459954,0.0029468979960617066,3.3999091052180113
2026-07-15T15:44:54+03:00,12.93,294.12,-31.99883342136378,13.5108,16.99965778153153,9.33348248268111,1.8113487735265847,4.35456,4.16016,-0.02864788975654116,,5.8957357118961715,23.020531,58.306753,10.085396034925372,45.22498299561397,331.77467478591757,3.0670243613080554,0.0025520824627450972,3.4024611876807564
2026-07-15T15:44:56+03:00,12.78,294.12,-33.99845612637036,13.19976,19.996227050065727,13.361375782450798,3.188280946784979,4.41288,4.276800000000001,-0.26356058576017866,,8.582907771059732,23.020555,58.306788,9.85516468340353,48.49855476755533,331.4976722825104,2.9241461242782063,0.0022361238099771626,3.4046973114907337
2026-07-15T15:44:58+03:00,12.93,294.12,-35.99807883137692,12.908159999999999,25.99509516508545,15.636018229120163,0.9886386754982355,4.276800000000001,4.31568,-0.08594366926962349,,8.187566892419465,23.020585,58.306821,9.776751474230952,50.896869213558915,335.09822595152656,2.6974556474993046,0.002198178590669686,3.4068954900814035
2026-07-15T15:45:00+03:00,12.9,294.12,-37.00075497285587,12.908159999999999,30.99701671657754,16.04281826366305,0.7777329111105794,3.9463199999999996,4.6655999999999995,-0.27501974166279514,,10.94922346495003,23.02063,58.306854,10.041428662398005,50.681978714575195,340.3150380020023,2.50048400230229,0.0024400533752227996,3.4093355434566264
2026-07-15T15:45:02+03:00,12.93,294.13,-39.997324241390075,13.00536,28.997394011570965,17.08560145080115,-0.43785434703897513,4.93776,4.89888,0.03437746770784939,,10.27886284464697,23.020686,58.306897,9.753477559281222,58.98696525360509,330.0104287579659,2.5440972263976223,0.0031317085203605927,3.4124672519769867
2026-07-15T15:45:04+03:00,12.93,294.13,-41.00000038286902,13.39416,29.994340575098594,17.412187394025718,-1.0155676918693841,5.326560000000001,5.1710400000000005,-0.26356058576017866,,9.579854334587363,23.020734,58.306938,10.00432710088456,61.444667420382004,328.5496731547166,2.5461342585451,0.00289325657959528,3.415360508556582
2026-07-15T15:45:06+03:00,12.78,294.13,-41.00000038286902,13.39416,30.99701671657754,16.123032354981365,-0.08113082379052457,5.307119999999999,5.151599999999999,-0.3323155211758775,,11.980547496185514,23.020778,58.30698,10.013634120032354,61.346966668906006,329.6500500476715,2.5447869629751967,0.002881636245492414,3.418242144802074
2026-07-15T15:45:08+03:00,12.78,294.14,-41.00000038286902,13.7052,29.994340575098594,15.647477385022782,0.4408910233531685,5.96808,5.404319999999999,-0.26356058576017866,,11.865955937159349,23.02083,58.307031,9.99947315377701,64.05172130571695,325.9426192693816,2.611390820163677,0.003477601065743868,3.421719745867818
2026-07-15T15:45:10+03:00,12.78,294.14,-41.00000038286902,13.8996,24.99814860155782,16.426699986400703,0.35574949499672814,6.74568,5.326560000000001,-0.4640958140559668,,12.02065454184467,23.020875,58.307086,9.857816053310566,67.67567251139077,317.322476090167,2.5623395630174537,0.0035983999754696356,3.425318145843288
2026-07-15T15:45:12+03:00,12.63,294.14,-42.999623087875584,13.9968,21.995849755072307,17.452294439684874,1.156171534794488,7.095599999999999,5.38488,-0.5729577951308232,,12.983223637664453,23.02092,58.307142,10.049241636508654,71.78592399573101,310.2099257593413,2.2178595670900556,0.0036536984159122295,3.4289718442592
2026-07-15T15:45:14+03:00,12.33,294.13,-42.002676524347955,13.802399999999999,20.99890319154467,16.506914077719017,-2.8420425511874225,7.36776,5.81256,-0.3093972093706446,,11.63677281910702,23.020963,58.307202,9.677374550317372,72.63064185755039,308.36826133399427,2.1995004912708223,0.0038536218092646533,3.432825466068465
2026-07-15T15:45:16+03:00,11.88,294.14,-42.002676524347955,14.40504,26.997771306564392,13.321268736791641,-2.095707727250012,5.57928,6.10416,-0.544309905374282,,12.226919348091768,23.021006,58.307239,10.917226626560304,62.00015924727714,324.99761205928723,2.6192996089494,0.002605749846925025,3.43543121591539
2026-07-15T15:45:18+03:00,11.58,294.14,-39.997324241390075,14.502239999999999,26.997771306564392,7.74638939016873,-2.9735363651699465,5.7348,5.890319999999999,-0.5271211715203573,,10.479398072942757,23.021058,58.307279,10.760017815991302,60.03081967858934,326.96695162797505,2.8647280902048435,0.00291154941926384,3.438342765334654
2026-07-15T15:45:20+03:00,11.28,294.15,-37.9977015363835,14.696639999999999,18.999280486538098,5.93011317960402,0.40359147089015185,5.26824,5.773680000000001,-0.590146528984748,,8.181837314468156,23.021093,58.307318,11.032570775459515,55.093708866276955,323.9055716202611,3.014676181567756,0.002591686958270624,3.4409344522929244
2026-07-15T15:45:22+03:00,11.02,294.15,-37.00075497285587,14.696639999999999,12.99468279356707,7.139054127330057,-0.5709524428478654,5.3654399999999995,5.81256,-0.5385803274229739,,8.130271112906382,23.021115,58.307356,10.900885786802926,54.23145490117524,318.76322789239185,3.1361657803008236,0.0023874092512417176,3.4433218615441663
2026-07-15T15:45:24+03:00,10.8,294.15,-35.00113226784929,14.59944,18.999280486538098,3.1398087173169116,-2.0424799480823586,5.346,5.5404,-0.6474423084978302,,9.052733163067007,23.021146,58.307397,10.670416251237544,51.70208421957781,327.29719626696027,3.3131860873152577,0.0026517254251175616,3.445973586969284
2026-07-15T15:45:26+03:00,10.83,294.14,-33.99845612637036,14.502239999999999,12.99468279356707,1.6673071838306956,0.8192150554780511,4.87944,5.307119999999999,-0.544309905374282,,6.801009028202872,23.021163,58.307437,10.807021371339514,48.62212658651751,324.37255620704957,3.22541785511293,0.0024635111917746966,3.4484370981610586
2026-07-15T15:45:28+03:00,10.87,294.15,-33.00150956284272,14.502239999999999,13.99735893504601,4.377397554799489,0.4611164335212865,4.996079999999999,5.404319999999999,-0.5213915935690492,,7.505747116213785,23.021175,58.307479,10.665233050526565,47.783629569745074,326.21372936530094,3.357027140894049,0.0025528056306996314,3.450989903791758
2026-07-15T15:45:30+03:00,11.13,294.15,-33.00150956284272,14.094,15.996981640052585,3.1569974511708363,-0.2712955159944448,4.78224,5.38488,-0.5729577951308232,,8.502693679741416,23.021196,58.307521,10.414331637965525,47.48537061972428,328.5116110203283,3.2317346641565208,0.0026101685069970185,3.453600072298755
2026-07-15T15:45:32+03:00,11.66,294.16,-33.00150956284272,13.802399999999999,14.994305498573642,5.712389217454307,1.0668474145335929,4.74336,5.326560000000001,-0.6359831525952138,,9.59704306844129,23.021217,58.307566,10.158369973230613,47.73508037040094,327.2592251281727,3.1901919957712512,0.002784951572200032,3.456385023870955
2026-07-15T15:45:34+03:00,11.88,294.16,-33.00150956284272,13.7052,14.994305498573642,5.1222426884695595,-2.0558871604884197,4.87944,5.19048,-0.7505747116213785,,10.966412198803956,23.021241,58.307608,9.973632801501505,48.45563387243965,326.538671626134,3.2360435937392538,0.002635829382079612,3.4590208532530347
2026-07-15T15:45:36+03:00,11.88,294.16,-33.99845612637036,13.5108,12.99468279356707,4.927437038125079,0.7612890223903248,5.1710400000000005,5.151599999999999,-0.6990085100596044,,10.376265669819208,23.021262,58.30765,9.666335029554666,51.40382842180813,321.59085437175895,3.2258363104593086,0.0026101678926374466,3.461631021145672
2026-07-15T15:45:38+03:00,11.73,294.16,-35.00113226784929,13.5108,15.996981640052585,5.064946908956478,-0.1234724048506924,5.2488,5.22936,-0.7448451336700701,,9.940817745519782,23.021286,58.307694,9.69082521677202,53.10089582155379,322.8960858184988,3.1514200520438753,0.002751185023279792,3.4643822061689518
2026-07-15T15:45:40+03:00,11.73,294.16,-35.00113226784929,13.39416,16.99965778153153,4.1711327485523935,-0.6283055181404608,5.01552,5.20992,-0.1604281826366305,,7.442721758749393,23.021318,58.307736,9.721182239615233,52.214912702816264,324.7847450787153,3.073015998810972,0.0027192508130214196,3.467101456981973
2026-07-15T15:45:42+03:00,11.4,294.15,-35.00113226784929,13.5108,12.99468279356707,3.2945073220022336,0.017876283208081684,5.0544,4.97664,-0.08021409131831525,,5.838439932383089,23.021343,58.307778,9.808776511941167,52.19276984253895,320.8019129510281,3.098381360039894,0.0026450807689500965,3.469746537750923
2026-07-15T15:45:44+03:00,11.13,294.15,-33.99845612637036,13.39416,14.994305498573642,3.9247608966461396,0.6200549258905769,5.19048,4.957199999999999,-0.7104676659622208,,10.135623395864263,23.021368,58.307823,9.543039932002424,51.70453155499112,323.28977394358253,3.2166284941094796,0.00281769896324394,3.472564236714167
2026-07-15T15:45:46+03:00,10.98,294.15,-33.99845612637036,13.7052,15.996981640052585,3.4320171928336314,-1.384437920374608,4.93776,5.28768,-0.2864788975654116,,10.72576992484901,23.021397,58.307865,10.000252074129275,50.025917276060994,325.97106436399156,3.1722196203637885,0.002685486282732414,3.4752497229968995
2026-07-15T15:45:48+03:00,10.8,294.15,-33.99845612637036,13.608,15.996981640052585,0.3609634109324186,-1.1602968309194301,5.38488,5.03496,-0.2807493196141034,,8.39383169866656,23.021426,58.307909,9.626675166424176,52.22552132449523,323.77146031555736,3.29853534724295,0.0027987961334726536,3.4780485191303723
2026-07-15T15:45:50+03:00,10.68,294.14,-35.00113226784929,13.5108,9.998113525032863,2.1084846860814292,2.3012849841429515,5.03496,4.996079999999999,-0.1432394487827058,,9.01262611740785,23.021441,58.307946,9.820705373786913,52.1031619689268,317.8949515561061,3.0926821489732483,0.0022738672604339567,3.480322386390806
2026-07-15T15:45:52+03:00,10.65,294.14,-35.00113226784929,13.19976,12.99468279356707,4.950355349930313,0.3853714130049917,4.80168,5.01552,-0.246371851906254,,9.889251543958009,23.021459,58.307984,9.667152716235067,51.55422867349864,321.4404541200684,2.9855580691948447,0.00235375459468408,3.48267614098549
2026-07-15T15:45:54+03:00,10.42,294.14,-35.00113226784929,13.00536,16.99965778153153,5.855628666237013,-0.72588023065124,4.374,4.93776,-0.18907607239317165,,10.960682620852648,23.021484,58.308018,9.750738320538215,49.9112234414211,327.08843434011044,2.8167413137467703,0.0021908394810158448,3.484866980466506
2026-07-15T15:45:56+03:00,10.31,294.13,-37.00075497285587,13.00536,19.996227050065727,5.723848373356923,-1.0066868460448564,4.97664,5.09328,-0.1776169164905552,,8.966789493797384,23.021519,58.308067,9.514578131424875,55.348733357447045,324.6474936926187,2.82961815422855,0.0031458186490511478,3.488012799115557
2026-07-15T15:45:58+03:00,10.08,294.14,-35.00113226784929,12.59712,24.99814860155782,6.090541362240651,0.9939098872134391,4.62672,5.151599999999999,-0.5557690612768985,,10.164271285620805,23.021552,58.308115,9.198339294764056,51.77016277047284,333.227985831085,2.8630955472789257,0.0030675893310550158,3.4910803884466124
2026-07-15T15:46:00+03:00,9.93,294.13,-33.00150956284272,12.79152,18.999280486538098,6.967166788790811,0.7533822048175194,5.52096,5.09328,-0.7563042895726866,,14.71355617895954,23.02158,58.308168,8.69768434115987,53.22788702411468,325.7713934624234,3.3050332384605463,0.003306131403603552,3.4943865198502158
2026-07-15T15:46:02+03:00,10.23,294.12,-33.00150956284272,13.00536,19.996227050065727,5.620715970233376,-0.4038206540082042,5.443199999999999,5.13216,-0.9339212060632418,,14.272378676708806,23.021617,58.308219,8.945924589606015,52.35541756904611,327.64080948101963,3.3244968214795825,0.0032806006763081382,3.4976671205265237
2026-07-15T15:46:04+03:00,10.46,294.12,-33.00150956284272,12.69432,20.99890319154467,5.849899088285706,-0.45618899648316147,5.38488,5.26824,-0.246371851906254,,10.720040346897703,23.021657,58.308271,8.688267532559333,52.730658616758575,328.2682445747861,3.2608822598021425,0.0033711732362960768,3.5010382937628197
2026-07-15T15:46:06+03:00,11.73,294.12,-33.99845612637036,13.00536,14.994305498573642,5.425910319888896,-1.9196950925858232,5.307119999999999,5.26824,-0.3323155211758775,,10.467938917040142,23.021685,58.308325,9.102791696068309,53.025127450129176,321.96917804844446,3.1920454358133967,0.0033640871366081714,3.504402380899428
2026-07-15T15:46:08+03:00,12.33,294.12,-33.99845612637036,13.39416,17.996604345059158,5.082135642810402,0.1186022635920804,5.754239999999999,5.404319999999999,-0.19480565034447989,,10.255944532841735,23.021715,58.308375,9.204308858843927,54.45981415454065,323.5367901905185,3.3447890277956653,0.003151153060702027,3.50755353396013
2026-07-15T15:46:10+03:00,12.33,294.12,-33.99845612637036,13.9968,21.995849755072307,5.47747652145067,0.3554630160991628,5.01552,5.443199999999999,-0.3781521447863433,,11.058085446024888,23.021742,58.308426,10.23058260392358,49.90875612263687,332.0870936324354,3.2300286069998436,0.0031818485371018185,3.510735382497232
2026-07-15T15:46:12+03:00,12.33,294.12,-35.00113226784929,14.502239999999999,16.99965778153153,6.457234351124377,-0.028246819299949582,5.326560000000001,5.38488,-0.05729577951308232,,10.381995247770517,23.021763,58.308471,10.589371905729882,51.77067280441233,325.2289849771192,3.296131576433054,0.002784947532683574,3.5135203300299156
2026-07-15T15:46:14+03:00,12.37,294.11,-35.99807883137692,14.696639999999999,18.999280486538098,6.818197762056796,-0.4359635863150434,5.28768,5.598719999999999,-0.37242256683503505,,11.785741845841033,23.021793,58.308518,10.872372109219585,52.60779392192396,326.3914865646141,3.21103764314023,0.002979663311793949,3.5164999933417094
2026-07-15T15:46:16+03:00,12.48,294.11,-35.99807883137692,14.59944,20.99890319154467,6.25669912282859,0.38474115943034776,5.1710400000000005,5.5404,-1.0141352973815572,,15.762068944048947,23.02182,58.308559,10.850253589588043,52.26515816681406,328.73374502473064,3.164718230158859,0.002607729256456317,3.5191077225981657
2026-07-15T15:46:18+03:00,12.48,294.11,-33.99845612637036,14.502239999999999,19.996227050065727,5.145161000274793,-1.133195927209742,5.5404,5.5598399999999994,-0.6703606203030631,,15.888119658977729,23.021853,58.308604,10.381965377605853,51.36027469938472,328.635952350681,3.4595437926782333,0.00289863150619163,3.5220063541043576
2026-07-15T15:46:20+03:00,12.48,294.11,-33.99845612637036,13.8996,20.99890319154467,3.575256641616337,-1.7844770529349487,5.57928,5.598719999999999,-1.0313240312354817,,16.363674628936312,23.021888,58.308654,9.784762565785133,52.59121551829371,328.40768767325096,3.389399381276027,0.0032021579108240223,3.5252085120151815
2026-07-15T15:46:22+03:00,12.48,294.11,-31.99883342136378,13.5108,17.996604345059158,1.1516451682129547,-0.8729584966613223,6.0652800000000004,5.98752,-0.7792226013779195,,12.421724998436249,23.021925,58.308701,8.96314340881401,53.0118481239643,324.98475622109487,3.6491748715247736,0.003057128050739083,3.5282656400659205
2026-07-15T15:46:24+03:00,12.48,294.1,-33.00150956284272,13.7052,7.9984908200262925,0.40107045659157625,0.4632363773632706,6.68736,5.7348,-0.5557690612768985,,10.18718959742604,23.021944,58.308758,8.878339473420947,57.22209447087299,310.7763963491533,3.620429904575663,0.003478274321544912,3.5317439143874654
2026-07-15T15:46:26+03:00,12.33,294.1,-31.99883342136378,13.9968,12.99468279356707,0.8708958485988514,0.5758225841064774,5.48208,6.14304,-0.7505747116213785,,15.263595662285132,23.021954,58.308809,9.788657693484305,49.26244740726432,323.73223538630276,3.5775788604811134,0.003081714084889821,3.534825628472355
2026-07-15T15:46:28+03:00,12.33,294.09,-27.002641447823002,13.7052,15.996981640052585,0.1776169164905552,-0.9189097118308143,5.851439999999999,6.006959999999999,-0.8823550045014679,,17.400728238123104,23.02198,58.30886,8.897550264809414,44.3757045334026,331.62127710665,4.182429659653301,0.003173530457283532,3.537999158929639
2026-07-15T15:46:30+03:00,12.18,294.09,-27.002641447823002,13.8996,10.995060088560496,359.9893826806963,0.09975195213227632,6.006959999999999,6.006959999999999,-0.6760901982543714,,12.244108081945694,23.022004,58.308913,8.97206432743798,44.6995937163349,326.2954663722256,4.269773968762513,0.0032746105255553938,3.541273769455194
2026-07-15T15:46:32+03:00,12.18,294.09,-31.00188685783615,15.007679999999999,8.995437383553925,1.3407212406061262,1.45176046130248,5.754239999999999,5.81256,-0.25210142985756223,,8.955330337894766,23.022019,58.308964,10.502309965298695,47.39379810146767,321.60163928208624,3.8953652419294524,0.0031018701746965004,3.5443756396298904
2026-07-15T15:46:34+03:00,12.03,294.1,-31.99883342136378,15.20208,13.99735893504601,1.1745634800181877,-0.3594164248855654,5.57928,5.65704,-0.7792226013779195,,15.143274525307657,23.02204,58.309012,10.879915248548159,47.76646665142948,326.2308922836165,3.7501356089744595,0.0029603933741132737,3.5473360330040036
2026-07-15T15:46:36+03:00,12.03,294.1,-29.002264152829575,14.79384,14.994305498573642,1.449583221680983,-0.9397080797940631,5.6181600000000005,5.6376,-0.5958761069360561,,14.375511079832355,23.022067,58.309061,10.248806939622431,44.41559465225015,330.5787108463235,4.012951798142536,0.0030661941332177224,3.550402227137221
2026-07-15T15:46:38+03:00,11.88,294.11,-29.002264152829575,14.40504,10.995060088560496,2.291831180523293,1.921413965971216,5.773680000000001,6.045839999999999,-0.6875493541569879,,12.582153181072878,23.022089,58.309111,9.765210860994866,45.66060832217164,325.33445176638884,4.035266346080661,0.0030846291980986735,3.55348685633532
2026-07-15T15:46:40+03:00,11.88,294.11,-29.999210716357208,14.30784,12.99468279356707,2.985110112631589,-0.7643256987045182,5.90976,5.96808,-0.5672282171795151,,12.903009546346139,23.022111,58.309161,9.653148095381553,47.82344618860728,325.1712366049598,3.967915611554885,0.0030846289761929384,3.5565714853115127
2026-07-15T15:46:42+03:00,11.85,294.1,-31.99883342136378,15.20208,12.99468279356707,1.478231111437524,-0.6188517145208022,6.006959999999999,5.890319999999999,-0.9969465635276323,,15.893849236929034,23.022136,58.309218,10.597180580795408,49.47880249681222,323.51588029675486,3.9028980865306693,0.0035159087152611115,3.5600873940267737
2026-07-15T15:46:44+03:00,11.73,294.1,-29.999210716357208,15.610319999999998,14.994305498573642,0.14896902673401402,-0.5798905844519062,5.90976,5.79312,-1.082890232797256,,18.92479597317109,23.02216,58.309267,10.90040255714679,45.72736281260603,329.2669426859676,4.125446324823124,0.0030412142325637113,3.5631286082593374
2026-07-15T15:46:46+03:00,11.58,294.1,-29.999210716357208,15.49368,9.998113525032863,359.12994598800003,-0.5104480996820504,6.045839999999999,5.6376,-0.8021409131831525,,13.762446239042372,23.022182,58.309319,10.693914633311822,46.418828748261575,323.57928477677126,4.167890408184074,0.0032018699075310204,3.5663304781668685
2026-07-15T15:46:48+03:00,11.58,294.1,-33.00150956284272,16.09632,7.9984908200262925,358.74606426526236,1.4903778166942974,5.42376,5.87088,-0.3380450991271857,,7.265104842258838,23.022195,58.309371,11.919521495932187,47.351126932623316,320.647363887403,3.674616986206443,0.0031524418417700146,3.5694829200086384
2026-07-15T15:46:50+03:00,11.66,294.1,-33.99845612637036,16.09632,7.9984908200262925,0.641712730546522,0.9197118527439975,4.7628,5.57928,-0.40107045659157625,,5.67228217179515,23.022201,58.309412,12.436218859797892,46.36412669426056,321.6343641257657,3.2866788167370564,0.0024716882512654478,3.571954608259904
2026-07-15T15:46:52+03:00,11.73,294.1,-31.99883342136378,15.396479999999999,10.995060088560496,1.0370536091867901,0.43779705125946206,5.19048,5.28768,-0.2119943841984046,,6.124918829948499,23.022219,58.309455,11.333455839212236,46.04382599950412,324.95123408905636,3.6027533728098176,0.002646388782488171,3.5746009970423924
2026-07-15T15:46:54+03:00,11.73,294.1,-29.002264152829575,15.396479999999999,13.99735893504601,0.5672282171795151,0.36818267915106706,4.89888,5.01552,-0.18334649444186346,,6.342642792098213,23.022236,58.309505,11.362932739590423,41.067776110519276,332.92958282452673,3.6934272434393365,0.003052948999244809,3.5776539460416372
2026-07-15T15:46:56+03:00,12.03,294.1,-27.99958801135063,15.20208,11.997736230039438,0.664631042351755,0.5022548032116796,4.97664,4.996079999999999,-0.18334649444186346,,5.288400449057497,23.022257,58.309554,11.05759365976779,40.19755037124352,331.8001858587959,3.801275199600191,0.003019001558985219,3.5806729476006223
2026-07-15T15:46:58+03:00,12.15,294.1,-29.999210716357208,15.20208,11.997736230039438,0.5729577951308232,-0.2271777657693714,5.01552,4.93776,-0.4354479242994257,,10.170000863572112,23.022275,58.3096,11.144285465641875,43.00333380804966,328.9944024219898,3.667920081925797,0.0028227690834728533,3.5834957166840953
2026-07-15T15:47:00+03:00,12.03,294.1,-29.002264152829575,15.10488,13.99735893504601,3.0080284244368216,1.698877158342404,4.704479999999999,4.89888,-0.9568395178684748,,16.483995765913786,23.022288,58.309642,11.224537504463402,40.727006111934,333.27035282311203,3.5651814394610377,0.0025576797324896525,3.586053396416585
2026-07-15T15:47:02+03:00,11.92,294.1,-29.999210716357208,14.696639999999999,14.994305498573642,4.285724307578558,-0.1179720100174365,5.326560000000001,4.97664,-1.4896902673401402,,21.606238454383345,23.022306,58.30968,10.429432525333633,44.793881794246516,330.20042370432714,3.779971866349968,0.002353748014854482,3.5884071444314394
2026-07-15T15:47:04+03:00,11.88,294.1,-29.999210716357208,14.59944,17.996604345059158,4.0393524556723035,0.24001202038030187,5.22936,5.2488,-1.1917522138721122,,19.21700444868781,23.022325,58.309725,10.40452418689639,44.55343986171715,333.443164483342,3.726423109571277,0.0027705842104501057,3.5911777286418896
2026-07-15T15:47:06+03:00,12.3,294.1,-31.00188685783615,14.79384,10.995060088560496,5.030569441248628,1.2560953742653038,5.22936,5.50152,-1.3235325067522015,,17.498131063295343,23.022337,58.309779,10.657468679052299,45.64103350656981,325.3540265819907,3.656114769738599,0.00326785893935118,3.594445587581241
2026-07-15T15:47:08+03:00,12.33,294.1,-33.00150956284272,15.20208,13.99735893504601,5.133701844372176,-1.4826428864600314,5.50152,5.57928,-0.9969465635276323,,16.123032354981365,23.022357,58.309834,11.004030742446293,48.80304580673223,325.19431312831375,3.6235731843097447,0.0033657031054809567,3.597811290686722
2026-07-15T15:47:10+03:00,12.33,294.1,-33.00150956284272,15.610319999999998,15.996981640052585,2.9679213787776644,-2.099088178241284,5.57928,5.6376,-0.9396507840145503,,16.776204241430506,23.022398,58.309885,11.345749241966548,48.5371346742169,327.4598469658357,3.6942337405249086,0.0033276556094015753,3.6011389462961234
2026-07-15T15:47:12+03:00,12.33,294.09,-33.00150956284272,15.70752,13.99735893504601,2.2631832907667517,-1.1640210565877804,5.46264,5.773680000000001,-1.1229972784564135,,19.3487847415679,23.022435,58.309931,11.517188025118548,47.97277321093986,326.02458572410615,3.657148280949369,0.003001655169737427,3.604140601465861
2026-07-15T15:47:14+03:00,12.33,294.09,-33.00150956284272,15.901919999999999,12.99468279356707,1.1573747461642627,-1.0725769924849011,5.65704,5.7348,-1.4152057539731333,,19.22273402663912,23.022454,58.30998,11.575224781120548,48.4389826416766,324.55570015189045,3.7529780645400987,0.0030057605105274906,3.607146361976388
2026-07-15T15:47:16+03:00,12.33,294.1,-31.00188685783615,15.901919999999999,11.997736230039438,0.26356058576017866,0.22941230117038158,5.96808,5.79312,-1.3235325067522015,,19.280029806152204,23.022478,58.310028,11.21584440839834,46.90864837101745,325.089087859022,4.077174739430081,0.002983036093599097,3.6101293980699873
2026-07-15T15:47:18+03:00,12.33,294.09,-31.99883342136378,15.901919999999999,9.998113525032863,0.8307888029396938,0.7257656390922137,5.832,5.6181600000000005,-0.8995437383553924,,16.386592940741544,23.022499,58.310076,11.383555066434612,47.75108810181027,322.24702542322257,3.921161237190368,0.0029603889064638237,3.613089786976451
2026-07-15T15:47:20+03:00,12.18,294.08,-33.00150956284272,15.901919999999999,7.9984908200262925,0.22918311805232927,-0.9313428959851532,5.94864,5.754239999999999,-1.1631043241155712,,17.39499866017179,23.022519,58.310124,11.383863468487826,49.53721334699313,318.4612774730332,3.860393908049191,0.002953476389869573,3.6160432633663206
2026-07-15T15:47:22+03:00,12.18,294.09,-33.00150956284272,16.09632,8.995437383553925,359.668526315423,0.7780193900081449,5.754239999999999,5.98752,-1.0714310768946396,,17.03976482719068,23.022549,58.310178,11.698145783781213,48.541755234825075,320.45368214872883,3.809733030929581,0.0033812211206226523,3.6194244844869434
2026-07-15T15:47:24+03:00,12.18,294.08,-31.99883342136378,15.804720000000001,8.995437383553925,359.2674558588314,-0.09608502224343907,5.67648,5.90976,-0.962569095819783,,17.03976482719068,23.022568,58.310228,11.39491524582743,47.30491728016693,321.690520103387,3.849201759553751,0.003064681390690844,3.622489165877634
2026-07-15T15:47:26+03:00,12.18,294.09,-31.00188685783615,15.99912,6.995814678547352,358.6601205959928,-1.247214528440776,5.69592,5.890319999999999,-1.5126085791453732,,16.925173268164517,23.022582,58.310277,11.497461715566224,45.78538653410456,321.2104281444428,3.972038023985318,0.002978268052142601,3.6254674339297766
2026-07-15T15:47:28+03:00,12.3,294.08,-29.999210716357208,15.99912,5.998868115019719,355.81252035419254,-0.6992949889571698,5.6181600000000005,5.98752,-1.558445202755839,,16.741826773722657,23.022593,58.31033,11.482502799117952,44.15942829634122,321.8394398186785,4.03049100341428,0.0032045875985687875,3.6286720215283452
2026-07-15T15:47:30+03:00,12.33,294.07,-29.002264152829575,16.19352,9.998113525032863,354.2311568396314,-0.5453985251850306,5.48208,5.79312,-1.5412564689019144,,16.76474508552789,23.022607,58.310378,11.704674788168285,42.12777073216736,327.8703427928655,4.065789041120057,0.0029188395850276183,3.6315908611133727
2026-07-15T15:47:32+03:00,12.33,294.08,-25.99996530634406,16.19352,8.995437383553925,352.49509472038505,-0.3163872944712406,5.598719999999999,6.08472,-1.5412564689019144,,16.873607066602744,23.022623,58.310426,11.428079737658727,38.401514649975525,330.5939227335784,4.387588298463302,0.0029290689927183576,3.634519930106091
2026-07-15T15:47:34+03:00,12.33,294.08,-24.997289164865123,16.407359999999997,4.996191973540778,351.4179340655391,-0.8346849159465832,5.87088,6.25968,-1.2261296815799616,,14.23227163104965,23.022629,58.310481,11.360611071860422,37.61097823242116,327.3852137411196,4.650750985167631,0.0033113484797928764,3.637831278585884
2026-07-15T15:47:36+03:00,12.33,294.08,-25.99996530634406,16.50456,356.9985429901134,351.4752298450522,0.9377027275111053,5.832,5.9292,-0.9511099399171665,,11.258620674320678,23.022626,58.310533,11.549310014245728,38.78900257413369,318.2095404159797,4.545800349065306,0.003127036346695339,3.6409583149325795
2026-07-15T15:47:38+03:00,12.33,294.09,-24.000342601337486,16.69896,355.9958668486344,352.20861582281964,-0.06296806168487747,5.7348,6.18192,-1.3235325067522015,,13.080626462836694,23.022616,58.310584,11.694953727255966,35.50527150492033,320.49059534371406,4.668483258059151,0.0030817124621480485,3.6440400273947273
2026-07-15T15:47:40+03:00,12.33,294.08,-22.000719896330917,16.50456,354.99892028510675,358.22467267169327,5.312464676452993,5.598719999999999,6.14304,-1.283425461093044,,11.99200665208813,23.022614,58.310628,11.506314870952378,32.503370125333646,322.4955501597731,4.721735606245686,0.002645493369952658,3.64668552076468
2026-07-15T15:47:42+03:00,12.33,294.08,-31.00188685783615,15.99912,5.998868115019719,11.453426324665156,6.965505211184931,4.41288,6.0264,0.38388172273765153,,5.643634282038609,23.022621,58.310674,12.426260783018723,41.541372247996804,324.4574958670229,3.302939446779806,0.0027737752563648673,3.649459296021045
2026-07-15T15:47:44+03:00,12.33,294.08,-37.9977015363835,15.70752,14.994305498573642,20.380108772803382,0.9897272953089842,4.62672,5.9292,-0.5729577951308232,,12.21546019218915,23.022647,58.310718,12.393259370758324,51.284784831567976,323.7095206670057,2.893781474885818,0.002769227533669208,3.652228523554714
2026-07-15T15:47:46+03:00,12.48,294.08,-39.00037767786244,15.10488,27.99471787009202,12.857172922735671,-3.243342190897051,5.46264,6.454079999999999,-0.6531718864491385,,13.527533543038736,23.022688,58.310768,11.390784616064535,56.56633575456004,331.428382115532,3.009757105692564,0.0032723541128497156,3.6555008776675635
2026-07-15T15:47:48+03:00,12.48,294.08,-37.00075497285587,15.29928,23.995472460078876,6.474423084978302,-4.930072643982681,6.4152,6.318,-1.747521275149011,,13.573370166649203,23.022737,58.310825,10.883724282727414,57.77792134083121,326.2175511192477,3.420599478715886,0.0037592851253464266,3.65926016279291
2026-07-15T15:47:50+03:00,12.48,294.08,-31.99883342136378,16.09632,12.99468279356707,350.3808804563524,-11.526879514000928,6.55128,6.4152,-1.6615776058793876,,12.083679899309063,23.022776,58.31088,11.09741525141677,50.22832595146511,322.76635684210197,4.191049020615273,0.003527827124589363,3.6627879899174993
2026-07-15T15:47:52+03:00,12.48,294.08,-27.002641447823002,16.50456,349.9969987336147,318.11762701253565,-19.140228104140284,5.46264,6.10416,-2.457988941111232,,4.8586821027093805,23.022794,58.310934,11.898787392990121,39.033726261479586,310.96327247213515,4.243244301512129,0.003295201217928347,3.6660831911354275
2026-07-15T15:47:54+03:00,12.63,294.08,-7.000684819805964,16.19352,317.9973058755582,277.9590151518163,-20.28769068044878,4.78224,4.84056,-0.3781521447863433,,-1.3464508185574346,23.022759,58.310977,11.461762877306569,9.915605132529407,308.0817007430288,4.710805112318527,0.0028109842168260357,3.6688941753522535
2026-07-15T15:47:56+03:00,12.63,294.08,15.00003507652495,14.79384,298.9980253890201,254.1927258097897,-2.2583131495081394,4.257359999999999,3.6741599999999996,0.12032113697747288,,-11.058085446024888,23.022689,58.310995,10.738230666741641,20.88972750665846,319.88775289567855,3.977516993950444,0.0024608588192578298,3.671355034171511
2026-07-15T15:47:58+03:00,12.63,294.09,31.999692858056477,13.7052,252.99524401796634,262.16829831801084,5.522109933691362,4.510079999999999,3.92688,0.5729577951308232,,-10.00957268093548,23.02261,58.310985,10.165364998944366,45.59767694601757,298.59292096398394,3.155668285324693,0.0025658304190935405,3.6739208645906047
2026-07-15T15:48:00+03:00,12.6,294.09,37.001614409548566,13.8996,259.99678827446496,265.9326310320203,0.41126910534490496,4.52952,4.58784,0.5844169510334397,,-8.565719037205808,23.022516,58.310975,10.63746931599918,51.85030361837818,311.84709189284314,2.7979669558832763,0.0030283114719928807,3.6769491760625974
2026-07-15T15:48:02+03:00,12.56,294.09,41.00085981956171,14.40504,271.99452450450445,264.5976393693655,0.14020277246851245,4.89888,4.64616,0.22345354010102106,,-7.717741500412188,23.022428,58.310973,11.179805546474357,57.70821814843906,329.7027426529435,2.6171340747816205,0.002781208593906703,3.679730384656504
2026-07-15T15:48:04+03:00,12.52,294.09,41.00085981956171,14.696639999999999,265.9956563894847,264.46012949853406,-1.6828343400787409,4.87944,4.97664,0.3495042550298022,,-11.671150286814868,23.022341,58.310974,11.469919507116918,57.207364333836225,323.2030207233209,2.642705515005704,0.0027476917349006976,3.682478076391405
2026-07-15T15:48:06+03:00,12.48,294.09,41.00085981956171,14.59944,265.9956563894847,264.7236900842943,-0.7741232770012554,4.91832,5.07384,0.1776169164905552,,-13.917144843727696,23.022252,58.310972,11.355682148309805,57.50915314682695,323.50480953631165,2.64194871140739,0.002812754599702334,3.685290830991107
2026-07-15T15:48:08+03:00,12.48,294.11,41.00085981956171,14.79384,268.99795523597015,266.51131840510243,2.18210976275574,4.93776,4.704479999999999,0.7849521793292279,,-12.043572853649904,23.022163,58.310963,11.531691642831778,57.31616257710144,326.31411781307156,2.666404803707635,0.002861780405163659,3.688152611396271
2026-07-15T15:48:10+03:00,12.48,294.1,41.00085981956171,15.10488,272.99720064598336,267.49107623477613,1.3678221443158143,5.1127199999999995,5.19048,0.44117750225073393,,-10.181460019474729,23.022071,58.310961,11.735880003031838,57.60849970127141,330.60570034725475,2.7388919515975645,0.0029073970850051075,3.6910600084812764
2026-07-15T15:48:12+03:00,12.48,294.1,39.998183678082775,15.29928,270.9975779409768,269.08389890523983,0.7978437297196713,5.1127199999999995,5.38488,0.492743703812508,,-13.040519417177535,23.021981,58.310961,11.847500227383547,56.102127433064496,327.09970537404126,2.8514370029713896,0.0028417605283372494,3.6939017690096136
2026-07-15T15:48:14+03:00,12.48,294.11,39.998183678082775,15.610319999999998,271.99452450450445,270.5564004387261,0.5645926113219132,5.443199999999999,5.38488,0.29793805346802804,,-12.444643310241482,23.021883,58.31096,11.963499385491499,57.00269408461915,328.9972185891236,2.9643645404354446,0.0030949452466665158,3.6969967142562803
2026-07-15T15:48:16+03:00,12.48,294.11,39.00123711455514,15.49368,274.9968233509899,270.183977871891,-0.0982049660854231,5.307119999999999,5.26824,-0.045836623610465865,,-13.25824337932725,23.021785,58.310963,11.84978466723324,55.372421257205346,330.3692446081953,3.0157172723076804,0.0030996111107429915,3.7000963253670234
2026-07-15T15:48:18+03:00,12.48,294.11,39.00123711455514,15.10488,273.99987678746226,267.59420863789967,-1.703117046026372,5.46264,5.307119999999999,0.1546986046853223,,-14.97138718676841,23.021684,58.310967,11.390852997078547,56.567422274010184,330.56729906147245,3.0096706568565117,0.003198136866295237,3.703294462233319
2026-07-15T15:48:20+03:00,12.48,294.1,39.998183678082775,15.20208,272.99720064598336,263.7439322546206,-1.6032505023350696,5.46264,5.42376,0.2578310078088704,,-16.512643655670328,23.02158,58.31097,11.563316102048752,57.67506209381254,330.6722627397959,2.9209839411434646,0.0032887587640075258,3.7065832209973264
2026-07-15T15:48:22+03:00,12.48,294.11,41.00085981956171,15.10488,267.99527909449125,265.1018422290806,3.4816353378919604,5.443199999999999,5.754239999999999,-0.6359831525952138,,-20.77544965144365,23.021482,58.310967,11.562209474386135,58.991496540738225,326.9867756352295,2.8041476756006545,0.003099610499551676,3.709682831496878
2026-07-15T15:48:24+03:00,12.48,294.11,39.998183678082775,15.610319999999998,267.99527909449125,270.9402821614637,2.2941803074833294,5.5598399999999994,5.598719999999999,-0.05156620156177409,,-17.257488789340396,23.021387,58.310966,11.900379375984055,57.47369189821846,325.4689709927097,2.9894526105630876,0.003000237815796828,3.712683069312675
2026-07-15T15:48:26+03:00,12.48,294.11,39.00123711455514,16.19352,275.99949949246883,271.0777920322951,-3.918286473561161,5.598719999999999,5.5404,0.32658594322456924,,-16.72463803986873,23.021282,58.310972,12.355625250993509,55.57038775723426,331.5698872497031,3.165479181343805,0.0033349443200137528,3.716018013632689
2026-07-15T15:48:28+03:00,12.48,294.1,39.998183678082775,15.804720000000001,282.99531417101616,264.86119995512564,-2.824968408892524,5.28768,5.754239999999999,0.10886198107485642,,-15.097437901697193,23.021197,58.310982,12.235530133091393,56.125649897593334,339.1209640686095,2.9472125880004945,0.00275036827172416,3.718768381904413
2026-07-15T15:48:30+03:00,12.48,294.12,41.00085981956171,15.70752,270.9975779409768,258.0028951474097,-3.626077998044441,5.57928,5.79312,-0.011459155902616466,,-20.024874939822272,23.021102,58.310983,12.065481073308035,58.66146038158648,329.6590383225633,2.9017486031515287,0.0030002364592224113,3.7217686183636354
2026-07-15T15:48:32+03:00,12.48,294.1,46.00278137105379,15.99912,259.99678827446496,257.55598806720764,0.21302570822964007,6.006959999999999,5.890319999999999,0.07448451336700701,,-16.145950666786597,23.021,58.310977,12.59128047592265,66.07435199241189,326.07114026687685,2.4361274624435576,0.0032407897015968557,3.7250094080652323
2026-07-15T15:48:34+03:00,12.48,294.11,46.99972793458143,16.407359999999997,264.998709825957,260.05981363192933,-0.3444049306531378,6.14304,6.201359999999999,-0.1432394487827058,,-12.627989804683345,23.020892,58.310971,13.017642464544178,67.1891604178408,332.1878702437978,2.3815950761506515,0.003429128953761587,3.728438537018994
2026-07-15T15:48:36+03:00,12.33,294.11,48.00240407606037,16.31016,266.99833253096364,251.22480443101205,-3.3766121740444803,5.832,6.35688,0.4239887683968092,,-13.83693075240938,23.020779,58.310964,13.143170360912912,67.25704032901197,334.25537285997564,2.2546374452344766,0.0035927105634864943,3.7320312475824804
2026-07-15T15:48:38+03:00,12.33,294.11,50.002026781066945,15.70752,255.99754286445182,250.4742297193907,0.8587491433420777,5.96808,6.37632,-0.3323155211758775,,-15.487049202386151,23.020681,58.310946,12.721423667772388,71.06475457305092,327.0622974375027,1.936638021649532,0.0032780585553258464,3.735309306137806
2026-07-15T15:48:40+03:00,12.33,294.12,50.998973344594575,15.49368,255.99754286445182,248.50898448209193,0.5019110285346011,6.08472,6.55128,-0.6760901982543714,,-16.804852131187047,23.020578,58.310929,12.586394397938609,73.06625538201293,329.0637982464647,1.7722700049366915,0.0034089879488160527,3.738718294086622
2026-07-15T15:48:42+03:00,12.33,294.13,50.998973344594575,15.29928,248.99599860795314,249.2996662393725,-0.6232061937637964,6.18192,6.6095999999999995,-0.4354479242994257,,-20.57491442314786,23.02048,58.310914,12.37903781354579,73.83469747258825,322.8306960805414,1.7211053510223564,0.003223042849800966,3.741941336936423
2026-07-15T15:48:44+03:00,12.33,294.12,52.00164948607352,15.20208,254.9948667229729,250.50860718709856,-0.15212029460723356,5.7153599999999996,6.43464,-0.7047380880109125,,-19.09095373375903,23.020388,58.310896,12.521524694879618,73.08280475802871,328.07767148100163,1.663108795742399,0.0030998588724317666,3.7450411958088545
2026-07-15T15:48:46+03:00,12.18,294.12,52.99859604960115,15.10488,253.99792015944524,249.05329438746622,-2.373019300093331,6.29856,6.454079999999999,-0.3495042550298022,,-19.165438247126037,23.020267,58.31088,12.381978185134251,76.96798800691361,330.9659081663589,1.420296395203113,0.003939780927870508,3.7489809767367253
2026-07-15T15:48:48+03:00,12.03,294.12,54.00127219108009,14.696639999999999,257.9971655694584,246.28017865903306,-0.7744670516783337,6.201359999999999,6.648479999999999,0.02864788975654116,,-20.110818609091893,23.02016,58.310867,12.13716872084034,78.41769720070475,336.41486277016315,1.245080198562251,0.0034677310558716727,3.7524487077925968
2026-07-15T15:48:50+03:00,11.85,294.13,56.00089489608667,14.91048,251.9982974544387,244.55557569568927,-0.625727208062372,6.47352,7.5816,-0.1432394487827058,,-18.22005788516018,23.02005,58.310844,12.501243802197436,81.42436365630455,333.42266111074326,0.9652981903199824,0.0037382978597538604,3.7561870056523508
2026-07-15T15:48:52+03:00,11.36,294.11,56.00089489608667,15.007679999999999,252.99524401796634,244.85351374915732,2.1996995670662565,6.53184,7.13448,-0.7219268218648373,,-17.675747979785896,23.019937,58.310819,12.58034462549163,81.49695843922419,334.4922024571905,0.965810358303845,0.003871526718274939,3.7600585323706257
2026-07-15T15:48:54+03:00,11.1,294.12,56.00089489608667,14.79384,251.9982974544387,243.2721502345962,-2.0609291890855714,6.82344,6.68736,-0.29793805346802804,,-19.045117110148563,23.019826,58.310801,12.350074046425323,83.26222462638529,335.260522080824,0.8005636033224887,0.003668049339181257,3.763726581709807
2026-07-15T15:48:56+03:00,10.76,294.12,56.99784145961429,14.91048,251.9982974544387,236.33363133556196,-3.787938575168899,7.1150400000000005,6.804,-0.47555496995858326,,-15.784987255854181,23.019704,58.31078,12.545096716542202,85.39927935658383,337.39757681102253,0.5707077563826414,0.0040537165788769305,3.767780298288684
2026-07-15T15:48:58+03:00,10.46,294.12,63.002439152585325,14.502239999999999,247.99905204442555,228.75339970598117,-2.611713517544832,6.84288,7.1150400000000005,-0.20053522829578813,,-13.504615231233505,23.019592,58.310755,12.92447715670775,91.15069810845125,339.1497501528768,-0.13741954154087122,0.003842452399397113,3.7716227506880813
2026-07-15T15:49:00+03:00,10.16,294.11,67.00168456259847,13.9968,237.99520894144138,223.2759231845305,-2.6263812371001807,7.095599999999999,7.56216,-0.7734930234266114,,-9.585583912538674,23.01948,58.310721,12.986603055733935,97.19706676954753,335.1922757109889,-0.8889540993941271,0.00408447440363111,3.7757072250917125
2026-07-15T15:49:02+03:00,10.12,294.11,71.99787653613924,13.9968,232.9990169679006,212.83663215724692,-6.080915671282454,7.03728,7.2122399999999995,-1.088619810748564,,-2.836141085897575,23.019377,58.31068,13.584947510182866,101.51349188775104,334.5125088556516,-1.4046317950149356,0.0040805085070252396,3.779787733598738
2026-07-15T15:49:04+03:00,10.23,294.11,78.9994207926379,13.5108,221.99822730138877,198.89083942376266,-8.428323757933436,6.6095999999999995,7.698239999999999,-0.716197243913529,,-4.469070802020421,23.01929,58.310635,13.861742116662816,106.90797007632648,328.9061973777152,-1.9223049159456556,0.003855195241185751,3.7836429288399236
2026-07-15T15:49:06+03:00,10.38,294.11,88.99753431767077,12.59712,209.99476149339802,191.3449852618897,-1.489403788442575,6.92064,7.03728,-0.6760901982543714,,-4.228428528065476,23.019223,58.310581,14.266470543507584,118.01157979571224,328.00634128911025,-3.2502785885670176,0.003874389561745818,3.7875173184016693
2026-07-15T15:49:10+03:00,10.57,294.12,101.99794668918915,10.4976,198.9997014048375,174.58596975431314,-3.4053173595805344,6.78456,6.318,-0.7276563998161455,,-0.9167324722093171,23.019126,58.310455,13.632331872321865,131.12905507571182,330.1287564805493,-4.462593855925526,0.003864815131310316,3.7913821335329794
2026-07-15T15:49:12+03:00,10.68,294.12,112.99873635570096,9.70056,190.9954810068599,173.77236968522737,1.3617487916874276,6.57072,5.98752,-0.4297183463481174,,-4.234158106016784,23.019098,58.310388,13.677820695408688,139.24355615055774,330.23903715741767,-4.977264982946245,0.0041231225067723245,3.7955052560397515
2026-07-15T15:49:14+03:00,10.83,294.11,125.0022021636917,8.70912,186.9962355968468,174.56305144250788,0.7415219784583114,6.2208000000000006,5.890319999999999,-0.4469070802020421,,-4.543555315387428,23.019083,58.31033,13.292879003499253,147.54270058192023,334.538936178767,-5.249059049982166,0.0035182739989092493,3.799023530038661
2026-07-15T15:49:16+03:00,10.87,294.11,127.00182486869828,7.698239999999999,186.9962355968468,173.85258377654569,-1.0088067898868407,6.35688,5.754239999999999,-0.5271211715203573,,-1.3120733508495852,23.019078,58.310271,12.592739981443348,150.77680051761104,337.7730361144578,-5.5478047145791605,0.0035498677893167595,3.802573397827978
2026-07-15T15:49:18+03:00,11.06,294.11,127.00182486869828,7.892639999999999,187.99891173832572,170.88466239776804,-1.8008063500961775,6.25968,5.832,-0.4354479242994257,,-1.9365973475421825,23.019064,58.310214,12.68643756311861,150.20852382022127,338.207435558547,-5.432396797364752,0.003454540745114334,3.8060279385730924
2026-07-15T15:49:20+03:00,11.13,294.1,129.00144757370484,7.795439999999999,180.99736748182707,169.6126960925776,0.5605819067559974,6.74568,5.754239999999999,-0.5385803274229739,,-2.6184171237478617,23.019063,58.310152,13.132458195977604,152.52864061127008,333.5260080930972,-5.9850474980399255,0.003726812184797939,3.8097547507578904
2026-07-15T15:49:22+03:00,11.28,294.1,133.000692983718,7.40664,178.99774477682047,170.75288210488796,0.8113082379052456,5.773680000000001,5.79312,0.08594366926962349,,-4.194051060357626,23.019075,58.310097,12.104702455873337,153.41682225415698,332.4145670309774,-5.163319241167061,0.0033275680639981453,3.8130823188218885
2026-07-15T15:49:24+03:00,11.28,294.09,135.00031568872456,7.095599999999999,181.9943140453547,171.96755263056528,0.08027138709782833,5.50152,5.57928,-0.6130648407899808,,-3.300236899953542,23.019079,58.31005,11.654211008101104,154.49971638712998,336.4940304324847,-4.965579269643033,0.0028278846702439143,3.8159102034921326
2026-07-15T15:49:26+03:00,11.43,294.09,133.99763954724563,7.095599999999999,180.99736748182707,170.25440882312412,-1.6276012086281297,5.50152,5.09328,-0.49847328176381617,,-2.6298762796504787,23.019078,58.310001,11.612326614352801,153.92399003494992,334.921357516777,-4.941529641741082,0.002945447359572752,3.8188556508517055
2026-07-15T15:49:28+03:00,11.28,294.1,133.000692983718,7.60104,180.99736748182707,168.3521889432898,-2.1244702085655796,4.957199999999999,5.346,-0.8193296470370772,,-2.0741072183735803,23.019075,58.309952,11.56484042696969,151.270184915282,332.26755239710906,-4.346949596693125,0.002946801062740208,3.821802451914446
2026-07-15T15:49:30+03:00,11.43,294.08,136.99993839373113,7.503839999999999,176.99812207181392,163.79144489404842,-1.393834428214754,4.82112,4.957199999999999,-0.5500394833255903,,-1.3178029288008932,23.019079,58.309902,11.50943084436759,153.5993629156079,330.5974849874218,-4.318310045658125,0.0030080386748006145,3.8248104905892464
2026-07-15T15:49:32+03:00,11.43,294.08,138.99956109873773,7.3094399999999995,172.99887666180075,163.9862505443929,-0.1799087476710785,4.87944,4.87944,-0.3036676314193363,,-3.019487580339438,23.019094,58.309856,11.448641567521737,155.23687758979344,328.2357542515942,-4.430762145152378,0.0028052293900135655,3.82761571997926
2026-07-15T15:49:34+03:00,11.43,294.09,140.00223724021666,6.804,176.99812207181392,163.21275752096628,-0.0803859786568545,4.00464,4.704479999999999,-0.26356058576017866,,-2.4809072529164644,23.0191,58.309817,10.201893221683498,154.61633176373385,331.6144538355478,-3.6180221274679174,0.002351844360979556,3.8299675643402393
2026-07-15T15:49:36+03:00,11.43,294.08,142.99880650875087,6.9984,176.99812207181392,161.93506163782456,0.53107458030676,4.393439999999999,4.510079999999999,-0.05729577951308232,,-2.2861016025719847,23.019105,58.309778,10.83469055406709,157.1239874027836,334.12210947459755,-4.047888190173754,0.0023495115210853297,3.8323170758613245
2026-07-15T15:49:38+03:00,11.4,294.07,144.99842921375745,7.1928,172.99887666180075,163.40756317131078,-0.20248328479923294,4.68504,4.84056,-0.4297183463481174,,-3.4320171928336314,23.019115,58.309733,11.353122628394642,158.69054019361764,331.68941685541836,-4.36472962641558,0.0027232157792810192,3.8350402916406057
2026-07-15T15:49:40+03:00,11.43,294.08,148.00072806024295,7.40664,173.9958232253284,164.08365336956516,1.018776255522117,4.393439999999999,4.723920000000001,0.03437746770784939,,-1.6615776058793876,23.01912,58.309688,11.37335066514271,159.81264674653104,333.80846997185944,-4.123547539238963,0.0027094510599493487,3.837749742700555
2026-07-15T15:49:42+03:00,11.43,294.08,148.99767462377056,7.503839999999999,176.99812207181392,163.1268138516967,-1.3881048502634454,4.62672,4.45176,-0.4239887683968092,,-3.3861805692231655,23.019121,58.309641,11.714574492095291,160.7352929149868,337.7334149868007,-4.367643861614418,0.0028252391325836856,3.8405749818331385
2026-07-15T15:49:44+03:00,11.43,294.08,150.0003507652495,7.892639999999999,178.99774477682047,162.65698845968942,-0.4033622877720996,4.62672,4.7628,-0.22345354010102106,,-2.9335439110698154,23.019125,58.309598,12.122288902532786,161.0017649317186,339.9995097085391,-4.374696102281031,0.0025877160954283275,3.843162697928567
2026-07-15T15:49:46+03:00,11.43,294.08,148.99767462377056,8.00928,177.99506863534154,162.55385605656585,-0.4954939012291359,4.74336,4.41288,-0.08594366926962349,,-2.1084846860814292,23.019131,58.309554,12.319722137073667,160.43607078186997,338.4311394172115,-4.469518479418463,0.002651516833361679,3.8458142147619285
2026-07-15T15:49:48+03:00,11.43,294.07,151.9999734702561,8.00928,175.99544593033497,161.64858274025917,1.0158541707669495,4.84056,4.29624,-0.20626480624709637,,-4.89305957041723,23.019136,58.309507,12.491687952013532,162.4816782340042,338.47712416433916,-4.616058427359724,0.0028294709419814843,3.84864368570391
2026-07-15T15:49:50+03:00,11.43,294.07,157.0018950217482,8.10648,170.9992539567942,163.47058852877518,0.8021409131831525,4.29624,4.41288,-0.6474423084978302,,-2.859059397702808,23.019149,58.30946,12.17748527377106,164.92476742542217,335.9240213822164,-4.148385543841574,0.002854730136083338,3.8514984158399934
2026-07-15T15:49:52+03:00,11.43,294.06,153.99959617526267,8.00928,174.99849936680735,162.8517941100339,-1.055044483953898,4.52952,4.21848,-0.3380450991271857,,-2.8476002418001913,23.01916,58.309419,12.242472904989016,163.33378673981758,338.3322861066249,-4.339242935881569,0.002488773590684482,3.853987189430678
2026-07-15T15:49:54+03:00,11.43,294.05,153.99959617526267,7.892639999999999,174.99849936680735,163.21275752096628,0.4449017279190842,4.0824,4.21848,-0.21772396214971285,,-2.194428355351053,23.019173,58.309384,11.699550731932648,162.798439925781,337.7969392925884,-3.8997955139595315,0.0021434445075807504,3.8561306339382586
2026-07-15T15:49:56+03:00,11.43,294.04,153.00264961173502,8.203679999999999,177.99506863534154,162.55385605656585,-1.9788243370433243,4.5684000000000005,4.33512,-0.12032113697747288,,-2.532473454478239,23.019178,58.30935,12.44821084889851,162.59261071246445,340.587679347806,-4.359175293284728,0.002049751883026517,3.858180385821285
2026-07-15T15:49:58+03:00,11.28,294.04,151.9999734702561,8.59248,179.99469134034814,163.04659976037837,0.9504796863425227,4.52952,4.43232,-0.12032113697747288,,-1.7647100090029357,23.019182,58.309301,12.770103843940232,161.58554193879243,341.58023327914054,-4.297591954081952,0.002947985141607963,3.861128370962893
2026-07-15T15:50:00+03:00,11.28,294.05,153.99959617526267,8.59248,177.99506863534154,162.51947858885802,-1.8066505196065117,4.64616,4.43232,-0.1546986046853223,,-1.8277353664673262,23.019189,58.309256,12.929835525802288,163.0628617386414,341.0579303739829,-4.444632597612536,0.002713863600799198,3.8638422345636925
2026-07-15T15:50:02+03:00,11.28,294.04,151.9999734702561,8.59248,173.9958232253284,160.68028406648807,-0.3849130467688871,4.60728,4.41288,-0.34377467707849396,,-3.4893129723467133,23.019202,58.309215,12.843905734980119,161.6951180313999,335.69094125672825,-4.374145734775946,0.0024983705631547717,3.8663406051268474
2026-07-15T15:50:04+03:00,11.43,294.05,155.0022723167416,8.80632,171.99620052032182,163.72268995863274,0.5796041055543408,4.60728,4.64616,-0.2119943841984046,,-4.881600414514614,23.019212,58.309173,13.127194771179157,163.53154194550012,335.5277424658219,-4.418270683053701,0.0025441954798949827,3.8688848006067422
2026-07-15T15:50:06+03:00,11.43,294.05,153.99959617526267,8.203679999999999,174.99849936680735,165.0233041535797,2.6136615740482765,4.80168,4.84056,-0.2578310078088704,,-2.291831180523293,23.019222,58.309132,12.695111167592314,163.5437602824593,338.5422596492666,-4.604985781298276,0.0024845637552984535,3.8713693643620406
2026-07-15T15:50:08+03:00,11.28,294.04,150.99729732877717,7.698239999999999,177.99506863534154,166.70780007126436,0.450287531193314,4.704479999999999,4.68504,0.0,,-3.346073523564008,23.019225,58.309092,12.030968677767385,161.9262518784744,339.92132051381594,-4.472351444862626,0.0024061741306992974,3.87377553849274
2026-07-15T15:50:10+03:00,11.28,294.04,148.99767462377056,7.698239999999999,180.99736748182707,167.25783955458994,0.7055975247036088,5.346,5.28768,-0.09167324722093173,,-6.480152662929611,23.019231,58.309044,12.585466888857766,161.63567282060774,342.6330403024348,-5.073740801225292,0.0028913843701785795,3.8766669228629187
2026-07-15T15:50:12+03:00,11.28,294.04,150.99729732877717,7.40664,179.99469134034814,166.95417192317058,0.5540501878915061,5.151599999999999,5.22936,-0.09740282517223994,,-4.354479242994256,23.019233,58.308997,12.171261810649938,162.83953782137752,342.83422916172566,-4.92226206279377,0.0028257684768573086,3.879492691339776
2026-07-15T15:50:14+03:00,10.98,294.04,146.99805191876402,7.3094399999999995,178.99774477682047,167.3208649120543,2.60667148894768,5.6181600000000005,5.598719999999999,-0.20626480624709637,,-2.4121523175007655,23.019237,58.30895,12.40448063647909,161.27962943662104,340.2773742134415,-5.320938151355515,0.00282788484490797,3.882320576184684
2026-07-15T15:50:16+03:00,10.87,294.05,144.99842921375745,7.503839999999999,177.99506863534154,167.29221702229776,-1.3271421408615258,5.6181600000000005,5.67648,-0.23491269600363757,,-2.137132575837971,23.01924,58.308904,12.527460386392024,159.9048160544399,337.8998846897814,-5.2761440345968555,0.002766577276709708,3.8850871534613938
2026-07-15T15:50:18+03:00,10.68,294.04,144.99842921375745,6.901199999999999,177.99506863534154,165.97441409349688,-0.014553127996322909,5.46264,5.5598399999999994,-0.2864788975654116,,-1.3349916626548182,23.019244,58.308853,11.799485688465559,160.3981202265241,338.3931888618656,-5.146060601633571,0.0030680945733514496,3.8881552480347454
2026-07-15T15:50:20+03:00,10.57,294.05,144.99842921375745,6.9984,178.99774477682047,163.4533997949212,-0.3654897775139521,5.79312,5.46264,-0.4297183463481174,,-1.5412564689019144,23.01925,58.308797,12.204819812837282,160.79743328725388,339.7951780640743,-5.470800285710283,0.0033713599825163313,3.8915266080172617
2026-07-15T15:50:22+03:00,10.53,294.04,146.00110535523638,7.095599999999999,175.99544593033497,165.18373233621637,0.20236869324020676,5.404319999999999,5.69592,-0.20626480624709637,,-3.374721413320549,23.019253,58.308744,11.963990619574837,160.63186699158558,336.6273129219205,-5.0984746948928175,0.003187117137156633,3.894713725154418
2026-07-15T15:50:24+03:00,10.53,294.04,146.99805191876402,7.095599999999999,177.99506863534154,163.57945050985003,-2.2448486413225655,5.5598399999999994,5.443199999999999,-0.2578310078088704,,-2.2861016025719847,23.019252,58.308687,12.142062386328082,161.44022806762104,339.43529670296255,-5.270684517450839,0.00342628534786931,3.8981400105022876
2026-07-15T15:50:26+03:00,10.76,294.04,144.99842921375745,6.9984,174.99849936680735,160.23337698628603,0.1682204086504097,5.50152,5.01552,-0.26356058576017866,,-1.9824339711526484,23.019257,58.308634,11.929829499325427,160.33679897197652,335.3352983387839,-5.180709063795285,0.0031896190336894977,3.901329629535977
2026-07-15T15:50:28+03:00,11.25,294.03,148.99767462377056,7.3094399999999995,172.99887666180075,156.58363583130267,-0.10341888202111359,5.326560000000001,5.28768,-0.18907607239317165,,-0.7047380880109125,23.019273,58.308579,12.187892469931713,162.00678019116654,335.00565685296726,-5.066054343820038,0.003344308458667134,3.9046739379946445
2026-07-15T15:50:30+03:00,11.4,294.04,153.00264961173502,7.40664,168.99963125178763,156.44612596047128,-0.9953422817012659,5.346,5.0544,-0.22918311805232927,,-1.8621128341751756,23.019291,58.308528,12.409677695643513,164.2799774077477,333.27960865953537,-5.14604422260658,0.003117742566914869,3.907791680561559
2026-07-15T15:50:32+03:00,11.43,294.03,155.99921888026924,7.60104,164.99465626382317,157.19670067209265,-0.5826980776480473,5.46264,5.20992,-0.37242256683503505,,-2.274642446669368,23.019319,58.308479,12.785921464766584,166.006826727039,331.0014829908622,-5.300533667623826,0.0030751276929047444,3.9108668082544638
2026-07-15T15:50:34+03:00,11.43,294.03,159.00151772675477,7.60104,166.99427896882975,154.4293145216108,0.8746773700467148,5.307119999999999,4.93776,-0.20053522829578813,,-2.899166443361966,23.01934,58.308427,12.698924293622445,167.6144429430943,334.608721911924,-5.183604090547723,0.0031951709281735413,3.9140619791826374
2026-07-15T15:50:36+03:00,11.58,294.03,159.00151772675477,7.60104,161.99808699528896,155.8788977432918,-1.2807325594559293,4.87944,4.97664,-0.1604281826366305,,-3.076783359852521,23.019361,58.308384,12.281540544262212,167.18648800611456,329.1845750014035,-4.75792769445998,0.0026683434594591644,3.9167303226420964
2026-07-15T15:50:38+03:00,11.62,294.03,159.99846429028239,7.698239999999999,164.99465626382317,157.69517395385648,1.084952880859727,5.01552,4.957199999999999,-0.40107045659157625,,-3.3575326794666243,23.019386,58.308341,12.529244508925853,167.8682664374832,332.8629227013064,-4.903508334030543,0.0027025045107540607,3.9194328271528507
2026-07-15T15:50:40+03:00,11.73,294.04,157.0018950217482,7.40664,169.99657781531528,156.514880895887,-0.8033441245529273,5.1710400000000005,4.723920000000001,-0.1776169164905552,,-2.148591731740587,23.0194,58.308296,12.333275752785042,166.43007740059477,336.42665521591005,-5.026686821554134,0.0027407366585793587,3.92217356381143
2026-07-15T15:50:42+03:00,11.73,294.03,153.00264961173502,7.698239999999999,166.99427896882975,157.54620492712246,-1.1888301291169452,4.957199999999999,4.87944,0.24064227395494575,,-3.437746770784939,23.01942,58.30825,12.322459490830711,163.5250065515157,330.5192855203454,-4.753675219331803,0.002836164967318201,3.925009728778748
2026-07-15T15:50:44+03:00,11.73,294.04,155.99921888026924,7.892639999999999,166.99427896882975,157.75246973336957,1.274945685725108,4.91832,4.93776,-0.22918311805232927,,-2.899166443361966,23.019441,58.308205,12.546242037478546,165.17430327830468,332.1685822471344,-4.754582860724516,0.002784948519123669,3.927794677297872
2026-07-15T15:50:46+03:00,11.88,294.03,153.99959617526267,8.00928,163.9977097002955,159.23070084480707,0.20139466498848435,5.19048,5.307119999999999,0.005729577951308233,,-2.9965692685342056,23.019461,58.308159,12.877062467979265,164.17725599422664,328.17496569452214,-4.993811850957905,0.0028361653283609845,3.930630842626233
2026-07-15T15:50:48+03:00,11.73,294.04,151.9999734702561,7.698239999999999,170.9992539567942,161.20740523800845,1.0726342882644142,5.326560000000001,5.07384,0.005729577951308233,,-4.715442653926675,23.019469,58.308109,12.650924755567797,163.4005393656032,334.3997933223974,-5.104577017193768,0.0030159843111845957,3.9336468269374176
2026-07-15T15:50:50+03:00,11.88,294.04,153.00264961173502,7.60104,173.9958232253284,160.81779393731946,-0.09373589528340269,5.13216,5.03496,0.03437746770784939,,-3.2945073220022336,23.019478,58.308055,12.394853888287617,163.83642292960928,337.8322461549377,-4.929290058492183,0.0032582349722831113,3.936905061909701
2026-07-15T15:50:52+03:00,11.88,294.04,150.0003507652495,7.60104,177.99506863534154,160.4224530586792,0.16644423948550416,5.1127199999999995,4.996079999999999,0.08021409131831525,,-2.939273489021123,23.019482,58.308009,12.297434391760065,161.9982192944993,339.99328792984085,-4.862436567117428,0.0027678385708042896,3.939672900480505
2026-07-15T15:50:54+03:00,11.88,294.04,150.99729732877717,7.503839999999999,175.99544593033497,160.47401926024096,-0.015126085791453735,5.346,5.19048,-0.10313240312354818,,-2.985110112631589,23.019489,58.307958,12.452194975499207,163.01167269613845,339.0071186264734,-5.1127235484498605,0.003073452661408803,3.942746353141914
2026-07-15T15:50:56+03:00,11.88,294.04,150.0003507652495,7.40664,172.99887666180075,159.786469906084,-0.5746766685162157,5.22936,5.1127199999999995,0.05156620156177409,,-3.6153636872754946,23.019495,58.307912,12.218450331023321,162.35675558171766,335.3556322435184,-4.98338230759435,0.0027714389066884645,3.9455177920486024
2026-07-15T15:50:58+03:00,11.88,294.05,150.0003507652495,7.095599999999999,172.99887666180075,159.48853185261595,-0.2885415456278826,5.404319999999999,4.89888,0.13178029288008933,,-4.749820121634524,23.019495,58.307865,12.081937582842881,162.92388599709676,335.9227626588975,-5.166073330629565,0.002825062671019332,3.9483428547196215
2026-07-15T15:51:00+03:00,12.03,294.04,150.99729732877717,7.095599999999999,172.99887666180075,160.37088685711743,-0.22001579333023613,4.957199999999999,5.151599999999999,0.14896902673401402,,-3.72995524630166,23.019498,58.307815,11.681097929228653,162.8712899281756,335.87016658997635,-4.737326147882838,0.003006878515746237,3.951349733235368
2026-07-15T15:51:02+03:00,12.03,294.04,148.00072806024295,6.901199999999999,171.99620052032182,157.79257677902874,-0.502483986329732,5.1710400000000005,4.91832,-0.10886198107485642,,-2.0282705947631143,23.019504,58.307769,11.61439761986546,161.64714274515717,333.64334326547896,-4.908017145845621,0.00277143895829171,3.9541211721936596
2026-07-15T15:51:04+03:00,12.03,294.04,146.99805191876402,6.9984,176.99812207181392,155.81014280787605,-0.4285724307578558,5.19048,5.03496,-0.22345354010102106,,-1.9881635491039567,23.019508,58.307724,11.698155804541019,160.98314122099683,337.98126329281075,-4.907197818871132,0.002707794913052137,3.956828967106712
2026-07-15T15:51:06+03:00,12.03,294.04,150.99729732877717,7.095599999999999,177.99506863534154,154.53817650268564,-0.5462579618777269,4.93776,5.326560000000001,0.08021409131831525,,-2.2689128687180604,23.019513,58.307675,11.6625215850208,162.8431618477839,340.83823048312547,-4.71803389071626,0.0029495071467479737,3.9597784742534596
2026-07-15T15:51:08+03:00,12.11,294.04,155.0022723167416,7.40664,173.9958232253284,158.46293739933176,2.246624810487471,5.0544,5.09328,0.1432394487827058,,-5.288400449057497,23.019532,58.307626,12.176363441652615,165.10500181311397,339.1008250384424,-4.884564693868473,0.0030057683138371223,3.9627842425672966
2026-07-15T15:51:10+03:00,12.18,294.05,155.0022723167416,7.3094399999999995,170.9992539567942,163.9805209664416,2.1451539849698023,5.13216,4.91832,0.24064227395494575,,-6.932789321082962,23.019551,58.307579,12.155874120800222,165.27957922152476,336.27883317831896,-4.96370839289328,0.002888072042184026,3.9656723146094808
2026-07-15T15:51:12+03:00,12.18,294.04,148.99767462377056,7.1928,172.99887666180075,166.79947331848524,0.3609634109324186,4.93776,5.443199999999999,0.1432394487827058,,-5.2998596049601145,23.019569,58.307532,11.704837346912184,161.5473957667259,334.54627242852666,-4.683889064216524,0.0028816775346078498,3.9685539921440887
2026-07-15T15:51:14+03:00,12.18,294.05,142.00185994522323,7.1928,180.99736748182707,167.22919166483337,1.8314022963561634,5.22936,5.52096,0.09740282517223994,,-4.188321482406318,23.019574,58.307485,11.762828973408752,157.8858880055548,338.88325548738186,-4.844667039065002,0.0028294714455649374,3.9713834635896537
2026-07-15T15:51:16+03:00,12.33,294.06,138.00261453521009,7.40664,181.9943140453547,168.54699459363425,-0.36222391808170645,5.42376,6.1236,-0.045836623610465865,,-3.7643327140095084,23.019571,58.307441,11.99937200463127,155.6064772350835,337.6007912804382,-4.939582875994491,0.0026464356801733915,3.974029899269827
2026-07-15T15:51:18+03:00,12.33,294.06,133.99763954724563,7.095599999999999,185.99928903331917,171.09092720401514,1.32926208470351,5.52096,5.48208,0.20626480624709637,,-5.007651129443396,23.019565,58.307393,11.629790989138543,153.96608869493414,339.9653777282533,-4.960772662226283,0.0028913849495959473,3.9769212842194226
2026-07-15T15:51:20+03:00,12.48,294.05,133.000692983718,7.095599999999999,186.9962355968468,171.2169779189439,-1.557700357622169,5.890319999999999,6.006959999999999,0.07448451336700701,,-3.0825129378038287,23.01956,58.307342,11.918593669100376,154.1893623130469,341.18559790989366,-5.3026895999996135,0.0030695570347044347,3.979990841254127
2026-07-15T15:51:22+03:00,12.48,294.05,129.99839413723248,7.1928,190.9954810068599,168.98817209588498,0.37614679250338545,5.5598399999999994,5.6181600000000005,-0.2578310078088704,,-2.6929016371148693,23.019551,58.307293,11.578327985606984,151.58199119147295,342.5774721983329,-4.889873912219878,0.0029589585623404414,3.982949799816468
2026-07-15T15:51:24+03:00,12.6,294.06,129.99839413723248,7.40664,180.99736748182707,168.78763686758919,-0.3463529871565827,5.42376,5.79312,-0.09740282517223994,,-4.83003421295284,23.01956,58.307246,11.658373932358813,150.87711051875095,331.87447800057805,-4.738076675001238,0.0028393224517624426,3.9857891222682302
2026-07-15T15:51:26+03:00,12.63,294.05,131.99801684223905,7.095599999999999,182.99699018683364,170.10543979639013,-0.8390393951895776,5.7348,5.754239999999999,0.09740282517223994,,-4.9904623955894705,23.019558,58.307194,11.734125333964464,153.29531415433624,336.2923043411699,-5.123095484807046,0.0031262392729121003,3.9889153615411423
2026-07-15T15:51:28+03:00,12.6,294.05,133.000692983718,6.901199999999999,181.9943140453547,169.30329888320693,-0.14954198452914486,5.81256,5.7348,0.21772396214971285,,-2.423611473403382,23.019558,58.307141,11.667390324122174,154.36815071197444,336.3624647573291,-5.240558766436075,0.0031857089693822505,3.9921010705105244
2026-07-15T15:51:30+03:00,12.52,294.06,131.00107027871144,7.1928,180.99736748182707,166.9140648775114,-2.076112570656538,5.67648,5.598719999999999,-0.14896902673401402,,-2.217346667156286,23.019565,58.307083,11.727465493534782,152.42701760335882,333.4243850851859,-5.031756448889653,0.003493248493553448,3.995594319004078
2026-07-15T15:51:32+03:00,12.48,294.06,133.99763954724563,7.3094399999999995,186.9962355968468,161.8147405008471,-3.396207330637955,5.57928,5.69592,-0.2864788975654116,,-0.9797578296737078,23.019555,58.30703,11.883272286261104,153.73740154447032,340.7336371413171,-5.003361429818557,0.003201321985533372,3.9987956409896115
2026-07-15T15:51:34+03:00,12.48,294.06,138.00261453521009,7.1928,176.99812207181392,155.77576534016822,-3.0109505091919893,5.9292,5.598719999999999,-0.45836623610465854,,-1.925138191639566,23.019553,58.306981,12.258915150035971,156.8844949139913,333.8826169858052,-5.453175905838173,0.0029459551856366685,4.001741596175248
2026-07-15T15:51:36+03:00,12.52,294.06,146.00110535523638,7.095599999999999,172.99887666180075,149.52479579529094,-3.03512932814651,5.81256,5.57928,-0.1604281826366305,,-1.3120733508495852,23.019568,58.30693,12.349869321086555,161.25999305665204,334.2588697184528,-5.504413978266823,0.003101874229233328,4.004843470404481
2026-07-15T15:51:38+03:00,12.48,294.06,153.00264961173502,6.9984,161.99808699528896,143.15350511343618,-4.996363860879318,5.52096,5.57928,-0.40107045659157625,,-1.8563832562238671,23.019592,58.306886,12.178400634642351,164.87860434004418,326.87669133533313,-5.329798332064382,0.0027511895320482317,4.0075946599365295
2026-07-15T15:51:40+03:00,12.63,294.06,165.99733240530213,6.29856,154.9965427387903,133.64240571426453,-5.468710267185169,5.46264,5.46264,-0.20626480624709637,,-1.260507149287811,23.019632,58.30684,11.673945104791716,172.498571770946,327.4951145097363,-5.4158885822491865,0.0030398234093739957,4.010634483345903
2026-07-15T15:51:42+03:00,12.63,294.06,-170.00144795657386,5.307119999999999,149.99462118729824,125.32305852896496,-3.1749883259379437,5.01552,5.07384,-0.22918311805232927,,-0.17188733853924698,23.019681,58.306794,10.283402001718112,174.85914229877028,335.1354788885279,-4.995344677168848,0.0031684862368782274,4.013802969582781
2026-07-15T15:51:44+03:00,12.63,294.07,-155.00141288004892,4.704479999999999,139.99650766226534,119.58775099970543,-2.1016091925398594,4.84056,4.82112,-0.22345354010102106,,3.346073523564008,23.019737,58.306758,9.318856450892158,167.68178524947805,332.3147224127873,-4.729119665058052,0.0027945771355000733,4.016597546718281
2026-07-15T15:51:46+03:00,12.63,294.08,-151.00216747003577,4.996079999999999,136.99993839373113,122.46972870921348,5.138514689851275,4.723920000000001,4.723920000000001,-0.395340878640268,,3.4320171928336314,23.019801,58.306725,9.410687778176658,165.08622786835545,331.9137105253757,-4.564791186546511,0.0028318061800195037,4.0194293528983005
2026-07-15T15:51:48+03:00,12.63,294.07,-142.00100050853052,6.901199999999999,130.99534070076012,125.72412898555656,0.7549864866438857,4.68504,4.704479999999999,-0.12605071492878112,,-1.1745634800181877,23.019862,58.306696,10.978770930050846,157.232473112387,333.7628675883731,-4.319994018478452,0.0025979154179017554,4.022027268316203
2026-07-15T15:51:50+03:00,12.63,294.08,-147.99986862355027,6.39576,135.99726225225223,127.31695165602024,0.49176967556078555,4.704479999999999,5.01552,-0.02864788975654116,,2.3835044277442243,23.019924,58.306664,10.680410892830205,161.49827598731574,334.4989862649365,-4.461324750926001,0.0027446307042445547,4.024771899020447
2026-07-15T15:51:52+03:00,12.63,294.08,-146.0002459185437,5.79312,142.99880650875087,128.10190383534945,0.40886268260535547,4.58784,4.7628,-0.005729577951308233,,-0.7677634454753031,23.019981,58.306631,9.933620230336567,160.96717411311946,342.0316323956314,-4.337031485691924,0.0026785244322706184,4.027450423452717
2026-07-15T15:51:54+03:00,12.63,294.08,-146.0002459185437,6.29856,137.99688495725877,128.25087286208347,-1.3554462559409886,4.859999999999999,5.151599999999999,-0.040107045659157625,,2.0110818609091896,23.020053,58.30659,10.679276470448373,160.74300939944362,337.25387555781515,-4.5880771103661635,0.0033530591003525802,4.03080348255307
2026-07-15T15:51:56+03:00,12.78,294.09,-146.0002459185437,6.006959999999999,143.9957530722785,123.98233728835885,-2.1799898189137563,4.78224,4.957199999999999,-0.13178029288008933,,1.5699043586584558,23.020112,58.306553,10.323981473503254,161.0125108795862,342.9832421926923,-4.52203661353311,0.002901290781935237,4.033704773335005
2026-07-15T15:51:58+03:00,12.78,294.08,-140.00137780352395,6.39576,135.99726225225223,120.70501870021053,-1.838678860354325,4.7628,5.03496,-0.09740282517223994,,-0.27501974166279514,23.020174,58.306514,10.500524889569082,156.95188510353577,339.04537714871645,-4.382616192371926,0.0030542854196981732,4.036759058754703
2026-07-15T15:52:00+03:00,12.78,294.08,-138.00175509851738,7.1928,134.99458611077327,117.58239871674755,-1.0984746848248144,5.22936,5.48208,-0.06875493541569878,,0.1432394487827058,23.020237,58.306485,11.618478091321087,155.5289658538191,339.46562025695414,-4.75961078803964,0.0026450943621808623,4.039404153116884
2026-07-15T15:52:02+03:00,12.9,294.09,-136.0021323935108,6.9984,133.99763954724563,115.88644364316032,-0.9288218816865775,4.996079999999999,5.13216,-0.1546986046853223,,1.283425461093044,23.020306,58.306451,11.146435934077337,154.14269683873408,339.85494270851154,-4.495887628639874,0.002987377057329017,4.042391530174213
2026-07-15T15:52:04+03:00,12.93,294.09,-131.00021084201873,7.3094399999999995,129.99839413723248,116.57399299731729,1.0896511347797995,5.22936,5.151599999999999,0.045836623610465865,,-0.5500394833255903,23.020382,58.306421,11.442391772349996,151.17672679709685,338.8216673401356,-4.581499412618427,0.003001952698582952,4.045393482872797
2026-07-15T15:52:06+03:00,12.93,294.09,-129.99753470053977,7.698239999999999,129.99839413723248,118.32151427246632,-0.7732065445290459,4.859999999999999,5.38488,0.0,,0.9224620501606254,23.020455,58.30639,11.44455469834617,148.9823278145479,341.0160663226846,-4.165060837168877,0.0029641779118772496,4.048357660784674
2026-07-15T15:52:08+03:00,12.97,294.09,-132.9998335470253,7.40664,130.99534070076012,115.72028588257237,-1.1082722631215514,5.326560000000001,5.19048,-0.12605071492878112,,2.0225410168118056,23.020529,58.306353,11.706522495429892,152.4369812322152,338.55835946854495,-4.722008364275826,0.0032259935998618585,4.051583654384536
2026-07-15T15:52:10+03:00,13.08,294.1,-129.99753470053977,7.3094399999999995,128.99571799575352,116.55107468551205,0.05425910319888896,5.67648,5.151599999999999,-0.10886198107485642,,0.7964113352318443,23.020609,58.306313,11.789340463918226,151.64274125899558,337.3529767367579,-4.995320179761523,0.003487562640442491,4.055071217024978
2026-07-15T15:52:12+03:00,13.08,294.1,-131.00021084201873,7.503839999999999,127.99877143222591,116.20157043048223,-1.1730737897508474,5.3654399999999995,5.19048,0.1432394487827058,,1.7589804310516275,23.020685,58.306281,11.744083577122952,151.16967360559934,336.8290978266266,-4.700402121180051,0.0030756738332013804,4.05814689085818
2026-07-15T15:52:14+03:00,13.08,294.09,-131.00021084201873,7.40664,129.99839413723248,115.40515909525043,-0.21823962416533058,5.22936,5.09328,-0.44117750225073393,,1.478231111437524,23.020752,58.306247,11.533675768569852,151.01018165426203,338.9882124829704,-4.574151760968861,0.0029416362237161147,4.061088527081896
2026-07-15T15:52:16+03:00,13.08,294.11,-131.00021084201873,7.40664,129.99839413723248,113.26229694146112,-0.5201310864197614,5.2488,5.20992,-0.48701412586119974,,2.9965692685342056,23.020823,58.306214,11.550683892753078,151.0569167583104,338.94147737892206,-4.593229488657332,0.002993601497500874,4.064082128579397
2026-07-15T15:52:18+03:00,13.12,294.11,-127.99791199553322,7.40664,129.99839413723248,109.23440364169146,-2.33508949405567,4.87944,5.404319999999999,0.12032113697747288,,3.0997016716577535,23.020886,58.306186,11.097995364127287,148.26967818174612,341.72871595548634,-4.150124265862607,0.0026058882864060076,4.066688016865803
2026-07-15T15:52:20+03:00,13.08,294.11,-123.00172002199243,7.60104,124.99647258574039,108.79322613944072,-0.2294695969498947,5.07384,5.6181600000000005,-0.6474423084978302,,1.6443888720254627,23.020961,58.306157,11.204070838742858,145.32241337716124,339.67405920857914,-4.1725569201265005,0.002940757871493299,4.069628774737296
2026-07-15T15:52:22+03:00,13.23,294.11,-119.99942117550692,8.10648,125.99914872721935,107.02851613043778,-1.1896895658096416,5.2488,5.69592,0.05156620156177409,,1.1860226359208041,23.02103,58.306128,11.653903514734578,142.95711497711784,343.0420337501015,-4.189512572198731,0.0027904181964101505,4.072419192933706
2026-07-15T15:52:24+03:00,13.23,294.12,-117.99979847050034,8.10648,118.99760447072069,108.27183454587167,1.5943696565105419,5.90976,5.81256,-0.05729577951308232,,-0.24064227395494575,23.021123,58.3061,12.067404932193886,143.6201456927696,335.3774587779511,-4.757961952465138,0.003384945451156916,4.075804138384863
2026-07-15T15:52:26+03:00,13.23,294.12,-119.0024746119793,8.10648,117.99492832924174,111.5033165104095,0.04858682102709381,5.67648,5.81256,-0.395340878640268,,-1.1344564343590302,23.021207,58.30608,11.939814989035687,143.57253632132523,334.4223920079165,-4.567348374851577,0.0029123633074659505,4.0787165016923295
2026-07-15T15:52:28+03:00,13.23,294.12,-119.99942117550692,8.00928,123.99952602221278,107.61293308147123,-2.5564803860942202,5.87088,6.1236,-0.19480565034447989,,2.8304115079462666,23.021295,58.306052,12.06799474150018,144.91671075480787,339.0828152674049,-4.804243182925911,0.0032489006174106737,4.0819654023097405
2026-07-15T15:52:30+03:00,13.23,294.12,-119.0024746119793,7.503839999999999,123.99952602221278,106.976949928876,-0.36245310119975876,6.10416,5.98752,-0.31512678732195276,,1.919408613688258,23.02138,58.306023,11.746697611136545,146.0342391144788,337.96528690773397,-5.0626168845412725,0.003200581864605834,4.085165984174346
2026-07-15T15:52:32+03:00,13.23,294.11,-117.99979847050034,7.795439999999999,120.99722717572726,107.81919788771832,1.6341329274926208,5.890319999999999,6.1624799999999995,-0.3495042550298022,,-0.395340878640268,23.021471,58.305997,11.7719377370709,144.21864558653053,336.77858158919673,-4.778546468181866,0.0032711947140056387,4.088437178888352
2026-07-15T15:52:34+03:00,13.23,294.12,-116.99712232902141,8.203679999999999,119.9945510342483,110.77566011059336,-0.10983600932657882,6.045839999999999,6.2208000000000006,0.1776169164905552,,-1.6558480279280792,23.021566,58.305973,12.201732394141809,143.19651769539382,336.79803333885445,-4.84087363029561,0.003328873767555219,4.091766052655907
2026-07-15T15:52:36+03:00,13.23,294.12,-119.99942117550692,7.795439999999999,123.99952602221278,110.75847137673945,-0.24018390771884113,5.81256,5.90976,-0.06302535746439056,,0.7792226013779195,23.02164,58.305949,11.826470666168076,145.19078864816743,338.80873737404534,-4.772445667186916,0.002746288758316832,4.094512341414224
2026-07-15T15:52:38+03:00,13.23,294.12,-119.99942117550692,7.503839999999999,127.99877143222591,110.62096150590804,0.3596456080036177,5.6181600000000005,5.79312,-0.3552338329811104,,0.7448451336700701,23.02172,58.30592,11.4029984036085,145.2568378846631,342.7419335475628,-4.616526105948613,0.0030693675792689166,4.097581708993493
2026-07-15T15:52:40+03:00,13.23,294.12,-119.0024746119793,7.503839999999999,127.99877143222591,109.56098958491602,-0.9723093783370069,5.890319999999999,6.006959999999999,-0.2807493196141034,,3.644011577032036,23.021793,58.305894,11.569961642128934,145.44259027861685,342.55618115360903,-4.851021586294552,0.0027851056084910613,4.100366814601984
2026-07-15T15:52:42+03:00,13.23,294.12,-116.00017576549378,7.40664,121.9999033172062,108.3004824356282,-0.03655470732934652,5.7348,6.10416,-0.1432394487827058,,2.7559269945792595,23.021883,58.30586,11.179742193356944,143.45492143849998,338.5449818787062,-4.607273078333517,0.0035006399809609473,4.103867454582945
2026-07-15T15:52:44+03:00,13.23,294.12,-116.00017576549378,7.40664,118.99760447072069,111.10797563176924,1.0901095010159043,5.5404,5.65704,-0.11459155902616464,,-0.49847328176381617,23.021977,58.305832,11.02417119710751,142.85329084891424,336.1443136218064,-4.416208026553621,0.003412400484274204,4.107279855067219
2026-07-15T15:52:46+03:00,13.23,294.13,-119.99942117550692,7.503839999999999,121.9999033172062,110.84441504600906,-0.9617669549065998,5.754239999999999,5.98752,-0.17188733853924698,,1.673036761782004,23.022059,58.305807,11.515078526192873,145.64271673744224,336.35718657976395,-4.750323519181348,0.0029939576391411924,4.11027381270636
2026-07-15T15:52:48+03:00,13.38,294.14,-119.99942117550692,7.3094399999999995,122.99684988073382,110.79857842239859,0.6268158278731206,6.25968,5.832,-0.08594366926962349,,1.970974815250032,23.022165,58.305768,11.762884917512341,147.44220355350814,335.55464632722567,-5.27596516678703,0.004086650511598116,4.114360463217959
2026-07-15T15:52:50+03:00,13.38,294.14,-121.00209731698585,7.503839999999999,119.9945510342483,111.03922069635354,0.5242563825447033,5.96808,5.79312,-0.17188733853924698,,3.036676314193363,23.02225,58.30574,11.749844131919785,146.81094188725797,333.1836091469903,-4.99450035027967,0.003168264873133972,4.117528728091092
2026-07-15T15:52:52+03:00,13.38,294.13,-119.99942117550692,7.60104,120.99722717572726,110.38604880990441,1.0052544515570294,6.318,5.87088,-0.13750987083139757,,1.1860226359208041,23.022344,58.305712,12.071266026934119,146.95329984234039,334.0439273333869,-5.295914203453566,0.0034124092432380555,4.120941137334331
2026-07-15T15:52:54+03:00,13.53,294.13,-119.99942117550692,7.40664,120.99722717572726,111.88719823314716,0.04652417296462285,5.151599999999999,6.1236,0.011459155902616466,,1.5469860468532228,23.022423,58.305688,10.934014707441914,144.08077292334025,336.916454252387,-4.171996587441063,0.002881857949128669,4.12382299528346
2026-07-15T15:52:56+03:00,13.57,294.13,-121.00209731698585,7.503839999999999,122.99684988073382,111.57207144582522,0.1973839604225686,4.58784,5.851439999999999,-0.11459155902616464,,1.5240677350479896,23.022486,58.30567,10.621670412477197,142.7318935739893,340.2649563067445,-3.651052068993956,0.0022646896160835616,4.126087684899543
2026-07-15T15:52:58+03:00,13.68,294.12,-119.99942117550692,7.795439999999999,124.99647258574039,111.010572806597,-0.09648609270003063,5.19048,5.851439999999999,-0.12032113697747288,,1.7131438074411613,23.022559,58.305644,11.321277968209838,143.39331183233458,341.6031607534058,-4.166646775001472,0.0027851190925106,4.128872803992054
2026-07-15T15:53:00+03:00,13.68,294.129,-119.99942117550692,7.892639999999999,125.99914872721935,112.32837573539788,0.029220847551671987,5.6181600000000005,5.5404,-0.05729577951308232,,-0.12032113697747288,23.022643,58.305617,11.755799692207422,144.44826470590272,341.5508840213166,-4.570883514225836,0.0031097747967828546,4.131982578788836
2026-07-15T15:53:02+03:00,13.68,294.124,-119.0024746119793,8.00928,126.99609529074696,110.89598124757083,-1.3081772378426957,5.6376,5.754239999999999,-0.22918311805232927,,2.4121523175007655,23.022721,58.305586,11.82014560364523,143.65653608798152,343.33955920276543,-4.5409681628569745,0.0030886155973187564,4.135071194386155
2026-07-15T15:53:04+03:00,13.68,294.124,-119.0024746119793,7.795439999999999,119.9945510342483,110.59804319410281,0.7424960067100338,5.48208,5.598719999999999,0.0,,0.492743703812508,23.022803,58.305556,11.500530927850225,143.64176919362205,336.3527818406262,-4.41486260905267,0.003155540266878939,4.138226734653034
2026-07-15T15:53:06+03:00,13.83,294.126,-117.99979847050034,7.795439999999999,124.99647258574039,112.04762641578378,-0.6663499157371474,5.6376,5.67648,-0.13750987083139757,,1.2433184154338865,23.02289,58.305529,11.56786137142653,143.48674954737803,341.5097230383624,-4.5310478017085165,0.0031909788230919853,4.141417713476126
2026-07-15T15:53:08+03:00,13.83,294.128,-119.99942117550692,7.892639999999999,125.99914872721935,110.75847137673945,0.9885240839392093,5.598719999999999,5.67648,-0.3666929888837269,,3.134079139365603,23.022968,58.305503,11.739988927561194,144.3931008577673,341.606047869452,-4.551931017462297,0.0029171713057162445,4.144334884781842
2026-07-15T15:53:10+03:00,13.83,294.119,-121.9990438805135,7.503839999999999,124.99647258574039,112.19086586456649,-1.9393475449588105,5.7348,5.7348,-0.25210142985756223,,2.4121523175007655,23.023038,58.305478,11.610442804492896,146.76323827793053,338.2332343078099,-4.796660225900215,0.0026729830535229446,4.147007867835365
2026-07-15T15:53:12+03:00,13.91,294.128,-123.00172002199243,7.795439999999999,121.9999033172062,112.93571099823657,1.8644046653556987,5.7153599999999996,5.52096,-0.18334649444186346,,1.1974817918234204,23.023113,58.305451,11.91502776180481,146.72268533192937,335.2772179852768,-4.778181972247956,0.0028711725928645465,4.149879040428229
2026-07-15T15:53:14+03:00,13.98,294.124,-121.9990438805135,7.795439999999999,122.99684988073382,115.84633659750115,0.4055395273935967,5.19048,5.346,0.13750987083139757,,1.6558480279280792,23.023189,58.305421,11.427689559246714,144.6545303118055,338.3423195689283,-4.233764226690054,0.0030020069353716146,4.152881047363601
2026-07-15T15:53:16+03:00,13.98,294.119,-132.9998335470253,7.698239999999999,126.99609529074696,115.49683234247135,-1.206878299663566,5.404319999999999,5.22936,-0.2578310078088704,,5.867087822139631,23.023258,58.305392,12.050592466074091,152.1466873595598,334.84940793118716,-4.778211306722552,0.0027904535955777434,4.155671500959179
2026-07-15T15:53:18+03:00,14.13,294.124,-134.00250968850426,7.1928,129.99839413723248,110.41469669966094,-2.05737685075576,4.957199999999999,5.1127199999999995,0.03437746770784939,,6.589014644004467,23.023326,58.305359,11.21829461859845,152.5355986302921,337.4627955069404,-4.398511427310169,0.0029233572491231766,4.158594858208302
2026-07-15T15:53:20+03:00,14.13,294.128,-129.99753470053977,6.901199999999999,127.99877143222591,110.47199247917402,0.43292691000085004,5.01552,5.7348,-0.13178029288008933,,3.2200228086352265,23.023391,58.305325,10.829472408293414,150.77845680491203,337.2203146273139,-4.377237805222342,0.0028965787665925853,4.161491436974894
2026-07-15T15:53:22+03:00,14.13,294.113,-125.001342726999,7.3094399999999995,122.99684988073382,110.34594176424524,-0.25192954251902294,5.598719999999999,5.90976,-0.040107045659157625,,2.6069579678452457,23.023462,58.3053,11.47696256029817,148.55415515566864,334.44269472506517,-4.776456382046329,0.0026991679803399136,4.164190604955234
2026-07-15T15:53:24+03:00,14.13,294.121,-121.9990438805135,7.40664,119.9945510342483,110.80430800034989,0.17223111321632548,5.87088,5.890319999999999,-0.32658594322456924,,2.555391766283472,23.023553,58.30527,11.63657167288026,147.33096314245748,332.6635878917908,-4.942122105041359,0.0033926908716541025,4.167583295826888
2026-07-15T15:53:26+03:00,14.25,294.124,-123.99866658552006,6.9984,119.9945510342483,110.51209952483319,0.07150513283232673,6.10416,6.0652800000000004,-0.246371851906254,,3.3976397251257815,23.02364,58.305242,11.576417489054153,149.92099335247696,330.0735576817714,-5.282144011397046,0.003221983809825145,4.170805279636713
2026-07-15T15:53:28+03:00,14.28,294.118,-123.00172002199243,6.6095999999999995,117.99492832924174,110.01935582102067,-0.17629911356175432,6.045839999999999,6.25968,-0.4812845479098915,,3.449205926687555,23.023733,58.305217,11.125160380962452,150.11536862079708,327.8795597084447,-5.241927246609563,0.0032990650074105955,4.174104344644124
2026-07-15T15:53:30+03:00,14.17,294.118,-127.99791199553322,6.901199999999999,119.9945510342483,110.0365445548746,0.7117281731115086,5.890319999999999,6.201359999999999,-0.040107045659157625,,1.8391945223699424,23.023816,58.30519,11.505377640611865,151.79152575205205,328.2030252821962,-5.190747607183251,0.0030829073851251806,4.177187252029249
2026-07-15T15:53:32+03:00,14.28,294.124,-131.00021084201873,7.60104,121.9999033172062,111.46893904270166,-0.7403760628680497,6.0652800000000004,6.201359999999999,-0.11459155902616464,,2.778845306384493,23.023903,58.305162,12.452129347424265,152.56842188309813,329.4314814341081,-5.383309711182713,0.003221989107501753,4.180409241136751
2026-07-15T15:53:34+03:00,14.21,294.108,-131.99715740554637,8.00928,120.99722717572726,109.8933051060919,0.094652627755612,6.29856,6.1236,-0.12605071492878112,,3.3174256338074666,23.024002,58.305131,13.089227432800968,152.951176143701,328.0460510320263,-5.60961934142834,0.003639605092306824,4.184048846229057
2026-07-15T15:53:36+03:00,14.13,294.108,-132.9998335470253,7.60104,123.99952602221278,110.19697273751123,-0.20265517213777218,6.006959999999999,5.90976,-0.2578310078088704,,3.523690440054563,23.024088,58.305096,12.49552340321991,153.58405516534046,330.41547085687233,-5.37976122095741,0.003435405361178441,4.187484251590235
2026-07-15T15:53:38+03:00,14.13,294.102,-131.00021084201873,8.10648,119.9945510342483,109.18283744012967,-0.5181257341368035,5.94864,6.29856,-0.48701412586119974,,4.6123102508031275,23.024168,58.305067,12.820891453543377,151.4978750080781,328.49667602617023,-5.227661352896583,0.003069417715965685,4.190553669306201
2026-07-15T15:53:40+03:00,14.13,294.11,-129.99753470053977,8.10648,116.99798176571409,107.77909084205916,1.1683182400512615,6.2208000000000006,6.454079999999999,-0.19480565034447989,,4.262805995773324,23.024256,58.305034,13.009229415059059,151.4865662829038,325.5114154828103,-5.46624938670867,0.0034143439391144076,4.193968013245316
2026-07-15T15:53:42+03:00,14.13,294.106,-127.99791199553322,8.203679999999999,114.99835906070751,111.02776154045091,1.7335984007273317,6.14304,6.10416,-0.246371851906254,,1.4667719555349077,23.024358,58.305007,12.92623648300339,149.99153473250473,325.0068243282028,-5.319574831179879,0.0036069348552980824,4.197574948100614
2026-07-15T15:53:44+03:00,14.13,294.107,-123.99866658552006,8.203679999999999,117.99492832924174,112.62631378886593,-0.6767204518290154,6.39576,6.201359999999999,-0.29793805346802804,,2.457988941111232,23.02445,58.304983,12.918375004145,148.2320722143487,329.76285611489305,-5.4375954072335215,0.003243825723657886,4.200818773824272
2026-07-15T15:53:46+03:00,14.13,294.106,-125.001342726999,7.892639999999999,125.99914872721935,112.43723771647274,-0.5843596552539266,5.9292,5.90976,0.06302535746439056,,2.5095551426730056,23.024535,58.304952,12.293670551262181,148.2715617140946,337.7275870131248,-5.043082193244574,0.0032676769458014755,4.204086450770074
2026-07-15T15:53:48+03:00,13.98,294.107,-125.99828929052664,7.503839999999999,124.99647258574039,114.31080970655054,-0.35259822712350863,5.69592,5.754239999999999,-0.022918311805232933,,0.7505747116213785,23.024612,58.30492,11.789590052308654,149.0069280554417,335.9895445302987,-4.88271106083753,0.003100452201710258,4.2071869029717845
2026-07-15T15:53:50+03:00,13.98,294.113,-125.99828929052664,7.60104,125.99914872721935,112.59193632115807,-0.7232446247936383,5.50152,6.006959999999999,-0.24064227395494575,,2.532473454478239,23.024695,58.304887,11.71322605270083,148.33141046316354,337.6677382640558,-4.682338464951638,0.0032871099751264365,4.210474012946911
2026-07-15T15:53:52+03:00,13.98,294.114,-127.00096543200556,7.3094399999999995,125.99914872721935,112.59766589910937,0.5425910319888896,5.50152,5.96808,-0.41252961249419273,,1.8678424121264836,23.024769,58.304856,11.493360226232632,149.47579552529214,336.5233532019272,-4.739090063413682,0.002988882611161107,4.213462895558072
2026-07-15T15:53:54+03:00,13.98,294.107,-123.00172002199243,7.503839999999999,121.9999033172062,113.57742372878307,0.923550669971374,5.6376,6.0652800000000004,-0.31512678732195276,,2.0741072183735803,23.02485,58.304828,11.58329465669265,147.09188525205212,334.90801806515407,-4.733007204250468,0.0030620327722589214,4.2165249283303305
2026-07-15T15:53:56+03:00,13.8,294.113,-123.99866658552006,7.795439999999999,126.99609529074696,113.68055613190663,1.2431465280953473,5.98752,5.90976,-0.5958761069360561,,3.5351495959571793,23.024936,58.304791,12.199120118740161,148.0096064819396,338.98648880880734,-5.078236849144433,0.0035103275865828393,4.220035255916914
2026-07-15T15:53:58+03:00,13.53,294.111,-125.99828929052664,7.698239999999999,126.99609529074696,114.18475899162175,0.6085957699879604,5.346,5.7153599999999996,-0.08021409131831525,,1.7876283208081685,23.025002,58.304759,11.671374612173704,147.74926181323858,339.2468334775084,-4.521224180826686,0.0028362029127958336,4.22287145882971
2026-07-15T15:54:00+03:00,13.38,294.113,-125.001342726999,7.40664,126.99609529074696,116.04687182579694,-0.49509283077254435,5.773680000000001,5.6181600000000005,0.06302535746439056,,0.7448451336700701,23.025074,58.304725,11.71544663954218,148.81059437239867,338.1855009183483,-4.939152478666515,0.003057246996672558,4.225928705826383
2026-07-15T15:54:02+03:00,13.23,294.114,-125.99828929052664,7.503839999999999,128.99571799575352,115.93800984472207,-0.35489005830403186,5.3654399999999995,5.754239999999999,-0.10313240312354818,,1.5469860468532228,23.025147,58.304686,11.50755118394943,148.15959791263376,340.8361200831198,-4.558053413029118,0.0032878726369138743,4.229216578463297
2026-07-15T15:54:04+03:00,13.23,294.124,-127.00096543200556,7.3094399999999995,127.99877143222591,114.15611110186522,-1.6760734380961975,5.6181600000000005,5.6376,-0.2578310078088704,,1.942326925493491,23.025216,58.304654,11.59398698846975,149.7685606990941,338.2302107331318,-4.854082684099242,0.002906543742614941,4.232123122205912
2026-07-15T15:54:06+03:00,13.23,294.115,-129.00058813701216,7.60104,125.99914872721935,115.31921542598079,0.2543932610380855,4.89888,5.69592,-0.16615776058793874,,0.6875493541569879,23.025298,58.304628,11.34208579469476,148.61341893610899,337.38572979111035,-4.182040590426063,0.0030246469071528335,4.235147769113064
2026-07-15T15:54:08+03:00,13.08,294.115,-136.0021323935108,7.1928,128.99571799575352,115.28483795827296,-1.3588267069322604,5.0544,6.10416,-0.3609634109324186,,1.4438536437296745,23.025371,58.304595,11.383708651177106,153.966078071742,335.0296399240115,-4.541552025938079,0.0030412736948233067,4.238189042807887
2026-07-15T15:54:10+03:00,13.08,294.118,-138.998701662045,7.1928,126.99609529074696,112.76955323764864,0.9146698241468461,5.773680000000001,6.0652800000000004,-0.3495042550298022,,2.177239621497128,23.025452,58.304561,12.15545448172139,157.1560389869483,329.8400563037987,-5.32082460405389,0.0032741647985841038,4.241463207606471
2026-07-15T15:54:12+03:00,13.08,294.111,-140.9983243670516,7.3094399999999995,127.99877143222591,112.15075881890733,-0.24224655578131207,5.754239999999999,6.14304,-0.4469070802020421,,2.81895235204365,23.025521,58.304527,12.32524173950529,158.08506288653228,329.9137085456936,-5.338432770022299,0.0029874634914828484,4.244450671097954
2026-07-15T15:54:14+03:00,13.23,294.114,-140.9983243670516,7.3094399999999995,127.99877143222591,111.85282076543932,0.21772396214971285,5.9292,6.24024,-0.12605071492878112,,1.082890232797256,23.025605,58.304491,12.48772968583356,158.38467270389197,329.61409872833394,-5.512246649165801,0.003423401967076196,4.24787407306503
2026-07-15T15:54:16+03:00,13.35,294.111,-144.00062321353712,7.1928,122.99684988073382,113.06176171316535,0.4834044917518756,5.3654399999999995,6.337439999999999,-0.5385803274229739,,1.9136790357369495,23.025674,58.304465,11.95695814212011,159.29347091395945,323.7033789667744,-5.0188526688582735,0.0026815565987730666,4.250555629663803
2026-07-15T15:54:18+03:00,13.68,294.111,-142.99794707205817,7.40664,120.99722717572726,112.19086586456649,1.1913511434155208,5.754239999999999,6.0264,-0.7047380880109125,,2.6757129032609446,23.025761,58.304435,12.491708555979889,159.0932634552704,321.9039637204569,-5.375395364601771,0.003286430338746273,4.253842060002549
2026-07-15T15:54:20+03:00,13.83,294.11,-140.00137780352395,7.503839999999999,120.99722717572726,112.3914010928623,-0.10513775540650605,5.773680000000001,6.1236,-0.16615776058793874,,1.1631043241155712,23.025842,58.304406,12.490866057832122,157.2853986491207,323.71182852660655,-5.325871731211016,0.003095502875776493,4.256937562878326
2026-07-15T15:54:22+03:00,13.91,294.122,-138.998701662045,8.00928,123.99952602221278,113.30240398712029,0.20013415783919655,5.65704,6.24024,-0.4354479242994257,,0.9682986737710912,23.025931,58.304374,12.827288003096362,155.81715512948722,328.18237089272554,-5.160594075911513,0.0034058368153263748,4.260343399693652
2026-07-15T15:54:24+03:00,13.98,294.11,-136.99907895703842,8.30088,123.99952602221278,111.99606021422201,-0.594386416668716,5.9292,6.201359999999999,-0.5500394833255903,,2.1715100435458203,23.026019,58.304345,13.268378103525936,154.74327361230243,329.25625240991036,-5.36239848809824,0.0032805544816222674,4.263623954175275
2026-07-15T15:54:26+03:00,14.17,294.11,-136.99907895703842,8.203679999999999,124.99647258574039,112.76382365969731,1.269387995112339,5.851439999999999,6.18192,-0.3093972093706446,,0.9740282517223995,23.02611,58.304313,13.105476174374866,154.7277323453161,330.2687402404243,-5.291394545415018,0.0034581500742792383,4.267082104249554
2026-07-15T15:54:28+03:00,14.28,294.11,-134.99945625203188,8.00928,129.99839413723248,112.31118700154397,-1.1576612250618283,5.5404,6.57072,-0.34377467707849396,,1.6673071838306956,23.026183,58.304283,12.55385139909095,153.18353264641135,336.81486149082116,-4.944564303232375,0.0029268745574695027,4.270008978807024
2026-07-15T15:54:30+03:00,14.43,294.12,-136.0021323935108,8.10648,122.99684988073382,111.2225671907954,1.5295681298812456,5.6376,6.337439999999999,-0.22345354010102106,,0.4812845479098915,23.02626,58.304253,12.776898803529381,153.85025934668064,329.1465905340532,-5.060565196364756,0.0030273788805623876,4.2730363576875865
2026-07-15T15:54:32+03:00,14.43,294.12,-132.9998335470253,7.698239999999999,123.99952602221278,113.6461786641988,-0.41785811998890937,5.3654399999999995,6.201359999999999,-0.3323155211758775,,-0.6818197762056798,23.026349,58.304225,12.016230575394765,152.06007248350915,331.9394535387036,-4.740040723349287,0.003276077964669437,4.2763124356522555
2026-07-15T15:54:34+03:00,14.43,294.12,-134.00250968850426,7.60104,126.99609529074696,113.25656736350982,0.895762216907529,6.0264,6.25968,-0.1776169164905552,,1.0370536091867901,23.026451,58.304193,12.559319089677416,154.19344777280614,332.80264751794084,-5.425381061730625,0.0037518357681506774,4.2800642714204065
2026-07-15T15:54:36+03:00,14.43,294.11,-131.99715740554637,7.1928,125.99914872721935,114.55145198050549,-0.5938707546530982,5.5404,6.1236,-0.27501974166279514,,0.14896902673401402,23.026547,58.304161,11.651630718499554,152.6916124903568,333.3075362368626,-4.922922871995019,0.003590461570184431,4.283654732990591
2026-07-15T15:54:38+03:00,14.28,294.12,-131.99715740554637,7.40664,125.99914872721935,114.09881532235214,0.45217829191724573,6.2208000000000006,6.0264,-0.5557690612768985,,1.3980170201192088,23.026639,58.304129,12.458489438827659,153.77972128592427,332.21942744129507,-5.580692439904065,0.0034844521760849395,4.2871391851666765
2026-07-15T15:54:40+03:00,14.28,294.11,-132.9998335470253,7.3094399999999995,128.99571799575352,113.01592508955488,-0.4297183463481174,5.851439999999999,6.1236,-0.20626480624709637,,0.3380450991271857,23.026726,58.304093,12.083304332855368,153.74211351063292,335.2536044851206,-5.247640755665443,0.0034973550456012218,4.290636540212278
2026-07-15T15:54:42+03:00,14.28,294.12,-134.00250968850426,7.3094399999999995,129.99839413723248,112.15075881890733,-0.9339212060632418,5.48208,6.14304,-0.11459155902616464,,1.065701498943331,23.026806,58.304058,11.796391819031536,153.5313411821757,336.4670529550568,-4.907439060057413,0.0032877129027404062,4.293924253115018
2026-07-15T15:54:44+03:00,14.28,294.12,-134.99945625203188,7.40664,123.99952602221278,111.80698414182885,0.2172083001340951,5.98752,6.7068,-0.21772396214971285,,0.18907607239317165,23.026884,58.304031,12.386477240865236,154.98681299054468,329.0127130316681,-5.42595346059357,0.0029498947192251835,4.296874147834243
2026-07-15T15:54:46+03:00,14.28,294.12,-136.0021323935108,7.503839999999999,118.99760447072069,111.60071933558174,0.46535632120525466,6.0264,6.55128,-0.21772396214971285,,0.9224620501606254,23.02698,58.304004,12.557315935702409,155.47507534515435,323.52252912556634,-5.4827029290532625,0.00343884872836851,4.300312996562612
2026-07-15T15:54:48+03:00,14.28,294.12,-136.0021323935108,7.60104,122.99684988073382,111.847091187488,0.2813222774092342,5.96808,6.14304,-0.25210142985756223,,2.131402997886662,23.027082,58.303973,12.596024799573536,155.21756808225032,327.7792817984835,-5.418455930671597,0.003721395693107091,4.304034392255719
2026-07-15T15:54:50+03:00,14.4,294.12,-134.99945625203188,7.795439999999999,121.9999033172062,110.89025166961953,-0.5482633141606847,6.201359999999999,6.337439999999999,-0.44117750225073393,,1.3178029288008932,23.02717,58.303942,12.945712814196455,154.79880470231515,327.20109861489107,-5.611103204928768,0.003346007430923612,4.307380399686643
2026-07-15T15:54:52+03:00,14.32,294.13,-134.99945625203188,8.203679999999999,126.99609529074696,109.83600932657882,-0.5363457920219636,5.52096,6.25968,-0.25210142985756223,,1.3693691303626676,23.027242,58.303915,12.721382988049267,152.8707957807274,334.12529951001954,-4.913546704209374,0.002793612824486238,4.310174012511129
2026-07-15T15:54:54+03:00,14.43,294.14,-131.99715740554637,8.203679999999999,119.9945510342483,110.35167134219655,0.7217549345262981,6.337439999999999,6.4152,-0.23491269600363757,,0.2807493196141034,23.02733,58.303882,13.305499588093321,152.7279418871574,327.2666091470909,-5.632975241083455,0.0034144175927693994,4.3135884301038985
2026-07-15T15:54:56+03:00,14.43,294.14,-131.99715740554637,8.10648,125.99914872721935,112.29972784564136,1.6767036916708409,6.006959999999999,6.318,-0.5042028597151245,,-0.02864788975654116,23.027413,58.303849,12.921378731635166,152.2090258076843,333.79012291953507,-5.31408379979335,0.0032871712978821462,4.31687560140178
2026-07-15T15:54:58+03:00,14.43,294.13,-131.99715740554637,8.203679999999999,125.99914872721935,112.45442645032668,-0.6695011836103669,5.96808,6.39576,-0.4239887683968092,,1.0427831871380984,23.027495,58.303813,12.978300948660365,151.9807410549203,334.0184076722991,-5.268559782939632,0.003374732178036082,4.320250333579817
2026-07-15T15:55:00+03:00,14.58,294.14,-134.00250968850426,8.10648,126.99609529074696,111.27986297030849,-0.38800701886259353,6.14304,6.18192,-0.31512678732195276,,1.0026761414789407,23.027578,58.303776,13.1392880423069,153.6541363814076,333.3419589093394,-5.504971511550417,0.0034376074877089423,4.323687941067526
2026-07-15T15:55:02+03:00,14.58,294.14,-132.9998335470253,7.795439999999999,121.9999033172062,112.08200388349164,1.113600770616268,5.6376,6.14304,-0.34377467707849396,,0.6760901982543714,23.027659,58.303743,12.348909936125157,152.5044601454129,329.4954431717933,-5.0008148984721394,0.00323703430260018,4.326924975370126
2026-07-15T15:55:04+03:00,14.58,294.13,-129.00058813701216,7.892639999999999,125.99914872721935,110.40323754375832,-0.3763186798419247,5.13216,6.10416,-0.23491269600363757,,-0.27501974166279514,23.027732,58.303714,11.815936224556697,148.727930197631,337.27121852958834,-4.386518638419627,0.002890259929612013,4.329815235299738
2026-07-15T15:55:06+03:00,14.58,294.14,-134.99945625203188,7.3094399999999995,123.99952602221278,111.11943478767185,0.7243905403838997,5.01552,5.87088,-0.19480565034447989,,-0.19480565034447989,23.027798,58.303686,11.420544636514487,153.0912639450153,330.9082620771975,-4.4724823028491585,0.0026790307862331287,4.332494266085971
2026-07-15T15:55:08+03:00,14.58,294.14,-134.00250968850426,7.503839999999999,129.99839413723248,111.73249962846182,0.22150548359757627,4.52952,5.87088,-0.08594366926962349,,-0.8594366926962348,23.027866,58.303655,11.137661677129756,151.0121339464812,338.9862601907513,-3.9620724204718822,0.0028432386610331567,4.335337504747004
2026-07-15T15:55:10+03:00,14.58,294.14,-134.99945625203188,7.60104,130.99534070076012,112.90706310848002,0.9247538813411488,4.996079999999999,6.14304,-0.08594366926962349,,-0.48701412586119974,23.027932,58.303624,11.680815298447442,152.6039267813365,338.3914139194236,-4.435754254885673,0.0027958381139092867,4.338133342860914
2026-07-15T15:55:12+03:00,14.58,294.15,-136.99907895703842,7.40664,128.99571799575352,111.97314190241678,-1.354529523468779,5.19048,5.90976,-0.14896902673401402,,-0.26929016371148695,23.027999,58.303593,11.748655401040363,154.535240121889,334.46047787386453,-4.686224359914588,0.0028194632309530058,4.340952806091867
2026-07-15T15:55:14+03:00,14.58,294.14,-138.00175509851738,7.503839999999999,115.99530562423517,111.58926017967913,0.3246378867211244,5.6181600000000005,6.14304,-0.2119943841984046,,-0.18334649444186346,23.02809,58.303565,12.269137195588215,155.84363281230043,320.15167281193476,-5.1261890937774135,0.0033304725004879954,4.344283278592354
2026-07-15T15:55:16+03:00,14.58,294.14,-136.99907895703842,7.40664,124.99647258574039,112.06481514963772,-0.4666741241340555,5.87088,6.08472,-0.11459155902616464,,-0.41252961249419273,23.028171,58.303538,12.366415169540259,155.89076507471205,329.10570751102836,-5.3587534549498175,0.0030294901371556797,4.34731276872951
2026-07-15T15:55:18+03:00,14.58,294.14,-136.99907895703842,7.1928,122.99684988073382,110.33448260834263,-1.471355617895954,6.201359999999999,6.006959999999999,-0.02864788975654116,,1.065701498943331,23.028268,58.303503,12.467418793551595,156.8293785447467,326.1674713359871,-5.701141019540068,0.003716242120629855,4.35102901085014
2026-07-15T15:55:22+03:00,14.58,294.15,-134.00250968850426,6.7068,126.99609529074696,109.56671916286733,0.8030003498758488,5.832,5.65704,-0.20053522829578813,,0.3666929888837269,23.028492,58.303428,11.547193169229358,155.30506672564792,331.69102856509903,-5.298635177143392,0.004098336170282726,4.355127347020423
2026-07-15T15:55:24+03:00,14.43,294.15,-131.99715740554637,6.7068,121.9999033172062,110.42615585556355,0.8615566365382188,5.26824,5.773680000000001,-0.10886198107485642,,-0.40107045659157625,23.028578,58.303397,10.95526082584085,152.93681195010402,329.0630913671022,-4.691395661586799,0.0032937674105775684,4.3584211144310006
2026-07-15T15:55:26+03:00,14.43,294.15,-132.9998335470253,7.095599999999999,123.99952602221278,111.05067985225615,-0.21955742709413145,5.1710400000000005,5.67648,-0.4640958140559668,,1.105808544602489,23.028673,58.303368,11.275384829032733,152.59726573756703,331.40226028464576,-4.590815299616812,0.003469892392469131,4.36189100682347
2026-07-15T15:55:28+03:00,14.43,294.15,-136.0021323935108,6.9984,123.99952602221278,108.3635077930926,-0.9752314630921743,5.6181600000000005,6.006959999999999,-0.25210142985756223,,1.822005788516018,23.028748,58.303336,11.70937872985665,155.47036994191993,328.52915608029286,-5.111102485720209,0.0030512486919931888,4.364942255515463
2026-07-15T15:55:30+03:00,14.58,294.15,-136.0021323935108,6.9984,119.9945510342483,107.0342457083891,-0.8662548904582917,5.0544,6.1236,-0.1546986046853223,,1.1344564343590302,23.028821,58.303308,11.198945996997725,154.27282780149872,325.7217232327496,-4.5533636947178895,0.0028544328947080156,4.367796688410171
2026-07-15T15:55:32+03:00,14.51,294.15,-131.99715740554637,7.095599999999999,120.99722717572726,107.48115278859112,-0.033288847897100834,5.09328,5.87088,-0.005729577951308233,,-0.3609634109324186,23.028892,58.30328,11.164719966545624,151.81515621058625,329.182070965141,-4.489361758743619,0.002803665196036859,4.370600353606208
2026-07-15T15:55:34+03:00,14.43,294.14,-131.00021084201873,7.3094399999999995,118.99760447072069,109.01667967954174,-0.47280477254195535,4.996079999999999,5.851439999999999,-0.22345354010102106,,-0.040107045659157625,23.028968,58.303259,11.2385753672476,150.6033476537637,328.39425681695695,-4.352797189189728,0.0027119020644466997,4.373312255670655
2026-07-15T15:55:36+03:00,14.43,294.15,-132.9998335470253,7.698239999999999,120.99722717572726,107.54990772400683,0.2981672365860804,5.22936,6.39576,-0.2807493196141034,,0.395340878640268,23.029048,58.303238,11.896183018078876,151.75298422686424,329.244242948863,-4.606623702117859,0.002824324960151731,4.376136580630806
2026-07-15T15:55:38+03:00,14.43,294.15,-132.9998335470253,7.503839999999999,118.99760447072069,107.9452486026471,-0.2954743349489655,5.13216,6.0264,-0.11459155902616464,,-0.13178029288008933,23.029135,58.303211,11.626489963638578,151.8342758940275,327.1633285766932,-4.524440339415368,0.0031911338133682795,4.379327714444175
2026-07-15T15:55:40+03:00,14.43,294.14,-132.9998335470253,7.60104,122.99684988073382,109.50942338335425,1.7022003135541628,5.5404,5.79312,-0.24064227395494575,,-0.6359831525952138,23.029221,58.303184,12.079461333719276,152.59947485322436,330.39737502750944,-4.9188289903085485,0.0031639835476639897,4.3824916979918385
2026-07-15T15:55:42+03:00,14.43,294.14,-131.99715740554637,7.892639999999999,123.99952602221278,109.55526000696472,-0.5996576283839196,5.46264,5.87088,-0.20626480624709637,,0.3552338329811104,23.029302,58.303155,12.24049377029103,151.3668770529368,332.632648969276,-4.7945924218113785,0.003095577621241522,4.38558727561308
2026-07-15T15:55:44+03:00,14.43,294.14,-134.99945625203188,7.892639999999999,122.99684988073382,108.23745707816381,-0.9705332091721015,5.6376,5.754239999999999,-0.20053522829578813,,1.1344564343590302,23.029399,58.303124,12.530040269325788,153.5504930005681,329.4463568801657,-5.047496816549819,0.0035856438875370273,4.389172919500617
2026-07-15T15:55:46+03:00,14.58,294.15,-134.99945625203188,7.40664,117.99492832924174,107.67595843893561,0.9112320773760614,5.346,5.598719999999999,-0.07448451336700701,,-0.011459155902616466,23.029496,58.303095,11.8082410137258,153.6705327025811,324.32439562666065,-4.791397618709871,0.0035246709769426103,4.39269759047756
2026-07-15T15:55:48+03:00,14.58,294.14,-131.00021084201873,6.804,111.99606021422201,109.46931633769509,0.9516828977122973,5.48208,5.6376,-0.07448451336700701,,-0.4068000345428845,23.029588,58.30307,11.193298118254235,152.69293548365388,319.30312473056813,-4.87116070430909,0.0032711392354807366,4.395968729713041
2026-07-15T15:55:50+03:00,14.58,294.14,-131.99715740554637,6.9984,118.99760447072069,110.76420095469075,0.6078509248542904,5.832,5.832,-0.11459155902616464,,0.2807493196141034,23.029678,58.303044,11.73062253400884,153.68062342307957,325.3169810476411,-5.227434695807404,0.003243695122742382,4.399212424835784
2026-07-15T15:55:52+03:00,14.58,294.14,-132.9998335470253,6.804,123.99952602221278,111.80125456387754,0.36543248173443904,5.87088,5.598719999999999,-0.11459155902616464,,-0.040107045659157625,23.029774,58.303015,11.629572860235195,154.66645600713736,329.3330700150754,-5.30629036720369,0.003497262207396868,4.40270968704318
2026-07-15T15:55:54+03:00,14.58,294.15,-134.99945625203188,6.6095999999999995,125.99914872721935,111.89292781109846,0.024006931615981494,5.7348,5.6376,-0.22918311805232927,,0.10886198107485642,23.029861,58.302982,11.409628542867434,155.81834427379127,330.1808044534281,-5.231578833512701,0.0033888182282677975,4.406098505271448
2026-07-15T15:55:56+03:00,14.58,294.16,-134.99945625203188,6.492959999999999,125.99914872721935,110.85587420191167,-0.029163551772158906,6.0652800000000004,5.50152,-0.11459155902616464,,1.2433184154338865,23.029939,58.302949,11.603432432222446,156.6915368954885,329.30761183173087,-5.570280039162188,0.0031627371837160564,4.409261242455164
2026-07-15T15:55:58+03:00,14.58,294.16,-134.99945625203188,6.10416,118.99760447072069,111.56061228992259,0.6781528463168424,5.598719999999999,5.52096,-0.26356058576017866,,0.6302535746439055,23.030021,58.302926,10.813760093841582,156.47482384461642,322.52278062610424,-5.133381115195431,0.0029356486299282523,4.412196891085093
2026-07-15T15:56:00+03:00,14.58,294.15,-132.9998335470253,6.39576,122.99684988073382,111.21110803489279,-0.3272161967992131,5.3654399999999995,5.443199999999999,-0.19480565034447989,,1.1287268564077217,23.030102,58.302902,10.793541992748887,154.31850910373817,328.67834077699564,-4.835426092535613,0.002936880464465949,4.415133771549558
2026-07-15T15:56:02+03:00,14.58,294.15,-134.99945625203188,6.6095999999999995,124.99647258574039,111.57207144582522,-0.46524172964622845,5.22936,5.38488,0.09740282517223994,,0.3380450991271857,23.030173,58.302875,10.950497729888099,154.73497364768102,330.2614989380594,-4.729136379764484,0.002768021353333233,4.417901792902891
2026-07-15T15:56:04+03:00,14.58,294.15,-136.0021323935108,6.7068,122.99684988073382,111.22829676874672,-0.5448255673898997,5.1127199999999995,5.7348,-0.13178029288008933,,0.29220847551671986,23.030242,58.302849,10.97520636968162,154.88224874430207,328.11460113643176,-4.629247550925445,0.002681637478266712,4.420583430381158
2026-07-15T15:56:06+03:00,14.62,294.14,-134.99945625203188,6.901199999999999,125.99914872721935,110.35740092014785,-0.8767400181091858,4.74336,5.48208,-0.26356058576017866,,0.5156620156177408,23.030314,58.302818,10.789795727195424,153.11039879086636,332.888749936353,-4.230506155649631,0.0029398629512827957,4.42352329333244
2026-07-15T15:56:08+03:00,14.73,294.14,-131.00021084201873,6.804,122.99684988073382,109.28596984325323,1.8043586884259886,4.93776,5.5404,-0.21772396214971285,,0.4239887683968092,23.030395,58.302791,10.712547584333274,151.35723769756112,331.6396121831727,-4.3335039043368315,0.0030295357423139194,4.426552829074755
2026-07-15T15:56:10+03:00,14.66,294.15,-131.99715740554637,6.804,117.99492832924174,111.76114751821838,0.7502882327238131,4.996079999999999,5.42376,-0.32658594322456924,,-0.6531718864491385,23.030481,58.302766,10.80484509222473,152.09595515483556,325.8989731744062,-4.415198738112012,0.0031040652545578956,4.429656894329312
2026-07-15T15:56:12+03:00,14.28,294.14,-131.99715740554637,6.9984,120.99722717572726,111.09078689791532,-1.5174787204039855,4.957199999999999,5.346,-0.3552338329811104,,1.1974817918234204,23.030569,58.302736,10.953376698721108,151.65133048650065,329.3458966892266,-4.362704443244673,0.0033129900845289386,4.432969884413842
2026-07-15T15:56:14+03:00,14.13,294.14,-134.99945625203188,6.6095999999999995,124.99647258574039,108.82760360714856,-0.3113452658740893,5.52096,5.307119999999999,-0.022918311805232933,,1.0026761414789407,23.030652,58.302705,11.214894815522992,155.37082310314617,329.6256494825942,-5.018685183254438,0.003216128705660202,4.436186013119502
2026-07-15T15:56:16+03:00,14.43,294.14,-129.99753470053977,6.39576,124.99647258574039,109.50369380540295,0.9893262248523925,4.93776,5.307119999999999,-0.22918311805232927,,-0.7849521793292279,23.030732,58.302674,10.29002133548546,151.56562281657412,333.4308497691663,-4.342083656162319,0.0031393854059505928,4.439325398525453
2026-07-15T15:56:18+03:00,14.4,294.14,-125.99828929052664,6.804,122.99684988073382,108.86771065280772,-0.6437753786089929,4.82112,5.5598399999999994,-0.05729577951308232,,0.9511099399171665,23.030795,58.302647,10.3970260932045,148.0319225752637,334.9649273054701,-4.089964422266955,0.002567632025873739,4.441893030551326
2026-07-15T15:56:20+03:00,14.28,294.14,-127.00096543200556,7.095599999999999,120.99722717572726,108.90208812051559,0.6113459674045885,5.443199999999999,5.7348,-0.1432394487827058,,0.5729577951308232,23.030872,58.302619,11.24564499850735,149.7413715914149,331.25585558431237,-4.701616418021781,0.0029574429276618733,4.444850473478988
2026-07-15T15:56:22+03:00,14.28,294.14,-125.99828929052664,7.1928,119.9945510342483,109.11408250471399,-0.5145733958069924,5.67648,5.5598399999999994,-0.1432394487827058,,1.008405719430249,23.030961,58.302589,11.487171795607551,149.56340558535723,330.4311454488911,-4.894205954819825,0.003339538554256932,4.448190012033245
2026-07-15T15:56:24+03:00,14.28,294.14,-127.00096543200556,7.60104,119.9945510342483,108.32340074743344,-0.30790751910330444,5.48208,5.46264,0.16615776058793874,,0.790681757280536,23.031048,58.302557,11.7466933720458,148.88390784903726,331.1106431852111,-4.693329166319318,0.003354016937973632,4.4515440289712185
2026-07-15T15:56:26+03:00,14.28,294.15,-125.99828929052664,7.698239999999999,122.99684988073382,109.74433607935788,0.1877009736848577,5.2488,5.5404,-0.05156620156177409,,0.32658594322456924,23.031123,58.302528,11.589286606433324,147.49283103692443,335.5040188438094,-4.426440119769817,0.002940953540543997,4.4544849825117625
2026-07-15T15:56:28+03:00,14.28,294.15,-123.99866658552006,7.892639999999999,127.99877143222591,108.4379923064596,-1.0833485990333607,5.42376,5.81256,-0.24064227395494575,,1.793357898759477,23.0312,58.302498,11.814605628644934,146.36916561031856,341.6296058219074,-4.515948982236463,0.003027475771029579,4.4575124582827925
2026-07-15T15:56:30+03:00,14.28,294.14,-123.99866658552006,8.00928,122.99684988073382,107.14883726741525,-0.5536491174349144,5.7153599999999996,5.57928,-0.22345354010102106,,0.8193296470370772,23.031282,58.302469,12.165824150102145,146.92069821546588,336.07615166526796,-4.7889912604659095,0.0031217689721654445,4.460634227254958
2026-07-15T15:56:32+03:00,14.28,294.15,-121.9990438805135,8.203679999999999,126.99609529074696,107.7447133743513,-0.5431639897840205,5.5598399999999994,6.14304,-0.06302535746439056,,1.1401860123103382,23.031362,58.302436,12.105839401228467,144.92159494089904,342.07450034984794,-4.54998613645728,0.0032122083141665203,4.463846435569124
2026-07-15T15:56:34+03:00,14.28,294.14,-119.99942117550692,8.39808,120.99722717572726,107.2519696705388,0.38084504642345823,5.6181600000000005,5.90976,0.011459155902616466,,0.3380450991271857,23.031444,58.302408,12.217708501298109,143.46719741935198,337.53002975637526,-4.51428249045932,0.0030886125343897466,4.4669350481035135
2026-07-15T15:56:36+03:00,14.28,294.14,-121.9990438805135,8.203679999999999,116.99798176571409,109.7500656573092,0.6728816346016387,5.598719999999999,5.832,-0.045836623610465865,,0.8823550045014679,23.031533,58.302383,12.137678052812463,145.02707062128638,331.9709111444277,-4.587719666197597,0.003187326942415503,4.470122375045929
2026-07-15T15:56:38+03:00,14.28,294.15,-123.00172002199243,8.00928,121.9999033172062,110.30583471858608,-1.018146001947473,5.7153599999999996,5.98752,-0.3323155211758775,,2.394963583646841,23.031615,58.302359,12.111107101404334,146.3157149037918,335.6841884134144,-4.7557869015760375,0.002964465500895819,4.473086840546825
2026-07-15T15:56:40+03:00,14.28,294.13,-125.001342726999,8.00928,120.99722717572726,107.26915840439274,-1.7169826246685382,5.890319999999999,5.9292,-0.12032113697747288,,3.495042550298022,23.031702,58.302333,12.367931639951033,147.96336443007556,333.03386274565173,-4.993277786057963,0.0031610479619099676,4.476247888508735
2026-07-15T15:56:42+03:00,14.28,294.15,-123.99866658552006,8.00928,121.9999033172062,105.67633573392904,0.29066148946986664,5.65704,6.648479999999999,-0.29220847551671986,,3.065324203949904,23.031786,58.302307,12.116998702005391,146.77018363983402,335.2297196773722,-4.731996586275993,0.003079047020444222,4.479326935529179
2026-07-15T15:56:44+03:00,14.28,294.13,-121.9990438805135,8.30088,120.99722717572726,104.32415533742028,-1.1975963833824468,5.96808,6.6095999999999995,-0.3609634109324186,,3.506501706200638,23.03188,58.302279,12.530998404110036,145.82126471615464,335.1759624595726,-4.937327702285203,0.003412659820945783,4.482739595350124
2026-07-15T15:56:46+03:00,14.25,294.14,-119.99942117550692,8.49528,117.99492832924174,104.63928212474224,0.3115744489921417,6.006959999999999,6.39576,-0.1546986046853223,,1.2547775713365028,23.03197,58.30225,12.620747400069613,144.34222383765191,333.6527044915898,-4.88073515752658,0.003334374704502136,4.486073970054626
2026-07-15T15:56:48+03:00,14.13,294.14,-119.0024746119793,8.70912,118.99760447072069,106.71338934311582,1.2623979100117428,5.7348,6.08472,0.040107045659157625,,-0.08594366926962349,23.032059,58.302222,12.536672923466677,142.58553921567216,336.41206525504856,-4.55492970713962,0.0032762144833627643,4.489350184537989
2026-07-15T15:56:50+03:00,14.13,294.14,-119.0024746119793,8.80632,119.9945510342483,107.82492746566962,-1.2598768957131674,6.045839999999999,6.59016,-0.21772396214971285,,1.2891550390443522,23.032163,58.302192,12.873676903182881,143.25356024925037,336.74099078499796,-4.844477118262367,0.003747052721235475,4.493097237259224
2026-07-15T15:56:52+03:00,14.13,294.14,-119.0024746119793,8.70912,121.9999033172062,106.15762028183893,-0.7043943133338341,5.890319999999999,6.43464,-0.3552338329811104,,2.3777748497929165,23.032251,58.302161,12.660549053434933,143.0131623689827,338.9867409482235,-4.705032947607797,0.0033461236274335065,4.496443360886658
2026-07-15T15:56:54+03:00,13.98,294.14,-119.0024746119793,8.59248,119.9945510342483,105.28099485528877,-0.30464165967105866,6.27912,6.78456,-0.3380450991271857,,2.492366408819081,23.032339,58.302134,12.867641977557845,144.26614572289617,335.72840531135216,-5.097004008791364,0.0032184397574632454,4.4996618006441205
2026-07-15T15:56:56+03:00,13.98,294.139,-116.99712232902141,8.70912,118.99760447072069,105.73936109139342,1.385927610641948,6.1236,6.5124,-0.3781521447863433,,2.0282705947631143,23.03243,58.302106,12.718732695940211,142.4010912949505,336.59651317577016,-4.851736023030525,0.0033305747649077667,4.502992375409028
2026-07-15T15:56:58+03:00,13.83,294.141,-116.00017576549378,8.80632,119.9945510342483,107.36656122956495,0.034606650825901725,6.24024,6.4152,-0.19480565034447989,,2.0282705947631143,23.032527,58.302081,12.83246944210937,141.91723421059822,338.0773168236501,-4.911821371037259,0.003412249984349742,4.506404625393378
2026-07-15T15:57:00+03:00,13.83,294.145,-119.99942117550692,8.90352,124.99647258574039,108.33485990333605,-0.19480565034447989,6.37632,6.648479999999999,-0.45836623610465854,,3.3059664779048505,23.032619,58.302055,13.292886232615926,144.544983773481,340.4514888122594,-5.193966544543876,0.0032992568615408894,4.509703882254919
2026-07-15T15:57:02+03:00,13.68,294.144,-121.00209731698585,8.30088,124.99647258574039,107.88795282313401,-0.4667314199135686,6.10416,6.27912,-0.40107045659157625,,3.414828458979706,23.03271,58.302024,12.584212844123712,145.5700793888439,339.42639319689647,-5.034823195023293,0.003425238065064013,4.513129120319983
2026-07-15T15:57:04+03:00,13.68,294.145,-119.99942117550692,8.203679999999999,120.99722717572726,106.54150200457657,0.523339650072494,6.318,6.43464,-0.3609634109324186,,2.6757129032609446,23.0328,58.301993,12.611400907547202,145.7121872438411,335.28503993188616,-5.2200462214189445,0.0033987827364497505,4.516527903056432
2026-07-15T15:57:06+03:00,13.68,294.145,-119.0024746119793,7.892639999999999,121.9999033172062,107.44677532088328,0.2045459328617039,6.08472,6.35688,-0.26929016371148695,,1.283425461093044,23.03289,58.301964,12.078356485468172,145.14445807334695,336.85544524385926,-4.993094335473894,0.0033343942901362254,4.5198622973465685
2026-07-15T15:57:08+03:00,13.68,294.15,-116.00017576549378,8.203679999999999,118.99760447072069,106.98267950682731,0.027387382607253354,6.27912,6.78456,-0.41252961249419273,,2.6241467016991704,23.032988,58.301936,12.324392527797404,143.25336241351408,335.74424205720663,-5.031389309108312,0.003523137079393905,4.523385434425962
2026-07-15T15:57:10+03:00,13.68,294.145,-114.99749962401484,7.892639999999999,118.99760447072069,106.827980902142,-0.1403173640275386,6.0264,6.5124,-0.5385803274229739,,3.3575326794666243,23.033087,58.301913,11.78178698348041,142.61631907594088,336.3812853947798,-4.78850260460135,0.003418730262058887,4.526804164688021
2026-07-15T15:57:12+03:00,13.68,294.143,-112.99787691900828,7.795439999999999,117.99492832924174,105.69925404573428,-0.5029996483453497,5.754239999999999,6.492959999999999,-0.3609634109324186,,2.9793805346802804,23.033195,58.301883,11.354779803777307,140.8045600710817,337.19036825816005,-4.459506010965495,0.0038582990607706202,4.530662463748792
2026-07-15T15:57:14+03:00,13.68,294.145,-112.99787691900828,8.00928,120.99722717572726,106.64463440770012,0.5002494509287216,6.2208000000000006,6.37632,-0.24064227395494575,,1.5641747807071475,23.033296,58.301848,11.90710695930367,141.74338709932942,339.25384007639786,-4.884855030675765,0.0038211718194548273,4.534483635568247
2026-07-15T15:57:16+03:00,13.68,294.15,-116.00017576549378,8.30088,117.99492832924174,105.74509066934472,0.9112893731555742,6.59016,6.7068,-0.4640958140559668,,2.6642537473583277,23.033403,58.301815,12.660827039936814,143.89407862109204,334.1008497081497,-5.324381296779331,0.003918532569314906,4.538402168137561
2026-07-15T15:57:18+03:00,13.53,294.152,-119.0024746119793,8.203679999999999,114.99835906070751,106.63317525179751,-0.21801044104727824,6.2208000000000006,6.95952,-0.3609634109324186,,2.5496621883321633,23.033502,58.301789,12.469386159811023,144.87210568742105,330.12625337328643,-5.087803708775737,0.003495552334112709,4.541897720471674
2026-07-15T15:57:20+03:00,13.35,294.145,-121.00209731698585,8.203679999999999,121.9999033172062,107.06862317609693,-0.32142932306839184,5.69592,6.59016,-0.29220847551671986,,1.581363514561072,23.033592,58.30176,12.160579381390006,144.67293108674141,337.3269722304648,-4.647098894319652,0.003334408260530683,4.545232128732205
2026-07-15T15:57:22+03:00,13.38,294.14,-121.9990438805135,8.30088,120.99722717572726,107.13164853356132,-0.41676950017816083,5.96808,6.6679200000000005,-0.395340878640268,,1.8563832562238671,23.033679,58.301731,12.530998404110036,145.82126471615464,335.1759624595726,-4.937327702285203,0.0032540152396607546,4.548486143971866
2026-07-15T15:57:24+03:00,13.53,294.143,-123.00172002199243,8.39808,122.99684988073382,106.84516963599592,0.20941607412031588,5.87088,6.9984,-1.0026761414789407,,3.964867942305297,23.033763,58.301702,12.597752135594142,146.0081648694591,336.9886850112747,-4.867647888203295,0.0031744141729676263,4.5516605581448335
2026-07-15T15:57:26+03:00,13.53,294.145,-123.99866658552006,8.203679999999999,120.99722717572726,105.87114138427353,0.7211819767311672,6.18192,6.92064,-0.2578310078088704,,3.4835833943954055,23.033846,58.301674,12.737068468278796,147.72563034307933,333.2715968326479,-5.226818197657643,0.003115187784634772,4.554775745929469
2026-07-15T15:57:28+03:00,13.53,294.14,-125.001342726999,8.10648,117.99492832924174,108.64425711270671,0.9373589528340268,5.7348,6.74568,-0.4354479242994257,,0.6474423084978302,23.033948,58.301649,12.32618235347253,147.40362081679845,330.5913075124433,-4.831491253538962,0.00355474385257261,4.558330489782041
2026-07-15T15:57:30+03:00,13.53,294.136,-123.99866658552006,8.39808,118.99760447072069,107.84784577747486,0.6582139150462897,6.045839999999999,7.056719999999999,-0.813600069085769,,3.2601298542943837,23.034043,58.301625,12.80087002332687,147.0502614683318,331.9473430023889,-5.0733546523250945,0.0033292060511942593,4.561659695833236
2026-07-15T15:57:32+03:00,13.53,294.14,-127.00096543200556,8.00928,120.99722717572726,106.62744567384621,-0.650822759489102,6.0264,6.7068,-0.5271211715203573,,3.2200228086352265,23.034146,58.301594,12.592185037511088,149.47149409745577,331.5257330782715,-5.190999595029697,0.003748956121716634,4.565408651954953
2026-07-15T15:57:34+03:00,13.38,294.136,-127.00096543200556,7.503839999999999,115.99530562423517,105.6419582662212,0.9994675778262081,6.53184,6.78456,-0.3609634109324186,,1.4667719555349077,23.03426,58.301565,12.568549998372532,151.52301208453738,324.4722935396978,-5.741544096983286,0.004000276279944744,4.569408928234898
2026-07-15T15:57:36+03:00,13.05,294.136,-123.00172002199243,7.60104,117.99492832924174,107.40666827522412,-0.5180684383572903,6.53184,6.59016,-0.20053522829578813,,0.10886198107485642,23.034376,58.301536,12.430791083597281,149.14876045487182,328.84616787436994,-5.6075953143481465,0.004057226896985322,4.573466155131883
2026-07-15T15:57:38+03:00,12.78,294.136,-125.001342726999,7.795439999999999,120.99722717572726,106.50139495891743,-0.5550242161432285,6.0264,6.53184,-0.29793805346802804,,2.7501974166279517,23.034477,58.301507,12.28737715600721,148.68898361708776,332.3082435586395,-5.148708627313075,0.003635131895323008,4.577101287027206
2026-07-15T15:57:40+03:00,12.78,294.137,-127.00096543200556,7.503839999999999,117.99492832924174,105.19505118601916,-0.7297190478786165,6.10416,6.25968,-0.2578310078088704,,4.153944014698468,23.034577,58.301477,12.194320717495827,150.56483518945294,327.4300931397888,-5.316188384939134,0.0036368753471537492,4.58073816237436
2026-07-15T15:57:42+03:00,12.9,294.133,-123.99866658552006,7.3094399999999995,115.99530562423517,104.20956377839413,-1.6183192923470102,6.1236,6.78456,-0.19480565034447989,,2.7673861504818764,23.034673,58.30145,11.873656077909942,149.31187138702748,326.6834342372077,-5.266039022956963,0.003439041675338695,4.584177204049699
2026-07-15T15:57:44+03:00,12.78,294.129,-121.9990438805135,7.698239999999999,115.99530562423517,101.41352973815572,-1.1331386314302292,6.35688,6.55128,-0.1776169164905552,,1.9881635491039567,23.034773,58.301421,12.310017490210583,147.97128891165102,328.02401671258417,-5.3892512724537465,0.0036074548965834194,4.5877846589462825
2026-07-15T15:57:46+03:00,13.05,294.133,-123.00172002199243,7.892639999999999,116.99798176571409,104.17518631068629,2.0520483432610432,6.1236,6.35688,-0.418259190445501,,0.6531718864491385,23.034876,58.301392,12.346699095044194,147.5807414431359,329.4172403225782,-5.169223302169908,0.003690696535927535,4.59147535548221
2026-07-15T15:57:48+03:00,12.93,294.132,-121.9990438805135,8.203679999999999,118.99760447072069,104.24967082405328,-0.18225787463111487,6.1236,6.39576,-0.23491269600363757,,1.730332541295086,23.034968,58.301365,12.571377294683629,146.3983923911851,332.5992120795356,-5.1003814258728095,0.0033281992983038916,4.594803554780514
2026-07-15T15:57:50+03:00,12.9,294.136,-127.00096543200556,8.30088,120.99722717572726,105.01743426952858,0.3587861713109215,6.1236,6.47352,-0.18907607239317165,,1.2547775713365028,23.035062,58.301338,12.945520313127288,149.19674322717515,331.80048394855214,-5.259748587513271,0.0033834899928259724,4.59818704477334
2026-07-15T15:57:52+03:00,12.78,294.13,-127.00096543200556,8.30088,118.99760447072069,106.27221184086508,0.5081562685015271,5.890319999999999,5.90976,-0.14896902673401402,,0.3666929888837269,23.035158,58.301316,12.745708781063499,148.65972350749067,330.33788096323,-5.030883549223009,0.0033078556297132136,4.601494900403053
2026-07-15T15:57:54+03:00,12.63,294.136,-127.00096543200556,8.10648,118.99760447072069,107.72179506254608,0.49085294308857624,5.890319999999999,6.25968,-0.22918311805232927,,0.3380450991271857,23.035244,58.301293,12.565238564896568,148.98688977117138,330.01071469954934,-5.048295392464293,0.003047785055973491,4.604542685459027
2026-07-15T15:57:56+03:00,12.56,294.137,-127.00096543200556,7.698239999999999,116.99798176571409,108.07129931757588,0.5173808890031334,6.0652800000000004,6.35688,-0.18907607239317165,,0.011459155902616466,23.035334,58.301271,12.339029484380996,150.11523866676154,326.8827430989526,-5.258775463722542,0.003135073309295375,4.607677758768322
2026-07-15T15:57:58+03:00,12.48,294.15,-127.00096543200556,7.503839999999999,115.99530562423517,108.71874162607371,-0.3086523642369745,6.045839999999999,6.25968,-0.320856365273261,,1.432394487827058,23.035427,58.301245,12.143562930592877,150.42960816951427,325.5656974547209,-5.258369719793364,0.0033271649143006895,4.611004923682622
2026-07-15T15:58:00+03:00,12.33,294.144,-127.99791199553322,7.503839999999999,120.99722717572726,107.50407110039637,-1.4178986556102482,5.443199999999999,6.14304,-0.5156620156177408,,2.343397382085067,23.035527,58.301218,11.671630570225412,149.55994758237688,331.43727959335035,-4.692907773386829,0.0035509430917573257,4.61455586677438
2026-07-15T15:58:02+03:00,12.3,294.141,-131.00021084201873,7.3094399999999995,119.9945510342483,105.00024553567467,-0.9318012622212578,5.754239999999999,6.10416,-0.22918311805232927,,3.3689918353692403,23.035618,58.301191,11.904934571961292,152.39468986293008,327.59986117131825,-5.0991809863713184,0.003300673286011082,4.617856540060391
