time,dpt,mtw,awa,aws,cog,hdg,rot,sog,stw,pitch,yaw,roll,lng,lat,tws,twa,twd,vmg,dist,cum_dist
2026-07-15T11:23:07+03:00,13.08,293.32,-91.00202716393596,3.6935999999999996,107.99681480420887,76.31797831142566,-6.076790375157512,5.326560000000001,4.957199999999999,-0.544309905374282,,3.1913749188786853,23.033721,58.298175,6.53475615420678,145.5881661959001,322.4086486083088,-4.394394917977994,0.0027957499826130575,0.0027957499826130575
2026-07-15T11:23:09+03:00,13.08,293.32,-84.0004829074373,4.19904,96.99602513769707,63.965008248405105,-5.192945680388704,5.1127199999999995,4.84056,-0.5156620156177408,,3.884653850986982,23.033811,58.298169,6.267699793135314,138.21942715344514,318.7765979842519,-3.812565307133295,0.0028655730631642765,0.005661323045777334
2026-07-15T11:23:11+03:00,13.08,293.32,-76.99893865093864,5.69592,84.99828890765764,54.66590323343184,-4.236736416094873,5.01552,4.93776,-0.47555496995858326,,3.420558036931015,23.033901,58.29817,6.68917861249984,123.93362115683391,321.06466775082373,-2.799824081833499,0.0028434235187900407,0.008504746564567376
2026-07-15T11:23:13+03:00,13.08,293.32,-69.00044783091235,6.901199999999999,70.99520039466032,47.16588569516937,-2.5861595998819964,4.78224,4.723920000000001,-0.41252961249419273,,3.162727029122144,23.033982,58.298184,6.844142611611728,109.71772656410987,321.27747383055043,-1.613463315931583,0.002693344190505848,0.011198090755073224
2026-07-15T11:23:15+03:00,12.97,293.32,-65.99814898442683,7.795439999999999,62.99670957463401,42.90307969939604,-2.189443622533415,4.82112,4.996079999999999,-0.38961130068895977,,2.3147494923285254,23.034054,58.298203,7.31008207618824,103.04656484537236,319.95014472926164,-1.0883334178448445,0.002544874819375149,0.013742965574448372
2026-07-15T11:23:17+03:00,12.93,293.32,-63.99852627942025,8.39808,57.99478802314193,42.00926553899196,0.18987821330635485,4.89888,5.09328,-0.3380450991271857,,1.4954198452914487,23.034133,58.298232,7.645564258582849,99.16073816925895,318.83404985388296,-0.7799248032433684,0.003043873619015113,0.016786839193463486
2026-07-15T11:23:19+03:00,12.93,293.33,-59.999280869407116,8.39808,50.998973344594575,43.06923745998399,1.5451525819088041,5.151599999999999,5.03496,-0.2807493196141034,,0.739115555718762,23.0342,58.29826,7.335001077170822,97.46107279207826,313.5379005525163,-0.6689484822463226,0.0027039305109206376,0.019490769704384125
2026-07-15T11:23:21+03:00,12.93,293.33,-59.999280869407116,8.30088,55.99516531813535,45.35533906255597,0.8095320687403401,5.13216,5.28768,-0.27501974166279514,,0.320856365273261,23.034267,58.298295,7.255432765627617,97.77572644365203,318.21943887448333,-0.6943598289185742,0.0029840472022021557,0.02247481690658628
2026-07-15T11:23:23+03:00,12.86,293.33,-61.00195701088606,8.30088,55.99516531813535,49.136860510419396,5.00736465054583,5.0544,5.151599999999999,-0.3323155211758775,,-0.2119943841984046,23.034341,58.298322,7.332991287384799,98.07690815474994,317.9182571633854,-0.7101543829991225,0.0028455656819694063,0.025320382588555686
2026-07-15T11:23:25+03:00,12.78,293.32,-65.0012024208992,8.39808,58.99746416462087,59.782416343950096,5.918081065906274,4.87944,5.19048,-0.2119943841984046,,-1.3636395524113596,23.034416,58.298349,7.726719889195182,99.91482745231761,319.08263671230327,-0.8401616377630029,0.00287156629469356,0.028191948883249246
2026-07-15T11:23:27+03:00,12.63,293.33,-71.00007053591892,8.39808,73.99749924114583,68.36532411500983,2.9484408137432165,4.91832,5.151599999999999,-0.19480565034447989,,-1.581363514561072,23.034494,58.298364,8.235465482966367,105.37982514310495,328.6176740980409,-1.3044202359641044,0.0026235299625462388,0.030815478845795486
2026-07-15T11:23:29+03:00,12.86,293.33,-71.00007053591892,8.00928,85.99523547118525,70.12430454606145,-0.36199473496365414,4.996079999999999,5.20992,-0.25210142985756223,,-0.040107045659157625,23.034578,58.298368,7.940670807991686,107.50542503297473,338.4898104382105,-1.502801382023763,0.002664125524017716,0.033479604369813204
2026-07-15T11:23:31+03:00,13.23,293.33,-69.99739439443997,7.503839999999999,90.99715702267736,69.43102561395315,-0.10250214954890428,5.326560000000001,5.28768,-0.2864788975654116,,0.8307888029396938,23.03467,58.298368,7.572026579550951,111.37495603968851,339.62220098298883,-1.941370180132782,0.00290594490290608,0.03638554927271928
2026-07-15T11:23:33+03:00,13.38,293.33,-71.00007053591892,7.1928,88.99753431767077,70.22170737123369,0.8476910578960529,5.346,5.20992,-0.20053522829578813,,-0.29793805346802804,23.034757,58.29837,7.434932580939901,113.833102144272,335.1644321733988,-2.160178743615517,0.002750641271130232,0.039136190543849515
2026-07-15T11:23:35+03:00,13.38,293.34,-72.9996932409255,7.1928,89.9944808811984,72.11819767311671,-0.6144399394982948,5.404319999999999,5.151599999999999,-0.2119943841984046,,-0.18334649444186346,23.034863,58.298373,7.629704440133675,115.63852211141227,334.3559587697861,-2.3384059596396587,0.003353005938844372,0.042489196482693885
2026-07-15T11:23:37+03:00,13.38,293.33,-76.001992087411,7.095599999999999,84.99828890765764,71.14989899934562,-1.0813432467504027,5.07384,5.326560000000001,-0.320856365273261,,1.7876283208081685,23.034961,58.298376,7.659928597030143,115.99672684709557,329.00156206056204,-2.2239645360669487,0.003100710306481748,0.045589906789175634
2026-07-15T11:23:39+03:00,13.5,293.34,-76.001992087411,6.804,87.99485817619184,69.8091777587395,-0.10645555833530695,5.326560000000001,5.28768,-0.45836623610465854,,3.185645340927377,23.035051,58.298381,7.558682262903937,119.14076706678664,328.8540911094052,-2.593805482311284,0.002858613712026866,0.0484485205012025
2026-07-15T11:23:41+03:00,13.46,293.33,-78.00161479241758,6.804,81.99599006117212,65.09946468276414,-3.6018991790899206,5.151599999999999,5.443199999999999,-0.5213915935690492,,3.3575326794666243,23.035135,58.298386,7.632830636670558,119.31534911943928,322.68064094173286,-2.522306069723854,0.00267021989424714,0.05111874039544964
2026-07-15T11:23:43+03:00,13.38,293.33,-72.9996932409255,7.1928,82.99866620265107,57.21556542176401,-3.6746075232920217,5.57928,5.42376,-0.5557690612768985,,3.7528735581068924,23.035231,58.2984,7.7070225075389,116.81123304230036,326.1874331603507,-2.516548340955744,0.0031468885329276543,0.054265628928377295
2026-07-15T11:23:45+03:00,13.35,293.34,-67.00082512590576,7.60104,69.99825383113267,53.583013000634594,-0.9190815991693535,5.151599999999999,5.38488,-0.23491269600363757,,4.440422912263879,23.035313,58.298417,7.329100059639898,107.31840439932145,322.67984943181125,-1.5335362445384593,0.0027843571757441943,0.057049986104121486
2026-07-15T11:23:47+03:00,13.46,293.34,-63.001579715892625,8.203679999999999,61.99976301110639,51.62349734128718,-0.6578128445896981,5.346,5.5404,-0.5328507494716656,,4.079459501331462,23.035388,58.298438,7.487391315570539,102.50972463980338,319.490038371303,-1.157972011828783,0.002684276026407398,0.05973426213052888
2026-07-15T11:23:49+03:00,13.38,293.34,-57.00271160087291,8.39808,64.99633227964058,48.60973933889905,-3.834004381897417,5.38488,5.832,-0.5500394833255903,,6.084811784289343,23.035481,58.298465,7.090008887626999,96.57059837199827,328.4257339076423,-0.6161777152266871,0.003356021554944629,0.06309028368547351
2026-07-15T11:23:51+03:00,13.38,293.34,-50.00116734437425,8.30088,59.994410728148495,42.118127520066814,-2.3696388491020586,5.3654399999999995,5.6376,-0.6875493541569879,,4.996191973540778,23.035563,58.298488,6.35902184401671,90.26910500355734,329.7253057245912,-0.02520013610137651,0.0029359366679762217,0.06602622035344972
2026-07-15T11:23:53+03:00,13.38,293.33,-46.99886849788874,8.39808,52.99859604960115,38.72048779494103,-0.507296831808831,5.81256,5.42376,-0.31512678732195276,,2.394963583646841,23.035641,58.298521,6.142441407036026,90.7925374139028,322.20605863569835,-0.08039901731413693,0.003162979095075811,0.06918919944852553
2026-07-15T11:23:55+03:00,13.27,293.35,-44.00229922935453,8.30088,45.997051793102486,39.76327098207913,-0.033861805692231656,5.326560000000001,5.443199999999999,-0.2864788975654116,,0.8995437383553924,23.035699,58.298553,5.802404849899679,83.62410428950238,322.37294750360013,0.5915189887843961,0.002656289150966911,0.07184548859949244
2026-07-15T11:23:57+03:00,13.23,293.34,-46.99886849788874,8.00928,49.99629720311564,39.72316393641998,-1.242344387182164,5.26824,5.326560000000001,-0.22918311805232927,,2.8476002418001913,23.035768,58.298582,5.860726792248138,88.1011927612286,321.89510444188704,0.17455982508271736,0.0027907825190244613,0.07463627111851691
2026-07-15T11:23:59+03:00,13.23,293.35,-50.99811390790188,8.00928,50.998973344594575,37.683434185754244,-1.2341510907117934,5.326560000000001,5.404319999999999,-0.4354479242994257,,5.265482137252265,23.035846,58.298611,6.23077879696329,92.63042444122357,318.368548903371,-0.24445417107183853,0.003018012040673619,0.07765428315919053
2026-07-15T11:24:01+03:00,13.23,293.35,-54.99735931791503,7.892639999999999,50.998973344594575,35.31711849186394,-1.333559268166991,5.404319999999999,5.46264,-0.3552338329811104,,4.9446257719790045,23.035927,58.298642,6.52427448157905,97.72505365804977,313.2739196865448,-0.7264459849556635,0.0031650961884339907,0.08081937934762452
2026-07-15T11:24:03+03:00,13.38,293.35,-46.99886849788874,7.795439999999999,49.99629720311564,31.99396328010517,-1.5684146683911155,5.1127199999999995,5.6376,-0.41252961249419273,,2.0626480624709633,23.035996,58.298671,5.704762897471234,87.95199696427713,322.0443002388385,0.1827121754490173,0.0027907782386144453,0.08361015758623896
2026-07-15T11:24:05+03:00,13.38,293.35,-42.002676524347955,8.10648,41.99780638308934,32.07417737142348,1.9109861340998346,5.1127199999999995,5.5404,-0.23491269600363757,,-0.6187944187412892,23.036054,58.298704,5.500592023504995,80.46350170656032,321.534304676529,0.8470542391740019,0.0027001267469155175,0.08631028433315448
2026-07-15T11:24:07+03:00,13.38,293.35,-42.999623087875584,8.80632,42.99475294661698,35.79267346182253,1.8721968913694778,5.1710400000000005,5.26824,-0.12605071492878112,,2.0282705947631143,23.036118,58.29874,6.138566005524454,78.06435869052203,324.9303942560949,1.0694374422954345,0.0029612254726843075,0.08927150980583878
2026-07-15T11:24:09+03:00,13.38,293.34,-42.999623087875584,8.90352,49.99629720311564,35.87861713109215,2.067804682627141,5.1127199999999995,5.443199999999999,-0.3036676314193363,,3.815898915571283,23.036177,58.298772,6.231208751685711,77.02618323656394,332.9701139665517,1.1478350874575962,0.002678163292053768,0.09194967309789255
2026-07-15T11:24:11+03:00,13.53,293.33,-42.999623087875584,9.00072,48.999350639587995,40.63989640862929,1.7351453867741848,5.09328,5.42376,-0.29220847551671986,,1.4152057539731333,23.036243,58.298803,6.316556109504823,76.36096943125406,332.63838120833395,1.2010166625961243,0.0027960512176858,0.09474572431557834
2026-07-15T11:24:13+03:00,13.53,293.34,-50.00116734437425,8.80632,57.99478802314193,41.52225141313076,-0.48076888589427375,4.74336,5.404319999999999,-0.49847328176381617,,3.758603136058201,23.036313,58.29883,6.808199135979253,82.25845963839309,335.73632838474884,0.6389525485288227,0.0027427044542841215,0.09748842876986247
2026-07-15T11:24:15+03:00,13.68,293.34,-48.00154463936767,8.59248,57.99478802314193,37.712082075510786,-1.6748129309469095,5.28768,5.443199999999999,-0.25210142985756223,,4.377397554799489,23.036393,58.298851,6.402277094046234,85.86507249411332,332.1297155290286,0.38127065630999596,0.0028246065374161536,0.10031303530727861
2026-07-15T11:24:17+03:00,13.68,293.34,-44.00229922935453,8.39808,50.998973344594575,35.76402557206598,-0.7966978141294098,5.307119999999999,5.52096,-0.37242256683503505,,1.7246029633437776,23.036477,58.298884,5.879996137734248,82.83181949225828,328.1671538523363,0.6622343135782437,0.003312709963393238,0.10362574527067185
2026-07-15T11:24:19+03:00,13.8,293.34,-46.99886849788874,8.70912,48.999350639587995,33.84461695837773,-0.8134281817472298,5.151599999999999,5.307119999999999,-0.19480565034447989,,2.2402649789615188,23.03655,58.298917,6.41790571453129,82.94616112366155,326.0531895159264,0.6326265307544835,0.003041555785707802,0.10666730105637966
2026-07-15T11:24:21+03:00,13.83,293.34,-46.0019219343611,8.90352,45.997051793102486,30.962639248869685,-3.175332100615022,5.19048,5.52096,-0.16615776058793874,,3.3976397251257815,23.036618,58.298951,6.481568718065205,81.17654840771534,324.82050338538716,0.7961693505024988,0.00296475357570488,0.10963205463208453
2026-07-15T11:24:23+03:00,13.83,293.34,-46.0019219343611,8.90352,44.99437565162355,26.762858610560755,-0.0593011317960402,4.97664,5.1127199999999995,-0.2578310078088704,,1.5870930925123803,23.036687,58.298988,6.517795966615197,79.31867254457283,325.6757031070507,0.9224021816548953,0.003113838498250201,0.11274589313033473
2026-07-15T11:24:25+03:00,13.87,293.34,-42.999623087875584,8.80632,34.996262126590686,27.312898093886343,-0.5376062991712515,5.03496,5.22936,-0.2578310078088704,,2.7845748843358007,23.03674,58.299024,6.168146140366047,76.82754635995437,318.1687157666363,1.1473806399670858,0.00273583619687195,0.11548172932720668
2026-07-15T11:24:27+03:00,13.98,293.34,-39.997324241390075,9.097919999999998,39.998183678082775,22.826638558011993,-3.1527002677073543,5.01552,5.326560000000001,-0.20626480624709637,,3.2028340747813018,23.036797,58.299062,6.165582584013108,71.52159519343843,328.47658848464437,1.5896550397801434,0.002908346431268233,0.11839007575847492
2026-07-15T11:24:29+03:00,13.98,293.34,-37.9977015363835,9.408959999999999,30.99701671657754,18.24297619696541,-0.6985501438234997,4.84056,5.28768,-0.22345354010102106,,2.457988941111232,23.03685,58.299101,6.338609847491128,66.04066888149191,324.95634783508564,1.9656938168510112,0.0028805726326067006,0.12127064839108162
2026-07-15T11:24:31+03:00,13.98,293.35,-35.00113226784929,9.70056,29.994340575098594,19.560779125766306,-0.006703606203030631,4.97664,5.1710400000000005,-0.29220847551671986,,0.888084582452776,23.036894,58.29914,6.306965745499728,61.91207116688517,328.08226940821345,2.343131618415918,0.0027252044347414657,0.12399585282582308
2026-07-15T11:24:33+03:00,14.13,293.35,-39.00037767786244,9.89496,32.996639421584106,17.933578987594768,-1.1415611110186523,4.859999999999999,5.1710400000000005,-0.10313240312354818,,1.478231111437524,23.036935,58.299181,6.839963614823646,65.56165726376737,327.43498215781676,2.0106489375088428,0.0027839546078546507,0.12677980743367773
2026-07-15T11:24:35+03:00,14.13,293.35,-39.00037767786244,9.89496,29.994340575098594,16.123032354981365,-0.44942809450061777,4.97664,5.19048,-0.47555496995858326,,2.1084846860814292,23.036966,58.299214,6.792538140792705,66.4574165930625,323.5369239820361,1.9878219862836763,0.0022120650617372946,0.12899187249541502
2026-07-15T11:24:37+03:00,14.13,293.34,-37.00075497285587,10.1088,25.99509516508545,17.068412716947226,1.9858717179234335,5.0544,5.307119999999999,-0.22918311805232927,,-0.6073352628386726,23.037003,58.299254,6.791522029662574,63.609259392046496,322.38583577303893,2.2466323798499186,0.002673290447592574,0.1316651629430076
2026-07-15T11:24:39+03:00,14.13,293.34,-39.00037767786244,10.206,29.994340575098594,18.197139573354946,-0.20546266533391322,5.3654399999999995,5.13216,-0.27501974166279514,,0.6302535746439055,23.037042,58.2993,6.9165242278969865,68.22235028684361,321.771990288255,1.9906083824769976,0.0030269450918139827,0.13469210803482157
2026-07-15T11:24:41+03:00,14.13,293.34,-37.9977015363835,9.89496,30.99701671657754,16.05427741956567,-0.9467554606741724,4.97664,4.957199999999999,-0.26356058576017866,,2.245994556912827,23.03709,58.299345,6.7130983429309685,65.15188830515471,325.8451284114228,2.0912548063372074,0.0031007693805522474,0.13779287741537383
2026-07-15T11:24:43+03:00,14.13,293.33,-35.99807883137692,9.60336,26.997771306564392,15.441212578775687,0.835200577962201,4.91832,5.01552,-0.12032113697747288,,0.6359831525952138,23.037131,58.29939,6.323678403187209,63.20054668866811,323.7972246178963,2.2175181383455795,0.0029988721493797894,0.14079174956475363
2026-07-15T11:24:45+03:00,14.28,293.34,-37.00075497285587,9.60336,26.997771306564392,17.47521275149011,1.9891948731351918,4.97664,5.03496,-0.02864788975654116,,0.27501974166279514,23.037161,58.299428,6.37610436184622,65.017746374018,321.98002493254637,2.101821837110329,0.0024728439532628542,0.1432645935180165
2026-07-15T11:24:47+03:00,14.28,293.34,-39.00037767786244,9.992159999999998,25.99509516508545,19.44618756674014,1.1488376750168137,4.64616,5.326560000000001,-0.05156620156177409,,1.8162762105647094,23.037195,58.299469,7.0194142385346066,63.617433068857366,322.37766209622805,2.064579855448767,0.002688236690819147,0.14595283020883562
2026-07-15T11:24:49+03:00,14.28,293.34,-39.00037767786244,9.79776,26.997771306564392,20.408756662559924,0.7313233297049828,5.2488,5.2488,-0.3093972093706446,,1.627200138171538,23.037235,58.299508,6.604139797051209,69.01173718062307,317.98603412594133,1.879997840876406,0.0026629858700757568,0.1486158160789114
2026-07-15T11:24:51+03:00,14.28,293.33,-35.99807883137692,9.79776,30.99701671657754,21.03901023720383,0.0826778098373778,5.07384,5.326560000000001,-0.2864788975654116,,3.122619983462987,23.037288,58.299555,6.426652071650888,63.645857459722194,327.35115925685534,2.252369624119746,0.003283797872448202,0.1518996139513596
2026-07-15T11:24:53+03:00,14.28,293.33,-37.9977015363835,9.70056,33.99931556306306,19.755584776110783,-2.2296652597515987,4.996079999999999,5.307119999999999,-0.3495042550298022,,3.6382819990807276,23.037343,58.2996,6.532821744345125,66.08477111791379,327.91454444514926,2.025333771483779,0.003214658411897451,0.15511427236325703
2026-07-15T11:24:55+03:00,14.28,293.33,-37.00075497285587,9.79776,32.996639421584106,16.673071838306953,-1.462875842528018,5.19048,5.443199999999999,-0.2119943841984046,,1.455312799632291,23.037388,58.29964,6.45822336082448,65.92728741145197,327.06935201013215,2.117174328065501,0.0027930083411559013,0.15790728070441293
2026-07-15T11:24:57+03:00,14.28,293.33,-37.9977015363835,10.1088,28.997394011570965,14.129139227926103,-0.851816354020995,5.2488,5.26824,-0.23491269600363757,,0.32658594322456924,23.037436,58.29968,6.790646764508304,66.41230161729256,322.5850923942784,2.100319270673943,0.00284239836068621,0.16074967906509913
2026-07-15T11:24:59+03:00,14.28,293.32,-33.00150956284272,10.206,23.995472460078876,16.134491510883983,2.3717587929440427,5.1127199999999995,5.307119999999999,-0.17188733853924698,,-0.8537071147449266,23.037475,58.299723,6.540601949804296,58.200028254019145,325.79544420605976,2.694175291990574,0.002863163608375123,0.16361284267347426
2026-07-15T11:25:01+03:00,14.28,293.33,-33.00150956284272,9.70056,27.99471787009202,20.523348221586087,2.1277933637773385,4.80168,5.1710400000000005,-0.18334649444186346,,-1.604281826366305,23.037517,58.299765,6.247358195740638,57.74919813616057,330.2455197339315,2.5623029816939122,0.002851845765611149,0.1664646884390854
2026-07-15T11:25:03+03:00,14.28,293.34,-35.00113226784929,9.50616,32.996639421584106,25.50235146127294,2.3090199143772177,4.84056,5.326560000000001,-0.23491269600363757,,-1.0599719209920229,23.037567,58.299806,6.197770062915966,61.6156246438441,331.38101477774,2.301126275230239,0.0029270109700286345,0.16939169940911403
2026-07-15T11:25:05+03:00,14.13,293.33,-37.00075497285587,9.29232,33.99931556306306,30.802211066233056,2.6708427620023323,4.91832,5.22936,-0.24064227395494575,,0.06302535746439056,23.037618,58.299847,6.126855935485223,65.88974346471682,328.10957209834623,2.0091035243070214,0.0029441716380385913,0.17233587104715262
2026-07-15T11:25:07+03:00,14.13,293.33,-39.997324241390075,9.00072,45.997051793102486,29.547433494896556,-2.331537155725859,4.7628,5.1710400000000005,-0.34377467707849396,,1.7647100090029357,23.037676,58.299883,6.165719773018818,69.76623377950001,336.23081801360246,1.6472202035431984,0.002835196498351512,0.17517106754550413
2026-07-15T11:25:09+03:00,14.13,293.33,-39.00037767786244,8.70912,44.99437565162355,26.464920557092725,-1.7881439828237864,5.404319999999999,5.46264,-0.3781521447863433,,1.598552248414997,23.037742,58.299917,5.648024281332519,76.02592088614405,328.9684547654795,1.305050889937064,0.0029192725119277676,0.1780903400574319
2026-07-15T11:25:11+03:00,14.06,293.33,-41.00000038286902,8.80632,34.996262126590686,25.467973993565096,1.861711763718584,5.67648,5.1127199999999995,-0.3036676314193363,,0.25210142985756223,23.037804,58.29996,5.858284311741357,80.47185409457235,314.52440803201836,0.9396395846425379,0.0032427044649913058,0.18133304452242321
2026-07-15T11:25:13+03:00,13.98,293.33,-42.999623087875584,9.195120000000001,31.999692858056477,30.25217158290747,-0.8283250844206311,5.03496,5.09328,-0.37242256683503505,,0.7620338675239948,23.037858,58.300004,6.49473511003814,74.91773925041548,317.081953607641,1.3101246759806626,0.0031470095505173644,0.18448005407294057
2026-07-15T11:25:15+03:00,13.95,293.33,-44.00229922935453,9.097919999999998,38.995507536603824,22.12763004795239,-5.77730533564263,5.754239999999999,5.01552,-0.693278932108296,,4.2456172619194,23.03792,58.300045,6.3693911994786525,82.87519587235101,316.1203116642528,0.71370448227046,0.003147719825030457,0.18762777389797103
2026-07-15T11:25:17+03:00,13.83,293.32,-37.9977015363835,8.90352,36.99588483159726,8.061516177490683,-8.185561540136506,4.97664,5.03496,-0.888084582452776,,5.127972266420867,23.037974,58.300082,5.8484631451756846,69.58914364135326,327.406741190244,1.735601391031071,0.0028026987185393007,0.19043047261651033
2026-07-15T11:25:19+03:00,13.8,293.32,-35.99807883137692,9.408959999999999,17.996604345059158,355.096323110279,-5.765445109283421,4.704479999999999,4.82112,-0.8823550045014679,,2.165780465594512,23.038006,58.300121,6.24802622665277,62.26510422173331,315.7315001233259,2.189376571880671,0.00255280643553303,0.19298327905204335
2026-07-15T11:25:21+03:00,13.53,293.32,-31.00188685783615,10.303199999999999,4.996191973540778,339.7811612464321,-9.516485202445894,4.49064,4.4712,-1.0771606548459478,,2.727279104822719,23.038012,58.300157,6.8559885600168995,50.71836358906677,314.277828384474,2.843171568479198,0.002172160359397199,0.19515543941144053
2026-07-15T11:25:23+03:00,13.53,293.32,-20.00109719132434,10.4004,354.99892028510675,320.0828722498344,-9.374391669253452,4.23792,4.101839999999999,-0.8938141604040842,,2.773115728433184,23.038004,58.30019,6.579738659989573,32.72787477796825,322.2710455071385,3.5651410963420362,0.0019995837498996195,0.19715502316134015
2026-07-15T11:25:25+03:00,13.53,293.33,-12.999552934825683,10.692,331.99466481060426,302.1321045283857,-7.477901367370426,3.6352800000000003,3.8491199999999997,-0.5213915935690492,,-0.590146528984748,23.037961,58.300208,7.196495714383447,19.524121700232712,312.4705431103715,3.426254576647491,0.0017364171346511443,0.1988914402959913
2026-07-15T11:25:27+03:00,13.57,293.32,-1.998763268313877,10.1088,313.99806046554505,289.4525485221406,-4.762998150922534,3.5964,3.57696,-0.20053522829578813,,-3.076783359852521,23.037915,58.300228,6.515795601632603,3.101827074230755,310.8962333913143,3.591131077379058,0.0018857580049186481,0.20077719830090993
2026-07-15T11:25:29+03:00,13.68,293.32,13.00041237151838,9.29232,295.9957265425346,281.48270559187085,-3.896800556243755,3.61584,3.34368,-0.03437746770784939,,-3.8445468053278242,23.037851,58.300244,5.8262202306909145,21.025828400605718,317.02155494314036,3.375092971350321,0.00223853781954618,0.20301573612045612
2026-07-15T11:25:31+03:00,13.68,293.32,22.001579333023614,9.29232,288.9999118639872,275.15152195567526,-2.7202890197221223,3.34368,3.28536,0.1432394487827058,,-5.082135642810402,23.037798,58.300253,6.317581349816514,33.437975437232666,322.4378873012199,2.7902435264624255,0.0017592281705261328,0.20477496429098224
2026-07-15T11:25:33+03:00,13.68,293.32,24.99814860155782,8.90352,281.99836760748855,268.6942876045509,-3.245347543180009,3.402,3.2464799999999996,0.1546986046853223,,-4.40604544455603,23.03774,58.30026,5.995141963974882,38.87300967069831,320.87137727818686,2.648589258854825,0.0018796094737700835,0.20665457376475233
2026-07-15T11:25:35+03:00,13.68,293.33,31.999692858056477,9.00072,272.99720064598336,264.64347599297594,0.38577248346158327,3.42144,3.05208,0.14896902673401402,,-3.5580679077624127,23.037681,58.300262,6.362942463945283,48.55509202682583,321.5522926728092,2.264649744094381,0.0018673689796784843,0.2085219427444308
2026-07-15T11:25:37+03:00,13.68,293.33,33.99931556306306,8.80632,260.9994644159439,265.46853521796436,-0.12622260226732035,3.2076,3.05208,0.22345354010102106,,-4.6123102508031275,23.037622,58.300255,6.403412498259453,50.265857311139285,311.26532172708323,2.050381930468496,0.0019104056079403886,0.2104323483523712
2026-07-15T11:25:39+03:00,13.68,293.33,35.99893826806962,8.59248,265.9956563894847,265.5201014195261,-0.1666161268240434,3.36312,3.1104000000000003,0.14896902673401402,,-4.068000345428845,23.037569,58.300251,6.195438249911312,54.605273230638275,320.60092962012294,1.947939785202554,0.001691165900002285,0.2121235142523735
2026-07-15T11:25:41+03:00,13.68,293.32,39.00123711455514,8.70912,266.99833253096364,265.72636622577323,0.28888532030496106,3.3047999999999997,2.83824,0.12605071492878112,,-4.27999472962725,23.037512,58.300248,6.483500756549206,57.711863159659146,324.71019569062275,1.7653492251930896,0.0018093348307282107,0.2139328490831017
2026-07-15T11:25:43+03:00,13.68,293.32,37.998560973076195,8.80632,265.9956563894847,267.15876071360026,1.4102783169350084,3.42144,2.95488,0.08594366926962349,,-4.297183463481174,23.037453,58.300247,6.463017724351411,57.0194550830784,323.0151114725631,1.8624753319808875,0.0018644652700660856,0.2157973143531678
2026-07-15T11:25:45+03:00,13.68,293.32,39.00123711455514,9.00072,265.9956563894847,268.6713692927456,0.8028284625373096,2.95488,2.916,0.11459155902616464,,-3.7815214478634336,23.037398,58.300246,6.957512291811422,54.50381400268756,320.49947039217227,1.7157474117143876,0.0017381970414009301,0.21753551139456873
2026-07-15T11:25:47+03:00,13.68,293.33,37.001614409548566,8.80632,265.9956563894847,270.75120608907054,1.094922346495003,2.8576799999999998,2.8771199999999997,0.12032113697747288,,-4.388856710702106,23.037343,58.300241,6.747007165886053,51.76968635739294,317.76534274687765,1.7684012093640957,0.0017629634052105372,0.21929847479977926
2026-07-15T11:25:49+03:00,13.68,293.33,31.002746294528848,8.59248,268.99795523597015,273.0946034711556,1.4286129663791947,2.916,2.7993599999999996,0.13178029288008933,,-4.27999472962725,23.037292,58.300236,6.275444268193644,44.850392622237194,313.8483478582074,2.067300312003575,0.0016386157545663798,0.22093709055434566
2026-07-15T11:25:51+03:00,13.68,293.33,28.997394011570965,8.49528,270.9975779409768,273.5529697072603,-0.4220980076728775,2.99376,2.8188,0.09740282517223994,,-3.724225668350351,23.03725,58.30024,6.053358732680867,42.869099682772685,313.86667762374947,2.1941563822132673,0.0013481692256680994,0.22228525978001376
2026-07-15T11:25:53+03:00,13.68,293.33,30.0000701530499,8.49528,279.998744902482,273.9425810079492,-0.334091690340783,3.2076,2.7215999999999996,0.09740282517223994,,-3.66120031088596,23.037198,58.30025,5.938102725804125,45.66950455808848,325.66824946057045,2.2414584056048636,0.0017489376625127856,0.22403419744252653
2026-07-15T11:25:55+03:00,13.68,293.32,31.002746294528848,8.39808,279.998744902482,273.8680964945822,0.006875493541569879,2.7021599999999997,2.7799199999999997,0.13750987083139757,,-3.7643327140095084,23.037153,58.300258,6.239168005470273,43.89267846354193,323.8914233660239,1.9472838044280705,0.0015004502970675992,0.22553464773959414
2026-07-15T11:25:57+03:00,13.68,293.33,31.999692858056477,8.39808,275.99949949246883,273.89101480638743,-0.059473019134579454,2.916,2.60496,0.1776169164905552,,-4.463341224069113,23.037105,58.300263,6.12334075082716,46.61637034657764,322.61586983904647,2.002941754657861,0.0015455658360806368,0.2270802135756748
2026-07-15T11:25:59+03:00,13.53,293.33,33.00236899953541,8.30088,272.99720064598336,273.81653029302043,-0.07385425979236311,2.7021599999999997,2.7215999999999996,0.18334649444186346,,-4.331560931189024,23.037062,58.300266,6.211603087361389,46.70854932190704,319.70574996789037,1.8528974622282728,0.0013700592331768067,0.2284502728088516
2026-07-15T11:26:01+03:00,13.53,293.33,33.00236899953541,8.39808,271.99452450450445,272.81958372949276,-0.2654513464841104,2.6244,2.6827199999999998,0.246371851906254,,-3.9362200525487556,23.037012,58.300271,6.359854505923459,45.991141992854295,317.98566649735875,1.8233532676167319,0.001607575975698593,0.2300578487845502
2026-07-15T11:26:03+03:00,13.53,293.32,33.00236899953541,8.49528,277.99912219747546,272.0575498619688,-0.6963729042020026,2.64384,2.7021599999999997,0.18334649444186346,,-3.0710537819012123,23.036963,58.300274,6.441066039984653,45.921181474769696,323.92030367224515,1.83918007161225,0.0015581179297351336,0.23161596671428533
2026-07-15T11:26:05+03:00,13.53,293.32,33.99931556306306,8.59248,269.9949017994978,270.9632004732689,-0.8452273393769905,2.83824,2.7799199999999997,0.03437746770784939,,-3.953408786402681,23.036909,58.300275,6.438140379965867,48.27067473160494,318.26557653110274,1.8891677771075512,0.0017066302514064317,0.23332259696569177
2026-07-15T11:26:07+03:00,13.53,293.33,35.00199170454199,8.39808,271.99452450450445,269.7026933239811,-0.31982504124202554,2.8188,2.83824,0.3495042550298022,,-5.958761069360561,23.036858,58.300278,6.30012370154769,49.8729059494502,321.8674304539546,1.816675090520344,0.0016208790879285585,0.23494347605362031
2026-07-15T11:26:09+03:00,13.53,293.33,37.001614409548566,8.39808,277.99912219747546,267.8004734441468,-0.48787356255389597,2.6827199999999998,2.7799199999999997,0.1776169164905552,,-6.331183636195597,23.036807,58.300283,6.460608793829167,51.4737168787606,329.472839076236,1.6709953961088084,0.001638613875016384,0.2365820899286367
2026-07-15T11:26:11+03:00,13.53,293.33,37.001614409548566,8.49528,269.9949017994978,270.01209053335174,3.0787314163559656,3.05208,2.6632800000000003,0.3036676314193363,,-5.953031491409254,23.036757,58.300283,6.3301953374617215,53.86997057410335,323.8648723736012,1.7995666584527132,0.0015792324193104588,0.23816132234794715
2026-07-15T11:26:13+03:00,13.53,293.33,35.00199170454199,8.39808,272.99720064598336,274.7504514990837,0.0025210142985756224,3.12984,2.6827199999999998,0.08594366926962349,,-3.592445375470262,23.0367,58.300283,6.104297676743469,52.10574230762256,325.1029429536059,1.9223668616227103,0.001800324958196742,0.2399616473061439
2026-07-15T11:26:15+03:00,13.53,293.33,33.00236899953541,8.49528,280.99569146600965,270.7282877772653,-3.2737089540389848,2.916,2.83824,-0.02864788975654116,,-2.194428355351053,23.036646,58.300287,6.25479517931157,47.71245103284048,328.7081424988501,1.9620357533403832,0.0017224340777876412,0.24168408138393152
2026-07-15T11:26:17+03:00,13.5,293.33,35.99893826806962,8.70912,276.9964460559965,265.21643378810677,-1.5550647517645673,2.7993599999999996,2.76048,0.18334649444186346,,-4.388856710702106,23.036602,58.300292,6.651093825014743,50.32175943741356,327.31820549341006,1.7873229818403646,0.0014218498501820489,0.24310593123411356
2026-07-15T11:26:19+03:00,13.38,293.33,37.001614409548566,8.49528,269.9949017994978,263.2741068626132,-0.45441282731825594,2.83824,2.93544,0.1546986046853223,,-5.2368342474957235,23.036555,58.300292,6.458589389506606,52.33759391316073,322.33249571265856,1.734186656528102,0.0014844780967174492,0.244590409330831
2026-07-15T11:26:21+03:00,13.38,293.33,37.998560973076195,8.30088,268.99795523597015,261.1656221765318,-0.8576605235313293,3.07152,2.89656,0.25210142985756223,,-6.949978054936886,23.036502,58.300291,6.176998333159144,55.82463599181358,324.82259122778373,1.7253578604454505,0.0016750647569485609,0.24626547408777957
2026-07-15T11:26:23+03:00,13.38,293.32,41.00085981956171,8.203679999999999,267.99527909449125,260.43796577671566,-0.11969088340282898,3.05208,2.93544,0.22345354010102106,,-6.485882240880918,23.036451,58.300292,6.230792867696155,59.74655287797816,327.7418319724694,1.5377170981894654,0.001611937752096075,0.24787741183987566
2026-07-15T11:26:25+03:00,13.38,293.32,41.99780638308934,8.39808,261.99641097947153,261.30886162531453,0.6777517758602507,3.18816,3.05208,0.4526366581533504,,-5.030569441248628,23.036397,58.300288,6.395013108407622,61.483602190740726,323.48001317021226,1.5220602768195166,0.0017224338391459814,0.24959984567902163
2026-07-15T11:26:27+03:00,13.38,293.33,43.000482524568284,8.80632,261.99641097947153,262.0537067589846,1.6031359107760434,3.18816,2.99376,-0.02864788975654116,,-6.89841185337511,23.03634,58.300285,6.8300108516210365,61.563701035604666,323.5601120150762,1.518142501824645,0.0018093329577713554,0.25140917863679296
2026-07-15T11:26:29+03:00,13.46,293.33,41.99780638308934,8.70912,258.99984171093735,273.5071330836498,8.770150378508486,3.18816,2.7215999999999996,-0.1546986046853223,,-5.758225841064774,23.036285,58.300282,6.6890427723857115,60.594844408467694,319.594686119405,1.5653296361360862,0.0017464896633932656,0.2531556683001862
2026-07-15T11:26:31+03:00,13.53,293.33,37.001614409548566,9.097919999999998,261.99641097947153,292.6954896425811,9.127217676434014,2.8771199999999997,2.7215999999999996,0.040107045659157625,,-3.7643327140095084,23.036237,58.300281,7.017192934672795,51.28745099116381,313.28386197063537,1.7993898974045908,0.0015172542714147657,0.25467292257160096
2026-07-15T11:26:33+03:00,13.38,293.33,30.0000701530499,9.097919999999998,281.99836760748855,311.3796433417972,9.273837576207992,2.7215999999999996,2.39112,-0.246371851906254,,-3.1913749188786853,23.03619,58.300288,6.87692881815204,41.41305246057425,323.4114200680628,2.041092218547471,0.0015429549878752543,0.2562158775594762
2026-07-15T11:26:35+03:00,13.38,293.33,16.99965778153153,9.195120000000001,296.9984026840135,329.9033688583767,9.596355519087131,2.21616,2.2356,0.18334649444186346,,-0.05156620156177409,23.036149,58.300299,7.105395301623256,22.231637868866756,319.23004055288027,2.0514146672325353,0.0014539990590173185,0.25766987661849355
2026-07-15T11:26:37+03:00,13.38,293.32,5.001921551492087,9.195120000000001,317.9973058755582,340.61195004937184,2.181651396519636,2.0606400000000002,2.08008,-0.045836623610465865,,-0.03437746770784939,23.036122,58.300317,7.144586769219392,6.4428946825565845,324.4402005581148,2.0476253873736647,0.001377618912145131,0.25904749553063866
2026-07-15T11:26:39+03:00,13.38,293.33,-5.998008678327023,9.00072,345.9977533236015,342.1130994726145,0.0741980344694416,2.54664,1.8273599999999999,-0.1604281826366305,,2.778845306384493,23.036113,58.300339,6.473493330975065,8.35395181905065,337.6438015045509,2.5196186706898005,0.001352577676197304,0.26040007320683595
2026-07-15T11:26:41+03:00,13.38,293.33,-9.997254088340169,8.59248,356.9985429901134,342.7318938913558,-0.5671136256204888,2.2550399999999997,2.0412,0.12605071492878112,,1.1459155902616465,23.036116,58.300364,6.383695244822541,13.513097258501602,343.4854457316118,2.1926126715349077,0.0015056773417385406,0.2619057505485745
2026-07-15T11:26:43+03:00,13.38,293.33,-14.999175639832256,8.59248,351.9966214386213,343.2475559069736,2.2565942761227475,2.3327999999999998,1.9245599999999998,-0.040107045659157625,,0.6818197762056798,23.036119,58.300381,6.367844730839502,20.43960770072931,331.55701373789196,2.1859287852523863,0.0010262149986710477,0.26293196554724557
2026-07-15T11:26:45+03:00,13.23,293.34,-18.00147448631777,8.49528,348.9943225921357,348.45574226471274,2.8213587747832,2.21616,1.96344,-0.005729577951308233,,1.0313240312354817,23.036116,58.300399,6.424216337085764,24.121404734603004,324.8729178575327,2.0226483841381118,0.001086080120676207,0.26401804566792175
2026-07-15T11:26:47+03:00,13.23,293.33,-20.998043754851974,8.30088,345.9977533236015,354.13375401445916,3.0494532730247803,1.944,1.944,0.040107045659157625,,1.6100114043176132,23.036112,58.300416,6.523276930624511,27.1282135197051,318.8695398038964,1.7301374064630632,0.0010296117164737648,0.2650476573843955
2026-07-15T11:26:49+03:00,13.23,293.34,-22.99766645985855,8.00928,0.9969465635276323,0.320856365273261,3.3589650739544514,2.0606400000000002,1.96344,0.09740282517223994,,2.9679213787776644,23.036105,58.300435,6.165209402664444,30.50101875563331,330.4959278078943,1.775488916940645,0.0011632506094344623,0.26621090799382996
2026-07-15T11:26:51+03:00,13.12,293.33,-27.002641447823002,8.00928,5.998868115019719,7.156242861183982,3.6683622833250955,2.00232,2.00232,0.03437746770784939,,3.9763270982079133,23.036102,58.300455,6.291273907307921,35.31122025029393,330.6876478647258,1.6339420014239967,0.0012058827709069905,0.26741679076473696
2026-07-15T11:26:53+03:00,13.08,293.33,-33.00150956284272,7.795439999999999,15.996981640052585,13.739527927237141,3.629859519492305,2.15784,2.09952,-0.11459155902616464,,4.314372197335099,23.036108,58.300475,6.1000460677389805,44.11011191303811,331.88686972701447,1.549336602507688,0.0012169995474420098,0.268633790312179
2026-07-15T11:26:55+03:00,13.01,293.33,-39.00037767786244,7.698239999999999,22.998525896551243,19.721207308402935,2.971874787564067,2.09952,2.2744799999999996,0.02864788975654116,,4.451882068166497,23.036122,58.300495,6.208832824510925,51.28726325326451,331.7112626432867,1.3130736714400153,0.0012808982940091642,0.26991468860618817
2026-07-15T11:26:57+03:00,12.93,293.33,-46.0019219343611,7.795439999999999,25.99509516508545,25.519540195126865,3.2616768403412375,2.2356,2.3522399999999997,-0.06302535746439056,,4.085189079282769,23.036139,58.300513,6.446342809563751,60.448431715618014,325.5466634494674,1.102612926052854,0.0012078458872063196,0.27112253449339446
2026-07-15T11:26:59+03:00,12.93,293.33,-48.99849120289531,7.698239999999999,35.99893826806962,30.945450515015764,2.7236694707133946,2.4299999999999997,2.46888,0.14896902673401402,,5.666552593843842,23.03616,58.300532,6.373509726213085,65.72108567385156,330.2778525942181,0.9991647784802796,0.0013206822874349828,0.27244321678082944
2026-07-15T11:27:01+03:00,12.93,293.34,-54.00041275438739,7.60104,32.996639421584106,36.577625641151755,3.5790381630642005,2.8771199999999997,2.48832,-0.14896902673401402,,4.577932783095277,23.036185,58.300553,6.351787907533995,75.49763125580887,317.49900816577525,0.7204884749102375,0.0014888888751142854,0.2739321056559437
2026-07-15T11:27:03+03:00,12.67,293.33,-57.99965816440055,7.892639999999999,43.99742908809592,42.42179515148615,3.385206540971443,2.7021599999999997,2.83824,-0.005729577951308233,,2.6757129032609446,23.036212,58.30057,6.855060618656041,77.5288044486188,326.4686246394771,0.5835281307927749,0.0013309284848289778,0.2752630341407727
2026-07-15T11:27:05+03:00,11.7,293.34,-63.99852627942025,8.00928,56.99784145961429,48.42066326650587,2.91412064181488,2.56608,2.89656,-0.20053522829578813,,3.3632622574179325,23.03625,58.300581,7.260384111417419,82.52012055975482,334.4777208998595,0.3340472096407131,0.0013702779323758252,0.2766333120731485
2026-07-15T11:27:07+03:00,11.28,293.345,-67.9977716894334,8.00928,59.994410728148495,53.05016225116292,2.46893243499823,2.76048,2.916,0.017188733853924696,,3.254400276343076,23.036292,58.300593,7.429840141177517,88.14783564942704,331.84657507872146,0.08922074629839546,0.0015099607805608027,0.2781432728537093
2026-07-15T11:27:09+03:00,11.13,293.346,-71.00007053591892,7.795439999999999,63.999385716112954,57.57079925474511,3.463472575786313,2.93544,3.0132,-0.14896902673401402,,4.291453885529866,23.036338,58.300606,7.381447262839861,93.08695732914089,330.91242838697207,-0.15807786813261285,0.0016496815324769467,0.2797929543861863
2026-07-15T11:27:11+03:00,11.13,293.347,-74.99931594593207,7.60104,70.99520039466032,62.085706680376,2.518206805379481,2.37168,3.09096,-0.1604281826366305,,2.647065013504403,23.036385,58.300616,7.353140557285065,93.15188877561243,337.8433116190479,-0.13040230776566145,0.001601539648465238,0.2813944940346515
2026-07-15T11:27:13+03:00,11.4,293.345,-78.00161479241758,7.40664,72.99482309966687,66.49175212493203,1.430274543985074,2.8771199999999997,3.14928,-0.17188733853924698,,2.337667804133759,23.036441,58.300627,7.3672383362086045,100.45906752796974,332.5357555716971,-0.5222923269279052,0.0018882658383673346,0.2832827598730188
2026-07-15T11:27:15+03:00,11.85,293.365,-82.00086020243072,7.3094399999999995,76.99979808763133,69.87793269415519,1.525672016874356,2.8771199999999997,3.07152,-0.1776169164905552,,2.486636830867773,23.036492,58.300634,7.473466360695588,104.41088952212972,332.5889085655016,-0.7160402756032759,0.0016648467213734141,0.2849476065943922
2026-07-15T11:27:17+03:00,12.26,293.365,-86.00010561244387,7.3094399999999995,79.99636735616555,71.70566806062253,0.7282866533907895,3.14928,3.1104000000000003,-0.18334649444186346,,2.3835044277442243,23.036547,58.300641,7.7546403999135975,109.89914876656188,330.0972185896037,-1.071906515288405,0.0017873676929546288,0.28673497428734684
2026-07-15T11:27:19+03:00,12.56,293.364,-87.99972831745043,7.095599999999999,76.99979808763133,72.64531884463707,-0.14255189942854882,3.1687199999999995,3.18816,-0.20626480624709637,,2.079836796324888,23.0366,58.300646,7.6693385799100176,112.38784563474532,324.61195245288604,-1.2068838230840895,0.0017007341627601207,0.28843570845010696
2026-07-15T11:27:21+03:00,13.01,293.364,-89.00240445892939,7.095599999999999,84.99828890765764,76.26641210986388,2.417939191231587,3.34368,3.14928,-0.18907607239317165,,1.4152057539731333,23.036656,58.300645,7.7911228400819095,114.41288124305126,330.58540766460635,-1.3819735700265001,0.001769743236921079,0.29020545168702805
2026-07-15T11:27:23+03:00,13.08,293.364,-91.99897372746359,6.901199999999999,85.99523547118525,83.85237331739599,3.3946603445911014,3.12984,3.14928,-0.1546986046853223,,0.29220847551671986,23.036708,58.300646,7.676543526355538,116.04476540183268,329.9504700693526,-1.3742290019716579,0.001643484429061936,0.29184893611609
2026-07-15T11:27:25+03:00,13.08,293.369,-99.00051798396224,6.9984,89.9944808811984,92.33787826328346,3.408525923233267,3.14928,3.2076,-0.13750987083139757,,0.10886198107485642,23.036763,58.300647,8.111200110137121,121.55007756366619,328.4444033175322,-1.6478405674938112,0.001738177416506433,0.2935871135325964
2026-07-15T11:27:27+03:00,13.08,293.365,-110.99825421400169,6.201359999999999,102.99489325271679,99.79778875588678,4.164715621246928,3.0326400000000002,3.0326400000000002,-0.11459155902616464,,0.22918311805232927,23.036821,58.300642,7.8186948724738,132.22823748032857,330.7666557723882,-2.0381936850519358,0.0018563802625451448,0.29544349379514157
2026-07-15T11:27:29+03:00,13.08,293.368,-125.99828929052664,5.79312,108.99949094568781,107.40093869727282,2.744868909133235,2.95488,3.12984,-0.03437746770784939,,-0.46982539200727513,23.036869,58.300633,7.900260375165154,143.61197853757332,325.3875124081145,-2.378731123442178,0.0016096736576055352,0.2970531674527471
2026-07-15T11:27:31+03:00,13.12,293.366,-140.00137780352395,5.20992,111.99606021422201,112.00751937012464,1.663582958162345,3.07152,3.05208,-0.03437746770784939,,-0.3781521447863433,23.036917,58.30062,7.816332565512148,154.6318345231185,317.3642256911035,-2.775344006607205,0.0017055759195925304,0.29875874337233965
2026-07-15T11:27:33+03:00,13.23,293.375,-149.0025447650292,4.60728,121.9999033172062,116.46513101624245,1.912533120146688,3.2076,2.7215999999999996,-0.045836623610465865,,-0.4469070802020421,23.036963,58.300606,7.5399849672389285,161.65796886968985,320.34193444751634,-3.044637507056061,0.0016789868560592844,0.3004377302283989
2026-07-15T11:27:35+03:00,13.23,293.375,-155.99835944357653,4.393439999999999,123.99952602221278,120.80242152538277,3.2000265815851607,2.8771199999999997,2.8576799999999998,-0.10313240312354818,,-1.2146705256773451,23.03701,58.300592,7.118644458861854,165.4607424310067,318.5387835912061,-2.7849827043352584,0.001706391733213402,0.30214412196161233
2026-07-15T11:27:37+03:00,13.23,293.379,-159.9976048535897,3.6935999999999996,118.99760447072069,131.95218021862857,7.015696314038391,2.8771199999999997,2.7215999999999996,-0.09167324722093173,,-2.6929016371148693,23.037058,58.300576,6.472425571319923,168.74347339615537,310.2541310745653,-2.8217729897531276,0.0017953607739598886,0.3039394827355722
2026-07-15T11:27:39+03:00,13.35,293.377,-164.99952640508178,3.2076,127.99877143222591,147.16420967935196,7.227862585575335,2.74104,2.56608,0.08021409131831525,,-4.6810651862188255,23.03709,58.300566,5.898059771008054,171.9081471017545,316.0906243304714,-2.7137493368020214,0.0011759291234633273,0.3051154118590355
2026-07-15T11:27:41+03:00,13.38,293.379,174.00155280327974,2.60496,144.99842921375745,160.72039111214724,4.1950250886093485,2.48832,2.2744799999999996,0.27501974166279514,,-5.265482137252265,23.037119,58.30055,5.086307109747743,176.93202912089757,321.930458334655,-2.4847536031621997,0.0013281084971772216,0.30644352035621275
2026-07-15T11:27:43+03:00,13.38,293.379,163.0007631367679,2.7021599999999997,167.99695511030868,164.83995765913784,1.6157982780484346,2.7993599999999996,2.2744799999999996,0.19480565034447989,,-3.477853816444097,23.037131,58.300528,5.4411149341552685,171.65166251596355,339.6486176262722,-2.7696970046973277,0.0013756135605604573,0.30781913391677324
2026-07-15T11:27:45+03:00,13.38,293.36,144.0014826502298,3.4992,170.9992539567942,169.65280313823678,3.3025860269135783,2.56608,2.39112,0.07448451336700701,,-2.543932610380855,23.037135,58.300509,5.775650184340105,159.13916796645947,330.13842192325365,-2.397868646318697,0.0011490133555143206,0.30896814727228755
2026-07-15T11:27:47+03:00,13.38,293.37,140.99918380374427,4.00464,170.9992539567942,176.06993044370196,2.908276472304546,2.97432,2.29392,0.26356058576017866,,-4.165403170601085,23.03714,58.300488,6.587625078728902,157.50686299980626,328.50611695660047,-2.748049689986612,0.0012721025567909046,0.31024024982907844
2026-07-15T11:27:49+03:00,13.38,293.36,135.99726225225223,4.393439999999999,175.99544593033497,180.65359280474854,2.8106444640142536,2.46888,2.11896,0.16615776058793874,,-3.237211542489151,23.037133,58.300465,6.403291563006361,151.5335514031441,327.5289973334791,-2.170383465142304,0.0014000447678734222,0.31164029459695186
2026-07-15T11:27:51+03:00,13.53,293.37,125.99914872721935,4.80168,182.99699018683364,186.0623143907835,2.86541922922876,2.7215999999999996,2.1384000000000003,0.25210142985756223,,-3.6898482006425017,23.037133,58.300441,6.769459000295323,144.98056763841376,327.9775578252474,-2.228874633332063,0.0014425851942163781,0.3130828797911682
2026-07-15T11:27:53+03:00,13.53,293.37,118.99760447072069,5.09328,187.99891173832572,192.7086248143011,3.651918394604841,2.3522399999999997,2.15784,0.21772396214971285,,-3.644011577032036,23.037133,58.300416,6.564319817214508,137.26282263978823,325.26173437811394,-1.7276600739648205,0.0015026929101003958,0.31458557270126863
2026-07-15T11:27:55+03:00,13.53,293.37,110.99911365069438,5.20992,192.9951037118665,200.38625926905408,4.494911198580821,2.76048,2.17728,0.24064227395494575,,-4.073729923380153,23.037124,58.300387,6.7135021030646165,133.57302824088572,326.5681319527522,-1.9027396967814079,0.001766149695849819,0.31635172239711845
2026-07-15T11:27:57+03:00,13.53,293.37,103.00062283066809,5.20992,200.9993241098441,209.79422626510222,4.4579554207948835,2.50776,2.31336,0.29220847551671986,,-4.767008855488449,23.037114,58.300358,6.269806812130237,125.93781039316299,326.9371345030071,-1.471821367520259,0.0017715075486695493,0.318123229945788
2026-07-15T11:27:59+03:00,13.53,293.37,93.99945586916286,5.50152,206.9981922248638,219.0933312800755,4.758013418104896,2.41056,2.41056,0.2578310078088704,,-4.537825737436121,23.037094,58.300337,6.158527059994452,116.98289530720358,323.98108753206736,-1.09373009330384,0.0014115027527967904,0.3195347326985848
2026-07-15T11:28:01+03:00,13.53,293.37,84.99828890765764,6.006959999999999,218.99592845490324,227.76218272040487,4.419509952741605,2.56608,2.37168,0.40107045659157625,,-5.047758175102552,23.037069,58.300316,6.323015210332875,108.84470151250096,327.8406299674042,-0.8288545200533447,0.0014888914312745553,0.32102362412985935
2026-07-15T11:28:03+03:00,13.53,293.37,78.00247422911028,6.6095999999999995,226.99441927492956,235.39971012949874,2.9554308988438125,2.7799199999999997,2.29392,0.4239887683968092,,-4.022163721818379,23.037038,58.300297,6.616336946373338,102.26902728984902,329.2634465647786,-0.5907390824941048,0.0015043115346279512,0.3225279356644873
2026-07-15T11:28:05+03:00,13.53,293.37,73.00055267761819,6.901199999999999,242.99713049293345,239.92034713308095,2.2909144480510837,1.944,2.39112,0.22918311805232927,,-2.870518553605424,23.037002,58.300286,6.60008080754312,89.36060883395538,332.3577393268888,0.021693580900833755,0.001315310413305901,0.3238432460777932
2026-07-15T11:28:07+03:00,13.53,293.37,65.99900842111953,7.1928,238.99788508292028,242.64762623790367,1.215816441267607,2.7215999999999996,2.6827199999999998,0.24064227395494575,,-3.414828458979706,23.036963,58.300274,6.574067826793223,88.22099188456147,327.2188769674817,0.08449087520778871,0.0014274444572231872,0.3252706905350164
2026-07-15T11:28:09+03:00,13.53,293.36,61.99976301110639,7.40664,242.99713049293345,241.69078672003516,-0.9508807567991143,2.7215999999999996,2.56608,0.2864788975654116,,-2.813222774092342,23.03692,58.300263,6.583171200546133,83.40891059338577,326.4060410863192,0.3123924890149285,0.0015105333144049948,0.3267812238494214
2026-07-15T11:28:11+03:00,13.53,293.36,60.0001403060998,7.503839999999999,244.99675319794,238.98642592701768,-1.0470803706015794,2.64384,2.56608,0.19480565034447989,,-2.7501974166279517,23.036881,58.300255,6.59231647386727,80.32355232123021,325.32030551917023,0.4443876694637102,0.00132233296602644,0.32810355681544784
2026-07-15T11:28:13+03:00,13.53,293.36,60.0001403060998,7.60104,242.99713049293345,236.29352428990285,0.2822963056609566,2.8188,2.54664,0.2807493196141034,,-3.6955777785938095,23.036836,58.300243,6.655503124949576,81.5177749803395,324.51490547327296,0.4157802717152471,0.0015938590496809859,0.32969741586512885
2026-07-15T11:28:15+03:00,13.53,293.36,63.002439152585325,7.60104,234.99863967290713,239.38749638360926,2.9978297756834937,2.95488,2.6632800000000003,0.2578310078088704,,-4.824304635001531,23.036794,58.300229,6.790834212170558,85.81452411887749,320.81316379178463,0.21566304510603504,0.001570951693583905,0.33126836755871275
2026-07-15T11:28:17+03:00,13.53,293.37,60.0001403060998,7.1928,242.99713049293345,243.36382348181715,0.05998868115019719,2.8188,2.6632800000000003,0.27501974166279514,,-5.219645513641799,23.036751,58.300216,6.277501623717229,82.88458188052176,325.88171237345523,0.34916054403437496,0.0015668875813591343,0.3328352551400719
2026-07-15T11:28:19+03:00,13.53,293.37,58.99746416462087,7.40664,255.99754286445182,240.72248804626406,-3.564485035067878,2.76048,2.8771199999999997,-0.14896902673401402,,-2.8819777095080408,23.036701,58.300204,6.435541907337003,80.56921243761832,336.56675530207013,0.4523213974779538,0.0017361590751411927,0.3345714142152131
2026-07-15T11:28:21+03:00,13.61,293.37,61.002816447578745,7.60104,248.99599860795314,231.60099994778136,-4.808949366092026,3.0326400000000002,3.0326400000000002,0.13750987083139757,,-2.6814424812122524,23.036649,58.300191,6.68010420022668,84.39804727454334,333.39404588249647,0.29603666855822897,0.0018188135919361434,0.3363902278071492
2026-07-15T11:28:23+03:00,13.65,293.38,63.002439152585325,7.40664,240.99750778792685,222.21595126353847,-2.734154598364288,2.99376,3.1104000000000003,0.29220847551671986,,-3.9190313186948313,23.0366,58.300178,6.609787937583022,86.80403759174627,327.80154537967314,0.16690554924132756,0.0017337281814987875,0.33812395598864803
2026-07-15T11:28:25+03:00,13.68,293.38,69.99825383113267,7.1928,225.9974727114019,220.19913982467796,-2.0395005675476785,3.0132,2.916,0.14896902673401402,,-4.835763790904148,23.036563,58.300158,6.781523693535382,94.6766334087161,320.67410612011804,-0.24567237073566012,0.001676569305098037,0.33980052529374605
2026-07-15T11:28:27+03:00,13.68,293.39,75.00017538262475,6.9984,227.99709541640848,213.40386037442642,-3.9850933524734153,3.42144,3.28536,0.0,,-3.030946736242055,23.036519,58.300138,6.949054314411842,103.39756505102905,331.3946604674375,-0.7927701007743801,0.001837532049358881,0.34163805734310493
2026-07-15T11:28:29+03:00,13.68,293.37,78.00247422911028,6.901199999999999,221.99822730138877,205.88665410231002,-3.7015938354426834,3.36312,3.2464799999999996,0.045836623610465865,,-2.137132575837971,23.036478,58.300116,7.020542645332647,105.94437696677016,327.9426042681589,-0.923862611813797,0.0018508445054708348,0.3434889018485758
2026-07-15T11:28:31+03:00,13.68,293.37,82.00171963912342,6.804,209.99476149339802,201.57801148292626,0.04830034212952839,3.3242399999999996,3.3047999999999997,0.29793805346802804,,-3.9075721627922144,23.036443,58.300092,7.144974581425452,109.43592892064383,319.43069041404186,-1.10614930582876,0.001817446608012156,0.3453063484565879
2026-07-15T11:28:33+03:00,13.68,293.37,84.00134234412998,6.29856,200.9993241098441,203.91567928706,0.8771983843452904,3.09096,3.1687199999999995,0.2807493196141034,,-5.225375091593108,23.036419,58.300064,6.71987752684386,111.22428383054263,312.2236079403867,-1.1189883717154985,0.0018458498209314386,0.34715219827751936
2026-07-15T11:28:35+03:00,13.68,293.37,82.99866620265107,5.79312,209.99476149339802,204.32247932160288,-0.1968110026274378,3.2076,3.1687199999999995,-0.10313240312354818,,-3.3346143676613913,23.036388,58.300037,6.270480305706523,113.51110242983005,323.50586392322805,-1.2795974875520508,0.0018953965520611257,0.3490475948295805
2026-07-15T11:28:37+03:00,13.83,293.37,84.00134234412998,6.006959999999999,210.99743763487695,204.29383143184634,0.03414828458979706,3.3047999999999997,3.12984,0.08021409131831525,,-4.3029130414324825,23.036356,58.300011,6.54645247347157,114.13764497654952,325.13508261142647,-1.3514322953939402,0.0018611536547922202,0.3509087484843727
2026-07-15T11:28:39+03:00,13.83,293.37,82.99866620265107,5.90976,205.99551608338487,208.98635577396777,3.922182586568051,3.09096,3.12984,0.19480565034447989,,-5.070676486907786,23.036325,58.299984,6.326619892104166,112.00597155716044,318.0014876405453,-1.158192682119082,0.0018953973102796163,0.3528041457946523
2026-07-15T11:28:41+03:00,13.83,293.37,80.00209693411685,5.79312,213.99973648136248,213.64450264838135,0.5496384128689987,3.14928,3.09096,0.41252961249419273,,-6.634851267614933,23.036291,58.299958,6.094537699206705,110.59208481628127,324.5918212976437,-1.1076406133978893,0.0018962015164535417,0.35470034731110583
2026-07-15T11:28:43+03:00,13.83,293.37,78.00247422911028,5.79312,221.99822730138877,215.24305489679637,-1.1113089394357447,3.2076,2.99376,-0.3609634109324186,,-3.4262876148823227,23.03625,58.299936,6.010297160224082,109.4707650262267,331.46899232761547,-1.0691759523017075,0.001850849114290667,0.3565511964253965
2026-07-15T11:28:45+03:00,13.83,293.38,75.00017538262475,6.006959999999999,227.99709541640848,207.06121758232823,-6.489148100313165,3.34368,3.38256,0.13750987083139757,,-3.328884789710083,23.036202,58.299913,6.071815206335788,107.13577842562219,335.1328738420307,-0.9851722256144113,0.00205176459157537,0.35860296101697187
2026-07-15T11:28:47+03:00,13.83,293.37,76.99979808763133,6.10416,217.99898189137562,198.1975604916544,-1.6161993485050263,3.12984,3.14928,0.022918311805232933,,-3.105431249609062,23.036162,58.299891,6.201704353326428,106.45474357571439,324.45372546709,-0.8865519363374575,0.0018288904225702218,0.3604318514395421
2026-07-15T11:28:49+03:00,13.83,293.36,82.99866620265107,6.201359999999999,198.9997014048375,201.28580300740953,4.395388429566598,3.3242399999999996,3.2076,0.040107045659157625,,-6.984355522644735,23.036139,58.299866,6.669472117469399,112.64927206373359,311.6489734685711,-1.2801286033549493,0.0016690785375018567,0.36210092997704396
2026-07-15T11:28:51+03:00,13.83,293.36,80.99904349764448,5.598719999999999,199.99664796836515,212.51577579197362,6.100338940537388,3.46032,3.05208,0.045836623610465865,,-7.0015442564986605,23.036119,58.299836,6.103893673283085,115.04949622730905,315.0461441956742,-1.4651030797793336,0.001910677776168709,0.3640116077532127
2026-07-15T11:28:53+03:00,13.83,293.36,73.99749924114583,5.69592,208.9978149298704,225.87142199647315,6.337658059280575,2.8188,2.89656,-0.08594366926962349,,-4.440422912263879,23.036088,58.299812,5.615755683250111,102.84594023438433,311.84375516425473,-0.6267046756102995,0.0017434910134857687,0.3657550987666984
2026-07-15T11:28:55+03:00,13.83,293.37,69.00130726760504,6.201359999999999,234.99863967290713,222.63421045398397,-6.231202500945268,3.07152,3.14928,-0.05729577951308232,,-2.0855663742761967,23.03605,58.299793,5.851479539207263,98.34538325206084,333.344022924968,-0.4458002479205502,0.0016567527167322615,0.3674118514834307
2026-07-15T11:28:57+03:00,13.83,293.36,73.00055267761819,6.39576,235.9955862364348,208.60247405123013,-3.8354940721647566,3.18816,3.05208,0.12605071492878112,,-3.3059664779048505,23.036005,58.299779,6.256768757827763,102.16317639635284,338.15876263278767,-0.6717343905680724,0.0016517603603414335,0.3690636118437721
2026-07-15T11:28:59+03:00,13.83,293.37,78.9994207926379,6.7068,209.99476149339802,212.09178702357684,5.228239880568762,2.8771199999999997,2.29392,0.02864788975654116,,-6.84111607386203,23.035975,58.299757,6.774570066494042,103.63784527979666,313.63260677319465,-0.6783790521037318,0.0016268125062530482,0.3706904243500252
2026-07-15T11:29:01+03:00,13.83,293.37,73.00055267761819,6.39576,211.9943841984046,225.08074023919258,7.625609886955151,3.18816,2.6827199999999998,-0.02864788975654116,,-6.726524514835865,23.035946,58.299732,6.256768757827763,102.16317639635284,314.15756059475746,-0.6717343905680724,0.001759853607808805,0.372450277957834
2026-07-15T11:29:03+03:00,13.98,293.36,65.99900842111953,6.7068,224.99479656992298,240.87718665094943,7.870721231712118,2.8188,2.60496,-0.10886198107485642,,-5.271211715203573,23.035915,58.299711,6.127592139577265,90.84898370410532,315.8437802740283,-0.04176621235143126,0.0015975042710615985,0.37404778222889556
2026-07-15T11:29:05+03:00,13.98,293.36,56.99784145961429,7.1928,240.99750778792685,253.39631447455787,3.2056988637569557,2.7993599999999996,2.46888,0.27501974166279514,,-4.331560931189024,23.035875,58.299699,6.135034165885376,79.49690609915875,320.4944138870856,0.5102914706356437,0.001454805545919788,0.3755025877748154
2026-07-15T11:29:07+03:00,13.98,293.35,52.00164948607352,7.60104,259.99678827446496,256.44444994465385,1.1531921542598078,2.8576799999999998,2.50776,0.3036676314193363,,-5.110783532566944,23.035826,58.299695,6.260762347439809,73.08280475802871,333.0795930324937,0.8315543978711994,0.001566237515333861,0.37706882529014923
2026-07-15T11:29:09+03:00,14.13,293.36,48.999350639587995,7.892639999999999,261.99641097947153,260.1514868791503,3.1985368913178207,2.6827199999999998,2.4299999999999997,0.1432394487827058,,-3.552338329811104,23.035782,58.299692,6.458168453103724,67.2698095010676,329.2662204805391,1.036581803320825,0.001401397535819201,0.3784702228259684
2026-07-15T11:29:11+03:00,14.13,293.36,43.000482524568284,8.10648,261.99641097947153,265.1190309629346,-0.12026384119795981,2.3327999999999998,2.60496,0.20626480624709637,,-4.7039834980240585,23.035742,58.29969,6.595167090787792,56.95988036858765,318.95629134805915,1.2719035745450442,0.0012691135405837536,0.37973933636655216
2026-07-15T11:29:13+03:00,14.13,293.35,39.998183678082775,7.892639999999999,265.9956563894847,268.6198030911839,2.766755896907232,2.50776,2.6244,0.10886198107485642,,-3.9877862541105293,23.035698,58.29969,6.185258202196782,55.10402211668469,321.09967850616937,1.4346601503114413,0.0013897478178880205,0.3811290841844402
2026-07-15T11:29:15+03:00,14.13,293.36,37.001614409548566,8.10648,265.9956563894847,273.919662696144,2.4661822375816023,2.56608,2.44944,0.1776169164905552,,-4.457611646117805,23.035657,58.29969,6.250940412272972,51.30527629322705,317.30093268271173,1.6042382476431105,0.0012949922848753184,0.38242407646931553
2026-07-15T11:29:17+03:00,14.28,293.36,33.00236899953541,8.00928,273.99987678746226,278.400192654067,0.31598622401464904,2.3327999999999998,2.3327999999999998,0.21772396214971285,,-4.182591904455009,23.0356,58.299691,6.18480723562098,44.85770248861934,318.8575792760816,1.6536303361891802,0.001801358218778328,0.38422543468809384
2026-07-15T11:29:19+03:00,14.28,293.35,30.0000701530499,7.892639999999999,281.99836760748855,276.9219615426295,-0.4118420631400357,2.3522399999999997,2.2356,0.13750987083139757,,-3.3976397251257815,23.035545,58.299694,5.972489800004221,41.35717044488197,323.35553805237055,1.7656035796687872,0.0017465185212193323,0.38597195320931316
2026-07-15T11:29:21+03:00,14.28,293.35,30.0000701530499,7.795439999999999,284.9949368760228,273.14044009476606,-3.5054703821694027,2.6632800000000003,2.1384000000000003,0.07448451336700701,,-2.778845306384493,23.035501,58.299699,5.648194633551664,43.636751842188886,328.63168871821165,1.9274939365029067,0.0014218726127513688,0.38739382582206455
2026-07-15T11:29:23+03:00,14.28,293.34,31.999692858056477,7.60104,278.9960687610031,264.09343650965036,-4.622680786894995,2.1384000000000003,2.3327999999999998,0.1546986046853223,,-3.7757918699121253,23.035468,58.299703,5.897458380058402,43.0777080197056,322.07377678070867,1.5619473669686579,0.0010696813835157557,0.3884635072055803
2026-07-15T11:29:25+03:00,14.28,293.34,35.99893826806962,7.40664,266.99833253096364,253.72862999573374,-5.186528553083239,2.44944,2.56608,0.20053522829578813,,-4.566473627192661,23.035429,58.299705,5.612763130016479,50.86178532620468,317.86011785716835,1.5460700389717568,0.0012376735497494824,0.3897011807553298
2026-07-15T11:29:27+03:00,14.32,293.34,43.000482524568284,7.095599999999999,260.9994644159439,243.27787981254758,-3.850333679058645,2.4299999999999997,2.5855200000000003,0.3666929888837269,,-6.589014644004467,23.035386,58.299703,5.5706539889288065,60.30800685917674,321.30747127512063,1.2036695801142643,0.001363472056236363,0.39106465281156616
2026-07-15T11:29:29+03:00,14.4,293.36,50.998973344594575,6.901199999999999,238.99788508292028,244.3493108894422,3.67197191743442,2.48832,2.2550399999999997,0.4640958140559668,,-8.829279622965984,23.035336,58.299695,5.674851910820082,70.92212785670823,309.9200129396285,0.8133146867023437,0.0016508438323368053,0.392715496643903
2026-07-15T11:29:31+03:00,14.43,293.35,50.002026781066945,6.9984,236.99826237791373,254.42190892784205,5.557690612768986,2.6827199999999998,2.56608,0.49847328176381617,,-9.728823361321378,23.0353,58.299686,5.660322991284324,71.29142836598596,308.2896907438997,0.8604950292534259,0.0012591933516394012,0.39397468999554236
2026-07-15T11:29:33+03:00,14.43,293.35,46.99972793458143,7.3094399999999995,247.99905204442555,266.3566198004171,5.542851005875097,2.31336,2.44944,0.4812845479098915,,-8.754795109598978,23.035259,58.299677,5.97621203048457,63.44515057169359,311.4442026161191,1.0341976094252807,0.0014034435387430579,0.3953781335342854
2026-07-15T11:29:35+03:00,14.43,293.34,41.99780638308934,7.698239999999999,271.99452450450445,274.21760074961196,1.0314959185740211,2.29392,2.48832,0.4239887683968092,,-7.316671043820613,23.035221,58.299677,6.186877750944483,56.36198217624887,328.35650668075334,1.2707034516455262,0.0012002371927891304,0.3965783707270745
2026-07-15T11:29:37+03:00,14.43,293.34,37.001614409548566,7.892639999999999,281.99836760748855,273.8566373386796,0.2527889792117192,2.4299999999999997,2.44944,0.3380450991271857,,-6.548907598345309,23.035174,58.299679,6.129035138574509,50.80628547921515,332.8046530867037,1.5356246141621062,0.0014893634357236293,0.39806773416279817
2026-07-15T11:29:39+03:00,14.43,293.35,35.99893826806962,8.10648,271.99452450450445,276.21722345461853,1.7617306284682555,2.60496,2.37168,0.3609634109324186,,-7.0244625683038935,23.035128,58.299679,6.191305193759016,50.31681442418113,322.3113389286856,1.663376359422149,0.0014529186249340785,0.39952065278773224
2026-07-15T11:29:41+03:00,14.51,293.34,31.999692858056477,8.39808,277.99912219747546,279.385680061692,2.0617886257782674,2.37168,2.3522399999999997,0.37242256683503505,,-7.064569613963052,23.035087,58.299681,6.509255382181869,43.13210770575995,321.1312299032354,1.7308028883930198,0.001300560539119047,0.4008212133268513
2026-07-15T11:29:43+03:00,14.58,293.34,31.999692858056477,8.49528,275.99949949246883,280.2794942220961,-0.596449064731187,2.50776,2.41056,0.3609634109324186,,-6.829656917959412,23.035048,58.299684,6.505741996565144,43.78620098650242,319.78570047897125,1.8104194069919797,0.001244950740988806,0.40206616406784007
2026-07-15T11:29:45+03:00,14.58,293.34,31.999692858056477,8.49528,279.998744902482,280.79515623771385,0.6441764490655846,2.48832,2.2744799999999996,0.3552338329811104,,-6.411397727513911,23.035001,58.299686,6.519790132772764,43.66798602959551,323.6667309320775,1.7999338937783662,0.0014893631430900208,0.4035555272109301
2026-07-15T11:29:47+03:00,14.58,293.35,30.0000701530499,8.59248,282.99531417101616,281.82648026894935,-0.25611213442347797,2.3327999999999998,2.3327999999999998,0.12605071492878112,,-4.675335608267518,23.034956,58.299686,6.674918414405673,40.063835614118005,323.0591497851342,1.7853567183674894,0.0014213331562538975,0.404976860367184
2026-07-15T11:29:49+03:00,14.58,293.34,28.997394011570965,8.49528,285.99761301750175,282.5598662467168,-0.32652864744505616,2.15784,2.31336,0.11459155902616464,,-5.649363859989916,23.034924,58.299692,6.690227480293832,37.992829644949325,323.9904426624511,1.700567367981475,0.0010731412871895038,0.4060500016543735
2026-07-15T11:29:51+03:00,14.58,293.33,28.997394011570965,8.49528,290.9995345689938,280.0846885717516,-3.264942699773483,2.54664,2.2744799999999996,0.1432394487827058,,-5.259752559300957,23.034887,58.299701,6.388303654259862,40.139856052825905,331.1393906218197,1.9468379053321583,0.0012877864509419747,0.40733778810531546
2026-07-15T11:29:53+03:00,14.58,293.35,30.0000701530499,8.30088,282.99531417101616,273.530051395455,-4.142714041913904,2.1967199999999996,2.31336,-0.017188733853924696,,-3.9190313186948313,23.034849,58.299709,6.492054159773938,39.740543907586954,322.7358580786031,1.6891620327552552,0.0012929791351711198,0.4086307672404866
2026-07-15T11:29:55+03:00,14.58,293.33,33.00236899953541,8.10648,281.99836760748855,265.91544229816634,-2.2843827291865924,2.17728,2.2550399999999997,0.26356058576017866,,-3.454935504638864,23.034807,58.299714,6.391491321796813,43.69525876027194,325.6936263677605,1.57422637865202,0.001360194495254291,0.4099909617357409
2026-07-15T11:29:57+03:00,14.58,293.34,37.001614409548566,8.00928,268.99795523597015,262.16256874005944,-1.1425924350498877,2.2744799999999996,2.08008,0.3609634109324186,,-7.018732990352585,23.034772,58.299717,6.342321453606293,49.465879175987226,318.46383441195735,1.4781863048319508,0.0011200908008188615,0.4111110525365598
2026-07-15T11:29:59+03:00,14.58,293.34,37.998560973076195,7.892639999999999,267.99527909449125,258.9138980416677,-2.367175130582996,2.1967199999999996,2.29392,0.25210142985756223,,-6.720794936884556,23.034728,58.299715,6.308238559108895,50.37801637488687,318.37329546937815,1.4008913523927027,0.0013949365252299134,0.4125059890617897
2026-07-15T11:30:01+03:00,14.62,293.33,46.00278137105379,7.795439999999999,250.9956213129597,256.83979082329415,-1.8421166071251098,2.3327999999999998,2.2744799999999996,-0.10886198107485642,,-6.35410194800083,23.034682,58.299705,6.398992462169046,61.206566761372315,312.202188074332,1.1236006689894928,0.0015723430253789846,0.4140783320871687
2026-07-15T11:30:03+03:00,14.66,293.34,52.00164948607352,7.503839999999999,255.99754286445182,254.98913714502157,0.7864991653760811,2.15784,2.3522399999999997,0.20053522829578813,,-6.119189251997192,23.034647,58.299703,6.405227212710453,67.39693709202889,323.3944799564807,0.8293543133388412,0.001111997980425643,0.41519033006759437
2026-07-15T11:30:05+03:00,14.73,293.34,56.99784145961429,7.795439999999999,257.9971655694584,259.05140791249914,3.150236549188292,2.41056,2.1967199999999996,0.3036676314193363,,-6.2738878566825145,23.03461,58.299699,6.790394925964084,74.31837605003773,332.3155416194961,0.6515543002960834,0.001193127258124244,0.41638345732571863
2026-07-15T11:30:07+03:00,14.73,293.34,56.99784145961429,8.203679999999999,258.99984171093735,264.7236900842943,2.6710146493408717,2.5272,2.1967199999999996,0.37242256683503505,,-6.336913214146906,23.034566,58.299695,7.148602092922517,74.2443055828151,333.24414729375246,0.6862260405553483,0.0014103918725270877,0.4177938491982457
2026-07-15T11:30:09+03:00,14.73,293.34,52.99859604960115,8.49528,263.9960336844781,268.1327889653227,0.44833947468986923,2.31336,2.46888,0.3380450991271857,,-6.067623050435417,23.034529,58.299694,7.33935545319364,67.57819284466568,331.5742265291438,0.8823669464626382,0.0011701961768297755,0.4189640453750755
2026-07-15T11:30:11+03:00,14.73,293.35,48.999350639587995,8.39808,270.9975779409768,269.30162286738954,0.5281524955515928,2.46888,2.3327999999999998,0.4640958140559668,,-5.76968499696739,23.034484,58.299695,7.029758186169316,64.36954177550382,335.3671197164806,1.0679513205394815,0.0014226032152940924,0.42038664859036956
2026-07-15T11:30:13+03:00,14.73,293.34,43.99742908809592,8.30088,269.9949017994978,271.06633287639244,1.6834072978738719,2.39112,2.2550399999999997,0.5786873730821314,,-6.268158278731206,23.034438,58.299695,6.787145044709912,58.162578790715145,328.15748059021297,1.2613415470923883,0.0014529179679066422,0.4218395665582762
2026-07-15T11:30:15+03:00,14.73,293.35,39.00123711455514,8.00928,276.9964460559965,272.842502041298,0.743298147623217,2.5855200000000003,2.2356,0.664631042351755,,-7.351048511528463,23.034395,58.299698,6.216713492429453,54.17458174320234,331.17102779919884,1.5133499254838891,0.0013700808435812102,0.4232096474018574
2026-07-15T11:30:17+03:00,14.73,293.34,37.001614409548566,7.795439999999999,284.9949368760228,273.93112185204654,0.08875116246576452,2.37168,2.3522399999999997,0.813600069085769,,-5.781144152870006,23.034358,58.299704,6.071537646571531,50.59862241511223,335.593559291135,1.505421726882252,0.0012230336893255145,0.42443268109118293
2026-07-15T11:30:19+03:00,14.73,293.33,33.99931556306306,7.1928,283.9979903124951,273.3180570112566,-0.09230350079557563,2.3522399999999997,2.1967199999999996,0.6703606203030631,,-5.821251198529164,23.034322,58.29971,5.405172273200062,48.08348493202706,332.08147524452215,1.571407039481101,0.0011928891400516152,0.42562557023123454
2026-07-15T11:30:21+03:00,14.73,293.34,31.999692858056477,6.9984,276.9964460559965,272.71072174841794,0.14513020950663752,2.44944,2.17728,0.8307888029396938,,-8.388102120715253,23.034283,58.299713,5.089450624442521,46.77542490019712,323.77187095619365,1.6775227669717305,0.0012449497420451278,0.4268705199732797
2026-07-15T11:30:23+03:00,14.73,293.34,28.997394011570965,6.804,270.9975779409768,271.58199489201024,-1.057909272929552,2.2550399999999997,2.08008,0.8594366926962348,,-8.55425988130319,23.03425,58.299712,4.953771631762686,41.74609771192456,312.74367565290135,1.6824914890971518,0.0010440419014665565,0.42791456187474625
2026-07-15T11:30:25+03:00,14.62,293.34,31.002746294528848,7.095599999999999,269.9949017994978,269.25005666582774,-1.0811140636323504,2.41056,2.1384000000000003,0.6531718864491385,,-9.711634627467454,23.034204,58.299713,5.180402578844824,44.870290609417566,314.8651924089154,1.7083777465268781,0.001454160057003133,0.42936872193174935
2026-07-15T11:30:27+03:00,14.58,293.34,33.99931556306306,7.095599999999999,273.99987678746226,268.97503692416495,0.3186218298722508,2.41056,2.15784,0.4068000345428845,,-8.932412026089535,23.034167,58.299713,5.272360037301501,48.8121540182583,322.81203080572055,1.5874256846117665,0.0011686508145862917,0.43053737274633563
2026-07-15T11:30:29+03:00,14.58,293.34,33.99931556306306,7.1928,266.99833253096364,270.4131609899433,0.7422668235919815,2.08008,2.02176,0.7219268218648373,,-9.654338847954373,23.034129,58.29971,5.590657262524424,46.00751293058377,313.00584546154744,1.444748769958454,0.0012137062857908681,0.4317510790321265
2026-07-15T11:30:31+03:00,14.58,293.33,33.99931556306306,7.40664,272.99720064598336,271.8512850557217,0.32652864744505616,2.11896,2.11896,0.7563042895726866,,-9.253268391362795,23.034099,58.299711,5.772836965113918,45.84356762634434,318.8407682723277,1.4761094142451692,0.000949459320538215,0.4327005383526647
2026-07-15T11:30:33+03:00,14.55,293.34,35.00199170454199,7.095599999999999,277.99912219747546,272.6706147027588,0.39832025917494834,2.2356,1.98288,0.46982539200727513,,-7.45418091465201,23.034063,58.299715,5.418282671254026,48.69214298766158,326.691265185137,1.47573002966705,0.0011622070859943709,0.43386274543865905
2026-07-15T11:30:35+03:00,14.43,293.33,33.00236899953541,6.9984,272.99720064598336,272.20651888870276,-1.0229588474265718,2.0606400000000002,1.98288,0.8479775367936184,,-8.634473972621507,23.034029,58.299718,5.388436309418796,45.02473663399766,318.021937279981,1.4564633029345535,0.0010889294824959583,0.434951674921155
2026-07-15T11:30:37+03:00,14.28,293.34,33.00236899953541,6.7068,272.99720064598336,271.7768005423547,0.40187259750475945,2.1384000000000003,2.02176,0.8078704911344607,,-7.8036851696818115,23.033991,58.299718,5.049598025815791,46.338183998075664,319.335384644059,1.4763523137337726,0.0012002358021745278,0.43615191072332954
2026-07-15T11:30:39+03:00,14.28,293.34,33.00236899953541,6.7068,280.99569146600965,273.1117922050095,1.182584889150019,2.0412,1.98288,0.7620338675239948,,-8.731876797793747,23.033958,58.299723,5.117188098719032,45.55083705211436,326.546528518124,1.4294036568628734,0.0010847734797617414,0.43723668420309125
2026-07-15T11:30:41+03:00,14.28,293.34,31.002746294528848,6.7068,277.99912219747546,274.97963461713596,0.42868702231688194,2.02176,1.86624,0.6703606203030631,,-8.456857056130952,23.033923,58.299727,5.0817084430163435,42.827824306612314,320.8269465040878,1.4827584277573589,0.0011313236976243978,0.4383680079007157
2026-07-15T11:30:43+03:00,14.28,293.35,28.997394011570965,6.7068,275.99949949246883,275.5468628343155,-0.17584074732564967,2.09952,2.02176,0.8995437383553924,,-8.095893645198533,23.033889,58.299728,4.97567915655553,40.800655304263444,316.8001547967323,1.589310568767413,0.0010755757531560927,0.43944358365387176
2026-07-15T11:30:45+03:00,14.28,293.34,26.997771306564392,6.9984,276.9964460559965,275.06557828640564,-0.5563993148515424,1.9245599999999998,2.02176,0.6875493541569879,,-7.740659812217421,23.033857,58.29973,5.3553158813509425,36.386960982135975,313.3834070381325,1.5493262717832694,0.001017848667577975,0.44046143232144974
2026-07-15T11:30:47+03:00,14.28,293.33,26.997771306564392,7.3094399999999995,268.99795523597015,274.66450782981406,-0.07104676659622208,1.90512,1.90512,0.9167324722093171,,-8.800631733209444,23.033826,58.29973,5.678180140241481,35.758556215496355,304.7565114514665,1.5459795885782324,0.0009791394012529412,0.4414405717227027
2026-07-15T11:30:49+03:00,14.28,293.34,30.0000701530499,7.503839999999999,273.99987678746226,274.04571341107277,-0.2315895407918787,2.00232,2.08008,0.5557690612768985,,-9.373589528340268,23.033794,58.299733,5.855997024118326,39.84391758306148,313.8437943705237,1.537366578445983,0.001026684203670356,0.44246725592637304
2026-07-15T11:30:51+03:00,14.28,293.34,33.00236899953541,7.60104,274.9968233509899,274.10873876853714,-0.2083274543095673,2.15784,2.00232,0.8193296470370772,,-7.860980949194894,23.033758,58.299735,5.909429770614081,44.47434892505129,319.4711722760412,1.5397573123446162,0.001143402171231193,0.44361065809760425
2026-07-15T11:30:53+03:00,14.28,293.35,33.00236899953541,7.503839999999999,264.998709825957,275.1801698454318,1.7208787376754275,2.29392,1.98288,0.7505747116213785,,-8.456857056130952,23.033719,58.299736,5.718219656041492,45.62338614285335,310.62209596881036,1.6043026368422173,0.0012332859770612364,0.4448439440746655
2026-07-15T11:30:55+03:00,14.13,293.35,33.00236899953541,7.3094399999999995,275.99949949246883,282.5655958246681,6.031011047326558,2.02176,1.76904,0.6187944187412892,,-7.391155557187619,23.033682,58.299737,5.720879004541121,44.100375192883746,320.0998746853526,1.4518698104097596,0.0011701947916161696,0.44601413886628166
2026-07-15T11:30:57+03:00,14.17,293.33,30.0000701530499,6.9984,272.99720064598336,293.25125870385796,6.296462393810669,2.00232,1.86624,0.24064227395494575,,-4.89305957041723,23.033649,58.299738,5.358695203207706,40.767882693614354,313.7650833395977,1.5164795048419517,0.00104404116632247,0.4470581800326041
2026-07-15T11:30:59+03:00,14.17,293.34,24.99814860155782,7.3094399999999995,285.99761301750175,304.76771038598747,7.437049476577599,2.00232,1.90512,0.4297183463481174,,-3.5466087518597957,23.033607,58.299739,5.559464997226821,33.752671153149294,319.75028417065107,1.6648163703740773,0.0013279366995405727,0.4483861167321447
2026-07-15T11:31:01+03:00,14.13,293.35,13.99735893504601,7.1928,293.99610383752804,319.40105247362874,7.445471956166022,1.96344,1.78848,0.6245239966925973,,-3.2658594322456924,23.033581,58.299742,5.308944911233699,19.129609483430443,313.1257133209585,1.8550182253924306,0.0008407781899952537,0.4492268949221399
2026-07-15T11:31:03+03:00,14.13,293.35,3.002298846485514,6.901199999999999,296.9984026840135,332.96869306232657,3.9273392067242274,1.8856799999999998,1.69128,0.6245239966925973,,-2.5725805001373967,23.03356,58.299749,5.019080047072985,4.129826133129654,301.12822881714317,1.8807836975706327,0.000785483610388515,0.4500123785325284
2026-07-15T11:31:05+03:00,14.13,293.35,-3.0014394097928174,6.9984,318.9999820170371,339.38582036779184,3.4098437261620687,1.8467999999999998,1.6135199999999998,0.41252961249419273,,1.0714310768946396,23.033541,58.299761,5.155040456569165,4.076280331059763,314.92370168597733,1.8421281434302508,0.0009382983279545761,0.45095067686048296
2026-07-15T11:31:07+03:00,14.13,293.35,-7.000684819805964,7.095599999999999,314.99500702907267,345.95764627794233,2.9882040847252953,0.99144,1.69128,0.12605071492878112,,5.001921551492087,23.033524,58.299768,6.112745977468898,8.133392266143005,306.86161476292966,0.9814674735024883,0.0006821626667238164,0.4516328395272068
2026-07-15T11:31:09+03:00,14.13,293.35,-16.99879834483883,6.901199999999999,4.996191973540778,351.8705707236925,1.612532418616189,1.08864,1.69128,0.12605071492878112,,6.497341396783535,23.033529,58.299777,5.868757924204605,20.107502355324613,344.8886896182162,1.0222865700421515,0.000563549831975081,0.4521963893591819
2026-07-15T11:31:11+03:00,14.13,293.36,-24.997289164865123,7.1928,2.9965692685342056,355.3140470724287,2.068377640422272,1.47744,1.8856799999999998,0.22918311805232927,,5.173808890031334,23.033537,58.299794,5.886954750242954,31.085132413113854,331.91143685542033,1.2652812266288538,0.0010526093838010603,0.45324899874298297
2026-07-15T11:31:13+03:00,14.13,293.36,-27.99958801135063,7.1928,13.99735893504601,358.1960247819368,0.5621861885823637,1.8273599999999999,1.8856799999999998,0.21772396214971285,,4.933166616076388,23.033549,58.299811,5.6448997074144085,36.74096884359656,337.2563900914495,1.4643514872299792,0.0010898604599298757,0.45433885920291284
2026-07-15T11:31:15+03:00,14.13,293.35,-29.002264152829575,7.40664,9.998113525032863,358.7174163755058,-0.30504273012765026,1.73016,2.0606400000000002,0.19480565034447989,,5.2368342474957235,23.033555,58.299825,5.952842257437979,37.10318970711916,332.8949238179137,1.3798897074362702,0.0008625832989558233,0.45520144250186867
2026-07-15T11:31:17+03:00,14.13,293.36,-29.999210716357208,7.60104,6.995814678547352,358.00694870954356,-0.07614609097288641,1.7496,2.00232,0.16615776058793874,,5.511853989158519,23.03356,58.299843,6.148378983682809,38.178897106527955,328.8169175720194,1.3753336317987808,0.0010934039315887323,0.4562948464334574
2026-07-15T11:31:19+03:00,14.13,293.37,-31.00188685783615,7.795439999999999,9.998113525032863,357.1990782184091,-0.6281336308019215,1.8467999999999998,1.96344,0.1432394487827058,,5.494665255304595,23.033564,58.29986,6.2848565630867625,39.70716119796623,330.29095232706663,1.4207796435575304,0.001029611960040824,0.4573244583934982
2026-07-15T11:31:21+03:00,14.06,293.36,-31.99883342136378,7.698239999999999,14.994305498573642,358.38510085432995,1.5777538804517477,1.80792,2.02176,0.13178029288008933,,5.6550934379412245,23.033575,58.299876,6.239009730406836,40.83173439658276,334.16257110199086,1.367931987018698,0.0010225572062028756,0.4583470155997011
2026-07-15T11:31:23+03:00,13.98,293.35,-33.00150956284272,7.503839999999999,22.998525896551243,0.3552338329811104,0.2580601909269228,2.11896,2.1384000000000003,0.07448451336700701,,6.119189251997192,23.033591,58.299894,5.8418981128497895,44.395717723355716,338.6028081731955,1.5140498311817199,0.0011941442805418483,0.45954115988024297
2026-07-15T11:31:25+03:00,13.98,293.35,-37.00075497285587,7.3094399999999995,17.996604345059158,0.6818197762056798,-0.690471438912155,1.7496,2.21616,0.06302535746439056,,6.348372370049521,23.033604,58.299912,6.00519458182185,47.0992301876249,330.8973741574343,1.191006452260355,0.0011572329523023756,0.4606983928325453
2026-07-15T11:31:27+03:00,13.98,293.36,-37.9977015363835,7.1928,3.9992454100131463,0.5099324376664327,0.3139808717316911,2.0606400000000002,2.3327999999999998,0.06875493541569878,,6.577555488101851,23.033608,58.299929,5.711606293459506,50.83055789780806,313.1686875122051,1.3015330027158112,0.0010296119298246482,0.46172800476236997
2026-07-15T11:31:29+03:00,13.98,293.36,-39.00037767786244,6.901199999999999,11.997736230039438,0.6245239966925973,-0.019079494577856414,1.86624,2.3327999999999998,0.045836623610465865,,6.359831525952138,23.033618,58.299945,5.575960462800235,51.1597350593014,320.83800117073804,1.1704149183595272,0.0010122613154192283,0.4627402660777892
2026-07-15T11:31:31+03:00,13.98,293.36,-39.00037767786244,6.9984,14.994305498573642,0.26929016371148695,0.1446145474910198,2.3327999999999998,2.3522399999999997,0.02864788975654116,,6.766631560495022,23.033631,58.299965,5.389297712041381,54.80801529479436,320.18629020377927,1.3444346244416807,0.0012703428147352448,0.46401060889252443
2026-07-15T11:31:33+03:00,13.95,293.36,-41.00000038286902,7.095599999999999,7.9984908200262925,0.10313240312354818,-0.5854482750646752,2.3327999999999998,2.41056,0.05729577951308232,,6.560366754247926,23.033631,58.299985,5.550194598592915,57.00658955319389,310.99190126683243,1.270308922260571,0.001202154328386198,0.46521276322091065
2026-07-15T11:31:35+03:00,13.83,293.36,-41.00000038286902,7.503839999999999,4.996191973540778,359.82322492010826,-0.028246819299949582,1.8467999999999998,2.39112,0.05729577951308232,,6.399938571611295,23.033633,58.3,6.229014043153486,52.216141313397785,312.780050660143,1.131505600897656,0.000903825967116349,0.466116589188027
2026-07-15T11:31:37+03:00,13.83,293.36,-39.997324241390075,7.795439999999999,15.996981640052585,359.55393475639687,0.18941984707025014,2.46888,2.54664,0.011459155902616466,,7.030192146255201,23.033638,58.300017,6.113632802625145,55.041499445997076,320.9554821940555,1.414626201171144,0.001033962811762306,0.46715055199978933
2026-07-15T11:31:39+03:00,13.8,293.36,-39.00037767786244,7.892639999999999,3.9992454100131463,359.0497318966817,-0.04188321482406318,2.60496,2.7021599999999997,-0.040107045659157625,,7.568772473678174,23.033641,58.300041,6.092905181400391,54.60882140614363,309.3904240038695,1.5086773444781227,0.0014456937709545357,0.4685962457707439
2026-07-15T11:31:41+03:00,13.57,293.36,-37.00075497285587,8.30088,6.995814678547352,358.7804417329702,-0.042169693721628584,2.8188,2.7021599999999997,-0.022918311805232933,,6.955707632888194,23.033642,58.300067,6.283059329571539,52.665020229096996,314.33079444945037,1.709528723879564,0.0015631197656911938,0.47015936553643506
2026-07-15T11:31:43+03:00,13.53,293.37,-35.00113226784929,8.80632,7.9984908200262925,357.8178726371504,-1.0628940057471903,2.99376,2.7021599999999997,0.022918311805232933,,6.336913214146906,23.033655,58.300099,6.581960614820508,50.12428948959044,317.8742013304359,1.9193724293077266,0.001966784862346779,0.47212615039878186
2026-07-15T11:31:45+03:00,13.53,293.37,-33.99845612637036,8.70912,4.996191973540778,357.5256641616337,0.3626822843178111,2.8188,2.74104,0.02864788975654116,,6.228051233072049,23.033663,58.300122,6.564231457013869,47.89195976627664,317.10423220726415,1.8900920294816754,0.0014053790795426808,0.47353152947832455
2026-07-15T11:31:47+03:00,13.5,293.37,-33.99845612637036,8.49528,12.99468279356707,358.57417692672317,1.0461063423498569,2.89656,2.8188,-0.02864788975654116,,6.692147047128016,23.033672,58.300149,6.305449958321948,48.88278333482498,324.1118994587421,1.9047826425293195,0.0016476155363971865,0.47517914501472175
2026-07-15T11:31:49+03:00,13.68,293.37,-35.00113226784929,8.59248,14.994305498573642,359.9607347909397,0.8138865479833345,2.8188,2.916,-0.022918311805232933,,7.116135815524825,23.033685,58.300179,6.488172266640713,49.431221734754985,325.56308376381867,1.8332358306132845,0.0018493884554994734,0.4770285334702212
2026-07-15T11:31:51+03:00,13.83,293.38,-35.99807883137692,8.59248,15.996981640052585,0.3666929888837269,-0.4873006047587652,2.7021599999999997,2.99376,-0.09167324722093173,,7.809414747633121,23.033697,58.300201,6.600268104581374,49.92175144531802,326.07523019473456,1.7397403005875631,0.0013756145912835283,0.4784041480615048
2026-07-15T11:31:53+03:00,13.98,293.37,-35.99807883137692,8.59248,16.99965778153153,359.03827274077906,-0.25456514837662475,2.6244,2.93544,-0.13750987083139757,,8.485504945887492,23.033709,58.300221,6.650598732960748,49.40915035338142,327.5905074281501,1.7075736031836575,0.0012604874350732067,0.479664635496578
2026-07-15T11:31:55+03:00,13.98,293.37,-35.00113226784929,8.59248,9.998113525032863,358.3392642307195,-1.0887344023075902,2.7215999999999996,3.14928,0.17188733853924698,,9.963736057325017,23.033721,58.300247,6.55180335426388,48.78551256750433,321.21260095752854,1.7932069635579446,0.0016081042126631906,0.48127273970924117
2026-07-15T11:31:57+03:00,14.13,293.37,-33.00150956284272,8.80632,11.997736230039438,357.53139373958504,-0.686919100582344,2.93544,3.14928,0.38961130068895977,,8.319347185299552,23.033732,58.300274,6.542846651887089,47.145615322230725,324.85212090780874,1.9965026714446037,0.001659680703092793,0.482932420412334
2026-07-15T11:31:59+03:00,14.13,293.37,-31.99883342136378,8.80632,5.998868115019719,357.1475120168473,0.2457988941111232,3.0326400000000002,3.2464799999999996,0.14896902673401402,,6.84111607386203,23.033738,58.300302,6.438243594574489,46.45282758305717,319.54604053196255,2.089342038284482,0.001693651760583452,0.4846260721729174
2026-07-15T11:32:01+03:00,14.13,293.37,-33.00150956284272,8.90352,2.9965692685342056,358.08143322291056,0.6151847846319649,3.1687199999999995,3.18816,0.29793805346802804,,7.270834420210147,23.033735,58.300332,6.48011098992547,48.44778740503503,314.5487818634992,2.101819209007131,0.0018057192773782706,0.4864317914502957
2026-07-15T11:32:03+03:00,14.13,293.38,-31.99883342136378,9.097919999999998,6.995814678547352,359.78884745240043,1.5421732013741238,3.1104000000000003,3.2464799999999996,0.13178029288008933,,8.605826082864965,23.033741,58.300363,6.667061334640745,46.311689824222725,320.68412485432464,2.148461810129877,0.0018729511780581124,0.4883047426283538
2026-07-15T11:32:05+03:00,14.13,293.37,-31.99883342136378,9.097919999999998,9.998113525032863,1.2547775713365028,0.7259948222102661,3.28536,3.18816,0.040107045659157625,,9.33348248268111,23.033752,58.300393,6.547432786355569,47.41887586732591,322.5792376577069,2.2229844012770053,0.001836396351377707,0.49014113897973155
2026-07-15T11:32:07+03:00,14.13,293.37,-33.00150956284272,9.50616,10.995060088560496,3.0481354700959793,0.681361409969575,3.28536,3.3242399999999996,0.14896902673401402,,9.419426151950734,23.033759,58.300424,6.984000205367833,47.84712045835482,323.14793963020566,2.204841626704965,0.0018764100217522298,0.49201754900148376
2026-07-15T11:32:09+03:00,14.13,293.37,-31.99883342136378,9.50616,14.994305498573642,3.076783359852521,-0.24499675319794004,3.36312,3.28536,-0.20053522829578813,,9.803307874688386,23.033768,58.300458,6.8885530944705025,46.992248484561514,328.0020570140121,2.293975065767434,0.002063337079761515,0.4940808860812453
2026-07-15T11:32:11+03:00,14.13,293.38,-31.99883342136378,9.992159999999998,16.99965778153153,2.595498811942629,-0.337529437111568,3.28536,3.4992,0.005729577951308233,,11.063815023976195,23.033787,58.300486,7.413296451522541,45.58086819504996,331.4187895864816,2.299429618172178,0.001786804187342244,0.4958676902685875
2026-07-15T11:32:13+03:00,14.13,293.38,-29.999210716357208,9.79776,11.997736230039438,1.7647100090029357,0.2804055449370249,3.28536,3.42144,0.12032113697747288,,7.511476694165093,23.033801,58.300519,7.14394653699938,43.29243472859204,328.70530150144737,2.3912929910338683,0.0020322436452836017,0.4978999339138711
2026-07-15T11:32:15+03:00,14.13,293.38,-31.99883342136378,9.60336,9.998113525032863,2.492366408819081,1.502066155714966,3.14928,3.44088,0.09167324722093173,,7.471369648505934,23.033812,58.300551,7.130614445702568,45.53354991711825,324.4645636079146,2.2060438576158408,0.0019545727784382686,0.49985450669230935
2026-07-15T11:32:17+03:00,14.02,293.39,-33.99845612637036,9.50616,15.996981640052585,5.57487934662291,1.2827952075184,3.34368,3.6741599999999996,0.10313240312354818,,9.20743176775233,23.03382,58.300582,6.988810619770186,49.51554894148842,326.48143269856416,2.1708563713510127,0.0018803929758470863,0.5017348996681564
2026-07-15T11:32:19+03:00,13.98,293.39,-33.99845612637036,9.195120000000001,16.99965778153153,6.89841185337511,0.03964867942305297,3.5575200000000002,3.61584,0.07448451336700701,,10.788795282313401,23.033835,58.300611,6.554886225025977,51.66504604445424,325.3346117370773,2.206579095951438,0.0018063593986080895,0.5035412590667645
2026-07-15T11:32:21+03:00,13.95,293.4,-33.99845612637036,9.097919999999998,17.996604345059158,7.179161172989215,0.29341168688649455,3.6352800000000003,3.6741599999999996,0.0,,9.831955764444928,23.033852,58.300644,6.414677405018714,52.473352961162846,325.5232513838963,2.21435932345685,0.0020549420707927386,0.5055962011375572
2026-07-15T11:32:23+03:00,13.83,293.4,-35.99807883137692,9.29232,23.995472460078876,7.517206272116402,-0.06348372370049521,3.42144,3.888,-0.040107045659157625,,9.218890923654945,23.033875,58.300673,6.827142025990372,53.129024785357046,330.8664476747218,2.052915477592528,0.0018884370298201444,0.5074846381673773
2026-07-15T11:32:25+03:00,13.83,293.39,-37.00075497285587,9.79776,19.996227050065727,7.4255330248954685,0.265164867586545,3.4992,3.8296799999999998,0.08021409131831525,,8.81209088911206,23.033898,58.300702,7.312981045231415,53.73712519450163,326.2591018555641,2.069744774562595,0.0018884368008425115,0.5093730749682198
2026-07-15T11:32:27+03:00,13.76,293.4,-37.00075497285587,9.89496,19.996227050065727,7.775037279925271,-0.05087865220761711,3.8296799999999998,3.7908,0.08594366926962349,,8.731876797793747,23.033923,58.300736,7.214530342720281,55.63140655458106,324.36482049548465,2.161910405203615,0.0021908980410728835,0.5115639730092927
2026-07-15T11:32:29+03:00,13.68,293.4,-37.9977015363835,9.89496,21.995849755072307,7.797955591730505,0.27077985397882703,3.7713599999999996,3.6935999999999996,0.011459155902616466,,10.23875579898781,23.033953,58.300772,7.301947178026313,56.53758795596016,325.45826179911217,2.079489471842637,0.0023622392355041677,0.5139262122447968
2026-07-15T11:32:31+03:00,13.68,293.4,-37.00075497285587,9.89496,21.995849755072307,8.880845824527759,-0.3809023422029713,4.1212800000000005,3.86856,-0.14896902673401402,,10.548153008358458,23.033983,58.300803,7.05402547091505,57.58679945869119,324.4090502963811,2.20909389591691,0.0020904158487072807,0.5160166280935041
2026-07-15T11:32:33+03:00,13.68,293.4,-37.9977015363835,9.70056,21.995849755072307,7.9984908200262925,1.2315727806337045,3.7713599999999996,3.7908,-0.011459155902616466,,10.588260054017612,23.03401,58.300835,7.117904441715965,57.03515451090567,324.96069524416663,2.0520888318892276,0.0021040126336328924,0.518120640727137
2026-07-15T11:32:35+03:00,13.68,293.4,-39.00037767786244,9.60336,21.995849755072307,9.72309378337007,-0.307621040205739,3.7713599999999996,3.9074399999999994,-0.07448451336700701,,11.888874248964582,23.034033,58.300866,7.082023601077209,58.58094555775247,323.41490419731986,1.9659853117087798,0.001999935298119315,0.5201205760252563
2026-07-15T11:32:37+03:00,13.65,293.41,-39.00037767786244,9.70056,22.998525896551243,8.875116246576452,0.04428963756361264,3.7908,3.9074399999999994,-0.12605071492878112,,11.613854507301786,23.034058,58.300899,7.163486529073462,58.45309106677972,324.5454348297715,1.9833331371573255,0.0021349383245397617,0.5222555143497961
2026-07-15T11:32:39+03:00,13.35,293.4,-37.9977015363835,9.89496,21.995849755072307,9.27045712521672,-0.1316084055415501,3.8296799999999998,4.1796,-0.1776169164905552,,11.642502397058328,23.034079,58.300929,7.269952929573943,56.921036263494784,325.0748134915775,2.0902177218608435,0.0019213446643868996,0.524176859014183
2026-07-15T11:32:41+03:00,13.68,293.4,-37.9977015363835,10.1088,21.995849755072307,8.634473972621507,-0.8211058162019828,4.04352,4.0824,-0.09167324722093173,,11.728446066327951,23.034104,58.300963,7.356342882437257,57.776506067962444,324.21934368710987,2.1560987132171845,0.0021908962162189454,0.5263677552304019
2026-07-15T11:32:43+03:00,13.68,293.42,-37.9977015363835,9.992159999999998,21.995849755072307,7.883899261000128,0.1966964110684116,4.101839999999999,4.00464,-0.16615776058793874,,11.235702362515443,23.034132,58.300998,7.2160328538673975,58.481657567396155,323.51419218767614,2.1443250438722994,0.00228208857500282,0.5286498438054047
2026-07-15T11:32:45+03:00,13.68,293.4,-37.9977015363835,10.206,17.996604345059158,8.794902155258136,-0.07288023154064072,4.14072,4.21848,-0.1432394487827058,,10.250214954890428,23.03415,58.301034,7.396143929076963,58.15871016114767,319.8378941839115,2.1845119005148095,0.002237313761658195,0.5308871575670628
2026-07-15T11:32:47+03:00,13.68,293.4,-37.9977015363835,10.1088,17.996604345059158,8.279240139640395,-0.2678577692236599,3.9851999999999994,4.19904,-0.09167324722093173,,11.28153898612591,23.034167,58.301072,7.387605208291905,57.39386021016817,320.602744134891,2.147469091256063,0.0023463530895200748,0.5332335106565829
2026-07-15T11:32:49+03:00,13.68,293.41,-37.00075497285587,9.992159999999998,19.996227050065727,7.568772473678174,-0.7029046230664939,4.19904,4.276800000000001,-0.06875493541569878,,10.204378331279962,23.034192,58.301111,7.103407471958752,57.84062379508737,322.15560325497836,2.2350489505682765,0.0024736093700253115,0.5357071200266081
2026-07-15T11:32:51+03:00,13.65,293.41,-35.99807883137692,10.206,15.996981640052585,6.818197762056796,-0.04755549699585833,4.04352,4.35456,0.005729577951308233,,10.215837487182576,23.034209,58.301146,7.330591348133632,54.915474185486374,321.08150745456624,2.324151686953862,0.002171206637434068,0.5378783266640422
2026-07-15T11:32:53+03:00,13.53,293.41,-35.99807883137692,10.303199999999999,12.99468279356707,6.291076590536439,-0.21056198971057752,4.49064,4.101839999999999,-0.25210142985756223,,9.91789943371455,23.034223,58.301184,7.173340848594721,57.58714562778569,315.4075371657814,2.407055821629298,0.002326499462561079,0.5402048261266033
2026-07-15T11:32:55+03:00,13.53,293.41,-35.99807883137692,10.4004,13.99735893504601,6.210862499218124,-0.16902254956359286,4.21848,4.374,-0.045836623610465865,,10.508045962699299,23.034241,58.301224,7.414360136067822,55.53482290236124,318.46253603268474,2.3872599774376884,0.0024706077100110258,0.5426754338366143
2026-07-15T11:32:57+03:00,13.53,293.42,-35.00113226784929,10.206,16.99965778153153,5.001921551492087,0.24734588015797637,4.393439999999999,4.21848,-0.24064227395494575,,10.874738951583025,23.034264,58.30126,7.071429524016867,55.87855930178172,321.1210984797498,2.4644950030883925,0.002282556374897522,0.5449579902115118
2026-07-15T11:32:59+03:00,13.53,293.42,-33.00150956284272,10.303199999999999,17.996604345059158,5.116513110518252,-0.3607342278143663,3.9074399999999994,4.43232,-0.12032113697747288,,11.012248822414424,23.034291,58.301301,7.341448660127888,49.853028071113414,328.14357627394577,2.519323921585663,0.002607786452429895,0.5475657766639417
2026-07-15T11:33:01+03:00,13.53,293.42,-33.99845612637036,10.1088,15.996981640052585,4.428963756361264,-0.34761349430587046,3.9463199999999996,4.21848,-0.1604281826366305,,10.456479761137524,23.034311,58.301337,7.184372988892762,51.88589719438232,324.11108444567026,2.4357853293654013,0.002254191591551353,0.5498199682554931
2026-07-15T11:33:03+03:00,13.38,293.43,-33.00150956284272,10.206,18.999280486538098,4.509177847679579,0.09115758520531396,4.21848,4.21848,-0.22918311805232927,,10.605448787871538,23.034339,58.301376,7.052894710807714,52.013918108059116,326.98536237847895,2.59634803790133,0.0025054622658539517,0.552325430521347
2026-07-15T11:33:05+03:00,13.38,293.43,-33.00150956284272,9.89496,15.996981640052585,3.8445468053278242,0.013693691303626677,4.21848,4.276800000000001,-0.08021409131831525,,10.57107132016369,23.03436,58.301408,6.759582066975354,52.872833280608205,323.12414835944435,2.546215862900825,0.002034590302211463,0.5543600208235584
2026-07-15T11:33:07+03:00,13.23,293.43,-33.00150956284272,9.89496,14.994305498573642,3.9075721627922144,-0.49669711259891064,4.33512,4.21848,-0.11459155902616464,,10.576800898114994,23.034375,58.301447,6.689826201408074,53.66934079651122,321.3249647020624,2.5683173484328528,0.0023915938789143393,0.5567516147024727
2026-07-15T11:33:09+03:00,13.08,293.43,-33.00150956284272,9.70056,16.99965778153153,3.3518031015153165,-0.09310564170875876,4.1796,4.276800000000001,0.0,,9.522558555074282,23.034395,58.30148,6.600317608081513,53.17735016763096,323.82230761390053,2.505001849120164,0.002081705645748344,0.5588333203482211
2026-07-15T11:33:11+03:00,12.93,293.43,-33.99845612637036,9.60336,20.99890319154467,3.4262876148823227,-0.5454558209645437,4.0824,4.23792,-0.08021409131831525,,10.66274456738462,23.034422,58.301527,6.624567811226631,54.15520838369349,326.8436948078512,2.3906189616160938,0.002950961208413654,0.5617842815566347
2026-07-15T11:33:13+03:00,12.86,293.44,-33.00150956284272,9.60336,13.99735893504601,3.3403439456126995,0.720379835817984,4.43232,4.02408,0.06875493541569878,,9.20743176775233,23.034446,58.30157,6.361988992801123,55.30167031567983,318.6956886193662,2.5231227843214326,0.0026934907309335396,0.5644777722875682
2026-07-15T11:33:15+03:00,12.93,293.43,-33.99845612637036,9.70056,15.996981640052585,6.147837141753733,1.2475010073383415,4.45176,4.21848,-0.3380450991271857,,8.39383169866656,23.034463,58.301611,6.504957815900376,56.49801344645681,319.4989681935958,2.45721970334805,0.0025222272440302337,0.5669999995315985
2026-07-15T11:33:17+03:00,13.08,293.45,-35.00113226784929,9.60336,16.99965778153153,8.273510561689088,1.1452853366870026,4.101839999999999,4.14072,-0.418259190445501,,9.72309378337007,23.034481,58.301649,6.671981740734482,55.64980062517189,321.34985715635963,2.314461636394242,0.0023537791756480437,0.5693537787072466
2026-07-15T11:33:19+03:00,13.23,293.44,-35.99807883137692,9.60336,23.995472460078876,8.456857056130952,-0.28178064364533884,3.7713599999999996,4.19904,-0.4526366581533504,,10.038220570692022,23.034508,58.301684,6.916989043310512,54.68907994977289,329.306392510306,2.1798957195029183,0.0022700296877124545,0.5716238083949591
2026-07-15T11:33:21+03:00,13.5,293.46,-37.00075497285587,9.50616,19.996227050065727,7.2020794847944485,-0.9027523020081251,3.9074399999999994,4.257359999999999,-0.395340878640268,,9.30483459292457,23.034532,58.301717,6.804816086077911,57.217860247461644,322.77836680260407,2.115668392975701,0.0021234535141412252,0.5737472619091003
2026-07-15T11:33:23+03:00,13.53,293.46,-35.99807883137692,9.50616,16.99965778153153,7.242186530453607,0.32142932306839184,3.92688,4.0629599999999995,-0.3552338329811104,,8.697499330085895,23.034557,58.301745,6.736877100085,56.033452209787825,320.96620557174367,2.19398230889334,0.0018590281845745492,0.5756062900936748
2026-07-15T11:33:25+03:00,13.38,293.46,-35.99807883137692,9.50616,14.994305498573642,7.62033867523995,0.4191759229177102,3.7908,4.101839999999999,-0.3781521447863433,,8.863657090673835,23.034575,58.301776,6.8138409210656325,55.08440036208435,319.9099051364893,2.169736977319038,0.001948133768393078,0.5775544238620679
2026-07-15T11:33:27+03:00,13.53,293.47,-35.99807883137692,9.195120000000001,18.999280486538098,8.061516177490683,-0.2025978763582591,3.6741599999999996,4.0824,-0.40107045659157625,,9.43088530785335,23.034589,58.301805,6.586663650500974,55.13714390800138,323.8621365785367,2.1002015232601803,0.0017983301926202653,0.5793527540546881
2026-07-15T11:33:29+03:00,13.53,293.47,-35.99807883137692,9.29232,24.99814860155782,8.451127478179641,0.14174975851536567,3.28536,4.0629599999999995,-0.5958761069360561,,11.178406583002362,23.034617,58.301826,6.9096496980352935,52.226284689415905,332.7718639121419,2.012429205430519,0.0015412164990847431,0.5808939705537729
2026-07-15T11:33:31+03:00,13.53,293.47,-33.99845612637036,9.195120000000001,21.995849755072307,8.42820916637441,0.2754208121193867,3.7713599999999996,4.02408,-0.693278932108296,,12.54204613541372,23.034635,58.301854,6.424440401736369,53.161151381648466,328.83469837342386,2.2611806844285605,0.0017764385100128856,0.5826704090637858
2026-07-15T11:33:33+03:00,13.68,293.47,-35.99807883137692,9.408959999999999,19.996227050065727,7.912547150756669,-0.8907201883103778,3.7908,4.101839999999999,-0.6073352628386726,,11.76855311198711,23.034658,58.301886,6.722059437457037,55.35531077023282,324.64091627983294,2.155015202592065,0.0020560461708811896,0.5847264552346669
2026-07-15T11:33:35+03:00,13.61,293.47,-37.00075497285587,9.29232,20.99890319154467,6.285347012585132,-1.2614811775395334,3.9074399999999994,3.9851999999999994,-0.6130648407899808,,11.464885480567773,23.034681,58.301919,6.604564229067011,57.85895617376893,323.13994701777574,2.0787787067071544,0.0021123839212097498,0.5868388391558766
2026-07-15T11:33:37+03:00,13.53,293.48,-35.00113226784929,9.097919999999998,17.996604345059158,3.7643327140095084,-0.311803632110194,3.9074399999999994,3.888,-0.5958761069360561,,11.396130545152074,23.034705,58.301949,6.308726101650627,55.81090799404042,322.18569635101875,2.1956917688900406,0.00195606800569157,0.5887949071615682
2026-07-15T11:33:39+03:00,13.53,293.47,-35.99807883137692,9.097919999999998,13.99735893504601,4.045082033623611,0.10760147392556861,3.81024,3.9851999999999994,-0.18334649444186346,,11.258620674320678,23.034721,58.301986,6.418655932768369,56.41841795376597,317.57894098128,2.1075343318697355,0.0022806732049555365,0.5910755803665237
2026-07-15T11:33:41+03:00,13.68,293.47,-35.00113226784929,9.195120000000001,7.9984908200262925,3.5637974857137205,0.15773528099951564,3.44088,3.96576,-0.23491269600363757,,11.510722104178239,23.034734,58.30202,6.675013282727527,52.19940910417331,315.799081715853,2.108967662151721,0.002084498058323251,0.593160078424847
2026-07-15T11:33:43+03:00,13.68,293.48,-35.99807883137692,9.408959999999999,9.998113525032863,4.9904623955894705,0.9788983929810114,3.6935999999999996,4.00464,-0.045836623610465865,,11.098192491684046,23.034742,58.302056,6.77778798056166,54.679307324847244,315.31880620018563,2.135463479764608,0.0021785790144547993,0.5953386574393018
2026-07-15T11:33:45+03:00,13.68,293.48,-37.00075497285587,9.195120000000001,9.998113525032863,6.262428700779898,0.040278932997696866,3.6547199999999997,3.888,-0.18907607239317165,,11.89460382691589,23.034755,58.302089,6.650602206647993,56.31338979773639,313.6847237272965,2.027090403781533,0.002025602299989744,0.5973642597392915
2026-07-15T11:33:47+03:00,13.68,293.49,-37.00075497285587,9.097919999999998,13.99735893504601,5.28267087110619,-0.8884283571298545,3.9463199999999996,3.9851999999999994,-0.1776169164905552,,11.969088340282898,23.034778,58.302129,6.403034659084263,58.77295432695699,315.224404608089,2.0458934968745464,0.0025116470237192007,0.5998759067630107
2026-07-15T11:33:49+03:00,13.68,293.49,-37.00075497285587,8.90352,14.994305498573642,4.297183463481174,0.08892304980430377,3.6935999999999996,3.7908,-0.19480565034447989,,11.493533370324313,23.034792,58.302166,6.355151447209829,57.47459491943708,317.5197105791366,1.9859509032242728,0.0022675137426119104,0.6021434205056226
2026-07-15T11:33:51+03:00,13.65,293.49,-39.00037767786244,8.90352,13.99735893504601,4.463341224069113,0.284645432620993,3.38256,3.9074399999999994,-0.12605071492878112,,10.748688236654244,23.034805,58.302195,6.626047196449719,57.739951842900254,316.25740709214574,1.8054847843553519,0.0017908252650945217,0.6039342457707172
2026-07-15T11:33:53+03:00,13.53,293.49,-37.9977015363835,9.00072,15.996981640052585,5.328507494716655,-0.06485882240880919,3.44088,3.92688,-0.10313240312354818,,10.250214954890428,23.034825,58.302225,6.636344889542167,56.61213606134464,319.38484557870794,1.8935296665075367,0.0019106638537891014,0.6058449096245063
2026-07-15T11:33:55+03:00,13.68,293.5,-39.997324241390075,9.195120000000001,15.996981640052585,3.72995524630166,-1.1089598124757085,3.86856,3.92688,-0.10886198107485642,,7.763578124022655,23.034847,58.302256,6.709290630504672,61.750510031056464,314.2464716089961,1.831035196516304,0.0019886712031794225,0.6078335808276858
2026-07-15T11:33:57+03:00,13.68,293.49,-37.9977015363835,9.408959999999999,8.995437383553925,2.9736509567289726,0.7736649107651505,3.4992,3.6547199999999997,-0.08594366926962349,,8.611555660816272,23.034859,58.302288,6.991611690631292,55.943297315785614,313.05214006776833,1.9595977881427267,0.00196042977099203,0.6097940105986778
2026-07-15T11:33:59+03:00,13.72,293.51,-35.00113226784929,8.90352,6.995814678547352,3.8674651171330567,0.24768965483505487,3.5964,3.6547199999999997,-0.03437746770784939,,9.230350079557562,23.034869,58.302319,6.304599566829867,54.100080989225404,312.89573368932196,2.1088254258231314,0.001889915504783355,0.6116839261034611
2026-07-15T11:34:01+03:00,13.68,293.51,-33.00150956284272,8.70912,14.994305498573642,4.497718691776963,0.4712577864951021,3.1687199999999995,3.44088,-0.05156620156177409,,9.665798003856988,23.034878,58.302348,6.292945597331368,48.91919613379886,326.0751093647748,2.08223796310437,0.0017661471986896787,0.6134500733021508
2026-07-15T11:34:03+03:00,13.68,293.51,-33.99845612637036,8.49528,13.99735893504601,5.7639554190160815,0.5451120462874652,3.3242399999999996,3.57696,-0.011459155902616466,,10.30751073440351,23.034887,58.302373,6.032817011277482,51.944281590477914,322.0530773445681,2.0491529548320857,0.0015293401470493535,0.6149794134492002
2026-07-15T11:34:05+03:00,13.68,293.51,-35.99807883137692,8.203679999999999,17.996604345059158,5.02483986329732,-0.6585576897233684,3.44088,3.46032,-0.1546986046853223,,10.731499502800318,23.034901,58.302409,5.784914979509235,56.46091849328478,321.53568585177436,1.9011056450924402,0.002208590373596478,0.6171880038227966
2026-07-15T11:34:07+03:00,13.65,293.51,-35.00113226784929,8.00928,16.99965778153153,4.268535573724633,-0.23737641452270006,3.3047999999999997,3.44088,-0.08594366926962349,,10.353347358013977,23.03492,58.302443,5.630851267710861,54.67385154085045,322.32580624068106,1.9109346043931108,0.0021299394854664374,0.6193179433082631
2026-07-15T11:34:09+03:00,13.38,293.51,-33.99845612637036,8.10648,10.995060088560496,4.555014471290045,0.22683399109229288,3.402,3.4992,-0.005729577951308233,,10.62836709967677,23.034937,58.30247,5.617916731702743,53.79083423526525,317.20422585329527,2.0096796254232143,0.0017094149837775057,0.6210273582920406
2026-07-15T11:34:11+03:00,13.68,293.52,-35.00113226784929,8.10648,17.996604345059158,4.360208820945565,0.025725805001373964,3.26592,3.46032,-0.06875493541569878,,10.599719209920229,23.034961,58.302502,5.745220815270936,54.03116013671966,323.9654442083395,1.9182223831320317,0.002067411032441346,0.6230947693244819
2026-07-15T11:34:13+03:00,13.83,293.52,-37.00075497285587,7.892639999999999,12.99468279356707,4.411775022507339,-0.3540306216113357,3.26592,3.4992,0.0,,10.823172750021252,23.034985,58.302534,5.638083299449587,57.40331215016242,315.5913706434047,1.7594232275358959,0.002067410781821295,0.6251621801063032
2026-07-15T11:34:15+03:00,13.87,293.52,-37.9977015363835,8.203679999999999,17.996604345059158,4.096648235185386,0.45744950363244924,3.34368,3.47976,-0.011459155902616466,,10.72576992484901,23.035005,58.302563,5.9370176835957,58.2843889032049,319.71221544185426,1.7577841044959632,0.0018540402929595906,0.6270162203992627
2026-07-15T11:34:17+03:00,13.83,293.52,-37.9977015363835,8.10648,13.99735893504601,4.646687718510977,-0.4021017806228117,3.2076,3.51864,0.13750987083139757,,9.66006842590568,23.035019,58.30259,5.9179537035115795,57.48990423408253,316.5074547009635,1.7239188759947721,0.0016820623616614983,0.6286982827609242
2026-07-15T11:34:19+03:00,13.95,293.51,-37.9977015363835,8.10648,16.99965778153153,3.4893129723467133,-0.28865613718690875,3.26592,3.47976,0.03437746770784939,,7.608879519337332,23.035033,58.302617,5.886815167764716,57.968584176947516,319.031073604584,1.7321922927231255,0.0016820622730235517,0.6303803450339478
2026-07-15T11:34:21+03:00,13.98,293.52,-39.00037767786244,8.203679999999999,16.99965778153153,3.5637974857137205,-0.021600508876432035,3.28536,3.51864,0.12032113697747288,,7.305211887917996,23.035054,58.302643,6.016879432304599,59.09836915887901,317.9012886226525,1.687248127401234,0.001697711588680557,0.6320780566226284
2026-07-15T11:34:23+03:00,14.06,293.53,-37.9977015363835,7.892639999999999,16.99965778153153,3.3976397251257815,0.46466877185109756,3.07152,3.53808,0.1604281826366305,,7.8036851696818115,23.03507,58.302665,5.789668169942631,57.06038488107798,319.93927290045355,1.6701538821822297,0.0014156308155021452,0.6334936874381305
2026-07-15T11:34:25+03:00,14.13,293.53,-35.99807883137692,8.00928,15.996981640052585,4.841493368855456,0.5118231983903644,3.2076,3.47976,0.13750987083139757,,7.585961207532098,23.035083,58.302691,5.733065620205974,55.19679724464687,320.8001843954057,1.8307680692531583,0.001615832816380061,0.6351095202545106
2026-07-15T11:34:27+03:00,14.13,293.53,-37.00075497285587,8.00928,17.996604345059158,5.67228217179515,0.3454362546843733,3.2270399999999997,3.402,0.12605071492878112,,7.740659812217421,23.035101,58.302718,5.768818774859115,56.67410570111281,321.32249864394635,1.772937380940049,0.0017195948411594482,0.6368291150956701
2026-07-15T11:34:29+03:00,14.13,293.53,-37.9977015363835,8.00928,18.999280486538098,6.823927340008105,0.8854489765951742,3.2076,3.4992,0.12605071492878112,,8.107352801101149,23.035113,58.302746,5.826414809569756,57.80885089476784,321.1904295917702,1.708834632965025,0.001725159742452589,0.6385542748381227
2026-07-15T11:34:31+03:00,14.13,293.54,-39.00037767786244,8.10648,20.99890319154467,7.666175298850415,0.12524857401559797,3.12984,3.44088,0.05156620156177409,,9.78611914083446,23.035127,58.302777,6.0063012744967965,58.14398263202341,322.85492055952125,1.6518872146020194,0.0019150804837030438,0.6404693553218257
2026-07-15T11:34:33+03:00,14.13,293.53,-37.9977015363835,7.892639999999999,31.999692858056477,7.03592172420651,-0.235944020034873,3.0326400000000002,3.5575200000000002,-0.21772396214971285,,9.78611914083446,23.035146,58.302801,5.810900971738164,56.7386515939137,335.26104126414276,1.6632782756638813,0.0015624119273883797,0.6420317672492141
2026-07-15T11:34:35+03:00,14.17,293.54,-37.00075497285587,8.203679999999999,18.999280486538098,6.462963929075686,-1.030120819865707,3.2270399999999997,3.4992,0.1604281826366305,,6.669228735322783,23.035168,58.302828,5.95223091773904,56.04411238154188,322.95516810499623,1.8024775734727474,0.001765388335087801,0.6437971555843018
2026-07-15T11:34:37+03:00,14.28,293.54,-35.99807883137692,8.30088,16.99965778153153,5.425910319888896,-0.3036676314193363,3.1104000000000003,3.44088,0.11459155902616464,,7.849521793292279,23.035188,58.302861,6.066470736765244,53.537100262534295,323.46255751899724,1.848517398958884,0.0020816981658624855,0.6458788537501643
2026-07-15T11:34:39+03:00,14.28,293.54,-31.99883342136378,8.203679999999999,17.996604345059158,4.27999472962725,-1.2119776240402305,3.2076,3.42144,0.03437746770784939,,8.628744394670198,23.035205,58.302887,5.740837048139515,49.220794765191584,328.7758095798676,2.0950305301649617,0.0016524548690946945,0.647531308619259
2026-07-15T11:34:41+03:00,14.28,293.54,-31.99883342136378,8.203679999999999,11.997736230039438,4.073729923380153,0.04618039828754435,3.36312,3.3242399999999996,0.10886198107485642,,7.534395005970326,23.03522,58.302914,5.640489317725083,50.41712947827901,321.58060675176046,2.142958554026595,0.0016906377609767448,0.6492219463802358
2026-07-15T11:34:43+03:00,14.28,293.54,-33.99845612637036,8.00928,14.994305498573642,3.896113006889598,-0.6093406151216305,3.07152,3.402,0.03437746770784939,,8.961059915846075,23.035233,58.302941,5.726457093422391,51.45151192386771,323.5427935747059,1.9140997485489584,0.0016740367387841893,0.65089598311902
2026-07-15T11:34:45+03:00,14.28,293.55,-35.99807883137692,7.60104,12.99468279356707,3.4835833943954055,-0.7771599533154486,3.1104000000000003,3.2464799999999996,0.12032113697747288,,8.227673938078622,23.035249,58.302966,5.403282438926423,55.7740325472478,317.2206502463193,1.7494698843232874,0.0015853802321098567,0.6524813633511298
2026-07-15T11:34:47+03:00,14.28,293.55,-37.00075497285587,7.1928,13.99735893504601,2.81895235204365,0.548435201499224,3.05208,3.2270399999999997,0.022918311805232933,,8.869386668625143,23.035263,58.302994,5.097746561288616,58.12060064940121,315.87675828564477,1.6119043299708324,0.0017401266892141678,0.654221490040344
2026-07-15T11:34:49+03:00,14.32,293.54,-41.00000038286902,7.1928,6.995814678547352,3.7815214478634336,-0.044003158666047225,3.18816,3.2076,0.11459155902616464,,8.731876797793747,23.035269,58.303025,5.2237000370505955,64.60380571519325,302.3920089633541,1.3673225372817532,0.001872949736388557,0.6560944397767325
2026-07-15T11:34:51+03:00,14.43,293.56,-41.00000038286902,7.698239999999999,11.997736230039438,4.577932783095277,0.6207424752447339,2.89656,3.2270399999999997,-0.23491269600363757,,8.5599894592545,23.035283,58.303051,5.830549348513647,60.02154828721406,311.9761879428254,1.447336481497201,0.0016241437734236981,0.6577185835501562
2026-07-15T11:34:53+03:00,14.43,293.55,-41.00000038286902,7.892639999999999,14.994305498573642,5.471746943499363,0.6511092383866676,2.916,3.28536,-0.320856365273261,,9.877792388055392,23.035297,58.303076,6.004800880584478,59.57766207646934,315.4166434221043,1.4765749028805284,0.0015663916808934322,0.6592849752310497
2026-07-15T11:34:55+03:00,14.43,293.55,-39.997324241390075,8.203679999999999,13.99735893504601,5.569149768671601,0.33082583090853734,3.47976,3.3047999999999997,-0.29220847551671986,,9.442344463755967,23.035316,58.303108,5.972527846180026,61.98981084431175,312.00754809073425,1.6341947257633396,0.00201487490804327,0.661299850139093
2026-07-15T11:34:57+03:00,14.43,293.54,-39.997324241390075,8.39808,16.99965778153153,5.660823015892533,-0.41717057063475244,3.3242399999999996,3.44088,-0.24064227395494575,,8.743335953696363,23.03533,58.303136,6.2293627375122815,60.05698176810273,316.9426760134288,1.6592560799845988,0.0017401262390485247,0.6630399763781415
2026-07-15T11:34:59+03:00,14.43,293.55,-39.997324241390075,8.49528,16.99965778153153,5.116513110518252,-0.44753733377668603,3.2076,3.44088,0.022918311805232933,,8.880845824527759,23.035347,58.303162,6.38030164486094,58.849871184668075,318.14978659686346,1.6592346739623658,0.0016524535125951201,0.6646924298907366
2026-07-15T11:35:01+03:00,14.43,293.55,-37.9977015363835,8.49528,18.999280486538098,5.064946908956478,-0.3617655518456018,3.09096,3.46032,0.11459155902616464,,7.551583739824251,23.035366,58.303191,6.351255533875562,55.4317647283621,323.567515758176,1.7537714851335353,0.0018435160969148406,0.6665359459876514
2026-07-15T11:35:03+03:00,14.43,293.56,-37.00075497285587,8.39808,16.99965778153153,4.60085109490051,0.16764745085527888,3.28536,3.47976,0.10313240312354818,,9.006896539456541,23.03538,58.303219,6.10343545414152,55.90278435091754,321.096873430614,1.8417687204894464,0.0017401259755066142,0.6682760719631581
2026-07-15T11:35:05+03:00,14.47,293.56,-35.99807883137692,8.10648,16.99965778153153,4.663876452364901,-0.27450407964717743,3.28536,3.57696,0.16615776058793874,,8.502693679741416,23.035397,58.303251,5.7805654071557955,55.51284928646368,321.48680849506786,1.860241145941427,0.0019969735819619972,0.6702730455451201
2026-07-15T11:35:07+03:00,14.58,293.56,-37.00075497285587,8.00928,16.99965778153153,4.2169693721628585,-0.057009300615516914,3.1104000000000003,3.38256,0.040107045659157625,,8.20475562627339,23.035412,58.303279,5.833714999048826,55.71686239370497,321.2827953878266,1.7520351329817914,0.001748417278507098,0.6720214628236272
2026-07-15T11:35:09+03:00,14.58,293.57,-35.00113226784929,7.698239999999999,12.99468279356707,4.824304635001531,-0.11940440450526356,3.1687199999999995,3.47976,-0.011459155902616466,,8.703228908037206,23.035428,58.303308,5.416655601353992,54.60706985495895,318.38761293860813,1.8352611111689066,0.0018148884508640626,0.6738363512744913
2026-07-15T11:35:11+03:00,14.58,293.56,-33.00150956284272,7.503839999999999,15.996981640052585,4.165403170601085,-0.31976774546251246,3.2464799999999996,3.51864,0.03437746770784939,,7.987031664123675,23.035448,58.303339,5.0976590081025375,53.29757671083863,322.699404929214,1.940288175500611,0.0019674858170066175,0.6758038370914978
2026-07-15T11:35:13+03:00,14.58,293.56,-33.00150956284272,7.40664,12.99468279356707,4.251346839870708,1.1211638135119948,3.2270399999999997,3.44088,0.10313240312354818,,6.571825910150543,23.035463,58.303371,5.018145131652354,53.50457884555567,319.4901039480114,1.9193096114510966,0.0019809257573188636,0.6777847628488167
2026-07-15T11:35:15+03:00,14.51,293.56,-33.00150956284272,7.698239999999999,14.994305498573642,4.491989113825654,0.21927094819656606,2.99376,3.5575200000000002,0.12605071492878112,,6.5202597085887675,23.035474,58.303399,5.437739424982684,50.45097104930045,324.5433344492732,1.9062415910132549,0.0017184965195655624,0.6795032593683823
2026-07-15T11:35:17+03:00,14.43,293.56,-33.99845612637036,7.698239999999999,16.99965778153153,5.139431422323485,0.9200556274210759,3.05208,3.47976,0.040107045659157625,,6.990085100596044,23.035495,58.30343,5.442411182934253,52.27358922713552,324.726068554396,1.8675424002153849,0.0019778504340799146,0.6814811098024622
2026-07-15T11:35:19+03:00,14.43,293.56,-35.00113226784929,7.60104,15.996981640052585,6.577555488101851,-0.20970255301788132,3.1687199999999995,3.3242399999999996,0.3093972093706446,,7.557313317775558,23.035508,58.303454,5.325190877615295,54.95799350097448,321.0389881390781,1.8194056518815664,0.0014998715459732526,0.6829809813484355
2026-07-15T11:35:21+03:00,14.43,293.56,-35.00113226784929,7.40664,15.996981640052585,7.643256987045181,0.1487971393954748,3.1687199999999995,3.3242399999999996,-0.09167324722093173,,9.20743176775233,23.035526,58.30348,5.14289265703187,55.69721693456633,320.29976470548627,1.7857834096860734,0.0016629812986020114,0.6846439626470375
2026-07-15T11:35:23+03:00,14.55,293.55,-37.9977015363835,7.095599999999999,21.995849755072307,6.858304807715954,-0.6777517758602507,2.916,3.28536,-0.24064227395494575,,8.571448615157117,23.035546,58.30351,5.122545799297139,58.512310316237816,323.4835394388345,1.5230715844692149,0.0019106562693837852,0.6865546189164213
2026-07-15T11:35:25+03:00,14.58,293.56,-37.9977015363835,7.095599999999999,19.996227050065727,6.984355522644735,-0.40319040043356025,3.0326400000000002,3.36312,-0.23491269600363757,,8.628744394670198,23.03557,58.303534,5.062600126390849,59.63807446863038,320.3581525814353,1.5328797024437468,0.0016295885068781026,0.6881842074232994
2026-07-15T11:35:27+03:00,14.58,293.55,-39.00037767786244,7.3094399999999995,16.99965778153153,6.629121689663625,-0.7449597252290964,3.28536,3.44088,-0.22918311805232927,,8.193296470370772,23.035591,58.303562,5.186204396957979,62.495157804692184,314.5044999768393,1.517256699929217,0.0018089773548376992,0.6899931847781371
2026-07-15T11:35:29+03:00,14.58,293.55,-37.9977015363835,7.3094399999999995,18.999280486538098,6.004597692971028,-0.38668921593379263,3.12984,3.3242399999999996,-0.24064227395494575,,8.050057021588067,23.035605,58.30359,5.212239658948481,59.69313791562787,319.3061425709102,1.5794143691587452,0.0017401247967961289,0.6917333095749332
2026-07-15T11:35:31+03:00,14.58,293.54,-37.9977015363835,7.1928,16.99965778153153,5.511853989158519,-0.42811406452175116,3.38256,3.46032,-0.2119943841984046,,7.838062637389663,23.035621,58.303622,4.983187404654156,62.69890397424413,314.3007538072874,1.5514671354778515,0.001988713944789097,0.6937220235197222
2026-07-15T11:35:33+03:00,14.58,293.55,-37.9977015363835,7.3094399999999995,16.99965778153153,4.440422912263879,-0.31713213960491066,3.2464799999999996,3.5575200000000002,-0.2119943841984046,,7.671904876801722,23.035638,58.303649,5.154363258627574,60.812581365590646,316.18707641594085,1.583204297251626,0.001709409365465155,0.6954314328851874
2026-07-15T11:35:35+03:00,14.58,293.55,-37.00075497285587,7.40664,20.99890319154467,4.910248304271155,0.7418657531353898,4.00464,3.44088,-0.18334649444186346,,7.299482309966689,23.035671,58.303689,4.849679290624561,66.79980644136813,314.1990967501765,1.5776079634450042,0.002620470900560725,0.6980519037857481
2026-07-15T11:35:37+03:00,14.58,293.57,-39.00037767786244,7.892639999999999,24.99814860155782,5.18526804593395,-0.6587295770619074,3.6741599999999996,3.47976,-0.2119943841984046,,7.139054127330057,23.0357,58.30372,5.542636861277035,63.656660624870185,321.34148797668763,1.6304054857247932,0.0020762572032153896,0.7001281609889635
2026-07-15T11:35:39+03:00,14.43,293.56,-39.00037767786244,8.00928,17.996604345059158,2.566850922186088,-1.0088067898868407,3.51864,3.402,-0.22345354010102106,,7.018732990352585,23.035716,58.303752,5.720745167124427,61.77313270107808,316.22347164398104,1.6641899652378258,0.0019887134730993345,0.7021168744620628
2026-07-15T11:35:41+03:00,14.43,293.56,-35.99807883137692,7.892639999999999,13.99735893504601,0.6818197762056798,-0.9140968663517153,2.97432,3.6741599999999996,-0.18907607239317165,,6.497341396783535,23.03573,58.303778,5.758097684586195,53.67226797754623,320.3250909574998,1.7619966587473188,0.001624141300187551,0.7037410157622503
2026-07-15T11:35:43+03:00,14.43,293.56,-33.99845612637036,8.00928,11.997736230039438,0.3666929888837269,0.5200737906402483,3.2076,3.38256,-0.16615776058793874,,6.216592077169432,23.035743,58.303809,5.64265893597263,52.532225610225765,319.4655106198137,1.951231568357462,0.0019080336130622196,0.7056490493753126
2026-07-15T11:35:45+03:00,14.43,293.57,-33.00150956284272,8.10648,9.998113525032863,1.4954198452914487,0.20317083415338993,3.44088,3.34368,-0.1604281826366305,,6.1421075638024245,23.035755,58.303842,5.546952738738272,52.748277825039736,317.2498356999931,2.0828263028846266,0.002019433885450274,0.7076684832607628
2026-07-15T11:35:47+03:00,14.43,293.57,-31.00188685783615,8.00928,12.99468279356707,2.1600508876432034,0.23187601968944416,3.38256,3.28536,-0.18334649444186346,,6.560366754247926,23.035766,58.303871,5.398765311663791,49.82886030212535,323.1658224914417,2.181997708205157,0.0017774038682619806,0.7094458871290248
2026-07-15T11:35:49+03:00,14.43,293.56,-33.00150956284272,7.892639999999999,12.99468279356707,3.3231552117587753,0.7771599533154486,3.12984,3.402,-0.1776169164905552,,6.5374484424426935,23.035776,58.303897,5.536742547957229,50.93356809393825,322.06111469962883,1.9724910010217807,0.0015943915759417068,0.7110402787049664
2026-07-15T11:35:51+03:00,14.28,293.57,-35.00113226784929,7.795439999999999,15.996981640052585,2.9278143331185067,-0.6615943660375616,3.18816,3.402,-0.1776169164905552,,6.680687891225399,23.035787,58.303922,5.496986510009778,54.4322955782234,321.5646860618292,1.8544396897868909,0.001542326046380076,0.7125826047513465
2026-07-15T11:35:53+03:00,14.28,293.56,-35.99807883137692,7.892639999999999,13.99735893504601,1.753250853100319,-0.5474611732475015,3.2076,3.36312,-0.18334649444186346,,6.749442826641098,23.0358,58.303948,5.623043524915201,55.5876327406218,318.4097261944242,1.812759392327189,0.0016158291102451906,0.7141984338615917
2026-07-15T11:35:55+03:00,14.28,293.56,-35.99807883137692,7.795439999999999,12.99468279356707,2.0855663742761967,0.5244855656627556,3.28536,3.3242399999999996,-0.18334649444186346,,6.657769579420166,23.035815,58.303976,5.488376576998265,56.5976056479694,316.3970771455977,1.808642021418557,0.0017484147499775837,0.7159468486115692
2026-07-15T11:35:57+03:00,14.28,293.56,-37.00075497285587,8.00928,12.99468279356707,2.9278143331185067,0.4054249358345705,3.0326400000000002,3.34368,-0.17188733853924698,,6.663499157371475,23.035827,58.304001,5.8778670442120475,55.09055626379876,317.9041265297683,1.73552239323414,0.0015497447731419058,0.7174965933847112
2026-07-15T11:35:59+03:00,14.13,293.56,-37.9977015363835,7.892639999999999,13.99735893504601,2.7100903709687945,-0.4720026316287722,3.3047999999999997,3.46032,-0.1546986046853223,,6.153566719705042,23.035838,58.304031,5.666204328387994,59.04046452080878,314.95689441423724,1.7000967951360746,0.0018363895931081781,0.7193329829778193
2026-07-15T11:36:01+03:00,14.13,293.57,-35.99807883137692,7.795439999999999,15.996981640052585,3.804439759668666,1.1187573907724455,3.1104000000000003,3.34368,-0.1546986046853223,,6.422856883416529,23.035849,58.30406,5.586604488738535,55.0994451613542,320.8975364786984,1.7796272279601015,0.0017774035055980622,0.7211103864834174
2026-07-15T11:36:03+03:00,14.13,293.56,-37.00075497285587,7.698239999999999,11.997736230039438,5.351425806521889,0.2025978763582591,3.12984,3.34368,0.045836623610465865,,7.0702991919143585,23.035861,58.304087,5.529386696516628,56.91758916978972,315.0801470602497,1.7084067790273152,0.001666569434025481,0.7227769559174428
2026-07-15T11:36:05+03:00,13.98,293.57,-37.00075497285587,7.698239999999999,18.999280486538098,6.577555488101851,0.5436223560201251,3.1104000000000003,3.3242399999999996,0.22345354010102106,,6.886952697472495,23.035878,58.304116,5.540021864151764,56.74913058723777,322.2501498993003,1.705450731575195,0.0018239303147426144,0.7246008862321854
2026-07-15T11:36:07+03:00,13.87,293.57,-37.9977015363835,7.795439999999999,17.996604345059158,8.176107736516848,0.9081381052823547,3.07152,3.2076,-0.14896902673401402,,8.061516177490683,23.035892,58.304138,5.6978868765821495,57.3796097184882,320.61699462657094,1.6557660088358264,0.0013943267007625138,0.725995212932948
2026-07-15T11:36:09+03:00,13.83,293.57,-37.9977015363835,7.698239999999999,22.998525896551243,7.683364032704339,-0.7167702017086599,3.05208,3.42144,0.06302535746439056,,8.319347185299552,23.035914,58.304157,5.6166974345584615,57.54163775162563,325.45688814492564,1.6380103178257526,0.0013367866597790543,0.7273319995927271
2026-07-15T11:36:11+03:00,13.83,293.57,-37.9977015363835,7.698239999999999,15.996981640052585,8.26205140578647,0.2994850395148813,3.1687199999999995,3.47976,0.08594366926962349,,7.018732990352585,23.03593,58.304178,5.554970235992786,58.55681348086456,317.44016815918803,1.6529718032910536,0.001359644235382304,0.7286916438281094
2026-07-15T11:36:13+03:00,13.68,293.59,-37.00075497285587,7.698239999999999,16.99965778153153,9.247538813411486,0.9670954624013166,3.3242399999999996,3.42144,0.09740282517223994,,7.975572508221059,23.035946,58.304204,5.425720005581753,58.637919608135775,318.36173817339574,1.7300828205027303,0.0016424592639301173,0.7303341030920395
2026-07-15T11:36:15+03:00,13.68,293.58,-37.00075497285587,7.503839999999999,19.996227050065727,10.17573044152342,0.2459134856701493,3.38256,3.4992,0.005729577951308233,,7.540124583921633,23.035965,58.304232,5.216080376879369,59.972429411329585,320.02379763873614,1.692689416003449,0.0017867828525504825,0.73212088594459
2026-07-15T11:36:17+03:00,13.68,293.58,-37.9977015363835,7.503839999999999,22.998525896551243,9.041274007164391,-0.5814375704987594,3.2464799999999996,3.44088,-0.11459155902616464,,7.975572508221059,23.035981,58.304271,5.334086531430775,60.00286917068361,322.99565672586766,1.6230992062444305,0.0023980416617880355,0.734518927606378
2026-07-15T11:36:19+03:00,13.53,293.59,-37.00075497285587,7.60104,22.998525896551243,7.815144325584429,-0.7766442912998308,3.2464799999999996,3.4992,0.03437746770784939,,7.448451336700702,23.036002,58.304298,5.375925586780894,58.31222916670782,324.68629672984343,1.705343617634956,0.0017531882938663969,0.7362721159002444
2026-07-15T11:36:21+03:00,13.53,293.59,-37.9977015363835,7.503839999999999,16.99965778153153,6.84111607386203,0.23439703398801978,3.28536,3.46032,0.040107045659157625,,7.61460909728864,23.036021,58.304327,5.314754884566043,60.36587344724876,316.6337843342828,1.624478015263284,0.0018435098253057024,0.7381156257255501
2026-07-15T11:36:23+03:00,13.53,293.6,-39.00037767786244,7.40664,19.996227050065727,6.657769579420166,-0.4460476435093459,3.07152,3.46032,0.05156620156177409,,7.906817572805362,23.036041,58.304356,5.378954707769569,60.061328403168574,319.9348986468972,1.5329118878007526,0.0018540293888745416,0.7399696551144247
2026-07-15T11:36:25+03:00,13.53,293.59,-37.9977015363835,7.503839999999999,19.996227050065727,5.2368342474957235,-0.7120719477885871,3.42144,3.402,0.011459155902616466,,7.597420363434716,23.036065,58.304387,5.248801700732717,61.657132964715714,318.33909408535,1.6243177729504428,0.0020115944125782574,0.741981249527003
2026-07-15T11:36:27+03:00,13.38,293.59,-37.00075497285587,7.795439999999999,15.996981640052585,3.9992454100131463,-0.5970793183058309,3.2464799999999996,3.51864,0.040107045659157625,,7.345318933577154,23.036081,58.304417,5.557481335915635,57.58380779172661,318.413173848326,1.7403255571133969,0.001872689884870422,0.7438539394118734
2026-07-15T11:36:29+03:00,13.38,293.59,-35.99807883137692,8.00928,16.99965778153153,3.466394660541481,-0.09619961380246522,3.42144,3.4992,0.06875493541569878,,6.875493541569878,23.036098,58.304449,5.613761111857202,56.989192123087236,320.0104656584443,1.8639910219546365,0.0019969686945783658,0.7458509081064517
2026-07-15T11:36:31+03:00,13.38,293.59,-35.99807883137692,8.49528,15.996981640052585,3.454935504638864,-0.17429376127879645,3.28536,3.53808,-0.08021409131831525,,7.740659812217421,23.036117,58.304479,6.148402876986437,54.30244580975676,321.6945358302958,1.917029062888855,0.0019004443461545578,0.7477513524526063
2026-07-15T11:36:33+03:00,13.38,293.61,-35.00113226784929,8.59248,14.994305498573642,2.8476002418001913,-0.8601242420503917,2.916,3.6547199999999997,0.045836623610465865,,7.156242861183982,23.036131,58.30451,6.425381483637213,50.08963603395915,324.90466946461447,1.8708717452308008,0.0019150754838079451,0.7496664279364142
2026-07-15T11:36:35+03:00,13.23,293.59,-33.99845612637036,8.39808,10.995060088560496,1.5928226704636885,-0.6477287873953956,3.1104000000000003,3.4992,-0.10313240312354818,,7.242186530453607,23.036139,58.304539,6.073740562875376,50.63829833624078,320.3567617523197,1.9726587638391038,0.0017613378307722216,0.7514277657671865
2026-07-15T11:36:37+03:00,13.23,293.6,-33.99845612637036,8.39808,11.997736230039438,1.283425461093044,-0.12742581363709507,3.05208,3.4992,0.1604281826366305,,6.480152662929611,23.036151,58.304568,6.110894272172177,50.215525193532216,321.7822110365072,1.953030562403154,0.0017838438248334613,0.7532116095920199
2026-07-15T11:36:39+03:00,13.08,293.61,-35.00113226784929,8.30088,8.995437383553925,1.4152057539731333,0.5933550926374805,3.2076,3.36312,0.08594366926962349,,7.110406237573517,23.036165,58.304599,5.964275723940609,52.96874321318833,316.0266941703656,1.9317790767717846,0.0019150752270137308,0.7551266848190337
2026-07-15T11:36:41+03:00,13.08,293.6,-35.99807883137692,8.10648,11.997736230039438,1.6902254956359284,0.543565060240612,3.46032,3.44088,0.09740282517223994,,7.03592172420651,23.036192,58.304627,5.683329246732619,56.96685408181635,315.0308821482231,1.8863038925256874,0.0018866923983057332,0.7570133772173394
2026-07-15T11:36:43+03:00,12.93,293.61,-35.99807883137692,8.10648,10.995060088560496,2.0626480624709633,-0.4783624631547243,3.12984,3.53808,-0.11459155902616464,,7.958383774367134,23.036212,58.304654,5.870023990876353,54.261541447322855,316.73351864123765,1.8280962688307452,0.0017414847759187168,0.7587548619932581
2026-07-15T11:36:45+03:00,12.41,293.61,-35.00113226784929,8.203679999999999,11.997736230039438,0.590146528984748,-0.8067818713237123,3.14928,3.402,-0.022918311805232933,,8.806361311160753,23.036224,58.304685,5.906962571264058,52.807989063424245,319.1897471666152,1.9037021086856742,0.0019014863540100398,0.7606563483472681
2026-07-15T11:36:47+03:00,11.66,293.61,-33.99845612637036,8.90352,6.995814678547352,359.2617262808801,-0.9125498803048622,3.07152,3.47976,-0.011459155902616466,,7.8208739035357375,23.03623,58.304713,6.584993170991344,49.11723067139465,317.8785840071527,2.010351228201157,0.0016936491174620227,0.7623499974647302
2026-07-15T11:36:49+03:00,10.8,293.61,-35.00113226784929,9.50616,12.99468279356707,357.9496529300305,0.05190997623885259,3.5575200000000002,3.42144,-0.10313240312354818,,9.831955764444928,23.036244,58.304745,6.900655404071238,52.20102691406757,320.7936558794995,2.1803787196581883,0.0019736075053894435,0.7643236049701196
2026-07-15T11:36:51+03:00,10.27,293.61,-33.00150956284272,9.50616,9.998113525032863,358.3621825425247,-0.18833122725950158,3.53808,3.4992,-0.17188733853924698,,10.250214954890428,23.036257,58.304781,6.816972104315992,49.42201935197613,320.57609417305673,2.301458676082262,0.0022024797659586644,0.7665260847360783
2026-07-15T11:36:53+03:00,9.86,293.61,-33.00150956284272,9.70056,12.99468279356707,357.1647007507013,0.07150513283232673,3.5964,3.5575200000000002,-0.20053522829578813,,10.250214954890428,23.036272,58.304814,6.965515104345122,49.334345183222354,323.6603376103447,2.3435718820259073,0.0020393355536670993,0.7685654202897454
2026-07-15T11:36:55+03:00,9.52,293.61,-31.00188685783615,9.60336,8.995437383553925,357.37669513489965,-0.2861924186678462,3.53808,3.71304,0.005729577951308233,,7.969842930269751,23.036287,58.304845,6.818721111901085,46.50294917943057,322.49248820412333,2.4353214522403985,0.0019226110068254908,0.7704880312965708
2026-07-15T11:36:57+03:00,9.18,293.61,-29.002264152829575,9.60336,7.9984908200262925,356.9985429901134,0.572785907792284,3.402,3.6547199999999997,0.06875493541569878,,6.680687891225399,23.036288,58.304879,6.830126222065325,42.977045117139966,325.02144570288635,2.4889946374940117,0.0020439063498657144,0.7725319376464366
2026-07-15T11:36:59+03:00,9.03,293.6,-29.999210716357208,9.50616,7.9984908200262925,358.15018815832633,0.960563743536825,3.402,3.6935999999999996,0.05156620156177409,,7.3796964012850035,23.03629,58.30491,6.776856866414501,44.53562910979704,323.4628617102293,2.4249947730650727,0.0018644093772182304,0.7743963470236548
2026-07-15T11:37:01+03:00,8.88,293.62,-29.999210716357208,9.00072,2.9965692685342056,359.58258264615336,0.04572203205143969,3.47976,3.47976,0.06302535746439056,,8.542800725400575,23.036298,58.304943,6.234807866657331,46.2028715536519,316.7936977148823,2.408366253535299,0.001999579461358657,0.7763959264850134
2026-07-15T11:37:03+03:00,8.73,293.61,-29.999210716357208,8.80632,3.9992454100131463,359.3935065737602,-0.22167737093611553,3.7519199999999997,3.57696,0.03437746770784939,,8.021409131831525,23.036303,58.304972,5.865126467377363,48.652595753952454,315.34664965606066,2.47860467624925,0.0017502610261837708,0.7781461875111972
2026-07-15T11:37:05+03:00,8.73,293.6,-31.00188685783615,9.097919999999998,4.996191973540778,359.58258264615336,0.2903177147927882,3.3242399999999996,3.51864,-0.11459155902616464,,7.838062637389663,23.036309,58.305003,6.478886990258086,46.325729166706196,318.67046280683456,2.2955794846391964,0.001872948663879737,0.780019136175077
2026-07-15T11:37:07+03:00,8.58,293.61,-31.00188685783615,9.50616,3.9992454100131463,358.4481262117943,-0.5927248390628367,3.18816,3.5964,0.03437746770784939,,7.253645686356221,23.036312,58.305035,6.969638354526641,44.62944684733117,319.369798562682,2.26890215520079,0.001925778798479393,0.7819449149735564
2026-07-15T11:37:09+03:00,8.58,293.62,-31.00188685783615,9.50616,11.997736230039438,357.8866275725661,-0.06743713248689791,3.26592,3.44088,-0.02864788975654116,,6.864034385667263,23.036322,58.305068,6.914515073667416,45.082114736954566,326.91562149308487,2.306042105300642,0.002008537062926112,0.7839534520364826
2026-07-15T11:37:11+03:00,8.58,293.61,-31.00188685783615,9.29232,2.9965692685342056,358.52834030311266,0.9618815464656261,3.44088,3.4992,0.18334649444186346,,5.935842757555329,23.036328,58.3051,6.585911559060256,46.61271875984738,316.3838505086868,2.363630642853555,0.0019327575040948542,0.7858862095405774
2026-07-15T11:37:13+03:00,8.85,293.61,-33.00150956284272,8.90352,7.9984908200262925,1.5928226704636885,1.3543576361302399,3.26592,3.53808,0.08594366926962349,,7.700552766558264,23.036336,58.305131,6.41605035243621,49.0973725959486,318.90111822407766,2.1384443163373694,0.0018803886119843174,0.7877665981525618
2026-07-15T11:37:15+03:00,9.07,293.62,-35.00113226784929,8.80632,13.99735893504601,3.495042550298022,-0.05345696228570581,3.47976,3.51864,-0.06875493541569878,,8.319347185299552,23.03635,58.305161,6.281457018119148,53.5283461100379,320.4690128250081,2.068456405843769,0.0018566415154140069,0.7896232396679758
2026-07-15T11:37:17+03:00,9.71,293.63,-35.99807883137692,8.80632,15.996981640052585,357.75484727968603,-5.446307617395553,3.44088,3.51864,-0.6016056848873644,,9.562665600733439,23.03637,58.305189,6.353022226764313,54.56049217904648,321.4364894610061,1.9951705227348222,0.0017976286423799898,0.7914208683103557
2026-07-15T11:37:19+03:00,10.42,293.62,-31.99883342136378,8.70912,19.996227050065727,343.9866714626923,-8.211745711373984,3.47976,3.4992,-0.29793805346802804,,9.287645859070643,23.036395,58.305219,6.046118895433317,49.75565909066242,330.2405679594033,2.248094049193847,0.001968492867353461,0.7933893611777092
2026-07-15T11:37:21+03:00,11.32,293.62,-25.99996530634406,8.80632,0.0,326.36821926241953,-9.237855826673778,3.5575200000000002,3.36312,-0.29793805346802804,,5.511853989158519,23.036409,58.305252,5.821613053030199,41.53830745873353,318.4616925412665,2.6628483008373833,0.002032230777139249,0.7954215919548484
2026-07-15T11:37:23+03:00,12.33,293.62,-16.99879834483883,8.90352,337.99926250357527,307.74136134271646,-9.667917947698973,3.0326400000000002,3.28536,-0.320856365273261,,5.941572335506637,23.036401,58.305279,6.068487979191666,25.399697379225586,312.5995651243497,2.7394976130145614,0.0016424552568768858,0.7970640472117253
2026-07-15T11:37:25+03:00,12.86,293.62,-3.99838597332045,8.90352,319.99692858056477,288.97699355218197,-8.98214476270689,3.05208,2.7021599999999997,-0.1604281826366305,,4.096648235185386,23.036371,58.305299,5.862732599922964,6.07867371176124,313.9182548688035,3.034919461128768,0.001530605117235563,0.7985946523289609
2026-07-15T11:37:27+03:00,13.08,293.63,5.998868115019719,8.90352,293.99610383752804,271.61637235971807,-7.997344904436031,3.2464799999999996,2.7799199999999997,0.005729577951308233,,0.8537071147449266,23.03632,58.305317,5.684951408452194,9.420392899001314,303.4164967365293,3.2026978655787426,0.0019402542372809035,0.8005349065662418
2026-07-15T11:37:29+03:00,13.23,293.62,16.99965778153153,8.30088,278.9960687610031,261.354698248925,-2.878253483839691,3.05208,2.60496,0.5213915935690492,,-2.016811438860498,23.036255,58.305324,5.455625224259491,26.413274821258256,305.40934358226133,2.733469458990549,0.0020953882164503916,0.8026302947826922
2026-07-15T11:37:31+03:00,13.27,293.62,26.00082474303676,7.892639999999999,253.99792015944524,258.54720505278397,-0.42777028984467264,3.09096,2.6244,0.9339212060632418,,-7.098947081670899,23.036197,58.305317,5.290977802755793,40.83969230179963,294.8376124612449,2.338441707868908,0.0018793539619675094,0.8045096487446597
2026-07-15T11:37:33+03:00,13.53,293.63,28.997394011570965,7.60104,258.99984171093735,259.47539668089587,0.387663244185515,2.916,2.54664,0.8021409131831525,,-5.723848373356923,23.036145,58.305313,5.244677169893649,44.63359310547486,303.6334348164122,2.075067135699196,0.0016596756476486374,0.8061693243923084
2026-07-15T11:37:35+03:00,13.57,293.62,37.001614409548566,7.698239999999999,263.9960336844781,258.4841796953196,-1.5581014280787606,2.99376,2.7215999999999996,0.6474423084978302,,-4.772738433439757,23.036093,58.305309,5.604862248716316,55.75305222749559,319.7490859119737,1.6847710518880374,0.0016596758314540276,0.8078290002237624
2026-07-15T11:37:37+03:00,13.68,293.62,37.001614409548566,8.00928,257.9971655694584,257.8424669647731,0.975116871533148,3.05208,2.76048,0.836518380891002,,-7.84379221534097,23.036042,58.305304,5.866801174942088,55.24736216852938,313.24452773798777,1.7397911704328084,0.0016383889618485944,0.809467389185611
2026-07-15T11:37:39+03:00,13.68,293.63,33.99931556306306,7.892639999999999,259.99678827446496,260.2431601263712,0.6970604535561595,3.0132,2.6827199999999998,0.7792226013779195,,-6.073352628386726,23.03599,58.305298,5.651575802882647,51.344912032048285,311.34170030651325,1.882137267186639,0.0016813042975392493,0.8111486934831502
2026-07-15T11:37:41+03:00,13.68,293.63,35.00199170454199,8.203679999999999,265.9956563894847,260.85049538920987,0.28510379885709763,2.99376,2.83824,0.7505747116213785,,-6.571825910150543,23.035939,58.305294,6.002286463344081,51.62641732246499,317.62207371194967,1.8584854249297635,0.0016284359036096512,0.8127771293867598
2026-07-15T11:37:43+03:00,13.68,293.63,37.001614409548566,8.10648,262.9990871209505,261.6010701008313,-0.011401860123103383,2.7993599999999996,2.7021599999999997,0.7448451336700701,,-6.617662533761009,23.03588,58.305295,6.107814935666426,53.01350033870615,316.01258745965663,1.684170076299583,0.0018641996179988858,0.8146413290047587
2026-07-15T11:37:45+03:00,13.68,293.63,35.99893826806962,8.00928,261.99641097947153,260.35775168539743,0.34325901506287615,3.1104000000000003,2.7799199999999997,0.7677634454753031,,-7.190620328891831,23.035822,58.305296,5.789131583099437,54.40797964851963,316.4043906279912,1.8102830425508227,0.0018326360938254902,0.8164739650985842
2026-07-15T11:37:47+03:00,13.68,293.63,37.001614409548566,7.892639999999999,265.9956563894847,260.83330665535595,0.667553127106922,3.14928,2.8576799999999998,0.8307888029396938,,-8.050057021588067,23.035769,58.305298,5.701806055463851,56.416919334268854,322.41257572375355,1.7420102651544587,0.0016780607908534581,0.8181520258894376
2026-07-15T11:37:49+03:00,13.68,293.63,37.001614409548566,8.203679999999999,262.9990871209505,261.1885404883371,0.5627591463774945,2.83824,2.8188,0.836518380891002,,-8.233403516029929,23.035718,58.305292,6.177854220013979,53.05287127807698,316.05195839902746,1.706003065981034,0.0016504733835356934,0.8198024992729733
2026-07-15T11:37:51+03:00,13.68,293.64,35.99893826806962,8.49528,264.998709825957,262.2714307211343,0.36560436907297833,3.07152,2.93544,0.8193296470370772,,-8.30215845144563,23.035665,58.305286,6.275619858244113,52.71783841238563,317.7165482383426,1.8605447023798813,0.0017121633353925805,0.8215146626083659
2026-07-15T11:37:53+03:00,13.68,293.64,33.00236899953541,8.80632,264.998709825957,263.5090195586169,-0.14639071665592532,3.12984,2.99376,0.7448451336700701,,-7.717741500412188,23.035605,58.305283,6.412246908958331,48.420258882754155,313.4189687087112,2.077155127802288,0.0019033720954334864,0.8234180347037994
2026-07-15T11:37:55+03:00,13.68,293.64,28.997394011570965,8.70912,267.99527909449125,264.43721118672886,-0.5362312004629374,3.0326400000000002,2.916,0.6760901982543714,,-6.663499157371475,23.035555,58.305282,6.232515958790011,42.64095732033755,310.6362364148288,2.2308495326842652,0.0015801529313066464,0.824998187635106
2026-07-15T11:37:57+03:00,13.68,293.64,28.997394011570965,8.30088,273.99987678746226,262.7870927367521,-1.5865774304967626,3.1104000000000003,3.0132,0.664631042351755,,-6.050434316581493,23.035489,58.305281,5.780514329898719,44.11770247667681,318.11757926413907,2.23299115121196,0.002085158852000257,0.8270833464871062
2026-07-15T11:37:59+03:00,13.68,293.65,31.002746294528848,8.10648,270.9975779409768,260.5812052254984,-0.7150513283232673,3.09096,2.7993599999999996,0.6990085100596044,,-6.560366754247926,23.035434,58.30528,5.68458796833165,47.26719740396092,318.2647753449377,2.0974645859951075,0.0017379500568116782,0.8288212965439179
2026-07-15T11:38:01+03:00,13.68,293.64,33.00236899953541,7.698239999999999,261.99641097947153,258.7993064826415,-0.8177253652107109,3.26592,2.95488,0.7677634454753031,,-8.03859786568545,23.035387,58.305278,5.268664840438405,52.73493230113445,314.731343280606,1.9775253390946612,0.0014891292307038992,0.8303104257746218
2026-07-15T11:38:03+03:00,13.68,293.64,33.99931556306306,7.698239999999999,262.9990871209505,259.27486145260013,-0.019194086136882577,3.14928,3.1687199999999995,0.8250592249883855,,-8.846468356819912,23.035328,58.305276,5.383522054809897,53.092997934843666,316.09208505579414,1.8911991682454863,0.0018671053700741785,0.832177531144696
2026-07-15T11:38:05+03:00,13.68,293.65,33.99931556306306,8.10648,260.9994644159439,260.0082474303676,0.5581754840164481,3.18816,3.14928,0.8594366926962348,,-9.579854334587363,23.035273,58.305273,5.746867889589604,52.07150605736132,313.07097047330524,1.9596903650078876,0.0017462459517812961,0.8339237770964772
2026-07-15T11:38:07+03:00,13.68,293.64,33.99931556306306,8.80632,269.9949017994978,261.79587575117574,0.52196455136418,3.3047999999999997,3.34368,0.8193296470370772,,-9.264727547265412,23.035217,58.305273,6.34172025155163,50.94120717480473,320.93610897430256,2.08241235073383,0.0017684908833375998,0.8356922679798149
2026-07-15T11:38:09+03:00,13.68,293.64,33.99931556306306,8.90352,269.9949017994978,262.13392085030296,0.45578792602656987,3.2464799999999996,3.34368,0.8193296470370772,,-8.961059915846075,23.035159,58.305275,6.471868925282764,50.28952266225278,320.28442446175063,2.074203674697127,0.0018355919871402917,0.8375278599669552
2026-07-15T11:38:11+03:00,13.68,293.63,33.99931556306306,9.195120000000001,267.99527909449125,262.50634341713794,0.14318215300319273,3.42144,3.28536,0.7792226013779195,,-8.81209088911206,23.035106,58.305274,6.640188619303866,50.74511203064165,318.7403911251329,2.164989346634078,0.001674829175735746,0.8392026891426909
2026-07-15T11:38:13+03:00,13.68,293.63,33.00236899953541,9.50616,271.99452450450445,262.9818983870966,-0.23966824570322337,3.28536,3.2076,0.7620338675239948,,-8.938141604040842,23.035048,58.305275,6.984036740052523,47.8482512146534,319.8427757191579,2.2047935582140785,0.0018326371805743656,0.8410353263232653
2026-07-15T11:38:15+03:00,13.68,293.64,35.00199170454199,9.70056,266.99833253096364,264.0877069316991,0.684168903165716,3.28536,3.26592,0.7448451336700701,,-8.766254265501596,23.034988,58.305271,7.2583227958250776,50.05026629828501,317.04859882924865,2.1095799289348687,0.001910004772564875,0.8429453310958301
2026-07-15T11:38:17+03:00,13.68,293.65,35.00199170454199,9.408959999999999,265.9956563894847,264.76952670790473,0.8058651388515028,3.28536,3.3047999999999997,0.7677634454753031,,-8.645933128524124,23.034927,58.305267,6.9771332846398035,50.67199541045815,316.66765179994286,2.0821265622325944,0.00194133804880278,0.844886669144633
2026-07-15T11:38:19+03:00,13.61,293.64,33.99931556306306,9.29232,265.9956563894847,265.9383606099716,0.1678766339733312,3.28536,3.2464799999999996,0.7964113352318443,,-9.488181087366433,23.034866,58.305263,6.820678362982128,49.624625938243724,315.62028232772843,2.128231663811671,0.0019413382648249952,0.846828007409458
2026-07-15T11:38:21+03:00,13.53,293.64,33.00236899953541,9.29232,266.99833253096364,266.390997268125,-0.17246029633437782,3.42144,3.28536,0.6703606203030631,,-8.829279622965984,23.034799,58.305262,6.687824340342857,49.18207303947938,316.180405570443,2.236449656809024,0.0021167272467600656,0.848944734656218
2026-07-15T11:38:23+03:00,13.53,293.65,33.00236899953541,9.60336,270.9975779409768,266.14462541621873,0.32836211238947477,3.5575200000000002,3.46032,0.790681757280536,,-11.24716151841806,23.034734,58.305262,6.897614395690884,49.317574530090184,320.315152471067,2.3190257205117017,0.002052713270692043,0.85099744792691
2026-07-15T11:38:25+03:00,13.53,293.65,33.00236899953541,9.992159999999998,270.9975779409768,266.1331662603161,-0.34600921247950417,3.6741599999999996,3.53808,0.590146528984748,,-10.679933301238545,23.034671,58.305264,7.1947540701807275,49.152170325480654,320.14974826645744,2.4030928154260893,0.001993181406393904,0.8529906293333039
2026-07-15T11:38:27+03:00,13.53,293.65,33.00236899953541,9.70056,271.99452450450445,266.2821352870501,0.6394781951455119,3.47976,3.61584,0.7792226013779195,,-9.482451509415124,23.034603,58.305264,7.042117806620922,48.61562105892233,320.6101455634268,2.300494847104782,0.002147453761763268,0.8551380830950672
2026-07-15T11:38:29+03:00,13.53,293.65,31.002746294528848,9.60336,273.99987678746226,267.2447043828699,0.4905091684114977,3.81024,3.81024,0.813600069085769,,-8.027138709782834,23.034542,58.305267,6.634369527970553,48.209425021592665,322.2093018090549,2.539181398947645,0.0019348135804886082,0.8570728966755559
2026-07-15T11:38:31+03:00,13.38,293.65,26.997771306564392,9.50616,275.99949949246883,267.31918889623694,-0.7937184335947295,3.8491199999999997,3.81024,0.641712730546522,,-7.643256987045181,23.034467,58.305268,6.322738984778524,43.04064495501379,319.0401444474826,2.81320524120987,0.0023692775223519537,0.8594421741979078
2026-07-15T11:38:33+03:00,13.38,293.65,24.99814860155782,9.00072,276.9964460559965,266.97541421915844,-0.18483618470920357,3.86856,3.81024,0.5729577951308232,,-8.857927512722528,23.034399,58.30527,5.732609203636984,41.56760383268846,318.56404988868496,2.894353564352783,0.002150815683797441,0.8615929898817053
2026-07-15T11:38:35+03:00,13.38,293.65,22.998525896551243,8.80632,270.9975779409768,267.1415719797463,0.43556251585845185,3.888,3.7519199999999997,0.4640958140559668,,-7.8208739035357375,23.034329,58.30527,5.4436061092848815,39.20239346342572,310.1999714044025,3.0128815174014716,0.0022106137916718723,0.8638036036733772
2026-07-15T11:38:37+03:00,13.23,293.63,24.001202038030186,8.90352,273.99987678746226,267.2733522726264,-1.1769126069782239,3.96576,3.7908,0.8078704911344607,,-6.669228735322783,23.034258,58.305268,5.521536194030186,40.98769276900461,314.98756955646684,2.9935558610080837,0.0022454144199843535,0.8660490180933615
2026-07-15T11:38:39+03:00,12.93,293.65,26.00082474303676,8.90352,273.99987678746226,265.760743693481,0.10817443172069942,3.96576,3.4992,0.6760901982543714,,-9.465262775561202,23.034189,58.305272,5.6150624847738735,44.03705336412156,318.0369301515838,2.850946840903625,0.0021922578333175295,0.8682412759266791
2026-07-15T11:38:41+03:00,12.78,293.64,26.997771306564392,8.49528,272.99720064598336,266.4081860019789,0.16157409822689217,3.888,3.6935999999999996,0.6818197762056798,,-8.926682448138227,23.034122,58.305275,5.331594029890531,46.32979001994025,319.32699066592363,2.6846889709102086,0.00212354301898507,0.8703648189456642
2026-07-15T11:38:43+03:00,12.93,293.63,26.997771306564392,8.30088,273.99987678746226,266.15035499417,0.4423807136205086,3.73248,3.6935999999999996,0.5557690612768985,,-8.405290854569177,23.034056,58.305277,5.255763065680856,45.805014489782536,319.8048912772448,2.6019206040713985,0.0020877565953652246,0.8724525755410294
2026-07-15T11:38:45+03:00,12.93,293.64,28.000447448043335,8.203679999999999,268.99795523597015,267.21605649311334,0.292323067075746,3.9851999999999994,3.71304,0.7276563998161455,,-8.703228908037206,23.03399,58.30528,5.044747115621364,49.76997678608694,318.7679320220571,2.5738726289584566,0.0020920783148451944,0.8745446538558745
2026-07-15T11:38:47+03:00,12.93,293.65,26.997771306564392,8.00928,270.9975779409768,266.23056908548836,-0.8673435102690402,3.8296799999999998,3.6935999999999996,0.492743703812508,,-6.377020259806062,23.033927,58.305278,4.914700617071951,47.713756301570015,318.7113342425468,2.5767424136246024,0.00199318050827343,0.876537834364148
2026-07-15T11:38:49+03:00,12.93,293.64,28.997394011570965,8.203679999999999,271.99452450450445,265.94409018792294,0.1834610860008896,3.7908,3.44088,0.37242256683503505,,-7.723471078363497,23.033868,58.305278,5.222108681912662,49.60102974905493,321.5955542535594,2.456841036798775,0.001863231203126678,0.8784010655672747
2026-07-15T11:38:51+03:00,12.78,293.64,30.0000701530499,8.49528,272.99720064598336,265.8466873627507,-0.7282293576112764,3.5964,3.8491199999999997,0.7620338675239948,,-9.247538813411486,23.033801,58.305276,5.673231906620744,48.47942078764174,321.4766214336251,2.3840140414965645,0.0021192851104896914,0.8805203506777644
2026-07-15T11:38:53+03:00,12.78,293.64,35.00199170454199,8.70912,272.99720064598336,265.8581465186533,0.5736453444849802,3.53808,3.5964,0.7734930234266114,,-10.393454403673134,23.033746,58.305276,6.1551623313985875,54.253575435339584,327.25077608132295,2.066942867804945,0.0017369105416852758,0.8822572612194496
2026-07-15T11:38:55+03:00,12.78,293.64,28.997394011570965,9.097919999999998,271.99452450450445,268.5682368896221,-0.09665798003856987,3.6935999999999996,3.7908,0.7964113352318443,,-9.49391066531774,23.033679,58.305277,6.13447396686657,45.96808896892301,317.9626134734275,2.5672695561478616,0.0021167264097437725,0.8843739876291934
2026-07-15T11:38:57+03:00,12.78,293.65,24.99814860155782,9.29232,274.9968233509899,269.24432708787646,0.6651467043673727,3.71304,3.7713599999999996,0.5672282171795151,,-9.064192318969624,23.03362,58.30528,6.131288780165297,39.82596825484015,314.82279160583005,2.851589942080368,0.001871936659267502,0.8862459242884609
2026-07-15T11:38:59+03:00,12.78,293.66,26.00082474303676,9.29232,272.99720064598336,271.9028512572835,0.37505817269263686,3.7713599999999996,3.6547199999999997,0.6474423084978302,,-7.4885583823598605,23.033557,58.305281,6.129837104237297,41.64808641526281,314.64528706124617,2.8181133707805492,0.001990459592731288,0.8882363838811922
2026-07-15T11:39:01+03:00,12.86,293.65,30.0000701530499,8.90352,279.998744902482,270.84287933629145,-0.5871671484500677,3.6741599999999996,3.92688,0.492743703812508,,-6.955707632888194,23.03349,58.305288,6.009297503469283,47.80076975508922,327.7995146575712,2.4679723530473945,0.0021573014790559,0.8903936853602481
2026-07-15T11:39:03+03:00,12.93,293.65,26.997771306564392,8.49528,279.998744902482,269.6167496547115,0.525516889693991,3.6352800000000003,3.46032,0.5729577951308232,,-6.927059743131653,23.033422,58.305292,5.509132383378407,44.42830462512546,324.42704952760744,2.596051428053569,0.0021608697051247283,0.8925545550653728
2026-07-15T11:39:05+03:00,12.93,293.65,28.997394011570965,8.59248,277.99912219747546,268.2416509463975,-0.9644025607642016,3.8296799999999998,3.7519199999999997,0.37242256683503505,,-7.969842930269751,23.033359,58.305296,5.561874959051397,48.496534463886036,326.4956566613615,2.537796228404581,0.0020040260559060744,0.894558581121279
2026-07-15T11:39:07+03:00,13.05,293.64,31.002746294528848,8.80632,269.9949017994978,267.53118328043524,0.478133280036672,3.7519199999999997,3.5964,0.7849521793292279,,-10.11270508405903,23.033295,58.305295,5.914993596590209,50.07244779748672,320.0673495969845,2.4080515509533877,0.002022024746251414,0.8965806058675304
2026-07-15T11:39:09+03:00,13.08,293.65,31.999692858056477,9.195120000000001,267.99527909449125,268.4421861746933,0.9775805900522107,3.6547199999999997,3.73248,0.8021409131831525,,-9.72309378337007,23.033235,58.305294,6.395991532211262,49.62539497445894,317.62067406895017,2.3674629417005884,0.0018957636465379436,0.8984763695140684
2026-07-15T11:39:11+03:00,13.08,293.65,31.999692858056477,9.195120000000001,268.99795523597015,268.67709887069697,0.6915027629433905,3.6741599999999996,3.71304,0.7677634454753031,,-9.413696573999426,23.033171,58.305294,6.383415824137297,49.75832455978971,318.75627979575984,2.373555425480129,0.0020211312385223896,0.9004975007525908
2026-07-15T11:39:13+03:00,13.23,293.65,30.0000701530499,9.195120000000001,269.9949017994978,269.8745806625204,-0.19480565034447989,3.73248,3.61584,0.716197243913529,,-8.58863734901104,23.033105,58.305297,6.2479320776461496,47.37948067391332,317.3743824734112,2.527409807327689,0.002092077317055346,0.9025895780696461
2026-07-15T11:39:15+03:00,13.23,293.65,30.0000701530499,8.80632,274.9968233509899,269.15838341860683,0.6938518899034268,3.6352800000000003,3.6935999999999996,0.6990085100596044,,-8.141730268808997,23.033037,58.305303,5.942867068831174,47.809561282961596,322.80638463395155,2.441442987880025,0.0021775247476242465,0.9047671028172704
2026-07-15T11:39:17+03:00,13.23,293.63,28.997394011570965,8.90352,275.99949949246883,268.8317974753823,0.7918849686503108,3.47976,3.6352800000000003,0.27501974166279514,,-8.130271112906382,23.032975,58.305307,6.097942192623469,45.05665659302136,321.0561560854902,2.4581275782252727,0.0019726770168370725,0.9067397798341075
2026-07-15T11:39:19+03:00,13.38,293.64,30.0000701530499,9.195120000000001,270.9975779409768,268.585425623476,-0.18311731132381112,3.71304,3.6547199999999997,0.5958761069360561,,-8.468316212033567,23.032914,58.305308,6.261112012033929,47.24857459197398,318.24615253295076,2.520482151165947,0.001927327496653948,0.9086671073307614
2026-07-15T11:39:21+03:00,13.38,293.64,31.002746294528848,9.29232,274.9968233509899,268.0583044519556,-0.3972889351437129,3.6741599999999996,3.47976,0.6359831525952138,,-7.8667105271462034,23.032851,58.30531,6.4279424625156265,48.12521311073476,323.1220364617247,2.452520006149006,0.0019931788243432503,0.9106602861551046
2026-07-15T11:39:23+03:00,13.38,293.63,31.002746294528848,9.50616,276.9964460559965,267.90360584727034,-0.1559591118346101,3.5575200000000002,3.4992,0.7333859777674538,,-10.422102293429676,23.032781,58.30531,6.711834422414409,46.84626214470785,323.84270820070435,2.4331953103771276,0.0022106112923422185,0.9128708974474469
2026-07-15T11:39:25+03:00,13.38,293.65,33.00236899953541,9.29232,270.9975779409768,267.6400452615101,1.3494301990921147,3.6352800000000003,3.36312,0.6531718864491385,,-10.542423430407146,23.032719,58.30531,6.550045736217231,50.5978249432583,321.5954028842351,2.3075297772592482,0.0019579700017945813,0.9148288674492414
2026-07-15T11:39:27+03:00,13.53,293.65,35.99893826806962,9.29232,272.99720064598336,269.8058257271046,0.35128042419470773,3.71304,3.57696,0.739115555718762,,-10.27313326669566,23.032657,58.305309,6.656312323236719,55.138567659300506,328.1357683052839,2.1223501711070627,0.0019588924354066646,0.9167877598846481
2026-07-15T11:39:29+03:00,13.53,293.64,37.001614409548566,9.408959999999999,270.9975779409768,271.19238359132123,-0.14444266015248053,3.4992,3.71304,0.6818197762056798,,-9.448074041707274,23.032585,58.305313,6.941596464894523,54.6624139545668,325.6599918955436,2.0239123883291583,0.0022864479146250554,0.9190742077992732
2026-07-15T11:39:31+03:00,13.53,293.66,35.99893826806962,9.195120000000001,277.99912219747546,272.64769639095357,0.2995423352943944,3.73248,3.4992,0.664631042351755,,-9.115758520531397,23.032509,58.305323,6.553548000222128,55.5566507761678,333.55577297364323,2.1110575120413184,0.0024742138164845777,0.9215484216157578
2026-07-15T11:39:33+03:00,13.68,293.66,35.99893826806962,9.408959999999999,276.9964460559965,271.8627442116244,0.12880091234540905,3.73248,3.6352800000000003,0.7620338675239948,,-9.826226186493619,23.032445,58.305329,6.7554297378294645,54.949501701257404,331.9459477572539,2.1435564806684417,0.0020530537855282627,0.923601475401286
2026-07-15T11:39:35+03:00,13.72,293.66,35.99893826806962,9.195120000000001,278.9960687610031,271.04341456458724,0.3134079139365603,3.53808,3.73248,0.7964113352318443,,-11.144029115294511,23.032379,58.305335,6.665427211458867,54.17842200797641,333.17449076897947,2.070707618657044,0.0021152607052466912,0.9257167361065327
2026-07-15T11:39:37+03:00,13.83,293.65,35.99893826806962,8.90352,272.99720064598336,273.05449642549644,-0.047039834980240586,3.71304,3.86856,0.836518380891002,,-11.447696746713847,23.032318,58.305337,6.290296092383814,56.29977848500508,329.29697913098846,2.0601714957680795,0.0019301357759099558,0.9276468718824427
2026-07-15T11:39:39+03:00,13.95,293.65,35.00199170454199,8.70912,279.998744902482,273.5930767529194,0.6175339115920013,3.888,3.8491199999999997,0.6703606203030631,,-9.746012095175303,23.032257,58.305341,5.957512467997273,56.985940277768805,336.9846851802508,2.1183566550337445,0.0019413342665736482,0.9295882061490163
2026-07-15T11:39:41+03:00,13.98,293.65,31.999692858056477,8.59248,278.9960687610031,274.0743613008293,0.5404137923673924,3.9463199999999996,3.8491199999999997,0.7219268218648373,,-9.780389562883153,23.032192,58.305347,5.6472635628366845,53.73415554981668,332.7302243108197,2.3343770807301714,0.0020841492250885975,0.9316723553741049
2026-07-15T11:39:43+03:00,14.13,293.66,33.99931556306306,8.59248,278.9960687610031,275.6901022830982,-0.9304261635129439,3.81024,4.00464,0.5844169510334397,,-9.173054300044479,23.032121,58.305349,5.836420168278717,55.41035764425534,334.4064264052584,2.1630539426667,0.002245409420411736,0.9339177647945166
2026-07-15T11:39:45+03:00,14.13,293.66,33.00236899953541,8.90352,283.9979903124951,275.44373043119197,0.28218171410193044,4.00464,3.7908,0.246371851906254,,-8.30215845144563,23.032053,58.305353,5.958620607990452,54.47529832983429,338.4732886423294,2.326911640728171,0.002160866025365506,0.9360786308198821
2026-07-15T11:39:47+03:00,14.13,293.65,31.002746294528848,9.00072,280.99569146600965,276.06252484993325,0.5295275942599068,3.7519199999999997,3.6935999999999996,0.5844169510334397,,-7.637527409093874,23.031987,58.305357,6.099055995845259,49.47577341577059,330.4714648817802,2.437883240603262,0.002098109494636146,0.9381767403145183
2026-07-15T11:39:49+03:00,14.13,293.66,28.997394011570965,9.00072,283.9979903124951,275.55832199021813,0.026986312150661777,3.71304,3.8491199999999997,0.6073352628386726,,-6.778090716397639,23.03191,58.305368,6.028143422681728,46.37059245298974,330.36858276548486,2.5619647034408186,0.002519956083729774,0.940696696398248
2026-07-15T11:39:51+03:00,14.13,293.65,30.0000701530499,9.50616,280.99569146600965,275.31767971626317,-0.26241467016991704,3.61584,3.6547199999999997,0.6187944187412892,,-8.19902604832208,23.031849,58.305376,6.626165056078594,45.83377183159433,326.829463297604,2.519309088065596,0.0019854956094421746,0.9426821920076902
2026-07-15T11:39:53+03:00,14.1,293.65,26.997771306564392,9.29232,280.99569146600965,275.816152998027,-1.572826443413623,3.7908,3.6935999999999996,0.5099324376664327,,-9.78611914083446,23.031791,58.305382,6.159881478042383,43.220085865047395,324.21577733105704,2.7624643948251815,0.0018668133362628775,0.9445490053439531
2026-07-15T11:39:55+03:00,13.98,293.64,28.000447448043335,8.49528,279.998744902482,272.8654203531033,-0.8638484677187421,3.7519199999999997,3.5964,0.6130648407899808,,-7.8896288389514355,23.031731,58.305387,5.473706566622768,46.77233934207473,326.77108424455673,2.5696860684904808,0.0019184921261704321,0.9464674974701236
2026-07-15T11:39:57+03:00,13.98,293.63,28.997394011570965,8.00928,277.99912219747546,273.1805471404252,0.8157200129277531,3.5964,3.57696,0.7333859777674538,,-9.230350079557562,23.031659,58.305393,5.166748651172919,48.717887709452214,326.7170099069277,2.37278636811921,0.0023021902025578155,0.9487696876726814
2026-07-15T11:39:59+03:00,13.98,293.64,31.002746294528848,7.795439999999999,280.99569146600965,274.25770779527113,0.8879126951142368,3.51864,3.34368,0.37242256683503505,,-10.393454403673134,23.031601,58.3054,5.111554354694005,51.76953128074143,332.7652227467511,2.1774266571739624,0.0018793501273537253,0.9506490378000352
2026-07-15T11:40:01+03:00,13.98,293.64,28.997394011570965,8.00928,281.99836760748855,275.816152998027,0.4027893299769687,3.5575200000000002,3.5575200000000002,0.7104676659622208,,-10.593989631968922,23.031543,58.305405,5.192482596176631,48.3954930311223,330.3938606386108,2.36214003629646,0.001856137188141638,0.9525051749881768
2026-07-15T11:40:03+03:00,13.98,293.65,28.000447448043335,8.80632,279.998744902482,277.5235672275168,1.0093797476819713,3.38256,3.5575200000000002,0.7276563998161455,,-12.037843275698597,23.031489,58.30541,6.032485649625357,43.26331489758684,323.2620598000688,2.4632198402088026,0.0017316042919192519,0.954236779280096
2026-07-15T11:40:05+03:00,13.98,293.65,28.000447448043335,8.90352,280.99569146600965,277.6324292085917,0.29564622228750476,3.6741599999999996,3.38256,0.6990085100596044,,-11.304457297931144,23.031429,58.305411,5.9164775514077315,44.951120685012796,325.9468121510224,2.6002388922415083,0.001895757437114026,0.95613253671721
2026-07-15T11:40:07+03:00,13.95,293.65,31.002746294528848,9.00072,284.9949368760228,278.51478421309315,0.7327557241928099,3.8296799999999998,3.46032,0.739115555718762,,-11.791471423792343,23.03137,58.305418,6.048818719874125,50.035664867412294,335.0306017434351,2.459844234736764,0.0019101407458823295,0.9580426774630924
2026-07-15T11:40:09+03:00,13.83,293.64,33.00236899953541,9.195120000000001,282.99531417101616,279.3914096396433,0.901319907520298,3.36312,3.44088,0.716197243913529,,-11.613854507301786,23.03131,58.305425,6.632617412520868,49.034776682201056,332.0300908532172,2.20486424287879,0.0019409572460685456,0.9599836347091609
2026-07-15T11:40:11+03:00,13.83,293.64,31.002746294528848,9.097919999999998,280.99569146600965,281.1274717588897,0.503171535683889,3.7908,3.5575200000000002,0.7448451336700701,,-10.605448787871538,23.031249,58.305432,6.165984651143934,49.46420726944561,330.4598987354552,2.4637279110499155,0.001971797885105696,0.9619554325942666
2026-07-15T11:40:13+03:00,13.83,293.65,28.000447448043335,8.90352,288.9999118639872,282.39370848612884,1.3702285670553636,3.3242399999999996,3.53808,0.6875493541569879,,-9.459533197609892,23.031197,58.305439,6.1690748832340025,42.65443347081464,331.65434533480186,2.4448245862464106,0.0016952084902911346,0.9636506410845578
2026-07-15T11:40:15+03:00,13.83,293.65,24.99814860155782,8.70912,287.9972357225083,283.6828635251732,0.40531034427554435,3.5575200000000002,3.47976,0.6016056848873644,,-8.731876797793747,23.031129,58.30545,5.687164796642177,40.32613423012671,328.32336995263506,2.712158017475408,0.002246925911034229,0.965897566995592
2026-07-15T11:40:17+03:00,13.83,293.64,24.99814860155782,8.39808,289.9968584275149,285.0579622334872,0.7532103174789803,3.7519199999999997,3.47976,0.5213915935690492,,-9.20743176775233,23.03107,58.305459,5.243112042838635,42.599992271319906,332.5968506988348,2.761777725673122,0.001940165926163859,0.9678377329217559
2026-07-15T11:40:19+03:00,13.83,293.64,24.99814860155782,8.39808,290.9995345689938,286.1924186678462,0.517151705885081,3.51864,3.51864,0.6703606203030631,,-10.04967972659464,23.031017,58.305472,5.417130584511137,40.92966571940855,331.92920028840234,2.6583830699507875,0.001847158908533842,0.9696848918302897
2026-07-15T11:40:21+03:00,13.83,293.64,22.001579333023614,8.49528,289.9968584275149,288.2779850421224,1.0326418341642827,3.34368,3.6547199999999997,0.6818197762056798,,-10.56534174221238,23.030967,58.305486,5.5386213920978555,35.07305515046278,325.0699135779777,2.736534713696534,0.0017892396195114844,0.9714741314498012
2026-07-15T11:40:23+03:00,13.83,293.65,20.00195662801704,9.00072,292.99915727400037,290.15728661015146,1.0049106768799507,3.61584,3.51864,0.6760901982543714,,-8.193296470370772,23.030912,58.305503,5.737867192388667,32.44984395755,325.44900123155037,3.051268051459803,0.0020151823552456713,0.9734893138050469
2026-07-15T11:40:25+03:00,13.83,293.65,18.999280486538098,8.80632,296.9984026840135,291.05110077055554,-0.6699022540669585,3.51864,3.402,0.5844169510334397,,-8.411020432520486,23.030858,58.305519,5.597826243045652,30.807457313655362,327.8058599976689,3.0221361271710947,0.001957811274910148,0.975447125079957
2026-07-15T11:40:27+03:00,13.83,293.65,16.99965778153153,8.49528,295.9957265425346,290.26041901327505,-0.9315720791032054,3.42144,3.42144,0.6589014644004466,,-7.775037279925271,23.030808,58.305533,5.318256358308379,27.841017951581307,323.8367444941159,3.025397587485623,0.0017892377682453098,0.9772363628482024
2026-07-15T11:40:29+03:00,13.83,293.65,18.002333923010465,8.30088,295.9957265425346,290.3406331045934,0.4033622877720996,3.28536,3.18816,0.5844169510334397,,-8.30215845144563,23.030754,58.305546,5.275001429377838,29.100183270963925,325.09590981349857,2.8706511998456254,0.0018758184169732157,0.9791121812651756
2026-07-15T11:40:31+03:00,13.83,293.65,18.999280486538098,8.59248,297.9953492475411,290.7130556714284,0.4647833634101238,3.18816,3.1687199999999995,0.6474423084978302,,-9.27045712521672,23.030694,58.305562,5.673746632754923,29.540028991360032,327.53537823890116,2.77373572961429,0.0021248920485426987,0.9812370733137183
2026-07-15T11:40:33+03:00,13.83,293.65,20.00195662801704,8.59248,296.9984026840135,291.37195713582884,-0.25072633114924825,3.18816,3.1687199999999995,0.6073352628386726,,-8.708958485988513,23.03065,58.305576,5.701882106217708,31.028029007779907,328.0264316917934,2.7319828989116584,0.0016244670049527774,0.9828615403186711
2026-07-15T11:40:35+03:00,13.83,293.65,20.99890319154467,8.49528,295.9957265425346,291.37195713582884,0.1950348334625322,2.916,3.14928,0.7563042895726866,,-8.451127478179641,23.030602,58.305585,5.8667493729391085,31.258814463561208,327.2545410060958,2.4926902628930607,0.001609474196063109,0.9844710145147342
2026-07-15T11:40:37+03:00,13.83,293.66,20.00195662801704,9.00072,299.99497195254776,291.635517721589,-0.1410049133816956,3.1687199999999995,3.0132,0.641712730546522,,-9.247538813411486,23.030553,58.3056,6.119878677202337,30.20319922300689,330.19817117555465,2.7385558459834773,0.0017909231794055564,0.9862619376941397
2026-07-15T11:40:39+03:00,13.83,293.66,20.00195662801704,8.80632,296.9984026840135,291.91053746325184,0.3328884789710083,3.07152,3.0132,0.6130648407899808,,-8.806361311160753,23.030506,58.305616,6.012573987275476,30.065321110868382,327.06372379488187,2.658261748394988,0.0017685941199111334,0.9880305318140509
2026-07-15T11:40:41+03:00,13.83,293.66,18.999280486538098,8.70912,298.9980253890201,292.44338821272345,-0.2914063346035367,3.05208,2.916,0.5557690612768985,,-8.13600069085769,23.03046,58.305629,5.907471386171092,28.68233353614727,327.68035892516735,2.677572061002751,0.001649499897494191,0.9896800317115451
2026-07-15T11:40:43+03:00,13.83,293.66,18.999280486538098,8.59248,301.99459465755433,292.72986711028886,0.27496244588328206,2.7021599999999997,2.95488,0.664631042351755,,-8.113082379052457,23.030423,58.305635,6.101279139998171,27.289293918725406,329.28388857627976,2.4014174788790252,0.0012228465237457118,0.9909028782352908
2026-07-15T11:40:45+03:00,13.83,293.66,20.00195662801704,8.59248,302.99727079903323,293.40022773059195,-0.005557690612768985,2.99376,2.8771199999999997,0.590146528984748,,-7.597420363434716,23.030385,58.305648,5.869321873553713,30.049790413809717,333.04706121284295,2.5913704353554197,0.0014320161230566642,0.9923348943583474
2026-07-15T11:40:47+03:00,13.98,293.65,20.00195662801704,8.30088,295.9957265425346,293.17677419049096,-1.0847236977416745,2.89656,2.7215999999999996,0.641712730546522,,-6.348372370049521,23.030337,58.305659,5.666330138272751,30.07206028954178,326.0677868320764,2.506671073842619,0.0016537579048867277,0.9939886522632342
2026-07-15T11:40:49+03:00,13.98,293.66,20.00195662801704,8.30088,296.9984026840135,291.5954106759298,-1.0378557500999732,2.99376,2.7215999999999996,0.5614986392282068,,-7.511476694165093,23.030291,58.305668,5.582426138863622,30.57196371589336,327.5703663999069,2.577600448717307,0.0015501311281486468,0.9955387833913828
2026-07-15T11:40:51+03:00,13.98,293.66,18.999280486538098,8.30088,295.9957265425346,291.29747262246184,-0.24132982330910271,2.97432,2.64384,0.49847328176381617,,-8.124541534955073,23.030247,58.305677,5.5733540091577,29.00456041518254,325.00028695771715,2.601284105851003,0.0014911049373312036,0.997029888328714
2026-07-15T11:40:53+03:00,13.98,293.66,18.999280486538098,8.49528,296.9984026840135,291.04537119260425,-0.29541703916945244,2.64384,2.60496,0.6302535746439055,,-8.095893645198533,23.03021,58.305685,6.056937308405378,27.168929828625068,324.1673325126386,2.3521295767174224,0.0012635315943863384,0.9982934199231003
2026-07-15T11:40:55+03:00,13.98,293.66,18.999280486538098,8.49528,291.99648113252147,290.86202469816243,-0.30280819472664006,2.5272,2.56608,0.664631042351755,,-8.16464858061423,23.030173,58.305693,6.1609379427712625,26.67361718319674,318.6700983157182,2.2582508022475705,0.0012635313504359257,0.9995569512735362
2026-07-15T11:40:57+03:00,13.98,293.66,20.00195662801704,8.203679999999999,295.9957265425346,291.23444726499747,0.2555964724078602,2.50776,2.41056,0.38961130068895977,,-8.30215845144563,23.030134,58.305703,5.9097695260552685,28.34774434456631,324.3434708871009,2.2070344163760285,0.001370461166156918,1.0009274124396932
2026-07-15T11:40:59+03:00,13.98,293.66,18.999280486538098,8.00928,297.9953492475411,292.0136698663753,-0.017818987428568602,2.41056,2.54664,0.7104676659622208,,-8.62301481671889,23.030101,58.305714,5.783531546408665,26.797857134605806,324.79320638214693,2.1516723179240334,0.0012341830719639578,1.0021615955116572
2026-07-15T11:41:01+03:00,13.98,293.67,18.002333923010465,8.00928,294.99877997900694,292.6840304866784,0.2806347280550772,2.48832,2.29392,0.6990085100596044,,-9.27045712521672,23.030061,58.305724,5.694941110095111,25.76311166440982,320.7618916434168,2.2409779974109685,0.0013989093629129215,1.0035605048745702
2026-07-15T11:41:03+03:00,13.83,293.65,18.999280486538098,8.00928,298.9980253890201,293.05072347556217,-0.18621128341751753,2.39112,2.48832,0.6875493541569879,,-7.895358416902745,23.030026,58.305734,5.800890363481627,26.711290437632897,325.709315826653,2.1359464411591533,0.001258159525478675,1.0048186644000487
2026-07-15T11:41:05+03:00,13.83,293.66,20.00195662801704,7.60104,295.9957265425346,293.1710446125396,-0.06606203377858393,2.1384000000000003,2.37168,0.8250592249883855,,-8.548530303351884,23.029991,58.305742,5.639263734977672,27.454541225675342,323.45026776821,1.8975667795266193,0.0012053626083674868,1.0060240270084162
2026-07-15T11:41:07+03:00,13.83,293.67,22.998525896551243,7.795439999999999,299.99497195254776,292.23139382852503,-0.5158911987357933,2.39112,2.41056,0.813600069085769,,-8.51988241359534,23.029954,58.305751,5.671847348369755,32.479102651307215,332.474074603855,2.0171186026866335,0.0012876051310842,1.0073116321395004
2026-07-15T11:41:09+03:00,13.83,293.67,24.001202038030186,7.60104,295.9957265425346,291.79021632627433,-0.704967271128965,2.31336,2.37168,0.8193296470370772,,-8.674581018280664,23.029918,58.305757,5.5677897931394895,33.731052622390706,329.72677916492535,1.923913456449971,0.0011927039242059603,1.0085043360637063
2026-07-15T11:41:11+03:00,13.83,293.66,26.997771306564392,7.40664,292.99915727400037,290.9422387894807,-0.8325649721045992,2.4299999999999997,2.41056,0.8537071147449266,,-8.938141604040842,23.029875,58.305765,5.35627376733496,38.88275813973354,331.8819154137339,1.891589965260652,0.0014405557516614712,1.0099448918153677
2026-07-15T11:41:13+03:00,13.83,293.67,26.00082474303676,7.503839999999999,292.99915727400037,289.1832583584291,-1.4982846342671028,2.6827199999999998,2.48832,0.8537071147449266,,-9.373589528340268,23.029831,58.305774,5.2266763655222,39.00437309432226,332.00353036832263,2.0847361490607934,0.0014911013871851306,1.011435993202553
2026-07-15T11:41:15+03:00,13.83,293.66,26.00082474303676,7.60104,290.9995345689938,286.34711727253153,-1.0713164853356132,2.31336,2.56608,0.9339212060632418,,-10.3017811564522,23.029789,58.305781,5.614176780073397,36.40781630433227,327.4073508733261,1.8618218211692479,0.0013914870718105448,1.0128274802743635
2026-07-15T11:41:17+03:00,13.83,293.65,28.997394011570965,7.40664,283.9979903124951,284.2844692100606,-0.5852763877261359,2.48832,2.6244,0.9740282517223995,,-10.972141776755265,23.029745,58.305786,5.3675505717434495,41.984536447851724,325.98252676034684,1.8496314344484226,0.001421638953525717,1.0142491192278893
2026-07-15T11:41:19+03:00,13.83,293.66,31.002746294528848,7.698239999999999,284.9949368760228,283.3849254717052,-0.569348161021499,2.7799199999999997,2.6827199999999998,0.9912169855763242,,-11.76855311198711,23.029704,58.305791,5.5049348924820105,46.07923038155184,331.07416725757463,1.928327594730354,0.0013291916592958082,1.0155783108871852
2026-07-15T11:41:21+03:00,13.83,293.66,30.0000701530499,8.10648,286.9945595810294,283.9120466432255,0.49251452069445567,2.56608,2.6827199999999998,0.985487407625016,,-11.31591645383376,23.029668,58.3058,6.022449963120746,42.30082847854706,329.29538805957645,1.8979275880825264,0.00125901620672709,1.0168373270939124
2026-07-15T11:41:23+03:00,13.83,293.66,28.000447448043335,8.10648,285.99761301750175,284.7371058682139,1.0673057807696973,2.60496,2.76048,0.9281916281119336,,-10.496586806796682,23.029622,58.305809,5.933842065723058,39.89442354531528,325.892036562817,1.9985971538463323,0.0015501257029589366,1.0183874527968713
2026-07-15T11:41:25+03:00,13.83,293.67,26.997771306564392,7.698239999999999,287.9972357225083,285.81426652305987,0.7727481782929413,2.6827199999999998,2.76048,0.7333859777674538,,-8.966789493797384,23.029578,58.305816,5.445789795523028,39.92004161996121,327.91727734246956,2.057487237259862,0.001451814261774123,1.0198392670586454
2026-07-15T11:41:27+03:00,13.83,293.66,28.997394011570965,7.60104,290.9995345689938,286.9601821133215,0.4363073609921219,2.89656,2.74104,0.693278932108296,,-8.62301481671889,23.02953,58.305826,5.258528687738769,44.484778696925105,335.4843132659189,2.0665120016274083,0.0016306507173804935,1.0214699177760258
2026-07-15T11:41:29+03:00,13.83,293.66,26.00082474303676,7.795439999999999,294.99877997900694,287.73940471469945,-0.15418294266970453,2.8576799999999998,2.76048,0.664631042351755,,-8.514152835644033,23.029484,58.305837,5.37502179643348,39.478763790343976,334.4775437693509,2.2057297065100787,0.0015960588884372385,1.023065976664463
2026-07-15T11:41:31+03:00,13.83,293.66,22.998525896551243,7.892639999999999,293.99610383752804,288.2378779964633,-0.06864034385667263,2.56608,2.6244,0.6474423084978302,,-8.296428873494321,23.029434,58.305847,5.620666135872833,33.273650825317105,327.2697546628451,2.145396222551759,0.0016895221949661384,1.0247554988594292
2026-07-15T11:41:33+03:00,13.83,293.66,22.998525896551243,7.795439999999999,286.9945595810294,288.4899794263208,-0.6181641651666452,2.6244,2.6632800000000003,0.6818197762056798,,-7.6890936106556484,23.029381,58.305859,5.476488187502445,33.78980370987989,320.7843632909093,2.181095416243469,0.0018225287998047317,1.026578027659234
2026-07-15T11:41:35+03:00,13.91,293.67,20.99890319154467,7.60104,292.99915727400037,287.899832897336,-0.2905468979108405,2.6827199999999998,2.64384,0.7333859777674538,,-9.178783877995789,23.029332,58.30587,5.186364456159457,31.681119590378103,324.68027686437847,2.2829523851686058,0.0016827428525748361,1.0282607705118088
2026-07-15T11:41:37+03:00,13.91,293.66,20.00195662801704,7.40664,291.99648113252147,286.90861591175974,-0.49010809795490623,2.5855200000000003,2.56608,0.5614986392282068,,-7.6260682531912565,23.029294,58.305877,5.055039065135786,30.077748869605898,322.07423000212736,2.2373696995894052,0.001271651989105733,1.0295324225009146
2026-07-15T11:41:39+03:00,13.83,293.67,20.99890319154467,7.40664,290.9995345689938,285.96323554979386,-0.11132569959391896,2.39112,2.48832,0.5729577951308232,,-7.671904876801722,23.029248,58.305887,5.244787994039805,30.40164922887692,321.4011837978707,2.062338855008039,0.0015721088581028583,1.0311045313590175
2026-07-15T11:41:41+03:00,13.98,293.67,20.99890319154467,7.40664,286.9945595810294,285.6882158081311,-0.1416351669563395,2.60496,2.48832,0.6703606203030631,,-8.227673938078622,23.029201,58.305896,5.061508148142289,31.62673228119121,318.62129186222063,2.218077507445119,0.0015797549743152269,1.0326842863333328
2026-07-15T11:41:43+03:00,13.98,293.68,20.99890319154467,7.503839999999999,290.9995345689938,285.26422703973424,-0.5040309723765851,2.29392,2.50776,0.641712730546522,,-7.717741500412188,23.029161,58.305903,5.424907206077667,29.714401426021425,320.7139359950152,1.9922854680748912,0.0013314170303837076,1.0340157033637165
2026-07-15T11:41:45+03:00,13.98,293.67,20.99890319154467,7.795439999999999,287.9972357225083,285.03504392168196,-0.16266271803764074,2.2356,2.46888,0.664631042351755,,-8.233403516029929,23.029125,58.30591,5.764254856375406,28.98784410923909,316.9850798317474,1.9555297211935334,0.0012122292258959356,1.0352279325896125
2026-07-15T11:41:47+03:00,13.98,293.67,22.001579333023614,8.39808,286.9945595810294,285.59654256091017,0.5431639897840205,2.7215999999999996,2.48832,0.7792226013779195,,-8.531341569497958,23.02908,58.305916,5.962507870785874,31.84764326222313,318.84220284325255,2.3118746016500284,0.001466131902053977,1.0366940644916665
2026-07-15T11:41:49+03:00,13.98,293.68,24.99814860155782,8.90352,286.9945595810294,286.2096074017001,0.4485686578079215,2.41056,2.3522399999999997,0.7563042895726866,,-8.021409131831525,23.02904,58.305923,6.7955629539317846,33.61946080679368,320.6140203878231,2.007353415817078,0.001331416352397145,1.0380254808440637
2026-07-15T11:41:51+03:00,13.98,293.68,26.00082474303676,8.70912,287.9972357225083,286.3814947402394,0.1669599015011219,2.31336,2.3327999999999998,0.8021409131831525,,-9.677257159759604,23.029004,58.305929,6.707015708071534,34.69764021261159,322.6948759351199,1.9019693770642356,0.0011926986556273253,1.039218179499691
2026-07-15T11:41:53+03:00,13.98,293.67,26.00082474303676,8.39808,283.9979903124951,285.58508340500754,-0.050191102853460116,2.3522399999999997,2.39112,0.9224620501606254,,-10.198648753328653,23.028963,58.305935,6.367961690760456,35.31995015127134,319.3179404637665,1.9192780799289164,0.0013440532656815705,1.0405622327653727
2026-07-15T11:41:55+03:00,13.98,293.68,26.997771306564392,8.49528,285.99761301750175,286.00334259545303,0.45447012309776896,2.2356,2.46888,0.865166270647543,,-10.227296643085193,23.028926,58.305944,6.582016529572795,35.86743950414626,321.865052521648,1.8116737640871905,0.0012875993469115565,1.0418498321122842
2026-07-15T11:41:57+03:00,13.98,293.68,28.997394011570965,8.203679999999999,288.9999118639872,286.04344964111215,-0.08032868287734142,2.37168,2.39112,0.5042028597151245,,-9.453803619658585,23.028889,58.305951,6.236208003529037,39.62132397959118,328.6212358435784,1.8268480817049664,0.0012418926921709769,1.0430917248044551
2026-07-15T11:41:59+03:00,13.98,293.68,28.000447448043335,8.203679999999999,287.9972357225083,287.0174778928346,0.9731115192501901,2.3327999999999998,2.50776,0.7792226013779195,,-9.52828813302559,23.028849,58.305961,6.2407983185285145,38.107637169269225,326.1048728917775,1.8355701370633037,0.0013989017219036835,1.0444906265263587
2026-07-15T11:42:01+03:00,13.98,293.69,28.000447448043335,8.39808,290.9995345689938,288.25506673031714,0.49887435222040777,2.4299999999999997,2.29392,0.813600069085769,,-9.081381052823549,23.028809,58.305969,6.355752021316078,38.34085745474957,329.34039202374333,1.9059321264173463,0.0013516136514884413,1.045842240177847
2026-07-15T11:42:03+03:00,13.98,293.68,26.997771306564392,8.49528,292.99915727400037,288.1863117949014,0.0340336930307709,2.50776,2.31336,0.7505747116213785,,-8.124541534955073,23.02877,58.305978,6.363463228199799,37.303362631367804,330.3025199053682,1.9947673848137364,0.0013451744754408128,1.047187414653288
2026-07-15T11:42:05+03:00,13.98,293.69,28.997394011570965,8.39808,289.9968584275149,287.6649202013324,0.07786496435827887,2.29392,2.2744799999999996,0.7734930234266114,,-9.13867683233663,23.028729,58.305985,6.487734811979369,38.86685043393035,328.8637088614453,1.7860606514495065,0.001361412016525409,1.0485488266698135
2026-07-15T11:42:07+03:00,13.98,293.68,30.0000701530499,8.10648,287.9972357225083,286.66224405985344,-0.06170755453558966,2.4299999999999997,2.39112,0.7047380880109125,,-9.677257159759604,23.028693,58.305992,6.123782532013172,41.443902310615016,329.44113803312337,1.8215380260797902,0.001212226754857162,1.0497610534246706
2026-07-15T11:42:09+03:00,13.83,293.68,30.0000701530499,7.892639999999999,289.9968584275149,285.38454817671175,-0.39373659681390166,2.4299999999999997,2.4299999999999997,0.7849521793292279,,-9.740282517223996,23.028654,58.305999,5.914345921735525,41.85492521167578,331.85178363919067,1.8099531859448557,0.0013014908686184601,1.051062544293289
2026-07-15T11:42:11+03:00,13.83,293.69,30.0000701530499,7.698239999999999,292.99915727400037,284.6683509327982,-0.2856194608727154,2.8188,2.48832,0.716197243913529,,-9.087110630774855,23.028614,58.306006,5.442738729471315,45.00790129785719,338.00705857185756,1.9929177072973532,0.0013314135406622557,1.0523939578339514
2026-07-15T11:42:13+03:00,13.83,293.69,26.00082474303676,7.503839999999999,291.99648113252147,284.40479034703804,-0.08221944360127315,2.60496,2.5272,0.7047380880109125,,-9.465262775561202,23.028569,58.306015,5.2873300068780225,38.47402452351878,330.47050565604025,2.0393979110735665,0.0015205636501436329,1.053914521484095
2026-07-15T11:42:15+03:00,13.83,293.7,22.998525896551243,7.60104,288.9999118639872,284.4506269706485,-0.09843414920347542,2.4299999999999997,2.50776,0.590146528984748,,-9.253268391362795,23.028527,58.306023,5.447560726429448,33.03548168543895,322.0353935494262,2.0371494993880455,0.0014108176058487613,1.0553253390899437
2026-07-15T11:42:17+03:00,13.83,293.69,20.99890319154467,7.60104,286.9945595810294,285.55070593729965,0.8679737638436841,2.31336,2.41056,0.6302535746439055,,-8.342265497104787,23.028484,58.306029,5.504103412150456,29.661389450650347,316.65594903167977,2.010229329222204,0.0014049950173015053,1.0567303341072452
2026-07-15T11:42:19+03:00,13.68,293.7,22.998525896551243,8.00928,288.9999118639872,286.0377200631609,0.22901123071379004,2.2550399999999997,2.48832,0.6245239966925973,,-9.281916281119337,23.028442,58.306036,5.998539637054391,31.44464265637987,320.4445545203671,1.9238751709592243,0.0013914779591024903,1.0581218120663476
2026-07-15T11:42:21+03:00,13.68,293.7,24.001202038030186,8.49528,291.99648113252147,285.65383834042325,-1.1457437029231072,2.31336,2.48832,0.664631042351755,,-10.170000863572112,23.028404,58.306044,6.45093717602962,32.38863451304999,324.38511564557143,1.9534802968916145,0.0012927796759816168,1.0594145917423292
2026-07-15T11:42:23+03:00,13.68,293.7,26.00082474303676,8.49528,285.99761301750175,284.1240410274239,-0.30911073047307913,2.29392,2.54664,0.7333859777674538,,-9.946547323471092,23.028359,58.306051,6.51165204519328,34.8847744909406,320.8823875084423,1.8817114907437262,0.0014820578890745043,1.0608966496314036
2026-07-15T11:42:25+03:00,13.68,293.7,26.997771306564392,8.39808,282.99531417101616,283.53962407639045,0.29358357422503384,2.31336,2.6632800000000003,0.7620338675239948,,-9.768930406980537,23.028314,58.306055,6.423249519673192,36.407535107515855,319.402849278532,1.8618285597937534,0.0014412730550174089,1.0623379226864211
2026-07-15T11:42:27+03:00,13.68,293.7,26.00082474303676,8.39808,281.99836760748855,284.4506269706485,0.4025601468589164,2.8576799999999998,2.60496,0.7620338675239948,,-9.877792388055392,23.028272,58.306058,5.962719473168979,38.12897901408343,320.127346621572,2.2479163499909087,0.001338540631248815,1.0636764633176699
2026-07-15T11:42:29+03:00,13.68,293.7,26.00082474303676,8.49528,281.99836760748855,284.2672804762066,-0.590146528984748,2.93544,2.7021599999999997,0.7448451336700701,,-9.52828813302559,23.028224,58.306062,5.996645658509701,38.3925926967006,320.39096030418915,2.300720828144969,0.0015347651160556857,1.0652112284337256
2026-07-15T11:42:31+03:00,13.68,293.7,26.00082474303676,8.49528,285.99761301750175,283.44222125121826,-0.24746047171700256,2.8188,2.7215999999999996,0.7219268218648373,,-9.356400794486342,23.028181,58.306067,6.088495970894983,37.71089087267231,323.70850389017403,2.229973197042616,0.0013907784407888003,1.0666020068745143
2026-07-15T11:42:33+03:00,13.68,293.69,28.000447448043335,8.59248,288.9999118639872,282.96093670330833,-0.27811371375650157,2.7215999999999996,2.6827199999999998,0.7849521793292279,,-9.958006479373708,23.028132,58.306074,6.319969403314832,39.66455641097366,328.6644682749609,2.095072858871339,0.0016035785351630018,1.0682055854096772
2026-07-15T11:42:35+03:00,13.68,293.7,26.997771306564392,8.70912,287.9972357225083,282.1874436798817,-0.583958584797335,2.8771199999999997,2.7021599999999997,0.6359831525952138,,-11.18413616095367,23.028085,58.306082,6.282792218311536,38.99608824895873,326.993323971467,2.2360658004598997,0.0015601867240720472,1.0697657721337492
2026-07-15T11:42:37+03:00,13.68,293.7,24.99814860155782,9.097919999999998,283.9979903124951,281.57437883909176,0.16804852131187045,2.76048,2.8576799999999998,0.8078704911344607,,-11.802930579694959,23.028038,58.306089,6.698399036834598,35.02753881497955,319.02552912747467,2.2604915497572415,0.0015427208486465118,1.0713084929823957
2026-07-15T11:42:39+03:00,13.68,293.7,26.997771306564392,9.79776,278.9960687610031,282.4911113113011,0.3385607611428034,2.7021599999999997,2.76048,0.5557690612768985,,-11.934710872575048,23.028,58.306091,7.49118375008438,36.42224318876305,315.4183119497661,2.174329148854799,0.0012060261047897427,1.0725145190871854
2026-07-15T11:42:41+03:00,13.68,293.7,28.000447448043335,10.1088,283.9979903124951,285.99761301750175,2.7257894145553783,2.7021599999999997,2.7021599999999997,0.5271211715203573,,-11.006519244463114,23.027953,58.306097,7.82644419147956,37.328805970806116,321.32679628330123,2.148673092735469,0.001527422132011045,1.0740419412191964
2026-07-15T11:42:43+03:00,13.61,293.7,26.997771306564392,10.1088,285.99761301750175,292.93040233858466,4.176518551826623,2.76048,2.74104,0.6359831525952138,,-9.40223741809681,23.0279,58.306103,7.751114612709339,36.301713380026655,322.2993263975284,2.2247000330568496,0.0017121258285029358,1.0757540670476993
2026-07-15T11:42:45+03:00,13.53,293.7,22.998525896551243,9.79776,288.9999118639872,301.54195799940095,4.937062729083277,2.54664,2.5855200000000003,0.4640958140559668,,-7.61460909728864,23.027858,58.306109,7.519658559257161,30.60212582495126,319.6020376889385,2.1919519763040323,0.001374494602806849,1.0771285616505062
2026-07-15T11:42:47+03:00,13.53,293.71,16.99965778153153,9.60336,297.9953492475411,312.3479420155683,5.74235491013965,2.2744799999999996,2.50776,0.4297183463481174,,-6.543178020394001,23.027822,58.306118,7.457965247599378,22.115161365660242,320.11051061320137,2.107144331016886,0.0012590069797867704,1.078387568630293
2026-07-15T11:42:49+03:00,13.53,293.71,11.997736230039438,9.29232,303.9999469405122,324.9243656186899,6.954848196195497,2.00232,2.4299999999999997,0.4297183463481174,,-4.6810651862188255,23.02779,58.30613,7.34554112948542,15.246088938211074,319.24603587872326,1.931848900900937,0.0012415546562019066,1.079629123286495
2026-07-15T11:42:51+03:00,13.38,293.72,3.002298846485514,9.195120000000001,324.9988501320569,339.50041192681795,6.835443791690234,1.98288,2.29392,0.3666929888837269,,0.08021409131831525,23.027764,58.306143,7.215709064961962,3.826982849288754,328.8258329813456,1.978458468376198,0.0011334611615689385,1.080762584448064
2026-07-15T11:42:53+03:00,13.38,293.71,-3.0014394097928174,9.097919999999998,350.99967487509366,351.8476524118873,3.907915937469293,1.73016,2.2356,0.31512678732195276,,6.124918829948499,23.027767,58.306153,7.370690158698386,3.7056782584998587,347.2939966165938,1.726542612514411,0.0006084974046039353,1.0813710818526678
2026-07-15T11:42:55+03:00,13.38,293.72,-9.000307524812538,8.30088,11.997736230039438,356.61466126737565,1.304338420615319,2.3522399999999997,2.1967199999999996,-0.045836623610465865,,6.491611818832227,23.027776,58.306174,5.988917868752189,12.523016085656877,359.47472014438256,2.296277818539476,0.0012938637503544987,1.0826649456030224
2026-07-15T11:42:57+03:00,13.38,293.72,-16.99879834483883,7.892639999999999,25.99509516508545,359.87479112167006,1.5004618738886,2.29392,2.2550399999999997,-0.11459155902616464,,7.964113352318444,23.027789,58.306196,5.738262437617595,23.71029955842701,2.284795606658438,2.100290955865941,0.0013846292865959348,1.0840495748896184
2026-07-15T11:42:59+03:00,13.38,293.72,-27.002641447823002,8.10648,6.995814678547352,3.8903834289382897,1.5336361302266746,2.29392,2.44944,0.10313240312354818,,6.067623050435417,23.02779,58.30622,6.151441617408063,36.75045387937439,330.24536079917294,1.838001273362327,0.0014429308017142445,1.0854925056913327
2026-07-15T11:43:01+03:00,13.38,293.71,-37.00075497285587,8.80632,18.999280486538098,5.958761069360561,0.5205321568763529,2.3522399999999997,2.54664,-0.005729577951308233,,6.623392111712317,23.027799,58.306247,7.070914941620952,48.54974839552207,330.449532091016,1.5571111373115716,0.0016476070853043482,1.0871401127766371
2026-07-15T11:43:03+03:00,13.38,293.72,-37.9977015363835,9.097919999999998,18.999280486538098,5.334237072667964,-0.44518820681664967,2.41056,2.5855200000000003,-0.13750987083139757,,8.726147219842437,23.027805,58.306272,7.349694388757615,49.64666041800061,329.3526200685375,1.5608364097260867,0.0015145913944649841,1.088654704171102
2026-07-15T11:43:05+03:00,13.38,293.72,-39.997324241390075,9.097919999999998,18.999280486538098,4.05081161157492,-0.2800617702599464,2.7799199999999997,2.6827199999999998,-0.23491269600363757,,9.946547323471092,23.027812,58.306298,7.193731629172823,54.3791551555306,324.6201253310075,1.6190775225039233,0.00157835709786306,1.0902330612689652
2026-07-15T11:43:07+03:00,13.38,293.72,-41.00000038286902,9.097919999999998,18.999280486538098,3.0882425157551374,0.04188321482406318,2.7021599999999997,2.8771199999999997,-0.26929016371148695,,10.141352973815572,23.027827,58.306325,7.277788329699589,55.09836062108374,323.90091986545434,1.5460931033849794,0.001690624963437262,1.0919236862324024
2026-07-15T11:43:09+03:00,13.31,293.72,-39.997324241390075,9.097919999999998,15.996981640052585,1.7246029633437776,-0.23645968205049073,2.74104,2.89656,-0.2807493196141034,,10.233026221036504,23.027844,58.306351,7.216445279224705,54.12822193494668,321.8687597051059,1.6061762183309984,0.00165243779125911,1.0935761240236614
2026-07-15T11:43:11+03:00,13.23,293.72,-37.00075497285587,9.00072,4.996191973540778,359.9664643688911,-0.5697492314780906,3.5964,3.07152,-0.34377467707849396,,10.410643137527058,23.02785,58.306382,6.4995077825938905,56.452367678045576,308.5438242954952,1.9874786681223753,0.00187294791748289,1.0954490719411443
2026-07-15T11:43:13+03:00,13.23,293.71,-35.00113226784929,9.195120000000001,10.995060088560496,358.02413744339754,0.29186470083964133,3.53808,3.07152,-0.3380450991271857,,9.963736057325017,23.027863,58.306415,6.615883732110847,52.8645591314838,318.1305009570767,2.135943232649116,0.0020255921248542776,1.0974746640659985
2026-07-15T11:43:15+03:00,13.23,293.72,-33.00150956284272,9.408959999999999,11.997736230039438,356.9813542562594,-0.07030192146255201,3.42144,2.99376,-0.3323155211758775,,9.66006842590568,23.027869,58.306443,6.799883513046344,48.9070695417775,323.09066668826193,2.248851819176159,0.001693648081640756,1.0991683121476392
2026-07-15T11:43:17+03:00,13.23,293.72,-31.99883342136378,9.29232,8.995437383553925,355.92138233526737,-0.4880454498924352,3.26592,3.1104000000000003,0.005729577951308233,,9.935088167568475,23.027878,58.30647,6.748311408460435,46.858469693901895,322.136967689652,2.2332453888134367,0.0016476067755329424,1.100815918923172
2026-07-15T11:43:19+03:00,13.23,293.72,-31.00188685783615,9.408959999999999,4.996191973540778,355.3312358062827,0.3388472400403688,2.5855200000000003,3.18816,-0.19480565034447989,,10.359076935965284,23.027883,58.306497,7.315022647851528,41.491190531066565,323.5050014424742,1.9367033867585568,0.0016305712194796503,1.1024464901426518
2026-07-15T11:43:21+03:00,13.23,293.73,-29.002264152829575,9.195120000000001,13.99735893504601,356.08754009585533,0.21394244070184937,2.37168,3.2270399999999997,-0.09167324722093173,,10.863279795680409,23.02789,58.306521,7.2130940917491975,38.17536628347173,335.8219926515743,1.8644314820694605,0.0014594234310095595,1.1039059135736613
2026-07-15T11:43:23+03:00,13.23,293.73,-31.00188685783615,9.097919999999998,9.998113525032863,357.5600416293415,0.2952451518309132,2.54664,3.2270399999999997,-0.11459155902616464,,11.384671389249457,23.027897,58.306542,7.0383715096214665,41.74246583741785,328.255647687615,1.9001625228779215,0.001281471856436333,1.1051873854300975
2026-07-15T11:43:25+03:00,13.23,293.73,-29.002264152829575,9.29232,12.99468279356707,358.6429318621388,0.2962191800826356,2.93544,3.2464799999999996,-0.18907607239317165,,11.052355868073581,23.027908,58.306569,6.873934609620157,40.9516484840299,332.0430343095372,2.2170290890467483,0.0016596677655248162,1.1068470531956223
2026-07-15T11:43:27+03:00,13.23,293.73,-29.999210716357208,9.79776,9.998113525032863,0.5786873730821314,0.9601053773007207,3.6352800000000003,3.46032,-0.2864788975654116,,12.129516522919529,23.027919,58.306601,6.893429953186286,45.287200983243736,324.7109125417891,2.557613848198715,0.0019545622203981055,1.1088016154160203
2026-07-15T11:43:29+03:00,13.23,293.73,-33.00150956284272,9.89496,6.995814678547352,1.3980170201192088,0.1980142139972125,3.7519199999999997,3.4992,-0.1776169164905552,,12.358699640971857,23.027928,58.306637,7.05101042210902,49.848699325983404,317.14711535256396,2.419268991259368,0.0021824625884886623,1.110984078004509
2026-07-15T11:43:31+03:00,13.23,293.73,-33.99845612637036,10.1088,8.995437383553925,1.0599719209920229,0.12599341914926804,3.73248,3.53808,-0.1546986046853223,,11.482074214421695,23.02794,58.306663,7.318295574463663,50.568566139920364,318.42687124363357,2.370700938580808,0.0016080880158985584,1.1125921660204077
2026-07-15T11:43:33+03:00,13.23,293.73,-37.00075497285587,10.1088,11.997736230039438,0.641712730546522,-0.1183730804740281,3.38256,3.6352800000000003,-0.19480565034447989,,12.891550390443523,23.027949,58.306696,7.682031604422556,52.36749618498912,319.6302400450503,2.0653726350712094,0.0020038125153307687,1.1145959785357384
2026-07-15T11:43:35+03:00,13.23,293.73,-33.99845612637036,10.206,13.99735893504601,359.668526315423,-0.2681442481212253,3.18816,3.53808,-0.31512678732195276,,14.386970235734971,23.027959,58.306725,7.770120466870493,47.262172591682855,326.7351863433631,2.163627957126284,0.0017714974630207295,1.1163674759987592
2026-07-15T11:43:37+03:00,13.23,293.73,-31.99883342136378,10.5948,11.997736230039438,358.7174163755058,0.03506501706200638,3.6741599999999996,3.6547199999999997,-0.34377467707849396,,13.716609615431908,23.027975,58.306756,7.728161399248323,46.5904983941561,325.40723783588334,2.524912117218724,0.0019306275784639003,1.118298103577223
2026-07-15T11:43:39+03:00,13.27,293.73,-33.00150956284272,10.4976,4.996191973540778,359.1815121895618,0.06457234351124377,3.6352800000000003,3.71304,-0.2578310078088704,,12.903009546346139,23.027991,58.30679,7.707512356739259,47.88721397859487,317.1089779949459,2.437790340968694,0.00210519481451363,1.1204032983917367
2026-07-15T11:43:41+03:00,13.23,293.73,-33.00150956284272,10.206,4.996191973540778,359.84041365396223,0.028074931961410338,3.2270399999999997,3.6935999999999996,-0.4239887683968092,,14.020277246851244,23.028003,58.306823,7.702834058145423,46.19153478670785,318.8046571868329,2.233917805530452,0.0020194278933821546,1.1224227262851187
2026-07-15T11:43:43+03:00,13.23,293.73,-33.00150956284272,10.303199999999999,8.995437383553925,0.3380450991271857,0.14604694197884685,3.51864,3.81024,-0.23491269600363757,,13.395753250158648,23.028017,58.306855,7.597942342840267,47.61131279754554,321.3841245860084,2.372114272441298,0.0019736015985333433,1.1243963278836522
2026-07-15T11:43:45+03:00,13.23,293.73,-33.99845612637036,10.1088,8.995437383553925,0.3495042550298022,0.11659691130912252,3.47976,4.00464,-0.3609634109324186,,13.235325067522018,23.02803,58.30689,7.48135867627867,49.07348413295415,319.92195325059976,2.279557872784403,0.002143450128180778,1.126539778011833
2026-07-15T11:43:47+03:00,13.23,293.72,-33.00150956284272,9.992159999999998,11.997736230039438,359.85187280986486,0.08153189424711614,3.6352800000000003,3.9851999999999994,-0.4068000345428845,,13.756716661091067,23.028045,58.306922,7.220202421918321,48.917638772288655,323.08009745775075,2.388899628977398,0.001980914387632975,1.128520692399466
2026-07-15T11:43:49+03:00,13.23,293.72,-31.99883342136378,10.4004,13.99735893504601,359.4565319312246,-0.28143686896826037,3.53808,3.9074399999999994,-0.5213915935690492,,15.458401312629611,23.028061,58.306954,7.63370984977856,46.216101099229746,327.7812578358163,2.4481402056483734,0.0019887018540380454,1.130509394253504
2026-07-15T11:43:51+03:00,13.08,293.73,-31.99883342136378,11.00304,14.994305498573642,358.5856360826257,-0.5841304721358743,3.36312,3.9463199999999996,-0.4239887683968092,,15.263595662285132,23.028074,58.306986,8.343464561385028,44.33195740943037,330.6623480891433,2.4056500704695494,0.0019667681793243733,1.1324761624328283
2026-07-15T11:43:53+03:00,13.08,293.73,-33.00150956284272,11.197439999999999,13.99735893504601,357.24491484201957,-0.6218883908349956,3.7713599999999996,4.04352,-0.46982539200727513,,13.77390539494499,23.02809,58.307021,8.292986409524245,47.34253671313812,326.6548222219079,2.555525875863444,0.002163592977134287,1.1346397554099625
2026-07-15T11:43:55+03:00,12.93,293.74,-33.99845612637036,11.197439999999999,8.995437383553925,356.38547814932343,-0.9090548377545643,3.73248,4.19904,-0.3093972093706446,,12.249837659896999,23.028103,58.307059,8.367487749016922,48.4421738968781,320.5532634866758,2.4760361542280105,0.002320691746887501,1.13696044715685
2026-07-15T11:43:57+03:00,12.93,293.73,-33.99845612637036,11.10024,8.995437383553925,354.7869259009084,-0.7972134761450274,4.0824,4.21848,-0.5557690612768985,,13.733798349285832,23.028112,58.307096,8.046318996457027,50.47974094206799,318.51569644148594,2.597839392352139,0.0022420716536970687,1.139202518810547
2026-07-15T11:43:59+03:00,12.93,293.74,-31.00188685783615,11.39184,0.0,352.7586553061452,-0.4443860659034665,4.41288,4.0824,-0.41252961249419273,,13.046248995128847,23.028114,58.307136,7.941550396101241,47.63288563853723,312.36711436146277,2.973744649443518,0.0024051380277302736,1.1416076568382774
2026-07-15T11:44:01+03:00,12.78,293.73,-29.999210716357208,11.39184,3.9992454100131463,352.1914270889657,0.1681631128708966,3.9463199999999996,4.0629599999999995,-0.20053522829578813,,11.63677281910702,23.028112,58.307173,8.21468389060632,43.897166458372624,320.1020789516405,2.843660586503997,0.0022248820976342384,1.1438325389359116
2026-07-15T11:44:03+03:00,12.78,293.73,-31.00188685783615,11.60568,0.9969465635276323,352.68990037072956,0.5879119935837377,4.0629599999999995,4.1212800000000005,-0.3093972093706446,,11.92325171667243,23.028119,58.307207,8.388344490511574,45.44841585528681,315.54853070824083,2.850374174748978,0.0020555823168727306,1.1458881212527843
2026-07-15T11:44:05+03:00,12.63,293.73,-29.002264152829575,11.39184,2.9965692685342056,353.30869478947085,0.20964525723836822,4.0629599999999995,4.16016,-0.3495042550298022,,12.77122925346605,23.028124,58.307246,8.082116463837925,43.109410108072694,319.8871591604615,2.966164141749582,0.0023495122922019434,1.1482376335449862
2026-07-15T11:44:07+03:00,12.48,293.73,-27.002641447823002,11.29464,0.0,354.27126388529064,0.6254980249443197,4.16016,4.16016,-0.49847328176381617,,14.576046308128143,23.028124,58.307287,7.819554706771438,40.98091291143234,319.01908708856763,3.14062165517402,0.0024644163734211166,1.1507020499184073
2026-07-15T11:44:09+03:00,12.48,293.72,-29.999210716357208,11.29464,4.996191973540778,354.5806610946613,0.05420180741937588,4.29624,4.1212800000000005,-0.48701412586119974,,15.859471769221187,23.028122,58.307327,7.872676194044007,45.83320823423972,319.16298373930107,2.9934029403743376,0.002405138018776237,1.1531071879371835
2026-07-15T11:44:11+03:00,12.41,293.72,-29.999210716357208,11.10024,3.9992454100131463,354.13948359241056,-0.35431710050890114,4.33512,4.276800000000001,-0.4812845479098915,,14.570316730176838,23.028131,58.307365,7.6589904448874995,46.438655785513845,317.5605896244993,2.9874647538481263,0.002301706842707094,1.1554088947798906
2026-07-15T11:44:13+03:00,12.33,293.72,-29.999210716357208,11.39184,0.9969465635276323,354.13948359241056,0.41161288002198343,4.5684000000000005,4.393439999999999,-0.6302535746439055,,15.956874594393428,23.02813,58.307409,7.77839041905553,47.07597681893063,313.920969744597,3.1112080974859344,0.0026449280383141443,1.1580538228182047
2026-07-15T11:44:15+03:00,12.33,293.72,-29.999210716357208,11.29464,2.9965692685342056,354.4030441781707,-0.34875940989613213,4.393439999999999,4.4712,-0.7219268218648373,,16.770474663479195,23.028133,58.307453,7.805263563049712,46.345027637822966,316.6515416307112,3.0328532806667865,0.002646435683240964,1.1607002585014456
2026-07-15T11:44:17+03:00,12.18,293.72,-29.002264152829575,11.60568,2.9965692685342056,353.6410103106467,-0.04033622877720996,4.49064,4.510079999999999,-0.6818197762056798,,16.46107745410855,23.028146,58.307492,7.980893640845274,44.83375942349488,318.1628098450393,3.1845617567290265,0.002379874420525266,1.1630801329219709
2026-07-15T11:44:19+03:00,12.18,293.73,-29.002264152829575,12.091679999999998,3.9992454100131463,353.4060976146431,-0.16690260572160878,4.49064,4.43232,-0.7849521793292279,,17.56688599871104,23.028154,58.307534,8.44949906883004,43.93466631443147,320.0645790955817,3.233851063445777,0.0025371325441652143,1.165617265466136
2026-07-15T11:44:21+03:00,12.03,293.72,-29.999210716357208,12.20832,5.998868115019719,352.68990037072956,-0.4898789148368539,4.41288,4.35456,-0.7333859777674538,,17.584074732564968,23.028164,58.307569,8.672000782393104,44.738819702349815,321.2600484126699,3.1345690067598624,0.0021273379023275794,1.1677446033684638
2026-07-15T11:44:23+03:00,12.0,293.72,-29.002264152829575,12.59712,3.9992454100131463,352.74146657229136,0.6206278836857076,4.31568,4.64616,-0.5614986392282068,,16.535561967475562,23.028171,58.307607,9.067357149755784,42.34440263685042,321.6548427731627,3.189759253738596,0.002294764385174518,1.1700393677536383
2026-07-15T11:44:25+03:00,11.88,293.72,-29.002264152829575,12.69432,0.9969465635276323,353.61236242089024,0.18059629702523547,4.4712,4.6655999999999995,-0.9511099399171665,,18.523725516579514,23.028181,58.307649,9.047361950680166,42.8657673966635,318.1311791668641,3.277163712419328,0.002544197214887181,1.1725835649685254
2026-07-15T11:44:27+03:00,11.73,293.73,-27.99958801135063,12.49992,4.996191973540778,353.66965820040326,-0.20838475008908042,4.49064,4.704479999999999,-0.9511099399171665,,19.68110026274378,23.02819,58.307689,8.79142244336362,41.874433042481826,323.12175893105893,3.3437731037201788,0.002421047537379672,1.175004612505905
2026-07-15T11:44:29+03:00,11.73,293.72,-29.999210716357208,12.59712,4.996191973540778,353.36599056898393,-0.3592445375470262,4.4712,4.80168,-1.0141352973815572,,19.463376300594064,23.028202,58.307733,9.006766088150085,44.37067575713016,320.62551621641063,3.1961509227767024,0.002671748452847006,1.177676360958752
2026-07-15T11:44:31+03:00,11.58,293.73,-29.999210716357208,12.69432,2.9965692685342056,352.4779059865312,-0.30028718042806446,4.74336,4.84056,-0.911002894258009,,18.563832562238673,23.028209,58.307775,8.907926565806255,45.43970434617461,317.5568649223596,3.3282234666489066,0.0025341829351613675,1.1802105438939132
2026-07-15T11:44:33+03:00,11.43,293.73,-31.00188685783615,12.79152,3.9992454100131463,352.4492580967746,0.07041651302157817,4.80168,4.91832,-1.4381240657783663,,17.767421227006828,23.028216,58.307824,9.0213868149087,46.91305729897692,317.0861881110362,3.280062934780078,0.0029535612830952794,1.1831641051770085
2026-07-15T11:44:35+03:00,11.13,293.74,-29.002264152829575,12.79152,1.9996227050065731,352.3919623172616,0.3717350174808781,4.97664,5.0544,-1.32926208470351,,16.610046480842563,23.028219,58.307871,8.777123911904017,44.9587507809421,317.0408719240645,3.5215484409443962,0.0028266505923615778,1.18599075576937
2026-07-15T11:44:37+03:00,10.72,293.73,-27.002641447823002,12.49992,4.996191973540778,352.93054264468446,0.7435273307412694,4.60728,5.13216,-0.9969465635276323,,14.169246273585257,23.028222,58.307914,8.651600036426235,40.994718227832635,324.00147374570815,3.4774369806954626,0.00258636733998745,1.1885771231093576
2026-07-15T11:44:39+03:00,10.38,293.72,-27.002641447823002,12.402719999999999,2.9965692685342056,354.7525484332005,0.9936234083158737,5.01552,5.26824,-0.7849521793292279,,12.129516522919529,23.028227,58.307964,8.254298508330809,43.01716667984152,319.97940258869266,3.6670940966254157,0.0030095303441284005,1.191586653453486
2026-07-15T11:44:41+03:00,9.97,293.72,-27.002641447823002,12.091679999999998,6.995814678547352,355.26821044881825,0.14209353319244417,4.97664,5.22936,-0.3323155211758775,,10.089786772253797,23.028237,58.308011,7.983976617307329,43.442623310643114,323.5531913679042,3.613355829600923,0.002842656268207493,1.1944293097216936
2026-07-15T11:44:43+03:00,9.71,293.72,-27.99958801135063,11.99448,4.996191973540778,355.5489597684324,0.3639427914670989,4.97664,5.13216,-0.3495042550298022,,10.324699468257435,23.028247,58.308055,7.951346347917192,45.08709539657343,319.90909657696733,3.5136625667740216,0.0026635244414054205,1.197092834163099
2026-07-15T11:44:45+03:00,9.63,293.72,-29.002264152829575,12.30552,9.998113525032863,356.28234574619984,0.34194121213407536,4.704479999999999,5.1710400000000005,-0.27501974166279514,,10.456479761137524,23.028264,58.308097,8.502636452418214,44.56317447643565,325.43493904859724,3.351834697213128,0.00258096850267367,1.1996738026657727
2026-07-15T11:44:47+03:00,9.56,293.72,-29.002264152829575,12.69432,7.9984908200262925,356.84384438542804,0.5876828104656854,4.89888,5.2488,-0.1546986046853223,,9.419426151950734,23.028281,58.308137,8.73873872777845,44.77369877191134,323.224792048115,3.477686102595996,0.002463508877009527,1.2021373115427822
2026-07-15T11:44:49+03:00,9.18,293.72,-29.999210716357208,12.49992,4.996191973540778,357.9611120859331,0.8845322441229649,4.84056,5.151599999999999,-0.18334649444186346,,9.72309378337007,23.028289,58.308183,8.653187859352796,46.240998254030984,318.7551937195098,3.347859754421353,0.0027764713653430887,1.2049137829081253
2026-07-15T11:44:51+03:00,8.85,293.72,-29.999210716357208,12.091679999999998,10.995060088560496,359.51955728868893,0.4332133888984155,4.68504,5.151599999999999,-0.3036676314193363,,10.118434662010339,23.028296,58.308224,8.368802701665906,46.25370558270856,324.7413545058519,3.239547441511308,0.00247430961835856,1.207388092526484
2026-07-15T11:44:53+03:00,8.73,293.71,-31.00188685783615,11.89728,10.995060088560496,0.44117750225073393,0.34973343814785446,5.01552,5.0544,-0.1776169164905552,,10.118434662010339,23.028308,58.308264,8.025372141770111,49.77943834436098,321.2156217441995,3.238680499533484,0.002433986122998356,1.2098220786494822
2026-07-15T11:44:55+03:00,8.88,293.72,-33.00150956284272,11.99448,11.997736230039438,0.9740282517223995,0.3140381675112042,4.45176,5.20992,-0.21772396214971285,,10.616907943774153,23.028333,58.308307,8.609473063466304,49.35912409822845,322.638612131811,2.8995013152493128,0.002702505012705067,1.2125245836621872
2026-07-15T11:44:57+03:00,8.73,293.72,-33.99845612637036,11.89728,10.995060088560496,1.8678424121264836,0.6767204518290154,4.19904,5.20992,-0.3036676314193363,,10.479398072942757,23.02835,58.308345,8.737447366181819,49.58692856009873,321.40813152846175,2.7222108475367097,0.002346327837724953,1.214870911499912
2026-07-15T11:44:59+03:00,8.58,293.71,-35.00113226784929,11.80008,12.99468279356707,3.2028340747813018,0.36978696097743324,4.257359999999999,5.2488,-0.29220847551671986,,11.126840381440589,23.028367,58.308384,8.663968466920469,51.37213185116002,321.62255094240703,2.6576980523901126,0.002404880429832691,1.2172757919297448
2026-07-15T11:45:01+03:00,8.28,293.72,-33.99845612637036,11.89728,16.99965778153153,3.878924273035673,0.3309404224675635,4.87944,5.2488,-0.5328507494716656,,14.129139227926103,23.028393,58.308432,8.312506986226023,53.160017775660336,323.83964000587116,2.9256254683056873,0.0029997115458393077,1.2202755034755841
2026-07-15T11:45:03+03:00,8.28,293.72,-33.99845612637036,12.30552,15.996981640052585,3.5695270636650287,-0.3912728782948392,5.3654399999999995,5.20992,-0.4812845479098915,,13.12646308644716,23.028417,58.308481,8.410597382401118,54.89711751172875,321.0998641283238,3.0853770183165503,0.003041218427970937,1.223316721903555
2026-07-15T11:45:05+03:00,8.36,293.72,-33.99845612637036,12.49992,12.99468279356707,3.4835833943954055,0.024980959867703895,4.957199999999999,5.151599999999999,-0.3093972093706446,,13.137922242349777,23.028438,58.308526,8.83617540145612,52.28089055373384,320.71379223983325,3.032769835706838,0.002784947287189971,1.226101669190745
2026-07-15T11:45:07+03:00,8.43,293.73,-35.00113226784929,12.30552,17.996604345059158,4.159673592649776,-0.5904903036618264,4.68504,5.26824,-0.6245239966925973,,15.263595662285132,23.02846,58.308571,8.884000341821848,52.60823792990135,325.3883664151578,2.8450449488019056,0.0027926343488107967,1.2288943035395556
2026-07-15T11:45:09+03:00,8.17,293.72,-35.00113226784929,12.49992,20.99890319154467,2.3319382261824506,-1.579873824293732,4.78224,5.346,-0.8307888029396938,,15.320891441798215,23.028493,58.308612,9.010286319772552,52.72538159493469,328.27352159660995,2.8962964756172775,0.0026756706578040684,1.2315699741973598
2026-07-15T11:45:11+03:00,7.8,293.72,-33.99845612637036,12.59712,16.99965778153153,359.6226896918125,-1.0583103433861436,4.97664,5.2488,-0.5042028597151245,,14.129139227926103,23.02852,58.308656,8.916588505304167,52.183769432339574,324.81588834919194,3.051331571458527,0.0027787671789467182,1.2343487413763066
2026-07-15T11:45:13+03:00,7.53,293.72,-33.99845612637036,12.69432,12.99468279356707,358.29342760710904,-0.33455005657688763,4.957199999999999,5.346,-0.5729577951308232,,13.011871527420995,23.028536,58.30871,9.020968551962461,51.89355670941259,321.1011260841545,3.0592089135981495,0.003284903007038716,1.2376336443833453
2026-07-15T11:45:15+03:00,7.38,293.72,-33.99845612637036,13.10256,6.995814678547352,357.15897117274994,-1.38019803269064,5.1710400000000005,5.1710400000000005,-0.590146528984748,,14.346863190075815,23.028549,58.308757,9.277591127502145,52.15800988756638,314.83780479098095,3.172360472342872,0.0028547313868498222,1.2404883757701952
2026-07-15T11:45:17+03:00,7.46,293.73,-33.00150956284272,13.19976,9.998113525032863,354.28845261914455,-1.1487803792373004,5.03496,5.19048,-0.5729577951308232,,12.272755971702233,23.02856,58.308808,9.386685229032016,49.98839868680517,320.0097148382277,3.2371908072035804,0.003085109566699867,1.2435734853368952
2026-07-15T11:45:19+03:00,7.2,293.72,-31.00188685783615,13.608,8.995437383553925,353.45193423825356,1.1698652260981148,4.723920000000001,5.28768,-0.320856365273261,,11.946170028477665,23.028571,58.308859,9.8636968974182,45.28275694374639,323.7126804398075,3.323790665476822,0.003085109509580918,1.2466585948464761
2026-07-15T11:45:21+03:00,7.12,293.73,-31.00188685783615,13.8996,7.9984908200262925,354.62649771827176,-0.2550808103922425,4.97664,5.13216,-0.5672282171795151,,15.085978745794575,23.028579,58.308905,9.969051188050951,45.90146809365146,322.0970227263748,3.4632158857396678,0.0027764708962186835,1.2494350657426947
2026-07-15T11:45:23+03:00,7.2,293.73,-27.99958801135063,13.39416,6.995814678547352,352.884706021074,-1.1361180119649095,5.151599999999999,5.28768,-0.6589014644004466,,14.570316730176838,23.02859,58.308954,9.170216944506357,43.29132197622974,323.7044927023176,3.7497292131942337,0.0029656892140036205,1.2524007549566982
2026-07-15T11:45:25+03:00,7.23,293.72,-27.99958801135063,13.19976,7.9984908200262925,352.4664468306285,0.08445397900228334,4.82112,5.07384,-0.6073352628386726,,14.048925136607787,23.0286,58.308996,9.22491481996101,42.20220449029131,325.796286329735,3.5713832514250927,0.0025441957225127393,1.254944950679211
2026-07-15T11:45:27+03:00,7.23,293.72,-29.999210716357208,13.00536,1.9996227050065731,352.4664468306285,0.2801763618189726,5.13216,5.151599999999999,-0.492743703812508,,13.498885653282196,23.028606,58.309043,8.937045669273125,46.68491882775061,315.31470387725597,3.5207125205641208,0.0028314085908073073,1.2577763592700182
2026-07-15T11:45:29+03:00,7.57,293.72,-29.002264152829575,12.908159999999999,6.995814678547352,352.4779059865312,-0.14564587152225528,4.996079999999999,5.2488,-0.5156620156177408,,13.384294094256031,23.02862,58.309087,8.875532737429033,44.84042877955119,322.15538589899614,3.542587228642303,0.0026814320312279656,1.2604577913012462
2026-07-15T11:45:31+03:00,8.1,293.72,-27.99958801135063,12.79152,4.996191973540778,351.97370312681596,0.2971359125548449,4.859999999999999,5.13216,-0.46982539200727513,,13.183758865960243,23.028633,58.309132,8.801257521773211,43.02430943158001,321.9718825419608,3.5529723900880787,0.0027358192917451784,1.2631936105929915
2026-07-15T11:45:33+03:00,8.62,293.72,-25.99996530634406,12.69432,3.9992454100131463,352.56384965580077,0.4204937258465112,5.07384,5.19048,-0.31512678732195276,,11.081003757830121,23.028636,58.309174,8.432604542746866,41.293521482728266,322.7057239272849,3.8121726340022253,0.0025263007910570844,1.2657199113840485
2026-07-15T11:45:35+03:00,9.78,293.73,-27.002641447823002,12.402719999999999,358.9981656951199,353.37744972488656,0.19532131236009764,5.1710400000000005,5.20992,-0.3495042550298022,,10.21010790923127,23.028637,58.309222,8.141281539485067,43.76387540610804,315.2342902890118,3.7345068658248164,0.0028853431777306417,1.2686052545617792
2026-07-15T11:45:37+03:00,11.13,293.73,-29.002264152829575,12.30552,5.998868115019719,353.3201539453735,0.04979003239686854,5.03496,5.19048,-0.32658594322456924,,10.593989631968922,23.028647,58.309266,8.270428722843713,46.1699132106142,319.8289549044055,3.4868209945306603,0.0026635231590645173,1.2712687777208438
2026-07-15T11:45:39+03:00,11.88,293.72,-29.002264152829575,12.30552,4.996191973540778,354.0077032995305,0.132926208470351,4.723920000000001,5.09328,-0.3609634109324186,,11.166947427099744,23.028654,58.309313,8.488796855899142,44.65524518558749,320.34094678795327,3.3603543123799926,0.002833696548559168,1.274102474269403
2026-07-15T11:45:41+03:00,12.56,293.73,-29.002264152829575,12.402719999999999,6.995814678547352,354.0592695010922,-0.0638274983775737,4.87944,5.07384,-0.47555496995858326,,13.321268736791641,23.028664,58.309359,8.472170458563957,45.217109420526214,321.77870525802115,3.4371862966333704,0.0027829272109702336,1.2768854014803732
2026-07-15T11:45:43+03:00,12.93,293.73,-27.99958801135063,12.59712,7.9984908200262925,354.3629371325116,0.5452839336260044,4.82112,4.93776,-0.41252961249419273,,12.645178538537268,23.028672,58.309404,8.64196000518417,43.18254854654958,324.8159422734767,3.5154502839834842,0.0027166176608144103,1.2796020191411877
2026-07-15T11:45:45+03:00,12.93,293.73,-29.002264152829575,12.908159999999999,9.998113525032863,355.03329775281463,-0.037356848242529675,4.548959999999999,5.0544,-0.4469070802020421,,13.137922242349777,23.028682,58.30945,9.19797864171707,42.876112071286485,327.1220014537464,3.333599087324503,0.0027829271195602143,1.282384946260748
2026-07-15T11:45:47+03:00,12.93,293.73,-29.002264152829575,12.908159999999999,10.995060088560496,354.8155737906649,-0.29278143331185064,4.6655999999999995,5.0544,-0.492743703812508,,13.607747634357052,23.028693,58.309496,9.112847337026004,43.37510646989142,327.61995361866906,3.3912992477403603,0.00278668649175985,1.2851716327525078
2026-07-15T11:45:49+03:00,13.08,293.73,-29.999210716357208,12.908159999999999,6.995814678547352,354.1738610601184,-0.24516864053647927,4.74336,5.01552,-0.34377467707849396,,12.862902500686983,23.028701,58.309543,9.114226357722414,45.081802702624174,321.9140119759232,3.349269921547928,0.0028363341708518043,1.2880079669233595
2026-07-15T11:45:51+03:00,13.23,293.73,-31.99883342136378,12.402719999999999,4.996191973540778,354.16240190421576,-0.06187944187412891,4.7628,5.03496,-0.3552338329811104,,11.327375609736375,23.028709,58.309587,8.736086642381522,48.79068382831599,316.20550814522477,3.137788805186214,0.0026567761312838133,1.2906647430546434
2026-07-15T11:45:53+03:00,13.31,293.73,-31.99883342136378,12.091679999999998,3.9992454100131463,353.7899793373807,-0.46919513843263116,4.91832,5.09328,-0.395340878640268,,12.06076158750383,23.028717,58.309632,8.338417010576642,50.21220656082173,313.7870388491914,3.147459241433175,0.0027166175094114147,1.2933813605640547
2026-07-15T11:45:55+03:00,13.46,293.73,-31.00188685783615,12.091679999999998,5.998868115019719,353.60090326498755,0.22803720246206766,4.82112,5.20992,-0.418259190445501,,12.169623568578686,23.028728,58.30968,8.337626189164661,48.32921023872814,317.6696578762916,3.2053198047675115,0.002906002859074709,1.2962873634231293
2026-07-15T11:45:57+03:00,13.53,293.72,-29.002264152829575,12.30552,3.9992454100131463,353.5607962193284,0.11040896712170964,4.996079999999999,5.0544,-0.4354479242994257,,11.997736230039438,23.028731,58.309727,8.297401387119578,45.976234559255005,318.02301085075817,3.4720591807496075,0.002826650425025308,1.2991140138481547
2026-07-15T11:45:59+03:00,13.53,293.73,-29.999210716357208,12.402719999999999,4.996191973540778,353.4347455043996,-0.030939720937064454,4.957199999999999,5.13216,-0.44117750225073393,,11.969088340282898,23.028738,58.309776,8.479927946003862,46.993910860020094,318.00228111352067,3.3811875498308983,0.0029535603710410933,1.3020675742191958
2026-07-15T11:46:01+03:00,13.65,293.73,-29.999210716357208,12.69432,5.998868115019719,353.2456694320065,0.16134491510883983,4.723920000000001,4.80168,-0.4526366581533504,,12.696744740099042,23.028746,58.309819,8.921577578331068,45.35074944802574,320.648118666994,3.3198048825856548,0.002596946861017437,1.3046645210802132
2026-07-15T11:46:03+03:00,13.65,293.72,-29.002264152829575,13.19976,7.9984908200262925,353.31442436742213,-0.724505131942926,4.4712,5.01552,-0.4812845479098915,,14.094761760218251,23.028759,58.309864,9.538846979502763,42.13830198729494,325.86018883273135,3.3155177483792815,0.0027358180171895797,1.3074003390974027
2026-07-15T11:46:05+03:00,13.68,293.72,-29.002264152829575,13.19976,5.998868115019719,352.512283454239,-0.3123192941258118,4.82112,4.91832,-0.22345354010102106,,10.62836709967677,23.028766,58.309905,9.28234104643836,43.58758276361962,322.4112853514001,3.492039905476237,0.002474308680777643,1.3098746477781804
2026-07-15T11:46:07+03:00,13.68,293.73,-31.00188685783615,13.19976,3.9992454100131463,353.06232293756455,1.8672694543313528,4.7628,4.957199999999999,-0.23491269600363757,,11.132569959391894,23.028768,58.309952,9.441588145299566,46.0615474493203,317.93769796069284,3.304836673224675,0.002825768440628206,1.3127004162188085
2026-07-15T11:46:09+03:00,13.68,293.73,-31.00188685783615,13.00536,4.996191973540778,356.41985561703115,0.9337493187247026,4.723920000000001,4.87944,-0.320856365273261,,13.70515045952929,23.028781,58.309997,9.280870221495267,46.20053234454113,318.79565962899966,3.269597303192575,0.002735817785612177,1.3154362340044208
2026-07-15T11:46:11+03:00,13.68,293.73,-31.99883342136378,12.79152,4.996191973540778,356.96416552240544,-0.5789738519796969,4.78224,4.91832,-0.49847328176381617,,14.661989977397768,23.028785,58.310041,9.096025828664486,48.175274764157734,316.820917209383,3.1890563917619517,0.002647753726505125,1.3180839877309258
2026-07-15T11:46:13+03:00,13.65,293.72,-33.00150956284272,12.79152,9.998113525032863,355.92138233526737,-0.8735314544564531,4.6655999999999995,4.89888,-0.5328507494716656,,14.896902673401405,23.028792,58.310083,9.235183105306207,48.97317499901595,321.0249385260169,3.062557229069215,0.002534181677259832,1.3206181694081858
2026-07-15T11:46:15+03:00,13.53,293.72,-31.99883342136378,13.00536,9.998113525032863,354.8384921024701,-0.5243709741037295,4.74336,5.03496,-0.5786873730821314,,14.444266015248054,23.028803,58.310123,9.327747131868511,47.631359996572314,322.36675352846055,3.196541310611904,0.0024292676919390956,1.3230474371001248
2026-07-15T11:46:17+03:00,13.53,293.72,-31.99883342136378,13.10256,8.995437383553925,354.67233434188216,0.23542835801925524,4.64616,5.01552,-0.5042028597151245,,14.74220406871608,23.028823,58.310163,9.487360796222271,47.039475403393794,321.9559619801601,3.16633161849541,0.0024858627812191308,1.325533299881344
2026-07-15T11:46:19+03:00,13.38,293.72,-31.99883342136378,13.5108,6.995814678547352,354.4717991135864,-0.8695207498905373,4.89888,5.19048,-0.7276563998161455,,17.56688599871104,23.028838,58.310203,9.709709501862015,47.505687648507745,319.4901270300396,3.309276799822212,0.0024505167382152518,1.3279838166195592
2026-07-15T11:46:21+03:00,13.38,293.72,-29.002264152829575,13.19976,5.998868115019719,352.05391721813436,-0.8921525827982048,5.22936,5.19048,-0.8708958485988514,,18.294542398527184,23.028852,58.310247,8.99105086992008,45.381528889815286,320.61733922520443,3.673011267430214,0.0026814296412467965,1.330665246260806
2026-07-15T11:46:23+03:00,13.23,293.72,-25.99996530634406,13.39416,2.9965692685342056,351.452311533247,-0.18409133957553353,4.58784,5.2488,-0.7047380880109125,,16.655883104453032,23.028857,58.310291,9.486279790653233,38.24006062517455,324.75650864335967,3.603401095169275,0.0026494476439346518,1.3333146939047407
2026-07-15T11:46:25+03:00,12.9,293.72,-24.997289164865123,13.00536,0.9969465635276323,351.4981481568575,0.6536302526852432,4.91832,5.48208,-0.4354479242994257,,14.318215300319272,23.028856,58.310337,8.796795631263238,38.66339743822368,322.33354912530393,3.8403702075823603,0.0027651352451877253,1.3360798291499283
2026-07-15T11:46:27+03:00,11.73,293.72,-27.002641447823002,12.908159999999999,5.998868115019719,352.57530881170334,-0.1789347194193561,5.1127199999999995,5.46264,-0.5156620156177408,,13.899956109873772,23.028861,58.310386,8.66936401616756,42.533846656819975,323.4650214581998,3.7674514659067304,0.002949506510747143,1.3390293356606755
2026-07-15T11:46:29+03:00,11.4,293.72,-27.99958801135063,12.908159999999999,2.9965692685342056,351.05697065460674,-1.0770460632869214,5.28768,5.46264,-0.590146528984748,,14.083302604315636,23.02887,58.310432,8.605224923622652,44.76619393467158,318.23037533386264,3.754180709425508,0.0027795205438236495,1.3418088562044992
2026-07-15T11:46:31+03:00,11.92,293.72,-27.99958801135063,13.39416,5.998868115019719,349.22923528813936,-0.44828217891035604,4.93776,5.5404,-0.5385803274229739,,12.874361656589599,23.028883,58.310479,9.327018766182457,42.39052709620137,323.60834101881835,3.64686567748402,0.002854728513380352,1.3446635847178796
2026-07-15T11:46:33+03:00,13.01,293.71,-29.002264152829575,13.5108,358.9981656951199,348.7823282079373,-0.039075721627922146,4.957199999999999,5.5598399999999994,-0.29220847551671986,,10.479398072942757,23.028878,58.310532,9.484804402214479,43.68118824737206,315.31697744774783,3.5850170107806845,0.0031896186268479997,1.3478532033447277
2026-07-15T11:46:35+03:00,13.53,293.72,-27.002641447823002,13.296959999999999,0.0,349.53863249751,0.6226905317481786,5.22936,5.38488,-0.3093972093706446,,11.31591645383376,23.028873,58.310578,8.958053028317439,42.372317251900085,317.6276827480999,3.86335205624773,0.0027694586424365283,1.3506226619871642
2026-07-15T11:46:37+03:00,13.53,293.71,-25.99996530634406,13.10256,0.9969465635276323,350.2319114296183,0.02137132575837971,5.19048,5.307119999999999,-0.3609634109324186,,11.716986910425334,23.028875,58.310629,8.738805372273372,41.092194193213714,319.90475237031393,3.911820533596574,0.003066143940164991,1.353688805927329
2026-07-15T11:46:39+03:00,13.53,293.72,-24.997289164865123,13.00536,357.99548955364094,350.29493678708275,-0.017246029633437777,5.2488,5.42376,-0.22345354010102106,,10.324699468257435,23.028874,58.310679,8.541242823633857,40.04852929246516,317.9469602611758,4.017954982347746,0.0030055516853955988,1.3566943576127246
2026-07-15T11:46:41+03:00,13.53,293.73,-27.002641447823002,13.10256,358.9981656951199,350.8678945822136,0.15739150632243712,5.1127199999999995,5.326560000000001,-0.27501974166279514,,10.909116419290877,23.028876,58.310728,8.856818418488341,42.19710683310234,316.80105886201756,3.7876998876407533,0.0029459550441049446,1.3596403126568295
2026-07-15T11:46:43+03:00,13.38,293.73,-27.002641447823002,13.19976,2.9965692685342056,351.16583263568157,0.18111195904085323,5.01552,5.38488,-0.44117750225073393,,12.158164412676069,23.028878,58.310782,9.023086492900342,41.62075819756194,321.37581107097225,3.749389600890902,0.0032464309568834477,1.3628867436137129
2026-07-15T11:46:45+03:00,13.23,293.72,-27.002641447823002,13.296959999999999,0.0,351.0684298105093,-0.07792226013779197,5.28768,5.20992,-0.41252961249419273,,12.244108081945694,23.02888,58.31083,8.915053960507308,42.62492250016646,317.37507749983354,3.8906886401221166,0.00288586142302145,1.3657726050367343
2026-07-15T11:46:47+03:00,13.23,293.73,-27.002641447823002,13.802399999999999,1.9996227050065731,351.286153772659,0.11774282689938417,5.151599999999999,5.42376,-0.48701412586119974,,12.776958831417359,23.028882,58.310879,9.504691375591966,41.248772858603616,320.75084984640296,3.8732507003764782,0.0029459550383238377,1.368718560075058
2026-07-15T11:46:49+03:00,12.9,293.73,-27.99958801135063,13.8996,0.9969465635276323,350.50693117128105,-0.7952654196415827,5.22936,5.19048,-0.46982539200727513,,13.412941984012571,23.028886,58.310926,9.601495525154487,42.81403940860457,318.18290715492304,3.8360668730121126,0.0028278845380372217,1.3715464446130952
2026-07-15T11:46:51+03:00,12.22,293.743,-27.99958801135063,13.8996,358.9981656951199,350.70173682162556,0.6682406764610791,5.3654399999999995,5.13216,-0.3552338329811104,,12.232648926043076,23.028888,58.310977,9.502122295577102,43.37170007140426,315.6264656237156,3.900213201886332,0.0030661439266041293,1.3746125885396994
2026-07-15T11:46:53+03:00,12.11,293.735,-27.99958801135063,13.9968,0.0,351.9335960811569,-0.12719663051904276,5.09328,5.13216,-0.38961130068895977,,13.120733508495851,23.028887,58.311025,9.795990541155259,42.127737129670834,317.87226287032917,3.7774372121060096,0.002885343160116198,1.3774979316998155
2026-07-15T11:46:55+03:00,11.51,293.736,-27.99958801135063,14.21064,4.996191973540778,351.43512279939307,-0.3512231284151946,4.97664,5.404319999999999,-0.395340878640268,,12.622260226732035,23.028892,58.311075,10.0907116277365,41.38708609905362,323.60910587448717,3.733774442564574,0.003009529614931927,1.3805074613147474
2026-07-15T11:46:57+03:00,11.17,293.741,-27.99958801135063,14.40504,3.9992454100131463,350.89654247197006,0.2974796872319234,4.89888,5.38488,-0.7964113352318443,,12.06076158750383,23.028907,58.311123,10.338618944893135,40.85272111765761,323.14652429235554,3.705480919061415,0.002923786708751388,1.383431248023499
2026-07-15T11:46:59+03:00,11.13,293.737,-27.99958801135063,14.30784,2.9965692685342056,351.3835565978313,0.17807528272665987,4.87944,5.13216,-0.8021409131831525,,12.238378503994385,23.028912,58.311167,10.258562593957137,40.902464686726404,322.0941045818078,3.688004219150335,0.0026494474101924096,1.3860806954336913
2026-07-15T11:47:01+03:00,10.98,293.741,-27.99958801135063,14.21064,3.9992454100131463,351.5497143584192,0.4385418963931321,4.957199999999999,5.2488,-0.418259190445501,,12.63944896058596,23.028919,58.311211,10.105304857572495,41.31421340080172,322.68503200921145,3.723354820351192,0.0026539591039085003,1.3887346545375998
2026-07-15T11:47:03+03:00,10.98,293.737,-29.002264152829575,14.094,4.996191973540778,352.7758440399992,0.5997149241634327,5.151599999999999,5.151599999999999,-0.38961130068895977,,13.567640588697895,23.028923,58.311251,9.908389680660903,43.602992333502016,321.39319964003874,3.730458215650313,0.0024076236578881743,1.391142278195488
2026-07-15T11:47:05+03:00,10.98,293.746,-29.002264152829575,13.8996,6.995814678547352,353.8472751168938,0.4491989113825654,5.07384,5.1127199999999995,-0.5042028597151245,,13.922874421679005,23.028934,58.311296,9.77657753703307,43.57589868826753,323.41991599027983,3.675803685110038,0.002727055555268109,1.3938693337507562
2026-07-15T11:47:07+03:00,10.98,293.747,-29.002264152829575,13.7052,6.995814678547352,354.8041146347623,0.6548334640550179,4.80168,5.20992,-0.5672282171795151,,14.215082897195725,23.02895,58.311341,9.786584634117371,42.76391819868178,324.23189647986555,3.525189838767518,0.0027516217682341236,1.3966209555189903
2026-07-15T11:47:09+03:00,11.36,293.737,-29.999210716357208,13.802399999999999,9.998113525032863,354.59784982851517,-0.2323916817050619,4.82112,5.2488,-0.6875493541569879,,14.931280141109253,23.028968,58.311386,9.924345018302361,44.05625520545712,325.9418583195758,3.464733619018255,0.0027639130500259324,1.3993848685690162
2026-07-15T11:47:11+03:00,11.96,293.743,-29.999210716357208,13.9968,5.998868115019719,353.3029652115195,-0.6708189865391678,5.1710400000000005,5.13216,-0.6474423084978302,,15.189111148918125,23.028978,58.311429,9.8634006602337,45.195487028134835,320.8033810868849,3.6439806842642373,0.0026038467421481398,1.4019887153111643
2026-07-15T11:47:13+03:00,13.01,293.736,-29.999210716357208,14.094,4.996191973540778,352.4664468306285,-0.35683811480747674,5.01552,5.326560000000001,-0.45836623610465854,,14.134868805877408,23.02899,58.311476,10.067711549265635,44.422491882660296,320.5737000908805,3.58207418525238,0.002850358114196636,1.4048390734253609
2026-07-15T11:47:15+03:00,13.53,293.746,-29.002264152829575,14.094,3.9992454100131463,352.0195397504265,-0.21342677868623164,4.89888,5.38488,-0.5500394833255903,,14.873984361596172,23.028992,58.31153,10.092898277273887,42.61352533517774,321.3857200748354,3.605268432857846,0.003246430930906318,1.4080855043562672
2026-07-15T11:47:17+03:00,13.68,293.751,-27.99958801135063,14.30784,3.9992454100131463,351.1715622136329,-0.4323539522057192,5.1710400000000005,5.346,-0.6245239966925973,,14.392699813686278,23.028995,58.311581,10.039979590922322,41.99213340308839,322.0071120069248,3.843306647138998,0.0030669566706495407,1.4111524610269168
2026-07-15T11:47:19+03:00,13.68,293.757,-27.99958801135063,14.40504,3.9992454100131463,350.9652974073857,-0.09534017710976898,4.97664,5.19048,-0.4354479242994257,,13.940063155532929,23.029,58.311629,10.279927623714249,41.13621647891463,322.8630289310985,3.7481450543206067,0.0028894864524052957,1.4140419474793222
2026-07-15T11:47:21+03:00,13.65,293.754,-27.99958801135063,14.30784,6.995814678547352,351.37209744192864,0.18844581881852776,5.07384,5.22936,-0.5328507494716656,,15.034412544232804,23.029003,58.311677,10.112431290683926,41.62368135960574,325.3721333189416,3.7928152145698615,0.0028867249101529476,1.4169286723894752
2026-07-15T11:47:23+03:00,13.68,293.763,-27.99958801135063,14.21064,5.998868115019719,350.9251903617266,-0.18684153699216147,5.13216,5.326560000000001,-0.5042028597151245,,15.309432285895596,23.029009,58.311726,9.974561145764929,41.97771954329292,324.0211485717268,3.8152732627095354,0.002951364629696981,1.4198800370191722
2026-07-15T11:47:25+03:00,13.68,293.759,-27.002641447823002,14.094,5.998868115019719,349.5157141857048,-0.9944255492290569,4.87944,5.326560000000001,-0.6589014644004466,,14.62188293173861,23.029018,58.311767,9.995105695649366,39.80863276323325,326.19023535178644,3.7483227141766378,0.0024807459563986173,1.422360782975571
2026-07-15T11:47:27+03:00,13.68,293.755,-25.99996530634406,14.30784,5.998868115019719,348.24947745846566,-0.3933928221368232,4.82112,5.3654399999999995,-0.5042028597151245,,13.722339193383217,23.029025,58.311812,10.196085296684464,37.96292422457003,328.0359438904497,3.8010143000245256,0.002713862322896104,1.425074645298467
2026-07-15T11:47:29+03:00,13.68,293.762,-25.99996530634406,14.59944,1.9996227050065731,348.2781253482222,0.026241467016991704,4.80168,5.307119999999999,-0.45836623610465854,,13.172299710057626,23.029026,58.31186,10.496928634511935,37.567730993667254,324.4318917113393,3.8059707517902215,0.0028853431519604462,1.4279599884504275
2026-07-15T11:47:31+03:00,13.68,293.755,-25.99996530634406,14.59944,357.99548955364094,347.865595735728,0.11298727719979833,5.09328,5.38488,-0.38388172273765153,,11.814389735597574,23.029024,58.311907,10.26733620424511,38.55990866639135,319.43558088724956,3.982725061169391,0.0028257683626281113,1.4307857568130555
2026-07-15T11:47:33+03:00,13.76,293.755,-24.997289164865123,14.59944,0.0,347.9286210931924,0.6689282258152361,5.1710400000000005,5.307119999999999,-0.4239887683968092,,12.519127823608487,23.029024,58.311953,10.15077147334432,37.42864351841345,322.5713564815866,4.106379123343276,0.0027649549551353146,1.433550711768191
2026-07-15T11:47:35+03:00,13.83,293.757,-24.997289164865123,14.30784,353.99624414362785,349.39539304872727,1.0159687623259759,5.2488,5.1127199999999995,-0.5557690612768985,,14.255189942854882,23.029015,58.312002,9.804875514479228,38.07164645302282,315.924597690605,4.132066748400194,0.002958954967435848,1.4365096667356267
2026-07-15T11:47:37+03:00,13.83,293.763,-24.997289164865123,13.9968,358.9981656951199,350.3522325665958,0.38210555357274595,5.1127199999999995,5.19048,-0.6531718864491385,,16.220435180153608,23.02901,58.312053,9.60903572054838,37.99084467382551,321.0073210212944,4.029381262327433,0.003069555964918429,1.4395792227005453
2026-07-15T11:47:39+03:00,13.83,293.766,-25.99996530634406,13.9968,2.9965692685342056,351.0168636089475,-0.05511853989158519,4.82112,5.22936,-0.6589014644004466,,17.234570477535165,23.029019,58.312096,9.892010626850565,38.33635772880342,324.66021153973077,3.781604203942072,0.0026002062443367248,1.442179428944882
2026-07-15T11:47:41+03:00,13.83,293.767,-25.99996530634406,13.9968,10.995060088560496,351.20593968134074,-0.018563832562238675,4.62672,5.22936,-0.5213915935690492,,15.951145016442117,23.029034,58.31214,10.045218419699069,37.64856822448445,333.34649186407603,3.6633080589771474,0.002686811264317891,1.4448662402091998
2026-07-15T11:47:43+03:00,13.83,293.761,-25.99996530634406,14.094,6.995814678547352,351.29188335061036,0.28556216509320226,4.80168,5.48208,-0.48701412586119974,,15.842283035367263,23.029045,58.31218,10.002268551578423,38.14832634516236,328.847488333385,3.7761098199960186,0.00242926480329476,1.4472955050124947
2026-07-15T11:47:45+03:00,13.83,293.763,-27.002641447823002,14.094,1.9996227050065731,350.9652974073857,0.043143721973350986,5.46264,5.42376,-0.7448451336700701,,16.23189433605622,23.029051,58.312231,9.554397494942423,42.04828392626632,319.95133877874025,4.056450905463665,0.00307134167295156,1.4503668466854462
2026-07-15T11:47:47+03:00,13.83,293.778,-27.002641447823002,13.9968,2.9965692685342056,351.0168636089475,0.2816660520863127,5.346,5.48208,-0.6130648407899808,,14.467184327053287,23.029052,58.312286,9.547290677164959,41.73088512595825,321.26568414257594,3.989610117764869,0.0033060751762633263,1.4536729218617095
2026-07-15T11:47:49+03:00,13.76,293.78,-27.002641447823002,13.9968,357.99548955364094,351.4981481568575,0.3537441427137702,5.443199999999999,5.50152,-0.6474423084978302,,14.71928575691085,23.029043,58.312334,9.47497321302976,42.12213026157639,315.87335929206455,4.03731308217094,0.0028991305653842275,1.4565720524270938
2026-07-15T11:47:51+03:00,13.68,293.77,-27.002641447823002,13.9968,0.9969465635276323,351.95078481501076,0.477388434903002,5.404319999999999,5.52096,-0.6359831525952138,,15.33235059770083,23.029046,58.312381,9.50384694009175,41.96491785200871,319.03202871151893,4.018405883342821,0.0028266501868439127,1.4593987026139377
2026-07-15T11:47:53+03:00,13.68,293.76,-25.99996530634406,13.8996,4.996191973540778,352.40915105111543,0.5004213382672611,5.42376,5.38488,-0.6073352628386726,,15.114626635551115,23.029055,58.312429,9.33269905684452,40.759447426745,324.23674454679576,4.108266829869285,0.002899130490572917,1.4622978331045107
2026-07-15T11:47:55+03:00,13.68,293.77,-25.99996530634406,13.8996,2.9965692685342056,352.94773137853844,0.21411432804038863,5.6376,5.52096,-0.5786873730821314,,14.44999559319936,23.029054,58.312485,9.171787033302564,41.6316369231904,321.3649323453438,4.213719133200958,0.0033661801989840617,1.4656640133034948
2026-07-15T11:47:57+03:00,13.61,293.77,-27.002641447823002,14.21064,1.9996227050065731,353.37744972488656,0.05884276555993555,5.5598399999999994,5.46264,-0.5042028597151245,,13.728068771334526,23.029058,58.312536,9.59492334542695,42.25622254692411,319.74340015808247,4.1150883408056576,0.003068094039480658,1.4687321073429755
2026-07-15T11:47:59+03:00,13.61,293.76,-27.002641447823002,14.40504,1.9996227050065731,353.108159561175,-0.4243325430738877,5.67648,5.6181600000000005,-0.6531718864491385,,15.131815369405041,23.02906,58.31258,9.696182682200934,42.41747785505689,319.5821448499497,4.190659162897493,0.0026454932867661447,1.4713776006297417
2026-07-15T11:48:01+03:00,13.53,293.76,-27.002641447823002,14.502239999999999,7.9984908200262925,352.3747735834076,-0.30933991359113144,5.22936,5.3654399999999995,-0.8193296470370772,,18.12265505998794,23.029076,58.312627,10.125267857014817,40.56432274052946,327.4341680794968,3.972621315690335,0.002869875315674745,1.4742474759454165
2026-07-15T11:48:03+03:00,13.53,293.76,-25.99996530634406,14.502239999999999,9.998113525032863,351.7674383205689,-0.15418294266970453,5.404319999999999,5.50152,-0.6990085100596044,,16.426699986400703,23.02909,58.312672,9.93157029291503,39.8004596402175,330.1976538848154,4.152022260312731,0.002740727928498204,1.4769882038739146
2026-07-15T11:48:05+03:00,13.53,293.76,-24.997289164865123,14.30784,5.998868115019719,352.1169425755987,0.45269395393286344,5.851439999999999,5.57928,-1.0485127650894066,,14.564587152225526,23.029098,58.312727,9.337850509497104,40.35243254928409,325.6464355657356,4.45924269025216,0.0033155598496926305,1.4803037637236072
2026-07-15T11:48:07+03:00,13.38,293.76,-25.99996530634406,13.9968,5.998868115019719,353.0451342037107,0.5707805555093262,5.20992,5.46264,-0.5099324376664327,,13.407212406061266,23.029104,58.312775,9.590075322240732,39.77733874563202,326.22152936938767,4.004014388147969,0.002891383077649509,1.4831951468012567
2026-07-15T11:48:09+03:00,13.38,293.75,-27.002641447823002,14.21064,3.9992454100131463,354.0821878128975,0.3134652097160734,5.326560000000001,5.52096,-0.6302535746439055,,14.26091952080619,23.02911,58.31282,9.768843976023376,41.33612511650236,322.6631202935108,3.999436132867807,0.0027114731097806254,1.4859066199110373
2026-07-15T11:48:11+03:00,13.38,293.75,-27.002641447823002,14.21064,7.9984908200262925,353.6524694665493,-0.24230385156082515,5.81256,5.48208,-0.544309905374282,,14.111950494072175,23.029118,58.31287,9.40940862910156,43.29108281922012,324.70740800080614,4.230843182872348,0.003015981492648948,1.4889226014036863
2026-07-15T11:48:13+03:00,13.38,293.76,-27.99958801135063,14.21064,2.9965692685342056,352.9534609564897,-0.27198306534860184,5.307119999999999,5.46264,-0.4469070802020421,,12.456102466144099,23.029127,58.312924,9.84519049282077,42.658756631754954,320.33781263677923,3.902869666732744,0.00325823159909517,1.4921808330027815
2026-07-15T11:48:15+03:00,13.38,293.75,-27.99958801135063,14.21064,2.9965692685342056,352.8789764431227,0.033288847897100834,4.93776,5.326560000000001,-0.49847328176381617,,12.782688409368667,23.029132,58.312973,10.119914387089445,41.24155098940909,321.7550182791251,3.7128845816052993,0.00294950589194566,1.4951303388947272
2026-07-15T11:48:17+03:00,13.38,293.75,-27.002641447823002,14.30784,3.9992454100131463,352.5409313439955,-0.584646134151492,4.393439999999999,5.1127199999999995,-0.4640958140559668,,13.877037798068537,23.029135,58.313015,10.583041025605796,37.86711337945479,326.13213203055835,3.46834208167224,0.00252630040536746,1.4976566393000947
2026-07-15T11:48:19+03:00,13.38,293.76,-27.002641447823002,14.59944,358.9981656951199,351.5325256245652,-0.8737606375745055,3.34368,5.26824,-0.4239887683968092,,12.788417987319976,23.029135,58.313047,11.719018569284417,34.44592233320893,324.552243361911,2.7574005349457047,0.0019234469251120355,1.4995800862252067
2026-07-15T11:48:21+03:00,13.38,293.75,-27.002641447823002,15.007679999999999,357.99548955364094,350.68454808777165,-0.1941181009903229,4.82112,5.1710400000000005,-0.49847328176381617,,13.200947599814167,23.029138,58.313091,10.933490910610965,38.551594810975445,319.4438947426655,3.770343713167283,0.00264643514279945,1.5022265213680062
2026-07-15T11:48:23+03:00,13.38,293.75,-25.99996530634406,15.29928,1.9996227050065731,350.33504383274186,0.05620715970233377,5.09328,5.1127199999999995,-0.4469070802020421,,12.135246100870834,23.029142,58.313139,10.951485849253835,37.76366953461297,324.2359531703936,4.026459343852496,0.0028879331763893767,1.5051144545443955
2026-07-15T11:48:25+03:00,13.38,293.74,-25.99996530634406,15.396479999999999,358.9981656951199,350.524119905135,-0.284645432620993,5.01552,5.346,-0.590146528984748,,13.814012440604149,23.029138,58.313186,11.108321698337077,37.41583090371353,321.58233479140637,3.983560567007271,0.0028278841768642603,1.5079423387212598
2026-07-15T11:48:27+03:00,13.38,293.74,-25.99996530634406,15.49368,357.99548955364094,349.9339733761503,-0.05832710354431781,4.996079999999999,5.07384,-0.5614986392282068,,15.154733681210274,23.029137,58.313229,11.219081858158136,37.25725686393125,320.73823268970966,3.976506632361597,0.0025848246427415504,1.5105271633640014
2026-07-15T11:48:29+03:00,13.38,293.74,-24.997289164865123,15.49368,357.99548955364094,351.4981481568575,0.602694304698113,4.89888,5.13216,-0.6245239966925973,,15.584452027558392,23.029133,58.313283,11.245867880943242,35.60482314313131,322.39066641050965,3.9830429825774893,0.0032482727252393997,1.5137754360892408
2026-07-15T11:48:31+03:00,13.38,293.74,-24.000342601337486,15.396479999999999,358.9981656951199,352.03099890632905,0.3799283139512488,5.13216,4.97664,-0.544309905374282,,15.561533715753159,23.029133,58.313329,10.909603152251293,35.03145623787725,323.96670945724264,4.20240259455574,0.0027649549551353146,1.5165403910443762
2026-07-15T11:48:33+03:00,13.38,293.73,-24.000342601337486,15.20208,5.998868115019719,352.437798940872,0.04062270767477537,5.03496,5.09328,-0.6818197762056798,,16.804852131187047,23.029141,58.31337,10.798401973483005,34.93277377294757,331.0660943420721,4.127783405488662,0.0024773265173200745,1.5190177175616963
2026-07-15T11:48:35+03:00,13.23,293.72,-24.000342601337486,14.59944,5.998868115019719,352.1398608874039,-0.3562078612328329,4.957199999999999,5.50152,-0.5786873730821314,,14.026006824802552,23.029164,58.313418,10.270685469154817,35.32196532858549,330.6769027864342,4.044658787225478,0.002975154159282467,1.5219928717209787
2026-07-15T11:48:37+03:00,12.78,293.73,-24.997289164865123,15.007679999999999,357.99548955364094,352.0138101724752,0.1756688599871104,4.4712,5.28768,-0.5385803274229739,,14.765122380521314,23.029167,58.313461,11.117043703077133,34.78260627724782,323.2128832763931,3.6722968365984188,0.0025863667959237224,1.5245792385169024
2026-07-15T11:48:39+03:00,12.78,293.72,-27.002641447823002,14.502239999999999,3.9992454100131463,352.0195397504265,-0.4247909093099923,4.74336,5.346,-1.082890232797256,,14.661989977397768,23.02918,58.313509,10.499228454254823,38.8393519324496,325.1598934775635,3.6946382837267344,0.0029142194664982485,1.5274934579834005
2026-07-15T11:48:41+03:00,12.93,293.72,-27.99958801135063,14.59944,3.9992454100131463,351.5325256245652,-1.018260593506499,4.80168,5.6376,-1.2433184154338865,,15.956874594393428,23.02919,58.313558,10.602207588056597,40.27541462249343,323.7238307875197,3.6634215613011825,0.002962152495564307,1.5304556104789648
2026-07-15T11:48:43+03:00,12.78,293.71,-25.99996530634406,15.10488,3.9992454100131463,349.76781561556237,-0.5209905231124576,5.07384,5.48208,-1.4209353319244415,,17.66428882388328,23.029205,58.313611,10.776572721849357,37.911092726457696,326.08815268355545,4.003082894089452,0.0032207189678906466,1.5336763294468554
2026-07-15T11:48:45+03:00,12.78,293.71,-24.000342601337486,15.610319999999998,2.9965692685342056,349.8995959084425,0.26086768412306377,5.3654399999999995,5.67648,-0.7620338675239948,,17.996604345059158,23.029216,58.313664,10.928869457292926,35.51898390956282,327.4775853589714,4.367055387899824,0.003204584050366219,1.5368809134972217
2026-07-15T11:48:47+03:00,12.63,293.71,-24.997289164865123,15.49368,0.9969465635276323,349.8308409730267,-0.4349322622838079,5.09328,5.7348,-1.3006141949469687,,16.260542225812763,23.029215,58.313715,11.088388232794332,36.18964528585397,324.8073012776737,4.110618390561858,0.0030656561220514414,1.5399465696192731
2026-07-15T11:48:49+03:00,12.63,293.71,-22.000719896330917,15.49368,355.9958668486344,349.95689168795553,0.8674581018280664,5.50152,5.598719999999999,-1.1344564343590302,,14.513020950663753,23.029206,58.313766,10.595167964318172,33.217391827561556,322.77847502107284,4.602560986684755,0.003078635081034956,1.5430252047003081
2026-07-15T11:48:51+03:00,12.63,293.7,-22.000719896330917,14.696639999999999,1.9996227050065731,351.211669259292,0.49853057754332936,5.28768,5.7153599999999996,-0.985487407625016,,13.332727892694255,23.029208,58.313815,9.992322534278468,33.434680483745495,328.56494222126105,4.4126456875082445,0.0029459549252002,1.5459711596255084
2026-07-15T11:48:53+03:00,12.78,293.72,-24.000342601337486,14.40504,3.9992454100131463,352.68990037072956,1.080082739601115,5.598719999999999,5.69592,-0.8938141604040842,,12.484750355900639,23.029211,58.313868,9.565393083499904,37.773013272125695,326.22623213788745,4.425472439150128,0.0031871167335367815,1.5491582763590452
2026-07-15T11:48:55+03:00,12.71,293.71,-24.997289164865123,14.696639999999999,10.995060088560496,354.34574839865763,0.21646345500042502,5.22936,5.52096,-1.2032113697747289,,15.52715624804531,23.029222,58.313918,10.199390373011402,37.51021679897525,333.4848432895852,4.14816249816403,0.003025385840442482,1.5521836621994878
2026-07-15T11:48:57+03:00,12.63,293.71,-22.000719896330917,14.91048,12.99468279356707,353.3545314130813,-1.3179175203599196,5.1127199999999995,5.67648,-1.180293057969496,,18.936255129073707,23.029233,58.313968,10.348856023727654,32.6662455788622,340.3284372147049,4.304035481211959,0.003025385783308948,1.5552090479827967
2026-07-15T11:48:59+03:00,12.71,293.71,-22.99766645985855,14.91048,3.9992454100131463,350.7590326011387,-1.217879089330078,5.2488,5.46264,-0.4526366581533504,,13.086356040788003,23.029243,58.314016,10.285353092732755,34.49825293059479,329.50099247941836,4.325764188449957,0.002902393819092073,1.5581114418018887
2026-07-15T11:49:01+03:00,12.78,293.7,-24.997289164865123,14.696639999999999,0.0,352.4836355644825,1.7868261798949854,5.22936,5.46264,-0.3495042550298022,,12.25556723784831,23.029256,58.31407,10.199390373011402,37.51021679897525,322.48978320102475,4.14816249816403,0.003271664342833759,1.5613831061447223
2026-07-15T11:49:03+03:00,12.78,293.71,-24.997289164865123,14.696639999999999,4.996191973540778,353.09670040527243,-0.3709328765676949,5.7348,5.52096,-0.7219268218648373,,15.022953388330185,23.029261,58.314122,9.803284887181581,39.309253467824135,325.6869385057166,4.437232145732792,0.003129585192659889,1.5645126913373821
2026-07-15T11:49:05+03:00,12.78,293.71,-22.99766645985855,14.79384,3.9992454100131463,352.9821088462463,0.2878539962737256,5.5598399999999994,5.404319999999999,-0.5099324376664327,,14.083302604315636,23.029262,58.314177,9.916718702925326,35.65053377867207,328.3487116313411,4.51785383710736,0.0033060751601411155,1.5678187664975232
2026-07-15T11:49:07+03:00,12.78,293.7,-24.997289164865123,14.696639999999999,2.9965692685342056,353.274317321763,-1.7376091052932474,5.598719999999999,5.19048,-0.8021409131831525,,15.532885825996619,23.029259,58.314238,9.908950149397489,38.810776160194024,324.1857931083402,4.362635157328574,0.0036677938806288666,1.571486560378152
2026-07-15T11:49:09+03:00,12.78,293.7,-24.997289164865123,14.79384,6.995814678547352,340.61767962732307,-12.208069036631965,5.48208,5.151599999999999,-1.277695883141736,,13.092085618739311,23.029261,58.314288,10.094686632129479,38.26411774499721,328.73169693355015,4.304333843396108,0.003006049090712555,1.5744926094688645
2026-07-15T11:49:11+03:00,12.71,293.7,-20.998043754851974,15.396479999999999,349.9969987336147,316.47896771846155,-12.555281460481241,5.346,5.46264,-1.0198648753328654,,5.44882863169413,23.02925,58.314339,10.580362411495598,31.42946483244623,318.5675339011685,4.561649586167921,0.0030851034515967414,1.5775777129204613
2026-07-15T11:49:13+03:00,12.78,293.7,-12.002606371298052,15.20208,327.995419400591,293.6809770502061,-10.174068863917542,4.510079999999999,4.89888,-0.664631042351755,,0.02864788975654116,23.029215,58.314374,10.831282266471764,16.970165884398114,311.0252535161929,4.313696979039851,0.0023763258131422587,1.5799540387336035
2026-07-15T11:49:15+03:00,12.78,293.7,1.0026761414789407,14.59944,302.99727079903323,274.7160740313758,-8.18435832876673,4.35456,4.52952,0.813600069085769,,-12.691015162147734,23.029153,58.3144,10.245830141922035,1.4288037224543757,304.42607452148764,4.353206084194748,0.0025048004593771858,1.5824588391929808
2026-07-15T11:49:17+03:00,12.93,293.71,13.00041237151838,13.608,271.99452450450445,270.630884952093,-0.1582509430151334,4.49064,4.1796,0.4526366581533504,,-15.36099848745737,23.029079,58.314403,9.28756543215333,19.24481133214411,291.2393358366486,4.239697976244115,0.002343279914830864,1.5848021191078117
2026-07-15T11:49:19+03:00,12.93,293.7,24.001202038030186,13.39416,265.9956563894847,272.9399048664703,-0.20082170719335354,4.60728,4.33512,0.7104676659622208,,-11.310186875882449,23.029009,58.314394,9.374467694664874,35.53282372234989,301.5284801118346,3.7493248064042546,0.0022752889286517444,1.5870774080364634
2026-07-15T11:49:21+03:00,13.08,293.71,31.002746294528848,13.8996,271.99452450450445,270.75120608907054,-1.3211260840126522,4.64616,4.74336,0.716197243913529,,-10.611178365822846,23.028926,58.314392,10.20184027282001,44.569569468705254,316.5640939732097,3.309919125189348,0.002623236434467284,1.5897006444709307
2026-07-15T11:49:23+03:00,13.08,293.71,35.00199170454199,13.9968,267.99527909449125,270.9975779409768,0.9460679113200152,4.31568,5.1127199999999995,0.8995437383553924,,-12.330051751215315,23.028846,58.314392,10.750580988424284,48.314735225564334,316.3100143200556,2.8700925492016247,0.002525764333159861,1.5922264088040905
2026-07-15T11:49:25+03:00,13.16,293.71,35.00199170454199,13.9968,269.9949017994978,273.99987678746226,1.122596207999822,4.7628,4.996079999999999,0.8938141604040842,,-14.501561794761136,23.028765,58.314389,10.458560888353027,50.14434424862122,320.13924604811905,3.052267478583582,0.002563686094665688,1.5947900948987561
2026-07-15T11:49:27+03:00,13.23,293.72,33.99931556306306,14.094,274.9968233509899,276.97352774419124,-0.29048960213132735,4.82112,5.20992,0.8021409131831525,,-14.197894163341799,23.028669,58.314394,10.450779952461327,48.948394901049,323.9452182520389,3.1662151835493506,0.0030457811432602544,1.5978358760420164
2026-07-15T11:49:29+03:00,13.23,293.71,33.99931556306306,14.094,280.99569146600965,276.1484685192029,-1.0863852753475538,5.01552,5.307119999999999,0.7849521793292279,,-13.716609615431908,23.028577,58.314406,10.324150885657117,49.76200938101039,330.75770084702003,3.2398453083789573,0.0029928462580198494,1.6008287223000361
2026-07-15T11:49:31+03:00,13.38,293.71,33.99931556306306,14.21064,277.99912219747546,276.60110517735626,0.5993138537068411,5.20992,5.48208,0.492743703812508,,-13.02906026127492,23.028487,58.314417,10.311489790874264,50.41053903765339,328.40966123512885,3.3201895402395776,0.0029173948715968557,1.603746117171633
2026-07-15T11:49:33+03:00,13.38,293.71,33.99931556306306,14.21064,277.99912219747546,277.24854748585403,0.42181152877531203,5.19048,5.38488,0.45836623610465854,,-13.390023672207338,23.028388,58.314427,10.323889427370645,50.32739676680353,328.326518964279,3.3136016300810933,0.003182901365075006,1.606929018536708
2026-07-15T11:49:35+03:00,13.38,293.72,33.00236899953541,14.30784,277.99912219747546,276.73288547023634,-1.0990476426199451,5.22936,5.5404,0.6818197762056798,,-13.040519417177535,23.028298,58.314436,10.322973324358374,49.01910183869032,327.01822403616575,3.429452880281773,0.0028925190065745214,1.6098215375432825
2026-07-15T11:49:37+03:00,13.5,293.71,33.00236899953541,13.9968,277.99912219747546,275.9250149791019,0.6920184249590083,5.20992,5.598719999999999,0.6875493541569879,,-13.281161691132484,23.028208,58.314444,10.037008588656061,49.42523733594791,327.4243595334234,3.3887388769263276,0.0028818817433445987,1.6127034192866272
2026-07-15T11:49:39+03:00,13.53,293.72,31.999692858056477,13.802399999999999,276.9964460559965,277.16833339453575,-0.018334649444186345,5.26824,5.48208,0.6875493541569879,,-13.533263120990044,23.028116,58.314448,9.743184457921542,48.65003870578292,325.64648476177945,3.4804970579292624,0.002914558417284145,1.6156179777039112
2026-07-15T11:49:41+03:00,13.53,293.72,31.002746294528848,13.8996,278.9960687610031,276.60110517735626,-0.7392874430573012,5.151599999999999,5.5598399999999994,0.693278932108296,,-13.41867156196388,23.028025,58.314452,9.848155240545674,46.63366151136387,325.62973027236694,3.5374003687137363,0.0028830948727867414,1.618501072576698
2026-07-15T11:49:43+03:00,13.57,293.71,31.002746294528848,13.9968,279.998744902482,276.5552685537458,-0.15143274525307657,5.50152,5.5598399999999994,0.664631042351755,,-13.65358425796752,23.027923,58.31446,9.704167657308622,47.98110303042415,327.9798479329061,3.682583634806438,0.0032560469181911007,1.621757119494889
2026-07-15T11:49:45+03:00,13.68,293.7,31.002746294528848,14.30784,279.998744902482,276.51516150808663,0.336841887757411,5.26824,5.6181600000000005,0.6818197762056798,,-13.206677177765476,23.027831,58.314469,10.16123660071775,46.4915601258125,326.4903050282945,3.6269799832742566,0.0029545698305830574,1.624711689325472
2026-07-15T11:49:47+03:00,13.68,293.71,31.999692858056477,14.40504,279.998744902482,276.2917079679856,0.06090541362240651,5.19048,5.5598399999999994,0.4469070802020421,,-11.14975869324582,23.027734,58.314479,10.374502247600695,47.37391200127911,327.3726569037611,3.515050464353386,0.0031209118376799693,1.627832601163152
2026-07-15T11:49:49+03:00,13.83,293.72,31.002746294528848,14.502239999999999,279.998744902482,275.50102621070505,-1.0703424570838909,5.2488,5.79312,0.4469070802020421,,-10.714310768946394,23.027642,58.314486,10.362170468057318,46.12654568483515,326.1252905873171,3.6377748754916417,0.002934937868720662,1.6307675390318728
2026-07-15T11:49:51+03:00,13.83,293.71,31.002746294528848,14.40504,278.9960687610031,275.4781078988998,-0.016272001381715383,5.48208,5.7153599999999996,0.44117750225073393,,-12.226919348091768,23.027547,58.314496,10.108510837373515,47.22352716987089,326.219595930874,3.723099580979404,0.0030589728172639693,1.6338265118491366
2026-07-15T11:49:53+03:00,13.83,293.71,30.0000701530499,14.21064,277.99912219747546,276.8703953410677,0.5291838195828283,5.13216,5.57928,0.38388172273765153,,-12.307133439410084,23.027453,58.314504,10.097562354331831,44.722062443854185,322.7211846413296,3.646546307920949,0.003006468249518664,1.6368329800986552
2026-07-15T11:49:55+03:00,13.83,293.7,30.0000701530499,14.40504,280.99569146600965,277.75275034556915,0.03844546805327824,5.5404,5.7153599999999996,0.26929016371148695,,-11.671150286814868,23.027356,58.314515,9.998343878958483,46.08527054862998,327.0809620146396,3.8427496518402378,0.00313304062516855,1.6399660207238238
2026-07-15T11:49:57+03:00,13.83,293.7,31.002746294528848,14.79384,281.99836760748855,277.0021756339478,-1.755771867398895,5.46264,5.94864,0.5672282171795151,,-12.066491165455137,23.027258,58.314529,10.49575543191232,46.55273665228833,328.5511042597769,3.756584487940733,0.00320644363225893,1.6431724643560828
2026-07-15T11:49:59+03:00,13.83,293.72,31.999692858056477,14.696639999999999,281.99836760748855,273.15762882862,-0.8305596198216414,5.890319999999999,5.851439999999999,0.590146528984748,,-13.103544774641927,23.027167,58.314543,10.191128414284833,49.83504924451137,331.8334168519999,3.799199464615441,0.0029937475951524514,1.6461662119512352
2026-07-15T11:50:01+03:00,13.83,293.71,31.999692858056477,14.40504,277.99912219747546,272.5388344098787,-0.4529231370509158,6.201359999999999,5.890319999999999,0.7563042895726866,,-14.312485722367963,23.027058,58.314553,9.71842786108514,51.76330329184432,329.76242548931975,3.838093595343845,0.0034934375583636898,1.649659649509599
2026-07-15T11:50:03+03:00,13.76,293.7,31.999692858056477,14.40504,278.9960687610031,273.16908798452255,1.090625163031522,6.57072,5.65704,0.693278932108296,,-14.23227163104965,23.026944,58.314559,9.494260299353803,53.51437287590997,332.510441636913,3.9070888680165905,0.0036172210725815743,1.6532768705821805
2026-07-15T11:50:05+03:00,13.68,293.7,33.00236899953541,14.30784,279.998744902482,273.0487668475451,0.4622050533320351,7.503839999999999,5.94864,0.6531718864491385,,-12.925927858151372,23.026823,58.314569,8.99672799960042,60.021778690451086,340.02052359293305,3.749449579013742,0.0038671981598689203,1.6571440687420496
2026-07-15T11:50:07+03:00,13.68,293.7,33.00236899953541,14.21064,279.998744902482,274.59002331644706,1.143451871742584,6.37632,5.7153599999999996,0.6187944187412892,,-11.739905222230567,23.026716,58.314578,9.51931105960592,54.40003056650947,334.39877546899146,3.711799571165077,0.0034212325605393087,1.660565301302589
2026-07-15T11:50:09+03:00,13.68,293.71,33.00236899953541,14.21064,279.998744902482,274.31500357478427,0.35265552290302166,5.67648,5.87088,0.6589014644004466,,-12.736851785758201,23.026621,58.314589,9.943000227467353,51.11918462650519,331.11792952898713,3.5631403436984805,0.0030713416170473533,1.6636366429196363
2026-07-15T11:50:11+03:00,13.68,293.71,31.999692858056477,13.8996,277.99912219747546,276.2344121884725,-0.611116784286536,5.443199999999999,6.045839999999999,0.6245239966925973,,-12.38161795277709,23.026536,58.314599,9.721271387822377,49.26000357388597,327.2591257713614,3.552381873158339,0.002750100453695099,1.6663867433733315
2026-07-15T11:50:13+03:00,13.68,293.69,31.999692858056477,13.9968,280.99569146600965,275.6786431271956,0.6154712635295303,5.7348,5.9292,0.6359831525952138,,-12.330051751215315,23.026444,58.314607,9.62570499766147,50.40352206948529,331.39921353549494,3.6552274620451564,0.0029441462031850733,1.6693308895765167
2026-07-15T11:50:15+03:00,13.68,293.69,31.002746294528848,14.094,277.99912219747546,276.00522907042017,0.3067043077335297,5.79312,5.81256,0.6073352628386726,,-12.610801070829417,23.026357,58.314617,9.603786508343724,49.10428581162739,327.10340800910285,3.792664554989074,0.00281175003367274,1.6721426396101895
2026-07-15T11:50:17+03:00,13.68,293.69,31.002746294528848,14.094,282.99531417101616,275.94220371295575,-0.7154523987798589,6.10416,6.0652800000000004,0.5958761069360561,,-12.330051751215315,23.026258,58.314627,9.403093402468075,50.53706458423903,333.5323787552552,3.8796754448759736,0.0031828840076268444,1.6753255236178164
2026-07-15T11:50:19+03:00,13.53,293.69,30.0000701530499,14.094,280.99569146600965,275.3463276060197,0.06520259708588769,5.851439999999999,5.94864,0.6245239966925973,,-12.564964447218953,23.02616,58.314637,9.488820715805703,47.95892940158245,328.9546208675921,3.9184936451495727,0.003151885024548801,1.6784774086423653
2026-07-15T11:50:21+03:00,13.53,293.69,31.002746294528848,14.30784,280.99569146600965,275.12860364387,-1.2170196526373815,5.65704,5.67648,0.6245239966925973,,-12.043572853649904,23.026067,58.314646,9.897580566917702,48.12416129574345,329.1198527617531,3.7761795582256994,0.0029855992423670867,1.6814630078847324
2026-07-15T11:50:23+03:00,13.53,293.69,31.999692858056477,14.696639999999999,280.99569146600965,275.87344877754003,0.4243325430738877,5.598719999999999,5.98752,0.6359831525952138,,-12.582153181072878,23.025974,58.314653,10.381599447878159,48.605117524032664,329.6008089900423,3.702124847955224,0.0029661734496035865,1.684429181334336
2026-07-15T11:50:25+03:00,13.53,293.69,31.002746294528848,14.59944,279.998744902482,277.9074489502545,-0.45773598253001463,5.5598399999999994,5.7153599999999996,0.6130648407899808,,-12.209730614237845,23.025874,58.31466,10.242362698758363,47.23903904492272,327.2377839474047,3.7748045108994797,0.003185095114492732,1.6876142764488287
2026-07-15T11:50:27+03:00,13.53,293.68,31.999692858056477,14.59944,284.9949368760228,277.489189759809,1.0218702276158234,5.443199999999999,5.851439999999999,0.6302535746439055,,-12.610801070829417,23.025782,58.31467,10.391670101649915,48.115012355228686,333.10994923125145,3.634084503899108,0.002966147844947684,1.6905804242937763
2026-07-15T11:50:29+03:00,13.53,293.7,31.002746294528848,14.502239999999999,279.998744902482,279.7065364269653,1.1520462386695463,5.57928,5.9292,0.6589014644004466,,-13.195218021862859,23.025694,58.314676,10.13592548380823,47.47334452617571,327.4720894286577,3.7712202209858576,0.0028016281882819547,1.6933820524820582
2026-07-15T11:50:31+03:00,13.53,293.68,30.0000701530499,14.502239999999999,281.99836760748855,279.924260389115,0.3010893213412476,5.26824,5.81256,0.6703606203030631,,-13.155110976203702,23.025613,58.314686,10.282923273683156,44.84270113584583,326.8410687433344,3.7354213010688424,0.0026270051910177693,1.696009057673076
2026-07-15T11:50:33+03:00,13.38,293.69,28.997394011570965,14.696639999999999,283.9979903124951,280.1190660394595,0.3491604803527236,5.3654399999999995,5.81256,0.6703606203030631,,-12.960305325859222,23.02553,58.3147,10.336405382687655,43.57169031864498,327.5696806311401,3.887328412803117,0.0027522603270111134,1.6987613180000871
2026-07-15T11:50:35+03:00,13.38,293.7,28.997394011570965,14.91048,283.9979903124951,281.2477928958672,0.051279722664208674,5.38488,5.69592,0.3380450991271857,,-12.146705256773451,23.025437,58.314715,10.529357494567037,43.35179536961763,327.3497856821127,3.91562885058048,0.0030714872079005465,1.7018328052079876
2026-07-15T11:50:37+03:00,13.38,293.69,28.997394011570965,14.696639999999999,284.9949368760228,281.23633373996455,-0.011000789666511806,5.52096,5.69592,0.4526366581533504,,-11.837308047402809,23.025345,58.314729,10.224291136173056,44.172404304493114,329.1673411805159,3.959888155193984,0.00302404494815976,1.7048568501561474
2026-07-15T11:50:39+03:00,13.38,293.68,30.0000701530499,14.79384,286.9945595810294,280.90974779674,-0.49704088727598916,5.3654399999999995,5.6376,0.6245239966925973,,-12.903009546346139,23.02525,58.314742,10.495876065949371,44.80909677638854,331.80365635741794,3.8065589121932657,0.0030994326910177418,1.707956282847165
2026-07-15T11:50:41+03:00,13.38,293.68,30.0000701530499,14.502239999999999,284.9949368760228,280.41700409292747,1.08501017663924,5.1127199999999995,5.6376,0.716197243913529,,-14.495832216809827,23.025161,58.314754,10.393772588929574,44.238149854214925,329.2330867302377,3.6629890608689064,0.0029009850254190007,1.710857267872584
2026-07-15T11:50:43+03:00,13.38,293.67,28.997394011570965,14.21064,283.9979903124951,282.0957704326608,-0.5023693947707057,5.326560000000001,5.65704,0.664631042351755,,-13.61347721230836,23.025063,58.314767,9.894673702701192,44.12467622682843,328.1226665393235,3.8235459989154177,0.00319117569800293,1.714048443570587
2026-07-15T11:50:45+03:00,13.35,293.68,30.0000701530499,14.40504,288.9999118639872,280.2852238000474,-1.0999070793126413,5.38488,5.67648,0.6359831525952138,,-11.716986910425334,23.024979,58.314784,10.106831484184422,45.450144282072245,334.45005614605947,3.777652880479409,0.002842071278841987,1.716890514849429
2026-07-15T11:50:47+03:00,13.23,293.69,31.002746294528848,14.30784,287.9972357225083,279.7924800962349,0.22414108945517802,5.307119999999999,5.65704,0.6302535746439055,,-11.60239535139917,23.024889,58.314798,10.134508451249726,46.65098212451389,334.64821784702224,3.64302331869102,0.002963442234769724,1.7198539570841986
2026-07-15T11:50:49+03:00,13.23,293.67,30.0000701530499,14.094,284.9949368760228,280.3425195795605,-0.5265482137252265,5.151599999999999,5.443199999999999,0.6073352628386726,,-11.338834765638993,23.0248,58.31481,9.971033045758567,44.97099502445897,329.9659319004818,3.6445748954421058,0.0029009807158791533,1.7227549378000777
2026-07-15T11:50:51+03:00,13.23,293.68,30.0000701530499,13.802399999999999,285.99761301750175,277.97047430771886,-0.01850653678272559,5.346,5.46264,0.4354479242994257,,-10.805984016167326,23.024719,58.314824,9.55416805812427,46.24677354064397,332.2443865581457,3.6970462549612706,0.0026922013265746566,1.7254471391266524
2026-07-15T11:50:53+03:00,13.23,293.68,31.002746294528848,13.7052,284.9949368760228,277.39178693463674,0.17251759211389084,5.326560000000001,5.443199999999999,0.6302535746439055,,-12.169623568578686,23.024625,58.314836,9.542496285547351,47.71191982107126,332.70685669709405,3.5840218429171524,0.0030541319513947567,1.7285012710780472
2026-07-15T11:50:55+03:00,13.23,293.67,31.002746294528848,13.39416,282.99531417101616,276.02814738222537,-0.9312856002056401,5.28768,5.67648,0.693278932108296,,-13.132192664398469,23.024535,58.314847,9.270948725788204,48.086847080385894,331.08216125140206,3.532188235753505,0.002917361222943493,1.7314186323009906
2026-07-15T11:50:57+03:00,13.23,293.69,31.999692858056477,13.296959999999999,279.998744902482,274.0858204567319,-0.22574537128154434,5.151599999999999,5.6376,0.7219268218648373,,-12.851443344784366,23.024441,58.314855,9.336171556664091,49.00146578466149,329.00021068714346,3.379654227813098,0.0030064391747940383,1.7344250714757845
2026-07-15T11:50:59+03:00,13.23,293.67,33.00236899953541,13.5108,278.9960687610031,274.2233303275633,-0.06084811784289343,5.3654399999999995,5.67648,0.7104676659622208,,-12.719663051904275,23.024347,58.314862,9.473127415103995,50.970935232502,329.96700399350505,3.3786955679251975,0.0029974120024614755,1.737422483478246
2026-07-15T11:51:01+03:00,13.23,293.67,33.99931556306306,13.39416,278.9960687610031,275.1916290013344,0.8873970330986191,5.48208,5.87088,0.7104676659622208,,-13.90568568782508,23.02425,58.314869,9.365192906654604,53.10596613344168,332.1020348944447,3.291095197651743,0.0030912171132015656,1.7405137005914475
2026-07-15T11:51:03+03:00,13.23,293.68,33.00236899953541,13.5108,280.99569146600965,275.44373043119197,-0.7834051932823746,5.443199999999999,5.79312,0.693278932108296,,-13.854119486263306,23.024148,58.314877,9.424354402956022,51.33817892835134,332.333870394361,3.400489399431946,0.003256009364125234,1.7437697099555727
2026-07-15T11:51:05+03:00,13.16,293.67,33.00236899953541,13.608,281.99836760748855,274.21760074961196,-0.3626822843178111,5.5598399999999994,5.773680000000001,0.7219268218648373,,-13.74525750518845,23.024054,58.314887,9.443945627994685,51.70523230198546,333.703599909474,3.4454737835937035,0.0030279905587083517,1.746797700514281
2026-07-15T11:51:07+03:00,13.08,293.68,33.99931556306306,13.608,280.99569146600965,274.8249360124506,0.34600921247950417,5.65704,5.598719999999999,0.641712730546522,,-12.083679899309063,23.023949,58.314896,9.462476094433358,53.529387841567356,334.525079307577,3.362603401350419,0.003358868564267348,1.7501565690785483
2026-07-15T11:51:09+03:00,13.08,293.68,35.00199170454199,13.7052,281.99836760748855,273.5701584411142,0.0755158373982425,5.42376,5.598719999999999,0.664631042351755,,-12.209730614237845,23.023854,58.314905,9.770947433909745,53.568341975430044,335.5667095829186,3.2209732562744025,0.0030476975833963462,1.7532042666619447
2026-07-15T11:51:11+03:00,13.08,293.68,33.99931556306306,13.39416,279.998744902482,274.4295951338104,-0.30441247655300635,5.90976,5.851439999999999,0.6703606203030631,,-13.41867156196388,23.023753,58.314915,9.114860521543052,55.25649976059164,335.2552446630736,3.3679932005378572,0.003244887926647853,1.7564491545885925
2026-07-15T11:51:13+03:00,13.08,293.68,33.99931556306306,13.19976,276.9964460559965,273.083144315253,0.6935654110058616,5.7153599999999996,5.7348,0.6818197762056798,,-13.372834938353414,23.02365,58.314922,9.044916721440849,54.69106527501444,331.6875113310109,3.3033916989276793,0.0032789804881357383,1.7597281350767282
2026-07-15T11:51:15+03:00,13.08,293.67,35.00199170454199,13.19976,278.9960687610031,273.99987678746226,-0.6449212941992546,5.443199999999999,6.0264,0.6818197762056798,,-13.332727892694255,23.023552,58.31493,9.281947735611796,54.658368137680526,333.65443689868357,3.14862169643096,0.0031311586186015404,1.7628592936953298
2026-07-15T11:51:17+03:00,13.08,293.67,33.99931556306306,13.19976,280.99569146600965,273.5529697072603,0.39327823057779704,5.6181600000000005,5.773680000000001,0.6818197762056798,,-12.593612336975495,23.023452,58.31494,9.10144249826357,54.1917215605114,335.187413026521,3.287044154496236,0.003213865852384247,1.766073159547714
2026-07-15T11:51:19+03:00,13.08,293.67,35.00199170454199,13.39416,281.99836760748855,273.6618316883351,0.6292222506126701,5.46264,5.851439999999999,0.6589014644004466,,-12.496209511803253,23.023362,58.314957,9.453904143285598,54.358161453872,336.35652906136056,3.1831707765047303,0.0030195895686657686,1.7690927491163797
2026-07-15T11:51:21+03:00,13.08,293.66,33.99931556306306,13.5108,280.99569146600965,274.6072120503009,0.589516275410104,5.890319999999999,6.045839999999999,0.5844169510334397,,-11.115381225537972,23.023271,58.314967,9.234827333475568,54.89501859332657,335.89071005933624,3.3873839108882597,0.0029352144392899436,1.7720279635556697
2026-07-15T11:51:23+03:00,13.08,293.66,33.99931556306306,13.608,283.9979903124951,272.60185976734306,0.08250592249883856,5.7153599999999996,5.773680000000001,0.5729577951308232,,-9.327752904729802,23.023174,58.314985,9.427926728296969,53.81440381825331,337.81239413074843,3.3743644551932643,0.0032479412657578925,1.7752759048214277
2026-07-15T11:51:25+03:00,13.08,293.66,35.99893826806962,13.8996,281.99836760748855,272.79666541768756,0.6420565052236005,5.65704,5.79312,0.5958761069360561,,-9.385048684242886,23.023085,58.314994,9.898095600382637,55.627870677868486,337.62623828535703,3.19377002590487,0.002861466620819973,1.7781373714422477
2026-07-15T11:51:27+03:00,13.08,293.66,33.99931556306306,13.608,281.99836760748855,273.306597855354,0.5866514864344499,5.38488,5.48208,0.6016056848873644,,-9.958006479373708,23.022995,58.315003,9.626739012316639,52.22667523835928,334.22504284584784,3.298449625210016,0.0028924742552339277,1.7810298456974816
2026-07-15T11:51:29+03:00,13.08,293.65,33.99931556306306,13.608,281.99836760748855,274.532727536934,1.295285687452252,5.28768,5.46264,0.5958761069360561,,-9.59131349048998,23.022909,58.31501,9.686582517339971,51.7722191447441,333.77058675223265,3.2719601179720645,0.0027475572147508008,1.7837774029122324
2026-07-15T11:51:31+03:00,13.08,293.66,33.99931556306306,13.7052,278.9960687610031,274.77909938884017,-1.1807514242056005,5.42376,5.48208,0.5729577951308232,,-9.379319106291577,23.02282,58.315015,9.69524627313083,52.228621146474595,331.2246899074777,3.3221195414224773,0.0028258903815445782,1.786603293293777
2026-07-15T11:51:33+03:00,13.08,293.66,33.00236899953541,13.39416,279.998744902482,274.2061415937094,0.4431828545336917,5.42376,5.326560000000001,0.544309905374282,,-8.617285238767582,23.022733,58.31502,9.325805746793632,51.470354199230286,331.46909910171223,3.378565801820219,0.002763113266987486,1.7893664065607644
2026-07-15T11:51:35+03:00,13.08,293.65,33.00236899953541,13.5108,278.9960687610031,274.72180360932714,0.3107150122994454,5.20992,5.6181600000000005,0.5042028597151245,,-8.027138709782834,23.022638,58.315022,9.571823073425017,50.247749499373754,329.2438182603768,3.331583377346476,0.0030017000288807575,1.792368106589645
2026-07-15T11:51:37+03:00,13.08,293.65,33.00236899953541,13.39416,278.9960687610031,273.38108236872097,-1.4629331383075308,5.20992,5.42376,0.5099324376664327,,-7.855251371243587,23.022543,58.315028,9.460489956032857,50.45717534988296,329.45324411088603,3.3169204651488706,0.0030208963953415524,1.7953890029849866
2026-07-15T11:51:39+03:00,13.08,293.65,33.00236899953541,13.00536,278.9960687610031,271.6851272951337,0.132238659116194,5.1710400000000005,5.28768,0.544309905374282,,-8.067245755441991,23.022455,58.315035,9.114757621658548,51.001804158872375,329.9978729198755,3.2541143719202505,0.002809970142558826,1.7981989731275454
2026-07-15T11:51:41+03:00,13.08,293.65,33.99931556306306,13.19976,275.99949949246883,272.7164513263692,0.5753642178703727,5.1710400000000005,5.38488,0.5958761069360561,,-8.405290854569177,23.022362,58.315042,9.370059890098291,51.9739205167306,327.97342000919946,3.1854645398293684,0.0029661414807212413,1.8011651146082666
2026-07-15T11:51:43+03:00,13.08,293.65,33.99931556306306,13.19976,276.9964460559965,273.4383781482341,0.2636178815396918,5.38488,5.50152,0.5729577951308232,,-8.62301481671889,23.022267,58.315045,9.239865737496045,53.01851470429949,330.014960760296,3.2393118199393256,0.003004705693670998,1.8041698203019376
2026-07-15T11:51:45+03:00,13.08,293.65,35.00199170454199,13.10256,280.99569146600965,272.8023949956389,-0.6686417469176708,5.22936,5.3654399999999995,0.5156620156177408,,-7.253645686356221,23.022163,58.315051,9.315186107078395,53.7865392468032,334.78223071281286,3.089480965428942,0.003303179716529692,1.8074730000184673
2026-07-15T11:51:47+03:00,13.08,293.65,35.99893826806962,13.296959999999999,278.9960687610031,273.0430372695938,1.0960109663057518,5.19048,5.404319999999999,0.48701412586119974,,-6.503070974734843,23.022071,58.315057,9.595618468025954,54.537195514186664,333.5332642751897,3.0113832172387536,0.002926878788029312,1.8103998788064966
2026-07-15T11:51:49+03:00,13.08,293.63,35.99893826806962,13.296959999999999,276.9964460559965,273.61599506472464,-2.625922870864076,4.97664,5.19048,0.46982539200727513,,-6.25669912282859,23.021983,58.315063,9.721243341526662,53.510598491838635,330.5070445478351,2.9594788148666624,0.002801598039202919,1.8132014768456994
2026-07-15T11:51:51+03:00,13.08,293.64,35.00199170454199,13.00536,278.9960687610031,270.7626652449731,0.3430298319448239,5.09328,5.22936,0.5557690612768985,,-7.305211887917996,23.021898,58.315068,9.303889880724055,53.303153978884396,332.29922273988745,3.0436474090207635,0.0027003500074008284,1.8159018268531002
2026-07-15T11:51:53+03:00,13.08,293.63,35.99893826806962,12.908159999999999,275.99949949246883,272.1148456414819,-0.686976396361857,4.957199999999999,5.19048,0.5557690612768985,,-8.216214782176005,23.02181,58.315074,9.362571146372435,54.13090428606705,330.1304037785359,2.9045987167631604,0.002801597182247765,1.818703424035348
2026-07-15T11:51:55+03:00,13.08,293.64,35.99893826806962,13.19976,278.9960687610031,270.6366145300443,-1.304109237497267,5.01552,5.38488,0.4526366581533504,,-7.477099226457244,23.021718,58.31508,9.605617640213328,53.87150648853847,332.8675752495416,2.9571410743745186,0.002926876913351902,1.8216303009486998
2026-07-15T11:51:57+03:00,13.08,293.63,37.001614409548566,13.19976,276.9964460559965,270.72255819931394,0.7343600060191761,5.20992,5.19048,0.5786873730821314,,-8.382372542763944,23.021638,58.315086,9.567414703648804,56.1326460020324,333.1290920580289,2.903343027370663,0.0025513333642712514,1.824181634312971
2026-07-15T11:51:59+03:00,13.08,293.64,37.001614409548566,13.19976,275.99949949246883,271.06633287639244,0.11510722104178239,5.0544,5.22936,0.5786873730821314,,-8.319347185299552,23.021544,58.315094,9.654945261423704,55.36630385330909,331.3658033457779,2.8725557315242933,0.0030064193773482344,1.8271880536903193
2026-07-15T11:52:01+03:00,13.08,293.64,37.998560973076195,13.10256,276.9964460559965,271.8742033675269,1.3791667086594044,5.09328,5.13216,0.6073352628386726,,-8.65739228442674,23.021452,58.3151,9.614609192715527,57.032755580434426,334.0292016364309,2.7715566175549182,0.0029268752832792063,1.8301149289735985
2026-07-15T11:52:03+03:00,13.08,293.64,37.001614409548566,13.00536,276.9964460559965,274.2004120157581,-0.3401077471896567,4.957199999999999,5.01552,0.590146528984748,,-8.81782046706337,23.021364,58.315106,9.52570584945348,55.253658094970476,332.250104150967,2.825327897479427,0.0028015946892867628,1.8329165236628853
2026-07-15T11:52:05+03:00,13.08,293.64,35.00199170454199,13.10256,279.998744902482,272.768017527931,-1.181782748236836,5.01552,5.03496,0.590146528984748,,-7.935465462561903,23.021276,58.315113,9.44309800816622,52.739654846600104,332.7383997490821,3.0365849026332423,0.0028099640840674204,1.8357264877469528
2026-07-15T11:52:07+03:00,12.97,293.64,35.99893826806962,13.19976,279.998744902482,271.35281177395785,0.9245819940026094,5.1127199999999995,5.0544,0.6302535746439055,,-8.10162322314984,23.021195,58.315121,9.548631454059668,54.34259336640598,334.34133826888797,2.980395457065395,0.002602100934404492,1.8383285886813572
2026-07-15T11:52:09+03:00,12.93,293.65,37.001614409548566,13.00536,276.9964460559965,271.5304286904484,-0.29203658817818057,5.1127199999999995,5.13216,0.6187944187412892,,-9.024085273310467,23.021104,58.315128,9.437933267552477,56.02945800267362,333.0259040586701,2.8568171144957937,0.0029036439410166253,1.8412322326223738
2026-07-15T11:52:11+03:00,12.93,293.65,37.001614409548566,13.00536,276.9964460559965,270.5449412828234,-0.4220980076728775,4.89888,5.09328,0.6703606203030631,,-9.66006842590568,23.021015,58.315134,9.559065117308238,54.966427285591436,331.96287334158797,2.812233042586519,0.0028329041375374092,1.8440651367599112
2026-07-15T11:52:13+03:00,12.93,293.65,37.998560973076195,13.00536,275.99949949246883,271.75388223054944,0.8233976473825061,5.13216,5.13216,0.6818197762056798,,-10.353347358013977,23.020928,58.315139,9.501784468492865,57.42060634611816,333.420105838587,2.7635027163817436,0.002763104079474712,1.846828240839386
2026-07-15T11:52:15+03:00,12.93,293.65,37.001614409548566,13.19976,276.9964460559965,272.41278369494995,-0.7395739219548665,5.07384,5.19048,0.693278932108296,,-10.387724825721826,23.020829,58.315146,9.643910234946272,55.46133400340456,332.45778005940105,2.876675836904845,0.0031537601731794446,1.8499820010125654
2026-07-15T11:52:17+03:00,12.93,293.65,37.001614409548566,13.296959999999999,276.9964460559965,272.85969077515193,1.081572429868455,5.03496,5.19048,0.6760901982543714,,-10.14708255176688,23.020743,58.315152,9.758354552384352,55.09257822960808,332.0890242856046,2.8812664659852736,0.0027389857703651287,1.8527209867829304
2026-07-15T11:52:19+03:00,12.93,293.65,37.001614409548566,13.5108,276.9964460559965,274.23478948346593,-0.42822865608077726,5.28768,5.19048,0.5729577951308232,,-8.766254265501596,23.020648,58.315159,9.81801409148197,55.91455901262479,332.9110050686213,2.963366909788078,0.003028649341015668,1.855749636123946
2026-07-15T11:52:21+03:00,12.93,293.64,35.99893826806962,13.39416,278.9960687610031,273.0946034711556,0.10066868460448565,5.1127199999999995,5.03496,0.5958761069360561,,-8.62301481671889,23.02056,58.315165,9.733345488664066,53.98244777757556,332.9785165385786,3.006448398120908,0.0028015900928877596,1.8585512262168338
2026-07-15T11:52:23+03:00,12.93,293.64,35.99893826806962,13.19976,277.99912219747546,273.4097302584775,-0.32744537991726547,4.996079999999999,5.22936,0.590146528984748,,-8.703228908037206,23.020477,58.31517,9.617092245189369,53.77796082666427,331.77708302413976,2.9522637399637603,0.0026376012441943083,1.861188827461028
2026-07-15T11:52:25+03:00,12.78,293.64,35.99893826806962,13.19976,277.99912219747546,272.72791048227185,0.598511712793658,5.09328,5.03496,0.6130648407899808,,-8.81782046706337,23.020387,58.315176,9.559976804990775,54.24792720577314,332.2470494032486,2.975896675687241,0.0028642181224901252,1.864053045583518
2026-07-15T11:52:27+03:00,12.86,293.64,35.99893826806962,13.19976,280.99569146600965,271.9716061926992,-0.9157011481780817,5.19048,5.28768,0.6531718864491385,,-9.866333232152776,23.020305,58.315185,9.503512269231928,54.72351045443742,335.71920192044706,2.997619951532034,0.002644767665162504,1.8666978132486804
2026-07-15T11:52:29+03:00,12.78,293.64,35.99893826806962,13.19976,278.9960687610031,271.7424230746468,0.24012661193932802,4.84056,5.346,0.641712730546522,,-10.23875579898781,23.020219,58.315196,9.709802111871959,53.03760508622632,332.0336738472294,2.910583822464219,0.002794481247392947,1.8694922944960735
2026-07-15T11:52:31+03:00,12.78,293.64,37.001614409548566,13.296959999999999,277.99912219747546,271.89712167933214,-0.503228831463402,5.01552,5.404319999999999,0.6531718864491385,,-10.720040346897703,23.020135,58.315201,9.769492141045465,54.999080270681574,332.99820246815705,2.876850038145156,0.002668967102161565,1.872161261598235
2026-07-15T11:52:33+03:00,12.78,293.63,37.998560973076195,13.296959999999999,279.998744902482,272.1606822650923,0.14272378676708808,5.151599999999999,5.2488,0.6875493541569879,,-10.765876970508168,23.020047,58.315204,9.766655537926479,56.94786353323718,336.94660843571916,2.8096927383159214,0.0027841228519435534,1.8749453844501787
2026-07-15T11:52:35+03:00,12.78,293.63,37.001614409548566,13.39416,278.9960687610031,270.9116342717071,-0.9416561362975081,5.26824,5.598719999999999,0.664631042351755,,-10.462209339088833,23.019958,58.315208,9.718590205767287,56.0425287998566,335.03859756085967,2.942719705704905,0.002820115886594795,1.8777655003367735
2026-07-15T11:52:37+03:00,12.78,293.62,37.998560973076195,13.5108,275.99949949246883,272.1893301548489,-0.009912169855763242,5.307119999999999,5.42376,0.641712730546522,,-10.267403688744352,23.019868,58.315213,9.884273529621028,57.300954024161044,333.3004535166299,2.8670458464844883,0.002857268979002212,1.8806227693157758
2026-07-15T11:52:39+03:00,12.78,293.63,37.001614409548566,13.5108,277.99912219747546,272.8826090869572,1.0098381139180759,5.3654399999999995,5.3654399999999995,0.6589014644004466,,-10.817443172069943,23.01977,58.315218,9.774647324370779,56.29205957875553,334.291181776231,2.977603078601013,0.0031085515927133183,1.8837313209084892
2026-07-15T11:52:41+03:00,12.78,293.63,35.99893826806962,13.608,280.99569146600965,272.5159160980735,-0.2248859345888481,5.46264,5.50152,0.664631042351755,,-10.422102293429676,23.019673,58.315227,9.733393282544311,55.25996623706179,336.25565770307145,3.112906346155619,0.003109830847597598,1.8868411517560868
2026-07-15T11:52:43+03:00,12.75,293.63,35.99893826806962,13.9968,280.99569146600965,273.2206541860844,0.7197495822433401,5.443199999999999,5.38488,0.6245239966925973,,-9.8835219660067,23.019576,58.315236,10.112536952767657,54.44276282407159,335.43845429008127,3.165307611626956,0.0031098300800420516,1.8899509818361289
2026-07-15T11:52:45+03:00,12.67,293.63,35.00199170454199,14.094,279.998744902482,274.5671050046418,1.0213545656002057,5.38488,5.5598399999999994,0.5729577951308232,,-9.356400794486342,23.019476,58.315246,10.16378510145518,52.69410354902509,332.6928484515071,3.263615628174754,0.003213839017510818,1.8931648208536396
2026-07-15T11:52:47+03:00,12.63,293.63,33.99931556306306,13.8996,281.99836760748855,272.77947668383365,-0.9937379998748997,5.346,5.57928,0.6359831525952138,,-9.631420536149138,23.019384,58.315258,9.928271746521485,51.52293684901343,333.521304456502,3.326288097944353,0.0029927783465056525,1.8961575992001451
2026-07-15T11:52:49+03:00,12.63,293.62,33.99931556306306,13.8996,278.9960687610031,274.79055854474285,1.1804649453080351,5.404319999999999,5.851439999999999,0.693278932108296,,-10.65701498943331,23.01929,58.315271,9.892090329387957,51.78738237425611,330.78345113525916,3.34301205359704,0.003068848155925415,1.8992264473560705
2026-07-15T11:52:51+03:00,12.63,293.61,33.00236899953541,13.9968,279.998744902482,275.2202768910909,0.9343222765198334,5.346,5.26824,0.6359831525952138,,-10.04967972659464,23.01919,58.315281,9.949033674288101,50.020494622540554,330.0192395250225,3.434877467774378,0.003213835948146146,1.9024402833042167
2026-07-15T11:52:53+03:00,12.63,293.62,33.99931556306306,14.094,278.9960687610031,275.7817755303191,-0.23812125965637013,5.2488,5.6376,0.5271211715203573,,-8.141730268808997,23.019096,58.315287,10.175018848841074,50.7648247331864,329.7608934941895,3.319891932850026,0.0029895315007467337,1.9054298148049633
2026-07-15T11:52:55+03:00,12.63,293.61,33.99931556306306,14.094,282.99531417101616,273.42118941438014,-0.6225186444096394,5.48208,5.90976,0.48701412586119974,,-6.783820294348947,23.019003,58.315295,10.02909590917983,51.79714595774854,334.7924601287647,3.390378890275951,0.0029752422162792236,1.9084050570212425
2026-07-15T11:52:57+03:00,12.48,293.62,35.00199170454199,13.7052,279.998744902482,271.79398927620855,-0.1545840131262961,5.7153599999999996,5.6181600000000005,0.38961130068895977,,-6.31972448029298,23.018904,58.315305,9.600643861516817,54.96862101555027,334.9673659180322,3.280759366943483,0.0031828251653368577,1.9115878821865795
2026-07-15T11:52:59+03:00,12.48,293.61,33.99931556306306,13.608,277.99912219747546,269.30162286738954,-0.04784197589342375,5.26824,5.346,0.590146528984748,,-7.849521793292279,23.018817,58.315306,9.698623805346397,51.682002507242345,329.68112470471783,3.2664432014488884,0.002747355373607528,1.914335237560187
2026-07-15T11:53:01+03:00,12.48,293.61,35.00199170454199,13.39416,271.99452450450445,269.8745806625204,0.751606035652614,5.09328,5.65704,0.6130648407899808,,-8.789172577306829,23.01873,58.315306,9.67379446250689,52.58003557654327,324.5745600810477,3.094944898635651,0.0027466977259073097,1.9170819352860944
2026-07-15T11:53:03+03:00,12.48,293.6,35.00199170454199,13.10256,273.99987678746226,270.26992154116067,0.26619619161778046,5.01552,5.42376,0.6073352628386726,,-8.141730268808997,23.018628,58.315307,9.44309800816622,52.739654846600104,326.73953163406236,3.0365849026332423,0.0032208271739096695,1.920302762460004
2026-07-15T11:53:05+03:00,12.41,293.6,35.00199170454199,13.00536,271.99452450450445,270.49910465921295,-0.7908536446190753,5.1127199999999995,5.52096,0.6245239966925973,,-8.474045789984876,23.018535,58.315306,9.292285979071869,53.399263675745985,325.39378818025045,3.0483835916123505,0.002936740305442533,1.9232395027654465
2026-07-15T11:53:07+03:00,12.33,293.61,35.00199170454199,12.908159999999999,274.9968233509899,270.3787835222355,0.12839984188881748,5.07384,5.307119999999999,0.6531718864491385,,-8.81209088911206,23.018438,58.315309,9.223235409900813,53.39593056310825,328.3927539140982,3.0254389231810763,0.0030677143469195977,1.926307217112366
2026-07-15T11:53:09+03:00,12.33,293.6,35.99893826806962,12.79152,277.99912219747546,271.66220898332847,1.3617487916874276,5.22936,5.0544,0.6302535746439055,,-8.800631733209444,23.01835,58.315316,9.095882146810604,55.74901622022824,333.7481384177037,2.94318379503774,0.0028099483164327112,1.9291171654287989
2026-07-15T11:53:11+03:00,12.18,293.59,35.99893826806962,13.00536,276.9964460559965,272.768017527931,-0.29341168688649455,5.09328,5.22936,0.6359831525952138,,-8.176107736516848,23.018263,58.315325,9.375551856978971,54.61995331989996,331.61639937589644,2.9489952053934974,0.002799462476047406,1.9319166279048463
2026-07-15T11:53:13+03:00,12.18,293.59,35.00199170454199,13.00536,279.998744902482,273.07168515935035,0.5675146960770805,5.0544,4.97664,0.6302535746439055,,-9.241809235460178,23.018174,58.315334,9.32717592767538,53.11165334900842,333.1103982514904,3.0339418395584206,0.0028614400944777098,1.934778067999324
2026-07-15T11:53:15+03:00,12.18,293.6,35.00199170454199,12.908159999999999,278.9960687610031,271.13508781180815,-2.7544373043119195,4.957199999999999,5.326560000000001,0.693278932108296,,-9.293375437021954,23.018086,58.315343,9.293257462579255,52.818628073667014,331.8146968346701,2.995834813789873,0.0028304438156693044,1.9376085118149933
2026-07-15T11:53:17+03:00,12.11,293.62,37.001614409548566,13.00536,276.9964460559965,268.95211861235975,1.0388297783516955,5.0544,5.28768,0.716197243913529,,-10.04967972659464,23.017997,58.315354,9.470644038110647,55.736849284600154,332.73329534059667,2.845600080422406,0.0028865807513125574,1.9404950925663058
2026-07-15T11:53:19+03:00,12.03,293.61,37.001614409548566,12.69432,272.99720064598336,270.84287933629145,0.02710090370968794,5.19048,5.13216,0.6875493541569879,,-10.599719209920229,23.017904,58.315358,9.10195069510711,57.073812512131695,330.0710131581151,2.8213276964600604,0.0029459486677808956,1.9434410412340868
2026-07-15T11:53:21+03:00,12.03,293.61,37.001614409548566,12.69432,277.99912219747546,270.0521975790109,-0.5202456779787874,5.09328,5.1127199999999995,0.641712730546522,,-9.837685342396234,23.017811,58.315362,9.155148088803267,56.563209351287114,334.5623315487626,2.8064823243508594,0.0029459483367989237,1.9463869895708856
2026-07-15T11:53:23+03:00,12.03,293.59,37.001614409548566,12.59712,273.99987678746226,269.93187644203346,-0.14071843448413018,5.09328,5.2488,0.5844169510334397,,-9.56839517868475,23.017724,58.315368,9.063616697980931,56.76894035336643,330.7688171408287,2.791202738050059,0.0027702687554905024,1.949157258326376
2026-07-15T11:53:25+03:00,11.88,293.6,37.998560973076195,12.59712,274.9968233509899,269.66831585627324,0.9303688677334307,5.09328,4.996079999999999,0.6531718864491385,,-10.244485376939119,23.017641,58.315373,9.138291427775545,58.066337074942055,333.063160425932,2.6940244413407504,0.0026375863007357453,1.9517948446271118
2026-07-15T11:53:27+03:00,11.88,293.59,37.001614409548566,12.69432,275.99949949246883,270.779853978827,0.30750644864671284,5.19048,5.151599999999999,0.641712730546522,,-10.622637521725462,23.017548,58.315379,9.10195069510711,57.073812512131695,333.07331200460055,2.8213276964600604,0.0029581856860806245,1.9547530303131924
2026-07-15T11:53:29+03:00,11.73,293.59,37.001614409548566,12.69432,276.9964460559965,273.21492460813306,0.5117086068313382,5.03496,5.13216,0.5958761069360561,,-9.837685342396234,23.017462,58.315384,9.187412285152577,56.25969984045908,333.25614589645556,2.7965651245710963,0.002731703462813586,1.957484733776006
2026-07-15T11:53:31+03:00,11.58,293.59,37.001614409548566,12.908159999999999,282.99531417101616,272.8826090869572,-0.646582871805134,5.0544,5.1710400000000005,0.5844169510334397,,-9.322023326778494,23.017375,58.315393,9.378646344988017,55.92757923607232,338.9228934070885,2.8316787949695716,0.00279945729419482,1.9602841910702007
2026-07-15T11:53:33+03:00,11.58,293.59,37.001614409548566,12.79152,279.998744902482,272.6075893452944,-0.3613644813890102,5.0544,5.151599999999999,0.6302535746439055,,-9.688716315662221,23.017293,58.315401,9.26838929282023,56.16144992500186,336.16019482748385,2.8145658764868235,0.002633114886827879,1.9629173059570286
2026-07-15T11:53:35+03:00,11.43,293.59,35.99893826806962,12.79152,277.99912219747546,272.5216456760248,1.1822411144729406,4.97664,5.03496,0.6474423084978302,,-10.021031836838098,23.017198,58.315409,9.24047925224785,54.45365859925252,332.452780796728,2.8932255541058627,0.0030375621750888234,1.9659548681321175
2026-07-15T11:53:37+03:00,11.43,293.59,35.99893826806962,12.59712,277.99912219747546,274.10873876853714,0.37391225710237525,5.09328,5.01552,0.6359831525952138,,-9.728823361321378,23.01711,58.315416,8.989627812622512,55.45079833144963,333.4499205289251,2.8884690228000496,0.0028099405492123235,1.9687648086813299
2026-07-15T11:53:39+03:00,11.36,293.58,37.001614409548566,12.69432,281.99836760748855,273.679020422189,-0.7069726234119227,4.62672,5.01552,0.6359831525952138,,-9.425155729902043,23.01703,58.315423,9.420279652852834,54.19449118547655,336.1928587929651,2.7067961592097114,0.0025604977502615882,1.9713253064315914
2026-07-15T11:53:41+03:00,11.28,293.59,37.001614409548566,12.69432,281.99836760748855,273.27222038764614,0.44902702404402617,4.957199999999999,4.996079999999999,0.5958761069360561,,-8.708958485988513,23.016936,58.315433,9.230828964441836,55.858336935196434,337.85670454268495,2.7821837697069443,0.0030279456528881604,1.9743532520844795
2026-07-15T11:53:43+03:00,11.28,293.58,37.001614409548566,12.402719999999999,281.99836760748855,272.6992625925153,-0.6422856883416528,4.93776,5.01552,0.5786873730821314,,-8.187566892419465,23.016855,58.315441,8.966130377269801,56.35778155819655,338.3561491656851,2.7355444084863314,0.00260207819380069,1.9769553302782803
2026-07-15T11:53:45+03:00,11.13,293.59,37.998560973076195,12.30552,278.9960687610031,273.90247396229006,-0.7958956732162267,4.82112,4.80168,0.5672282171795151,,-8.353724653007404,23.016766,58.315451,9.009301942904646,57.23374095705509,336.22980971805816,2.609253370323642,0.0028734009834299043,1.9798287312617102
2026-07-15T11:53:47+03:00,11.13,293.59,39.00123711455514,12.20832,279.998744902482,274.1316570803424,-0.325726506531873,4.80168,4.80168,0.3036676314193363,,-6.8926822754238035,23.01668,58.315456,8.999306387033561,58.62181234040085,338.6205572428828,2.5001610689204523,0.002731697968493328,1.9825604292302035
2026-07-15T11:53:49+03:00,11.13,293.59,39.00123711455514,12.20832,283.9979903124951,262.26570114318304,-5.33675808696654,4.91832,4.7628,0.47555496995858326,,-7.402614713090236,23.016599,58.315462,8.939128411171712,59.26009669632265,343.25808700881777,2.5139581165660556,0.002582564721098155,1.9851429939513017
2026-07-15T11:53:51+03:00,10.98,293.57,43.99742908809592,11.99448,266.99833253096364,259.26913187464885,0.1351034480918481,4.996079999999999,5.03496,0.5500394833255903,,-8.319347185299552,23.016511,58.315463,9.089070692741053,66.44401894264051,333.44235147360416,1.9966578692881607,0.002778906810293228,1.987921900761595
2026-07-15T11:53:53+03:00,10.98,293.59,45.00010522957485,12.091679999999998,262.9990871209505,262.50634341713794,0.3030946736242055,5.01552,4.97664,0.5328507494716656,,-7.660445720899108,23.016428,58.315458,9.251910018559009,67.54007514078864,330.53916226173914,1.9161149043475891,0.0026375796755856024,1.9905594804371805
2026-07-15T11:53:55+03:00,10.83,293.59,46.00278137105379,12.402719999999999,270.9975779409768,261.97349266766633,-1.0189481428606562,4.84056,4.49064,0.418259190445501,,-5.248293403398341,23.01634,58.315457,9.68780183341198,67.06850874361788,338.06608668459467,1.886028355540242,0.002778907203096565,1.993338387640277
2026-07-15T11:53:57+03:00,10.76,293.59,48.00240407606037,12.59712,271.99452450450445,259.0284896006939,-1.206878299663566,4.74336,4.62672,0.4068000345428845,,-4.618039828754435,23.016254,58.315459,10.061110045832585,68.51250665831297,340.50703116281744,1.7374838706256008,0.002717774866715435,1.9960561625069926
2026-07-15T11:53:59+03:00,10.68,293.59,48.00240407606037,12.20832,265.9956563894847,259.8879262933901,-0.0037815214478634338,4.5684000000000005,4.23792,0.38388172273765153,,-4.022163721818379,23.016185,58.315454,9.761079608366774,68.35651594297832,334.352172332463,1.6849633883392843,0.0021990399881369957,1.9982552024951297
2026-07-15T11:54:01+03:00,10.68,293.59,46.99972793458143,11.508479999999999,262.9990871209505,258.174782485949,0.20798367963248882,4.21848,4.704479999999999,0.38961130068895977,,-4.618039828754435,23.01612,58.31545,9.166277117844054,66.66838515017697,329.66747227112745,1.6707383927583312,0.002066158696156857,2.0003213611912867
2026-07-15T11:54:03+03:00,10.53,293.59,46.99972793458143,11.197439999999999,266.99833253096364,255.53344705039586,-5.951656392700939,4.374,4.60728,0.14896902673401402,,-3.517960862103255,23.016035,58.315448,8.815265686599743,68.27720243551934,335.27553496648295,1.618889233914085,0.0026862357100140275,2.0030075969013006
2026-07-15T11:54:05+03:00,10.53,293.59,52.00164948607352,10.808639999999999,269.9949017994978,239.37603722770666,-9.826168890714106,4.04352,4.43232,0.045836623610465865,,-1.4667719555349077,23.015974,58.315447,8.908637672169142,72.9592099426503,342.95411174214814,1.1849634176483488,0.0019267756152981466,2.004934372516599
2026-07-15T11:54:07+03:00,10.53,293.59,61.002816447578745,10.4004,251.9982974544387,224.43902750864606,-4.555931203762254,4.393439999999999,4.29624,0.2119943841984046,,-0.9912169855763242,23.015896,58.315441,9.11971683380471,85.92336563735897,337.92166309179765,0.3123326141280165,0.002488815651062889,2.0074231881676616
2026-07-15T11:54:09+03:00,10.53,293.58,69.99825383113267,9.70056,233.99596353142817,217.7583396174207,-1.8212609433823481,4.374,3.7908,0.395340878640268,,-3.0997016716577535,23.015829,58.315417,9.17639962429547,96.60770634362906,330.6036698750572,-0.5033195005322829,0.0025603516595232674,2.009983539827185
2026-07-15T11:54:11+03:00,10.5,293.57,78.00247422911028,9.195120000000001,227.99709541640848,221.6831005140668,7.370185301885831,4.276800000000001,3.7908,0.29793805346802804,,-5.695200483600383,23.015775,58.315394,9.300109204295623,104.73464416953158,332.7317395859401,-1.08777312142092,0.0021949329033561834,2.012178472730541
2026-07-15T11:54:13+03:00,10.53,293.56,78.00247422911028,8.80632,225.9974727114019,236.74616094805614,4.732058429985469,4.29624,3.3242399999999996,0.4469070802020421,,-6.067623050435417,23.015711,58.315367,8.959902776704624,105.97333359726665,331.97080630866856,-1.182282023097541,0.0025916160903767965,2.0147700888209177
2026-07-15T11:54:15+03:00,10.38,293.57,71.00092997261162,9.00072,248.99599860795314,240.09796404957146,-0.27083714975834017,4.04352,3.7519199999999997,0.5844169510334397,,-5.947301913457945,23.015652,58.315352,8.582906950818096,97.45297921739424,346.44897782534736,-0.5244950953093708,0.0020694354614107643,2.0168395242823283
2026-07-15T11:54:17+03:00,10.38,293.57,65.99900842111953,9.408959999999999,251.9982974544387,239.37030764975535,1.0998497835331282,3.9851999999999994,4.1212800000000005,0.20626480624709637,,-3.449205926687555,23.015582,58.315339,8.596899994232745,91.0536317821391,343.0519292365778,-0.07328108213915689,0.0023440598644596266,2.019183584146788
2026-07-15T11:54:19+03:00,10.16,293.56,63.002439152585325,9.89496,245.99942933941892,243.58154744396685,0.36514600283687365,4.1212800000000005,3.8296799999999998,0.3495042550298022,,-2.6699833253096363,23.015519,58.315325,8.824449042217239,87.59328743766676,333.5927167770857,0.1730637034617514,0.002159676652957808,2.0213432607997457
2026-07-15T11:54:21+03:00,10.08,293.57,61.002816447578745,9.89496,248.99599860795314,243.2606910786936,-1.2845140809037927,4.0629599999999995,4.0824,0.25210142985756223,,-5.3227779167653475,23.015452,58.31531,8.685614544880499,85.15370659265247,334.1497052006056,0.34325086537917165,0.002299410303683043,2.0236426711034285
2026-07-15T11:54:23+03:00,10.08,293.55,58.000517601093236,9.89496,251.9982974544387,244.52119822798142,-0.04262805995773324,4.04352,3.9851999999999994,0.38388172273765153,,-4.9904623955894705,23.015387,58.315295,8.47680743073736,81.86216506448532,333.860462518924,0.5723803019406193,0.0022414618701458297,2.0258841329735744
2026-07-15T11:54:25+03:00,9.93,293.56,56.00089489608667,9.70056,251.9982974544387,244.50400949412753,1.3515501429340988,4.101839999999999,4.00464,0.4297183463481174,,-6.531718864491385,23.015315,58.315281,8.150230223931784,80.66145670816177,332.65975416260045,0.6655959357473772,0.0024238929776417666,2.0283080259512163
2026-07-15T11:54:27+03:00,9.86,293.56,52.99859604960115,9.50616,250.9956213129597,247.5693336980774,1.4924977605362815,3.92688,4.23792,0.4812845479098915,,-8.158919002662923,23.015252,58.315263,7.80096378458859,76.70266970428483,327.6982910172445,0.9031996450602935,0.0022642156870230517,2.0305722416382395
2026-07-15T11:54:29+03:00,9.48,293.55,52.00164948607352,9.50616,250.9956213129597,249.2996662393725,-0.5192143539475521,4.16016,3.6935999999999996,0.46982539200727513,,-8.651662706475431,23.015182,58.31525,7.6798759301093416,77.2708666081495,328.2664879211092,0.916658846201354,0.0023440651082104855,2.0329163067464497
2026-07-15T11:54:31+03:00,9.37,293.55,50.002026781066945,9.50616,259.99678827446496,247.11669703992402,-1.6693125361136534,3.9074399999999994,3.8491199999999997,0.3609634109324186,,-7.047380880109126,23.01511,58.315242,7.608206655874617,73.17065067890846,333.16743895337345,1.1312903849827327,0.0023234374709447054,2.0352397442173946
2026-07-15T11:54:33+03:00,9.48,293.56,54.00127219108009,9.70056,252.99524401796634,247.52349707446697,1.86497762315083,3.7519199999999997,3.71304,0.418259190445501,,-8.021409131831525,23.015039,58.315236,8.086614538701289,76.048023292238,329.0432673102043,0.9046199654778283,0.0022703891018096573,2.0375101333192043
2026-07-15T11:54:35+03:00,9.63,293.55,50.998973344594575,9.70056,249.9986747494321,249.29393666142118,-0.6129502492309546,4.276800000000001,3.9851999999999994,0.4812845479098915,,-8.903764136332994,23.014963,58.315225,7.757128989482612,76.36908718173281,326.3677619311649,1.007898407731094,0.0024888507543456527,2.03999898407355
2026-07-15T11:54:37+03:00,10.08,293.53,52.00164948607352,9.70056,250.9956213129597,247.4948491847104,-1.1207054472758904,4.16016,3.9851999999999994,0.44117750225073393,,-8.158919002662923,23.014896,58.315211,7.856112478171507,76.6656413854538,327.6612626984135,0.9594713581434551,0.0022765187750560583,2.042275502848606
2026-07-15T11:54:39+03:00,10.08,293.54,54.00127219108009,9.89496,252.99524401796634,247.28285480051198,0.8675726933870924,4.1796,3.7713599999999996,0.492743703812508,,-8.514152835644033,23.014829,58.315198,8.170846690567052,78.44754979489235,331.44279381285867,0.8370271845046807,0.002254992646010725,2.044530495494617
2026-07-15T11:54:41+03:00,10.08,293.53,50.002026781066945,9.70056,253.99792015944524,247.133885773778,0.18122655059987938,4.1212800000000005,3.86856,0.4812845479098915,,-8.021409131831525,23.014757,58.315184,7.726080707974968,74.12138990103765,328.1193100604829,1.127582860419263,0.0024238988248287676,2.0469543943194455
2026-07-15T11:54:43+03:00,10.08,293.54,50.998973344594575,9.60336,256.9944894279795,247.6323590555418,0.6888671570857888,3.9463199999999996,4.101839999999999,0.4469070802020421,,-8.55425988130319,23.014692,58.315177,7.7522272313182174,74.30270352089364,331.29719294887315,1.0676966894321405,0.00209482776304619,2.0490492220824916
2026-07-15T11:54:45+03:00,10.08,293.53,48.999350639587995,9.50616,256.9944894279795,248.15948022706215,-0.5893443880715648,3.9463199999999996,4.00464,0.4354479242994257,,-8.370913386861329,23.014624,58.315169,7.531043921231937,72.29459281070635,329.28908223868586,1.2001665405716035,0.0022000460650317202,2.051249268147523
2026-07-15T11:54:47+03:00,10.08,293.53,48.999350639587995,9.50616,257.9971655694584,247.17399281943713,0.27112362865590556,3.9851999999999994,4.101839999999999,0.45836623610465854,,-8.055786599539374,23.014554,58.31516,7.519310842039216,72.57681953157439,330.5739851010328,1.193275803020585,0.0022752424342443738,2.0535245105817674
2026-07-15T11:54:49+03:00,9.93,293.53,48.999350639587995,9.408959999999999,251.9982974544387,248.4688774364328,-0.06331183636195598,4.0824,3.9074399999999994,0.320856365273261,,-6.823927340008105,23.014485,58.315147,7.402291047402216,73.5956429151646,325.5939403696033,1.152928577236847,0.002314329534584288,2.0558388401163517
2026-07-15T11:54:51+03:00,9.93,293.52,50.002026781066945,9.195120000000001,256.9944894279795,246.82448856440735,-1.0486273566484325,4.04352,4.02408,0.38961130068895977,,-6.886952697472495,23.014417,58.315139,7.2872338041080535,75.15732511263933,332.15181454061883,1.0358115105181989,0.002200047842133294,2.0580388879584848
2026-07-15T11:54:53+03:00,9.93,293.52,52.00164948607352,9.29232,254.9948667229729,244.80767712554686,-0.8446543815818597,3.9851999999999994,3.96576,0.3666929888837269,,-6.703606203030633,23.014355,58.315134,7.525467564051507,76.66650722444523,331.6613739474181,0.9190611591289305,0.0019803637492033263,2.060019251707688
2026-07-15T11:54:55+03:00,9.78,293.52,50.998973344594575,9.195120000000001,247.99905204442555,245.5983588828274,0.10783065704362094,4.33512,3.96576,0.3609634109324186,,-6.686417469176707,23.01429,58.31512,7.291811357774375,78.51658832093446,326.51564036536,0.8630539728111075,0.00221797608680302,2.062237227794491
2026-07-15T11:54:57+03:00,9.78,293.53,50.002026781066945,8.90352,248.99599860795314,246.55519840069587,-0.3372429582140025,4.1796,3.9463199999999996,0.38388172273765153,,-6.51453013063746,23.014225,58.315104,6.993099105251736,77.25107497392887,326.247073581882,0.922350515870674,0.002266318103844196,2.064503545898335
2026-07-15T11:54:59+03:00,9.93,293.52,48.00240407606037,8.90352,248.99599860795314,245.9134856701493,0.09849144498298852,4.1212800000000005,3.9074399999999994,0.395340878640268,,-6.737983670738481,23.014156,58.315091,6.866868571304596,74.49160694744937,323.4876055554025,1.101945917508218,0.002314332781815773,2.0668178786801508
2026-07-15T11:55:01+03:00,9.93,293.51,46.99972793458143,8.90352,247.99905204442555,247.51776749651563,0.34681135339268726,4.04352,3.92688,0.46982539200727513,,-8.118811957003766,23.014085,58.315074,6.820297716870232,72.69549684644606,320.6945488908716,1.2027446699777888,0.002463490277997062,2.0692813689581477
2026-07-15T11:55:03+03:00,9.93,293.51,46.00278137105379,8.70912,249.9986747494321,247.74122103661665,-0.41464955633617684,4.16016,3.92688,0.5729577951308232,,-9.20743176775233,23.014014,58.315056,6.543808969092328,73.21801587381333,323.2166906232454,1.2011661861675154,0.002489024334317968,2.0717703932924656
2026-07-15T11:55:05+03:00,9.93,293.52,43.99742908809592,8.90352,251.9982974544387,248.0678069798412,0.5347415101955972,4.0824,3.8296799999999998,0.5213915935690492,,-9.047003585115698,23.013948,58.315045,6.606334425353523,69.41713776289058,321.4154352173293,1.4352152699092409,0.002186101793914304,2.07395649508638
2026-07-15T11:55:07+03:00,9.93,293.51,45.00010522957485,9.00072,254.9948667229729,248.91005493868352,-0.997977887558868,4.02408,3.7908,0.4640958140559668,,-8.216214782176005,23.013883,58.315033,6.781150372691054,69.81026807638348,324.8051347993564,1.3888307484528717,0.0021752163397919864,2.076131711426172
2026-07-15T11:55:09+03:00,9.93,293.51,45.00010522957485,9.00072,252.99524401796634,247.5693336980774,0.2717538822305494,4.0629599999999995,3.9463199999999996,0.320856365273261,,-9.190243033898403,23.013818,58.315025,6.767830095570609,70.11919888562048,323.1144429035868,1.381668281428091,0.002107731838102004,2.078239443264274
2026-07-15T11:55:11+03:00,9.78,293.51,43.99742908809592,9.00072,249.9986747494321,249.49447188971695,1.298093180648393,4.1796,4.00464,0.1776169164905552,,-7.047380880109126,23.013753,58.315015,6.660134741686749,69.84102303083301,319.8396977802651,1.4403995058002388,0.002138364186984772,2.080377807451259
2026-07-15T11:55:13+03:00,9.52,293.51,41.99780638308934,9.195120000000001,255.99754286445182,251.66598193326283,0.0113445643435903,3.9463199999999996,4.00464,0.23491269600363757,,-6.955707632888194,23.013685,58.315006,6.796248312099083,64.86036443695957,320.8579073014114,1.6764984227932194,0.0022139704114843934,2.0825917778627434
2026-07-15T11:55:15+03:00,9.63,293.5,41.00085981956171,9.29232,256.9944894279795,251.17323822945028,0.4855244355938596,3.86856,4.0629599999999995,0.18907607239317165,,-6.921330165180344,23.01362,58.315,6.859535705347244,62.716650805033,319.7111402330125,1.7733142198605085,0.0020835972357852797,2.0846753750985285
2026-07-15T11:55:17+03:00,9.63,293.5,39.998183678082775,9.50616,254.9948667229729,252.63428060703387,-0.09069921896920931,3.73248,4.04352,0.3380450991271857,,-8.015679553880217,23.013556,58.314994,7.066551302673655,59.84465908615722,314.8395258091301,1.874996907745868,0.0020525098696873106,2.086727884968216
2026-07-15T11:55:19+03:00,9.26,293.5,39.998183678082775,9.50616,255.99754286445182,252.93794823845323,0.2901458274542489,3.86856,3.92688,0.37242256683503505,,-7.144783705281366,23.01349,58.314988,6.999181138686876,60.807908715041975,316.8054515794938,1.8868482138472846,0.0021146999713704904,2.088842584939586
2026-07-15T11:55:21+03:00,9.03,293.5,39.00123711455514,9.408959999999999,261.99641097947153,253.17859051240816,0.3888091597757767,3.9074399999999994,3.86856,0.12032113697747288,,-9.047003585115698,23.01342,58.314983,6.830384699059567,60.102860437667445,322.099271417139,1.9476418212956728,0.0022303481952691425,2.091072933134855
2026-07-15T11:55:23+03:00,8.88,293.5,37.998560973076195,9.408959999999999,256.9944894279795,254.11824129642272,-0.28264008033803506,3.8296799999999998,3.9074399999999994,0.31512678732195276,,-7.683364032704339,23.013352,58.314975,6.812092022564327,58.24792804142275,315.24241746940226,2.0153487037730455,0.0022000575567792157,2.0932729906916343
2026-07-15T11:55:25+03:00,8.88,293.49,39.998183678082775,9.60336,258.99984171093735,253.08691726518722,-1.4699232234081272,3.81024,3.73248,0.6016056848873644,,-7.528665428019017,23.013288,58.314969,7.118998067832626,60.1202093705585,319.12005108149583,1.8981927431835595,0.002052511275901657,2.095325501967536
2026-07-15T11:55:27+03:00,8.73,293.49,41.00085981956171,9.70056,263.9960336844781,250.0617001068965,-0.7377404570104481,3.7713599999999996,3.92688,0.4297183463481174,,-8.663121862378048,23.013221,58.314964,7.287227975223099,60.84947752034793,324.84551120482604,1.8370508368997567,0.002136536694335811,2.0974620386618716
2026-07-15T11:55:29+03:00,8.73,293.49,39.998183678082775,9.89496,259.99678827446496,252.376449599225,1.8434917058334237,3.8296799999999998,3.92688,0.41252961249419273,,-8.548530303351884,23.013156,58.314959,7.383586465527288,59.47255141638402,319.469339690849,1.9452901066034163,0.002074040745002625,2.0995360794068745
2026-07-15T11:55:31+03:00,8.81,293.49,37.998560973076195,9.70056,255.99754286445182,255.2698864646357,0.3040114060964148,4.00464,3.7713599999999996,0.38388172273765153,,-9.339212060632418,23.013083,58.314949,6.993761652246703,58.639934624938135,314.63747748938994,2.0840730771972233,0.002381815144837757,2.101917894551712
2026-07-15T11:55:33+03:00,8.73,293.49,39.998183678082775,9.992159999999998,260.9994644159439,255.7053343889351,0.20557725689293938,3.86856,3.71304,0.29220847551671986,,-8.880845824527759,23.013019,58.314943,7.455476665492542,59.48089470761738,320.4803591235613,1.9645539780091934,0.0020525127382614015,2.1039704072899736
2026-07-15T11:55:35+03:00,8.73,293.49,39.00123711455514,10.303199999999999,260.9994644159439,256.9601119602716,1.12683609568379,3.92688,4.0629599999999995,0.3036676314193363,,-8.72041764189113,23.012947,58.314937,7.661047646630672,57.82050478492113,318.81996920086505,2.0913518711600445,0.0023015839864351747,2.106271991276409
2026-07-15T11:55:37+03:00,8.62,293.49,37.001614409548566,10.303199999999999,261.99641097947153,257.9284106340427,0.2002487493982227,3.92688,3.6935999999999996,0.492743703812508,,-8.777713421404211,23.012878,58.314925,7.5467220634619,55.25148279005643,317.247893769528,2.23822538569549,0.0022947456218469007,2.108566736898256
2026-07-15T11:55:39+03:00,8.47,293.49,37.001614409548566,10.808639999999999,261.99641097947153,257.0517852074925,-0.2705506708607747,4.00464,3.81024,0.4297183463481174,,-7.94119504051321,23.012812,58.31492,7.982975131347911,54.57399236974007,316.5704033492116,2.3212940390322245,0.0021052863167578136,2.1106720232150136
2026-07-15T11:55:41+03:00,8.28,293.49,37.001614409548566,10.90584,259.99678827446496,255.3558301339053,-2.6872293549430744,4.04352,3.7519199999999997,0.37242256683503505,,-8.325076763250863,23.012739,58.314912,8.053102926000031,54.59061425382447,314.58740252828943,2.342874897116991,0.0023543553356088188,2.1130263785506225
2026-07-15T11:55:43+03:00,8.28,293.49,41.99780638308934,10.808639999999999,261.99641097947153,250.57736212251422,-3.706292089362756,3.96576,3.6547199999999997,0.3323155211758775,,-5.849899088285706,23.012664,58.314905,8.29715213045324,60.649141673601434,322.64555265307297,1.9438424346663872,0.0024049615009100415,2.1154313400515323
2026-07-15T11:55:45+03:00,8.28,293.48,48.00240407606037,10.692,263.9960336844781,239.75991895044427,-7.167644721307084,3.96576,3.86856,0.1546986046853223,,-4.411775022507339,23.01259,58.314901,8.561771704028617,68.13739351002273,332.1334271945008,1.4767782758442494,0.002348637162593219,2.1177799772141257
2026-07-15T11:55:47+03:00,8.28,293.49,60.0001403060998,10.303199999999999,254.9948667229729,225.7167233917878,-7.366346484658454,3.9074399999999994,3.81024,-0.09740282517223994,,-1.1172677005051053,23.012517,58.314892,9.009164919286869,82.06226042982061,337.0571271527935,0.5396055256284742,0.0023673645352616287,2.1201473417493872
2026-07-15T11:55:49+03:00,8.28,293.48,69.00130726760504,9.992159999999998,235.9955862364348,209.11813606684785,-5.179653059541668,4.101839999999999,3.6547199999999997,0.12032113697747288,,-2.5496621883321633,23.012457,58.314875,9.343114482005186,93.19776578440388,329.1933520208387,-0.2288111824001448,0.002152324277393724,2.1222996660267808
2026-07-15T11:55:51+03:00,8.13,293.48,80.99904349764448,9.097919999999998,218.99592845490324,203.68076659105634,-2.618990081542993,4.1212800000000005,3.4992,0.18907607239317165,,-2.9507326449237397,23.012404,58.314849,9.382154147943762,106.71173851743188,325.7076669723351,-1.1851018762387362,0.0022895998389528766,2.1245892658657337
2026-07-15T11:55:53+03:00,8.06,293.48,90.0002104591497,8.59248,210.99743763487695,197.4297970461791,-3.554916639889193,3.7713599999999996,3.47976,0.246371851906254,,-3.5007721282493303,23.012367,58.314823,9.383714981972041,113.69752068654668,324.69495832142366,-1.5157403340115263,0.001951133862454183,2.1265403997281878
2026-07-15T11:55:55+03:00,7.83,293.47,88.00058775414314,7.698239999999999,211.9943841984046,191.16163876744787,-2.7702509394575303,3.46032,3.42144,0.29220847551671986,,-3.420558036931015,23.012333,58.314796,8.329341397334131,112.53152257220985,324.5259067706144,-1.3259657915578902,0.0019457900312968642,2.1284861897594847
2026-07-15T11:55:57+03:00,7.68,293.46,110.99911365069438,7.1928,202.99894681485068,187.09363842201904,-2.078977359632192,3.57696,3.26592,0.3781521447863433,,-4.348749665042948,23.012307,58.314766,9.108825898713043,132.50590009569106,335.50484691054174,-2.4168307059687124,0.001981277907158378,2.130467467666643
2026-07-15T11:55:59+03:00,7.53,293.46,120.0002806121996,6.10416,200.9993241098441,186.0393960789783,0.07018732990352584,2.93544,2.916,0.40107045659157625,,-5.878546978042246,23.012287,58.314738,7.987247631656987,138.559046862813,339.55837097265714,-2.2005179405034734,0.0017975685753124728,2.1322650362419555
2026-07-15T11:56:01+03:00,7.53,293.48,123.00257945868512,4.80168,200.9993241098441,185.6211368885328,-0.30813670222135675,3.3242399999999996,3.09096,0.2864788975654116,,-4.532096159484812,23.012268,58.314709,7.175994381232959,145.8636632878168,346.8629873976609,-2.7514887844646037,0.0018434523595739374,2.1341084886015294
2026-07-15T11:56:03+03:00,7.68,293.47,121.9999033172062,5.79312,201.99627067337175,184.75024103993394,-0.15779257677902872,3.0326400000000002,2.89656,0.16615776058793874,,-2.727279104822719,23.01225,58.314683,7.8343354473163025,141.16409551330992,343.1603661866817,-2.3622602188265955,0.0016629196308215806,2.135771408232351
2026-07-15T11:56:05+03:00,7.83,293.47,127.99877143222591,6.492959999999999,197.9970252633586,181.5932435887631,-3.155908831360087,3.26592,3.07152,0.11459155902616464,,-4.509177847679579,23.012233,58.314651,8.884528706968055,144.8372532682364,342.83427853159503,-2.6699533421807,0.001996926948437698,2.137768335180789
2026-07-15T11:56:07+03:00,7.98,293.47,127.00182486869828,6.29856,189.9985344433323,176.88926009073904,-2.622943490329396,3.09096,3.09096,0.011459155902616466,,-2.9278143331185067,23.012219,58.314626,8.524075934645142,143.83526460306163,333.8337990463939,-2.495405162610594,0.001566350855027018,2.139334686035816
2026-07-15T11:56:09+03:00,7.98,293.46,127.99877143222591,6.10416,186.9962355968468,174.23646549928336,-0.8868240753034883,3.09096,2.83824,0.017188733853924696,,-4.423234178409956,23.0122,58.314594,8.369373642449073,144.91848591966743,331.9147215165142,-2.5294413531842093,0.002014816738520027,2.141349502774336
2026-07-15T11:56:11+03:00,7.87,293.46,123.00257945868512,5.307119999999999,182.99699018683364,173.9156091340101,-0.4126442040532189,3.0132,2.8576799999999998,0.17188733853924698,,-5.076406064859094,23.012192,58.314566,7.39359189119562,142.98815587537416,325.98514606220783,-2.406073605544932,0.0017018628711622668,2.143051365645498
2026-07-15T11:56:13+03:00,7.83,293.47,123.00257945868512,5.598719999999999,187.99891173832572,172.9415808822877,0.021485917317405873,3.14928,2.8188,0.11459155902616464,,-5.202456779787875,23.012185,58.314541,7.776312996263882,142.8573987486736,330.8563104869993,-2.5104019549252246,0.0015188576205922744,2.1445702232660904
2026-07-15T11:56:15+03:00,7.83,293.47,123.00257945868512,5.50152,187.99891173832572,171.26281454255437,-0.35362955115474415,3.36312,3.07152,0.16615776058793874,,-5.57487934662291,23.012186,58.314514,7.857023270749355,144.03978042371136,332.0386921620371,-2.7221930639017384,0.0016232154133195456,2.14619343867941
2026-07-15T11:56:17+03:00,7.65,293.47,118.00065790719304,5.69592,186.9962355968468,171.23989623074914,0.6449785899787677,3.61584,3.0132,0.2119943841984046,,-6.89841185337511,23.012181,58.314481,8.053338284541185,141.3557917727315,328.3520273695783,-2.82411157816204,0.001989826306546886,2.1481832649859567
2026-07-15T11:56:19+03:00,7.23,293.47,112.99873635570096,5.69592,177.99506863534154,176.26473609404644,5.60908492699222,3.3242399999999996,3.18816,0.09740282517223994,,-7.219268218648373,23.012184,58.31445,7.634787924717144,136.62681089698802,314.62187953232956,-2.4163771116126767,0.0018657449243644816,2.150049009910321
2026-07-15T11:56:21+03:00,7.23,293.48,108.00254438216018,6.201359999999999,182.99699018683364,184.2345790243162,0.1964099321708462,3.51864,3.3047999999999997,0.20626480624709637,,-7.597420363434716,23.012195,58.314423,8.020302764908456,132.6628943798481,315.65988456668174,-2.3845245723235995,0.0016596515702542388,2.1517086614805754
2026-07-15T11:56:23+03:00,7.42,293.48,110.00216708716675,6.29856,195.99740255835198,183.06574512224935,0.10118434662010338,3.46032,3.4992,0.23491269600363757,,-6.365561103903446,23.012187,58.314394,8.15818010045051,133.4908768438817,329.4882794022337,-2.381527405728692,0.001761327706772295,2.153469989187348
2026-07-15T11:56:25+03:00,7.57,293.48,114.0014124971799,6.39576,193.99777985334543,183.02563807659016,-0.4960668590242668,3.81024,3.8491199999999997,0.10886198107485642,,-5.5863385025255266,23.012172,58.314362,8.67459581752872,137.65853417166736,331.65631402501276,-2.8163153941278707,0.001980890465753232,2.155450879653101
2026-07-15T11:56:27+03:00,7.68,293.48,112.99873635570096,6.29856,195.99740255835198,183.64443249533147,-0.997977887558868,3.6935999999999996,3.9463199999999996,0.07448451336700701,,-5.030569441248628,23.012152,58.314326,8.45540150726033,136.70893977205844,332.7063423304104,-2.6884966666775965,0.002254126442353616,2.157705006095455
2026-07-15T11:56:29+03:00,7.83,293.47,110.00216708716675,6.10416,195.99740255835198,182.32089998857927,0.22230762451075942,4.257359999999999,3.7908,0.07448451336700701,,-4.211239794211551,23.012127,58.31429,8.553613308761557,137.88749442102858,333.8848969793805,-3.1582352129760585,0.0023033381604107973,2.1600083442558655
2026-07-15T11:56:31+03:00,7.42,293.48,112.99873635570096,5.90976,196.99434912187962,181.75940134935107,-0.15229218194577282,4.0824,3.96576,-0.040107045659157625,,-3.5695270636650287,23.012106,58.314252,8.393082576577786,139.5974017835021,336.59175090538173,-3.1087839994141615,0.0023783757655053534,2.1623867200213707
2026-07-15T11:56:33+03:00,7.38,293.48,120.99722717572726,5.90976,193.99777985334543,181.28384637939246,-0.46421040561499294,3.9463199999999996,3.73248,-0.05156620156177409,,-2.9621918008263566,23.012089,58.314216,8.632496975588568,144.06768796985887,338.0654678232043,-3.1953780276062225,0.0022294491043114636,2.164616169125682
2026-07-15T11:56:35+03:00,7.38,293.49,123.00257945868512,4.89888,190.9954810068599,180.55046040162503,-0.07563042895726867,4.04352,4.0629599999999995,-0.05156620156177409,,-2.5725805001373967,23.012074,58.314179,7.869420470452947,148.52846987195935,339.5239508788193,-3.4487169341492625,0.002273849772402661,2.166890018898085
2026-07-15T11:56:37+03:00,7.53,293.5,146.00110535523638,4.19904,189.9985344433323,177.45075872996728,-3.4285794460628463,4.21848,4.21848,0.005729577951308233,,-2.7845748843358007,23.012055,58.314141,8.049740154814915,163.04100642004136,353.03954086337365,-4.035034168772699,0.002361552334832441,2.1692515712329175
2026-07-15T11:56:39+03:00,7.53,293.49,140.99918380374427,4.19904,190.9954810068599,176.41943469873175,0.45366798218458576,3.9851999999999994,3.7519199999999997,0.022918311805232933,,-1.9136790357369495,23.012038,58.314099,7.7151149728319135,159.96946558536968,350.9649465922296,-3.7441361124142154,0.002580949427846076,2.1718325206607636
2026-07-15T11:56:41+03:00,7.42,293.5,135.99726225225223,4.80168,189.9985344433323,178.27008837700436,0.5578890051188826,3.81024,3.73248,0.12032113697747288,,-2.9621918008263566,23.012025,58.314062,7.9933900361679875,155.335358860347,345.33389330367925,-3.4626161150048946,0.0022615421265554316,2.174094062787319
2026-07-15T11:56:43+03:00,7.5,293.5,135.00031568872456,5.09328,186.9962355968468,177.78307425114315,-0.608251995310882,3.81024,4.00464,0.1604281826366305,,-3.1398087173169116,23.012014,58.314028,8.24042992125872,154.08424297866733,341.0804785755141,-3.427073194364872,0.0020729617336197304,2.176167024520939
2026-07-15T11:56:45+03:00,7.38,293.51,125.0022021636917,5.404319999999999,188.99585830185336,175.9725276185297,-0.5212197062305098,3.81024,4.00464,0.13750987083139757,,-2.9335439110698154,23.012008,58.313994,8.206570078297377,147.3553994063759,336.35125770822924,-3.2083468576272143,0.00205242325337317,2.178219447774312
2026-07-15T11:56:47+03:00,7.23,293.51,127.99877143222591,5.598719999999999,188.99585830185336,174.24792465518595,-0.7117854688910217,3.8491199999999997,3.92688,0.23491269600363757,,-3.787251025814742,23.011996,58.31396,8.526186159516453,148.83824637591914,337.83410467777253,-3.2937299580329165,0.002078484453560789,2.180297932227873
2026-07-15T11:56:49+03:00,7.27,293.51,129.99839413723248,6.006959999999999,186.9962355968468,172.24257237222807,-0.553992892111993,4.0824,4.1212800000000005,0.13178029288008933,,-3.5122312841519467,23.011984,58.313923,9.180110375749328,149.91599509022848,336.9122306870753,-3.532465579099669,0.002256026067618705,2.182553958295492
2026-07-15T11:56:51+03:00,7.23,293.51,129.99839413723248,6.10416,176.99812207181392,172.77542312169973,-2.391353949537517,4.1212800000000005,4.19904,0.12605071492878112,,-3.409098881028398,23.011989,58.313885,9.305148716349715,149.83210860192318,326.8302306737371,-3.563079655549947,0.002289541964304707,2.1848435002597966
2026-07-15T11:56:53+03:00,7.2,293.51,129.00144757370484,6.10416,183.99966632831257,168.33500020943586,-0.8740471164720708,4.68504,4.276800000000001,0.06875493541569878,,-2.641335435553095,23.011993,58.313845,9.757376462770962,150.91096135446645,334.910627682779,-4.094093644796586,0.002407623165287756,2.187251123425084
2026-07-15T11:56:55+03:00,6.93,293.52,125.0022021636917,6.006959999999999,173.9958232253284,167.10887052785588,-0.43676572722822654,5.0544,4.19904,0.040107045659157625,,-2.486636830867773,23.011988,58.313803,9.82149742804065,149.93441888880028,323.93024211412865,-4.374343285072308,0.002529454989335168,2.1897805784144193
2026-07-15T11:56:57+03:00,6.71,293.52,127.99877143222591,6.10416,175.99544593033497,166.70207049331304,-0.3740841444409145,4.5684000000000005,4.41288,0.040107045659157625,,-3.076783359852521,23.011992,58.313756,9.615980365338299,149.9846277020669,325.98007363240185,-3.955737467767554,0.0028278840784763614,2.192608462492896
2026-07-15T11:56:59+03:00,6.78,293.51,131.00107027871144,5.598719999999999,171.99620052032182,168.40375514485157,1.8363870291738016,4.101839999999999,4.31568,0.06302535746439056,,-3.5466087518597957,23.011999,58.313714,8.848969777673995,151.4780747245457,323.4742752448675,-3.6040179521414117,0.0025341796755121806,2.195142642168408
2026-07-15T11:57:01+03:00,6.82,293.52,131.99801684223905,5.50152,171.99620052032182,172.36862308715683,2.2673658826712066,4.101839999999999,4.31568,0.10313240312354818,,-4.27999472962725,23.012004,58.313676,8.791491915617486,152.28602505247625,324.2822255727981,-3.6312778189640795,0.002289542028632681,2.197432184197041
2026-07-15T11:57:03+03:00,7.01,293.52,129.00144757370484,5.09328,175.99544593033497,174.99849936680735,-0.2589769233991321,4.41288,4.49064,0.06302535746439056,,-3.718496090399043,23.012002,58.313636,8.585170119003612,152.5455058456082,328.5409517759432,-3.915889480128089,0.0024051377219206473,2.1998373219189613
2026-07-15T11:57:05+03:00,7.08,293.52,125.0022021636917,5.20992,188.99585830185336,175.3938402454476,0.40330499199258646,4.548959999999999,4.510079999999999,0.09740282517223994,,-3.7528735581068924,23.011976,58.313592,8.661697005765461,150.4819245585642,339.47778286041756,-3.9585063786715877,0.002769207456482306,2.2026065293754438
2026-07-15T11:57:07+03:00,7.2,293.53,127.99877143222591,5.307119999999999,183.99966632831257,176.12149664526376,0.5523313145061135,4.5684000000000005,4.68504,0.14896902673401402,,-4.47480037997173,23.011967,58.313548,8.88191785217722,151.90988022784165,335.9095465561542,-4.030279371525307,0.002659960762609911,2.2052664901380536
2026-07-15T11:57:09+03:00,7.08,293.53,127.00182486869828,4.89888,189.9985344433323,174.95266274319687,-1.5429753422873067,5.01552,4.510079999999999,0.21772396214971285,,-4.440422912263879,23.011957,58.313508,8.872960307812571,153.83697308219982,343.8355075255321,-4.501645306002243,0.002424950400332255,2.207691440538386
2026-07-15T11:57:11+03:00,6.78,293.53,103.00062283066809,4.00464,184.9966128918402,175.36519235569108,1.6478266187962476,4.45176,4.68504,0.18334649444186346,,-4.010704565915763,23.011941,58.313463,6.623926658798241,143.90858432195313,328.9051972137933,-3.597369989433455,0.0027516160857890366,2.210443056624175
2026-07-15T11:57:13+03:00,7.08,293.54,61.99976301110639,3.3047999999999997,185.99928903331917,175.98398677443237,-0.14089032182266942,4.93776,4.89888,0.2119943841984046,,-4.640958140559668,23.011933,58.313422,4.4700216304648706,139.24816292575204,325.2474519590712,-3.740570730856402,0.002477326449613238,2.2129203830737882
2026-07-15T11:57:15+03:00,7.05,293.53,35.99893826806962,2.7021599999999997,188.99585830185336,177.51378408743165,-0.029450030669724316,4.859999999999999,4.78224,0.246371851906254,,-4.738360965731908,23.011923,58.313374,3.1100088608830765,149.29022315341552,338.2860814552689,-4.178458585129473,0.0029023943959200324,2.2158227774697083
2026-07-15T11:57:17+03:00,6.9,293.54,97.99870127917599,2.7993599999999996,189.9985344433323,178.04663483690334,0.44283907985661325,5.0544,4.97664,0.21772396214971285,,-4.749820121634524,23.011903,58.313327,6.109098517723029,153.01417806791758,343.0127125112499,-4.504071058110633,0.0028947746759942924,2.2187175521457028
2026-07-15T11:57:19+03:00,6.78,293.53,110.99911365069438,4.101839999999999,191.99815714833886,178.90607152959953,0.01604281826366305,5.0544,5.07384,0.18334649444186346,,-4.549284893338736,23.011883,58.313278,7.56512156681355,149.58934521538276,341.5875023637216,-4.35901338217669,0.0030122094082612808,2.221729761553964
2026-07-15T11:57:21+03:00,6.78,293.53,116.99798176571409,5.09328,189.9985344433323,179.58789130580524,-1.0582530476066305,5.1710400000000005,5.19048,0.18334649444186346,,-4.497718691776963,23.011867,58.313233,8.751771349119473,148.76499114541878,338.76352558875107,-4.4214852161474125,0.0027516166889203783,2.2244813782428845
2026-07-15T11:57:23+03:00,6.86,293.53,120.0002806121996,4.89888,188.99585830185336,178.54510811866714,0.5632748083931123,4.957199999999999,5.1710400000000005,0.26356058576017866,,-4.0164341438670705,23.01185,58.313182,8.535677538140726,150.1958765070671,339.1917348089205,-4.301509592682872,0.003112128461617733,2.227593506704502
2026-07-15T11:57:25+03:00,6.67,293.54,123.00257945868512,4.996079999999999,188.99585830185336,179.34151945389897,0.17354891614512638,5.2488,5.22936,0.09740282517223994,,-5.723848373356923,23.01183,58.313135,9.004293335053358,152.26859907575223,341.2644573776056,-4.645916199307745,0.002894775423014477,2.2304882821275167
2026-07-15T11:57:27+03:00,6.63,293.54,121.9999033172062,5.09328,186.9962355968468,177.44502915201596,-0.48202939304356157,5.09328,5.5598399999999994,0.05156620156177409,,-4.961814505832929,23.011815,58.313091,8.909361957224899,150.9999516586031,337.99618725544985,-4.454680978612449,0.0026868089150869933,2.233175091042604
2026-07-15T11:57:29+03:00,6.48,293.54,114.99835906070751,4.89888,187.99891173832572,178.33884331242004,-0.08032868287734142,5.346,5.5598399999999994,0.10886198107485642,,-4.348749665042948,23.011809,58.313041,8.643704624329269,149.0918613725228,337.09077311084855,-4.586824968258574,0.003011350399647941,2.2361864414422516
2026-07-15T11:57:31+03:00,6.33,293.55,110.99911365069438,4.996079999999999,188.99585830185336,176.7288319081024,-1.0275998055671314,5.6376,5.754239999999999,-0.1604281826366305,,-3.3632622574179325,23.011796,58.312993,8.770977577418698,147.87389215070388,336.86975045255724,-4.774368952487377,0.0029142202306855535,2.2391006616729374
2026-07-15T11:57:33+03:00,6.71,293.54,114.99835906070751,5.09328,189.9985344433323,174.73493878104716,-0.5299859604960114,5.6181600000000005,5.6376,0.040107045659157625,,-3.495042550298022,23.011787,58.312939,9.038255578352462,149.28729197391172,339.28582641724404,-4.8301513367215,0.003258231549977102,2.2423588932229146
2026-07-15T11:57:35+03:00,6.93,293.54,123.99952602221278,5.09328,186.9962355968468,174.992769788856,0.27312898093886345,5.598719999999999,5.832,0.0,,-3.884653850986982,23.011774,58.312887,9.443436663120231,153.43962395379936,340.4358595506461,-5.00785168919172,0.00315243645039518,2.2455113296733096
2026-07-15T11:57:37+03:00,6.93,293.53,127.99877143222591,5.20992,188.99585830185336,175.06152472427172,0.28510379885709763,5.65704,5.7153599999999996,0.0,,-4.079459501331462,23.011748,58.312826,9.769074454711538,155.14905773355002,344.1449160354034,-5.1332217459212215,0.0037573437918173623,2.249268673465127
2026-07-15T11:57:39+03:00,6.93,293.54,127.00182486869828,5.20992,187.99891173832572,175.6001050516947,0.4449017279190842,5.7153599999999996,5.46264,0.05156620156177409,,-4.686794764170134,23.011733,58.312775,9.780086579855523,154.8222129409807,342.8211246793064,-5.172355387991088,0.003101862278654733,2.2523705357437818
2026-07-15T11:57:41+03:00,6.93,293.54,129.99839413723248,5.20992,186.9962355968468,175.22195290690837,-0.5444244969333083,5.46264,5.346,-0.017188733853924696,,-4.411775022507339,23.01172,58.312726,9.673150707577307,155.63184840116975,342.62808399801656,-4.9759905993863045,0.002973741252643532,2.2553442769964254
2026-07-15T11:57:43+03:00,6.93,293.55,125.99914872721935,5.20992,186.9962355968468,175.0386064124665,-0.1170552775452272,5.5598399999999994,5.151599999999999,0.040107045659157625,,-3.9476792084513725,23.01171,58.312678,9.59720501986568,153.94803553726157,340.94427113410836,-4.994938547945953,0.0029023950717958166,2.2582466720682213
2026-07-15T11:57:45+03:00,6.93,293.55,127.00182486869828,5.50152,187.99891173832572,175.0959021919796,-0.1332699831474295,5.52096,5.443199999999999,0.040107045659157625,,-3.718496090399043,23.011697,58.312625,9.86447823660627,153.55129246129945,341.55020419962517,-4.9431001596101565,0.0032120424205666774,2.261458714488788
2026-07-15T11:57:47+03:00,6.93,293.55,127.00182486869828,5.90976,186.9962355968468,175.3021669982267,-0.10227296643085194,5.6376,5.28768,0.03437746770784939,,-3.85600596123044,23.011686,58.31257,10.334924733810427,152.82768288535817,339.82391848220493,-5.015418226355323,0.0033241180098280204,2.264782832498616
2026-07-15T11:57:48+03:00,6.9,293.54,127.00182486869828,5.79312,185.99928903331917,175.11882050378483,-0.4220980076728775,5.28768,5.52096,0.03437746770784939,,-4.045082033623611,23.011679,58.312523,9.919231388546343,152.19815005981553,338.1974390931347,-4.677301504160263,0.002833694960346603,2.2676165274589626
2026-07-15T11:57:51+03:00,6.93,293.55,129.00144757370484,5.50152,180.99736748182707,175.46832475881462,0.04148214436747161,5.13216,5.19048,0.05156620156177409,,-4.113836969039311,23.011674,58.312474,9.599177993117582,153.55158185430452,334.5489493361316,-4.595006059998179,0.002949506000213824,2.2705660334591764
2026-07-15T11:57:53+03:00,6.93,293.55,131.00107027871144,4.80168,184.9966128918402,175.2448712187136,0.4209520920826158,5.19048,5.19048,0.08594366926962349,,-4.577932783095277,23.011674,58.312432,9.093946669597752,156.5164031810024,341.51301607284256,-4.76057431296317,0.0025245240893051342,2.2730905575484814
2026-07-15T11:57:55+03:00,6.93,293.55,120.99722717572726,4.19904,186.9962355968468,175.5886458957921,-0.5423045530913242,5.1710400000000005,5.07384,0.09167324722093173,,-4.6810651862188255,23.011665,58.312392,8.169225759537701,153.8576460858428,340.8538816826896,-4.642053574155744,0.0024210430638345044,2.2755116006123157
2026-07-15T11:57:57+03:00,6.93,293.55,123.00257945868512,4.29624,186.9962355968468,176.80904599942073,0.06560366754247926,5.1127199999999995,5.1127199999999995,0.08594366926962349,,-4.469070802020421,23.011648,58.312344,8.278028131601946,154.19869760737112,341.19493320421793,-4.603027206289864,0.0029346745610561538,2.278446275173372
2026-07-15T11:57:59+03:00,6.93,293.56,127.00182486869828,4.80168,185.99928903331917,177.81172214089972,1.0721759220283096,4.87944,5.22936,0.1776169164905552,,-4.291453885529866,23.01164,58.3123,8.664105205217886,153.73035283556294,339.72964186888214,-4.375496436298002,0.0026567742593320517,2.281103049432704
2026-07-15T11:58:01+03:00,6.93,293.56,125.0022021636917,4.996079999999999,184.9966128918402,178.88315321779433,1.1398422376332598,4.723920000000001,5.307119999999999,0.10313240312354818,,-4.572203205143969,23.011633,58.312259,8.622747295051122,151.6660631352744,336.66267602711457,-4.157977339511392,0.0024743073431621335,2.2835773567758664
2026-07-15T11:58:03+03:00,6.78,293.57,127.00182486869828,5.598719999999999,185.99928903331917,179.54778426014607,-1.1159498975763045,4.89888,5.22936,0.10313240312354818,,-4.165403170601085,23.011619,58.312216,9.399925428146599,151.59724772898528,337.5965367623045,-4.309180870102409,0.0026221588660721717,2.2861995156419384
2026-07-15T11:58:05+03:00,6.67,293.57,127.00182486869828,5.50152,191.99815714833886,178.50500107300797,-0.5907194867798787,5.2488,5.1127199999999995,0.06302535746439056,,-3.0939720937064457,23.011598,58.312174,9.621567916025233,152.82942188774686,344.8275790360857,-4.669600062928585,0.0026101461479659327,2.2888096617899043
2026-07-15T11:58:07+03:00,6.63,293.57,118.99760447072069,5.307119999999999,186.9962355968468,178.25862922110176,-0.34239957837018,5.404319999999999,5.307119999999999,-0.02864788975654116,,-2.595498811942629,23.011583,58.312126,9.229307260892389,149.8050734267696,336.8013090236164,-4.6710582954209805,0.0029237844290666507,2.291733446218971
2026-07-15T11:58:09+03:00,6.48,293.58,116.00103520218647,4.996079999999999,189.9985344433323,177.6914010039222,0.5890006133944862,5.52096,5.28768,-0.05156620156177409,,-2.6069579678452457,23.011579,58.312074,8.923341952594928,149.78671272522894,339.7852471685612,-4.77098244191908,0.0031281518460531377,2.294861598065024
2026-07-15T11:58:11+03:00,6.56,293.58,118.99760447072069,5.20992,184.9966128918402,178.55656727456974,0.4651844338667154,5.2488,5.2488,-0.05156620156177409,,-2.492366408819081,23.011569,58.312024,9.011448770430745,149.62427194841004,334.62088484025026,-4.52828651944923,0.003021925975410819,2.297883524040435
2026-07-15T11:58:13+03:00,6.78,293.58,118.00065790719304,5.20992,188.99585830185336,178.1211193502703,-0.09482451509415124,5.2488,5.1127199999999995,-0.05729577951308232,,-1.8105466326134017,23.011549,58.311977,8.96492608134536,149.1283076620626,338.12416596391597,-4.505142259101829,0.0028947799330520966,2.3007783039734875
2026-07-15T11:58:15+03:00,6.63,293.59,116.99798176571409,5.50152,188.99585830185336,178.9347194193561,-0.10880468529534333,5.1127199999999995,5.03496,-0.08594366926962349,,-1.478231111437524,23.011525,58.311924,9.052309544754344,147.21304249578674,336.2089007976401,-4.298212030715657,0.0032745953350413626,2.304052899308529
2026-07-15T11:58:17+03:00,6.41,293.59,120.99722717572726,5.404319999999999,187.99891173832572,178.55656727456974,-0.3113452658740893,5.13216,4.859999999999999,-0.040107045659157625,,-1.707414229489853,23.011509,58.311875,9.171339152322304,149.66130213664343,337.66021387496914,-4.429334260828609,0.0029882902300849092,2.307041189538614
2026-07-15T11:58:19+03:00,6.67,293.6,123.00257945868512,5.404319999999999,189.9985344433323,178.79147997057336,0.3840536100761908,5.26824,4.84056,-0.08594366926962349,,-1.2204001036286536,23.011494,58.31183,9.379567728985965,151.10466254782943,341.1031969911617,-4.612364413684399,0.00274599883080506,2.309787188369419
2026-07-15T11:58:21+03:00,6.78,293.61,120.99722717572726,5.307119999999999,190.9954810068599,178.77429123671945,1.6512643655670325,5.28768,4.78224,-0.07448451336700701,,-1.4667719555349077,23.011473,58.311777,9.221123252670438,150.4391306320236,341.4346116388835,-4.599393631593346,0.0032539810089297506,2.313041169378349
2026-07-15T11:58:23+03:00,6.63,293.61,121.9999033172062,5.20992,188.99585830185336,181.70210556983795,0.7346464849167416,4.996079999999999,4.87944,-0.05156620156177409,,-1.873571990077792,23.011462,58.311733,8.926966564587005,150.33454165935484,339.3303999612082,-4.3412440521916595,0.0026674477082042226,2.315708617086553
2026-07-15T11:58:25+03:00,6.63,293.61,118.00065790719304,5.79312,192.9951037118665,182.58446057433943,0.3204552948166694,5.0544,4.78224,0.022918311805232933,,-2.0855663742761967,23.01144,58.31169,9.305952253025836,146.65719068019123,339.65229439205774,-4.2224301836302605,0.002676348872949133,2.318384965959502
2026-07-15T11:58:27+03:00,6.63,293.61,114.99835906070751,5.598719999999999,195.99740255835198,183.29492824030166,1.015453100310358,4.89888,5.01552,0.005729577951308233,,-2.1543213096918956,23.011417,58.31165,8.861487223517761,145.06713519499098,341.06453775334296,-4.016217234939053,0.0025115902596864934,2.3208965562191888
2026-07-15T11:58:29+03:00,6.63,293.61,110.99911365069438,5.69592,193.99777985334543,182.64175635385251,-0.8604107209479573,4.84056,5.09328,0.06302535746439056,,-2.3262086482311424,23.011397,58.311604,8.69684839537917,142.30605276038006,336.3038326137255,-3.8302776736229736,0.0028361516333287266,2.3237327078525176
2026-07-15T11:58:31+03:00,6.63,293.61,108.99949094568781,5.50152,191.99815714833886,183.36368317571734,0.3335187325456522,4.89888,4.91832,0.05729577951308232,,-2.566850922186088,23.011372,58.311562,8.474329225913241,142.1329784362282,334.13113558456706,-3.867359706343228,0.002645055286834851,2.3263777631393525
2026-07-15T11:58:33+03:00,6.63,293.62,110.99911365069438,5.598719999999999,194.99472641687308,184.57835370139472,0.5184695088138819,4.957199999999999,4.82112,0.05729577951308232,,-2.813222774092342,23.011348,58.311518,8.706949287094874,143.10775123885028,338.10247765572336,-3.9645994143993266,0.0027511621975429682,2.3291289253368954
2026-07-15T11:58:35+03:00,6.78,293.63,110.00216708716675,5.69592,195.99740255835198,184.807536819447,0.2723841358051934,5.2488,4.957199999999999,0.05729577951308232,,-2.4637185190625397,23.011324,58.311472,8.969175502204283,143.3626343804557,339.36003693880764,-4.211786577505006,0.0028669188435991953,2.3319958441804944
2026-07-15T11:58:37+03:00,6.78,293.64,108.99949094568781,6.10416,198.9997014048375,184.87056217691142,-0.09132947254385322,5.13216,5.03496,-0.011459155902616466,,-2.2345354010102105,23.011297,58.311428,9.165031300345357,140.9688357626523,339.9685371674898,-3.9866800942380007,0.002778746355450569,2.334774590535945
2026-07-15T11:58:39+03:00,6.78,293.63,108.00254438216018,5.90976,193.99777985334543,186.43473695761858,0.779566376054998,4.78224,4.957199999999999,0.011459155902616466,,-2.8476002418001913,23.011275,58.31139,8.675498770678725,139.62019269907705,333.6179725524225,-3.642951071221404,0.0023873859822264474,2.3371619765181713
2026-07-15T11:58:41+03:00,7.12,293.63,101.0010001256615,5.90976,193.99777985334543,188.61770615706698,0.32990909843632804,4.82112,5.01552,0.08594366926962349,,-3.506501706200638,23.01126,58.311347,8.30917375933085,135.72015795341025,329.7179378067557,-3.451624976258269,0.002627667921651063,2.3397896444398225
2026-07-15T11:58:43+03:00,7.53,293.64,101.99794668918915,6.10416,198.9997014048375,188.8698075869246,-0.7392301472777882,4.957199999999999,5.346,0.08594366926962349,,-3.678389044739885,23.011218,58.311301,8.626419000273573,136.19909898666697,335.1988003915045,-3.577855846135185,0.0030665333288029954,2.3428561777686254
2026-07-15T11:58:45+03:00,7.98,293.65,101.99794668918915,6.492959999999999,196.99434912187962,188.59478784526175,-0.7112125110958909,5.307119999999999,5.07384,0.022918311805232933,,-2.8304115079462666,23.011202,58.311256,9.200568469699045,136.346403889256,333.34075301113563,-3.839841719080836,0.0027516218731453586,2.345607799641771
2026-07-15T11:58:47+03:00,8.13,293.65,101.99794668918915,6.6095999999999995,194.99472641687308,187.2196891369478,-1.9109288383203216,5.151599999999999,4.996079999999999,-0.02864788975654116,,-2.0511889065683473,23.011181,58.311203,9.185978449265098,135.26624966770186,330.26097608457496,-3.6596194320345785,0.0032539832023223796,2.348861782844093
2026-07-15T11:58:48+03:00,8.28,293.66,101.99794668918915,6.492959999999999,199.99664796836515,183.36941275366866,-1.499201366739312,5.2488,4.82112,-0.05729577951308232,,-1.552715624804531,23.01116,58.311164,9.158460889105132,136.09454642942472,336.0911943977899,-3.7816822375728125,0.002436174096768368,2.3512979569408614
2026-07-15T11:58:50+03:00,8.28,293.66,101.99794668918915,6.39576,194.99472641687308,181.60470274466573,-0.0842820916637441,5.26824,4.996079999999999,-0.07448451336700701,,-1.2490479933851946,23.011133,58.311116,9.092230486487153,136.52287402594894,331.517600442822,-3.8228937356308097,0.0030084888350727906,2.354306445775934
2026-07-15T11:58:52+03:00,8.28,293.66,105.9971920992023,6.201359999999999,191.99815714833886,182.68186339951168,1.303536279702136,5.07384,5.0544,-0.05156620156177409,,-2.6069579678452457,23.011112,58.311071,9.03014128992349,138.68897507498454,330.6871322233234,-3.81114957131331,0.0027849357269159884,2.3570913815028502
2026-07-15T11:58:54+03:00,8.28,293.66,103.99756939419571,5.404319999999999,190.9954810068599,185.03671993749936,1.0803692184986804,5.07384,4.859999999999999,0.045836623610465865,,-3.7815214478634336,23.011095,58.311029,8.259272564055403,140.58714545325296,331.58262646011286,-3.9200038785718383,0.002580959116903315,2.3596723406197535
2026-07-15T11:58:56+03:00,8.4,293.66,97.99870127917599,5.20992,195.99740255835198,186.9847764409442,0.28504650307758456,4.87944,4.89888,0.13178029288008933,,-3.735684824252967,23.011071,58.310987,7.617547875531194,137.36832849386306,333.36573105221504,-3.589915340006702,0.002635808309890428,2.362308148929644
2026-07-15T11:58:58+03:00,8.43,293.66,101.99794668918915,5.598719999999999,191.99815714833886,187.4488722550001,0.3299663942158411,4.84056,4.89888,0.13178029288008933,,-3.6554707329346523,23.011055,58.310943,8.126745431467924,137.63309758277595,329.63125473111484,-3.5764222758842448,0.0026925593794588495,2.3650007083091027
2026-07-15T11:59:00+03:00,8.43,293.66,101.99794668918915,6.006959999999999,193.99777985334543,186.6581904977196,0.5622434843618769,5.443199999999999,5.1710400000000005,0.02864788975654116,,-2.7501974166279517,23.011015,58.310897,8.905386834357055,138.71568651666334,332.71346637000875,-4.090264343536491,0.0030397632180386193,2.3680404715271415
2026-07-15T11:59:02+03:00,8.43,293.67,103.00062283066809,6.006959999999999,196.99434912187962,186.646731341817,-0.6264147574165291,4.74336,4.93776,-0.02864788975654116,,-1.873571990077792,23.010972,58.31085,8.450016277492944,136.1589675079496,333.1533166298292,-3.4212165301917072,0.00313439293175162,2.3711748644588932
2026-07-15T11:59:04+03:00,8.43,293.66,101.99794668918915,6.006959999999999,195.99740255835198,185.4148720822857,0.29387005312259923,5.07384,5.03496,-0.11459155902616464,,-1.449583221680983,23.010944,58.310805,8.631274309424406,137.09773706944833,333.09513962780034,-3.7166690461033625,0.0028456709376550077,2.3740205353965482
2026-07-15T11:59:06+03:00,8.43,293.67,106.99986824068124,5.50152,190.9954810068599,184.39500720695284,-0.341769324795536,5.404319999999999,5.151599999999999,-0.08594366926962349,,-1.793357898759477,23.010913,58.310757,8.766917495908217,143.12207196440505,334.11755297126496,-4.323001486408374,0.00304669056469981,2.377067225961248
2026-07-15T11:59:08+03:00,8.43,293.66,106.99986824068124,5.598719999999999,190.9954810068599,186.42900737966724,0.9248684729001748,5.69592,5.03496,-0.07448451336700701,,-2.165780465594512,23.010885,58.310709,9.07945021471278,143.86478933104547,334.8602703379054,-4.600182457858792,0.003017591232167839,2.380084817193416
2026-07-15T11:59:10+03:00,8.55,293.66,101.99794668918915,5.404319999999999,199.99664796836515,188.38852303901464,0.7087487925768284,5.01552,5.307119999999999,0.005729577951308233,,-1.0141352973815572,23.010856,58.310661,8.1013150484647,139.26819747315824,339.2648454415234,-3.800621957922177,0.003026993255545333,2.3831118104489613
2026-07-15T11:59:12+03:00,8.58,293.67,101.99794668918915,5.90976,199.99664796836515,186.89883277167453,-0.06371290681854754,5.13216,4.89888,-0.1432394487827058,,0.47555496995858326,23.010821,58.310622,8.59500187584135,137.73498011491156,337.73162808327675,-3.798013147456433,0.002591642418723179,2.3857034528676846
2026-07-15T11:59:14+03:00,8.43,293.66,103.99756939419571,6.10416,201.99627067337175,184.69867483837214,-2.3923852735687525,5.1127199999999995,5.404319999999999,-0.1776169164905552,,-1.1287268564077217,23.010788,58.310581,8.859927733285518,138.04824139523572,340.04451206860745,-3.802370513628126,0.0026756475987612634,2.388379100466446
2026-07-15T11:59:16+03:00,8.21,293.67,105.9971920992023,5.90976,199.99664796836515,182.46986901531326,-1.8601074818922176,5.01552,5.13216,-0.13178029288008933,,0.022918311805232933,23.010758,58.310541,8.741737829765562,139.46895271621491,339.46560068458007,-3.812065701067912,0.0025841845178719487,2.3909632849843176
2026-07-15T11:59:18+03:00,8.28,293.67,105.00024553567467,5.90976,197.9970252633586,178.4591644493975,-1.5164473963727498,5.20992,5.26824,-0.18334649444186346,,0.31512678732195276,23.010733,58.310499,8.832131043936846,139.735280451981,337.73230571533963,-3.975515171634669,0.0026450623665853793,2.393608347350903
2026-07-15T11:59:20+03:00,8.58,293.66,108.99949094568781,5.50152,191.99815714833886,177.65702353621435,-0.20042063673676197,5.22936,5.20992,-0.10313240312354818,,0.20626480624709637,23.010717,58.310452,8.737577726282984,143.46332423818893,335.4614813865278,-4.201664953501468,0.0028698806652368725,2.39647822801614
2026-07-15T11:59:22+03:00,8.73,293.67,110.99911365069438,4.996079999999999,189.9985344433323,175.605834629646,-1.6553896616919745,5.2488,5.03496,-0.18334649444186346,,0.0,23.010702,58.310404,8.444242372028947,146.470861036165,336.4693954794973,-4.375426003636489,0.0029237881649738402,2.3994020161811136
2026-07-15T11:59:24+03:00,8.73,293.66,112.99873635570096,4.80168,187.99891173832572,174.7578570928524,0.5804062464675239,5.22936,5.09328,-0.2807493196141034,,0.8823550045014679,23.010695,58.310361,8.368011146266019,148.1158605994716,336.1147723377973,-4.440343376238968,0.002594065453869673,2.4019960816349832
2026-07-15T11:59:26+03:00,8.88,293.67,114.99835906070751,4.60728,187.99891173832572,171.961823052614,-1.6121886439391104,5.0544,4.80168,-0.10886198107485642,,1.1688339020668794,23.010684,58.310315,8.152044702391995,149.18794502270103,337.1868567610268,-4.340982279613248,0.0027866854330825,2.404782767068066
2026-07-15T11:59:28+03:00,9.03,293.66,118.99760447072069,4.60728,186.9962355968468,171.37740610158053,-0.5029423525658366,5.598719999999999,4.91832,-0.2578310078088704,,1.6157409822689215,23.010676,58.310267,8.808065111795967,152.773938500486,339.77017409733276,-4.978428663985835,0.002896207488411898,2.407678974556478
2026-07-15T11:59:30+03:00,9.15,293.67,123.99952602221278,4.89888,183.99966632831257,169.58404820282107,-0.8570875657361984,5.69592,4.74336,-0.11459155902616464,,0.7677634454753031,23.010675,58.310223,9.362113506966066,154.29040498617633,338.2900713144889,-5.132048903157181,0.0026449280078573224,2.4103239025643353
2026-07-15T11:59:32+03:00,9.03,293.68,125.0022021636917,4.80168,179.99469134034814,167.45264520493438,-0.13412941984012572,4.43232,4.7628,-0.29793805346802804,,1.7990874767107847,23.010674,58.310181,8.19251529961943,151.3082776221628,331.30296896251093,-3.8880999524930893,0.0025247215506420716,2.4128486241149774
2026-07-15T11:59:34+03:00,8.88,293.68,127.99877143222591,4.80168,184.9966128918402,167.40107900337262,0.19658181950938547,4.82112,4.80168,-0.2119943841984046,,0.7677634454753031,23.01067,58.310139,8.648874320665051,154.055841817582,339.0524547094222,-4.335251702495141,0.0025276816271346866,2.4153763057421123
2026-07-15T11:59:36+03:00,8.85,293.68,129.99839413723248,4.89888,180.99736748182707,165.94576620374036,-1.2335781329166624,4.97664,4.548959999999999,-0.09167324722093173,,2.079836796324888,23.010669,58.310093,8.950262523734793,155.20957752704527,336.20694500887237,-4.51803058650528,0.0027651352479729995,2.418141440990085
2026-07-15T11:59:38+03:00,8.58,293.68,129.00144757370484,5.50152,177.99506863534154,166.27235214696492,1.1318208285014282,4.6655999999999995,4.374,-0.4526366581533504,,1.6329297161228462,23.01067,58.310047,9.1838014413221,152.25503840552966,330.25010704087117,-4.129189336671432,0.002765135248441905,2.420906576238527
2026-07-15T11:59:40+03:00,8.66,293.68,129.00144757370484,5.404319999999999,178.99774477682047,166.4098620177963,0.7207236104950625,4.87944,4.29624,0.05729577951308232,,-0.011459155902616466,23.010674,58.310002,9.28477634462932,153.106196752394,332.10394152921447,-4.3517112756157825,0.0027077945336450933,2.4236143707721722
2026-07-15T11:59:42+03:00,8.73,293.68,131.00107027871144,5.307119999999999,178.99774477682047,167.08595221605066,-0.6074498543976988,4.29624,4.19904,0.11459155902616464,,-1.7818987428568602,23.010686,58.309969,8.748771516128665,152.75416202924282,331.7519068060633,-3.819573888826277,0.002019421502891663,2.4256337922750637
2026-07-15T11:59:44+03:00,8.73,293.68,131.99801684223905,5.50152,180.99736748182707,165.41291545426867,-1.646623407426473,4.58784,4.23792,0.11459155902616464,,-2.4064227395494577,23.010693,58.309932,9.22450745857275,153.69002239871043,334.68738988053747,-4.112582257058724,0.0022349422226292945,2.427868734497693
2026-07-15T11:59:46+03:00,8.73,293.68,133.99763954724563,5.598719999999999,179.99469134034814,164.1294899931756,-0.025897692339913212,4.23792,4.31568,0.16615776058793874,,-3.0939720937064457,23.010692,58.309888,9.070195299437719,153.63797496694002,333.63266630728816,-3.797202859689929,0.0026449280121932234,2.4305136625098864
2026-07-15T11:59:48+03:00,8.88,293.68,135.00031568872456,5.404319999999999,170.9992539567942,165.49312954558695,2.85779889055352,4.0824,4.19904,0.017188733853924696,,-4.388856710702106,23.010696,58.309847,8.77918326347982,154.19683450052543,325.19608845731966,-3.675363182120485,0.0024676508773208185,2.432981313387207
2026-07-15T11:59:50+03:00,8.73,293.68,138.00261453521009,4.996079999999999,172.99887666180075,168.11154666933484,-1.1624167747614143,4.1212800000000005,4.276800000000001,0.418259190445501,,-4.40604544455603,23.0107,58.309808,8.517634002979365,156.8921261645786,329.89100282637935,-3.7906196989752674,0.0023476010901036072,2.435328914477311
2026-07-15T11:59:52+03:00,8.55,293.68,133.99763954724563,5.09328,182.99699018683364,165.48167038968435,0.7546427119668072,4.1796,4.1212800000000005,0.3323155211758775,,-3.460665082590172,23.010698,58.309769,8.543119688697988,154.6037077055283,337.60069789236195,-3.7756961957565185,0.002345051441676577,2.4376739659189877
2026-07-15T11:59:54+03:00,8.43,293.68,133.000692983718,5.598719999999999,166.99427896882975,170.98779480089158,3.063032372769381,4.0629599999999995,3.9851999999999994,0.0,,-5.127972266420867,23.010713,58.309734,8.881500857341138,152.5466987442007,319.54097771303043,-3.605417419355177,0.0021564290318438293,2.4398303949508313
2026-07-15T11:59:56+03:00,8.43,293.68,133.000692983718,5.404319999999999,179.99469134034814,173.44578374200285,0.8785161872740912,4.16016,4.45176,0.31512678732195276,,-5.471746943499363,23.010717,58.309696,8.785244336347548,153.26314486490216,333.2578362052503,-3.715364770359196,0.002287582738525766,2.442117977689357
2026-07-15T11:59:58+03:00,8.43,293.67,127.00182486869828,5.50152,183.99966632831257,174.91828527548904,1.5142701567512529,4.19904,4.0824,0.20053522829578813,,-4.95608492788162,23.010712,58.309657,8.700862920528568,149.67118054282534,333.6708468711379,-3.624366384638862,0.002349511557382676,2.44446748924674
2026-07-15T12:00:00+03:00,8.25,293.68,123.99952602221278,5.598719999999999,185.99928903331917,177.15855025445057,0.4023309637408641,4.45176,4.35456,0.37242256683503505,,-5.666552593843842,23.010702,58.309614,8.89034955107061,148.5273559774932,334.52664501081233,-3.796859516693103,0.002603848660324335,2.4470713379070643
2026-07-15T12:00:02+03:00,8.13,293.68,120.0002806121996,5.69592,191.99815714833886,176.90644882459299,-0.0405081161157492,4.58784,4.548959999999999,0.13178029288008933,,-4.182591904455009,23.010686,58.309575,8.92322653525458,146.4403908817759,338.43854803011476,-3.823098222885411,0.0023980255835828164,2.449469363490647
2026-07-15T12:00:04+03:00,8.17,293.68,123.00257945868512,5.79312,191.99815714833886,174.6776430015341,-1.1021416147136516,4.393439999999999,4.374,0.1432394487827058,,-2.097025530178813,23.010667,58.309534,8.977108795847078,147.2348932825867,339.2330504309256,-3.6944276570626116,0.0025363929808928684,2.45200575647154
2026-07-15T12:00:06+03:00,8.28,293.67,127.00182486869828,5.50152,189.9985344433323,170.2372200892702,-4.763456517158638,4.704479999999999,4.43232,0.03437746770784939,,-1.4438536437296745,23.010647,58.309489,9.14069319694633,151.2712105219176,341.26974496524986,-4.125380879531982,0.0027775936480681947,2.454783350119608
2026-07-15T12:00:08+03:00,8.17,293.67,133.000692983718,5.307119999999999,184.9966128918402,159.13902759758614,-5.471403168822283,4.957199999999999,4.45176,-0.13178029288008933,,1.478231111437524,23.010644,58.309446,9.414056864719717,155.65111884546286,340.64773173730305,-4.516266314284054,0.0025863671862663183,2.457369717305874
2026-07-15T12:00:10+03:00,8.13,293.68,151.9999734702561,4.996079999999999,173.9958232253284,147.00951107466662,-6.527937343043521,4.74336,4.276800000000001,-0.3495042550298022,,0.5958761069360561,23.010653,58.309404,9.450334231622078,165.62931140216278,339.6251346274912,-4.594941495400495,0.0025404694291184097,2.4599101867349926
2026-07-15T12:00:12+03:00,8.1,293.68,174.00155280327974,4.19904,170.9992539567942,136.86242852289973,-4.196629370435715,4.859999999999999,4.02408,0.10313240312354818,,1.0026761414789407,23.010669,58.309363,9.046697425226961,177.21980289937642,348.2190568561706,-4.854279592522387,0.0025156708359103533,2.462425857570903
2026-07-15T12:00:14+03:00,7.98,293.68,-168.0018252515673,4.101839999999999,154.9965427387903,132.46784223424632,-1.182584889150019,3.9463199999999996,3.86856,-0.22918311805232927,,2.859059397702808,23.010701,58.30933,8.004101239491455,173.88456290390224,341.1119798348881,-3.9238625880261586,0.0022260947728381065,2.464651952343741
2026-07-15T12:00:16+03:00,7.98,293.67,-151.9991140335634,4.393439999999999,145.99537577728506,126.22260226732034,-3.636620421474848,3.96576,3.81024,-0.10886198107485642,,1.627200138171538,23.010743,58.309303,8.111540332093693,165.2686894943319,340.72668628295315,-3.8354012527681256,0.0020958725815585356,2.4667478249253
2026-07-15T12:00:18+03:00,8.06,293.68,-144.00062321353712,4.996079999999999,141.99613036727192,117.76574521118941,-4.506656833381003,4.1212800000000005,3.8296799999999998,-0.18334649444186346,,2.841870663848883,23.010789,58.309274,8.675352618643489,160.21468902523378,341.78144134203814,-3.877990871818045,0.0022689880206508335,2.469016812945951
2026-07-15T12:00:20+03:00,7.87,293.67,-134.99945625203188,5.404319999999999,135.99726225225223,112.04189683783248,0.8830998496351379,3.8296799999999998,3.51864,-0.18334649444186346,,3.517960862103255,23.010833,58.309246,8.552342601948295,153.45933651306893,342.53792573918327,-3.426098611142498,0.0021824063537671926,2.471199219299718
2026-07-15T12:00:22+03:00,7.98,293.68,-127.99791199553322,6.29856,120.99722717572726,113.81806600273804,-2.340589888888926,3.8296799999999998,3.51864,-0.017188733853924696,,1.6615776058793876,23.010888,58.30922,9.167237329867158,147.21853783734397,333.7786893383833,-3.219772160723877,0.0023363495481667444,2.4735355688478844
2026-07-15T12:00:24+03:00,8.06,293.67,-127.99791199553322,6.9984,126.99609529074696,113.73212233346841,3.342807664131762,3.51864,3.47976,-0.02864788975654116,,1.1974817918234204,23.01094,58.309199,9.574871218862436,144.83143695347795,342.16465833726903,-2.876351153365398,0.0020710934413967906,2.475606662289281
2026-07-15T12:00:26+03:00,8.13,293.67,-132.9998335470253,7.095599999999999,123.99952602221278,123.07706397205213,5.415024121781411,3.38256,3.44088,0.10886198107485642,,-1.1459155902616465,23.010988,58.309182,9.722491146476823,147.74062757924827,336.2588984429645,-2.8604298038921754,0.001827957685285771,2.477434619974567
2026-07-15T12:00:28+03:00,8.13,293.67,-142.00100050853052,7.1928,123.99952602221278,134.22109308734665,3.448518377333399,4.16016,3.51864,0.2119943841984046,,-2.2861016025719847,23.01104,58.309163,10.779775109119202,155.74548777402785,328.25403824818494,-3.7929414093068,0.002000099666641357,2.4794347196412083
2026-07-15T12:00:30+03:00,7.91,293.68,-155.99835944357653,6.006959999999999,145.99537577728506,131.8834252832129,-4.0944709955638885,3.73248,3.5575200000000002,0.08594366926962349,,-0.3036676314193363,23.011075,58.309135,9.53831217869763,165.15720976512307,340.838166012162,-3.607935892516011,0.0020134494040896563,2.481448169045298
2026-07-15T12:00:32+03:00,7.95,293.68,-155.99835944357653,4.393439999999999,145.99537577728506,128.22795455027824,-2.4232676987263035,3.8491199999999997,3.1687199999999995,-0.09740282517223994,,2.6298762796504787,23.011105,58.309104,8.0632100959089,167.19492916377632,338.8004466135087,-3.7533913957096456,0.0020903147251728994,2.483538483770471
2026-07-15T12:00:34+03:00,7.83,293.68,-149.99949132855681,4.996079999999999,141.99613036727192,123.4666752727411,-1.4431660943755173,3.7519199999999997,3.2270399999999997,-0.011459155902616466,,2.0053522829578814,23.011144,58.309079,8.456042737664893,162.81731654761336,339.17881381965856,-3.5844631455798077,0.0019428497232322085,2.4854813334937034
2026-07-15T12:00:36+03:00,7.95,293.68,-144.99756977706474,5.69592,137.99688495725877,121.02587506548379,-0.746793190173515,3.6741599999999996,3.2270399999999997,0.05156620156177409,,1.32926208470351,23.011191,58.309055,8.957003384006665,158.6065899504339,339.3902950068249,-3.421002206481986,0.002069694281170646,2.487551027774874
2026-07-15T12:00:38+03:00,8.13,293.68,-144.00062321353712,6.006959999999999,135.99726225225223,120.60761587503828,0.21806773682679134,3.61584,3.3242399999999996,0.09167324722093173,,1.3750987083139758,23.011233,58.309032,9.181621699191354,157.3844840284128,338.6127782238394,-3.33780401214198,0.0019157561199918821,2.4894667838948656
2026-07-15T12:00:40+03:00,8.13,293.68,-144.99756977706474,5.90976,134.99458611077327,121.75353146529994,0.7647267691611098,3.6741599999999996,3.47976,0.06302535746439056,,0.9682986737710912,23.011275,58.309008,9.164977722207139,158.2920359010835,336.7025502096898,-3.413592863676083,0.001959574421795047,2.4914263583166605
2026-07-15T12:00:42+03:00,8.13,293.68,-146.9971924820713,6.10416,133.99763954724563,124.42351479060959,4.756351840499016,3.46032,3.38256,-0.06875493541569878,,-0.18334649444186346,23.011319,58.308986,9.201241098484424,158.81723204967741,335.18040749756824,-3.226514896942485,0.0019180836596591404,2.4933444419763195
2026-07-15T12:00:44+03:00,8.13,293.69,-149.0025447650292,5.598719999999999,129.99839413723248,137.01712712758507,7.247686925286861,3.46032,3.42144,0.06875493541569878,,-1.6386592940741544,23.011369,58.308965,8.748302270911827,160.75619205073212,329.24220208650036,-3.2669733919289476,0.002021399347764864,2.4953658413240842
2026-07-15T12:00:46+03:00,7.98,293.69,-159.9976048535897,5.09328,138.99956109873773,139.8761865252879,-3.7897147443338035,3.3242399999999996,3.3242399999999996,-0.09740282517223994,,-0.865166270647543,23.011404,58.308941,8.295299627396608,167.87629483936033,331.1232662593774,-3.250097570279619,0.0018172784665761914,2.49718311979066
2026-07-15T12:00:48+03:00,7.98,293.69,-170.99839452010147,4.60728,160.99541085381,127.93001649681021,-6.395183021911709,3.402,3.46032,-0.2119943841984046,,2.7100903709687945,23.011422,58.308912,7.985141427611839,174.82052713800564,346.17488371580436,-3.3881089715868398,0.0018334507832025006,2.4990165705738625
2026-07-15T12:00:50+03:00,7.83,293.69,-157.99798214858313,4.00464,148.99767462377056,121.24932860558481,-1.4569743772381702,3.53808,3.1687199999999995,-0.09740282517223994,,2.9220847551671985,23.011453,58.308882,7.404648914308423,168.31006231569935,340.6876123080712,-3.4646945921919587,0.002051794607869561,2.501068365181732
2026-07-15T12:00:52+03:00,7.87,293.69,-142.99794707205817,5.20992,135.99726225225223,117.38186348845176,-3.0014967055723307,3.28536,3.26592,-0.017188733853924696,,1.3178029288008932,23.011492,58.308857,8.079340845421003,157.16394171942426,338.833320532828,-3.027850498931307,0.0019428546214947662,2.5030112198032266
2026-07-15T12:00:54+03:00,7.83,293.69,-136.0021323935108,6.006959999999999,133.99763954724563,112.00751937012464,-1.5367301023203812,3.402,3.1687199999999995,-0.03437746770784939,,2.6699833253096363,23.011529,58.308834,8.778304052047604,151.6189170173672,342.3787225298784,-2.993098511798417,0.0018100507814672944,2.504821270584694
2026-07-15T12:00:56+03:00,7.76,293.68,-131.99715740554637,5.90976,124.99647258574039,109.69276987779611,-0.6609068166834046,3.44088,3.402,-0.045836623610465865,,2.939273489021123,23.011574,58.308813,8.600968525383092,149.2934906469721,335.7029819387683,-2.9584488852180666,0.001900644680827226,2.5067219152655213
2026-07-15T12:00:58+03:00,7.83,293.69,-127.00096543200556,6.29856,125.99914872721935,108.34631905923867,0.06124918829948501,3.6547199999999997,3.46032,-0.09740282517223994,,3.059594625998596,23.011623,58.308794,8.98534281431767,145.95653263074658,340.0426160964728,-3.0283488799610625,0.0019231044446938806,2.5086450197102153
2026-07-15T12:01:00+03:00,7.72,293.69,-121.9990438805135,6.492959999999999,124.99647258574039,106.83944005804462,0.10061138882497254,3.73248,3.5575200000000002,-0.02864788975654116,,2.1886987773997446,23.011668,58.308773,9.04291276534633,142.48863229753135,342.507840288209,-2.960724606106097,0.0019006458820881725,2.5105456655923035
2026-07-15T12:01:02+03:00,7.83,293.68,-116.99712232902141,6.6095999999999995,121.9999033172062,105.75654982524736,-1.3529252416424127,3.81024,3.8296799999999998,-0.17188733853924698,,2.2345354010102105,23.011724,58.308753,9.003845169321387,139.14912718051272,342.85077613669347,-2.8821211135188674,0.002138251158032618,2.512683916750336
2026-07-15T12:01:04+03:00,7.98,293.69,-116.00017576549378,6.7068,116.99798176571409,107.84211619952355,1.4472340947209463,3.6547199999999997,3.9074399999999994,-0.1546986046853223,,2.4006931615981495,23.011779,58.308735,8.934681161444956,137.57093619254474,339.4270455731694,-2.697597072802738,0.0020461814623946284,2.5147300982127305
2026-07-15T12:01:06+03:00,8.13,293.68,-116.99712232902141,6.901199999999999,119.9945510342483,109.17137828422705,-0.9690435189047614,3.73248,3.92688,-0.18907607239317165,,2.503825564721698,23.011836,58.308715,9.21650552611284,138.1493497240809,341.8452013101674,-2.7802739052272494,0.0021644395629825453,2.516894537775713
2026-07-15T12:01:08+03:00,8.28,293.69,-119.0024746119793,6.6095999999999995,120.99722717572726,103.65379471711722,-1.9788243370433243,3.6935999999999996,3.86856,-0.08021409131831525,,3.2715890101970007,23.011896,58.308699,9.000159107015145,140.03691073462414,340.96031644110315,-2.830990660591101,0.002124741466873378,2.5190192792425865
2026-07-15T12:01:10+03:00,8.4,293.69,-114.0005530604872,6.804,116.99798176571409,102.46777208119642,0.5403564965878794,3.9463199999999996,3.73248,-0.10886198107485642,,3.030946736242055,23.011952,58.308681,9.149355611544427,137.20608956940714,339.79189219630695,-2.895817798470876,0.0020730527403737533,2.52109233198296
2026-07-15T12:01:12+03:00,8.36,293.69,-112.00093035548062,6.7068,116.99798176571409,103.58503978170154,0.4247336135304793,3.9463199999999996,3.92688,-0.07448451336700701,,4.824304635001531,23.012017,58.308664,8.965766238002201,136.08654276085832,340.91143900485577,-2.8428824811887545,0.002292805788211375,2.5233851377711716
2026-07-15T12:01:14+03:00,8.25,293.7,-110.00130765047405,6.804,118.99760447072069,104.13507926502712,1.9498326726097044,4.257359999999999,4.1212800000000005,0.07448451336700701,,4.669606030316209,23.012086,58.30864,9.177985650474584,135.84313877538852,343.1544656953322,-3.054380389395044,0.002613107669182028,2.525998245440354
2026-07-15T12:01:16+03:00,8.13,293.7,-108.00168494546749,7.095599999999999,113.99568291922859,108.14005425299156,3.1657637054363374,4.31568,4.14072,0.005729577951308233,,1.1401860123103382,23.012148,58.308623,9.375499584523995,133.96407595941304,340.0316069598156,-2.995976185340624,0.002208407951793811,2.5282066533921475
2026-07-15T12:01:18+03:00,7.98,293.69,-112.00093035548062,7.095599999999999,119.9945510342483,112.42004898261882,0.32205957664303575,4.35456,4.19904,0.005729577951308233,,2.2402649789615188,23.012212,58.308604,9.615612999130907,136.82825482699653,343.1662962072518,-3.1758072412115297,0.0023213089874212765,2.5305279623795687
2026-07-15T12:01:20+03:00,7.87,293.69,-116.99712232902141,6.7068,126.99609529074696,113.17635327219152,-0.22041686378682773,4.374,4.0824,-0.29220847551671986,,2.137132575837971,23.012271,58.308586,9.526097441864882,141.1469873545767,345.84910793617024,-3.406286920113637,0.002154430630291083,2.5326823930098596
2026-07-15T12:01:22+03:00,7.83,293.69,-121.00209731698585,6.201359999999999,128.99571799575352,113.49720963746478,1.1499262948275621,4.31568,4.14072,-0.05156620156177409,,1.7360621192463943,23.012334,58.308565,9.200633405147837,144.70892747809538,344.2867905176581,-3.5225772082417164,0.0023560315443944733,2.535038424554254
2026-07-15T12:01:24+03:00,7.83,293.7,-121.9990438805135,5.79312,126.99609529074696,115.56558727788705,0.5388668063205393,4.19904,4.21848,0.0,,3.4835833943954055,23.01239,58.308541,8.77340498512608,145.94586685110227,341.0502284396447,-3.478941911591119,0.0022821113370392197,2.5373205358912934
2026-07-15T12:01:26+03:00,7.65,293.7,-125.001342726999,5.404319999999999,130.99534070076012,113.30240398712029,-2.0286716652197057,4.31568,4.14072,-0.10886198107485642,,4.606580672851819,23.012445,58.308514,8.636438654585469,149.16399904319786,341.83134165756223,-3.705606812851856,0.002377001306574911,2.5396975371978683
2026-07-15T12:01:28+03:00,7.46,293.7,-123.99866658552006,5.69592,129.99839413723248,111.10224605381794,-0.3849130467688871,4.43232,4.0824,-0.22918311805232927,,3.672659466788577,23.012507,58.308487,8.962305274976043,148.2040083704312,341.79438576680127,-3.767159771180853,0.0025429877314202287,2.5422405249292885
2026-07-15T12:01:30+03:00,7.53,293.7,-119.0024746119793,5.69592,122.99684988073382,110.60950235000543,0.051337018443721766,4.4712,4.16016,-0.27501974166279514,,3.850276383279132,23.012577,58.308463,8.782421686875502,145.44277664939113,337.55407323134267,-3.6823018630702893,0.002639503743521715,2.5448800286728104
2026-07-15T12:01:32+03:00,7.68,293.7,-119.99942117550692,5.79312,122.99684988073382,109.88184595018929,0.6502498016939713,4.29624,4.31568,-0.26356058576017866,,3.8330876494252073,23.012642,58.308443,8.769613209357722,145.10382095236443,337.8930289283694,-3.5237332120299896,0.002378664905830526,2.547258693578641
2026-07-15T12:01:34+03:00,7.68,293.7,-119.0024746119793,6.006959999999999,118.99760447072069,111.13089394357446,1.194387819729714,4.510079999999999,4.374,-0.18334649444186346,,3.1741861850247606,23.012708,58.308423,9.093692065150664,144.7091051262773,334.2884993444434,-3.6812599360584843,0.0024059666657722484,2.5496646602444133
2026-07-15T12:01:36+03:00,7.68,293.71,-112.99787691900828,5.90976,121.9999033172062,112.87268564077219,0.2236254274395603,4.510079999999999,4.49064,-0.13750987083139757,,2.3835044277442243,23.012769,58.308404,8.723128071221788,141.417927004425,340.5819763127812,-3.525600059608117,0.0022393296402118605,2.551903989884625
2026-07-15T12:01:38+03:00,7.68,293.7,-117.99979847050034,5.50152,126.99609529074696,112.8898743746261,-0.20712424293979262,4.58784,4.45176,-0.13178029288008933,,2.1027551081301215,23.012826,58.308381,8.661053844597804,145.88531178136654,341.11078350938044,-3.7983488172897837,0.00226956570086883,2.554173555585494
2026-07-15T12:01:40+03:00,7.65,293.71,-116.00017576549378,5.307119999999999,125.99914872721935,111.48039819860428,-0.5994284452658674,4.5684000000000005,4.4712,-0.1432394487827058,,2.194428355351053,23.012896,58.308355,8.384067811855118,145.32391433934433,340.67523438787504,-3.7569679988934768,0.002707083915880377,2.5568806395013746
2026-07-15T12:01:42+03:00,7.91,293.7,-117.99979847050034,5.307119999999999,126.99609529074696,109.50942338335425,-0.2972505041138711,4.60728,4.49064,-0.1776169164905552,,2.5840396560400127,23.012964,58.308325,8.505931009322648,146.57121972859417,340.4248755621528,-3.845103408883959,0.0028039970763525757,2.5596846365777273
2026-07-15T12:01:44+03:00,8.32,293.72,-112.99787691900828,5.307119999999999,126.99609529074696,110.81576715625252,2.1239545465499616,4.4712,4.33512,0.1776169164905552,,2.486636830867773,23.01303,58.308299,8.166945793676463,143.2603138007597,343.7357814899873,-3.583047556637681,0.002604971416433369,2.5622896079941606
2026-07-15T12:01:46+03:00,8.51,293.72,-114.99749962401484,5.20992,121.9999033172062,113.68055613190663,0.17618452200272813,4.45176,4.60728,0.07448451336700701,,2.5783100780887045,23.013102,58.308275,8.158641705590089,144.63669687094955,337.36320644625664,-3.630404257782602,0.00269262313615968,2.5649822311303203
2026-07-15T12:01:48+03:00,8.7,293.71,-114.99749962401484,5.50152,125.99914872721935,115.09576188587977,0.4073729923380153,4.510079999999999,4.859999999999999,-0.011459155902616466,,3.030946736242055,23.013167,58.308248,8.460368752463925,143.88865529823278,342.11049342898656,-3.6435727878712734,0.0026166292832369756,2.567598860413557
2026-07-15T12:01:50+03:00,8.73,293.72,-123.00172002199243,4.80168,125.99914872721935,115.65726052510799,0.42284285280654754,4.859999999999999,4.45176,-0.005729577951308233,,3.66120031088596,23.013234,58.308221,8.49096451718891,151.6886337241525,334.3105150030668,-4.278662775157639,0.0026664584475461083,2.5702653188611033
2026-07-15T12:01:52+03:00,8.73,293.72,-123.00172002199243,4.704479999999999,126.99609529074696,115.98957604628386,0.21377055336331013,4.43232,4.5684000000000005,-0.06875493541569878,,2.7559269945792595,23.013293,58.308195,8.030691649116124,150.57432080337432,336.42177448737266,-3.8605228281930044,0.002431748611901969,2.572697067473005
2026-07-15T12:01:54+03:00,8.73,293.73,-121.9990438805135,4.393439999999999,128.99571799575352,115.98384646833256,0.3275599714762916,4.68504,4.393439999999999,-0.10313240312354818,,3.0939720937064457,23.013355,58.308168,7.941439244542904,152.01954887947653,336.976169116277,-4.137394999774284,0.002543001322923598,2.575240068795929
2026-07-15T12:01:56+03:00,8.73,293.74,-121.00209731698585,4.80168,129.99839413723248,115.43380698500697,-1.0387151867926694,4.723920000000001,4.60728,-0.06875493541569878,,2.7673861504818764,23.013416,58.308141,8.290834483384938,150.2364382293029,339.7619559079296,-4.100746789189503,0.002518772041391063,2.57775884083732
2026-07-15T12:01:58+03:00,8.73,293.74,-121.00209731698585,4.996079999999999,128.99571799575352,113.30240398712029,-0.42037913428748497,4.80168,4.41288,-0.03437746770784939,,3.827358071473899,23.013479,58.308114,8.528161767804134,149.85792074858446,339.13779724716903,-4.152410596924711,0.0025673937951733398,2.5803262346324933
2026-07-15T12:02:00+03:00,8.55,293.74,-119.99942117550692,5.09328,128.99571799575352,112.43723771647274,-0.37127665124477344,4.7628,4.68504,-0.017188733853924696,,3.2028340747813018,23.013541,58.308087,8.53719008300281,148.8906537908186,340.10506420493493,-4.07782751221299,0.0025430047747670888,2.5828692394072603
2026-07-15T12:02:02+03:00,8.36,293.74,-117.99979847050034,5.50152,124.99647258574039,112.41431940466751,0.4566473627192661,4.6655999999999995,4.43232,0.08021409131831525,,1.8621128341751756,23.013603,58.308064,8.725541628504315,146.17168736970882,338.82478521603156,-3.8757581271178663,0.0023967250962648894,2.585265964503525
2026-07-15T12:02:04+03:00,8.25,293.75,-116.99712232902141,5.90976,124.99647258574039,112.82684901716172,0.2779991221974754,4.7628,4.64616,0.05729577951308232,,2.3835044277442243,23.013668,58.308039,9.119427259344002,144.73048785139525,340.2659847343451,-3.8885640569256656,0.002543826511044616,2.58780979101457
2026-07-15T12:02:06+03:00,8.58,293.74,-119.0024746119793,6.29856,122.99684988073382,113.29094483121767,0.4242752472943746,4.510079999999999,4.60728,-0.06875493541569878,,1.5068790011940651,23.013742,58.308017,9.357286399462192,143.93459639353944,339.06225348719437,-3.6457028983467614,0.002684971800596353,2.590494762815166
2026-07-15T12:02:08+03:00,8.43,293.74,-119.0024746119793,6.201359999999999,120.99722717572726,113.70920402166318,-0.037987101817173574,4.49064,4.64616,-0.05729577951308232,,1.4266649098757496,23.013801,58.307998,9.253477559566745,144.11743846412244,336.8797887116048,-3.6384066569540603,0.0021852609277819394,2.592680023742948
2026-07-15T12:02:10+03:00,8.4,293.75,-119.99942117550692,6.39576,124.99647258574039,114.11027447825475,0.005844169510334398,4.704479999999999,4.64616,-0.040107045659157625,,1.8048170546620932,23.01387,58.307973,9.650185312366714,144.9724233924591,340.0240491932813,-3.8523852262471867,0.002646798919860477,2.5953268226628086
2026-07-15T12:02:12+03:00,8.28,293.74,-119.99942117550692,6.39576,124.99647258574039,114.39102379786885,0.352139860887404,4.64616,4.859999999999999,0.06302535746439056,,1.1287268564077217,23.013936,58.30795,9.60248681549478,144.77269170193432,340.22378088380606,-3.7953090282892203,0.0025009718770788248,2.5978277945398873
2026-07-15T12:02:14+03:00,8.13,293.75,-121.00209731698585,6.6095999999999995,126.99609529074696,115.07857315202585,0.530387030952603,4.68504,4.84056,0.12605071492878112,,0.5042028597151245,23.014001,58.307927,9.876028596821252,144.99468037742682,342.00141491332016,-3.8375105814916384,0.00247471982802686,2.600302514367914
2026-07-15T12:02:16+03:00,7.83,293.75,-123.00172002199243,6.39576,128.99571799575352,115.98957604628386,-0.0059587610693605615,5.09328,4.80168,0.1604281826366305,,0.418259190445501,23.01407,58.307901,10.1159553399121,147.97868237319494,341.0170356225586,-4.318341900699578,0.002681384628793792,2.602983898996708
2026-07-15T12:02:18+03:00,7.91,293.75,-125.99828929052664,6.492959999999999,130.99534070076012,116.2244887422875,-0.8136573648652821,5.09328,4.80168,0.13750987083139757,,1.088619810748564,23.014144,58.307867,10.342876499881909,149.47670834862987,341.5186323521302,-4.38746734961235,0.0031043537288033946,2.6060882527255114
2026-07-15T12:02:20+03:00,8.17,293.76,-125.99828929052664,6.39576,128.99571799575352,114.42540126557671,-0.8698645245676158,4.74336,4.6655999999999995,0.1432394487827058,,1.3464508185574346,23.014204,58.307841,9.953265184823032,148.67655717542252,340.31916082033104,-4.051997231742822,0.0024560401458213216,2.6085442928713327
2026-07-15T12:02:22+03:00,8.13,293.76,-125.001342726999,6.10416,128.99571799575352,113.48002090361085,-0.274217600749612,4.723920000000001,4.7628,0.13178029288008933,,1.4839606893888322,23.014267,58.307814,9.625803658876197,148.70442953023178,340.29128846552175,-4.036584876130075,0.0025674068679682267,2.611111699739301
2026-07-15T12:02:24+03:00,8.1,293.76,-123.99866658552006,6.39576,126.99609529074696,114.08735616644952,0.27828560109504086,4.74336,4.64616,0.14896902673401402,,1.1573747461642627,23.014337,58.307784,9.865746206842333,147.48934678725362,339.5067485034933,-4.000035307774526,0.002852675678106114,2.613964375417407
2026-07-15T12:02:26+03:00,7.98,293.76,-123.00172002199243,6.492959999999999,127.99877143222591,114.27070266089139,0.1736635077041525,4.704479999999999,4.52952,0.1546986046853223,,0.6531718864491385,23.014391,58.307758,9.877514270053249,146.54462717552192,341.454144256704,-3.925020432467953,0.002313025558956578,2.616277400976364
2026-07-15T12:02:28+03:00,8.21,293.76,-123.00172002199243,6.29856,127.99877143222591,114.207677303427,0.5924383601652712,4.68504,4.62672,0.12605071492878112,,0.836518380891002,23.014458,58.30773,9.683308130942246,146.9406720835926,341.0580993486333,-3.926560895226446,0.0027034859621673647,2.618980886938531
2026-07-15T12:02:30+03:00,8.43,293.76,-121.9990438805135,6.39576,126.99609529074696,115.98384646833256,1.3581391575781034,4.704479999999999,4.78224,0.09167324722093173,,0.5042028597151245,23.014515,58.307705,9.743008593863546,146.17186025775982,340.82423503298713,-3.908064014274924,0.002344758860502882,2.621325645799034
2026-07-15T12:02:32+03:00,8.4,293.76,-121.00209731698585,6.201359999999999,126.99609529074696,115.31348584802947,-0.9544903909084383,4.80168,4.7628,0.03437746770784939,,0.6531718864491385,23.014583,58.307676,9.601426323080084,146.38468171480253,340.6114135759444,-3.9987107033125895,0.0027657558818772916,2.624091401680911
2026-07-15T12:02:34+03:00,8.28,293.76,-121.9990438805135,5.90976,130.99534070076012,112.83830817306433,-1.6659893809018946,4.89888,4.74336,-0.10886198107485642,,2.446529785208615,23.014642,58.307648,9.466101186073463,148.0318009327043,342.96353976805585,-4.155926083778649,0.0025107181680818383,2.626602119848993
2026-07-15T12:02:36+03:00,8.13,293.77,-121.00209731698585,6.10416,129.99839413723248,111.85855034339062,-0.00790681757280536,4.80168,4.704479999999999,-0.08021409131831525,,2.3147494923285254,23.014707,58.307618,9.513700703176653,146.63561270704906,343.3627814301834,-4.010314438467945,0.0027321623000077714,2.6293342821490007
2026-07-15T12:02:38+03:00,8.28,293.76,-119.0024746119793,6.201359999999999,124.99647258574039,112.54037011959629,0.5099324376664327,4.62672,4.89888,0.005729577951308233,,1.3693691303626676,23.014777,58.307592,9.3640719972427,144.60547042975452,340.39100215598586,-3.771623952653499,0.002707122844549367,2.63204140499355
2026-07-15T12:02:40+03:00,8.13,293.76,-119.99942117550692,6.6095999999999995,126.99609529074696,114.37383506401493,0.819845309052695,4.80168,4.91832,-0.02864788975654116,,1.2662367272391195,23.014854,58.30757,9.923687408218278,144.7732820562981,342.2228132344489,-3.922377198921019,0.002767839130299455,2.6348092441238493
2026-07-15T12:02:42+03:00,7.98,293.76,-121.9990438805135,6.7068,126.99609529074696,114.9066858134866,0.322976309115245,4.74336,4.723920000000001,-0.045836623610465865,,1.5068790011940651,23.014925,58.307543,10.059628517751145,145.5696904117268,341.42640487902014,-3.91239217362019,0.002767781703284449,2.6375770258271336
2026-07-15T12:02:44+03:00,7.83,293.76,-123.00172002199243,6.7068,125.99914872721935,114.65458438362904,-0.15349539331554754,4.68504,4.84056,-0.05156620156177409,,1.673036761782004,23.014995,58.307515,10.057794820392166,145.9969860262893,340.00216270093006,-3.8839363700432488,0.0027782606697457687,2.6403552864968796
2026-07-15T12:02:46+03:00,7.83,293.76,-121.00209731698585,6.29856,126.99609529074696,116.43075354853458,1.007775465855605,4.84056,4.7628,0.02864788975654116,,0.4297183463481174,23.015062,58.307485,9.721642271004772,146.26597632235314,340.7301189683938,-4.025528264850324,0.002779927851030154,2.6431352143479097
2026-07-15T12:02:48+03:00,7.95,293.76,-121.9990438805135,6.29856,130.99534070076012,118.52777907871342,-0.10416372715478366,4.859999999999999,4.80168,0.040107045659157625,,-0.017188733853924696,23.015127,58.30746,9.784340067755197,146.91195101208936,344.08338968867076,-4.0718664690770945,0.0025438536177538663,2.6456790679656637
2026-07-15T12:02:50+03:00,7.98,293.76,-123.99866658552006,6.006959999999999,132.9949634057667,118.79706924242488,-0.0385600596123044,4.80168,4.80168,0.02864788975654116,,2.142862153789279,23.01519,58.307429,9.560164587255256,148.60606721597918,344.3888961897875,-4.0987426838176155,0.0027257779153916964,2.648404845881055
2026-07-15T12:02:52+03:00,7.68,293.77,-123.99866658552006,5.90976,133.99763954724563,118.1725452457323,-0.9776378858317236,4.87944,4.5684000000000005,-0.06875493541569878,,1.8162762105647094,23.015253,58.307397,9.538512227216595,149.09250593605333,344.9051336111923,-4.186548439748983,0.002767216536057797,2.651172062417113
2026-07-15T12:02:54+03:00,7.68,293.77,-123.99866658552006,5.90976,131.99801684223905,117.92617339382602,-0.23502728756266367,4.80168,4.35456,0.02864788975654116,,1.32926208470351,23.015309,58.307369,9.471878538665118,148.8508962810173,343.14712056122175,-4.109393416429725,0.0024412558275772123,2.65361331824469
2026-07-15T12:02:56+03:00,7.83,293.76,-123.00172002199243,6.006959999999999,129.99839413723248,117.74855647733548,-0.1863258749765437,4.704479999999999,4.52952,0.05156620156177409,,0.8078704911344607,23.015372,58.307339,9.433965829776366,147.72370413349515,342.2746900037373,-3.9775570666852356,0.0026850505211561643,2.6562983687658464
2026-07-15T12:02:58+03:00,7.98,293.76,-123.99866658552006,5.90976,129.99839413723248,117.38186348845176,-0.4824304635001532,4.58784,4.60728,0.0,,1.3521803965087429,23.015436,58.307312,9.289527681050414,148.1686471949148,341.8297469423177,-3.8978481808460024,0.0025919748951579043,2.658890343661004
2026-07-15T12:03:00+03:00,8.1,293.76,-123.99866658552006,5.79312,129.99839413723248,116.65420708863562,-0.19595156593474153,4.510079999999999,4.68504,-0.06875493541569878,,1.3120733508495852,23.0155,58.307285,9.117050226041947,148.2110386417092,341.7873554955233,-3.8335418453934644,0.0025919760981807784,2.661482319759185
2026-07-15T12:03:02+03:00,7.98,293.76,-121.00209731698585,5.79312,129.99839413723248,116.06406055965087,-0.8230538727054275,4.723920000000001,4.62672,-0.05156620156177409,,2.486636830867773,23.01556,58.307258,9.168788536799505,147.20924936699055,342.78914477024193,-3.9711824398758315,0.0024947418925518835,2.6639770616517366
2026-07-15T12:03:04+03:00,7.87,293.77,-121.00209731698585,6.006959999999999,129.99839413723248,114.60301818206726,0.06634851267614933,4.704479999999999,4.49064,0.05729577951308232,,1.6673071838306956,23.015616,58.307231,9.344893670901092,146.56567808013733,343.43271605709515,-3.925973046527557,0.0024002172682853437,2.666377278920022
2026-07-15T12:03:06+03:00,7.68,293.75,-121.9990438805135,6.10416,128.99571799575352,116.11562676121264,1.2391931193089445,4.6655999999999995,4.5684000000000005,0.12032113697747288,,-0.6589014644004466,23.015683,58.307201,9.445185597977925,146.76491276148298,342.2308052342705,-3.902442375003815,0.002779940777955344,2.6691572196979774
2026-07-15T12:03:08+03:00,7.83,293.76,-123.00172002199243,6.201359999999999,129.99839413723248,116.80317611536964,-0.11378941811298149,4.510079999999999,4.4712,0.12605071492878112,,1.449583221680983,23.015743,58.307178,9.448000357817254,146.60105698580753,343.39733715142495,-3.7652764512888006,0.002345456509424618,2.671502676207402
2026-07-15T12:03:10+03:00,7.91,293.76,-123.00172002199243,6.006959999999999,129.99839413723248,116.24740705409272,-0.06823927340008104,4.548959999999999,4.62672,-0.011459155902616466,,1.4438536437296745,23.015805,58.307152,9.302847039489873,147.21220824762236,342.7861858896101,-3.8242288289869153,0.0025051128363933885,2.674007789043795
2026-07-15T12:03:12+03:00,7.95,293.77,-121.9990438805135,5.90976,128.99571799575352,115.68017883691321,0.44455795324200575,4.49064,4.33512,-0.045836623610465865,,0.790681757280536,23.01587,58.307125,9.122334976534221,146.6741237192649,342.3215942764886,-3.752196118219514,0.0026166803951133896,2.6766244694389085
2026-07-15T12:03:14+03:00,7.83,293.76,-121.9990438805135,6.10416,129.99839413723248,116.99798176571409,0.22018768066877537,4.5684000000000005,4.43232,0.12605071492878112,,1.306343772898277,23.015931,58.3071,9.3640362539538,146.43894955740438,343.5594445798281,-3.806835123564275,0.002443089370870884,2.679067558809779
2026-07-15T12:03:16+03:00,7.98,293.76,-121.9990438805135,6.10416,132.9949634057667,116.87766062873662,0.8304450282626151,4.49064,4.4712,0.05729577951308232,,0.9797578296737078,23.01599,58.307072,9.299338419643103,146.17408965630042,346.8208737494663,-3.7305220122160643,0.002510740678365923,2.681578299488145
2026-07-15T12:03:18+03:00,8.13,293.76,-121.9990438805135,6.006959999999999,126.99609529074696,117.49645504747791,0.36228121386121953,4.68504,4.23792,0.022918311805232933,,0.7849521793292279,23.016043,58.307047,9.373326313560355,147.07893758661479,339.9171577041322,-3.9327168965527686,0.0022492761355146235,2.68382757562366
2026-07-15T12:03:20+03:00,8.21,293.75,-123.99866658552006,6.201359999999999,129.99839413723248,117.6167761844554,0.14375511079832354,4.5684000000000005,4.393439999999999,0.09167324722093173,,1.3006141949469687,23.016116,58.30702,9.53992918370562,147.38997593027167,342.6084182069608,-3.848228856139058,0.002819212745676832,2.6866467883693366
2026-07-15T12:03:22+03:00,8.13,293.75,-125.001342726999,6.10416,131.99801684223905,117.63969449626062,0.1532662101974952,4.52952,4.58784,0.34377467707849396,,0.790681757280536,23.016172,58.306994,9.46022802653985,148.09282338767832,343.90519345456073,-3.8451344002930736,0.002359999837286467,2.689006788206623
2026-07-15T12:03:24+03:00,8.13,293.76,-125.99828929052664,6.201359999999999,129.99839413723248,117.47926631362398,-0.012146705256773452,4.43232,4.43232,0.08594366926962349,,1.3120733508495852,23.016238,58.306964,9.508586314879013,148.15383441854607,341.8445597186864,-3.765113239192145,0.0027559937310702573,2.6917627819376935
2026-07-15T12:03:26+03:00,8.13,293.76,-125.99828929052664,6.39576,128.99571799575352,117.26154235147429,-0.06342642792098213,4.29624,4.52952,-0.017188733853924696,,0.8078704911344607,23.0163,58.306935,9.574136709737914,147.28537684953392,341.7103411462196,-3.6147397930066667,0.002621406439879129,2.6943841883775725
2026-07-15T12:03:28+03:00,8.21,293.76,-127.00096543200556,6.29856,129.99839413723248,116.05260140374826,-0.733615160885506,4.52952,4.393439999999999,0.05156620156177409,,1.1860226359208041,23.016361,58.30691,9.72255546481796,148.84378349042294,341.15461064680954,-3.8761814420090235,0.0024430975276620707,2.6968272859052345
2026-07-15T12:03:30+03:00,8.28,293.76,-123.00172002199243,6.29856,127.99877143222591,115.34213373778603,-0.780311221188668,4.23792,4.41288,0.06302535746439056,,1.8334649444186342,23.016428,58.306882,9.311769034147378,145.43972748644057,342.55904394578533,-3.4900538318633982,0.0027035256528017983,2.699530811558036
2026-07-15T12:03:32+03:00,8.58,293.77,-121.9990438805135,6.492959999999999,128.99571799575352,113.66909697600401,-0.2372045271841608,4.43232,4.68504,-0.13750987083139757,,1.9996227050065731,23.016482,58.306862,9.607504237988946,145.03084986769557,343.96486812805796,-3.632112303828883,0.0020863998308332955,2.7016172113888692
2026-07-15T12:03:34+03:00,8.73,293.77,-121.9990438805135,6.6095999999999995,126.99609529074696,112.13357008505342,-0.8323357889865469,4.548959999999999,4.29624,-0.13178029288008933,,1.4839606893888322,23.016548,58.306834,9.810451451653527,145.1547574953771,341.84133779536984,-3.733323739882762,0.0026788864960424147,2.7042960978849115
2026-07-15T12:03:36+03:00,8.96,293.77,-121.00209731698585,6.901199999999999,124.99647258574039,111.93876443470893,0.5814375704987594,4.52952,4.58784,0.005729577951308233,,1.455312799632291,23.016603,58.306809,10.017202801551775,143.80612298189607,341.1903496038443,-3.6554287363769826,0.0022966672898391775,2.706592765174751
2026-07-15T12:03:38+03:00,9.18,293.77,-117.99979847050034,7.095599999999999,124.99647258574039,111.19964887899017,-0.14747933646667388,4.60728,4.704479999999999,0.05729577951308232,,1.8850311459804083,23.016663,58.306785,10.112850517590093,141.71933139785244,343.27714118788793,-3.6166477049318524,0.0023813974813148573,2.7089741626560655
2026-07-15T12:03:40+03:00,9.26,293.76,-116.99712232902141,7.095599999999999,123.99952602221278,110.98765449479177,0.23027173786307784,4.548959999999999,4.74336,0.05156620156177409,,1.111538122553797,23.016725,58.306762,10.017241913268155,140.86494136361853,343.13458465859424,-3.5284479441843293,0.0023967839582214852,2.711370946614287
2026-07-15T12:03:42+03:00,9.48,293.76,-117.99979847050034,7.3094399999999995,121.9999033172062,111.64655595919223,0.6398219698225903,4.5684000000000005,4.68504,0.05729577951308232,,0.9912169855763242,23.0168,58.306736,10.27869600659321,141.10556402840862,340.8943392887976,-3.5556045725775682,0.00283755863724334,2.7142085052515306
2026-07-15T12:03:44+03:00,9.63,293.76,-121.9990438805135,7.1928,123.99952602221278,112.51172222983976,0.5638477661882432,4.60728,4.957199999999999,0.03437746770784939,,1.0485127650894066,23.016871,58.306713,10.396379659850838,144.0744533941586,339.9250726280542,-3.73088371761489,0.0026340585590791644,2.7168425638106095
2026-07-15T12:03:46+03:00,9.75,293.77,-123.00172002199243,6.901199999999999,124.99647258574039,113.18208285014282,0.5963917689516739,4.7628,4.93776,0.005729577951308233,,0.9682986737710912,23.016942,58.306688,10.301262046339358,145.8164587517987,339.1800138339417,-3.9399882161136532,0.002699094907448659,2.7195416587180583
2026-07-15T12:03:48+03:00,9.78,293.76,-123.00172002199243,6.9984,128.99571799575352,113.56596457288047,-0.46638764523649007,5.01552,4.87944,-0.040107045659157625,,1.283425461093044,23.01701,58.306659,10.600431180460975,146.38021429978903,342.6155036959645,-4.176574424882907,0.002765803810093665,2.722307462528152
2026-07-15T12:03:50+03:00,9.93,293.77,-121.9990438805135,6.9984,127.99877143222591,112.71798703608687,0.12129516522919528,5.09328,4.91832,-0.07448451336700701,,1.7131438074411613,23.017081,58.306631,10.61582962445224,146.00816931423805,341.99060211798786,-4.22292653450644,0.00280349534840725,2.7251109578765593
2026-07-15T12:03:52+03:00,9.93,293.76,-119.99942117550692,7.3094399999999995,126.99609529074696,113.27948567531507,0.4043363160238219,5.13216,4.93776,-0.09167324722093173,,1.501149423242757,23.017149,58.306604,10.829567792241537,144.230269079894,342.765826210853,-4.1640947011463,0.002691660510752999,2.7278026183873125
2026-07-15T12:03:54+03:00,10.08,293.75,-119.0024746119793,7.1928,124.99647258574039,113.73212233346841,0.1410049133816956,5.1127199999999995,4.996079999999999,-0.05729577951308232,,0.9740282517223995,23.017224,58.306571,10.655354655467073,143.81531680280807,341.1811557829323,-4.126569205608905,0.00308932572817642,2.730891944115489
2026-07-15T12:03:56+03:00,10.16,293.76,-121.00209731698585,7.095599999999999,128.99571799575352,113.66909697600401,0.16621505636745182,5.307119999999999,5.03496,-0.022918311805232933,,0.9396507840145503,23.017295,58.306539,10.830752948237823,145.83711283309987,343.15860516265366,-4.391347176635534,0.002954101684347256,2.733846045799836
2026-07-15T12:03:58+03:00,10.23,293.77,-123.99866658552006,7.095599999999999,126.99609529074696,114.3394575963071,0.05729577951308232,5.38488,5.20992,-0.040107045659157625,,0.7792226013779195,23.017367,58.306508,11.048771425667182,147.8307394066935,339.16535588405344,-4.558187484856822,0.0029396795241699663,2.736785725324006
2026-07-15T12:04:00+03:00,10.38,293.77,-123.00172002199243,6.901199999999999,126.99609529074696,114.30508012859924,-0.090470035851157,5.07384,4.957199999999999,-0.08021409131831525,,1.111538122553797,23.017431,58.30648,10.560013511403463,146.76468361963668,340.23141167111027,-4.2438949613953385,0.002630064150321383,2.7394157894743274
2026-07-15T12:04:02+03:00,10.38,293.77,-121.00209731698585,6.804,125.99914872721935,114.11600405620607,-0.3878924273035673,4.97664,4.93776,-0.045836623610465865,,0.9339212060632418,23.017484,58.306455,10.292859437104157,145.48582615449183,340.51332257272753,-4.100681914360911,0.0022492969754328005,2.74166508644976
2026-07-15T12:04:04+03:00,10.23,293.77,-116.00017576549378,6.492959999999999,127.99877143222591,114.79209425446044,0.43676572722822654,4.91832,4.91832,-0.040107045659157625,,0.5614986392282068,23.017549,58.306425,9.713231420547954,143.07193189026918,344.9268395419567,-3.93165793045685,0.002732214302329518,2.7443973007520897
2026-07-15T12:04:06+03:00,10.38,293.76,-114.99749962401484,6.201359999999999,126.99609529074696,116.41356481468065,0.1215816441267607,5.09328,4.84056,-0.05156620156177409,,0.005729577951308233,23.017624,58.306397,9.54425933708204,143.92219408044838,343.0739012102986,-4.116480851320893,0.0029055194830407806,2.7473028202351304
2026-07-15T12:04:08+03:00,10.53,293.77,-117.99979847050034,5.79312,128.99571799575352,116.46513101624245,0.12410265842533631,4.60728,5.03496,-0.07448451336700701,,0.3036676314193363,23.017693,58.306372,8.93577016125964,145.08071146830787,343.91500652744566,-3.777781703224831,0.002646880095853766,2.7499497003309843
2026-07-15T12:04:10+03:00,10.68,293.76,-119.99942117550692,6.492959999999999,127.99877143222591,116.82036484922355,0.7478818099842636,4.68504,4.6655999999999995,-0.03437746770784939,,0.320856365273261,23.017753,58.306347,9.72251893282265,144.66483171993448,343.33393971229145,-3.8219747964799637,0.0024183003734405397,2.7523680007044247
2026-07-15T12:04:12+03:00,10.83,293.77,-121.9990438805135,6.39576,128.99571799575352,117.35321559869521,-1.1103349111840224,4.859999999999999,4.89888,0.005729577951308233,,0.2807493196141034,23.017818,58.306318,9.872580429513164,146.67432761280645,342.3213903829471,-4.0608278115370195,0.0026929272705778795,2.7550609279750025
2026-07-15T12:04:14+03:00,10.83,293.76,-123.00172002199243,6.10416,130.99534070076012,114.90095623553529,-0.9025231188900726,4.84056,4.62672,-0.03437746770784939,,0.836518380891002,23.017874,58.306288,9.637363718851296,147.9140481546022,343.0812925461579,-4.101175049708164,0.0025256725270370885,2.7575866005020395
2026-07-15T12:04:16+03:00,10.72,293.76,-119.99942117550692,6.29856,127.99877143222591,114.14465194596261,0.0602751600477626,4.723920000000001,4.58784,0.005729577951308233,,1.008405719430249,23.01793,58.306263,9.57813401264926,145.2846518799816,342.7141195522443,-3.8830221606230344,0.00232066127316823,2.759907261775208
2026-07-15T12:04:18+03:00,10.76,293.76,-119.99942117550692,6.6095999999999995,126.99609529074696,115.04419568431798,0.9346087554173989,4.6655999999999995,4.723920000000001,0.05156620156177409,,0.4297183463481174,23.018003,58.306233,9.812840856951212,144.31496916252422,342.68112612822273,-3.7895680755469905,0.0029267744735695577,2.7628340362487775
2026-07-15T12:04:20+03:00,10.83,293.76,-119.99942117550692,6.6095999999999995,128.99571799575352,115.30775627007819,-0.4212958667596943,4.723920000000001,4.859999999999999,0.06302535746439056,,0.18907607239317165,23.018073,58.306206,9.860269145276876,144.51265057091527,344.4830674248383,-3.846422166885447,0.002742331585508834,2.7655763678342864
2026-07-15T12:04:22+03:00,10.83,293.76,-119.0024746119793,6.901199999999999,128.99571799575352,114.47123788918718,-0.9897272953089842,4.704479999999999,4.87944,0.03437746770784939,,0.7964113352318443,23.018142,58.306184,10.061875820622182,143.13967166355363,345.85604633219987,-3.764055381441661,0.0025488430532899686,2.7681252108875762
2026-07-15T12:04:24+03:00,10.83,293.75,-116.99712232902141,6.804,126.99609529074696,113.32532229892553,-0.47389339235270395,4.84056,5.01552,-0.005729577951308233,,1.4381240657783663,23.018208,58.306159,9.981332482568837,142.59896433950217,344.3971309512448,-3.845358491726526,0.0025694633517558793,2.770694674239332
2026-07-15T12:04:26+03:00,10.98,293.76,-116.00017576549378,6.7068,125.99914872721935,112.2023250204691,-0.2661388958382674,4.87944,4.996079999999999,-0.022918311805232933,,0.985487407625016,23.018277,58.306133,9.873299771968533,142.37159919005092,343.6275495371684,-3.8644535577359105,0.0026814731165600496,2.773376147355892
2026-07-15T12:04:30+03:00,11.13,293.77,-116.00017576549378,6.7068,126.99609529074696,112.1278405071021,-1.3985326821348265,4.84056,4.82112,-0.017188733853924696,,0.3495042550298022,23.018457,58.30606,9.84253593806321,142.2334161095704,344.76267918117657,-3.8265224043717416,0.0029541247251384517,2.776330272081031
2026-07-15T12:04:32+03:00,10.98,293.77,-117.99979847050034,6.6095999999999995,124.99647258574039,110.54074741458973,0.8126260408340465,4.82112,4.87944,-0.040107045659157625,,1.0771606548459478,23.018532,58.306033,9.84123308014652,143.62916089591954,341.36731168982084,-3.88194516936655,0.0028711404513507835,2.7792014125323816
2026-07-15T12:04:34+03:00,10.83,293.78,-116.00017576549378,6.7068,123.99952602221278,111.41164326318858,0.7330994988698883,4.78224,4.93776,0.017188733853924696,,0.492743703812508,23.018602,58.306009,9.79649837204262,142.0245162621003,341.97500976011247,-3.769716011070673,0.0026396321547558967,2.7818410446871376
2026-07-15T12:04:37+03:00,10.83,293.76,-116.99712232902141,6.492959999999999,122.99684988073382,112.56328843140153,-0.03454935504638864,4.723920000000001,4.89888,0.017188733853924696,,0.44117750225073393,23.018669,58.305983,9.608381795714124,142.97797588753912,340.0188739931947,-3.7715971782751065,0.0026304146947381084,2.7844714593818756
2026-07-15T12:04:39+03:00,10.91,293.77,-116.99712232902141,6.39576,125.99914872721935,112.01897852602725,0.12788417987319975,4.80168,4.64616,-0.05156620156177409,,1.4725015334862157,23.018733,58.305958,9.58350569275981,143.51247778573156,342.4866709414878,-3.8604853265679684,0.0025185117124793717,2.786989971094355
2026-07-15T12:04:41+03:00,10.98,293.77,-116.00017576549378,6.6095999999999995,125.99914872721935,112.49453349598585,0.713389750717388,4.78224,4.7628,0.040107045659157625,,1.4667719555349077,23.018772,58.305945,9.709247361218075,142.27618238719276,343.7229663400266,-3.782604812001883,0.0014585728507690858,2.788448543945124
2026-07-15T12:04:43+03:00,11.13,293.77,-116.99712232902141,6.7068,126.99609529074696,114.35091675220971,1.3284026480108138,4.74336,4.78224,-0.040107045659157625,,0.9568395178684748,23.01884,58.305919,9.816474461218467,142.49952581221774,344.49656947852924,-3.76313660210877,0.0026558857877054015,2.791104429732829
2026-07-15T12:04:45+03:00,11.28,293.76,-119.0024746119793,6.6095999999999995,127.99877143222591,115.17024639924678,0.004354479242994257,4.704479999999999,4.74336,-0.08021409131831525,,1.6329297161228462,23.018905,58.305892,9.79649645886362,143.83708721118228,344.16168422104363,-3.7981263552439266,0.0026167365139766418,2.7937211662468058
2026-07-15T12:04:47+03:00,11.28,293.77,-121.00209731698585,6.901199999999999,127.99877143222591,114.82074214421698,-0.5730723866898495,4.84056,4.93776,0.0,,1.6615776058793876,23.018971,58.305862,10.269862001853149,144.8309052763088,343.16786615591707,-3.9569433939833645,0.0027560428285080497,2.796477209075314
2026-07-15T12:04:49+03:00,11.36,293.76,-121.00209731698585,6.804,126.99609529074696,115.97811689038123,0.8220798444537052,4.82112,4.84056,0.040107045659157625,,0.7104676659622208,23.019044,58.305833,10.165095078433088,144.9891341373113,342.00696115343567,-3.9487058108441784,0.00289014979293667,2.7993673588682504
2026-07-15T12:04:50+03:00,11.4,293.76,-123.00172002199243,6.7068,128.99571799575352,118.26994807090452,1.1305030255726272,4.78224,4.7628,0.045836623610465865,,0.4526366581533504,23.01911,58.305812,10.138520134125914,146.30417946067743,342.6915385350761,-3.9787978235658032,0.002436687733231069,2.8018040466014815
2026-07-15T12:04:52+03:00,11.43,293.76,-127.00096543200556,6.492959999999999,128.99571799575352,119.0090636266233,-0.7497725707081953,5.1710400000000005,4.80168,-0.011459155902616466,,1.2032113697747289,23.019182,58.305783,10.45520899045005,150.26643948413863,338.7292785116149,-4.490226844807715,0.002865026243702529,2.804669072845184
2026-07-15T12:04:54+03:00,11.43,293.77,-127.99791199553322,6.29856,130.99534070076012,116.57972257526859,-0.9391351219989323,5.346,4.62672,0.07448451336700701,,1.8850311459804083,23.019248,58.305756,10.474295766686057,151.71407575421603,339.28126494654407,-4.70765443000371,0.002641587808144204,2.8073106606533282
2026-07-15T12:04:56+03:00,11.43,293.76,-125.99828929052664,6.29856,127.99877143222591,116.90057894054185,0.731552512823035,4.68504,4.78224,0.11459155902616464,,0.492743703812508,23.019314,58.305725,9.813763233391743,148.71834377460084,339.28042765762507,-4.003952849691422,0.0027957458368541256,2.810106406490182
2026-07-15T12:04:58+03:00,11.28,293.76,-125.001342726999,6.492959999999999,130.99534070076012,117.92617339382602,0.4114982884629572,4.704479999999999,4.78224,-0.02864788975654116,,0.6875493541569879,23.019381,58.305698,9.966582492185674,147.74781740051452,343.2475233002456,-3.9786139905289684,0.0026665781737777563,2.81277298466396
2026-07-15T12:05:00+03:00,11.28,293.76,-123.99866658552006,6.39576,129.99839413723248,118.1725452457323,0.3407952965438137,4.78224,4.7628,-0.19480565034447989,,1.180293057969496,23.019443,58.30567,9.898555438051215,147.6103009004092,342.3880932368233,-4.038239402734132,0.002581880812775289,2.8153548654767353
2026-07-15T12:05:02+03:00,11.13,293.76,-123.00172002199243,6.29856,129.99839413723248,117.6167761844554,-0.49767114085063296,4.64616,4.6655999999999995,0.10313240312354818,,0.6187944187412892,23.01951,58.305638,9.650745869096312,146.8147537947902,343.1836403424423,-3.888395856646225,0.0028594527959791903,2.8182143182727146
2026-07-15T12:05:04+03:00,11.28,293.77,-123.99866658552006,6.10416,130.99534070076012,117.16413952630207,-0.5004213382672611,4.60728,4.68504,0.09740282517223994,,1.3178029288008932,23.019572,58.305608,9.483655381623265,147.74970532469075,343.24563537606934,-3.896492234070501,0.0026618081281479028,2.8208761264008624
2026-07-15T12:05:07+03:00,11.32,293.78,-125.001342726999,6.10416,128.99571799575352,116.25886620999535,-0.35443169206792724,4.859999999999999,4.58784,0.08594366926962349,,1.7360621192463943,23.019635,58.305577,9.742340326287488,149.12015224005523,339.8755657556983,-4.171073017656411,0.002725853929348522,2.823601980330211
2026-07-15T12:05:09+03:00,11.43,293.77,-127.00096543200556,6.201359999999999,128.99571799575352,115.82341828569592,-0.41510792257228146,4.723920000000001,4.5684000000000005,0.09167324722093173,,1.2375888374825783,23.019689,58.305546,9.799647437879921,149.6432999003356,339.35241809541793,-4.076250943208955,0.0025258934411320727,2.826127873771343
2026-07-15T12:05:11+03:00,11.51,293.77,-127.99791199553322,6.39576,129.99839413723248,116.29897325565449,0.3156997451170836,4.35456,4.78224,0.10886198107485642,,1.5355268909506061,23.019738,58.30552,9.70358545646885,148.70778726380752,341.29060687342496,-3.7210996827389873,0.0021992836857860536,2.828327157457129
2026-07-15T12:05:13+03:00,11.73,293.77,-125.001342726999,6.10416,127.99877143222591,116.00676478013779,-1.0058847051316733,4.80168,4.62672,0.05156620156177409,,1.3235325067522015,23.019803,58.305495,9.692333668775342,148.94320960681398,339.0555618254119,-4.113389828940498,0.002543945612371067,2.8308711030695
2026-07-15T12:05:15+03:00,11.73,293.77,-125.001342726999,5.90976,127.99877143222591,116.17292254072572,0.3119182236692202,4.6655999999999995,4.58784,0.10313240312354818,,1.3922874421679003,23.01987,58.30547,9.398090512498744,148.99617272328703,339.0025987089389,-3.9990392348080155,0.002595178530187829,2.833466281599688
2026-07-15T12:05:17+03:00,11.88,293.76,-123.99866658552006,5.90976,129.99839413723248,116.67139582248954,0.512281564626469,4.62672,4.52952,0.05156620156177409,,1.1401860123103382,23.019931,58.30544,9.322582845594331,148.29467611913296,341.7037180180995,-3.9362388529726626,0.002638672244666422,2.8361049538443543
2026-07-15T12:05:19+03:00,11.96,293.76,-123.99866658552006,5.79312,128.99571799575352,115.98384646833256,-0.5577744135598565,4.78224,4.510079999999999,0.12605071492878112,,1.598552248414997,23.019999,58.30541,9.349483995021394,149.08968783905817,339.90603015669535,-4.103030236600007,0.002804132575430263,2.838909086419785
2026-07-15T12:05:21+03:00,12.03,293.75,-125.001342726999,5.79312,129.99839413723248,116.76879864766177,0.31243388568483793,4.58784,4.5684000000000005,0.022918311805232933,,0.5557690612768985,23.020065,58.305381,9.224882586704629,149.04199958744974,340.9563945497828,-3.9342774603061956,0.002717117406805071,2.84162620382659
2026-07-15T12:05:23+03:00,12.03,293.75,-125.99828929052664,5.50152,132.9949634057667,117.15268037039944,0.29495867293334777,4.58784,4.45176,0.05156620156177409,,1.5068790011940651,23.020123,58.305354,8.999182644734692,150.35717948670597,342.6377839190607,-3.98740889376681,0.002447194301947144,2.844073398128537
2026-07-15T12:05:25+03:00,12.03,293.76,-127.00096543200556,5.598719999999999,129.99839413723248,117.35894517664651,0.07465640070554626,4.60728,4.68504,0.1432394487827058,,1.5469860468532228,23.020185,58.305325,9.144444776339538,150.7276647252234,339.2707294120091,-4.018955520279599,0.0026214729891773287,2.8466948711177142
2026-07-15T12:05:27+03:00,12.18,293.76,-125.99828929052664,5.404319999999999,129.99839413723248,117.58239871674755,0.5247147487808079,4.74336,4.82112,0.05729577951308232,,1.5183381570966814,23.020251,58.305298,9.0465585439775,151.0982695789017,338.9001245583308,-4.152574183407573,0.002641609096980766,2.849336480214695
2026-07-15T12:05:29+03:00,12.18,293.76,-127.00096543200556,5.307119999999999,130.99534070076012,117.2787310853282,-0.06881223119521188,4.93776,4.80168,0.011459155902616466,,2.0282705947631143,23.020318,58.305268,9.170014722697296,152.47069918547186,338.5246415152883,-4.378680054837686,0.0027800287636834784,2.8521165089783787
2026-07-15T12:05:31+03:00,12.33,293.76,-127.99791199553322,5.307119999999999,128.99571799575352,116.76879864766177,-0.5384657358639476,4.82112,4.859999999999999,0.0,,1.8277353664673262,23.020381,58.30524,9.105613833408192,152.6582069545085,336.337511041245,-4.282516262495801,0.0026059289017221743,2.854722437880101
2026-07-15T12:05:33+03:00,12.33,293.76,-129.99753470053977,5.20992,129.99839413723248,116.40783523672934,0.22139089203855006,4.723920000000001,4.723920000000001,-0.10313240312354818,,1.9136790357369495,23.020445,58.305213,9.005369019464695,153.69180418741811,336.30658994981434,-4.234630739278031,0.002592068393952134,2.857314506274053
2026-07-15T12:05:35+03:00,12.48,293.75,-129.99753470053977,5.307119999999999,130.99534070076012,116.10989718326132,0.03947679208451372,4.89888,4.97664,0.06302535746439056,,2.2803720246206765,23.020512,58.305183,9.25129354102137,153.93013282321533,337.0652078775448,-4.400462182997316,0.00278003263268959,2.8600945389067425
2026-07-15T12:05:37+03:00,12.63,293.75,-127.00096543200556,5.79312,129.99839413723248,116.51096763985291,0.5750204431932942,4.957199999999999,4.87944,0.005729577951308233,,1.7876283208081685,23.020574,58.305149,9.628098246677244,151.2803669712653,338.7180271659672,-4.347372981064042,0.0028302356027886787,2.862924774509531
2026-07-15T12:05:39+03:00,12.78,293.76,-125.001342726999,6.29856,129.99839413723248,117.39332264435438,0.2804055449370249,4.97664,4.93776,0.06302535746439056,,0.6187944187412892,23.020638,58.305118,10.01989409186809,149.0082272390444,340.9901668981881,-4.266181081576373,0.0027490073763835293,2.865673781885915
2026-07-15T12:05:41+03:00,12.97,293.76,-123.99866658552006,6.492959999999999,130.99534070076012,117.7714747891407,-0.39814837183640905,4.7628,5.13216,0.05156620156177409,,1.2662367272391195,23.020701,58.305088,9.971324484407619,147.3267575915103,343.6685831092498,-4.009148753346219,0.0026851443133720713,2.868358926199287
2026-07-15T12:05:43+03:00,13.08,293.77,-121.9990438805135,6.39576,131.99801684223905,117.25581277352298,0.042456172619194,5.01552,4.78224,0.08021409131831525,,1.2261296815799616,23.020764,58.305059,10.002891839618869,147.16374013655178,344.8342767056873,-4.214158335392241,0.002645154677869171,2.8710040808771558
2026-07-15T12:05:45+03:00,13.08,293.76,-123.00172002199243,6.10416,127.99877143222591,117.65688323011454,-0.4606580672851819,5.0544,5.1127199999999995,0.05156620156177409,,2.0282705947631143,23.020827,58.305031,9.81919716035245,148.57686857347866,339.4219028587472,-4.313123646721506,0.0026059378748786687,2.8736100187520344
2026-07-15T12:05:47+03:00,13.08,293.76,-123.00172002199243,6.10416,127.99877143222591,117.39905222230568,0.033288847897100834,4.78224,4.89888,0.05729577951308232,,2.114214264032738,23.020893,58.305003,9.588002018401658,147.72892387530865,340.2698475569173,-4.0435344437797776,0.0026789704203629455,2.8762889891723975
2026-07-15T12:05:49+03:00,13.16,293.76,-123.00172002199243,6.201359999999999,129.99839413723248,117.67980154191979,-0.517094410105568,4.74336,4.957199999999999,0.08594366926962349,,2.6298762796504787,23.020958,58.304977,9.643611033233718,147.3640196160796,342.6343745211529,-3.9944493683334112,0.00257993068908637,2.878868919861484
2026-07-15T12:05:51+03:00,13.23,293.76,-123.00172002199243,6.29856,132.9949634057667,117.22143530581512,-0.4693097299916573,4.723920000000001,4.91832,0.045836623610465865,,3.0252171582907463,23.021015,58.304949,9.715916847959587,147.06574575511956,345.92921765064716,-3.964762332514427,0.002464316482147918,2.881333236343632
2026-07-15T12:05:53+03:00,13.23,293.76,-123.00172002199243,6.492959999999999,130.99534070076012,116.91203809644449,0.3964867942305297,4.84056,5.03496,-0.02864788975654116,,1.4209353319244415,23.021079,58.304921,9.991329560937068,146.97483244577944,344.02050825498065,-4.0584767749192725,0.0026301325900583367,2.8839633689336903
2026-07-15T12:05:55+03:00,13.23,293.76,-123.00172002199243,6.6095999999999995,128.99571799575352,117.66261280806584,0.41608195082400384,4.87944,4.996079999999999,-0.03437746770784939,,1.1229972784564135,23.021152,58.304892,10.130539846342293,146.82664113240378,342.16907686334974,-4.084183142609444,0.0028901987021588433,2.8868535676358493
2026-07-15T12:05:57+03:00,13.38,293.76,-123.00172002199243,6.39576,130.99534070076012,118.67101852749612,0.3388472400403688,5.2488,5.01552,0.022918311805232933,,1.4610423775835992,23.02122,58.30486,10.248144880577644,148.43972013758145,342.55562056317865,-4.472449893318781,0.002882933728850179,2.8897365013646996
2026-07-15T12:05:59+03:00,13.38,293.76,-123.00172002199243,6.492959999999999,130.99534070076012,119.27835379033478,-0.5986836001321971,4.58784,5.01552,-0.045836623610465865,,0.865166270647543,23.021279,58.304829,9.780411096168876,146.16792844257498,344.8274122581852,-3.8109945881141982,0.0026350993524560536,2.892371600717156
2026-07-15T12:06:01+03:00,13.23,293.76,-123.00172002199243,6.39576,132.9949634057667,118.13816777802444,-0.7455899788037403,4.723920000000001,4.97664,-0.06302535746439056,,1.260507149287811,23.02134,58.304797,9.804749339587362,146.83413684389825,346.1608265618685,-3.954348097806764,0.002722265628765194,2.895093866345921
2026-07-15T12:06:03+03:00,12.97,293.75,-123.00172002199243,6.6095999999999995,131.99801684223905,118.03503537490089,0.222021145613194,4.84056,5.151599999999999,-0.05729577951308232,,1.3636395524113596,23.021399,58.304769,10.098018964163318,146.70593243820966,345.2920844040294,-4.046050826612432,0.002510830682720757,2.8976046970286418
2026-07-15T12:06:05+03:00,12.78,293.76,-123.00172002199243,6.6095999999999995,131.99801684223905,117.93763254972863,-0.0752293585006771,5.09328,5.1127199999999995,0.0,,0.8537071147449266,23.021478,58.304732,10.310191918709709,147.4768901060247,344.52112673621434,-4.294524636264453,0.0033422296180522972,2.900946926646694
2026-07-15T12:06:07+03:00,12.63,293.76,-123.00172002199243,6.7068,130.99534070076012,117.9147142379234,-0.08176107736516848,4.996079999999999,4.996079999999999,0.017188733853924696,,0.5958761069360561,23.021541,58.304699,10.317115963185078,146.963029475911,344.03231122484914,-4.188308594794943,0.002809436224073297,2.903756362870767
2026-07-15T12:06:09+03:00,12.78,293.76,-123.00172002199243,6.7068,132.9949634057667,117.78293394504331,-0.9071640770306325,4.859999999999999,4.97664,-0.02864788975654116,,1.0599719209920229,23.021604,58.304667,10.20330723287561,146.54642898745675,346.4485344183099,-4.0548574280817435,0.00276732690993115,2.9065236897806983
2026-07-15T12:06:11+03:00,12.78,293.77,-125.001342726999,6.492959999999999,129.99839413723248,115.57704643378966,-0.46117372930079964,4.87944,4.84056,-0.07448451336700701,,1.6844959176846201,23.021669,58.304638,10.114978398175632,148.27669657303323,341.72169756419925,-4.150438579419188,0.0026930015697443567,2.9092166913504425
2026-07-15T12:06:13+03:00,12.93,293.77,-121.9990438805135,6.29856,127.99877143222591,114.71188016314211,-0.11676879864766178,4.64616,4.93776,-0.03437746770784939,,1.3464508185574346,23.021735,58.304614,9.605887350870459,146.21561392866545,341.78315750356046,-3.86159100975145,0.0025348545365387752,2.911751545886981
2026-07-15T12:06:15+03:00,13.08,293.77,-121.9990438805135,6.492959999999999,126.99609529074696,115.3936999393478,0.5534199343168621,4.60728,4.7628,0.0,,0.9797578296737078,23.021805,58.304589,9.75139268470425,145.62004556386998,341.376049726877,-3.8024393605041618,0.002673028992428282,2.9144245748794093
2026-07-15T12:06:17+03:00,13.08,293.77,-123.00172002199243,6.6095999999999995,127.99877143222591,116.20157043048223,0.49091023886808927,4.80168,4.74336,0.02864788975654116,,0.46982539200727513,23.021874,58.304565,10.065543191088848,146.5844442855249,341.414327146701,-4.007954506891694,0.0026133169464298694,2.917037891825839
2026-07-15T12:06:19+03:00,13.08,293.77,-123.00172002199243,6.901199999999999,129.99839413723248,116.90057894054185,-0.6086530657674736,4.859999999999999,5.151599999999999,0.022918311805232933,,0.5729577951308232,23.021941,58.304538,10.381813606187707,146.11785287983605,343.88054125739643,-4.034704122586688,0.002666633219940901,2.91970452504578
2026-07-15T12:06:21+03:00,13.23,293.77,-123.99866658552006,6.901199999999999,130.99534070076012,116.3734577690215,0.4637520393788883,4.996079999999999,4.78224,-0.05729577951308232,,1.1974817918234204,23.022006,58.304508,10.542618822351445,147.13259921743884,343.8627414833213,-4.196351354950344,0.002732297863799303,2.9224368229095794
2026-07-15T12:06:23+03:00,13.23,293.77,-123.99866658552006,6.804,132.9949634057667,115.5942351676436,0.6103719391528659,4.7628,4.97664,-0.03437746770784939,,1.283425461093044,23.02207,58.304477,10.257677213501188,146.6387538336553,346.3562095721114,-3.9779858518537905,0.0027490342988048255,2.925185857208384
2026-07-15T12:06:25+03:00,13.23,293.77,-125.001342726999,6.804,128.99571799575352,115.94373942267339,0.0994654732347109,4.93776,4.957199999999999,0.022918311805232933,,0.7964113352318443,23.022136,58.304447,10.45071878054992,147.7709763598096,341.22474163594393,-4.17696536865117,0.0027561058711488484,2.927941963079533
2026-07-15T12:06:27+03:00,13.23,293.76,-127.00096543200556,6.9984,128.99571799575352,116.33908030131366,0.39035614582262984,4.87944,4.957199999999999,0.017188733853924696,,0.9912169855763242,23.022206,58.304418,10.671895034162402,148.41779179580868,340.57792619994484,-4.156744209429132,0.002815230931445143,2.9307571940109782
2026-07-15T12:06:29+03:00,13.23,293.77,-127.99791199553322,6.901199999999999,128.99571799575352,116.89484936259055,0.31885101299030316,4.89888,5.03496,0.005729577951308233,,1.0026761414789407,23.022271,58.304391,10.64201093510507,149.26761451958288,339.72810347617065,-4.210898725054309,0.002616804829571192,2.9333739988405494
2026-07-15T12:06:31+03:00,13.38,293.76,-127.99791199553322,6.7068,130.99534070076012,117.29591981918215,0.06084811784289343,4.91832,5.03496,-0.005729577951308233,,1.208940947726037,23.022337,58.304361,10.477871651565117,149.7075662236345,341.2877744771256,-4.246783253723979,0.0027561097027195107,2.936130108543269
2026-07-15T12:06:33+03:00,13.53,293.76,-123.00172002199243,6.6095999999999995,131.99801684223905,116.84328316102876,-0.6018348680054167,4.93776,5.20992,-0.040107045659157625,,1.4381240657783663,23.022404,58.304327,10.179404803274075,147.0062567093657,344.99176013287337,-4.141447630582514,0.0029417188158258364,2.939071827359095
2026-07-15T12:06:35+03:00,13.68,293.76,-123.00172002199243,6.6095999999999995,129.99839413723248,115.41088867320173,-0.8356589441983058,5.03496,5.0544,-0.06302535746439056,,1.4381240657783663,23.022475,58.304296,10.261065879197766,147.3018088267977,342.6965853104348,-4.237058997697171,0.0029154312370869143,2.9419872585961815
2026-07-15T12:06:37+03:00,13.68,293.77,-121.9990438805135,6.901199999999999,127.99877143222591,114.6259364938725,0.1160239535139917,5.03496,5.26824,-0.05156620156177409,,1.5240677350479896,23.022549,58.304266,10.478687483760423,146.04613639494005,341.95263503728586,-4.176436804684007,0.002951815099119525,2.944939073695301
2026-07-15T12:06:39+03:00,13.83,293.77,-119.99942117550692,6.9984,128.99571799575352,115.1014914638311,0.4409483191326815,5.1127199999999995,4.97664,-0.03437746770784939,,1.3579099744600511,23.022617,58.304239,10.53079968075371,144.86300098368105,344.1327170120725,-4.181071135343244,0.0026917750351841607,2.947630848730485
2026-07-15T12:06:41+03:00,13.83,293.77,-121.00209731698585,6.901199999999999,127.99877143222591,115.68590841486451,0.3393629020559866,5.01552,5.151599999999999,-0.05156620156177409,,1.2146705256773451,23.022694,58.304211,10.413371691246693,145.3853941802182,342.6133772520077,-4.127730765757676,0.0029573529554943363,2.9505882016859797
2026-07-15T12:06:43+03:00,13.98,293.76,-123.00172002199243,6.9984,128.99571799575352,115.9609281565273,-0.035351495959571794,5.1127199999999995,5.346,-0.040107045659157625,,1.2490479933851946,23.022762,58.304182,10.681508123229296,146.6688940531062,342.32682394264737,-4.271724459327759,0.002765920543212347,2.953354122229192
2026-07-15T12:06:45+03:00,13.98,293.77,-123.99866658552006,6.901199999999999,127.99877143222591,116.16719296277441,0.41046696443172176,5.26824,5.13216,-0.017188733853924696,,0.962569095819783,23.022837,58.304154,10.772226460859722,147.91821862278147,340.08055280944444,-4.463731547562138,0.0029056418878223808,2.9562597641170143
2026-07-15T12:06:47+03:00,13.98,293.78,-125.001342726999,6.804,128.99571799575352,116.55107468551205,-0.8998875130324709,5.22936,5.28768,-0.05729577951308232,,1.111538122553797,23.022904,58.304127,10.698520267946718,148.6038464563531,340.3918715394004,-4.463707295083585,0.0026666527234978834,2.9589264168405123
2026-07-15T12:06:49+03:00,14.06,293.77,-125.99828929052664,6.804,128.99571799575352,115.06711399612324,-1.1222524333227435,5.0544,5.2488,-0.10886198107485642,,1.5469860468532228,23.022975,58.304097,10.595647471930429,148.69981222078215,340.2959057749714,-4.31876810510531,0.0028773958379044533,2.9618038126784167
2026-07-15T12:06:51+03:00,14.13,293.78,-125.99828929052664,6.804,126.99609529074696,114.60874776001857,0.8327368594431385,5.404319999999999,5.42376,-0.08594366926962349,,1.6673071838306956,23.023047,58.304066,10.896155713984694,149.65577749571452,337.34031779503243,-4.6639599632076285,0.002939800914239358,2.964743613592656
2026-07-15T12:06:53+03:00,14.13,293.78,-127.00096543200556,7.095599999999999,127.99877143222591,113.84671389249458,-0.7097228208285508,5.48208,5.13216,-0.09740282517223994,,1.4152057539731333,23.023122,58.304036,11.279244988179435,149.84089309636317,338.15787833586273,-4.7399905482073335,0.0029768931191073936,2.9677205067117636
2026-07-15T12:06:55+03:00,14.13,293.77,-129.99753470053977,7.1928,127.99877143222591,113.34824061073076,0.0875479510959898,5.22936,5.03496,-0.12032113697747288,,1.8391945223699424,23.0232,58.304003,11.288728496237905,150.78320578684261,337.2155656453833,-4.564075806487626,0.0031626800273792167,2.970883186739143
2026-07-15T12:06:57+03:00,14.28,293.76,-129.00058813701216,7.3094399999999995,125.99914872721935,113.59461246263702,0.15343809753603446,5.20992,5.07384,-0.05156620156177409,,1.1516451682129547,23.02327,58.303976,11.335909268380448,149.92702017252827,336.07212855469106,-4.508601375227731,0.00274244390505559,2.9736256306441984
2026-07-15T12:06:59+03:00,14.28,293.77,-131.00021084201873,7.1928,127.99877143222591,113.53731668312393,-1.2909312082092579,5.28768,5.326560000000001,-0.07448451336700701,,1.111538122553797,23.02334,58.303947,11.384209406660394,151.52071535557786,336.47805607664804,-4.647815582836275,0.0028152540408935846,2.976440884685092
2026-07-15T12:07:01+03:00,14.28,293.77,-132.9998335470253,6.901199999999999,125.99914872721935,111.93876443470893,-0.682793804457402,5.307119999999999,5.09328,-0.10313240312354818,,1.8391945223699424,23.023417,58.303916,11.213785518602037,153.2504322264525,332.7487165007669,-4.73916443003536,0.0030635803501588826,2.979504465035251
2026-07-15T12:07:03+03:00,14.28,293.76,-131.00021084201873,6.804,125.99914872721935,110.78138968854466,-0.6524843370949815,5.22936,5.09328,-0.08594366926962349,,1.8162762105647094,23.023487,58.30389,10.969353767121849,152.087352035761,333.91179669145833,-4.6209883567493915,0.0027073117250649642,2.982211776760316
2026-07-15T12:07:05+03:00,14.28,293.77,-127.99791199553322,6.804,125.99914872721935,109.46931633769509,-0.014209353319244417,5.326560000000001,5.326560000000001,-0.07448451336700701,,1.9652452372987235,23.023562,58.303866,10.921999663805435,150.59923414765066,335.3999145795687,-4.640537685863995,0.002773329359100863,2.984985106119417
2026-07-15T12:07:07+03:00,14.36,293.76,-127.99791199553322,6.7068,122.99684988073382,108.94792474412603,0.6479006747339349,5.1127199999999995,5.1127199999999995,-0.08021409131831525,,1.604281826366305,23.023643,58.303839,10.64618029463731,150.2353037868116,332.7615460939222,-4.438206559019351,0.003029471761163978,2.988014577880581
2026-07-15T12:07:09+03:00,14.43,293.76,-127.00096543200556,6.7068,122.99684988073382,109.41775013613331,0.32876318284606637,5.19048,5.151599999999999,-0.09167324722093173,,1.180293057969496,23.023715,58.303813,10.66880343313284,149.86460391064622,333.1322459700876,-4.488942161393857,0.002759133356925162,2.990773711237506
2026-07-15T12:07:11+03:00,14.43,293.76,-125.99828929052664,6.6095999999999995,123.99952602221278,110.13394738004683,0.27771264329990997,5.28768,5.26824,0.040107045659157625,,2.985110112631589,23.02379,58.303789,10.61744911696938,149.75874445221436,334.24078156999843,-4.568092218063871,0.0027733337616333968,2.9935470449991395
2026-07-15T12:07:13+03:00,14.43,293.76,-127.00096543200556,6.201359999999999,122.99684988073382,110.01362624306937,-0.7593409658868799,5.346,5.22936,-0.05156620156177409,,2.3090199143772177,23.023866,58.303762,10.341217712802122,151.38544252299184,331.611407357742,-4.693046632883981,0.002897373646875821,2.9964444186460155
2026-07-15T12:07:15+03:00,14.43,293.75,-125.001342726999,6.492959999999999,123.99952602221278,107.7504429523026,-0.7965832225703836,5.03496,5.3654399999999995,-0.1776169164905552,,3.592445375470262,23.023936,58.303735,10.247589578815209,148.73391837037727,335.2656076518355,-4.303713772758259,0.0027424560430298482,2.9991868746890455
2026-07-15T12:07:17+03:00,14.43,293.76,-123.99866658552006,6.10416,121.9999033172062,105.60758079851334,0.23966824570322337,5.1127199999999995,5.19048,-0.14896902673401402,,3.151267873219528,23.024009,58.303709,9.914787840428941,149.30851670799314,332.69138660921305,-4.396571858956984,0.0027852234590367937,3.0019720981480824
2026-07-15T12:07:19+03:00,14.43,293.77,-119.0024746119793,6.201359999999999,119.9945510342483,105.34974979070446,0.43435930448867704,5.19048,5.28768,-0.07448451336700701,,2.887707287459349,23.024086,58.303688,9.829064978606354,146.50924561357957,333.48530542066874,-4.328729910712797,0.0027398676812660553,3.0047119658293484
2026-07-15T12:07:21+03:00,14.28,293.76,-114.0005530604872,6.006959999999999,118.99760447072069,104.77679199557365,-0.6746005079870313,5.1710400000000005,5.346,-0.12605071492878112,,2.956462222875048,23.024163,58.303664,9.385737350796768,144.21995550135372,334.77764896936696,-4.195096715094872,0.002827477498709583,3.007539443328058
2026-07-15T12:07:23+03:00,14.28,293.76,-110.99825421400169,6.29856,116.99798176571409,101.94638048762738,-1.7572042618867216,5.2488,5.2488,-0.005729577951308233,,3.283048166099617,23.024246,58.30364,9.53494010042519,141.92381283253306,335.074168933181,-4.131810229284122,0.0029920128824609867,3.010531456210519
2026-07-15T12:07:25+03:00,14.28,293.76,-108.00168494546749,6.6095999999999995,115.99530562423517,100.88640856663534,0.3933355263573102,5.2488,5.3654399999999995,-0.20053522829578813,,3.283048166099617,23.024328,58.303618,9.627033751849819,139.2350487271935,336.7602568970417,-3.9754128900061265,0.002907780690045907,3.013439236900565
2026-07-15T12:07:27+03:00,14.43,293.76,-102.9997633939754,6.7068,113.99568291922859,100.3650169730663,0.22179196249514166,5.2488,5.346,0.011459155902616466,,3.982056676159222,23.024407,58.303595,9.40045380198627,135.95925215061396,338.03643076861465,-3.7730767246730887,0.002852373361282168,3.016291610261847
2026-07-15T12:07:29+03:00,14.43,293.77,-99.99746454748988,6.7068,112.99873635570096,102.50214954890427,0.7552156697619381,5.1710400000000005,5.404319999999999,0.05156620156177409,,1.8048170546620932,23.024496,58.303575,9.15218162750834,133.80651671620421,339.1922196394967,-3.5795245140004455,0.0030570591858310394,3.019348669447678
2026-07-15T12:07:31+03:00,14.43,293.76,-102.00281683044777,6.7068,114.99835906070751,105.79092729295522,1.7890034195164823,5.52096,5.42376,-0.045836623610465865,,0.6187944187412892,23.024582,58.303554,9.532199346215533,136.5112790081272,338.4870800525803,-4.005510936356427,0.0029950146640320015,3.02234368411171
2026-07-15T12:07:33+03:00,14.43,293.76,-104.99938609898197,6.7068,119.9945510342483,108.9135472764182,1.2697890655689306,5.22936,5.1127199999999995,0.040107045659157625,,0.7677634454753031,23.02467,58.303529,9.512170625173429,137.0740367526573,342.920514281591,-3.829117067098662,0.003159430380795118,3.0255031144925053
2026-07-15T12:07:35+03:00,14.43,293.76,-110.00130765047405,6.6095999999999995,121.9999033172062,112.25389122203089,1.3381429305280377,5.307119999999999,5.19048,0.08594366926962349,,1.32926208470351,23.024748,58.303507,9.79022797560594,140.6243498659083,341.3755534512979,-4.102421033957871,0.0027958701228704636,3.028298984615376
2026-07-15T12:07:37+03:00,14.43,293.76,-112.00093035548062,6.39576,125.99914872721935,113.77222937912757,1.4589797295211282,5.22936,5.1127199999999995,-0.246371851906254,,2.0282705947631143,23.024819,58.303481,9.65975890768018,142.12886207998588,343.87028664723346,-4.1280223941768694,0.002733182107515944,3.0310321667228917
2026-07-15T12:07:39+03:00,14.43,293.77,-117.99979847050034,6.29856,127.99877143222591,114.71760974109343,0.5350852848726758,4.97664,5.01552,-0.02864788975654116,,1.3579099744600511,23.024892,58.303452,9.688674126733988,144.97029729445973,343.0284741377662,-4.075144489180149,0.0028902735472580137,3.0339224402701497
2026-07-15T12:07:41+03:00,14.43,293.76,-119.99942117550692,6.29856,127.99877143222591,114.53426324665156,-0.62773256034533,5.0544,5.03496,0.02864788975654116,,0.5328507494716656,23.024961,58.303423,9.851583732777616,146.37931808158828,341.6194533506376,-4.208907196028425,0.002790548294680794,3.0367129885648305
2026-07-15T12:07:43+03:00,14.43,293.76,-123.00172002199243,6.29856,126.99609529074696,113.371158922536,-1.1208773346144294,4.93776,5.19048,-0.03437746770784939,,1.3521803965087429,23.025024,58.303398,9.896074623231925,147.73887587505865,339.2572194156883,-4.17548936517544,0.002493355345893252,3.039206343910724
2026-07-15T12:07:45+03:00,14.58,293.76,-127.00096543200556,6.29856,127.99877143222591,112.90133353052872,0.8482067199116707,4.957199999999999,5.01552,0.005729577951308233,,0.7219268218648373,23.025095,58.303371,10.090973092205948,150.10023947125578,337.8985319609701,-4.297390891915698,0.0027679958897367787,3.041974339800461
2026-07-15T12:07:47+03:00,14.58,293.77,-131.00021084201873,6.29856,125.99914872721935,113.66336739805271,0.5153755367201754,4.82112,4.93776,0.005729577951308233,,0.836518380891002,23.025169,58.303344,10.137018831222075,152.03503388447155,333.9641148427478,-4.258179460979819,0.0028452917544882156,3.044819631554949
2026-07-15T12:07:49+03:00,14.58,293.77,-132.9998335470253,6.10416,126.99609529074696,114.42540126557671,0.6476714916158826,4.68504,4.89888,0.09740282517223994,,1.7360621192463943,23.025236,58.303318,9.910506780219734,153.22663577665287,333.7694595140941,-4.182781818093015,0.0026305428968951905,3.0474501744518445
2026-07-15T12:07:51+03:00,14.58,293.78,-134.99945625203188,5.598719999999999,127.99877143222591,114.1389223680113,-0.7348183722552808,4.84056,4.7628,-0.1432394487827058,,2.389234005695533,23.025305,58.303292,9.648981295607207,155.776621555046,332.2221498771799,-4.414362143958165,0.002681615306490154,3.0501317897583347
2026-07-15T12:07:53+03:00,14.58,293.78,-136.0021323935108,5.20992,127.99877143222591,113.70347444371187,1.1633335072336235,5.01552,4.82112,-0.20626480624709637,,2.200157933302361,23.025369,58.303263,9.481213803571253,157.56100341818467,330.43776801404124,-4.635777205019835,0.002669066812391715,3.0528008565707263
2026-07-15T12:07:55+03:00,14.58,293.78,-129.99753470053977,5.20992,127.99877143222591,113.8581730483972,-0.26327410686261327,4.723920000000001,4.89888,0.06302535746439056,,0.9167324722093171,23.025437,58.303235,9.005369019464695,153.69180418741811,334.30696724480777,-4.234630739278031,0.002728484198020491,3.055529340768747
2026-07-15T12:07:57+03:00,14.58,293.78,-127.99791199553322,5.20992,127.99877143222591,113.6461786641988,-0.7230727374550988,4.80168,4.82112,0.17188733853924698,,1.9595156593474157,23.025499,58.303207,9.000066071532993,152.85954790044042,335.1392235317855,-4.272971614688293,0.002581984182124461,3.0581113249508713
2026-07-15T12:07:59+03:00,14.58,293.78,-123.00172002199243,4.996079999999999,126.99609529074696,112.94144057618789,-0.32744537991726547,4.84056,4.704479999999999,0.045836623610465865,,1.9824339711526484,23.025563,58.303182,8.644996497641504,151.0090466909528,335.98704859979415,-4.234019655844032,0.0025186389776781963,3.0606299639285495
2026-07-15T12:08:01+03:00,14.58,293.78,-121.9990438805135,4.80168,126.99609529074696,113.30240398712029,1.2757478266382911,4.82112,4.6655999999999995,0.02864788975654116,,1.501149423242757,23.025631,58.303156,8.416256869391805,151.0636839218094,335.93241136893755,-4.219241880667372,0.0026560213889528913,3.0632859853175023
2026-07-15T12:08:03+03:00,14.58,293.78,-125.99828929052664,4.80168,125.99914872721935,113.80087726888412,0.18919066395219783,4.82112,4.62672,0.08021409131831525,,1.6959550735872368,23.025698,58.30313,8.573916903924149,153.0581238875372,332.94102483968214,-4.29786754019422,0.002630551940367108,3.0659165372578694
2026-07-15T12:08:05+03:00,14.51,293.78,-129.00058813701216,4.996079999999999,126.99609529074696,113.18781242809413,-0.3499626212659068,4.78224,4.80168,-0.06302535746439056,,2.4751776749651566,23.025762,58.303106,8.826269454800423,153.90267843762467,333.0934168531223,-4.294681741146618,0.002483249086816902,3.068399786344686
2026-07-15T12:08:07+03:00,14.43,293.78,-127.99791199553322,4.89888,127.99877143222591,111.78979540797494,-0.612434587215337,4.58784,4.78224,0.08021409131831525,,2.7444678386766435,23.025831,58.303078,8.5276219079976,153.08276159691033,334.91600983531555,-4.090799684231278,0.0027534187996184328,3.0711532051443045
2026-07-15T12:08:09+03:00,14.43,293.78,-123.99866658552006,5.307119999999999,126.99609529074696,112.4716151841806,0.07018732990352584,4.52952,4.78224,0.08021409131831525,,0.9167324722093171,23.025897,58.30305,8.692853060725316,149.59240537330646,337.4036899174405,-3.906469061245966,0.0026790599371589764,3.0738322650814633
2026-07-15T12:08:11+03:00,14.43,293.78,-123.00172002199243,5.50152,127.99877143222591,112.48307434008322,-0.2512992889443791,4.45176,4.60728,0.045836623610465865,,0.5614986392282068,23.025969,58.303024,8.761513476646261,148.2235217578295,339.7752496743964,-3.7844810354636564,0.002759175145756878,3.07659144022722
2026-07-15T12:08:13+03:00,14.43,293.78,-127.00096543200556,5.404319999999999,126.99609529074696,111.97314190241678,-0.4298902336866567,4.62672,4.68504,0.005729577951308233,,0.9224620501606254,23.026033,58.303001,8.98386235284115,151.287164226396,335.70893106435096,-4.057811841236571,0.002448824681751738,3.0790402649089716
2026-07-15T12:08:15+03:00,14.43,293.78,-127.00096543200556,4.996079999999999,126.99609529074696,111.87573907724453,-0.161459506667866,4.68504,4.7628,0.017188733853924696,,1.1229972784564135,23.0261,58.302974,8.665114805941096,152.5827774525814,334.41331783816554,-4.158802315344046,0.0026667074382284795,3.0817069723472
2026-07-15T12:08:17+03:00,14.43,293.77,-123.00172002199243,4.80168,123.99952602221278,111.25694465850326,-0.4381408259365405,4.60728,4.7628,0.022918311805232933,,0.9511099399171665,23.026166,58.302951,8.269342691825845,150.8581605941243,333.1413654280885,-4.024075988327364,0.002501217302578781,3.084208189649779
2026-07-15T12:08:19+03:00,14.43,293.79,-123.99866658552006,4.996079999999999,126.99609529074696,108.82187402919726,-1.2030967782157025,4.68504,4.6655999999999995,0.011459155902616466,,1.6902254956359284,23.026228,58.302927,8.54911595428732,151.02061527425965,335.9754800164873,-4.0984452901184065,0.002432120970997161,3.086640310620776
2026-07-15T12:08:21+03:00,14.43,293.79,-123.00172002199243,4.89888,123.99952602221278,106.38680339989125,-1.1213357008505342,4.80168,4.510079999999999,-0.03437746770784939,,1.822005788516018,23.026306,58.302901,8.525213760806189,151.18916011489932,332.81036590731344,-4.20730654081895,0.0029173242776239744,3.0895576348983997
2026-07-15T12:08:23+03:00,14.43,293.79,-116.99712232902141,5.307119999999999,118.99760447072069,106.36961466603734,0.45985592637199874,4.60728,4.68504,-0.02864788975654116,,1.2547775713365028,23.026385,58.302881,8.461191334404308,146.02154940694712,332.9760550637736,-3.820576946328465,0.002769515590342117,3.092327150488742
2026-07-15T12:08:25+03:00,14.43,293.79,-116.00017576549378,5.598719999999999,120.99722717572726,108.1629725647968,1.0991622341789713,4.6655999999999995,4.74336,-0.011459155902616466,,0.4239887683968092,23.02646,58.302858,8.718678724305533,144.74883167380528,336.248395501922,-3.8100679311675103,0.0027426023229859603,3.095069752811728
2026-07-15T12:08:27+03:00,14.43,293.8,-116.99712232902141,5.404319999999999,121.9999033172062,108.79895571739203,-0.013579099744600509,4.62672,4.64616,-0.10313240312354818,,0.6474423084978302,23.026527,58.302839,8.56238177572947,145.7786775541967,336.2212257630095,-3.8257021635643365,0.002404537941891427,3.0974742907536195
2026-07-15T12:08:29+03:00,14.43,293.81,-119.99942117550692,5.307119999999999,123.99952602221278,109.2114853298862,0.8770264970067511,4.78224,4.7628,-0.14896902673401402,,1.3636395524113596,23.026593,58.302811,8.741557044670826,148.27929674601526,335.72022927619753,-4.067874631773464,0.002679070892258133,3.1001533616458774
2026-07-15T12:08:31+03:00,14.43,293.8,-121.00209731698585,5.20992,121.9999033172062,109.28024026530193,-0.292323067075746,4.52952,4.704479999999999,-0.1546986046853223,,1.3521803965087429,23.026658,58.302788,8.483483109086356,148.23770516827602,333.76219814893017,-3.851175858190086,0.0024749671350723246,3.1026283287809497
2026-07-15T12:08:33+03:00,14.55,293.8,-119.99942117550692,5.79312,121.9999033172062,110.62669108385936,0.9213161345703638,4.7628,4.74336,-0.12605071492878112,,1.1459155902616465,23.02672,58.302766,9.156172361709123,146.77430739594837,335.2255959212578,-3.9841712202820063,0.002362807074414002,3.104991135855364
2026-07-15T12:08:35+03:00,14.58,293.79,-119.99942117550692,5.79312,123.99952602221278,110.48345163507665,0.359817495342157,4.704479999999999,4.84056,-0.11459155902616464,,0.7849521793292279,23.026791,58.302744,9.107442654284348,146.57327024385475,337.42625577835804,-3.926316483773548,0.0026032307717697195,3.1075943666271337
2026-07-15T12:08:37+03:00,14.51,293.8,-121.00209731698585,5.79312,123.99952602221278,111.6408263812409,0.2589769233991321,4.60728,4.704479999999999,-0.09167324722093173,,0.31512678732195276,23.026858,58.302721,9.070954602714252,146.81024534721453,337.18928067499826,-3.8556585349667842,0.00252760866924864,3.1101219752963822
2026-07-15T12:08:39+03:00,14.58,293.8,-121.9990438805135,5.79312,125.99914872721935,112.06481514963772,-0.33197174649879896,4.5684000000000005,4.60728,-0.09740282517223994,,0.6531718864491385,23.026921,58.302704,9.08177858197433,147.25086078933816,338.7482879378812,-3.842239755554357,0.00223674541469761,3.1123587207110797
2026-07-15T12:08:41+03:00,14.58,293.8,-121.9990438805135,5.79312,123.99952602221278,112.00751937012464,0.2868799680220032,4.52952,4.723920000000001,-0.045836623610465865,,0.6589014644004466,23.026988,58.302678,9.049103111953606,147.1176895718874,336.88183645032535,-3.803834389721415,0.0026305736847235606,3.1149892943958033
2026-07-15T12:08:43+03:00,14.58,293.81,-123.00172002199243,6.006959999999999,125.99914872721935,111.68666300485138,0.0427999472962725,4.58784,4.68504,0.005729577951308233,,0.6359831525952138,23.027054,58.302653,9.335556498477,147.34142857600114,338.6577201512182,-3.8625079593284752,0.0025696308960736986,3.117558925291877
2026-07-15T12:08:45+03:00,14.58,293.8,-123.00172002199243,6.10416,124.99647258574039,110.82722631215513,-0.20855663742761965,4.60728,4.74336,-0.011459155902616466,,1.1860226359208041,23.027121,58.302628,9.440530024315544,147.161963327494,337.8345092582464,-3.871067972060308,0.0025953171054350415,3.1201542423973123
2026-07-15T12:08:47+03:00,14.58,293.8,-119.99942117550692,6.201359999999999,122.99684988073382,110.37458965400177,0.5204175653173267,4.68504,4.60728,0.0,,1.008405719430249,23.027195,58.302602,9.458307297185781,145.40201654181507,337.59483333891876,-3.856520442178062,0.0028114815873596082,3.122965723984672
2026-07-15T12:08:49+03:00,14.58,293.8,-121.00209731698585,6.201359999999999,124.99647258574039,110.861603779863,0.5051195921873337,4.52952,4.723920000000001,-0.005729577951308233,,1.0313240312354817,23.027257,58.302578,9.37598947361994,145.4639019974037,339.5325705883367,-3.7312789432568496,0.0024321365202260325,3.125397860504898
2026-07-15T12:08:50+03:00,14.58,293.79,-121.00209731698585,6.29856,123.99952602221278,111.23975592464934,-0.5779998237279744,4.43232,4.723920000000001,0.0,,0.9511099399171665,23.02732,58.302554,9.384878629604755,144.88174251015602,339.11778351205675,-3.6254890492962057,0.002457636246178426,3.1278554967510765
2026-07-15T12:08:52+03:00,14.58,293.79,-121.00209731698585,6.29856,126.99609529074696,110.90171082552214,-0.6155858550885565,4.62672,4.7628,-0.017188733853924696,,2.4064227395494577,23.027418,58.302517,9.544546485408006,145.55308198726365,341.4430133034833,-3.815427354681739,0.0038112657107175134,3.131666762461794
2026-07-15T12:08:54+03:00,14.58,293.78,-121.00209731698585,6.29856,124.99647258574039,110.20843189341386,0.04772738433439757,4.7628,4.957199999999999,-0.03437746770784939,,1.1459155902616465,23.027482,58.302491,9.657071700795532,146.00976840099477,338.98670418474563,-3.948994165302863,0.0025549875884171526,3.1342217500502114
2026-07-15T12:08:56+03:00,14.58,293.79,-121.00209731698585,6.492959999999999,123.99952602221278,110.5235586807358,0.7291460900834856,4.4712,4.5684000000000005,0.0,,2.039729750665731,23.027544,58.302469,9.594605461371543,144.5453563926925,339.45416962952027,-3.642127553819706,0.0023628206950372403,3.136584570745249
2026-07-15T12:08:58+03:00,14.58,293.79,-121.00209731698585,6.39576,122.99684988073382,110.174054425706,-1.0913127123856792,4.31568,4.80168,-0.03437746770784939,,0.7505747116213785,23.027614,58.302444,9.378954576948276,144.2314454407048,338.76540444002904,-3.5016768821281214,0.0026731398343831873,3.139257710579632
2026-07-15T12:09:00+03:00,14.58,293.79,-121.9990438805135,6.10416,123.99952602221278,107.28061756029535,-0.036039045313728785,4.723920000000001,4.5684000000000005,-0.06302535746439056,,1.747521275149011,23.02769,58.30242,9.494019934442036,146.9578123287326,337.0417136934802,-3.9599171844798606,0.002800434272434716,3.142058144852067
2026-07-15T12:09:02+03:00,14.58,293.79,-121.00209731698585,6.39576,118.99760447072069,106.4842062250635,-0.5769112039172258,4.548959999999999,4.68504,0.07448451336700701,,2.016811438860498,23.02775,58.302405,9.569205943973111,145.04790128906208,333.9497031816586,-3.728469944108188,0.0020985239497993673,3.144156668801866
2026-07-15T12:09:04+03:00,14.58,293.79,-119.0024746119793,6.7068,119.9945510342483,105.76800898114998,0.2753062205603606,4.5684000000000005,4.78224,0.12605071492878112,,1.7647100090029357,23.027825,58.302384,9.775595026152635,143.12715711407492,336.8673939201734,-3.6545790943766785,0.0026840416611001805,3.1468407104629663
2026-07-15T12:09:06+03:00,14.58,293.79,-117.99979847050034,6.9984,119.9945510342483,106.10605408027716,-0.37391225710237525,4.58784,4.704479999999999,0.09740282517223994,,2.1543213096918956,23.027898,58.302365,10.008637891732285,141.8742190188697,338.1203320153786,-3.6090578225982473,0.0025728970512284514,3.149413607514195
2026-07-15T12:09:08+03:00,14.58,293.78,-116.99712232902141,6.901199999999999,118.99760447072069,105.77946813705259,0.27519162900133437,4.84056,4.80168,0.09167324722093173,,1.7360621192463943,23.027968,58.302344,10.069076855647015,142.35996341345947,336.63764105726125,-3.8330608408871,0.0025457659439087413,3.1519593734581037
2026-07-15T12:09:10+03:00,14.58,293.78,-117.99979847050034,6.804,118.99760447072069,106.71911892106715,0.6601046757702215,4.74336,4.78224,-0.005729577951308233,,1.2433184154338865,23.028042,58.30232,9.95474572275847,142.87975895951914,336.11784551120155,-3.782216672909239,0.0027464927327935885,3.154705866190897
2026-07-15T12:09:12+03:00,14.58,293.79,-116.99712232902141,6.804,117.99492832924174,106.64463440770012,-0.1678766339733312,4.548959999999999,4.84056,-0.05729577951308232,,1.1000789666511805,23.028115,58.302299,9.751293003459576,141.55823066303836,336.4366976662034,-3.562929362099324,0.002628469853868258,3.1573343360447654
2026-07-15T12:09:14+03:00,14.58,293.79,-116.99712232902141,6.7068,119.9945510342483,106.54723158252789,-0.3128349561414295,4.704479999999999,5.03496,-0.09167324722093173,,1.208940947726037,23.028193,58.302275,9.785657703657924,142.36094244679418,337.6336085874541,-3.7253532021820828,0.0028547683366418747,3.1601891043814074
2026-07-15T12:09:16+03:00,14.58,293.78,-116.00017576549378,6.492959999999999,119.9945510342483,106.55869073843051,-0.1160239535139917,4.6655999999999995,4.74336,-0.1776169164905552,,1.552715624804531,23.028263,58.302254,9.512421360635116,142.1573383323809,337.83721270186743,-3.6844169997946343,0.0025457708273102665,3.162734875208718
2026-07-15T12:09:18+03:00,14.58,293.78,-116.00017576549378,6.6095999999999995,121.9999033172062,106.16334985979023,-0.9010907244022458,4.723920000000001,4.84056,-0.18907607239317165,,1.7589804310516275,23.028338,58.302231,9.663183918941744,142.0646046157843,339.9352987014219,-3.7257767244059643,0.0027426385741237125,3.1654775137828417
2026-07-15T12:09:20+03:00,14.58,293.78,-116.99712232902141,6.39576,120.99722717572726,106.70193018721321,0.14215082897195724,4.82112,4.859999999999999,-0.13750987083139757,,1.581363514561072,23.028411,58.302211,9.599142148658505,143.58147734643177,337.41574982929546,-3.8795644919874968,0.0026001442115616462,3.168077657994403
2026-07-15T12:09:22+03:00,14.62,293.77,-117.99979847050034,6.804,120.99722717572726,107.9452486026471,0.022574537128154434,4.704479999999999,4.87944,-0.07448451336700701,,0.5672282171795151,23.028482,58.302189,9.923771685451143,142.74428918679135,338.2529379889359,-3.744491655542516,0.0026032610685992144,3.1706809190630025
2026-07-15T12:09:24+03:00,14.58,293.78,-119.99942117550692,6.7068,122.99684988073382,109.03386841339567,-0.16506914077719015,4.859999999999999,4.859999999999999,-0.13178029288008933,,0.911002894258009,23.028551,58.302166,10.059584678047388,144.73289579156577,338.26395408916807,-3.9680404415215795,0.002580748240619266,3.173261667303622
2026-07-15T12:09:26+03:00,14.73,293.78,-119.0024746119793,6.492959999999999,122.99684988073382,109.52088253925686,-0.5239699036471379,5.07384,4.80168,-0.16615776058793874,,1.32926208470351,23.028625,58.302138,9.992409115888274,145.36789608309658,337.6289537976372,-4.174847214303147,0.0028800640480509832,3.176141731351673
2026-07-15T12:09:28+03:00,14.73,293.78,-119.99942117550692,6.6095999999999995,123.99952602221278,108.55831344343707,-1.330809070750363,4.6655999999999995,4.89888,-0.14896902673401402,,1.1917522138721122,23.028703,58.302113,9.812840856951212,144.31496916252422,339.68455685968854,-3.7895680755469905,0.002885618061705169,3.179027349413378
2026-07-15T12:09:30+03:00,14.7,293.78,-121.9990438805135,6.804,122.99684988073382,106.53577242662527,-0.8229392811464014,4.996079999999999,4.89888,-0.17188733853924698,,1.6214705602202295,23.028778,58.30209,10.357688366418532,146.14511162487065,336.85173825586315,-4.149000463312877,0.002742646726262603,3.1817699961396406
2026-07-15T12:09:32+03:00,14.73,293.78,-123.00172002199243,6.804,120.99722717572726,105.5216371292437,0.18168491683598406,4.82112,4.84056,-0.1604281826366305,,1.4610423775835992,23.028848,58.302068,10.260153308659168,146.2099116053576,334.7873155703696,-4.006739738586538,0.0025761127051306784,3.184346108844771
2026-07-15T12:09:34+03:00,14.73,293.79,-121.9990438805135,6.6095999999999995,118.99760447072069,105.34974979070446,-0.6232061937637964,4.64616,4.78224,-0.16615776058793874,,1.1917522138721122,23.028909,58.302049,9.890379251312808,145.47648591907907,333.5211185516416,-3.8279418006315677,0.0022396272922382055,3.186585736137009
2026-07-15T12:09:36+03:00,14.73,293.78,-119.99942117550692,6.201359999999999,118.99760447072069,105.14348498445736,-0.33758673289108104,4.58784,4.80168,-0.13750987083139757,,1.5183381570966814,23.028986,58.302027,9.378458900440465,145.06483280994559,333.9327716607751,-3.761113745454368,0.002768173820118717,3.189353909957128
2026-07-15T12:09:38+03:00,14.73,293.78,-112.99787691900828,6.39576,119.9945510342483,105.20078076397046,-0.246371851906254,4.58784,4.68504,-0.1432394487827058,,1.1459155902616465,23.029067,58.302006,9.213156413448202,140.28097931158263,339.7135717226657,-3.5289089899606383,0.002852692112259576,3.1922066020693873
2026-07-15T12:09:40+03:00,14.73,293.78,-108.99863150899512,6.6095999999999995,118.99760447072069,104.93722017821027,-0.6741421417509266,4.6655999999999995,4.68504,-0.14896902673401402,,1.2146705256773451,23.02914,58.301987,9.248395602782988,137.48802090232448,341.50958356839624,-3.4391820569631184,0.0025729191222193396,3.194779521191607
2026-07-15T12:09:42+03:00,14.73,293.78,-104.00243953545433,6.39576,119.9945510342483,103.00062283066809,-1.5377614263516164,4.6655999999999995,4.548959999999999,-0.20053522829578813,,2.039729750665731,23.029218,58.301964,8.781455552612082,135.0342602365946,344.96029079765367,-3.3010495046949444,0.0028248895626326247,3.1976044107542396
2026-07-15T12:09:44+03:00,14.73,293.78,-99.00051798396224,6.10416,119.9945510342483,100.35355781716369,-0.9772368153751322,4.74336,4.41288,-0.23491269600363757,,2.7100903709687945,23.02929,58.301942,8.295759695536384,133.38481770857675,346.6097333256715,-3.25819006902843,0.0026305285213512044,3.2002349392755907
2026-07-15T12:09:46+03:00,14.66,293.78,-95.00127257394911,5.90976,114.99835906070751,97.19083078804155,-1.99733087382605,4.60728,4.5684000000000005,-0.27501974166279514,,3.065324203949904,23.029364,58.301924,7.8038218948473235,131.02639288712112,343.9719661735864,-3.0242490502291206,0.0025754388467086136,3.202810378122299
2026-07-15T12:09:48+03:00,14.73,293.78,-87.99972831745043,5.90976,111.99606021422201,94.26301645492305,-2.4001202038030183,4.510079999999999,4.276800000000001,-0.10886198107485642,,2.859059397702808,23.0294,58.301916,7.3079029447610955,126.08073674395588,345.9153234702661,-2.65609738472772,0.0012344978914872904,3.2040448760137865
2026-07-15T12:09:50+03:00,14.73,293.78,-84.99742947096492,5.307119999999999,107.99681480420887,93.40357976222681,-0.001031324031235482,4.45176,4.00464,-0.13750987083139757,,1.1344564343590302,23.029472,58.3019,6.622936697988778,127.0346066690332,340.9622081351757,-2.6812829812756473,0.002468996493740601,3.2065138725075273
2026-07-15T12:09:52+03:00,14.66,293.78,-89.99935102245702,5.20992,109.99643750921543,88.93450896020639,-2.4744901256109992,4.276800000000001,3.9463199999999996,-0.20626480624709637,,3.838817227376516,23.029538,58.301888,6.740458432774687,129.38203169855706,340.61440581065835,-2.713578911761401,0.0022057582479269597,3.2087196307554544
2026-07-15T12:09:54+03:00,14.73,293.78,-87.99972831745043,5.404319999999999,106.99986824068124,82.54602954449771,-2.602317009704686,4.0629599999999995,3.9074399999999994,-0.492743703812508,,4.308642619383791,23.02961,58.301877,6.646916323137733,125.65306286659595,341.3468053740853,-2.368200860029277,0.002368164810016285,3.211087795565471
2026-07-15T12:09:56+03:00,14.62,293.78,-87.99972831745043,6.10416,95.99907857416943,81.35427733062559,0.12564964447218954,4.1212800000000005,4.16016,-0.07448451336700701,,6.010327270922335,23.029677,58.301876,7.24496720142846,122.64546763238675,333.3536109417827,-2.2231797872199253,0.0021169296622184333,3.213204725227689
2026-07-15T12:09:58+03:00,14.58,293.78,-87.99972831745043,6.39576,96.99602513769707,78.60980949194895,-0.7694250230811825,4.101839999999999,4.00464,-0.02864788975654116,,7.924006306659286,23.029743,58.301873,7.47659381744691,121.2494975894099,335.7465275482872,-2.127894151801787,0.0020922781039775817,3.2152970033316666
2026-07-15T12:10:00+03:00,14.58,293.79,-91.00202716393596,7.095599999999999,92.99677972768393,80.98185476379055,3.993974198297943,4.14072,4.19904,0.0,,5.179538467982642,23.029819,58.30187,8.277724008429956,121.01181670260956,331.98496302507436,-2.133360419009467,0.002407089329631611,3.217704092661298
2026-07-15T12:10:02+03:00,14.58,293.78,-89.99935102245702,7.095599999999999,92.99677972768393,90.87683588569988,5.797015083795131,4.101839999999999,4.16016,0.22345354010102106,,-0.022918311805232933,23.029894,58.301869,8.195850865682512,120.03095566297043,332.9658240647135,-2.052838929695838,0.002369504928631938,3.22007359758993
2026-07-15T12:10:04+03:00,14.58,293.78,-95.99821913747672,6.39576,94.99640243269049,101.01818885951545,4.5943766718155326,4.16016,4.257359999999999,0.22345354010102106,,0.7276563998161455,23.029969,58.301868,7.985830599212164,127.20247842097066,327.7939240117198,-2.515372390398359,0.002369504995593054,3.2224431025855234
2026-07-15T12:10:06+03:00,14.58,293.78,-99.99746454748988,5.50152,109.99643750921543,108.46091061826485,3.107322010332994,4.33512,4.19904,-0.011459155902616466,,2.2631832907667517,23.030035,58.301854,7.5723734735312105,134.3163657318186,335.68007177739685,-3.0286001665769584,0.002247943572589159,3.2246910461581124
2026-07-15T12:10:08+03:00,14.58,293.79,-106.00206224046092,5.404319999999999,121.9999033172062,109.84173890453013,-0.8153762382506746,4.19904,4.276800000000001,-0.03437746770784939,,2.4121523175007655,23.030092,58.301836,7.703910342026894,137.5985189751604,344.4013843420458,-3.100730323700732,0.0021003513017607703,3.226791397459873
2026-07-15T12:10:10+03:00,14.58,293.77,-110.00130765047405,5.307119999999999,121.9999033172062,111.21110803489279,1.5385062714852864,4.29624,4.00464,0.11459155902616464,,2.566850922186088,23.030158,58.301813,7.8880130359906975,140.78533238511727,341.2145709320889,-3.32865227653391,0.002501273172229278,3.2292926706321023
2026-07-15T12:10:12+03:00,14.58,293.77,-110.99825421400169,5.307119999999999,125.99914872721935,113.49720963746478,0.7997917862231162,4.19904,4.29624,0.011459155902616466,,3.116890405511678,23.030214,58.301792,7.859294784979953,140.9186520148956,345.08049671232374,-3.2595118357393296,0.0021728964733356837,3.231465567105438
2026-07-15T12:10:14+03:00,14.58,293.78,-127.99791199553322,4.393439999999999,129.99839413723248,109.24013321964276,-3.5067881850982037,4.21848,4.16016,-0.011459155902616466,,4.085189079282769,23.030275,58.301768,7.740653644319772,153.43121656423557,336.5671775729969,-3.7730003176788536,0.0024068174865262216,3.2338723845919644
2026-07-15T12:10:16+03:00,14.58,293.77,-121.9990438805135,3.4992,125.99914872721935,106.73057807696975,-1.7368642601595776,4.276800000000001,4.548959999999999,0.040107045659157625,,4.887329992465922,23.030332,58.301743,6.811452128312787,154.17229434740656,331.8268543798128,-3.849582784140255,0.00234499172609442,3.236217376318059
2026-07-15T12:10:18+03:00,14.58,293.76,-112.99787691900828,4.00464,119.9945510342483,105.01743426952858,-0.15343809753603446,4.21848,4.4712,0.040107045659157625,,3.586715797518954,23.030398,58.301723,6.8580748275153525,147.4850645605761,332.5094864736722,-3.5572389881809365,0.002406308585280944,3.23862368490334
2026-07-15T12:10:20+03:00,14.58,293.77,-101.00014068896883,4.996079999999999,117.99492832924174,104.79398072942756,1.0931461773300977,4.41288,4.1796,-0.08021409131831525,,3.873194695084365,23.03047,58.301704,7.269663136935222,137.5750802686403,340.41984806060145,-3.257420306856297,0.002544672666628459,3.2411683575699684
2026-07-15T12:10:22+03:00,14.58,293.76,-95.99821913747672,5.598719999999999,117.99492832924174,104.08924264141665,-0.9053879078657269,4.548959999999999,4.723920000000001,-0.03437746770784939,,4.698253920072751,23.03055,58.301682,7.5737351321122945,132.67746905968437,345.3174592695574,-3.083606336888431,0.0028517940109217656,3.24402015158089
2026-07-15T12:10:24+03:00,14.55,293.75,-93.99859643247017,5.09328,119.9945510342483,101.31612691298346,-0.7357924005070032,4.78224,4.62672,-0.045836623610465865,,4.085189079282769,23.030623,58.301658,7.22553022813746,135.3169317769065,344.6776192573418,-3.400207582384871,0.0027197044846585085,3.2467398560655485
2026-07-15T12:10:26+03:00,14.43,293.75,-97.00089527895568,5.20992,113.99568291922859,103.6251468273607,0.8655100453246215,4.723920000000001,4.87944,-0.011459155902616466,,2.859059397702808,23.030695,58.301635,7.447023739402111,136.02204225522084,337.97364066400775,-3.3993658478174447,0.0026612688845361054,3.2494011249500847
2026-07-15T12:10:28+03:00,14.43,293.76,-102.00281683044777,5.404319999999999,116.99798176571409,104.33561449332291,0.5888860218354601,4.723920000000001,5.151599999999999,-0.1432394487827058,,3.724225668350351,23.030769,58.301614,7.882914722880248,137.8877389092552,339.11024285645885,-3.504356698915002,0.002656255672142029,3.252057380622227
2026-07-15T12:10:30+03:00,14.43,293.76,-104.00243953545433,5.50152,115.99530562423517,103.91162572492611,-0.6217165034964562,5.03496,5.1710400000000005,-0.13178029288008933,,4.348749665042948,23.030845,58.301593,8.307964486594237,140.01991079527056,335.9753948289646,-3.858127577769099,0.002712002092617305,3.2547693827148443
2026-07-15T12:10:32+03:00,14.43,293.76,-106.99900880398854,5.90976,117.99492832924174,102.69695519924876,-1.046736595924501,4.97664,5.26824,-0.06302535746439056,,5.660823015892533,23.030925,58.301571,8.768635976121988,139.87030181905428,338.12462651018745,-3.80507638220221,0.002851801033161897,3.257621183748006
2026-07-15T12:10:34+03:00,14.43,293.76,-106.00206224046092,5.90976,115.99530562423517,101.09267337288244,0.4285151349783427,5.01552,5.20992,-0.1546986046853223,,5.1680793120800255,23.031007,58.30155,8.742014869794824,139.47169909386292,336.52360653037226,-3.8122219299129476,0.0028810790345064926,3.2605022627825124
2026-07-15T12:10:36+03:00,14.43,293.76,-108.00168494546749,6.6095999999999995,115.99530562423517,101.99221711123785,0.7588825996507754,5.01552,5.307119999999999,-0.2578310078088704,,3.8903834289382897,23.031097,58.301527,9.451576226588983,138.3116281287501,337.6836774954851,-3.7454557938307853,0.0031608779954494693,3.263663140777962
2026-07-15T12:10:38+03:00,14.43,293.76,-108.99863150899512,7.095599999999999,113.99568291922859,105.18359203011653,1.7753097282128558,5.28768,5.65704,-0.40107045659157625,,2.8017636181897254,23.031184,58.301506,10.135855090593843,138.55389736262507,335.4417855566035,-3.9635323375173517,0.0030238283480480857,3.26668696912601
2026-07-15T12:10:40+03:00,14.36,293.76,-106.99900880398854,7.095599999999999,118.99760447072069,102.98343409681418,-1.3306944791913369,5.28768,5.28768,-0.3323155211758775,,4.961814505832929,23.031261,58.301482,10.012242457411777,137.33352931448246,341.66407515623825,-3.8880909935797505,0.002827606480010465,3.2695145756060207
2026-07-15T12:10:42+03:00,14.28,293.77,-104.00243953545433,6.901199999999999,115.99530562423517,100.0785380755009,-0.3065897161745035,5.20992,5.2488,-0.17188733853924698,,4.744090543683217,23.031339,58.301457,9.60048212068333,135.77491532555428,340.2203902986809,-3.733456352234628,0.0028856570521225743,3.272400232658143
2026-07-15T12:10:44+03:00,14.28,293.76,-104.99938609898197,7.1928,112.99873635570096,102.97197494091155,1.8284229158214833,5.46264,5.307119999999999,-0.017188733853924696,,0.5042028597151245,23.031424,58.301437,10.095289146372112,136.51100962400926,336.4877267316917,-3.9631815254749045,0.0029414773000815027,3.2753417099582247
2026-07-15T12:10:46+03:00,14.28,293.77,-110.00130765047405,7.60104,115.99530562423517,107.10300064380478,-0.8127406323930728,5.46264,5.67648,-0.3495042550298022,,1.1860226359208041,23.031507,58.301416,10.771284616110105,138.46225638335943,337.53304924087576,-4.088890142105487,0.00290951180067654,3.278251221758901
2026-07-15T12:10:48+03:00,14.28,293.76,-112.99787691900828,7.40664,121.9999033172062,107.62439223737384,2.8186085773665717,5.7348,5.443199999999999,-0.1604281826366305,,1.1401860123103382,23.03159,58.301392,10.997109939292029,141.6855446179199,340.3143586992863,-4.499638655683329,0.0029921587909686126,3.2812433805498697
2026-07-15T12:10:50+03:00,14.13,293.76,-114.0005530604872,7.095599999999999,122.99684988073382,113.80660684683542,1.51942677690743,5.22936,5.52096,-0.2578310078088704,,1.4209353319244415,23.031671,58.301369,10.386466652840062,141.38432365671122,341.6125262240226,-4.085959114736574,0.002907924700056088,3.284151305249926
2026-07-15T12:10:52+03:00,14.13,293.75,-117.99979847050034,6.6095999999999995,126.99609529074696,112.71225745813555,-1.7290720341457984,5.28768,5.443199999999999,-0.4297183463481174,,2.778845306384493,23.031747,58.301341,10.220650685063859,145.18035463685112,341.81574065389583,-4.3409392798332345,0.0029315991992020624,3.287082904449128
2026-07-15T12:10:54+03:00,14.13,293.75,-119.99942117550692,6.7068,124.99647258574039,110.70117559722634,-1.4839033936093189,5.443199999999999,5.6181600000000005,-0.46982539200727513,,3.8903834289382897,23.031824,58.301315,10.541129325332388,146.56350383867704,338.43296874706334,-4.542334340934708,0.002890797062030434,3.2899737015111583
2026-07-15T12:10:56+03:00,14.13,293.74,-119.99942117550692,6.7068,119.9945510342483,106.902465415509,-1.645305604497672,5.6376,5.42376,-0.5729577951308232,,5.471746943499363,23.031907,58.301291,10.703891539041988,147.13688817016134,332.85766286408693,-4.735411473005631,0.0029921653464175355,3.2929658668575756
2026-07-15T12:10:58+03:00,14.06,293.75,-117.99979847050034,6.901199999999999,121.9999033172062,103.06937776608378,-1.9597448424654678,5.38488,5.26824,-0.6760901982543714,,6.89841185337511,23.031989,58.301267,10.560132259850546,144.75877088396678,337.24113243323944,-4.397992479369326,0.002964535325066537,3.295930402182642
2026-07-15T12:11:00+03:00,13.98,293.75,-116.99712232902141,6.901199999999999,115.99530562423517,101.89481428606561,-0.5040309723765851,5.151599999999999,5.5404,-0.5672282171795151,,4.577932783095277,23.032068,58.301246,10.317126730903915,143.41491275296812,332.58039287126707,-4.136593807937738,0.002796233571723734,3.298726635754366
2026-07-15T12:11:02+03:00,13.98,293.75,-110.00130765047405,6.492959999999999,112.99873635570096,99.28212674026905,-0.9586729828128935,5.22936,5.48208,-0.6130648407899808,,4.0393524556723035,23.032159,58.301224,9.629751458522286,140.68434753169151,332.3143888240094,-4.045784044195318,0.003163741487088107,3.301890377241454
2026-07-15T12:11:04+03:00,13.98,293.75,-97.00089527895568,4.393439999999999,111.99606021422201,98.52009287274505,-0.14553127996322912,5.38488,5.598719999999999,-0.6990085100596044,,5.872817400090938,23.032247,58.301206,7.352984918247065,143.62629424833054,328.3697659658915,-4.335722532936274,0.0029825361532780704,3.304872913394732
2026-07-15T12:11:08+03:00,13.98,293.75,-99.00051798396224,5.307119999999999,104.99451595772337,95.96470110646159,-1.3163132385335534,5.326560000000001,5.3654399999999995,-0.6703606203030631,,4.9675440837842375,23.032487,58.301163,8.085954781577705,139.58971919483645,325.4047967628869,-4.055759971497256,0.0033496333622547113,3.3082225467569866
2026-07-15T12:11:10+03:00,13.98,293.75,-97.99784184248331,6.006959999999999,109.99643750921543,90.36117387008213,-4.337920762714976,5.307119999999999,5.3654399999999995,-0.5844169510334397,,3.3346143676613913,23.032578,58.301147,8.551040549657422,135.92095602407466,334.07548148514076,-3.8125330102251525,0.0030307668637478843,3.3112533136207345
2026-07-15T12:11:12+03:00,13.91,293.74,-91.00202716393596,6.201359999999999,107.99681480420887,89.34703857270058,0.4021017806228117,5.307119999999999,5.20992,-0.7677634454753031,,6.222321655120741,23.032664,58.301135,8.232465120644969,131.13463631265887,336.86217849155,-3.4911862950554813,0.0028103524621144373,3.314063666082849
2026-07-15T12:11:14+03:00,13.83,293.75,-89.99935102245702,6.7068,103.99756939419571,89.83405269856179,0.694596735037097,5.1127199999999995,5.22936,-0.9052733163067008,,8.955330337894766,23.03275,58.301124,8.433284961805887,127.31854588783392,336.6790235063618,-3.0995652964527816,0.0027955300380075607,3.3168591961208564
2026-07-15T12:11:16+03:00,13.83,293.75,-93.00164986894255,7.1928,104.99451595772337,90.8997541975051,0.8742190038106101,5.404319999999999,5.2488,-0.7677634454753031,,7.2479161084049135,23.032836,58.301113,9.220309588368089,128.8278153374717,336.1667006202517,-3.388411805964734,0.0027955308584291794,3.3196547269792855
2026-07-15T12:11:18+03:00,13.83,293.75,-95.00127257394911,7.60104,104.99451595772337,91.15758520531398,-0.7712584880256012,5.2488,5.26824,-0.641712730546522,,5.070676486907786,23.03293,58.301099,9.606345095473126,127.97870327625031,337.01581268147305,-3.2299463445761334,0.003085843662485244,3.3227405706417708
2026-07-15T12:11:20+03:00,13.68,293.76,-87.99972831745043,7.3094399999999995,104.99451595772337,89.30693152704141,-1.3194072106272596,5.42376,5.26824,-0.813600069085769,,6.583285066053159,23.033019,58.301086,8.948606224714457,125.28124626654932,339.71326969117405,-3.132712032525903,0.002917556412816611,3.3256581270545875
2026-07-15T12:11:22+03:00,13.68,293.75,-84.99742947096492,6.9984,101.99794668918915,89.82832312061046,-0.0049847328176381624,5.151599999999999,5.20992,-1.0141352973815572,,8.663121862378048,23.033101,58.301077,8.320391691180962,123.07989781508599,338.9180488741032,-2.811784566841225,0.002645777857503009,3.3283039049120906
2026-07-15T12:11:24+03:00,13.68,293.75,-84.99742947096492,7.1928,102.99489325271679,88.4646835681991,-0.5826980776480473,5.1710400000000005,5.346,-1.0026761414789407,,8.94960075994346,23.03319,58.301068,8.484651774975761,122.38017480152236,340.61471845119445,-2.769270904128153,0.002862552330847503,3.3311664572429383
2026-07-15T12:11:26+03:00,13.53,293.74,-86.00010561244387,7.40664,99.99832398418258,87.77140463609082,-1.005712817793134,5.46264,5.404319999999999,-0.9511099399171665,,8.479775367936183,23.033274,58.301059,8.891244771948728,123.79869758314999,336.19962640103256,-3.038739493776316,0.0027076433608229492,3.333874100603761
2026-07-15T12:11:28+03:00,13.38,293.74,-84.99742947096492,7.503839999999999,100.9952705477102,83.3653591915348,-3.0522607662209214,5.42376,5.46264,-0.8422479588423101,,6.130648407899808,23.033372,58.301051,8.867177760280928,122.5390106611714,338.4562598865388,-2.9172979623891964,0.0031323576520331346,3.3370064582557943
2026-07-15T12:11:30+03:00,13.38,293.75,-82.00086020243072,7.698239999999999,93.99945586916286,77.72172490949617,-1.8036138432923186,5.19048,4.996079999999999,-0.7792226013779195,,5.935842757555329,23.03346,58.301049,8.665052485333817,118.38419890604405,335.6152569631188,-2.4674586898790385,0.0027819874055277686,3.339788445661322
2026-07-15T12:11:32+03:00,13.27,293.75,-80.00123749742416,7.892639999999999,90.99715702267736,74.32408518437039,1.1537651120549386,4.859999999999999,4.91832,-0.8021409131831525,,6.210862499218124,23.033543,58.301049,8.52017161435402,114.17796312400735,336.81919389867,-1.990520831252978,0.0026214690680915575,3.3424099147294135
2026-07-15T12:11:34+03:00,13.27,293.76,-80.00123749742416,8.203679999999999,85.99523547118525,72.57083433127006,-0.8412166348110747,4.7628,4.859999999999999,-0.790681757280536,,6.944248476985577,23.033629,58.301051,8.74165654699981,112.45129355455738,333.5439419166279,-1.8189033916128163,0.002718879851863351,3.3451287945812767
2026-07-15T12:11:36+03:00,13.53,293.76,-80.99818406095179,8.39808,83.99561276617868,68.59450723306216,-2.350272875626637,4.510079999999999,4.5684000000000005,-0.6760901982543714,,4.996191973540778,23.033704,58.301056,8.889092777775994,111.0725255886158,332.9230871775629,-1.6215965482993997,0.002387786192480592,3.3475165807737572
2026-07-15T12:11:38+03:00,13.53,293.75,-78.00161479241758,8.30088,82.99866620265107,64.95622523398143,-2.4625153076927653,4.393439999999999,4.704479999999999,-0.716197243913529,,5.380073696278431,23.033781,58.301061,8.546583981151858,108.18886604377418,334.8098001588769,-1.3714136582392884,0.0024504643206709063,3.349967045094428
2026-07-15T12:11:40+03:00,13.53,293.75,-72.9996932409255,8.39808,78.9994207926379,60.51580232171755,-2.5147690586086964,4.58784,4.548959999999999,-0.7505747116213785,,5.907194867798787,23.033822,58.301065,8.309393630425367,104.87016574662614,334.12925504601174,-1.177375363041505,0.0013170732275258994,3.351284118321954
2026-07-15T12:11:42+03:00,13.35,293.75,-67.00082512590576,8.30088,74.99444580467346,56.505097755801785,-1.3892507658537072,4.45176,4.548959999999999,-0.7448451336700701,,5.397262430132355,23.033893,58.301075,7.736017718012234,98.98708776448184,336.0073580401916,-0.6954177749326486,0.002321620410853529,3.3536057387328078
2026-07-15T12:11:44+03:00,13.38,293.75,-65.0012024208992,8.90352,72.99482309966687,51.995919908122204,-2.1715100435458203,4.33512,4.33512,-0.716197243913529,,5.2998596049601145,23.03396,58.301086,8.089691492062817,94.05815595734886,338.936667142318,-0.30679201213196206,0.0022170126678084665,3.3558227514006163
2026-07-15T12:11:46+03:00,13.68,293.75,-61.99890357441368,9.00072,62.99670957463401,47.24609978648768,-4.587501178273962,4.1212800000000005,4.393439999999999,-0.8422479588423101,,6.348372370049521,23.034034,58.301105,7.94776962280794,89.24696421030986,333.74974536432416,0.05416423371788268,0.0026013116921872158,3.3584240630928033
2026-07-15T12:11:48+03:00,13.68,293.73,-59.00233430587948,9.195120000000001,60.99708686962744,34.17693247955361,-6.445947082560301,4.19904,4.29624,-0.8537071147449266,,7.22499779659968,23.034103,58.301125,7.9001853346445445,86.10623423658024,334.8908526330472,0.28514309349870487,0.0024888707767629615,3.360912933869566
2026-07-15T12:11:50+03:00,13.57,293.73,-54.00041275438739,9.60336,53.995542613128784,25.14711762829183,-2.170822494191663,3.71304,3.96576,-0.693278932108296,,6.222321655120741,23.034157,58.301146,8.005842355711064,76.03813839442336,337.95740421870545,0.8958673420086783,0.002121824165597458,3.3630347580351634
2026-07-15T12:11:52+03:00,13.53,293.73,-50.99811390790188,10.1088,28.997394011570965,16.730367617820036,-4.934484419005189,4.101839999999999,3.92688,-0.6875493541569879,,5.042028597151244,23.034205,58.301176,8.174452263470306,73.9496221124761,315.04777189909487,1.1340867650240554,0.0023558389477598748,3.365390596982923
2026-07-15T12:11:54+03:00,13.53,293.73,-44.999245792882164,9.89496,32.996639421584106,8.697499330085895,-2.190933312800755,3.9074399999999994,3.6935999999999996,-0.6760901982543714,,5.6321751261359925,23.034249,58.301211,7.6484312673404515,66.17578784823847,326.82085157334564,1.578339685149858,0.0025213257243424493,3.3679119227072656
2026-07-15T12:11:56+03:00,13.42,293.73,-42.002676524347955,10.692,11.997736230039438,3.644011577032036,-4.476290070239069,4.0629599999999995,3.888,-0.6302535746439055,,5.248293403398341,23.034267,58.30125,8.140212828294752,61.51412409718361,310.4836121328558,1.9377967022438667,0.0024121525456147065,3.3703240752528805
2026-07-15T12:11:58+03:00,13.46,293.73,-37.9977015363835,10.5948,4.996191973540778,359.36485868400365,-0.5270638757408443,3.7519199999999997,3.7908,-0.5557690612768985,,4.388856710702106,23.034278,58.301289,7.979758474972074,54.8231295904622,310.17306238307856,2.1614901091873007,0.002369805837100304,3.372693881089981
2026-07-15T12:12:00+03:00,13.38,293.72,-35.99807883137692,10.4976,4.996191973540778,359.1585938777566,0.12874361656589597,3.7713599999999996,3.71304,-0.49847328176381617,,3.6669298888372683,23.034288,58.301328,7.76935426993191,52.57525086568633,312.42094110785445,2.291926877148501,0.0023653818438169444,3.3750592629337977
2026-07-15T12:12:02+03:00,13.38,293.72,-33.99845612637036,10.4004,4.996191973540778,0.26929016371148695,0.7854105455653324,3.28536,3.4992,-0.5271211715203573,,4.555014471290045,23.034295,58.301362,7.893415912171842,47.456620725823115,317.5395712477177,2.221390299084299,0.002055586245286546,3.377114849179084
2026-07-15T12:12:04+03:00,13.38,293.72,-31.99883342136378,10.808639999999999,11.997736230039438,0.8078704911344607,0.34578002936145186,3.36312,3.61584,-0.49847328176381617,,5.190997623885258,23.034306,58.301395,8.15365660474535,44.62374031708376,327.3739959129557,2.393650381619891,0.0020137502165764997,3.379128599395661
2026-07-15T12:12:06+03:00,13.38,293.72,-33.00150956284272,10.692,11.997736230039438,0.8708958485988514,0.25628402176201726,3.1104000000000003,3.46032,-0.1546986046853223,,7.8036851696818115,23.034317,58.301425,8.25906073484003,44.838142856141445,327.159593373898,2.2055892787262166,0.001836394433669888,3.3809649938293305
2026-07-15T12:12:08+03:00,13.38,293.72,-31.99883342136378,10.4976,21.995849755072307,0.14896902673401402,0.18443511425261203,3.3242399999999996,3.53808,-0.49847328176381617,,11.029437556268347,23.034336,58.301456,7.877914229363644,44.919547902698554,337.0763018523738,2.353890921974766,0.0019575851051130016,3.3829225789344433
2026-07-15T12:12:10+03:00,13.38,293.73,-31.99883342136378,10.4976,13.99735893504601,359.72582209493606,0.07288023154064072,3.3047999999999997,3.47976,-0.31512678732195276,,10.439291027283598,23.03435,58.301485,7.891691611622048,44.81988733997801,329.177471595068,2.3441809467418775,0.0017983311758259582,3.384720910110269
2026-07-15T12:12:12+03:00,13.2,293.72,-35.00113226784929,10.90584,12.99468279356707,358.95232907150944,-0.10261674110793044,3.6352800000000003,3.73248,-0.20626480624709637,,8.51988241359534,23.034362,58.301514,8.197661785887878,49.736888379332925,323.2577944142341,2.3494764530116234,0.0017838507730989453,3.386504760883368
2026-07-15T12:12:14+03:00,13.23,293.72,-35.99807883137692,10.90584,4.996191973540778,356.4943401303982,-0.9717364205418761,3.6935999999999996,3.73248,-0.1776169164905552,,7.832333059438353,23.034377,58.301547,8.209817328477357,51.331319862224746,313.664872111316,2.3078202024782986,0.0020393457147062596,3.388544106598074
2026-07-15T12:12:16+03:00,13.38,293.72,-33.99845612637036,11.10024,5.998868115019719,356.1964020769302,0.29696402521630566,3.7908,3.9074399999999994,-0.05729577951308232,,8.65739228442674,23.034392,58.301574,8.234951679289614,48.914495160608425,317.08437295441126,2.4912553136501634,0.001690642788358576,3.3902347493864324
2026-07-15T12:12:18+03:00,13.38,293.73,-33.00150956284272,11.197439999999999,12.99468279356707,356.7521711382071,0.4098940066365909,3.14928,3.71304,-0.05729577951308232,,7.84379221534097,23.034403,58.301601,8.726516654638733,44.33742058287396,328.6572622106931,2.252479807657016,0.0016596779749668699,3.3918944273613993
2026-07-15T12:12:20+03:00,13.38,293.73,-33.00150956284272,11.29464,16.99965778153153,356.47142181859294,-0.7394020346163273,3.2270399999999997,3.73248,-0.29220847551671986,,7.396885135138928,23.034415,58.30163,8.766274487447282,44.56774358753793,332.4319141939936,2.2990118114855167,0.0017838505106137924,3.393678277872013
2026-07-15T12:12:22+03:00,13.53,293.72,-33.00150956284272,11.702879999999999,6.995814678547352,355.68646963926375,-0.32544002763430757,3.6352800000000003,3.92688,-0.16615776058793874,,5.540501878915061,23.034413,58.301665,8.877744422871576,45.888521171410474,321.1072935071369,2.530360834809906,0.002104718170636341,3.3957829960426493
2026-07-15T12:12:24+03:00,13.68,293.73,-31.99883342136378,11.80008,3.9992454100131463,356.4255851949825,0.9276186703168029,3.61584,3.8296799999999998,-0.08594366926962349,,4.6123102508031275,23.034408,58.301697,8.941341543974115,44.37271490692177,319.6265305030914,2.584623362584324,0.0019299186124298047,3.397712914655079
2026-07-15T12:12:26+03:00,13.61,293.73,-29.999210716357208,11.702879999999999,9.998113525032863,356.8954105869898,-0.9927639716231773,3.86856,3.92688,-0.25210142985756223,,7.058840036011743,23.034412,58.301737,8.573615842951623,43.037552666386176,326.96056085864666,2.827555846122279,0.0024076254408941632,3.400120540095973
2026-07-15T12:12:28+03:00,13.68,293.72,-31.00188685783615,11.80008,10.995060088560496,354.1967793719236,-1.7561729378554864,3.8491199999999997,3.8491199999999997,-0.3093972093706446,,7.694823188606956,23.034422,58.301778,8.72892928071563,44.12971338527015,326.86534670329036,2.7627647843832164,0.002484572145379292,3.4026051122413525
2026-07-15T12:12:30+03:00,13.68,293.73,-31.00188685783615,11.99448,11.997736230039438,352.49509472038505,-0.6821635508827582,3.7519199999999997,4.02408,-0.3495042550298022,,8.00994997592891,23.034436,58.301814,8.98871127282815,43.416857026719185,328.58087920332025,2.7252914767567717,0.002208591862891117,3.4048137041042437
2026-07-15T12:12:32+03:00,13.68,293.72,-31.00188685783615,12.30552,355.9958668486344,350.64444104211253,1.068222513241907,4.1796,4.0824,-0.27501974166279514,,6.640580845566242,23.034443,58.30185,8.984692906353485,44.865074294736786,311.13079255389766,2.9623750218150766,0.002175142460927052,3.4069888465651705
2026-07-15T12:12:35+03:00,13.68,293.73,-31.00188685783615,12.59712,1.9996227050065731,351.7788974764715,-0.929108360584143,3.7713599999999996,4.0824,-0.22918311805232927,,6.457234351124377,23.03444,58.301879,9.563844487481372,42.72069599531079,319.2789267096958,2.7707034934247927,0.0017456969971381589,3.408734543562309
2026-07-15T12:12:37+03:00,13.83,293.72,-29.999210716357208,12.20832,3.9992454100131463,350.1688860721539,0.0748855838235986,3.92688,4.02408,-0.29220847551671986,,7.098947081670899,23.034449,58.301909,9.023704071674207,42.56624672844916,321.43299868156396,2.892130277116141,0.0018254975347917661,3.4105600410971006
2026-07-15T12:12:39+03:00,13.83,293.72,-25.99996530634406,11.702879999999999,1.9996227050065731,348.553145089885,-0.7934319546971639,3.7908,4.0824,-0.2119943841984046,,6.31972448029298,23.03445,58.301944,8.460534379863232,37.32735711781771,324.67226558718886,3.014383688514532,0.0021040071346941935,3.412664048231795
2026-07-15T12:12:41+03:00,13.83,293.72,-27.002641447823002,11.508479999999999,357.99548955364094,348.5302267780798,0.6735691839557959,3.47976,4.04352,-0.09167324722093173,,4.789927167293682,23.034447,58.301977,8.555214191227547,37.644735857156235,320.35075369648473,2.755319232296987,0.0019858163247742327,3.4146498645565693
2026-07-15T12:12:43+03:00,13.83,293.73,-24.000342601337486,11.29464,0.9969465635276323,348.48439015446934,-0.5809792042626547,3.9463199999999996,4.14072,-0.2119943841984046,,6.491611818832227,23.034451,58.302012,7.855251298063679,35.791152402071674,325.20579416145597,3.2010737991199276,0.002107559826373621,3.416757424382943
2026-07-15T12:12:45+03:00,13.83,293.74,-22.99766645985855,11.508479999999999,0.9969465635276323,347.9228915152411,0.18649776231508294,4.1212800000000005,4.1212800000000005,-0.16615776058793874,,6.084811784289343,23.034452,58.302049,7.880994305297902,34.78671661551178,326.21022994801586,3.3847310228354086,0.0022242097531619386,3.418981634136105
2026-07-15T12:12:47+03:00,13.83,293.73,-22.99766645985855,11.89728,356.9985429901134,348.22655914666046,0.7910255319576145,4.00464,4.14072,-0.1432394487827058,,5.0133807073947025,23.034449,58.302088,8.358662260647568,33.786014712806264,323.2125282773071,3.3283373191893655,0.0023461149698559844,3.421327749105961
2026-07-15T12:12:49+03:00,13.83,293.72,-24.000342601337486,11.89728,356.9985429901134,348.014564762462,-0.5483779057197109,3.9074399999999994,3.92688,-0.09167324722093173,,4.9217074601737725,23.034437,58.30213,8.477968561769497,34.80521014063402,322.19333284947936,3.208388466770488,0.002552814136213626,3.4238805632421747
2026-07-15T12:12:51+03:00,13.83,293.73,-24.000342601337486,11.508479999999999,357.99548955364094,344.9950771821226,-1.8782129482183516,3.5964,3.9074399999999994,0.17188733853924698,,6.016056848873643,23.034433,58.302168,8.352111242845368,34.08727716523862,323.9082123884023,2.97848384024793,0.002287584230236417,3.4261681474724113
2026-07-15T12:12:53+03:00,13.83,293.73,-22.000719896330917,11.60568,351.9966214386213,343.906457371374,-0.08720417641891129,3.92688,4.00464,0.09740282517223994,,6.245239966925974,23.034429,58.302202,8.099472877523226,32.465247288611266,319.53137415001004,3.3131761563894275,0.0020475633224838275,3.428215710794895
2026-07-15T12:12:55+03:00,13.83,293.72,-20.998043754851974,11.508479999999999,357.99548955364094,342.9839953212134,-0.25227331719610147,3.9463199999999996,3.7908,0.07448451336700701,,4.199780638308934,23.034429,58.302242,7.9509870110898975,31.242785872077633,326.7527036815633,3.374013555967629,0.0024043086560076926,3.430620019450903
2026-07-15T12:12:57+03:00,13.83,293.72,-20.00109719132434,11.60568,345.9977533236015,343.7288404548835,0.9865760274357646,4.548959999999999,3.7908,0.022918311805232933,,3.1913749188786853,23.034419,58.302284,7.49437769505663,31.983504573079244,314.01424875052226,3.858430712851914,0.0025442031591807702,3.433164222610084
2026-07-15T12:12:59+03:00,13.95,293.72,-20.00109719132434,11.702879999999999,354.99892028510675,345.60241244496126,1.5657217667540009,3.71304,3.71304,0.05729577951308232,,2.5611213442347798,23.03441,58.302319,8.311390803260934,28.790467785020525,326.2084525000862,3.254059305396095,0.002122885794914191,3.435287108404998
2026-07-15T12:13:01+03:00,13.98,293.73,-20.998043754851974,11.508479999999999,358.9981656951199,346.01494205745547,-0.6923621996360867,4.0629599999999995,3.61584,0.0,,3.804439759668666,23.034404,58.302357,7.851495546577654,31.684264319754163,327.31390137536573,3.4573977217968404,0.0022919404281945294,3.4375790488331925
2026-07-15T12:13:03+03:00,13.98,293.73,-20.998043754851974,11.60568,1.9996227050065731,345.9347279661372,1.1381233642478672,3.6741599999999996,3.5964,-0.005729577951308233,,4.0393524556723035,23.034405,58.302392,8.280843964787431,30.146409759719575,331.853212945287,3.177211164188042,0.0021040071286916578,3.439683055961884
2026-07-15T12:13:05+03:00,13.98,293.72,-20.998043754851974,11.99448,358.9981656951199,346.267043487313,-0.17354891614512638,3.09096,3.57696,0.011459155902616466,,3.896113006889598,23.034404,58.302424,9.175876008754427,27.931013998921117,331.0671516961988,2.7309009065156253,0.001923706200002132,3.441606762161886
2026-07-15T12:13:07+03:00,13.98,293.73,-20.998043754851974,11.702879999999999,358.9981656951199,345.43625468437335,-0.23193331546895726,3.2076,3.53808,0.02864788975654116,,3.735684824252967,23.034405,58.302454,8.783814694077524,28.516998131483632,330.4811675636363,2.818439577732214,0.0018035080486451332,3.4434102702105314
2026-07-15T12:13:09+03:00,13.98,293.72,-20.00109719132434,11.29464,351.9966214386213,345.08675042934357,-0.49205615445835105,3.888,3.57696,-0.045836623610465865,,4.056541189526229,23.034401,58.302483,7.755998633477776,29.873820244663307,322.12280119395797,3.3713797796042835,0.0017476956169589504,3.4451579658274905
2026-07-15T12:13:11+03:00,13.98,293.73,-20.998043754851974,11.10024,356.9985429901134,343.0069136330186,-2.084133979788369,3.51864,3.38256,-0.1432394487827058,,5.551961034817677,23.034392,58.302512,7.916318638972368,30.162743547523746,326.83579944258963,3.042222149645005,0.001766146985146981,3.4469241128126376
2026-07-15T12:13:13+03:00,14.02,293.72,-20.00109719132434,11.00304,358.9981656951199,343.4423615573181,2.8789983289733603,3.2270399999999997,3.402,-0.1776169164905552,,6.06189347248411,23.034391,58.302535,8.046697430046919,27.88525430423124,331.11291139088866,2.85233556675491,0.001382838182750803,3.4483069509953883
2026-07-15T12:13:15+03:00,14.13,293.73,-22.99766645985855,10.90584,0.9969465635276323,348.43282395290754,1.6279449833052082,2.97432,3.42144,-0.16615776058793874,,6.531718864491385,23.034386,58.302563,8.250164732928221,31.094787086071392,329.9021594774562,2.5469520841816773,0.0016904081199872825,3.4499973591153754
2026-07-15T12:13:17+03:00,14.13,293.73,-24.000342601337486,10.808639999999999,1.9996227050065731,348.2723957702709,-0.3847984552098609,3.3242399999999996,3.42144,-0.21772396214971285,,7.482828804408551,23.034393,58.302593,7.888544246236246,33.86965827313378,328.1299644318728,2.7601415031645407,0.0018167331631569843,3.4518140922785325
2026-07-15T12:13:19+03:00,14.13,293.74,-22.99766645985855,10.5948,5.998868115019719,348.54168593398236,-0.010427831871380985,2.8771199999999997,3.42144,-0.26929016371148695,,8.256321827835164,23.0344,58.302622,8.025461843742454,31.04917424748581,334.94969386753394,2.464900494859522,0.0017570873589427343,3.4535711796374753
2026-07-15T12:13:21+03:00,14.13,293.74,-22.99766645985855,10.692,351.9966214386213,348.23801830256303,-0.3210855483913133,3.5575200000000002,3.53808,-0.02864788975654116,,8.789172577306829,23.034402,58.302654,7.546330810397219,33.61112786845277,318.3854935701685,2.9627515592107962,0.001924483801608817,3.455495663439084
2026-07-15T12:13:23+03:00,14.21,293.73,-25.99996530634406,11.00304,355.9958668486344,348.23801830256303,0.6768350433880415,3.47976,3.57696,0.13178029288008933,,5.443099053742821,23.034401,58.302687,8.021823750759015,36.962046932847386,319.03381991578703,2.7804464846000747,0.0019838060571170735,3.457479469496201
2026-07-15T12:13:25+03:00,14.21,293.73,-27.99958801135063,10.90584,1.9996227050065731,349.3495564251168,-0.02985110112631589,3.09096,3.61584,0.09167324722093173,,4.950355349930313,23.034393,58.302716,8.304437465730388,38.06298151030802,323.93664119469855,2.433616420652912,0.0017613396980829174,3.4592408091942843
2026-07-15T12:13:27+03:00,14.28,293.73,-29.002264152829575,10.90584,358.9981656951199,349.17766908657757,0.258862331840106,3.4992,3.6741599999999996,0.22918311805232927,,2.200157933302361,23.034399,58.302744,8.026782197606142,41.204518221603166,317.7936474735167,2.6326684826702778,0.0016936502972845669,3.4609344594915687
2026-07-15T12:13:29+03:00,14.28,293.73,-27.99958801135063,10.808639999999999,356.9985429901134,348.4156352190537,0.012433184154338863,3.7713599999999996,3.51864,0.320856365273261,,0.5614986392282068,23.034393,58.302776,7.6854351168905986,41.31866360161209,315.67987938850126,2.8324765482945993,0.0019327587243428519,3.4628672182159117
2026-07-15T12:13:31+03:00,14.28,293.73,-25.99996530634406,10.5948,0.0,347.75673375465317,-0.156589365409254,3.44088,3.6547199999999997,0.07448451336700701,,2.274642446669368,23.034393,58.302808,7.6522915673767695,37.36826165775122,322.6317383422488,2.73464264037456,0.0019234469251120355,3.464790665141024
2026-07-15T12:13:33+03:00,14.28,293.73,-24.997289164865123,10.4976,4.996191973540778,347.02334777688577,-0.3663492142066484,3.12984,3.51864,0.10886198107485642,,3.5580679077624127,23.034393,58.302837,7.774267833739395,34.79234626393654,330.20384570960425,2.570304229180526,0.001743123775930576,3.4665337889169545
2026-07-15T12:13:35+03:00,14.28,293.73,-22.000719896330917,10.1088,356.9985429901134,346.97751115327526,-0.03162727029122144,3.18816,3.36312,0.246371851906254,,4.738360965731908,23.034394,58.302865,7.251832015338394,31.480256175323376,325.51828681479003,2.7189271340197307,0.0016833123599086822,3.468217101276863
2026-07-15T12:13:37+03:00,14.4,293.73,-20.00109719132434,10.4004,356.9985429901134,347.2124238492789,0.6927632700926784,3.7519199999999997,3.1687199999999995,-0.18907607239317165,,5.93011317960402,23.034389,58.302894,6.993522896143296,30.574691191195427,326.42385179891795,3.2302785481431635,0.001750261863651854,3.469967363140515
2026-07-15T12:13:39+03:00,14.43,293.74,-20.00109719132434,10.206,355.9958668486344,349.91678464229636,2.0694662602330203,3.1104000000000003,3.14928,-0.3781521447863433,,8.571448615157117,23.034384,58.302924,7.36049180655696,28.311660562519307,327.6842062861151,2.7383365993083184,0.0018101325537001349,3.4717774956942153
2026-07-15T12:13:41+03:00,14.43,293.74,-24.000342601337486,10.1088,358.9981656951199,351.64711718359143,0.22288058230589022,2.93544,3.1687199999999995,-0.5614986392282068,,10.56534174221238,23.034384,58.302953,7.522506460963818,33.13291090700787,325.865254788112,2.458151826327525,0.0017431237766952796,3.4735206194709107
2026-07-15T12:13:43+03:00,14.43,293.75,-25.99996530634406,9.992159999999998,0.9969465635276323,351.9335960811569,0.2145153984969802,3.09096,3.2076,-0.6359831525952138,,11.2758094081746,23.034381,58.302982,7.34017105135554,36.63770165791206,324.3592449056156,2.480263499725792,0.0017456968360680936,3.475266316306979
2026-07-15T12:13:45+03:00,14.58,293.74,-27.002641447823002,9.992159999999998,5.998868115019719,352.92481306673324,1.2821076581642432,2.8576799999999998,3.2076,-0.693278932108296,,12.198271458335228,23.034377,58.303011,7.5582065264522935,36.887261485401865,329.1116066296179,2.285624272489374,0.0017476954799302033,3.477014011786909
2026-07-15T12:13:47+03:00,14.47,293.74,-29.999210716357208,9.89496,355.9958668486344,354.2082385278262,0.14644801243543842,2.83824,3.2076,-0.6818197762056798,,12.582153181072878,23.034377,58.303038,7.571133870979708,40.80227020832618,315.1935966403082,2.1484601623808097,0.0016229083433978377,3.4786369201303065
2026-07-15T12:13:49+03:00,14.58,293.74,-29.999210716357208,9.79776,5.998868115019719,353.93894836411476,0.052368342474957245,3.0132,3.28536,-0.6016056848873644,,11.814389735597574,23.034395,58.303066,7.344413341482276,41.83635616113395,324.16251195388577,2.2449934333626276,0.001776432277683497,3.48041335240799
2026-07-15T12:13:51+03:00,14.58,293.74,-29.002264152829575,10.1088,5.998868115019719,354.7697371670545,0.26115416302062927,3.34368,3.402,-0.6531718864491385,,11.940440450526356,23.03441,58.303096,7.3650526217007615,41.718093503991724,324.280774611028,2.49581661296326,0.0018644211095817501,3.4822777735175716
2026-07-15T12:13:53+03:00,14.58,293.73,-29.999210716357208,9.992159999999998,5.998868115019719,355.44009778735744,0.24413731650524378,3.44088,3.47976,-0.7448451336700701,,12.8056067211739,23.034424,58.303123,7.220206219714907,43.7839977629406,322.2148703520791,2.484155392822462,0.0016820606101621508,3.4839598341277336
2026-07-15T12:13:55+03:00,14.58,293.74,-29.999210716357208,9.992159999999998,5.998868115019719,355.54323019048104,0.6579847319282374,3.28536,3.402,-0.7276563998161455,,12.931657436102682,23.034428,58.303152,7.3332740289541665,42.943191431429995,323.0556766835897,2.4049805730017644,0.001747695443533926,3.4857075295712674
2026-07-15T12:13:57+03:00,14.58,293.74,-31.00188685783615,10.206,4.996191973540778,356.08181051790405,0.15767798522000256,3.44088,3.47976,-0.739115555718762,,12.83425461093044,23.034433,58.303184,7.469935019786358,44.72648658939676,320.269705384144,2.444656581953369,0.0019299180709282653,3.4876374476421956
2026-07-15T12:13:59+03:00,14.58,293.73,-31.99883342136378,10.303199999999999,7.9984908200262925,355.5776076581889,-0.20821286275054118,3.42144,3.51864,-0.418259190445501,,14.364051923929738,23.034441,58.303215,7.620433738753789,45.76244396612944,322.2360468538968,2.3869158532708488,0.001880390449553404,3.489517838091749
2026-07-15T12:14:01+03:00,14.58,293.74,-33.00150956284272,10.1088,8.995437383553925,354.72963012139525,-0.15401105533116527,3.42144,3.6547199999999997,-0.2119943841984046,,12.645178538537268,23.034443,58.303248,7.475390722754726,47.43689467665661,321.5585427068973,2.314268283210368,0.0019845600802030176,3.491502398171952
2026-07-15T12:14:03+03:00,14.58,293.74,-31.99883342136378,10.206,0.9969465635276323,354.8041146347623,0.15979792906198656,3.1104000000000003,3.6935999999999996,-0.3666929888837269,,13.252513801375942,23.034451,58.303277,7.745592452558219,44.284907849567446,316.71203871396017,2.2266628156688375,0.0017613391234552668,3.493263737295407
2026-07-15T12:14:05+03:00,14.58,293.73,-29.999210716357208,10.1088,357.99548955364094,354.4431512238299,0.012204001036286535,3.6352800000000003,3.6352800000000003,-0.4239887683968092,,13.556181432795277,23.03445,58.30331,7.193930582233647,44.63400398156696,313.361485572074,2.5868987137242465,0.001983806048264155,3.4952475433436714
2026-07-15T12:14:07+03:00,14.58,293.73,-31.00188685783615,9.992159999999998,3.9992454100131463,354.2655343073393,0.3688129327257109,3.26592,3.7713599999999996,-0.4068000345428845,,13.882767376019846,23.034454,58.303346,7.386859992771416,44.164998183938025,319.83424722607515,2.3427631971001737,0.002167562175379791,3.497415105519051
2026-07-15T12:14:09+03:00,14.58,293.74,-31.00188685783615,10.4976,5.998868115019719,354.30564135299846,-0.06422856883416529,3.47976,3.7908,-0.3380450991271857,,14.180705429487874,23.034461,58.303375,7.725699031693784,44.41631583944553,321.5825522755742,2.4855000444966815,0.001757086766991248,3.4991721922860424
2026-07-15T12:14:11+03:00,14.58,293.74,-29.999210716357208,10.90584,4.996191973540778,353.8759230066504,-0.31128797009457626,3.6352800000000003,3.8491199999999997,-0.5958761069360561,,15.126085791453734,23.03447,58.303408,7.967656610031591,43.18573357780133,321.81045839573943,2.650624621462722,0.0020038162619656287,3.501176008548008
2026-07-15T12:14:13+03:00,14.73,293.73,-29.002264152829575,10.90584,6.995814678547352,352.79303277385316,-0.18689883277167454,3.6547199999999997,3.81024,-0.5614986392282068,,15.280784396139056,23.034475,58.303442,7.9104381467129645,41.946580429419015,325.04923424912835,2.7182651173436208,0.0020497539251440305,3.503225762473152
2026-07-15T12:14:15+03:00,14.73,293.73,-29.999210716357208,11.29464,2.9965692685342056,351.5497143584192,-0.6772934096241462,3.6741599999999996,3.8296799999999998,-0.4297183463481174,,12.845713766833057,23.034483,58.303477,8.318087738854413,42.7580777795682,320.238491488966,2.6976667475558926,0.0021188871672466,3.505344649640399
2026-07-15T12:14:17+03:00,14.73,293.73,-29.999210716357208,11.508479999999999,7.9984908200262925,350.91373120582404,-0.7945205745079126,3.44088,4.02408,-0.37242256683503505,,11.671150286814868,23.034492,58.30351,8.700357714479646,41.40397638949446,326.59451443053183,2.5808842492391957,0.002003816144977801,3.507348465785377
2026-07-15T12:14:19+03:00,14.73,293.74,-29.002264152829575,11.60568,2.9965692685342056,350.52984948308637,-0.07958383774367135,3.5964,3.7713599999999996,-0.2864788975654116,,11.138299537343203,23.0345,58.303542,8.638088803207303,40.64807306126056,322.3484962072736,2.728678658223636,0.001939969621561725,3.5092884354069387
2026-07-15T12:14:21+03:00,14.73,293.74,-29.002264152829575,11.702879999999999,3.9992454100131463,351.0340523428015,0.833023338340704,3.47976,3.81024,-0.26356058576017866,,11.21278405071021,23.034509,58.303576,8.82230354713054,40.02718438472081,323.9720610252923,2.6645892712668973,0.002063333629133568,3.511351769036072
2026-07-15T12:14:23+03:00,14.73,293.74,-29.002264152829575,11.80008,4.996191973540778,351.54398478046795,-0.04119566546990619,4.374,3.9463199999999996,-0.3036676314193363,,11.986277074136822,23.034505,58.303614,8.251744414954477,43.89446392104054,321.1017280525002,3.1519835989100113,0.002287583945122694,3.513639352981195
2026-07-15T12:14:25+03:00,14.73,293.74,-29.002264152829575,11.80008,358.9981656951199,351.96797354886473,0.13430130717866498,4.374,3.86856,-0.26356058576017866,,11.751364378133184,23.034506,58.303652,8.251744414954477,43.89446392104054,315.10370177407935,3.1519835989100113,0.0022843115493868266,3.5159236645305816
2026-07-15T12:14:27+03:00,14.58,293.74,-29.002264152829575,11.60568,4.996191973540778,351.69868338515323,-0.1847215931501774,3.96576,4.00464,-0.37242256683503505,,11.207054472758902,23.034503,58.303689,8.361308676871964,42.29704516401753,322.69914680952326,2.9333370522816766,0.0022260027236655645,3.518149667254247
2026-07-15T12:14:29+03:00,14.51,293.74,-29.002264152829575,11.702879999999999,4.996191973540778,351.2632354608538,-0.43103614927691836,4.0824,4.0824,-0.26929016371148695,,11.96335876233159,23.03451,58.303725,8.369817383902252,42.68137976536818,322.3148122081726,3.0011149102936234,0.0021751412702088143,3.520324808524456
2026-07-15T12:14:31+03:00,14.43,293.73,-29.002264152829575,11.702879999999999,1.9996227050065731,350.3522325665958,-0.33495112703347923,4.101839999999999,3.9463199999999996,-0.246371851906254,,10.834631905923866,23.034513,58.303762,8.355536753649858,42.7717496394674,319.22787306553914,3.0110162848141875,0.0022260027161094126,3.5225508112405652
2026-07-15T12:14:33+03:00,14.32,293.74,-29.999210716357208,11.508479999999999,1.9996227050065731,351.45804111119827,-0.021600508876432035,3.888,4.00464,-0.3093972093706446,,10.92057557519349,23.034514,58.3038,8.370213718309719,43.42858493433394,318.57103777067266,2.8235892063796104,0.0022843115475604157,3.524835122788126
2026-07-15T12:14:35+03:00,14.28,293.73,-31.00188685783615,11.60568,0.0,351.4981481568575,-0.011802930579694958,3.73248,4.00464,-0.5844169510334397,,10.198648753328653,23.034516,58.303845,8.623409561270337,43.88346654873513,316.1165334512649,2.690189334098869,0.002705584621731777,3.5275407074098575
2026-07-15T12:14:37+03:00,14.25,293.73,-29.999210716357208,11.508479999999999,5.998868115019719,351.9966214386213,0.96325664517394,3.9463199999999996,3.9074399999999994,-0.6302535746439055,,10.788795282313401,23.034513,58.303877,8.32795638552922,43.70441680536766,322.29445130965206,2.8528495232809434,0.0019257789510360645,3.5294664863608936
2026-07-15T12:14:39+03:00,14.13,293.75,-31.00188685783615,11.39184,4.996191973540778,353.06232293756455,0.8484359030297229,3.9074399999999994,3.7908,-0.6531718864491385,,11.207054472758902,23.034518,58.303908,8.290570405222091,45.051181220145935,319.94501075339485,2.760508104437806,0.0018700180938340178,3.5313365044547274
2026-07-15T12:14:41+03:00,14.13,293.75,-29.999210716357208,11.29464,1.9996227050065731,354.14521317036184,0.7911974192961537,4.31568,4.0629599999999995,-0.7448451336700701,,12.055032009552521,23.034526,58.303944,7.859143755419422,45.93486903679255,316.06475366821405,3.001450270350356,0.0021785774501644887,3.5335150819048917
2026-07-15T12:14:43+03:00,13.98,293.74,-31.99883342136378,11.508479999999999,3.9992454100131463,355.0103794410094,0.41676950017816083,3.1104000000000003,4.101839999999999,-0.7620338675239948,,12.152434834724762,23.034527,58.303976,9.022500137026437,42.52458517960579,321.4746602304074,2.292325541675782,0.0019237061772590625,3.5354387880821507
2026-07-15T12:14:45+03:00,13.98,293.74,-33.00150956284272,11.508479999999999,7.9984908200262925,355.14215973388946,0.008823550045014679,3.6741599999999996,4.16016,-0.8021409131831525,,12.519127823608487,23.034533,58.30401,8.661471572387285,46.35999325102,321.6384975690063,2.535629773672533,0.002052428207121353,3.537491216289272
2026-07-15T12:14:47+03:00,13.83,293.73,-33.99845612637036,11.39184,5.998868115019719,354.8384921024701,0.24648644346528018,3.9463199999999996,4.0824,-0.7047380880109125,,11.774282689938415,23.034537,58.304048,8.414626221826184,49.20157516947762,316.7972929455421,2.5785246692001893,0.0022875838595522065,3.539778800148824
2026-07-15T12:14:49+03:00,13.83,293.73,-33.00150956284272,11.60568,3.9992454100131463,355.0619456425712,-0.1585374219126988,4.0629599999999995,4.21848,-0.7677634454753031,,12.204001036286533,23.03454,58.304088,8.491669162101827,48.10722831112429,315.89201709888886,2.712995423081484,0.002406174662514455,3.5421849748113385
2026-07-15T12:14:51+03:00,13.68,293.74,-31.99883342136378,11.39184,9.998113525032863,354.8384921024701,-0.14833877315937014,4.101839999999999,4.21848,-0.888084582452776,,13.424401139915188,23.034557,58.304129,8.206324291238095,47.35780176371176,322.6403117613211,2.778659921819583,0.0025222191099475064,3.544707193921286
2026-07-15T12:14:53+03:00,13.68,293.75,-31.99883342136378,11.39184,7.9984908200262925,354.65514560802825,-0.48094077323281303,4.1212800000000005,4.29624,-0.9281916281119336,,14.020277246851244,23.034569,58.304165,8.193167766235353,47.457803611270776,320.5406872087555,2.786533426649374,0.002196813301475496,3.5469040072227616
2026-07-15T12:14:55+03:00,13.53,293.75,-33.00150956284272,11.39184,5.998868115019719,354.30564135299846,0.07087487925768284,4.00464,4.29624,-0.865166270647543,,13.12646308644716,23.03458,58.304201,8.324169681570616,48.19198449958188,317.80688361543787,2.6696402084895148,0.00219158592792571,3.549095593150687
2026-07-15T12:14:57+03:00,13.53,293.75,-33.99845612637036,11.508479999999999,5.998868115019719,355.5088527227732,0.9902429573246018,4.21848,4.374,-0.8250592249883855,,12.501939089754565,23.03459,58.304237,8.35119781434659,50.4053254065262,315.5935427084935,2.6886582298713226,0.002186802209624937,3.551282395360312
2026-07-15T12:14:59+03:00,13.38,293.75,-33.99845612637036,11.60568,1.9996227050065731,356.3453711036642,0.4341301213706248,4.6655999999999995,4.393439999999999,-0.8708958485988514,,12.627989804683345,23.034592,58.304277,8.165625590263545,52.63076677089322,309.36885593411336,2.8317820300979863,0.002405138162527552,3.5536875335228397
2026-07-15T12:15:01+03:00,13.38,293.74,-35.00113226784929,11.508479999999999,5.998868115019719,356.93551763264895,0.21560401830772877,4.19904,4.510079999999999,-0.888084582452776,,12.736851785758201,23.034604,58.304313,8.42067736311269,51.62136010071504,314.3775080143047,2.60699738523956,0.002196813028735354,3.5558843465515753
2026-07-15T12:15:03+03:00,13.23,293.75,-35.00113226784929,11.508479999999999,5.998868115019719,356.9756246783081,-0.16575669013134717,4.35456,4.33512,-0.8938141604040842,,13.092085618739311,23.034606,58.304353,8.325014654227738,52.46046043775499,313.53840767726473,2.653271613237263,0.0024051381582000683,3.5582894847097752
2026-07-15T12:15:05+03:00,13.23,293.75,-35.00113226784929,11.39184,5.998868115019719,357.5027458498285,-0.31518408310146584,4.19904,4.62672,-0.9052733163067008,,13.332727892694255,23.034615,58.304386,8.30897736732875,51.85141435898632,314.1474537560334,2.5937594283684855,0.002003815147539336,3.5602932998573147
2026-07-15T12:15:07+03:00,13.08,293.74,-35.00113226784929,11.60568,13.99735893504601,356.6318500012296,-0.9642306734256624,4.6655999999999995,4.510079999999999,-0.9339212060632418,,13.722339193383217,23.034627,58.304429,8.231090635635795,53.97443070610714,320.0229282289389,2.7440550620822703,0.002612267415119901,3.5629055672724346
2026-07-15T12:15:09+03:00,12.93,293.75,-33.99845612637036,11.702879999999999,5.998868115019719,355.9156527573161,0.4992754226769993,4.276800000000001,4.704479999999999,-0.9740282517223995,,14.054654714559092,23.034636,58.304469,8.500517325337709,50.33812658628645,315.6607415287333,2.7296919399073,0.0024210505733996703,3.5653266178458343
2026-07-15T12:15:11+03:00,12.86,293.75,-33.99845612637036,11.89728,11.997736230039438,356.4771513965443,0.35362955115474415,3.9851999999999994,4.6655999999999995,-1.0771606548459478,,14.438536437296746,23.034646,58.304504,8.877571629726015,48.53605817306325,323.4616780569762,2.6387944964928325,0.0021273419629001355,3.5674539598087343
2026-07-15T12:15:13+03:00,12.18,293.74,-35.00113226784929,11.89728,14.994305498573642,356.3511006816155,0.27868667155163246,3.36312,4.64616,-1.1745634800181877,,15.338080175652138,23.034658,58.304539,9.343712520707992,46.91584809505565,328.078457403518,2.2972523768909703,0.0021376311832966887,3.569591590992031
2026-07-15T12:15:15+03:00,11.06,293.75,-33.99845612637036,11.99448,12.99468279356707,356.2365091225894,-0.2537630074634416,3.888,4.859999999999999,-1.3349916626548182,,16.70744930601481,23.034675,58.30457,9.036543607833162,47.919515184403394,325.07516760916366,2.6056359675677814,0.0019391407691292041,3.57153073176116
2026-07-15T12:15:17+03:00,10.35,293.74,-33.00150956284272,11.99448,10.995060088560496,355.4572865212114,-0.31466842108584814,4.62672,4.89888,-1.3980170201192088,,17.29759583499955,23.034692,58.304611,8.496556137554423,50.25442161845584,320.74063847010467,2.9582306936805236,0.002522217553066537,3.574052949314227
2026-07-15T12:15:19+03:00,10.01,293.74,-33.00150956284272,12.091679999999998,2.9965692685342056,355.44582736530884,-0.6303108704234186,5.07384,5.07384,-1.2204001036286536,,16.237623914007532,23.0347,58.304668,8.309474324362368,52.426651876593326,310.56991739194086,3.0939086711425685,0.003435442360377806,3.5774883916746045
2026-07-15T12:15:21+03:00,9.93,293.74,-31.99883342136378,12.091679999999998,1.9996227050065731,353.1711849186394,-1.503212071305228,5.46264,5.1127199999999995,-1.1917522138721122,,15.286513974090362,23.034703,58.304718,8.001021852640292,53.208801675515375,308.7908210294912,3.271578289034207,0.0030068787812655004,3.58049527045587
2026-07-15T12:15:23+03:00,9.97,293.75,-31.00188685783615,11.99448,3.9992454100131463,350.94810867353186,-0.8906055967513516,4.957199999999999,5.151599999999999,-1.111538122553797,,14.35832234597843,23.034711,58.304766,8.155410237128647,49.246763080873905,314.75248232913924,3.236072800742459,0.0028962109448434055,3.5833914814007137
2026-07-15T12:15:25+03:00,10.31,293.74,-31.99883342136378,12.30552,0.9969465635276323,350.4610945476706,0.5715254006429962,4.78224,5.1710400000000005,-0.9511099399171665,,12.668096850342502,23.034713,58.304815,8.63032955157104,49.0742020818781,311.92274448164954,3.132754929053449,0.002945955269647967,3.5863374366703615
2026-07-15T12:15:27+03:00,11.06,293.75,-31.00188685783615,12.30552,352.9992975801002,351.7674383205689,0.5578890051188826,5.26824,5.22936,-0.9740282517223995,,12.960305325859222,23.034706,58.304864,8.248924114963678,50.2070125049664,302.7922850751338,3.3717561189260405,0.002953562668861131,3.5892909993392226
2026-07-15T12:15:29+03:00,11.92,293.76,-31.99883342136378,12.30552,1.9996227050065731,351.79035663237414,-0.4958376759062144,5.1127199999999995,5.07384,-1.065701498943331,,14.03746598070517,23.03471,58.304914,8.417542663732037,50.77406675610146,311.22555594890514,3.2331818412262274,0.0030080394301687974,3.5922990387693914
2026-07-15T12:15:31+03:00,12.63,293.75,-33.00150956284272,12.49992,1.9996227050065731,350.6215227303073,-0.8860219343903051,4.84056,4.91832,-1.208940947726037,,15.223488616625973,23.034718,58.304961,8.842540758686505,50.348447746641625,311.65117495836495,3.0888436544725777,0.0028363370852181793,3.5951353758546096
2026-07-15T12:15:33+03:00,13.08,293.75,-31.99883342136378,12.402719999999999,356.9985429901134,348.9943225921357,-0.8675726933870924,5.151599999999999,5.0544,-1.277695883141736,,15.91103797078296,23.034719,58.305007,8.484983649348472,50.766195021279344,306.232347968834,3.258317021797377,0.0027651353002865454,3.5979005111548963
2026-07-15T12:15:35+03:00,13.23,293.76,-31.00188685783615,12.59712,354.99892028510675,347.02334777688577,-1.0537266810250971,5.5404,5.13216,-0.6818197762056798,,14.84533647183963,23.034713,58.305056,8.350876231147451,50.98367432227931,304.0152459628274,3.487913405372799,0.0029513669230095373,3.600851878077906
2026-07-15T12:15:37+03:00,13.23,293.75,-31.99883342136378,12.59712,351.9966214386213,346.8858379060543,0.4893059570417231,4.859999999999999,4.91832,-0.5328507494716656,,13.441589873769113,23.034704,58.305098,8.858177278295805,48.900402715729996,303.0962187228913,3.194817953088714,0.0025404733368340625,3.60339235141474
2026-07-15T12:15:39+03:00,13.38,293.75,-31.00188685783615,12.59712,4.996191973540778,347.4759844350391,0.4249055008690185,4.276800000000001,4.74336,-0.6187944187412892,,14.90836182930402,23.034703,58.305136,9.198906430902737,44.85697792926052,320.13921404428027,3.031693764300123,0.0022843115310735686,3.6056766629458137
2026-07-15T12:15:41+03:00,13.38,293.75,-29.002264152829575,12.59712,0.0,347.40149992167204,-0.6101427560348137,4.68504,4.957199999999999,-0.739115555718762,,15.068790011940653,23.034701,58.305181,8.797878289140854,43.96488824640821,316.03511175359176,3.3721295153344464,0.0027055845660551117,3.608382247511869
2026-07-15T12:15:43+03:00,13.53,293.76,-29.002264152829575,12.49992,0.9969465635276323,347.4702548570877,0.5816667536168117,4.374,4.97664,-0.6875493541569879,,14.535939262468984,23.034702,58.305217,8.929889032525821,42.74037333352831,318.25657322999933,3.212425465994117,0.0021641082244151784,3.6105463557362842
2026-07-15T12:15:45+03:00,13.53,293.75,-29.002264152829575,12.59712,355.9958668486344,347.1608576477171,-0.6089968404445519,4.21848,4.84056,-0.6245239966925973,,14.398429391637588,23.034694,58.305254,9.139433091381017,41.93394712964479,314.06191971898966,3.1381936373201156,0.002238289397089686,3.612784645133374
2026-07-15T12:15:47+03:00,13.53,293.76,-27.99958801135063,12.59712,355.9958668486344,347.43587738937987,0.22757883622596298,5.346,4.957199999999999,-0.5958761069360561,,14.593235041982066,23.034691,58.305297,8.267036279066584,45.67273565576366,310.32313119287073,3.7355483494969364,0.00258636759745188,3.615371012730826
2026-07-15T12:15:49+03:00,13.38,293.75,-27.99958801135063,12.59712,0.9969465635276323,348.6390887591546,1.0889062896461297,4.393439999999999,5.07384,-0.6990085100596044,,16.30064927147192,23.034696,58.305341,8.958596456298418,41.31039564544872,319.6865509180789,3.3001077279480837,0.0026494489597741447,3.6180204616906
2026-07-15T12:15:51+03:00,12.82,293.75,-29.002264152829575,12.59712,3.9992454100131463,349.30371980150636,-0.0021772396214971286,4.41288,4.996079999999999,-0.7563042895726866,,15.441212578775687,23.0347,58.305391,8.995753987889195,42.76141400502621,321.23783140498693,3.2398803184174874,0.003008039359411398,3.621028501050011
2026-07-15T12:15:53+03:00,12.52,293.74,-29.002264152829575,12.49992,1.9996227050065731,348.32396197183266,0.25748723313179195,4.45176,5.01552,-0.7677634454753031,,13.854119486263306,23.034707,58.305433,8.872936190822795,43.08115596069348,318.9184667443131,3.2515074503785213,0.0025341842116447886,3.623562685261656
2026-07-15T12:15:55+03:00,12.15,293.75,-29.002264152829575,11.99448,1.9996227050065731,348.7823282079373,0.3626822843178111,4.1796,4.957199999999999,-0.34377467707849396,,12.725392629855584,23.03471,58.305471,8.581691692034187,42.66091736881796,319.3387053361886,3.073581754413209,0.002286057204176768,3.6258487424658328
2026-07-15T12:15:57+03:00,11.58,293.75,-29.999210716357208,11.80008,357.99548955364094,349.3839338928247,0.2926668417528245,4.58784,4.91832,-0.790681757280536,,16.32929716122846,23.03471,58.305517,8.156077064047276,46.333803581417044,311.6616859722239,3.1677005170719204,0.0027649549551353146,3.628613697420968
2026-07-15T12:15:59+03:00,11.58,293.75,-27.99958801135063,11.60568,0.0,349.7162494140006,0.050649469089564775,4.91832,5.01552,-0.7448451336700701,,14.530209684517676,23.034706,58.305564,7.621233895097148,45.635465994285255,314.36453400571475,3.438992378251515,0.002827885392424434,3.631441582813393
2026-07-15T12:16:01+03:00,11.58,293.75,-31.00188685783615,12.091679999999998,357.99548955364094,349.50425502980215,-0.09700175471564838,4.00464,4.859999999999999,-0.6818197762056798,,16.17459855654314,23.034699,58.305605,8.901381035553024,44.40042271824407,313.5950668353969,2.8611851997599786,0.0024743110803516627,3.6339158938937444
2026-07-15T12:16:03+03:00,12.0,293.75,-31.00188685783615,12.20832,0.9969465635276323,349.7334381478545,-0.5885995429378946,4.68504,4.97664,-0.9281916281119336,,16.501184499767707,23.034706,58.305648,8.540534757610743,47.414189746020185,313.58275681750746,3.1703368121408086,0.002594067986938065,3.6365099618806824
2026-07-15T12:16:05+03:00,11.88,293.73,-33.00150956284272,11.99448,1.9996227050065731,349.02297048189223,-0.3547181709654927,4.374,4.996079999999999,-0.7620338675239948,,17.01684651538545,23.034703,58.305689,8.660320383908818,48.96875132289111,313.0308713821155,2.8714021602977824,0.002466236735435017,3.6389761986161173
2026-07-15T12:16:07+03:00,11.88,293.74,-33.99845612637036,11.89728,3.9992454100131463,349.2693423337986,-0.3455508462433995,4.19904,5.03496,-0.6016056848873644,,14.868254783644863,23.034701,58.305729,8.737447366181819,49.58692856009873,314.4123168499144,2.7222108475367097,0.0024051380944581104,3.6413813367105754
2026-07-15T12:16:09+03:00,11.88,293.74,-33.00150956284272,11.89728,354.99892028510675,348.4500126867614,-0.31925208344689465,5.0544,5.0544,-0.693278932108296,,16.472536610011165,23.034705,58.305778,8.138143243958895,52.77335814015113,302.22556214495563,3.057757469196103,0.0029479856873174735,3.6443293223978928
2026-07-15T12:16:11+03:00,11.81,293.74,-31.99883342136378,11.89728,358.9981656951199,348.1176971655856,-0.11877415093061966,4.78224,5.1127199999999995,-0.9339212060632418,,17.73304375929898,23.034702,58.305825,8.240956900289621,49.90764412603289,309.090521569087,3.0798657220610455,0.0028266507759919196,3.6471559731738847
2026-07-15T12:16:13+03:00,11.73,293.74,-33.00150956284272,11.99448,355.9958668486344,347.89424362548453,-0.4464487139659375,5.20992,5.01552,-0.7734930234266114,,15.968333750296045,23.034695,58.305873,8.13603656605311,53.41387718098311,302.5819896676513,3.1052707697182216,0.002893626565355021,3.6500495997392397
2026-07-15T12:16:15+03:00,11.73,293.74,-33.00150956284272,12.30552,354.99892028510675,347.52755063660084,0.057754145749186976,5.26824,5.09328,-0.6990085100596044,,14.6161533537873,23.034693,58.30592,8.393011307140453,52.992985567336106,302.00593471777063,3.1710210449572163,0.0028257686015089665,3.652875368340749
2026-07-15T12:16:17+03:00,11.73,293.74,-33.00150956284272,12.30552,358.9981656951199,347.94580982704633,0.1776169164905552,4.723920000000001,5.19048,-0.7620338675239948,,15.624559073217549,23.034693,58.305966,8.731470716705784,50.139487282019246,308.8586784131006,3.0276584061692233,0.0027649549551353146,3.6556403232958843
2026-07-15T12:16:19+03:00,11.73,293.74,-31.99883342136378,11.99448,2.9965692685342056,348.0088351845107,-0.4942333940798481,4.87944,5.19048,-1.0198648753328654,,16.031359107760434,23.034691,58.30601,8.270967931724217,50.215700296599806,312.7808689719344,3.122349503440911,0.0026454935667753043,3.6582858168626595
2026-07-15T12:16:21+03:00,11.58,293.74,-31.00188685783615,12.091679999999998,0.9969465635276323,346.76551676907684,-0.6440618575065584,5.01552,5.26824,-0.7792226013779195,,14.518750528615062,23.034694,58.306047,8.209663780128531,49.342709726177816,311.6542368373498,3.267777244368809,0.002226002455682287,3.6605118193183417
2026-07-15T12:16:23+03:00,11.73,293.75,-31.99883342136378,12.091679999999998,358.9981656951199,346.7712463470281,-0.566483372045845,5.7153599999999996,5.151599999999999,-0.7505747116213785,,15.160463259161583,23.034697,58.306092,7.8522762476885095,54.685703121231455,304.3124625738884,3.303828175814649,0.002706505857653451,3.663218325175995
2026-07-15T12:16:25+03:00,11.66,293.75,-31.99883342136378,12.20832,354.99892028510675,345.9748350117963,0.13762446239042375,5.3654399999999995,5.0544,-0.6359831525952138,,13.670772991821442,23.034694,58.306143,8.168855912240238,52.36682739932321,302.63209288578355,3.27615791543439,0.003066957119699433,3.6662852822956946
2026-07-15T12:16:27+03:00,11.88,293.76,-31.00188685783615,12.091679999999998,356.9985429901134,345.21853072222365,-0.4325831353237715,5.326560000000001,5.22936,-0.7047380880109125,,15.618829495266242,23.034686,58.306192,8.010486982722714,51.03068932683428,305.96785366327913,3.349895094030118,0.0029560933069514555,3.669241375602646
2026-07-15T12:16:29+03:00,12.03,293.76,-29.002264152829575,12.091679999999998,354.99892028510675,344.1814771130368,-0.3741987359999407,5.28768,5.07384,-0.8193296470370772,,15.183381570966816,23.034674,58.306241,7.894917926327475,47.95136074422982,307.04755954087693,3.5414830716654087,0.0029695568519157514,3.6722109324545618
2026-07-15T12:16:31+03:00,12.22,293.76,-29.999210716357208,12.402719999999999,351.9966214386213,343.03556152277514,-0.34033693030770895,5.48208,5.0544,-0.5614986392282068,,14.501561794761136,23.034664,58.306291,8.130984645766446,49.6996465346202,302.2969749040011,3.545779107597549,0.0030219313695196465,3.6752328638240814
2026-07-15T12:16:33+03:00,12.52,293.77,-29.999210716357208,12.402719999999999,352.9992975801002,342.4110375260826,0.39597113221491187,4.80168,4.996079999999999,-0.47555496995858326,,13.521803965087427,23.034658,58.306337,8.586757602322326,46.23502441773235,306.76427316236783,3.3213308851022703,0.002771439500223454,3.678004303324305
2026-07-15T12:16:35+03:00,13.05,293.77,-31.00188685783615,12.20832,352.9992975801002,343.07566856843437,0.34893129723467137,5.01552,4.91832,-0.6474423084978302,,12.759770097563433,23.034651,58.306382,8.320459597261864,49.08996740546951,303.90933017463067,3.2845294063034642,0.002713865086394574,3.6807181684106993
2026-07-15T12:16:37+03:00,13.16,293.77,-31.00188685783615,12.091679999999998,350.99967487509366,343.06420941253174,0.27278520626178493,4.89888,4.996079999999999,-0.5213915935690492,,13.074896884885387,23.034638,58.306429,8.286131069977616,48.73085120728055,302.2688236678131,3.231286797596856,0.0028547352716197785,3.683572903682319
2026-07-15T12:16:39+03:00,13.46,293.76,-29.999210716357208,12.091679999999998,353.99624414362785,343.13296434794745,0.3971743435846867,4.68504,4.704479999999999,-0.4812845479098915,,12.08940947726037,23.034625,58.306471,8.368802701665906,46.25370558270856,307.7425385609193,3.239547441511308,0.002557685639288932,3.686130589321608
2026-07-15T12:16:41+03:00,13.83,293.77,-29.999210716357208,11.99448,348.9943225921357,343.73457003283477,0.1406611387046171,4.91832,4.68504,-0.5614986392282068,,13.00041237151838,23.03461,58.306512,8.116543080314612,47.63552557781719,301.3587970143185,3.3141823274417734,0.0025095272568671344,3.688640116578475
2026-07-15T12:16:43+03:00,13.83,293.77,-29.999210716357208,11.89728,354.99892028510675,343.91218694932536,-0.09705905049516145,4.62672,4.704479999999999,-0.4812845479098915,,13.223865911619402,23.034602,58.306551,8.22250876847461,46.339292263134666,308.6596280219721,3.194224808476736,0.0023577746419144387,3.6909978912203893
2026-07-15T12:16:45+03:00,13.91,293.77,-29.999210716357208,11.89728,354.99892028510675,344.04396724220544,0.08938141604040842,3.92688,4.82112,-0.46982539200727513,,12.559234869267646,23.034603,58.306588,8.720378549806071,43.010909043627834,311.98801124147894,2.871428260026389,0.002224209695634894,3.6932221009160244
2026-07-15T12:16:47+03:00,13.98,293.78,-29.999210716357208,11.89728,357.99548955364094,344.58827714757973,0.0894960075994346,4.21848,4.704479999999999,-0.5042028597151245,,13.991629357094704,23.034596,58.306628,8.509478799127644,44.350335077851554,313.64515447578935,3.016545999295526,0.002414449120226081,3.6956365500362507
2026-07-15T12:16:49+03:00,13.98,293.78,-31.00188685783615,11.99448,358.9981656951199,344.1642883791829,-0.05408721586034971,4.49064,4.58784,-0.4812845479098915,,14.851066049790937,23.034593,58.306671,8.467361240017377,46.854510743800574,312.1436549513193,3.070938809488224,0.0025863674626754357,3.698222917498926
2026-07-15T12:16:51+03:00,13.83,293.77,-31.00188685783615,11.99448,352.9992975801002,343.64289678561386,-0.6158150382066089,5.09328,4.723920000000001,-0.5958761069360561,,14.26091952080619,23.034586,58.306713,8.067235507641142,49.97891763385303,303.02037994624715,3.275332703885948,0.0025341835139873303,3.7007571010129134
2026-07-15T12:16:52+03:00,13.83,293.77,-31.99883342136378,11.80008,355.9958668486344,343.14442350385,-0.7011857496811015,4.49064,4.62672,-0.6531718864491385,,14.828147737985704,23.03458,58.306758,8.3385013918432,48.580093628355655,307.41577322027877,2.970883652036971,0.002711475378393472,3.703468576391307
2026-07-15T12:16:54+03:00,13.83,293.77,-31.00188685783615,11.99448,356.9985429901134,341.51149378772715,-1.1311905749267843,4.33512,4.6655999999999995,-0.6245239966925973,,14.65626039944646,23.034578,58.3068,8.574464939278167,46.0962632173686,310.9022797727448,3.006183850897485,0.002525313994844619,3.705993890386152
2026-07-15T12:16:56+03:00,13.83,293.78,-31.00188685783615,12.091679999999998,350.99967487509366,340.4973584903456,-0.016787663397333123,4.374,4.68504,-1.0255944532841736,,13.819742018555456,23.034569,58.306838,8.641350495950952,46.11417490927579,304.88549996581787,3.032159779486026,0.002301707365466382,3.708295597751618
2026-07-15T12:16:58+03:00,13.72,293.78,-31.99883342136378,12.402719999999999,351.9966214386213,340.30255284000117,-0.46495525074866306,4.393439999999999,4.62672,-0.9568395178684748,,13.25824337932725,23.034558,58.30688,8.983723781350836,47.01820547637021,304.97841596225106,2.9952977570899386,0.002548310304506747,3.7108439080561246
2026-07-15T12:17:00+03:00,13.68,293.78,-31.00188685783615,12.49992,350.99967487509366,339.29414712057087,-0.37053180611110337,4.393439999999999,4.68504,-0.4354479242994257,,12.450372888192788,23.034547,58.306923,9.022469336756101,45.52725293670497,305.4724219383887,3.0779119311512564,0.0026078697837474203,3.713451777839872
2026-07-15T12:17:02+03:00,13.68,293.78,-31.00188685783615,12.402719999999999,342.99545447711597,339.67229926535725,0.9256133180338448,4.89888,4.723920000000001,-0.31512678732195276,,12.21546019218915,23.034535,58.306958,8.582921686729298,48.098554847494086,294.8968996296219,3.2717235175469446,0.002137626590541196,3.715589404430413
2026-07-15T12:17:04+03:00,13.68,293.79,-31.00188685783615,12.30552,346.9946998871292,340.9901021941581,0.9688143357867091,4.60728,4.64616,-0.9167324722093171,,12.484750355900639,23.034519,58.306995,8.686806970765371,46.85542049216281,300.13927939496637,3.150650078266867,0.0022806573547028298,3.717870061785116
2026-07-15T12:17:06+03:00,13.68,293.8,-31.00188685783615,12.20832,351.9966214386213,341.2880402476261,-0.14186435007439183,4.64616,4.704479999999999,-1.0141352973815572,,13.716609615431908,23.034507,58.307038,8.566892433148924,47.22273754625081,304.77388389237046,3.1554399064506073,0.0026122633609893405,3.7204823251461057
2026-07-15T12:17:08+03:00,13.72,293.8,-31.00188685783615,12.402719999999999,352.9992975801002,341.4427388523115,0.6311703071161149,4.35456,4.74336,-1.088619810748564,,14.318215300319272,23.034496,58.307077,8.955614960892317,45.50572105068795,307.4935765294122,3.0518413037933496,0.0023697975069978563,3.7228521226531037
2026-07-15T12:17:10+03:00,13.68,293.8,-31.99883342136378,12.59712,353.99624414362785,342.4969811953522,0.5392105809976177,4.43232,4.7628,-1.0542423430407146,,14.197894163341799,23.034482,58.307113,9.14500198496295,46.88078038625247,307.1154637573754,3.02957344887051,0.002208578606570527,3.7250607012596744
2026-07-15T12:17:12+03:00,13.68,293.79,-31.99883342136378,12.59712,352.9992975801002,342.41676710403385,-0.09224620501606254,4.374,4.64616,-0.5213915935690492,,14.123409649974791,23.034473,58.307156,9.184963443247037,46.615229784874174,306.384067795226,3.0044759122690783,0.0026002105819530443,3.7276609118416273
2026-07-15T12:17:14+03:00,13.72,293.8,-33.00150956284272,12.69432,356.9985429901134,341.2651219358209,-0.7797382633935374,4.04352,4.64616,-0.5500394833255903,,14.089032182266944,23.034469,58.307191,9.560324699343441,46.31997265376978,310.67857033634357,2.792577636970359,0.002107558718031301,3.7297684705596588
2026-07-15T12:17:16+03:00,13.68,293.79,-33.00150956284272,12.49992,352.9992975801002,340.34838946361157,-0.46902325109409193,4.374,4.68504,-0.5328507494716656,,13.97444062324078,23.034457,58.30723,9.147316845852503,48.09781491270141,304.9014826673988,2.9212237549317286,0.002374631501442855,3.7321431020611016
2026-07-15T12:17:18+03:00,13.76,293.79,-31.99883342136378,12.79152,349.9969987336147,339.4660344591101,-0.4606580672851819,4.60728,4.74336,-0.492743703812508,,13.859849064214615,23.034441,58.307268,9.213621133284786,47.36447880962348,302.63251992399125,3.1206590596908232,0.00233930852082445,3.734482410581926
2026-07-15T12:17:20+03:00,13.83,293.8,-31.99883342136378,12.79152,348.9943225921357,338.92745413168717,-0.1105235586807358,4.859999999999999,4.6655999999999995,-0.790681757280536,,14.84533647183963,23.034421,58.30731,9.044356880265548,48.54236276646944,300.4519598256662,3.21764130403733,0.002602325860665309,3.737084736442591
2026-07-15T12:17:22+03:00,13.68,293.79,-31.99883342136378,12.79152,347.9973760286081,337.66694698239934,-0.31781968895906765,4.6655999999999995,4.87944,-0.7792226013779195,,14.026006824802552,23.034397,58.307351,9.174219445757688,47.632432638598715,300.36494339000933,3.1440744606429605,0.002578319421827487,3.7396630558644186
2026-07-15T12:17:24+03:00,13.68,293.79,-31.99883342136378,12.49992,348.9943225921357,336.71583704248224,-0.5165214523104371,4.21848,4.704479999999999,-0.4354479242994257,,13.298350424986406,23.034378,58.307395,9.198160671565908,46.06396780791016,302.9303547842255,2.927012729975031,0.0027119426311388497,3.7423749984955577
2026-07-15T12:17:26+03:00,13.68,293.79,-31.00188685783615,12.59712,344.9950771821226,335.88504823954247,-0.38760594840600193,4.33512,4.58784,-0.5614986392282068,,14.134868805877408,23.034359,58.307438,9.157657541078825,45.114346441823216,299.8807307402994,3.059268977300133,0.002653357566440651,3.745028356061998
2026-07-15T12:17:28+03:00,13.68,293.79,-29.999210716357208,12.59712,339.9988852085818,335.22614677514207,-0.2685453185778169,4.16016,4.548959999999999,-0.6760901982543714,,13.859849064214615,23.034335,58.307478,9.231669773806665,43.02059163703035,296.97829357155143,3.0415285442466717,0.002520928194125028,3.7475492842561233
2026-07-15T12:17:30+03:00,13.68,293.78,-29.999210716357208,12.69432,345.9977533236015,335.4839777829509,0.0729375273201538,4.45176,4.74336,-0.641712730546522,,14.077573026364327,23.034315,58.307518,9.11489875552871,44.13356842202012,301.8641849015814,3.1951103025654284,0.0024858747779156684,3.750035159034039
2026-07-15T12:17:32+03:00,13.68,293.78,-29.999210716357208,12.79152,346.9946998871292,334.95685661143057,-0.5588630333706051,4.5684000000000005,4.68504,-0.5672282171795151,,13.854119486263306,23.034301,58.30756,9.12562247428074,44.49449028473654,302.5002096023926,3.2587212529844423,0.0025629415402557945,3.7525981005742945
2026-07-15T12:17:34+03:00,13.68,293.78,-29.002264152829575,12.908159999999999,349.9969987336147,334.5328678430338,-0.1941181009903229,4.45176,4.4712,-0.32658594322456924,,13.18948844391155,23.034278,58.307602,9.269445331990902,42.467310113938225,307.52968861967645,3.2838971774892736,0.00262692393000961,3.755225024504304
2026-07-15T12:17:36+03:00,13.68,293.78,-29.999210716357208,13.00536,346.9946998871292,334.95685661143057,0.24631455612674089,4.31568,4.510079999999999,-0.3666929888837269,,12.862902500686983,23.03426,58.307646,9.515720790461007,43.10562749427879,303.8890723928504,3.1508570935214992,0.0027051307187349904,3.7579301552230393
2026-07-15T12:17:38+03:00,13.68,293.78,-29.999210716357208,12.908159999999999,343.998130618595,335.317820022363,0.2967921378777664,4.23792,4.60728,-0.5557690612768985,,13.739527927237141,23.034236,58.307686,9.477876005291764,42.91764620707923,301.0804844115157,3.1035695684701876,0.0025209268537550993,3.7604510820767945
2026-07-15T12:17:40+03:00,13.68,293.78,-29.999210716357208,12.79152,346.9946998871292,335.9652623308608,1.071774851571718,4.41288,4.5684000000000005,-0.5099324376664327,,13.475967341476961,23.034215,58.307724,9.237200732291141,43.81841061752837,303.17628926960083,3.184059670898249,0.002378410081925039,3.7628294921587195
2026-07-15T12:17:42+03:00,13.61,293.79,-29.999210716357208,12.69432,345.9977533236015,337.35754977302867,0.7487985424564728,4.43232,4.510079999999999,-0.34377467707849396,,14.243730786952264,23.034189,58.307768,9.128861238726417,44.04860740917391,301.9491459144276,3.1857309823778714,0.002769247831924875,3.7655987399906445
2026-07-15T12:17:44+03:00,13.61,293.79,-31.00188685783615,12.49992,343.998130618595,338.17114984211446,-0.19446187566740142,4.548959999999999,4.58784,-1.0485127650894066,,14.650530821495149,23.034159,58.307809,8.91420752456803,46.240569511219405,297.7575611073756,3.1462060412629262,0.00264022692793269,3.7682389669185774
2026-07-15T12:17:46+03:00,13.68,293.77,-31.00188685783615,12.59712,350.99967487509366,337.86175263274384,-0.7730346571905067,4.14072,4.374,-1.1516451682129547,,15.618829495266242,23.034143,58.307845,9.295864952104461,44.2653712788163,306.73430359627736,2.9652305219728636,0.002222080388822702,3.7704610473074003
2026-07-15T12:17:48+03:00,13.68,293.78,-31.99883342136378,12.79152,350.99967487509366,337.98207376972135,0.5431066940045073,4.31568,4.58784,-1.1917522138721122,,15.532885825996619,23.034126,58.307885,9.41357587761843,46.05866732934021,304.94100754575345,2.9947429105221595,0.0024635097095896535,3.77292455701699
2026-07-15T12:17:50+03:00,13.53,293.78,-33.00150956284272,12.49992,345.9977533236015,339.3227950103274,0.9398226713530893,4.19904,4.723920000000001,-1.2662367272391195,,16.283460537617994,23.034107,58.307926,9.265080961391341,47.29249881943741,298.7052545041641,2.848023567391394,0.002536399597190768,3.775460956614181
2026-07-15T12:17:52+03:00,13.57,293.78,-31.99883342136378,12.79152,349.9969987336147,339.0993414702265,-0.5493519339714332,4.31568,4.89888,-1.3521803965087429,,16.925173268164517,23.034095,58.307969,9.41357587761843,46.05866732934021,303.9383314042745,2.9947429105221595,0.0026122619135983374,3.7780732185277794
2026-07-15T12:17:54+03:00,13.53,293.78,-33.99845612637036,12.79152,348.9943225921357,339.15090767178816,0.4560744049241353,4.548959999999999,4.957199999999999,-1.2032113697747289,,15.532885825996619,23.034087,58.308011,9.371979720594643,49.74661493423869,299.24770765789697,2.939397255869594,0.002537132205756744,3.7806103507335362
2026-07-15T12:17:56+03:00,13.53,293.77,-31.00188685783615,12.49992,346.9946998871292,340.5374655360048,0.8639057634982552,4.35456,4.859999999999999,-0.9224620501606254,,12.868632078638289,23.034074,58.30805,9.049750023625723,45.35159897774409,301.6431009093851,3.060185727676897,0.002379873303589064,3.782990224037125
2026-07-15T12:17:58+03:00,13.53,293.77,-29.999210716357208,12.091679999999998,347.9973760286081,342.8121079826742,0.11270079830223292,4.23792,4.84056,-0.8594366926962348,,12.244108081945694,23.034059,58.308088,8.683980314654823,44.1220793909188,303.8752966376893,3.0422250670882414,0.0023326896147723825,3.7853229136518975
2026-07-15T12:18:00+03:00,13.53,293.79,-29.002264152829575,12.30552,350.99967487509366,342.6745981118428,-0.3036103356398232,4.60728,4.68504,-0.9167324722093171,,12.713933473952968,23.034046,58.308131,8.572160576910003,44.107293225939344,306.89238164915434,3.3082007742856945,0.002617028794862726,3.7879399424467604
2026-07-15T12:18:02+03:00,13.53,293.78,-27.002641447823002,12.30552,352.9992975801002,343.50538691478243,0.05981679381165795,4.58784,4.7628,-1.0255944532841736,,13.791094128798916,23.034038,58.308177,8.4777099651854,41.22620156881206,311.7730960112881,3.4505769005578757,0.0027764713692415783,3.790716413816002
2026-07-15T12:18:04+03:00,13.5,293.77,-27.002641447823002,12.30552,355.9958668486344,342.8751333401385,-0.629164954833157,4.393439999999999,4.859999999999999,-1.088619810748564,,14.364051923929738,23.034026,58.308224,8.624872438351138,40.37508379792686,315.6207830507076,3.347010826632492,0.00285036274501381,3.7935667765610157
2026-07-15T12:18:06+03:00,13.38,293.79,-27.99958801135063,12.20832,353.99624414362785,342.35947132452077,0.3115171532126286,5.1127199999999995,4.7628,-1.0255944532841736,,13.819742018555456,23.034018,58.308268,8.059739891897022,45.3255013563151,308.67074278731275,3.5946423256920745,0.0026567770261587634,3.7962235535871747
2026-07-15T12:18:08+03:00,13.38,293.79,-27.002641447823002,12.59712,350.99967487509366,342.0500741151502,0.14398429391637588,4.957199999999999,4.68504,-0.9969465635276323,,13.596288478454435,23.034008,58.30831,8.484309136352284,42.38628720209775,308.61338767299594,3.661470718163931,0.0025441964825383846,3.7987677500697132
2026-07-15T12:18:10+03:00,13.38,293.8,-25.99996530634406,12.69432,350.99967487509366,341.8953755104648,0.18197139573354945,4.68504,4.6655999999999995,-0.9740282517223995,,13.315539158840332,23.033995,58.308355,8.728496907594307,39.6090598626061,311.39061501248756,3.609413101819091,0.0027358206446718124,3.801503570714385
2026-07-15T12:18:12+03:00,13.38,293.79,-24.997289164865123,12.908159999999999,353.99624414362785,342.08445158285804,0.34704053651073963,4.89888,4.78224,-0.9797578296737078,,13.487426497379579,23.033982,58.308402,8.717533499465793,38.73451020716627,315.2617339364616,3.821389331109224,0.0028547319799640597,3.804358302694349
2026-07-15T12:18:14+03:00,13.38,293.78,-24.997289164865123,12.908159999999999,354.99892028510675,341.7005698601203,-0.19709748152500317,4.78224,4.82112,-0.9969465635276323,,13.859849064214615,23.033976,58.308445,8.808821305915371,38.25979601137928,316.7391242737275,3.7550677934643852,0.0025915667629131775,3.806949869457262
2026-07-15T12:18:16+03:00,13.38,293.78,-24.997289164865123,13.00536,351.9966214386213,341.27085151377224,-0.08084434489295915,4.60728,4.64616,-0.9396507840145503,,13.132192664398469,23.033964,58.308486,9.04175324746962,37.43193340998147,314.5646880286398,3.6585303830088227,0.0024933781488754923,3.8094432476061377
2026-07-15T12:18:18+03:00,13.46,293.78,-24.997289164865123,12.79152,350.99967487509366,340.90988810283983,0.02417881895452074,4.16016,4.704479999999999,-0.9052733163067008,,12.776958831417359,23.033953,58.308525,9.190748966265792,36.024621659811345,314.9750532152823,3.364589020486131,0.0023697954229674055,3.811813043029105
2026-07-15T12:18:20+03:00,13.53,293.78,-24.997289164865123,12.79152,352.9992975801002,340.44006271083254,-0.2967921378777664,4.43232,4.74336,-0.9281916281119336,,12.857172922735671,23.033945,58.308562,8.972063611577152,37.046862122737,315.9524354573632,3.5376252680543803,0.0022382867308493536,3.8140513297599545
2026-07-15T12:18:22+03:00,13.53,293.78,-24.000342601337486,12.49992,348.9943225921357,339.9988852085818,-0.24069956973445883,4.4712,4.510079999999999,-0.9797578296737078,,13.395753250158648,23.033934,58.308602,8.609555365602672,36.19498264642692,312.79933994570877,3.6083121795844906,0.0024292698273838268,3.8164805995873383
2026-07-15T12:18:24+03:00,13.53,293.78,-24.997289164865123,12.59712,349.9969987336147,339.27122880876567,-0.08382372542763944,4.393439999999999,4.548959999999999,-1.082890232797256,,14.392699813686278,23.033922,58.308638,8.812995263484837,37.15841499910121,312.83858373451346,3.501433389071742,0.0021968050372322603,3.8186774046245704
2026-07-15T12:18:26+03:00,13.53,293.78,-25.99996530634406,12.49992,351.9966214386213,338.90453581988197,-0.1901646922039202,4.68504,4.52952,-1.105808544602489,,14.753663224618698,23.033916,58.308675,8.539677452515946,39.91595836230803,312.0806630763133,3.593362252441359,0.0022320411689450816,3.8209094457935153
2026-07-15T12:18:28+03:00,13.53,293.78,-24.997289164865123,12.59712,345.9977533236015,338.2055273098223,-0.4551003766724129,4.78224,4.5684000000000005,-1.1516451682129547,,15.309432285895596,23.033896,58.308721,8.506376286369186,38.74043294307933,307.2573203805222,3.7300945323324375,0.0028361632778038225,3.8237456090713193
2026-07-15T12:18:30+03:00,13.53,293.78,-25.99996530634406,12.59712,351.9966214386213,337.901859678403,0.9316293748827186,4.04352,4.45176,-0.8766254265501595,,12.587882759024186,23.033884,58.308756,9.136423910417301,37.186878896659636,314.80974254196167,3.2213444237213866,0.002137623175647879,3.825883232246967
2026-07-15T12:18:32+03:00,13.68,293.78,-29.002264152829575,12.49992,345.9977533236015,340.67497540683615,0.8279813097435528,4.02408,4.393439999999999,-0.8078704911344607,,12.032113697747286,23.033869,58.308797,9.189952046092456,41.25959564944674,304.73815767415476,3.02501913348731,0.0025095214820697715,3.828392753729037
2026-07-15T12:18:34+03:00,13.68,293.78,-29.002264152829575,12.091679999999998,355.9958668486344,341.5057642097759,-0.5987408959117102,4.1796,4.41288,-0.9797578296737078,,13.911415265776387,23.033856,58.308836,8.676173214577103,42.509343201413515,313.4865236472209,3.0810638567720616,0.0023798717302879325,3.830772625459325
2026-07-15T12:18:36+03:00,13.68,293.78,-29.002264152829575,11.89728,355.9958668486344,340.1421246573645,-0.9132374296590191,4.14072,4.35456,-1.1229972784564135,,15.42402384492176,23.033854,58.308872,8.515832664439797,42.638076403666076,313.3577904449684,3.0461086634487717,0.002164799187290116,3.832937424646615
2026-07-15T12:18:38+03:00,13.68,293.78,-29.002264152829575,12.091679999999998,348.9943225921357,339.47176403706146,-0.41631113394205616,3.9851999999999994,4.4712,-1.082890232797256,,15.057330856038034,23.033845,58.308903,8.820456685729832,41.65603779729162,307.33828479484407,2.977535739308358,0.001884886867425638,3.8348223115140407
2026-07-15T12:18:40+03:00,13.68,293.79,-29.002264152829575,11.89728,347.9973760286081,338.27428224523806,-0.6217737992759693,4.510079999999999,4.49064,-1.0026761414789407,,14.32967445622189,23.033833,58.308946,8.247909571229293,44.3763493881647,303.62102664044335,3.2236312145271646,0.0026122603962679346,3.8374345719103085
2026-07-15T12:18:42+03:00,13.68,293.8,-29.002264152829575,11.99448,345.9977533236015,337.8560230547925,0.13206677177765477,4.33512,4.5684000000000005,-0.9281916281119336,,13.602018056405743,23.03382,58.308987,8.467981703716456,43.37401810800813,302.62373521559334,3.1511387712435184,0.00249837107608841,3.8399329429863966
2026-07-15T12:18:44+03:00,13.68,293.8,-27.99958801135063,12.091679999999998,350.99967487509366,337.3117131494182,-0.20368649616900766,4.257359999999999,4.52952,-0.865166270647543,,12.880091234540906,23.033804,58.309024,8.568991687272918,41.48783680560004,309.5118380694936,3.189172922026831,0.0022806509356164224,3.842213593922013
2026-07-15T12:18:46+03:00,13.68,293.8,-25.99996530634406,12.20832,350.99967487509366,337.10544834317113,0.586708782213963,4.23792,4.6655999999999995,-0.865166270647543,,12.971764481761836,23.03379,58.309062,8.602302736839983,38.471998815310855,312.52767605978283,3.3179196702349913,0.002326480752714797,3.8445400746747276
2026-07-15T12:18:48+03:00,13.68,293.8,-24.997289164865123,12.20832,349.9969987336147,337.2028511683434,0.155901816055097,4.45176,4.60728,-0.888084582452776,,13.120733508495851,23.033773,58.309108,8.387259038393552,37.95860149556964,312.03839723804504,3.510014158270411,0.0028165823274630855,3.847356657002191
2026-07-15T12:18:50+03:00,13.68,293.8,-24.997289164865123,12.20832,350.99967487509366,337.26587652580776,0.1289155039044352,3.9851999999999994,4.5684000000000005,-0.8021409131831525,,12.375888374825783,23.033746,58.309151,8.759822824472456,36.08121984847668,314.918455026617,3.2207707505573673,0.002721617367857881,3.850078274370049
2026-07-15T12:18:52+03:00,13.68,293.8,-25.99996530634406,12.20832,348.9943225921357,337.22003990219736,0.10267403688744353,4.31568,4.49064,-0.8708958485988514,,13.06343772898277,23.033728,58.309187,8.541560474757576,38.796507698973784,310.1978148931619,3.3635380903680807,0.0022372804788429197,3.8523155548488917
2026-07-15T12:18:54+03:00,13.68,293.8,-25.99996530634406,12.20832,352.9992975801002,336.7444849322387,-0.975861716666818,4.33512,4.4712,-0.9797578296737078,,14.10049133816956,23.033708,58.30923,8.526418102220001,38.87835653777171,314.12094104232847,3.374805543440975,0.0026606683917847957,3.8549762232406763
2026-07-15T12:18:56+03:00,13.68,293.8,-25.99996530634406,11.99448,346.9946998871292,336.01109895447127,-0.4579078698685539,4.35456,4.393439999999999,-0.9912169855763242,,14.26091952080619,23.033686,58.309267,8.303039323902292,39.29144999561467,307.7032498915145,3.370145164880995,0.002329957180088008,3.8573061804207645
2026-07-15T12:18:58+03:00,13.68,293.8,-24.997289164865123,12.091679999999998,347.9973760286081,335.6787834332954,-0.15865201347172497,4.257359999999999,4.4712,-0.40107045659157625,,13.61347721230836,23.033665,58.309306,8.427384275349555,37.32350030183238,310.6738757267757,3.385558523497147,0.002436183775964086,3.8597423641967286
2026-07-15T12:19:00+03:00,13.68,293.8,-24.000342601337486,12.30552,344.9950771821226,334.9625861893819,-0.4487978409259738,4.276800000000001,4.393439999999999,-0.4239887683968092,,14.174975851536567,23.033647,58.309345,8.576741981323337,35.7023914798601,309.2926857022625,3.4730146567271376,0.0024121218949397037,3.862154486091668
2026-07-15T12:19:02+03:00,13.68,293.8,-24.000342601337486,12.402719999999999,345.9977533236015,335.1573918397263,-0.06629121689663625,4.23792,4.43232,-0.4812845479098915,,12.668096850342502,23.033631,58.309386,8.703597889723452,35.42324665473697,310.5745066688645,3.453450056383035,0.0025156708875611893,3.8646701569792294
2026-07-15T12:19:04+03:00,13.68,293.8,-24.000342601337486,12.49992,344.9950771821226,336.22882291662097,0.6680114933430268,4.0629599999999995,4.510079999999999,-0.4297183463481174,,12.163893990627377,23.033605,58.309426,8.942260260271315,34.650122576527025,310.3449546055956,3.3423505770653303,0.002540614742875616,3.867210771722105
2026-07-15T12:19:06+03:00,13.68,293.8,-24.997289164865123,12.20832,342.99545447711597,337.5580850013245,1.1723862403966905,4.33512,4.52952,-0.48701412586119974,,14.140598383828717,23.033576,58.309466,8.479527990582547,37.47382262014534,305.52163185697066,3.4404873083577527,0.002572788148633469,3.869783559870738
2026-07-15T12:19:08+03:00,13.68,293.8,-24.000342601337486,11.99448,346.9946998871292,337.9878033476726,0.2605239094459853,4.02408,4.52952,-0.6875493541569879,,14.255189942854882,23.033564,58.309499,8.477810448414859,35.13201172452966,311.8626881625995,3.2910066204170234,0.002019422514677163,3.8718029823854154
2026-07-15T12:19:10+03:00,13.53,293.79,-24.997289164865123,11.80008,348.9943225921357,337.7987272752794,0.10198648753328653,4.29624,4.510079999999999,-0.7677634454753031,,15.52715624804531,23.033551,58.309537,8.112041899878303,37.92968753514285,311.06463505699287,3.388726707898513,0.00232068666025997,3.8741236690456753
2026-07-15T12:19:12+03:00,13.53,293.79,-24.000342601337486,11.60568,345.9977533236015,337.5065187997627,-0.07213538640697065,4.393439999999999,4.510079999999999,-0.6703606203030631,,16.180328134494445,23.03353,58.309574,7.799557085728973,37.2453277411978,308.7524255824037,3.497403884323001,0.0023207365618651984,3.8764444056075407
2026-07-15T12:19:14+03:00,13.42,293.79,-22.99766645985855,11.39184,347.9973760286081,337.2085807462947,-0.6818770719851928,4.0824,4.548959999999999,-0.7448451336700701,,16.66161268240434,23.03351,58.309612,7.798746255709118,34.79882896418846,313.1985470644196,3.3523071497797208,0.0023697906889308482,3.8788141962964717
2026-07-15T12:19:16+03:00,13.38,293.79,-24.000342601337486,11.10024,349.9969987336147,336.0569355780818,-0.39453873772708487,4.0824,4.393439999999999,-0.6990085100596044,,16.804852131187047,23.033497,58.309651,7.555513286945096,36.695935490576176,313.3010632430385,3.2733419550636254,0.0023798700989778637,3.8811940663954494
2026-07-15T12:19:18+03:00,13.38,293.8,-25.99996530634406,11.00304,345.9977533236015,335.5641918742692,-0.16718908461917423,4.510079999999999,4.548959999999999,-0.6875493541569879,,17.188733853924695,23.033478,58.309692,7.225172057663886,41.88086963229449,304.116883691307,3.3579100943958657,0.0025363925115374428,3.883730458906987
2026-07-15T12:19:20+03:00,13.38,293.8,-24.000342601337486,11.10024,343.998130618595,335.62721723173365,0.3037822229783625,4.35456,4.510079999999999,-0.5958761069360561,,16.180328134494445,23.033464,58.30973,7.339092696665179,37.96571301080985,306.03241760778513,3.4330438200251234,0.002326479167176717,3.8860569380741636
2026-07-15T12:19:22+03:00,13.38,293.79,-24.000342601337486,11.508479999999999,343.998130618595,335.86212992773727,-0.012834254610930441,4.393439999999999,4.52952,-0.590146528984748,,15.813635145610723,23.033445,58.309768,7.704974856242842,37.41093225403981,306.5871983645552,3.489703752757494,0.0023615713393786847,3.888418509413542
2026-07-15T12:19:24+03:00,13.35,293.78,-24.997289164865123,11.702879999999999,346.9946998871292,336.6700004188717,0.2067804682627141,4.43232,4.41288,-0.5156620156177408,,15.223488616625973,23.033429,58.309809,7.910674369909918,38.6931134001826,308.3015864869466,3.4594503683175595,0.002515669674993689,3.8909341790885357
2026-07-15T12:19:26+03:00,13.23,293.78,-24.000342601337486,11.99448,342.99545447711597,336.83042860150834,0.2970213209958188,4.68504,4.68504,-0.5786873730821314,,15.916767548734269,23.033417,58.309848,7.946366875538281,37.87555635141234,305.1198981257036,3.6981179618746656,0.0023746270264547267,3.8933088061149905
2026-07-15T12:19:28+03:00,13.23,293.78,-24.997289164865123,11.99448,343.998130618595,337.09971876521985,0.02154321309691895,4.723920000000001,4.548959999999999,-0.641712730546522,,15.487049202386151,23.033395,58.309889,7.9671926751390085,39.50758886362314,304.49054175497184,3.644694784552705,0.0025604530974462627,3.8958692592124367
2026-07-15T12:19:30+03:00,13.23,293.79,-25.99996530634406,11.80008,347.9973760286081,337.31744272736955,0.30097472978222145,4.723920000000001,4.64616,-0.5213915935690492,,14.094761760218251,23.03338,58.30993,7.832942206272629,41.32973498176179,306.66764104684626,3.5472931351830446,0.002509518618723011,3.8983787778311596
2026-07-15T12:19:32+03:00,13.23,293.78,-27.002641447823002,11.99448,350.99967487509366,337.4549525982009,-0.08525611991546649,4.23792,4.68504,-0.6703606203030631,,15.257866084333822,23.033369,58.309967,8.440793009765972,40.17954421469068,310.820130660403,3.2378828533671977,0.0022509451327195483,3.9006297229638793
2026-07-15T12:19:34+03:00,13.23,293.77,-27.002641447823002,11.89728,350.99967487509366,337.12836665497645,0.4365938398896873,4.374,4.60728,-0.6703606203030631,,14.209353319244416,23.033356,58.310006,8.242916871718352,40.94384956980727,310.05582530528636,3.3039103567343395,0.002379869388389275,3.9030095923522685
2026-07-15T12:19:36+03:00,13.23,293.78,-27.002641447823002,11.99448,347.9973760286081,337.43776386434706,0.5439088349176905,4.23792,4.4712,-0.6359831525952138,,14.42134770344282,23.033344,58.310048,8.440793009765972,40.17954421469068,307.8178318139174,3.2378828533671977,0.0025528015460021345,3.9055623938982706
2026-07-15T12:19:38+03:00,13.23,293.78,-27.002641447823002,11.89728,348.9943225921357,337.91331883430564,-0.02813222774092342,4.14072,4.58784,-0.5557690612768985,,14.472913905004594,23.033324,58.310091,8.420513227281571,39.90359829452217,309.0907242976135,3.176449274841056,0.002660664743982254,3.908223058642253
2026-07-15T12:19:40+03:00,13.23,293.78,-27.002641447823002,11.80008,344.9950771821226,338.11958364055266,0.3693285947413287,4.23792,4.45176,-0.6016056848873644,,14.74793364666739,23.033303,58.31013,8.251630388512902,40.48725078921481,304.50782639290776,3.2231520019013296,0.0024361795715765414,3.9106592382138294
2026-07-15T12:19:42+03:00,13.23,293.76,-27.002641447823002,11.60568,348.9943225921357,338.3201188688485,-0.22620373751764902,4.257359999999999,4.5684000000000005,-0.4526366581533504,,14.169246273585257,23.03329,58.310169,8.048013051207677,40.89983584626941,308.0944867458663,3.2179483116406242,0.002379869062128382,3.913039107275958
2026-07-15T12:19:44+03:00,13.23,293.77,-27.002641447823002,11.702879999999999,346.9946998871292,338.74410763724535,-0.34789997320343585,4.19904,4.45176,-0.4297183463481174,,14.6161533537873,23.033274,58.310209,8.186680548392145,40.4692050244077,306.5254948627215,3.194440326711542,0.002456815049143403,3.915495922325101
2026-07-15T12:19:46+03:00,13.23,293.77,-27.002641447823002,11.60568,349.9969987336147,338.4862766294364,-0.3224606470996273,4.23792,4.510079999999999,-0.6875493541569879,,16.01417037390651,23.03326,58.310247,8.062716925673698,40.80938645708315,309.1876122765316,3.2076307893032556,0.002326477939496202,3.917822400264597
2026-07-15T12:19:48+03:00,13.08,293.77,-29.002264152829575,11.60568,348.9943225921357,337.53516668951926,-0.6337486171942036,4.101839999999999,4.510079999999999,-0.6187944187412892,,14.885443517498786,23.033247,58.310286,8.261162561752833,42.932205227879166,306.06211736425655,3.003203824775307,0.002379868827941662,3.9202022690925387
2026-07-15T12:19:50+03:00,13.08,293.76,-29.002264152829575,11.702879999999999,345.9977533236015,336.6814595747743,-0.2947867855948086,4.02408,4.45176,-0.641712730546522,,14.994305498573642,23.033231,58.310323,8.412783356173414,42.41211408756513,303.5856392360364,2.9710295947065357,0.002280646825656091,3.9224829159181946
2026-07-15T12:19:52+03:00,13.08,293.75,-27.002641447823002,11.702879999999999,347.9973760286081,335.2891721326064,-0.5394970598951833,4.04352,4.4712,-0.664631042351755,,14.444266015248054,23.033216,58.310359,8.305606532382944,39.77286848719078,308.2245075414173,3.1077950919032014,0.0022151066018766545,3.9246980225200714
2026-07-15T12:19:54+03:00,13.08,293.75,-27.99958801135063,11.702879999999999,345.9977533236015,334.45265375171545,0.19560779125766303,4.04352,4.43232,-0.4812845479098915,,12.966034903810531,23.033207,58.310395,8.351257994322502,41.13811098758228,304.8596423360192,3.045279899797348,0.002182458657053572,3.926880481177125
2026-07-15T12:19:56+03:00,13.08,293.75,-27.002641447823002,11.702879999999999,342.99545447711597,334.95685661143057,-0.06440045617270453,4.33512,4.49064,-0.4239887683968092,,12.943116592005296,23.033193,58.310431,8.083639529552878,41.09522703134468,301.9002274457713,3.26702512173818,0.0022085703066651113,3.92908905148379
2026-07-15T12:19:58+03:00,13.08,293.75,-25.99996530634406,11.702879999999999,343.998130618595,334.24638894546837,0.14301026566465347,3.9851999999999994,4.374,-0.4812845479098915,,12.954575747907914,23.033172,58.310472,8.306787020320987,38.14044366180343,305.85768695679155,3.1343569135720157,0.0025520643482598204,3.9316411158320497
2026-07-15T12:20:00+03:00,13.08,293.74,-25.99996530634406,11.508479999999999,343.998130618595,333.9885579376595,-0.3017768706954046,4.1796,4.276800000000001,-0.46982539200727513,,13.940063155532929,23.033151,58.31051,7.9654654540296415,39.298195371903205,304.6999352466918,3.234425919516931,0.0023783955211172975,3.934019511353167
2026-07-15T12:20:02+03:00,13.08,293.74,-25.99996530634406,11.39184,346.9946998871292,333.10047335520665,-0.5915789234725751,4.52952,4.393439999999999,-0.44117750225073393,,14.249460364903573,23.033133,58.310547,7.585234023433927,41.17524878924411,305.81945109788506,3.4093669229684065,0.0022954615113607493,3.936314972864528
2026-07-15T12:20:04+03:00,13.08,293.74,-25.99996530634406,11.60568,345.9977533236015,332.73950994427435,0.31936667500592086,4.723920000000001,4.31568,-0.5156620156177408,,13.716609615431908,23.033113,58.31059,7.6456316619160605,41.71488314101407,304.28287018258743,3.5262426291664735,0.002660662629435232,3.9389756354939633
2026-07-15T12:20:06+03:00,12.93,293.74,-25.99996530634406,11.60568,343.998130618595,332.6134592293455,0.09522558555074283,4.19904,4.35456,-0.4812845479098915,,14.043195558656478,23.033083,58.31063,8.045021561349099,39.22665265173063,304.7714779668644,3.2527880142468786,0.0025841840368609776,3.9415598195308243
2026-07-15T12:20:08+03:00,12.93,293.73,-24.997289164865123,11.39184,342.99545447711597,333.08901419930413,0.24064227395494575,4.1796,4.21848,-0.4812845479098915,,13.241054645473325,23.033058,58.310663,7.806183393300036,38.074037392082886,304.9214170850331,3.2902418933595476,0.002134857747562,3.9436946772783865
2026-07-15T12:20:10+03:00,12.75,293.73,-24.997289164865123,11.80008,344.9950771821226,332.71659163246903,-0.4777895053595934,4.276800000000001,4.1796,-0.4239887683968092,,12.948846169956605,23.033036,58.310698,8.127384289651028,37.84544581762205,307.1496313645006,3.377254748777899,0.0022154905499240604,3.9459101678283104
2026-07-15T12:20:12+03:00,11.77,293.74,-24.997289164865123,11.80008,341.9985079135884,331.55348730835345,-0.8703228908037205,4.101839999999999,4.19904,-0.3495042550298022,,12.966034903810531,23.033018,58.310736,8.26624171387655,37.10139284323347,304.89711507035497,3.2715015130620344,0.0023537439168646672,3.948263911745175
2026-07-15T12:20:14+03:00,11.43,293.74,-24.997289164865123,11.99448,339.9988852085818,330.2414139575039,-0.6621673238326924,3.86856,4.0824,-0.3495042550298022,,11.825848891500192,23.032999,58.310768,8.644282131224834,35.898395196540775,304.100490012041,3.133758223651959,0.0020148362222153168,3.9502787479673906
2026-07-15T12:20:16+03:00,11.28,293.73,-22.99766645985855,12.091679999999998,338.9962090671029,329.46219135612597,-0.3448060011097294,3.9463199999999996,4.04352,-0.3323155211758775,,12.450372888192788,23.032981,58.310802,8.598372649838845,33.327427398296265,305.6687816688066,3.297325771032152,0.0021212220917916054,3.952399970059182
2026-07-15T12:20:18+03:00,11.06,293.73,-22.99766645985855,11.702879999999999,339.9988852085818,328.7230758004072,-0.26172712081576005,3.5964,3.92688,-0.27501974166279514,,10.198648753328653,23.032963,58.310836,8.509130374723174,32.50230209640091,307.4965831121809,3.033095353298233,0.002121221945386624,3.954521192004569
2026-07-15T12:20:20+03:00,10.72,293.73,-22.99766645985855,11.702879999999999,346.9946998871292,328.0641743360068,-0.021715100435458202,3.7519199999999997,4.00464,-0.3609634109324186,,11.911792560769815,23.03294,58.31087,8.378386249513833,33.073780228174115,313.9209196589551,3.1439909126303722,0.002168862769830598,3.9566900547743993
2026-07-15T12:20:22+03:00,10.46,293.74,-22.000719896330917,11.508479999999999,339.9988852085818,328.2589799863512,-0.4819720972640485,3.6741599999999996,3.9074399999999994,-0.2807493196141034,,11.384671389249457,23.032917,58.310903,8.21796101491299,31.642500345329353,308.3563848632524,3.1279521081248727,0.002112320500544818,3.958802375274944
2026-07-15T12:20:24+03:00,10.61,293.74,-20.998043754851974,11.39184,337.99926250357527,328.1558475832277,0.35443169206792724,3.9851999999999994,3.8296799999999998,-0.18907607239317165,,10.11270508405903,23.032892,58.310934,7.80307233215107,31.54318177217843,306.4560807313968,3.3963712925243903,0.002023648193514635,3.9608260234684587
2026-07-15T12:20:26+03:00,10.46,293.73,-20.998043754851974,11.10024,332.9973409520831,328.7459941122125,0.17394998660171793,4.101839999999999,3.7908,-0.1604281826366305,,10.032490992740716,23.032851,58.310975,7.4178731351417415,32.42672779261309,300.57061315947,3.4622723985128476,0.002783753854530862,3.9636097773229895
2026-07-15T12:20:28+03:00,10.08,293.73,-20.998043754851974,10.90584,332.9973409520831,329.3819772648077,0.9237798530894262,3.6741599999999996,3.7908,-0.18334649444186346,,10.599719209920229,23.032819,58.311003,7.5907215268190305,30.986310344298374,302.01103060778473,3.1498218537813454,0.001963022456353502,3.965572799779343
2026-07-15T12:20:31+03:00,9.78,293.73,-20.998043754851974,10.692,333.9942875156107,330.33881678267613,0.492800999592021,3.9463199999999996,3.6352800000000003,-0.3093972093706446,,10.427831871380983,23.032784,58.311036,7.148999106594772,32.40668299772125,301.5876045178895,3.331741515225747,0.0022706376400409034,3.967843437419384
2026-07-15T12:20:33+03:00,9.9,293.73,-22.000719896330917,11.00304,337.99926250357527,330.3846534062866,-0.16741826773722654,3.7908,3.7908,-0.544309905374282,,10.135623395864263,23.032768,58.311067,7.621756261312766,32.738952575530476,305.26030992804476,3.1886060396247755,0.0019306114662648757,3.969774048885649
2026-07-15T12:20:35+03:00,9.63,293.73,-22.99766645985855,11.197439999999999,338.9962090671029,331.1867943194698,-0.026470650135044033,3.6547199999999997,3.7519199999999997,-0.5271211715203573,,10.106975506107721,23.032746,58.311095,7.962271226963873,33.32841592464365,305.66779314245923,3.0536463652975625,0.0018207366585380248,3.971594785544187
2026-07-15T12:20:37+03:00,9.63,293.73,-22.99766645985855,11.00304,339.9988852085818,331.00917740297916,0.07918276728707978,3.44088,3.6352800000000003,-0.5557690612768985,,10.061138882497255,23.032732,58.311126,7.95012287540109,32.73289957960853,307.2659856289732,2.8944697493686498,0.001915056397195709,3.973509841941383
2026-07-15T12:20:39+03:00,9.78,293.73,-22.99766645985855,11.197439999999999,341.9985079135884,333.2609015378433,1.5991825019896406,3.47976,3.5964,-0.5557690612768985,,10.284592422598278,23.03272,58.311158,8.109026235647377,32.649179471703235,309.3493284418852,2.9299218565044485,0.0019604114053467098,3.9754702533467294
2026-07-15T12:20:41+03:00,10.08,293.71,-22.99766645985855,11.00304,342.99545447711597,336.8189694456057,1.6250801943295539,3.5964,3.71304,-0.6302535746439055,,11.310186875882449,23.032699,58.311193,7.819751565081669,33.34906806971611,309.64638640739986,3.0042055269253374,0.002205791220782273,3.9776760445675117
2026-07-15T12:20:43+03:00,10.8,293.72,-24.997289164865123,10.90584,348.9943225921357,338.8071329947097,0.3744852148975061,3.57696,3.888,-0.38961130068895977,,13.785364550847607,23.032682,58.311224,7.8115774567169804,36.15436284087332,312.83995975126237,2.8881465460546525,0.0019391128149531946,3.9796151573824647
2026-07-15T12:20:45+03:00,12.48,293.72,-25.99996530634406,10.90584,349.9969987336147,338.96183159939505,0.05213915935690491,3.5575200000000002,3.8296799999999998,-0.5156620156177408,,14.902632251352712,23.032667,58.311256,7.864535051381217,37.43734386895591,312.5596548646588,2.824736980032475,0.00198090051183872,3.9815960578943033
2026-07-15T12:20:47+03:00,12.48,293.72,-27.002641447823002,10.90584,349.9969987336147,338.90453581988197,0.6324308142654027,3.6547199999999997,3.9851999999999994,-0.9339212060632418,,14.444266015248054,23.032652,58.311291,7.827444554062775,39.24177547831576,310.7552232552989,2.830520182814547,0.002156424555756023,3.9837524824500594
2026-07-15T12:20:49+03:00,12.48,293.72,-27.002641447823002,10.808639999999999,347.9973760286081,340.34265988566034,0.9784973225244199,3.7519199999999997,3.9074399999999994,-0.9453803619658584,,14.541668840420295,23.032641,58.311324,7.657614046800126,39.85602931670877,308.1413467118993,2.8801883853027195,0.0020137333991286617,3.985766215849188
2026-07-15T12:20:51+03:00,12.48,293.72,-29.002264152829575,11.10024,352.9992975801002,341.3396064491879,0.010771606548459475,4.19904,4.19904,-0.4239887683968092,,14.472913905004594,23.032633,58.311359,7.70171322196862,44.330074626917366,308.66922295318284,3.0036826384667377,0.002118880455702273,3.9878850963048906
2026-07-15T12:20:52+03:00,12.48,293.71,-29.999210716357208,11.197439999999999,353.99624414362785,341.35679518304187,0.18615398763800448,4.16016,4.29624,-0.38961130068895977,,14.386970235734971,23.032626,58.311396,7.874298913086553,45.31592135400095,308.68032278962687,2.9254126915855814,0.0022349413407726226,3.990120037645663
2026-07-15T12:20:54+03:00,12.48,293.72,-29.999210716357208,11.00304,353.99624414362785,341.54587125543503,0.04406045444556031,3.96576,4.276800000000001,-0.6073352628386726,,15.538615403947928,23.032619,58.311428,7.823987676127683,44.67978204306607,309.3164621005618,2.819844274706273,0.001936104139902451,3.992056141785566
2026-07-15T12:20:56+03:00,12.48,293.73,-29.002264152829575,10.90584,355.9958668486344,341.247933201967,-1.0666755271950537,4.101839999999999,4.374,-1.0542423430407146,,15.189111148918125,23.032613,58.31147,7.583775896090305,44.20515529392415,311.79071155471024,2.9403952918012646,0.0025316224946782045,3.994587764280244
2026-07-15T12:20:58+03:00,12.48,293.72,-29.002264152829575,11.29464,349.9969987336147,338.3946033822155,-1.4431660943755173,4.64616,4.49064,-0.5557690612768985,,14.335404034173195,23.032606,58.311507,7.573862044992238,46.30533348640992,303.6916652472048,3.2096375282919367,0.002234941272949471,3.9968227055531935
2026-07-15T12:21:00+03:00,12.48,293.72,-27.99958801135063,11.60568,338.9962090671029,335.7876454143702,-1.1123975592464934,4.58784,4.548959999999999,-0.5614986392282068,,14.283837832611423,23.032583,58.31155,7.855865980635264,43.91205857624615,295.0841504908567,3.305103614235685,0.0026847181050701813,3.9995074236582635
2026-07-15T12:21:02+03:00,12.52,293.72,-25.99996530634406,11.508479999999999,344.9950771821226,334.03439456126995,-0.28636430600638546,4.276800000000001,4.5684000000000005,-0.9052733163067008,,13.097815196690618,23.032556,58.311591,7.890486407237726,39.7452264931523,305.2498506889703,3.2884105775782975,0.002607705365827462,4.002115129024091
2026-07-15T12:21:04+03:00,12.48,293.72,-25.99996530634406,11.197439999999999,341.9985079135884,334.13752696439354,0.2174947790316605,4.52952,4.4712,-0.8307888029396938,,12.35297006302055,23.032539,58.311632,7.397787877895926,41.56938384421207,300.42912406937637,3.3887728645658695,0.0025221948766428895,4.004637323900734
2026-07-15T12:21:06+03:00,12.52,293.72,-25.99996530634406,11.197439999999999,346.9946998871292,334.25784810137094,-0.1513181536940504,4.14072,4.41288,-0.7677634454753031,,11.694068598620103,23.032525,58.311668,7.692996457838972,39.6476507051901,307.34704918193904,3.18828340840397,0.002208567212444111,4.006845891113177
2026-07-15T12:21:08+03:00,12.63,293.72,-24.000342601337486,11.60568,340.99583177210945,334.49276079737456,0.1532662101974952,4.29624,4.4712,-0.40107045659157625,,12.868632078638289,23.032503,58.311705,7.877152951971275,36.817426605261545,304.17840516684794,3.4393512368253822,0.002329942905183157,4.00917583401836
2026-07-15T12:21:10+03:00,12.63,293.71,-24.000342601337486,11.508479999999999,340.99583177210945,334.53859742098507,0.11390400967200767,4.49064,4.41288,-0.5328507494716656,,14.008818090948628,23.032477,58.311743,7.6279975968013,37.854488359715845,303.1413434123936,3.5456826170656313,0.0024271416667056623,4.011602975685066
2026-07-15T12:21:12+03:00,12.63,293.71,-24.000342601337486,11.60568,342.99545447711597,334.7219439154269,-0.01082890232797256,4.548959999999999,4.31568,-0.544309905374282,,14.03746598070517,23.03246,58.311783,7.676332269750796,37.94789156204004,305.0475629150759,3.587174976922312,0.0024634968209488197,4.0140664725060144
2026-07-15T12:21:14+03:00,12.48,293.72,-24.997289164865123,11.508479999999999,343.998130618595,334.85372420830697,0.06325454058244288,4.5684000000000005,4.276800000000001,-0.5385803274229739,,14.90836182930402,23.032443,58.311824,7.616718972074242,39.679328471779115,304.31880214681587,3.515977525704765,0.0025221942565356523,4.01658866676255
2026-07-15T12:21:16+03:00,12.48,293.7,-24.000342601337486,11.10024,345.9977533236015,334.6932960256704,-0.3648022281597952,4.23792,4.393439999999999,-0.45836623610465854,,13.985899779143395,23.032427,58.311861,7.431395663563265,37.41247038273954,308.58528294086193,3.366105297560247,0.0022806419596471165,4.018869308722197
2026-07-15T12:21:18+03:00,12.48,293.72,-22.000719896330917,11.508479999999999,344.9950771821226,334.6589185579626,0.0774638939016873,4.510079999999999,4.374,-0.4068000345428845,,13.894226531922463,23.032415,58.311897,7.519109900340847,34.98606905592774,310.0090081261949,3.6950701178125698,0.0021967990158374027,4.021066107738034
2026-07-15T12:21:20+03:00,12.48,293.72,-22.000719896330917,11.39184,344.9950771821226,334.6818368697678,0.2117079053008392,4.52952,4.4712,-0.40107045659157625,,12.788417987319976,23.032392,58.31194,7.389620064064044,35.27570939781535,309.7193677843072,3.697820861572546,0.0026847159390702736,4.023750823677104
2026-07-15T12:21:22+03:00,12.48,293.72,-22.000719896330917,11.508479999999999,345.9977533236015,334.62454109025464,0.26648267051534585,4.548959999999999,4.548959999999999,-0.3036676314193363,,11.573747461642629,23.032374,58.31198,7.487289035502814,35.15666369879912,310.8410896248024,3.7191416989219555,0.002470567948233535,4.026221391625338
2026-07-15T12:21:24+03:00,12.48,293.72,-20.998043754851974,11.89728,342.99545447711597,335.1516622617751,1.0640399213374518,4.374,4.45176,-0.3036676314193363,,10.765876970508168,23.032349,58.31202,7.969394295229316,32.34049618109225,310.6549582960237,3.695522381219537,0.0025305693064176975,4.028751960931755
2026-07-15T12:21:26+03:00,12.33,293.73,-20.00109719132434,11.60568,344.9950771821226,335.3808453798274,-0.13579099744600512,4.21848,4.43232,-0.25210142985756223,,10.765876970508168,23.032331,58.312056,7.7766613780067155,30.693709080009683,314.3013681021129,3.6275060608515277,0.0022372687677885586,4.030989229699544
2026-07-15T12:21:28+03:00,12.48,293.73,-18.998421049845405,11.60568,349.9969987336147,335.30063128850907,0.32400763314648057,3.888,4.33512,-0.26356058576017866,,11.155488271197129,23.032316,58.312094,8.029850117033357,28.067509005871756,321.929489727743,3.4307471844029256,0.0023326787241409147,4.033321908423685
2026-07-15T12:21:30+03:00,12.48,293.73,-20.00109719132434,11.702879999999999,346.9946998871292,335.4725186270484,0.9104872322423911,4.19904,4.33512,-0.22345354010102106,,10.742958658702936,23.032302,58.312129,7.888939825499942,30.49065825633798,316.5040416307912,3.618362737278388,0.0021497082269444777,4.0354716166506295
2026-07-15T12:21:32+03:00,12.48,293.72,-20.00109719132434,11.29464,345.9977533236015,336.83042860150834,1.087874965614894,4.31568,4.16016,-0.395340878640268,,12.3873475307284,23.032285,58.312168,7.388218543933926,31.526053029590912,314.4717002940106,3.6786963793119885,0.002404867613227872,4.037876484263857
2026-07-15T12:21:34+03:00,12.45,293.72,-20.998043754851974,11.29464,344.9950771821226,337.9935329256239,-0.11716986910425335,4.00464,4.23792,-0.38961130068895977,,13.200947599814167,23.032268,58.312206,7.690997092273244,31.751464809410976,313.2436123727116,3.405300658562747,0.0023463144331879204,4.040222798697045
2026-07-15T12:21:36+03:00,12.33,293.72,-20.998043754851974,11.29464,353.99624414362785,337.4836004879575,-0.4409483191326815,4.257359999999999,4.31568,-0.4068000345428845,,13.28689126908379,23.03226,58.312243,7.477282248060548,32.770576182038496,321.22566796158935,3.579778518908004,0.0022382837641507936,4.042461082461196
2026-07-15T12:21:38+03:00,12.26,293.72,-22.000719896330917,11.508479999999999,349.9969987336147,336.48092434647856,0.056550934379412256,4.00464,4.1796,-0.492743703812508,,13.825471596506764,23.032249,58.312282,7.938504298251885,32.89393009288003,317.1030686407347,3.362605717754208,0.002369790015937277,4.044830872477133
2026-07-15T12:21:40+03:00,11.88,293.72,-22.99766645985855,11.702879999999999,346.9946998871292,336.5496792818942,-0.05958761069360561,4.0629599999999995,4.19904,-0.44117750225073393,,13.65358425796752,23.032235,58.312317,8.119518938487323,34.27164813085568,312.7230517562735,3.35753687831803,0.002149707744565058,4.046980580221699
2026-07-15T12:21:42+03:00,11.77,293.72,-22.000719896330917,11.702879999999999,347.9973760286081,336.7215666204335,0.15578722449607085,4.0824,4.276800000000001,-0.5557690612768985,,13.64785468001621,23.032218,58.312357,8.064109982677362,32.93295660145915,315.0644194271489,3.4263880850082313,0.002463494922990636,4.049444075144689
2026-07-15T12:21:44+03:00,11.88,293.73,-22.000719896330917,11.80008,347.9973760286081,336.75021451019006,-0.04108107391088003,4.1796,4.257359999999999,-0.5156620156177408,,13.384294094256031,23.032203,58.312397,8.07803863166018,33.177017998528896,314.8203580300792,3.4982578252531993,0.002450511060180446,4.051894586204869
2026-07-15T12:21:46+03:00,11.73,293.72,-22.99766645985855,11.60568,346.9946998871292,337.12263707702505,0.6579847319282374,3.81024,4.21848,-0.4239887683968092,,13.120733508495851,23.032193,58.312434,8.233959919629465,33.41357871295867,313.5811211741705,3.180473548448637,0.002246286299644793,4.054140872504514
2026-07-15T12:21:48+03:00,11.73,293.72,-22.000719896330917,11.702879999999999,347.9973760286081,337.75289065166896,0.22419838523469113,4.29624,4.31568,-0.6187944187412892,,14.003088512997321,23.032181,58.312473,7.885489536184555,33.77769820675152,314.2196778218565,3.5710387207472007,0.0023746225389277738,4.056515495043442
2026-07-15T12:21:50+03:00,11.58,293.72,-20.998043754851974,11.702879999999999,347.9973760286081,338.19406815391966,0.549867595987051,4.04352,4.23792,-0.3323155211758775,,12.914468702248755,23.032168,58.31251,8.059199479869548,31.35539561412716,316.64198041448094,3.452988735834796,0.0022615454740885794,4.058777040517531
2026-07-15T12:21:52+03:00,11.58,293.72,-22.000719896330917,11.702879999999999,349.9969987336147,338.76129637109926,-0.3744852148975061,3.8296799999999998,4.14072,-0.4068000345428845,,13.046248995128847,23.032162,58.312544,8.277360070214582,31.981879831053135,318.01511890256154,3.24839448833009,0.002052423987775264,4.060829464505306
2026-07-15T12:21:54+03:00,11.43,293.72,-22.000719896330917,11.89728,351.9966214386213,338.7899442608558,0.7744097558988207,4.101839999999999,4.23792,-0.29793805346802804,,11.780012267889726,23.032154,58.312578,8.238707884374335,32.750061918368885,319.2465595202524,3.4498050669182727,0.0020592127846428615,4.0628886772899495
2026-07-15T12:21:56+03:00,11.43,293.73,-22.000719896330917,11.60568,350.99967487509366,341.02447966186594,0.8555405796893453,4.35456,4.16016,-0.7276563998161455,,11.562288305740012,23.032144,58.312613,7.742036412789397,34.16447972238271,316.835195152711,3.603088688634971,0.002127331218393108,4.065016008508342
2026-07-15T12:21:58+03:00,11.4,293.72,-20.998043754851974,11.60568,353.99624414362785,343.1215051920448,0.7357924005070032,4.31568,4.21848,-0.8594366926962348,,13.069167306934078,23.032136,58.312649,7.732807327295758,32.53426443633737,321.4619797072905,3.6384202306641065,0.0021785702425956414,4.0671945787509385
2026-07-15T12:22:00+03:00,11.43,293.72,-22.99766645985855,11.508479999999999,356.9985429901134,344.65130250504404,0.5096459587688672,4.101839999999999,4.23792,-0.9453803619658584,,14.031736402753861,23.032128,58.312686,7.896967806082493,34.706246993552014,322.2922959965614,3.3720486965563987,0.0022382834071406643,4.069432862158079
2026-07-15T12:22:02+03:00,11.51,293.72,-24.997289164865123,11.39184,355.9958668486344,345.0924800072948,0.11665420708863562,3.92688,4.31568,-0.9912169855763242,,14.70782660100823,23.032126,58.312715,8.006645157122321,36.95872016641627,319.0371466822181,3.1378476498631995,0.0017442671980014823,4.071177129356081
2026-07-15T12:22:04+03:00,11.43,293.72,-24.997289164865123,11.508479999999999,356.9985429901134,346.0550491031146,0.1652983238952425,4.510079999999999,4.276800000000001,-0.641712730546522,,15.721961898389788,23.032123,58.312756,7.661694279602531,39.40086305559754,317.59767993451584,3.485047113670282,0.0024662360092718542,4.073643365365353
2026-07-15T12:22:06+03:00,11.58,293.71,-27.002641447823002,11.60568,358.9981656951199,346.6451956320994,-0.20609291890855713,4.16016,4.393439999999999,-0.6875493541569879,,16.650153526501725,23.032121,58.312792,8.121731533367084,40.4508706358929,318.547295059227,3.165726035479544,0.0021647989831320245,4.0758081643484845
2026-07-15T12:22:08+03:00,11.58,293.71,-27.002641447823002,11.508479999999999,0.0,346.74259845727164,0.1603708868571174,4.393439999999999,4.62672,-0.8193296470370772,,17.967956455302616,23.032111,58.312833,7.851606652104156,41.720393265132174,318.2796067348678,3.2792695902330724,0.0024845596032078395,4.078292723951693
2026-07-15T12:22:10+03:00,11.88,293.71,-27.002641447823002,11.80008,357.99548955364094,346.63373647619676,-0.30567298370229423,4.64616,4.52952,-0.8078704911344607,,18.11692548203663,23.032106,58.312874,7.94556568571752,42.39897479282723,315.5965147608137,3.431037722887102,0.0024694675723839613,4.080762191524077
2026-07-15T12:22:12+03:00,11.73,293.71,-27.002641447823002,12.30552,357.99548955364094,346.2613139093618,-0.006760901982543714,4.16016,4.704479999999999,-0.6589014644004466,,16.03708868571174,23.032106,58.312915,8.803886855080512,39.391570214558755,318.60391933908215,3.2150837703617268,0.002464416372656413,4.083226607896733
2026-07-15T12:22:14+03:00,11.73,293.71,-29.002264152829575,12.79152,358.9981656951199,346.6222773202941,0.6408532938538258,4.14072,4.52952,-0.7219268218648373,,15.830823879464644,23.032103,58.312953,9.387235009097,41.351230688202975,317.6469350069169,3.1083295890339775,0.002286056373898541,4.085512664270631
2026-07-15T12:22:16+03:00,11.66,293.71,-29.002264152829575,12.69432,0.0,347.53900979250346,0.4514907425630887,5.19048,4.723920000000001,-0.888084582452776,,17.03976482719068,23.032101,58.312996,8.534205159492124,46.15265943141304,313.84734056858696,3.595649435462498,0.0025854030769641256,4.0880980673475955
2026-07-15T12:22:18+03:00,11.58,293.71,-27.99958801135063,12.402719999999999,357.99548955364094,347.43587738937987,0.238751513231014,5.20992,4.60728,-0.590146528984748,,16.214705602202297,23.032099,58.313045,8.17698772553416,45.40416508201554,312.5913244716254,3.6578915571599375,0.0029459549554322123,4.091044022303028
2026-07-15T12:22:20+03:00,11.58,293.7,-27.002641447823002,12.30552,356.9985429901134,347.9744577168029,0.6052726147762016,4.97664,4.80168,-0.5557690612768985,,13.79682370675022,23.032093,58.313091,8.18929775779055,43.01920279536165,313.9793401947517,3.6385463551104924,0.002771437027339081,4.093815459330367
2026-07-15T12:22:22+03:00,11.43,293.71,-29.999210716357208,12.20832,354.99892028510675,349.7850043494163,0.5609829772125889,4.93776,4.78224,-0.5385803274229739,,15.893849236929034,23.032089,58.313134,8.307385849509926,47.287748916394065,307.7111713687127,3.3493655381039718,0.0025877154859187982,4.0964031748162855
2026-07-15T12:22:24+03:00,11.43,293.72,-29.999210716357208,11.89728,0.9969465635276323,350.0256466233712,-0.006359831525952138,4.4712,4.82112,-0.8766254265501595,,18.271624086721953,23.032095,58.313175,8.330637453398738,45.565460008034734,315.4314865554929,3.1302599513049483,0.0024716867064611056,4.098874861522747
2026-07-15T12:22:26+03:00,11.28,293.72,-31.00188685783615,11.702879999999999,0.9969465635276323,349.928243798199,-0.3838244269581385,4.548959999999999,4.74336,-0.8823550045014679,,19.142519935320802,23.0321,58.313215,8.147885696612315,47.713893295333605,313.283053268194,3.0606910642154537,0.0024094857685770603,4.101284347291324
2026-07-15T12:22:28+03:00,11.06,293.71,-29.002264152829575,12.091679999999998,3.9992454100131463,348.08904927582904,-1.0847236977416745,4.74336,5.01552,-0.9682986737710912,,17.973686033253923,23.032108,58.313256,8.269366716624768,45.149677889648444,318.8495675203647,3.345288529020559,0.002477326600338488,4.103761673891663
2026-07-15T12:22:30+03:00,10.83,293.71,-27.002641447823002,12.49992,3.9992454100131463,344.73151659636244,-3.3524906508694734,4.257359999999999,4.91832,-1.088619810748564,,17.67001840183459,23.03212,58.313296,8.9186636021698,39.51990701389292,324.4793383961202,3.284142557741482,0.002433977731793557,4.106195651623456
2026-07-15T12:22:32+03:00,10.2,293.71,-24.997289164865123,12.79152,357.99548955364094,336.77886239994666,-4.838170213643697,4.62672,4.78224,-0.8766254265501595,,15.956874594393428,23.032115,58.313336,8.81768245747198,37.80790865370531,320.1875808999356,3.6554345397505354,0.002409485732428886,4.108605137355885
2026-07-15T12:22:34+03:00,9.93,293.71,-22.99766645985855,13.00536,346.9946998871292,324.27119373224076,-8.752675165756996,4.374,4.80168,-0.9740282517223995,,12.083679899309063,23.032099,58.313377,9.140174973103628,33.77339164077523,313.22130824635394,3.6358556803470803,0.0025156594410365037,4.111120796796921
2026-07-15T12:22:36+03:00,10.23,293.7,-18.998421049845405,13.10256,336.99658636209637,305.0312709717477,-9.796546972705842,3.6547199999999997,4.68504,-0.544309905374282,,4.950355349930313,23.032074,58.313412,9.720012186468468,26.029266947830735,310.9673194142656,3.2840217761753525,0.00224697136072795,4.11336776815765
2026-07-15T12:22:38+03:00,10.23,293.7,-10.999930229819109,12.908159999999999,316.9946297340793,285.70540454198505,-9.334112736255754,4.21848,4.723920000000001,-0.4640958140559668,,3.4835833943954055,23.032027,58.313443,8.80405681218033,16.24557406995109,300.7490556641282,4.050042284168329,0.0023820311473551283,4.1157497993050045
2026-07-15T12:22:40+03:00,10.31,293.7,3.9992454100131463,12.402719999999999,296.9984026840135,266.6774761656904,-9.423666039634703,4.257359999999999,4.374,0.6589014644004466,,-3.6554707329346523,23.031955,58.313466,8.161129987159011,6.084270504092984,303.08267318810647,4.233378629565726,0.0026606204465049904,4.11841041975151
2026-07-15T12:22:42+03:00,10.61,293.7,16.99965778153153,11.29464,277.99912219747546,255.93451750698745,-2.070497584264256,4.45176,3.9851999999999994,0.47555496995858326,,-7.94119504051321,23.031877,58.313477,7.156739099491532,27.477928026576365,305.4770502240518,3.949550927308887,0.002549897940145785,4.120960317691655
2026-07-15T12:22:44+03:00,10.68,293.69,24.99814860155782,10.303199999999999,256.9944894279795,254.78860191672578,-1.8851457375394347,4.29624,4.16016,0.7734930234266114,,-8.422479588423101,23.031804,58.313471,6.6616015241829984,40.81353392497047,297.80802335294993,3.2515692418810516,0.0023328651825844137,4.12329318287424
2026-07-15T12:22:46+03:00,10.83,293.69,33.00236899953541,10.303199999999999,257.9971655694584,250.57736212251422,-0.5870525568910414,4.393439999999999,4.29624,0.7964113352318443,,-10.874738951583025,23.031724,58.313462,7.037963953800257,52.87996611374993,310.8771316832083,2.6513831866996402,0.002583111940835397,4.125876294815075
2026-07-15T12:22:48+03:00,10.95,293.69,37.998560973076195,10.303199999999999,253.99792015944524,254.71411740335876,1.8593053409790345,4.35456,4.1796,0.6589014644004466,,-12.880091234540906,23.031647,58.31345,7.3761174153482,59.31077490689019,313.3086950663354,2.2224855893138757,0.002535857063012472,4.128412151878088
2026-07-15T12:22:50+03:00,11.13,293.7,39.998183678082775,10.692,253.99792015944524,259.6931206430456,2.7402279509926752,4.52952,4.5684000000000005,0.4812845479098915,,-13.006141949469686,23.03158,58.31344,7.786844495683008,61.95379765812349,315.95171781756875,2.1297051320364178,0.0021991235452526784,4.13061127542334
2026-07-15T12:22:52+03:00,11.43,293.69,37.998560973076195,10.808639999999999,260.9994644159439,265.2851887235224,2.751801698454318,4.41288,4.548959999999999,0.5213915935690492,,-13.080626462836694,23.031512,58.313432,7.81836755115315,58.33202610863958,319.3314905245835,2.316744342937188,0.002200148958483386,4.132811424381823
2026-07-15T12:22:54+03:00,11.58,293.69,33.00236899953541,11.197439999999999,267.99527909449125,267.6515044174128,1.248646922928603,4.548959999999999,4.723920000000001,0.8766254265501595,,-12.393077108679705,23.03143,58.313432,7.787153548927663,51.555127115970436,319.5504062104617,2.828367567215188,0.002588978715038389,4.135400403096861
2026-07-15T12:22:56+03:00,11.73,293.7,33.99931556306306,11.10024,272.99720064598336,269.2042200422173,0.4803105196581691,4.62672,4.68504,0.47555496995858326,,-9.534017710976897,23.031352,58.313436,7.711436312962356,53.60223182367979,326.59943246966316,2.7454379684852506,0.0024743956682258443,4.137874798765087
2026-07-15T12:22:58+03:00,11.73,293.7,33.00236899953541,10.808639999999999,275.99949949246883,270.3444060545276,-0.26917557215246074,4.52952,4.74336,0.7792226013779195,,-10.135623395864263,23.031272,58.313444,7.431437942874148,52.39154392402756,328.39104341649636,2.764194334678183,0.002571197565199577,4.140445996330286
2026-07-15T12:23:00+03:00,11.88,293.7,31.002746294528848,10.5948,275.99949949246883,271.4158371314223,-0.7155096945593721,4.49064,4.74336,0.5672282171795151,,-9.258997969314102,23.031191,58.31345,7.131223228276884,49.929139755754335,325.92863924822313,2.8907799811538446,0.0025827087816809235,4.143028705111967
2026-07-15T12:23:02+03:00,11.88,293.7,31.002746294528848,10.5948,280.99569146600965,270.3214877427224,-0.3017195749158915,4.60728,4.60728,0.6589014644004466,,-9.940817745519782,23.031111,58.313457,7.056702562635638,50.65388040783674,331.6495718738464,2.921031928026596,0.0025606362464907577,4.145589341358458
2026-07-15T12:23:04+03:00,11.88,293.7,31.002746294528848,10.692,278.9960687610031,269.88603981842294,0.23938176680565795,4.58784,4.74336,0.4526366581533504,,-10.846091061826483,23.03103,58.313462,7.160725455878689,50.27204199632027,329.26811075732337,2.932286633434254,0.0025750024687345467,4.148164343827193
2026-07-15T12:23:06+03:00,12.03,293.7,31.002746294528848,11.00304,274.9968233509899,270.64807368594694,0.25192954251902294,4.548959999999999,4.859999999999999,0.7276563998161455,,-11.046626290122273,23.03094,58.313468,7.480364671203575,49.25673877303748,324.25356212402744,2.9689726703299004,0.00286435425691932,4.1510286980841125
2026-07-15T12:23:08+03:00,12.03,293.7,33.00236899953541,11.00304,276.9964460559965,271.559076580205,0.2863070102268723,4.52952,4.859999999999999,0.7276563998161455,,-11.075274179878813,23.03086,58.313473,7.615086105016211,51.905959202071614,328.90240525806814,2.7945055930722438,0.0025436472537852845,4.153572345337897
2026-07-15T12:23:10+03:00,12.03,293.69,31.999692858056477,11.39184,274.9968233509899,272.56175272168394,0.8453419309360166,4.5684000000000005,4.7628,0.6359831525952138,,-10.937764309047413,23.030786,58.313477,7.897781090766762,49.849590233520075,324.84641358451,2.9456877402137316,0.0023487310006848343,4.155921076338582
2026-07-15T12:23:12+03:00,12.03,293.7,31.999692858056477,11.39184,278.9960687610031,273.4612964600393,0.7326984284132968,4.704479999999999,4.89888,0.716197243913529,,-10.720040346897703,23.03071,58.313479,7.810729789937134,50.61260496473744,329.6086737257405,2.985277171146641,0.002402547600809083,4.158323623939391
2026-07-15T12:23:14+03:00,12.03,293.68,33.00236899953541,11.508479999999999,277.99912219747546,274.69888529752194,0.05059217331005169,4.60728,4.7628,0.739115555718762,,-11.413319279005997,23.030625,58.313486,8.045944486202972,51.175646584027135,329.1747687815026,2.8884651339966645,0.002716476646112052,4.161040100585503
2026-07-15T12:23:16+03:00,12.18,293.69,31.002746294528848,11.39184,281.99836760748855,274.5671050046418,-0.06732254092787174,4.548959999999999,4.7628,0.6302535746439055,,-8.594366926962348,23.030551,58.313494,7.850543866302605,48.36788587970267,330.3662534871912,3.0220799549271367,0.00238536238058537,4.163425462966089
2026-07-15T12:23:18+03:00,12.26,293.7,31.999692858056477,11.10024,279.998744902482,274.7160740313758,0.5493519339714332,4.393439999999999,4.80168,0.544309905374282,,-8.686040174183281,23.030476,58.313502,7.733158638003123,49.521002524468315,329.5197474269503,2.8520862281746893,0.0024162949161805514,4.165841757882269
2026-07-15T12:23:20+03:00,12.33,293.69,30.0000701530499,11.197439999999999,279.998744902482,275.2431952028961,0.39723163936419975,4.5684000000000005,4.7628,0.5958761069360561,,-10.233026221036504,23.0304,58.313509,7.592826224626526,47.50796645760025,327.50671136008225,3.0858979601188405,0.002436146180255873,4.168277904062525
2026-07-15T12:23:22+03:00,12.3,293.69,28.997394011570965,11.197439999999999,278.9960687610031,275.9250149791019,0.5249439318988602,4.4712,4.68504,0.49847328176381617,,-9.814767030591003,23.030324,58.313514,7.602280879205459,45.56294849624666,324.5590172572497,3.1303998960007857,0.002418283638344921,4.17069618770087
2026-07-15T12:23:24+03:00,12.33,293.69,30.0000701530499,11.508479999999999,281.99836760748855,274.02852467721885,-1.3416379730783357,4.257359999999999,4.74336,0.693278932108296,,-9.155865566190554,23.030251,58.313522,8.105995981803039,45.22482924691761,327.2231968544062,2.9985721059400197,0.002354444519292869,4.173050632220163
2026-07-15T12:23:26+03:00,12.33,293.69,31.002746294528848,11.508479999999999,277.99912219747546,272.3382991815829,0.47509660372247864,4.510079999999999,4.6655999999999995,0.5385803274229739,,-9.665798003856988,23.030173,58.313532,7.987952771022452,47.9097393661373,325.90886156361273,3.0231088125057064,0.002534973132748651,4.175585605352912
2026-07-15T12:23:28+03:00,12.33,293.7,31.002746294528848,11.39184,275.99949949246883,274.292085262979,0.8517017624619687,4.31568,4.6655999999999995,0.5271211715203573,,-11.023707978317038,23.030095,58.313538,8.007420866928943,47.12018661366801,323.11968610613684,2.936659416598658,0.0024889471740876306,4.178074552526999
2026-07-15T12:23:30+03:00,12.33,293.7,31.999692858056477,11.60568,280.99569146600965,274.7676402329376,-0.34984802970688067,4.43232,4.704479999999999,0.6016056848873644,,-10.760147392556862,23.030016,58.313543,8.1908265713036,48.66341006120669,329.6591015272163,2.9274644836726447,0.002512293399169058,4.180586845926168
2026-07-15T12:23:32+03:00,12.48,293.7,31.999692858056477,11.508479999999999,282.99531417101616,274.03425425517014,-0.00028647889756541165,4.723920000000001,4.704479999999999,0.5786873730821314,,-8.898034558381685,23.029937,58.313554,7.908964421694911,50.451752262035455,333.44706643305165,3.00785102723777,0.0025803986740670784,4.183167244600235
2026-07-15T12:23:34+03:00,12.48,293.69,31.002746294528848,11.197439999999999,278.9960687610031,273.3123274333053,0.12547775713365028,4.52952,4.60728,0.4354479242994257,,-9.906440277811933,23.02986,58.31356,7.678042255297678,48.692427799750305,327.6884965607534,2.989940451121108,0.00245771032283865,4.185624954923074
2026-07-15T12:23:36+03:00,12.48,293.7,31.999692858056477,11.29464,278.9960687610031,272.693533014564,-0.4752684910610179,4.49064,4.68504,0.7276563998161455,,-10.588260054017612,23.029785,58.313566,7.855455317739744,49.63338797677096,328.62945673777403,2.9084798412514026,0.002395265801378256,4.188020220724452
2026-07-15T12:23:38+03:00,12.33,293.7,31.999692858056477,11.29464,278.9960687610031,271.89139210138086,0.1439269981368628,4.510079999999999,4.704479999999999,0.739115555718762,,-10.880468529534333,23.029708,58.31357,7.842878482171442,49.74159381093966,328.73766257194274,2.914575837239959,0.0024429649206078098,4.19046318564506
2026-07-15T12:23:40+03:00,12.33,293.7,33.00236899953541,11.508479999999999,275.99949949246883,271.96587661474786,0.8702082992446942,4.43232,4.704479999999999,0.8021409131831525,,-12.582153181072878,23.029633,58.313573,8.156772010729783,50.21814248104869,326.2176419735175,2.8360926131142223,0.002374814992725665,4.192838000637785
2026-07-15T12:23:42+03:00,12.33,293.69,33.00236899953541,11.60568,277.99912219747546,273.4040006805262,0.14432806859345437,4.64616,4.80168,0.8021409131831525,,-12.582153181072878,23.02955,58.313579,8.11392068564806,51.17546593160955,329.174588129085,2.912851779992298,0.0026452411342483707,4.195483241772034
2026-07-15T12:23:44+03:00,12.37,293.7,33.99931556306306,11.702879999999999,277.99912219747546,273.1347105168147,0.8403571981183785,4.64616,4.723920000000001,0.7505747116213785,,-11.762823534035801,23.02947,58.313585,8.269716183089132,52.30971614943141,330.3088383469069,2.840629034889292,0.002551439483816312,4.19803468125585
2026-07-15T12:23:46+03:00,12.67,293.69,33.99931556306306,11.80008,276.9964460559965,274.1717641260015,0.7843219257545839,4.548959999999999,4.78224,0.7047380880109125,,-11.006519244463114,23.029388,58.313592,8.422107688546516,51.5786856415539,328.57513169755043,2.826902407818972,0.0026229345033978147,4.200657615759248
2026-07-15T12:23:48+03:00,12.78,293.68,31.999692858056477,11.80008,280.99569146600965,275.6098881917799,-0.3463529871565827,4.52952,4.80168,0.6589014644004466,,-9.768930406980537,23.029313,58.313599,8.312881690418665,48.782214107870516,329.77790557388016,2.9846048834241863,0.002405048054345287,4.203062663813593
2026-07-15T12:23:50+03:00,12.9,293.69,31.999692858056477,11.60568,282.99531417101616,275.203088157237,0.8354297610802534,4.78224,4.859999999999999,0.664631042351755,,-9.872062810104085,23.029224,58.313609,7.964045959929927,50.55394754432169,333.5492617153378,3.038402907041338,0.0028735440941066357,4.205936207907699
2026-07-15T12:23:52+03:00,12.93,293.7,31.002746294528848,11.702879999999999,282.99531417101616,275.7875051082704,0.07494287960311168,4.723920000000001,4.89888,0.6531718864491385,,-10.07832761635118,23.029138,58.313621,8.031263070294345,48.63852999078301,331.6338441617992,3.1216007485288717,0.002809426959791459,4.2087456348674905
2026-07-15T12:23:54+03:00,12.93,293.69,31.002746294528848,11.80008,279.998744902482,275.7473980626113,-0.20637939780612255,4.60728,4.996079999999999,0.6703606203030631,,-10.582530476066307,23.029053,58.313629,8.201805845483033,47.821218088010085,327.81996299049206,3.0935406687874214,0.002726422820404488,4.211472057687895
2026-07-15T12:23:56+03:00,12.78,293.68,31.002746294528848,11.99448,278.9960687610031,275.83907130983226,-0.19698288996597704,4.704479999999999,4.87944,0.693278932108296,,-11.126840381440589,23.02897,58.313638,8.322641025128272,47.92987075491257,326.9259395159156,3.1521883863808213,0.002675791568842167,4.2141478492567375
2026-07-15T12:23:58+03:00,12.93,293.69,31.002746294528848,12.20832,282.99531417101616,276.31462627979084,0.17119978918509,4.957199999999999,5.03496,0.7047380880109125,,-11.659691130912252,23.028882,58.313648,8.358823938685578,48.78904811586614,331.7843622868823,3.2659682836340873,0.0028426744678874726,4.216990523724625
2026-07-15T12:24:00+03:00,13.08,293.69,31.002746294528848,12.20832,283.9979903124951,276.35473332544996,0.08067245755441992,4.957199999999999,4.97664,0.716197243913529,,-11.28153898612591,23.028803,58.313657,8.358823938685578,48.78904811586614,332.78703842836126,3.2659682836340873,0.00255223494732157,4.219542758671946
2026-07-15T12:24:02+03:00,13.12,293.7,31.999692858056477,12.402719999999999,282.99531417101616,276.13700936330025,-0.3516241988717862,4.78224,5.01552,0.7047380880109125,,-11.229972784564136,23.028717,58.313666,8.72334564604181,48.88791123028233,331.8832254012985,3.1444864703587854,0.0027686179563121047,4.222311376628259
2026-07-15T12:24:04+03:00,13.23,293.69,31.999692858056477,12.402719999999999,284.9949368760228,276.50370235218395,-0.24717399281943714,4.7628,4.91832,0.664631042351755,,-11.264350252271985,23.028638,58.313673,8.736140389234974,48.79185194912057,333.7867888251434,3.137715754060716,0.002529482801544302,4.224840859429803
2026-07-15T12:24:06+03:00,13.23,293.69,31.999692858056477,12.49992,283.9979903124951,277.31730242126974,0.30744915286719976,4.78224,4.89888,0.7104676659622208,,-11.464885480567773,23.028558,58.313682,8.816398953728054,48.704404213840036,332.7023945263352,3.156010201533095,0.002583097206260277,4.227423956636064
2026-07-15T12:24:08+03:00,13.38,293.69,31.002746294528848,12.402719999999999,282.99531417101616,278.1423616462581,0.638847941570868,4.7628,4.91832,0.6531718864491385,,-11.470615058519082,23.028477,58.313692,8.67444683132028,47.43072356385389,330.4260377348701,3.2219444545543316,0.0026270751594644178,4.230051031795528
2026-07-15T12:24:10+03:00,13.38,293.7,30.0000701530499,12.30552,281.99836760748855,278.82418142246377,-0.37099017234720805,4.78224,4.97664,0.5385803274229739,,-11.144029115294511,23.0284,58.313702,8.50694273410264,46.324698340115646,328.32306594760416,3.302474821315774,0.002504300549945715,4.232555332345474
2026-07-15T12:24:12+03:00,13.53,293.69,30.0000701530499,12.20832,282.99531417101616,278.2684123611869,-0.0009167324722093171,4.78224,5.0544,0.48701412586119974,,-11.522181260080856,23.028316,58.313713,8.41370575300358,46.51074896142188,329.50606313243804,3.2912259432714017,0.0027332801591754396,4.235288612504649
2026-07-15T12:24:14+03:00,13.53,293.7,28.997394011570965,12.20832,283.9979903124951,278.29706025094345,0.026814424812122525,4.6655999999999995,4.84056,0.395340878640268,,-11.734175644279262,23.028237,58.313722,8.436422220714263,44.54818947374281,328.54617978623793,3.3249896999280817,0.002552230467406445,4.237840842972056
2026-07-15T12:24:16+03:00,13.53,293.7,28.997394011570965,12.20832,282.99531417101616,278.80126311065857,0.3022352369315093,4.704479999999999,4.91832,0.3666929888837269,,-11.814389735597574,23.028149,58.313733,8.408758207414422,44.73403451375697,327.72934868477313,3.3419756624517385,0.0028559819560250933,4.240696824928081
2026-07-15T12:24:18+03:00,13.68,293.7,28.997394011570965,12.20832,286.9945595810294,278.9960687610031,0.4666741241340555,5.151599999999999,4.91832,0.3552338329811104,,-11.699798176571411,23.028064,58.313745,8.097249780859952,46.96133191922908,333.95589150025853,3.5159246774968818,0.002778915251047592,4.243475740179129
2026-07-15T12:24:20+03:00,13.68,293.7,28.000447448043335,12.091679999999998,283.9979903124951,279.40286879554594,0.14770851958472622,4.704479999999999,5.03496,0.09740282517223994,,-9.499640243269049,23.027984,58.313753,8.239430134489728,43.54923607534366,327.5472263878388,3.409725144440605,0.0025711758873099965,4.2460469160664385
2026-07-15T12:24:22+03:00,13.68,293.7,28.997394011570965,12.20832,279.998744902482,279.4372462632538,-0.5211051146714838,4.704479999999999,4.93776,0.045836623610465865,,-9.608502224343905,23.027906,58.313764,8.408758207414422,44.73403451375697,324.73277941623894,3.3419756624517385,0.0025498786398211177,4.24859679470626
2026-07-15T12:24:24+03:00,13.68,293.71,28.997394011570965,12.30552,283.9979903124951,279.7695617844297,-0.1989882422489349,4.64616,4.84056,0.20053522829578813,,-10.69712203509247,23.027828,58.313774,8.544010374332204,44.28198924442847,328.2799795569236,3.3262428273061513,0.002534956762644828,4.251131751468905
2026-07-15T12:24:26+03:00,13.83,293.71,28.000447448043335,11.99448,282.99531417101616,279.94144912296895,0.33145608448318126,4.52952,4.80168,0.2119943841984046,,-11.619584085253097,23.027755,58.313786,8.273134963835906,42.89484163738456,325.8901558084007,3.318345291728332,0.0024150290470228266,4.2535467805159275
2026-07-15T12:24:28+03:00,13.83,293.72,28.000447448043335,11.89728,283.9979903124951,281.1274717588897,0.762148459083021,4.33512,4.89888,0.20053522829578813,,-10.479398072942757,23.027676,58.313801,8.322311211869387,42.155861297545385,326.15385161004053,3.21371916496606,0.00265219091154731,4.256198971427475
2026-07-15T12:24:30+03:00,13.83,293.71,28.997394011570965,12.091679999999998,283.9979903124951,282.48538173334975,0.24511134475696617,4.5684000000000005,4.68504,0.25210142985756223,,-9.562665600733439,23.027597,58.313811,8.393403846062887,44.29618709488341,328.2941774073785,3.2697830073459246,0.002565637355181622,4.2587646087826565
2026-07-15T12:24:32+03:00,13.98,293.7,28.000447448043335,12.20832,287.9972357225083,280.0961477276543,-1.2288798789965896,5.07384,4.704479999999999,0.26929016371148695,,-9.43088530785335,23.027517,58.313822,8.087176774746494,45.130859444996815,333.12809516750514,3.5795431646549956,0.002610911437210563,4.261375520219867
2026-07-15T12:24:34+03:00,13.98,293.72,26.997771306564392,11.99448,283.9979903124951,279.0934715861753,0.2573153457932527,4.68504,4.723920000000001,0.27501974166279514,,-9.322023326778494,23.02744,58.313831,8.104049732777314,42.21247669445788,326.21046700695297,3.4700137864404055,0.0024905485642062455,4.263866068784074
2026-07-15T12:24:36+03:00,13.98,293.72,28.000447448043335,11.89728,281.99836760748855,279.19660398929886,0.02165780465594512,4.43232,4.7628,0.09167324722093173,,-9.322023326778494,23.027367,58.313841,8.250512637760387,42.60889643680318,324.6072640442917,3.262151965187952,0.0023818856439056096,4.266247954427979
2026-07-15T12:24:38+03:00,13.98,293.72,28.997394011570965,11.80008,286.9945595810294,279.04190538461353,-1.0072025080604743,4.5684000000000005,4.74336,0.3323155211758775,,-7.631797831142566,23.02729,58.313854,8.112502139487894,44.83959184892922,331.83415142995864,3.239377788720197,0.0025535785944203614,4.268801533022399
2026-07-15T12:24:40+03:00,13.98,293.73,30.0000701530499,11.80008,282.99531417101616,278.38873349816436,0.07288023154064072,4.374,4.58784,0.49847328176381617,,-7.775037279925271,23.027211,58.313864,8.305211398980328,45.267767098003645,328.26308126901984,3.0783969948630756,0.0025656337214714398,4.271367166743871
2026-07-15T12:24:42+03:00,13.98,293.74,30.0000701530499,11.60568,281.99836760748855,278.36581518635916,-0.31025664606334075,4.276800000000001,4.68504,0.2864788975654116,,-7.4885583823598605,23.027135,58.313873,8.186100850921287,45.142761835014966,327.1411294425035,3.0166097254584554,0.0024597365761639747,4.2738269033200345
2026-07-15T12:24:44+03:00,13.98,293.74,30.0000701530499,11.39184,278.9960687610031,279.1736856774936,-0.4301767125842221,4.41288,4.548959999999999,0.418259190445501,,-7.339589355625845,23.027065,58.313882,7.885174102835965,46.249647707067794,325.2457164680709,3.0515837336969316,0.0022753205520433086,4.276102223872078
2026-07-15T12:24:46+03:00,13.98,293.74,28.997394011570965,11.60568,284.9949368760228,279.36849132783806,0.3553484245401366,4.35456,4.52952,0.5786873730821314,,-6.7609019825437136,23.026996,58.313892,8.077707487101259,44.14647686688852,329.1414137429113,3.1246648447122363,0.002259904510658154,4.278362128382736
2026-07-15T12:24:48+03:00,13.98,293.75,26.997771306564392,11.80008,284.9949368760228,279.68934769311136,0.2663107831768067,4.21848,4.548959999999999,0.5786873730821314,,-6.783820294348947,23.026909,58.313904,8.266192746037271,40.39300307131245,325.3879399473352,3.2128679800518967,0.0028399317139295266,4.281202060096666
2026-07-15T12:24:50+03:00,13.98,293.75,26.997771306564392,11.60568,284.9949368760228,279.8268575639427,0.49062375997052393,4.1796,4.4712,0.5557690612768985,,-6.491611818832227,23.026827,58.313916,8.106717332807555,40.53323164931203,325.5281685253348,3.1766178635539344,0.002687543975537582,4.283889604072203
2026-07-15T12:24:52+03:00,13.87,293.75,26.997771306564392,11.702879999999999,281.99836760748855,280.23938717643694,-0.8574313404132768,4.21848,4.510079999999999,0.49847328176381617,,-7.408344291041544,23.026744,58.313926,8.171668082009035,40.55088877392765,322.54925638141617,3.205322769827648,0.0026885674044747196,4.286578171476678
2026-07-15T12:24:54+03:00,13.83,293.76,26.00082474303676,11.702879999999999,283.9979903124951,280.46857029448927,-0.9423436856516649,4.101839999999999,4.43232,0.4068000345428845,,-7.643256987045181,23.026677,58.313935,8.21540399364302,38.64403857787079,322.6420288903659,3.2037040522149645,0.0021834320921832926,4.288761603568861
2026-07-15T12:24:56+03:00,13.83,293.76,26.00082474303676,11.80008,290.9995345689938,279.91853081116375,-0.28418706638488833,3.96576,4.393439999999999,0.6302535746439055,,-7.901087994854052,23.026607,58.313947,8.417201780337562,37.92074767535516,328.920282244349,3.128435743390845,0.0023247970108451702,4.291086400579706
2026-07-15T12:24:58+03:00,13.83,293.76,24.99814860155782,11.508479999999999,284.9949368760228,280.5545139637589,-0.4047373864804135,4.257359999999999,4.374,0.48701412586119974,,-8.714688063939823,23.026534,58.31396,7.8586539679337655,38.23247096636857,323.22740784239136,3.344183098501956,0.0024336467735671316,4.293520047353273
2026-07-15T12:25:00+03:00,13.83,293.77,24.99814860155782,11.60568,291.99648113252147,276.9964460559965,-2.7417749370395286,4.257359999999999,4.374,0.6589014644004466,,-10.63409667762808,23.026467,58.313977,7.953303654054959,38.072164045430554,330.068645177952,3.351541535322579,0.0023492247868566844,4.29586927214013
2026-07-15T12:25:02+03:00,13.83,293.76,26.997771306564392,11.60568,280.99569146600965,275.39216422963017,0.4941188025208219,4.23792,4.16016,0.5042028597151245,,-11.579477039593938,23.026401,58.313986,8.06248151994134,40.80257867562483,321.7982701416345,3.2079598538404297,0.0021528553215514833,4.298022127461681
2026-07-15T12:25:04+03:00,13.83,293.77,28.000447448043335,11.508479999999999,278.9960687610031,276.58964602145363,0.2901458274542489,4.257359999999999,4.35456,0.7219268218648373,,-11.60239535139917,23.026341,58.313994,8.003076889699152,42.46294724080656,321.45901600180963,3.1407144234155355,0.001954423229051764,4.299976550690732
2026-07-15T12:25:06+03:00,13.83,293.77,28.000447448043335,11.80008,280.99569146600965,276.7443446261389,-0.39024155426360374,4.29624,4.49064,0.6474423084978302,,-10.215837487182576,23.026271,58.314,8.256885518077887,42.1397363945178,323.13542786052744,3.1857079340008965,0.0022393008765756494,4.302215851567308
2026-07-15T12:25:08+03:00,13.83,293.78,28.997394011570965,11.89728,279.998744902482,275.94220371295575,0.2908333768084059,4.23792,4.60728,0.6703606203030631,,-11.843037625354114,23.026196,58.314006,8.444338390979015,43.078143557481894,323.07688845996387,3.095473688411541,0.0023952366783359306,4.304611088245643
2026-07-15T12:25:10+03:00,13.83,293.78,28.997394011570965,11.80008,279.998744902482,276.82455871745725,-0.09356400794486343,4.374,4.5684000000000005,0.4812845479098915,,-12.135246100870834,23.026129,58.314009,8.251486656711336,43.887733359509554,323.88647826199156,3.1523398221944614,0.0021230225413299397,4.306734110786973
2026-07-15T12:25:12+03:00,13.83,293.78,28.000447448043335,11.99448,278.9960687610031,277.489189759809,0.2131975955681793,4.35456,4.52952,0.6474423084978302,,-12.960305325859222,23.026055,58.314013,8.402155372314056,42.08273656919724,321.07880533020034,3.231857801347504,0.0023486957786575976,4.30908280656563
2026-07-15T12:25:14+03:00,13.72,293.79,26.997771306564392,12.20832,281.99836760748855,277.9876630415728,-0.2467156265833325,4.62672,4.58784,0.6073352628386726,,-12.261296815799616,23.025983,58.314023,8.354133283582351,41.558834354851626,323.5572019623402,3.4620585032931714,0.002351337125086166,4.311434143690716
2026-07-15T12:25:16+03:00,13.72,293.78,26.997771306564392,12.59712,282.99531417101616,277.2829249535619,0.6339778003122559,4.60728,4.58784,0.6302535746439055,,-13.573370166649203,23.025903,58.314033,8.745691523472427,40.833943901162115,323.8292580721783,3.4859040539342883,0.00259632635512349,4.31403047004584
2026-07-15T12:25:18+03:00,13.68,293.78,26.997771306564392,12.69432,279.998744902482,278.02204050928066,-0.4509177847679579,4.5684000000000005,4.7628,0.641712730546522,,-12.524857401559796,23.025819,58.314044,8.869621550621074,40.51956133039931,320.5183062328813,3.4728254694725087,0.0027332560758816784,4.316763726121722
2026-07-15T12:25:20+03:00,13.68,293.78,26.00082474303676,12.908159999999999,286.9945595810294,277.42616440234457,-0.28882802452544803,4.5684000000000005,4.723920000000001,0.7047380880109125,,-11.482074214421695,23.025751,58.314057,9.027097984164802,38.8188799573289,325.81343953835835,3.559384096783641,0.0022846999170635356,4.319048426038785
2026-07-15T12:25:22+03:00,13.68,293.78,26.00082474303676,12.79152,281.99836760748855,276.8703953410677,-0.19125331201466877,4.68504,4.723920000000001,0.44117750225073393,,-12.822795455027823,23.025669,58.31407,8.82304219444401,39.46175042302764,321.4601180305162,3.6170806586447894,0.0027042850957772553,4.321752711134563
2026-07-15T12:25:24+03:00,13.68,293.78,26.00082474303676,13.00536,281.99836760748855,277.98193346362154,0.08382372542763944,4.45176,4.68504,0.590146528984748,,-13.980170201192088,23.025593,58.31408,9.21324011996268,38.23005995032693,320.2284275578155,3.4970014503524665,0.0024736375246862713,4.324226348659249
2026-07-15T12:25:26+03:00,13.68,293.79,24.99814860155782,12.69432,281.99836760748855,279.16795609954227,-0.4770446602259234,4.52952,4.723920000000001,0.5729577951308232,,-13.951522311435545,23.025513,58.31409,8.799820385485724,37.56148276976052,319.55985037724906,3.5905488548049416,0.002596322394994129,4.326822671054243
2026-07-15T12:25:28+03:00,13.68,293.78,26.00082474303676,12.49992,284.9949368760228,277.23135875200006,-0.13745257505188452,4.68504,4.957199999999999,0.5844169510334397,,-13.550451854843969,23.025435,58.314101,8.539722546362446,39.91717943229452,324.9121163083173,3.593298184031198,0.002549855977092223,4.329372527031335
2026-07-15T12:25:30+03:00,13.68,293.79,28.997394011570965,12.30552,284.9949368760228,277.3803277787341,0.41980617649235413,4.704479999999999,4.97664,0.4640958140559668,,-13.441589873769113,23.02535,58.314112,8.502355874835038,44.55638432712959,329.5513212031524,3.352225889907491,0.0027638962963345347,4.33213642332767
2026-07-15T12:25:32+03:00,13.61,293.79,30.0000701530499,12.30552,285.99761301750175,277.66107709834824,0.2385223301129617,4.91832,4.91832,0.6359831525952138,,-13.527533543038736,23.025267,58.314122,8.413545563997134,46.994961229328084,332.9925742468298,3.354602495533796,0.002688553249690732,4.3348249765773605
2026-07-15T12:25:34+03:00,13.53,293.78,28.997394011570965,12.20832,285.99761301750175,276.727155892285,-0.806667279764686,4.82112,4.87944,0.5729577951308232,,-12.312863017361392,23.025186,58.314133,8.32630401542926,45.29895138782999,331.29656440533176,3.391212986338162,0.002641445185305593,4.337466421762666
2026-07-15T12:25:36+03:00,13.53,293.78,31.002746294528848,12.20832,283.9979903124951,276.3031671238882,0.5298713689369853,4.93776,4.78224,0.6130648407899808,,-13.83693075240938,23.025096,58.314141,8.371644431285546,48.68895757297713,332.68694788547225,3.2596447071358035,0.0028819057461173495,4.340348327508783
2026-07-15T12:25:38+03:00,13.53,293.79,30.0000701530499,12.30552,282.99531417101616,276.95633901033733,-0.1387703779806854,4.82112,4.93776,0.5958761069360561,,-13.21813633366809,23.025018,58.314149,8.480139969948443,46.51469416199001,329.51000833300617,3.3177430269718147,0.002509145489334833,4.342857472998118
2026-07-15T12:25:40+03:00,13.53,293.78,31.002746294528848,12.69432,282.99531417101616,276.56099813169703,-0.7445586547725047,4.93776,5.151599999999999,0.5271211715203573,,-13.304080002937715,23.024929,58.31416,8.835907153285437,47.73149644116313,330.7268106121793,3.3211661352448854,0.002886673093693804,4.345744146091812
2026-07-15T12:25:42+03:00,13.53,293.79,30.0000701530499,13.10256,285.99761301750175,276.578186865551,0.3976900056003044,4.64616,4.97664,0.5328507494716656,,-14.736474490764774,23.024862,58.314166,9.371371760387289,44.35285679288066,330.3504698103824,3.322227990133771,0.002145864552518869,4.347890010644331
2026-07-15T12:25:44+03:00,13.53,293.78,28.997394011570965,13.19976,280.99569146600965,277.2714657976593,-0.6786685083324601,4.89888,5.01552,0.5672282171795151,,-15.097437901697193,23.024788,58.314171,9.225884767226459,43.913793235027924,324.90948470103757,3.529075568794192,0.00235559752124632,4.350245608165578
2026-07-15T12:25:46+03:00,13.53,293.78,30.0000701530499,13.19976,279.998744902482,277.78712781327704,0.29301061642990295,4.957199999999999,5.07384,0.48701412586119974,,-16.352215473033695,23.024707,58.31418,9.245151313474752,45.551179722934734,325.5499246254167,3.4713877162293643,0.002613942886187068,4.352859551051765
2026-07-15T12:25:48+03:00,13.53,293.78,30.0000701530499,13.296959999999999,279.998744902482,277.9418264179623,0.2750770374423082,4.93776,5.13216,0.5958761069360561,,-15.383916799262606,23.024617,58.314186,9.3524915397167,45.306515419335824,325.3052603218178,3.4727950914294645,0.0028642970297409844,4.355723848081506
2026-07-15T12:25:50+03:00,13.53,293.78,30.0000701530499,13.5108,281.99836760748855,278.1366320683068,-1.2690442204352603,5.03496,5.19048,0.49847328176381617,,-14.318215300319272,23.024533,58.314194,9.490392468841545,45.382872452203316,327.3812400596919,3.5363840560931608,0.002695309087222471,4.358419157168728
2026-07-15T12:25:52+03:00,13.42,293.77,31.999692858056477,13.608,285.99761301750175,276.6584009568693,-0.19973308738260498,4.93776,5.19048,0.5557690612768985,,-14.106220916120868,23.024447,58.314204,9.777162166526596,47.52255241323755,333.5201654307393,3.3344690944716593,0.002780947161255275,4.361200104329984
2026-07-15T12:25:54+03:00,13.42,293.77,31.999692858056477,13.39416,281.99836760748855,277.01936436780176,0.8022555047421788,5.1127199999999995,5.1127199999999995,0.5156620156177408,,-14.833877315937015,23.024352,58.314216,9.454806786815457,48.6514088309315,330.6497764384201,3.3776599761009503,0.003084870646159276,4.364284974976143
2026-07-15T12:25:56+03:00,13.38,293.75,31.002746294528848,13.00536,285.99761301750175,276.7787220938468,0.14730744912813465,4.97664,5.151599999999999,0.38388172273765153,,-14.84533647183963,23.024263,58.314231,9.1078351253737,47.34927036548322,333.34688338298497,3.3718101790127064,0.0029510330816356015,4.367236008057779
2026-07-15T12:25:58+03:00,13.38,293.76,31.002746294528848,12.908159999999999,282.99531417101616,274.7103444534245,-0.08325076763250862,5.09328,5.50152,0.5786873730821314,,-15.171922415064197,23.024173,58.314245,8.936253745045661,48.07473128378663,331.07004545480277,3.4031297771215314,0.002963484836159793,4.3701994928939385
2026-07-15T12:26:00+03:00,13.38,293.76,31.002746294528848,12.908159999999999,279.998744902482,276.19430514281333,0.5107345785796158,5.346,5.42376,0.544309905374282,,-15.389646377213912,23.024081,58.314256,8.769412178304314,49.30332381482265,329.3020687173046,3.4858829411545496,0.00297894318297726,4.373178436076916
2026-07-15T12:26:02+03:00,13.38,293.76,30.0000701530499,13.10256,277.99912219747546,276.8703953410677,0.015355268909506064,5.346,5.42376,0.49847328176381617,,-16.05427741956567,23.023993,58.314266,8.8844332684012,47.50957137575173,325.5086935732272,3.6110467665470285,0.0028426270170347143,4.376021063093951
2026-07-15T12:26:04+03:00,13.38,293.75,28.997394011570965,13.19976,281.99836760748855,275.90209666729663,-0.6622246196122056,5.01552,5.42376,0.6990085100596044,,-14.467184327053287,23.023901,58.314273,9.142217097593203,44.42080481885864,326.4191724263472,3.58217755214529,0.0029349551815626993,4.378956018275514
2026-07-15T12:26:06+03:00,13.38,293.75,30.0000701530499,13.5108,282.99531417101616,276.9047728087756,0.46352285626083595,5.28768,5.404319999999999,0.6703606203030631,,-13.28689126908379,23.023808,58.314281,9.31462780657405,46.48947472486415,329.48478889588034,3.6405032541789706,0.002975325293804872,4.381931343569319
2026-07-15T12:26:08+03:00,13.38,293.75,30.0000701530499,13.5108,281.99836760748855,276.66986011277197,-0.4847222946806765,5.1710400000000005,5.28768,0.6760901982543714,,-13.579099744600509,23.023714,58.31429,9.395313859232342,45.97359174093745,327.971959348426,3.5938203053513713,0.003016683296578298,4.384948026865897
2026-07-15T12:26:10+03:00,13.38,293.75,28.997394011570965,13.19976,281.99836760748855,276.3661924813526,0.04726901809829291,5.13216,5.404319999999999,0.693278932108296,,-14.060384292510403,23.02362,58.314304,9.05927850107887,44.937140939183365,326.93550854667194,3.6329643041689894,0.003084778793588573,4.388032805659485
2026-07-15T12:26:12+03:00,13.38,293.75,28.000447448043335,13.39416,281.99836760748855,275.48383747685114,-0.4303485999227613,5.2488,5.19048,0.716197243913529,,-14.444266015248054,23.023529,58.314314,9.099765838029484,43.7122063824782,325.71057398996675,3.793937315950956,0.0029352663625801406,4.390968072022065
2026-07-15T12:26:14+03:00,13.38,293.74,28.000447448043335,13.5108,280.99569146600965,275.71875017285475,0.5334810030463095,5.22936,5.326560000000001,0.7276563998161455,,-15.567263293704467,23.02344,58.314326,9.226209181072653,43.43262840054342,324.42831986655307,3.7974737729360664,0.0029010179624472097,4.393869089984512
2026-07-15T12:26:16+03:00,13.38,293.75,26.997771306564392,13.608,281.99836760748855,276.25733050027776,-0.19961849582357882,5.151599999999999,5.307119999999999,0.7276563998161455,,-15.79071683380549,23.023356,58.314337,9.316102106055812,41.53610088966016,323.53446849714874,3.8561687158215032,0.0027332347570279665,4.39660232474154
2026-07-15T12:26:18+03:00,13.38,293.74,28.000447448043335,13.7052,279.998744902482,276.40629952701175,0.4318955859696146,5.19048,5.307119999999999,0.739115555718762,,-15.802175989708104,23.023267,58.314348,9.442160292431105,42.956524961615514,322.9552698640975,3.798761681643036,0.0028866585542379,4.399488983295778
2026-07-15T12:26:20+03:00,13.38,293.74,28.000447448043335,13.8996,282.99531417101616,277.3058432653671,-0.3939657799319541,4.957199999999999,5.326560000000001,0.7219268218648373,,-14.977116764719721,23.023187,58.314357,9.802936792552705,41.7340742255592,324.72938839657536,3.6992729880863675,0.002583050069387246,4.402072033365165
2026-07-15T12:26:22+03:00,13.38,293.74,28.997394011570965,13.9968,283.9979903124951,277.80431654713095,0.6682979722405923,4.996079999999999,5.1127199999999995,0.693278932108296,,-14.541668840420295,23.023097,58.314368,9.927000902449244,43.11871422020275,327.1167045326979,3.6468339565934738,0.0029173987061627835,4.404989432071328
2026-07-15T12:26:24+03:00,13.38,293.72,28.997394011570965,13.802399999999999,282.99531417101616,279.0247166507596,-0.20466052442073004,5.09328,5.2488,0.6875493541569879,,-14.581775886079452,23.023011,58.314379,9.668195889602819,43.79352567698379,326.78883984799995,3.676525261466729,0.002794542189996385,4.407783974261324
2026-07-15T12:26:26+03:00,13.38,293.73,28.997394011570965,13.802399999999999,287.9972357225083,278.8184518445125,0.9865187316562515,5.0544,5.1127199999999995,0.7047380880109125,,-15.051601278086727,23.022927,58.314392,9.696298302139368,43.63452893031274,331.63176465282106,3.6581530098077177,0.002764773365601664,4.410548747626926
2026-07-15T12:26:28+03:00,13.38,293.73,28.997394011570965,13.7052,284.9949368760228,280.72067172434686,0.31879371721079003,5.13216,4.996079999999999,0.7104676659622208,,-14.639071665592533,23.02284,58.314402,9.546294063348519,44.10400684853991,329.0989437245627,3.685289284174653,0.0028117663459065324,4.413360513972832
2026-07-15T12:26:30+03:00,13.38,293.73,28.000447448043335,13.802399999999999,283.9979903124951,280.44565198268407,0.0894960075994346,4.58784,5.09328,0.6760901982543714,,-14.220812475147033,23.022764,58.314412,9.986633414573612,40.45572474910122,324.4537150615963,3.4909223180041367,0.0024736156750026213,4.415834129647835
2026-07-15T12:26:32+03:00,13.38,293.73,28.997394011570965,13.608,283.9979903124951,280.52013649605107,0.593698867314559,4.7628,5.09328,0.664631042351755,,-13.68223214772406,23.022674,58.314425,9.720444726366336,42.737983614821104,326.7359739273162,3.498109211875473,0.002946966346057131,4.418781095993892
2026-07-15T12:26:34+03:00,13.38,293.73,31.999692858056477,13.5108,284.9949368760228,280.10760688355685,-0.8297001831289451,4.704479999999999,5.13216,0.6474423084978302,,-12.977494059713147,23.022594,58.314438,9.842125196701764,46.672344975385045,331.66728185140784,3.2280709151790794,0.0026438717190539135,4.421424967712946
2026-07-15T12:26:36+03:00,13.38,293.73,33.99931556306306,13.39416,285.99761301750175,279.41432795144857,-0.2984537154836458,4.89888,4.91832,0.5385803274229739,,-11.413319279005997,23.02251,58.314453,9.726498739939231,50.35742077023218,336.35503378773393,3.1254678964539924,0.002801119847893497,4.4242260875608395
2026-07-15T12:26:38+03:00,13.23,293.73,37.001614409548566,13.5108,283.9979903124951,279.67215895925744,0.33982126829209125,4.93776,4.80168,0.4640958140559668,,-11.53936999393478,23.022424,58.314465,10.018311794775222,54.25690411937164,338.2548944318668,2.8844017230132715,0.0028093643356986845,4.427035451896538
2026-07-15T12:26:40+03:00,13.23,293.74,33.99931556306306,13.10256,283.9979903124951,277.8558827486927,-0.4627207153476528,4.6655999999999995,4.68504,0.29793805346802804,,-13.390023672207338,23.022344,58.314475,9.596029885827285,49.77520856059334,333.77319887308846,3.012989033585341,0.002596295646794914,4.429631747543333
2026-07-15T12:26:42+03:00,13.23,293.73,33.00236899953541,13.10256,283.9979903124951,278.9903391830518,0.5967928394082654,4.5684000000000005,4.80168,0.5099324376664327,,-14.822418160034395,23.022265,58.314487,9.599386006060744,48.0257492121238,332.0237395246189,3.055330219204126,0.002596387264265441,4.432228134807598
2026-07-15T12:26:44+03:00,13.23,293.75,31.999692858056477,12.49992,283.9979903124951,280.6633759448338,-0.1530370270794429,4.4712,4.82112,0.44117750225073393,,-14.598964619933378,23.022191,58.314494,9.024694034381339,47.22059892161923,331.21858923411435,3.0367383062177846,0.0023739104427154597,4.434602045250314
2026-07-15T12:26:46+03:00,13.23,293.75,31.999692858056477,12.091679999999998,283.9979903124951,281.05298724552273,-0.4871287174202259,4.45176,5.0544,0.6531718864491385,,-14.41561812549151,23.022117,58.314502,8.644477315447475,47.83642947613828,331.8344197886334,2.9882414044393646,0.002385297159079491,4.4369873424093935
2026-07-15T12:26:48+03:00,13.23,293.75,31.999692858056477,12.091679999999998,284.9949368760228,280.835263283373,0.009682986737710913,4.58784,5.01552,0.5786873730821314,,-14.432806859345437,23.022034,58.314516,8.553728430189382,48.512085151517624,333.5070220275404,3.0392699349597336,0.002752273307319367,4.439739615716713
2026-07-15T12:26:50+03:00,13.23,293.75,31.002746294528848,12.20832,285.99761301750175,280.7722379259086,-0.3078502233237913,4.6655999999999995,4.97664,0.790681757280536,,-15.418294266970454,23.021954,58.314528,8.553753105094343,47.319493387762776,333.31710640526455,3.162855007310393,0.0026267283033939827,4.442366344020106
2026-07-15T12:26:52+03:00,13.23,293.75,28.997394011570965,12.59712,285.99761301750175,280.6003505873694,-0.15446942156726995,4.82112,5.03496,0.7734930234266114,,-15.721961898389788,23.021879,58.31454,8.700157849146859,44.58022363424291,330.57783665174463,3.4339312387181335,0.0024753156636238907,4.44484165968373
2026-07-15T12:26:54+03:00,13.23,293.75,30.0000701530499,12.908159999999999,285.99761301750175,280.611809743272,-0.22780801934401534,4.84056,5.07384,0.7276563998161455,,-17.52677895305188,23.021797,58.314551,9.045907440640507,45.51894534557843,331.5165583630802,3.3916515534797442,0.0026719944209324035,4.447513654104663
2026-07-15T12:26:56+03:00,13.23,293.74,28.997394011570965,13.10256,281.99836760748855,282.5025704672037,0.6503643932529974,4.704479999999999,5.03496,0.7849521793292279,,-17.82471700651991,23.021712,58.314561,9.272653088028163,43.23525552258306,325.2336231300716,3.427436063274448,0.002750103267256665,4.4502637573719195
2026-07-15T12:26:58+03:00,13.23,293.74,30.0000701530499,13.5108,286.9945595810294,284.13550018332654,0.4171132748552393,4.89888,5.1710400000000005,0.7677634454753031,,-16.506914077719017,23.021629,58.314577,9.586459797266416,44.803932013743236,331.79849159477266,3.47586498824091,0.0027913726578947425,4.4530551300298145
2026-07-15T12:27:00+03:00,13.12,293.75,30.0000701530499,13.7052,287.9972357225083,284.20998469669354,0.07803685169681812,4.78224,5.326560000000001,0.5156620156177408,,-16.105843621127445,23.021552,58.314591,9.858047591558808,44.03749585939099,332.03473158189934,3.4378808113586916,0.0025725603595155478,4.45562769038933
2026-07-15T12:27:02+03:00,13.08,293.74,28.000447448043335,13.7052,287.9972357225083,284.7027284005061,0.4710286033770497,5.0544,5.46264,0.4640958140559668,,-15.315161863846905,23.021471,58.314604,9.542203883219926,42.39971787295855,330.39695359546687,3.7324654557174495,0.0026740381162880917,4.458301728505618
2026-07-15T12:27:04+03:00,13.08,293.74,26.997771306564392,13.8996,289.9968584275149,285.37881859876046,0.44329744609271793,4.996079999999999,5.443199999999999,0.41252961249419273,,-13.831201174458073,23.021385,58.314619,9.71637770280131,40.49629384430688,330.49315227182177,3.79925891048985,0.0028609635330234156,4.461162692038641
2026-07-15T12:27:06+03:00,13.08,293.75,26.00082474303676,13.9968,290.9995345689938,284.50219317221024,-0.5819532325143771,5.19048,5.346,0.5213915935690492,,-14.289567410562732,23.021303,58.314637,9.605073464086429,39.70436150534874,330.70389607434254,3.993300605452425,0.002805877624208336,4.46396856966285
2026-07-15T12:27:08+03:00,13.08,293.75,26.00082474303676,14.21064,286.9945595810294,283.957883266836,0.22895393493427696,5.326560000000001,5.42376,0.5729577951308232,,-14.186435007439183,23.021206,58.314657,9.70820089181708,39.91843887989134,326.9129984609208,4.08525143350611,0.0032899665978556886,4.467258536260705
2026-07-15T12:27:10+03:00,13.08,293.75,26.997771306564392,14.21064,287.9972357225083,283.86048044166375,-0.6974615240127511,5.0544,5.46264,0.5271211715203573,,-16.002711218003892,23.021122,58.314672,9.974536652476472,40.29679660954861,328.29403233205693,3.855013575939381,0.002801104299629492,4.470059640560335
2026-07-15T12:27:12+03:00,13.08,293.74,26.997771306564392,13.8996,287.9972357225083,283.35054800399735,0.2627584448469955,5.151599999999999,5.50152,0.45836623610465854,,-16.673071838306953,23.021039,58.314688,9.5986441680715,41.099156695977825,329.0963924184862,3.882107015834938,0.0027913649366745116,4.472851005497009
2026-07-15T12:27:14+03:00,13.08,293.74,26.997771306564392,14.21064,289.9968584275149,283.9063170652742,0.44965727761867014,5.28768,5.48208,0.5271211715203573,,-16.472536610011165,23.020948,58.314708,9.797774644585814,41.17911305323199,331.17597148074685,3.9797986925636257,0.0031144001523235355,4.475965405649333
2026-07-15T12:27:16+03:00,13.08,293.73,26.00082474303676,14.40504,290.9995345689938,284.42197908089196,1.2380472037186827,5.1710400000000005,5.443199999999999,0.5500394833255903,,-16.220435180153608,23.020862,58.314724,10.017243351078294,39.08015621877999,330.07969078777376,4.0140962711373565,0.0028804634756639884,4.4788458691249975
2026-07-15T12:27:18+03:00,13.01,293.74,26.00082474303676,14.502239999999999,286.9945595810294,284.7428354461652,0.02417881895452074,5.22936,5.7348,0.4812845479098915,,-13.699420881577984,23.020775,58.314737,10.066660827556204,39.164215928567785,326.1587755095972,4.054527126189187,0.0028557276457203693,4.481701596770717
2026-07-15T12:27:20+03:00,12.93,293.74,26.00082474303676,14.696639999999999,291.99648113252147,284.11258187152134,-1.054356934599741,5.22936,5.67648,0.38388172273765153,,-13.911415265776387,23.020686,58.314754,10.25604843898235,38.916896598600914,330.9133777311224,4.068745004168913,0.002989914912181602,4.484691511682899
2026-07-15T12:27:22+03:00,12.93,293.74,26.00082474303676,14.59944,287.9972357225083,285.0121256098767,0.21405703226087558,5.19048,5.6181600000000005,0.3609634109324186,,-14.07184344841302,23.020598,58.314771,10.19155899085482,38.901730784698486,326.8989665072068,4.03935703521942,0.0029602625968203093,4.48765177427972
2026-07-15T12:27:24+03:00,12.93,293.74,26.00082474303676,14.40504,291.99648113252147,284.0839339817648,0.3602185657987486,5.346,5.65704,0.5156620156177408,,-13.630665946162285,23.020511,58.314788,9.882043603808492,39.71966229735273,331.7161434298742,4.112037897844649,0.0029306504379568894,4.490582424717677
2026-07-15T12:27:26+03:00,12.93,293.73,26.00082474303676,14.59944,289.9968584275149,285.4991397357379,0.7660445720899107,5.26824,5.67648,0.40107045659157625,,-12.891550390443523,23.020424,58.314807,10.131161965171282,39.177897707736236,329.17475613525113,4.083877700106819,0.002974699281322419,4.4935571239989995
2026-07-15T12:27:28+03:00,12.93,293.74,26.00082474303676,14.59944,290.9995345689938,286.6679736378048,-0.08187566892419464,5.48208,5.5404,0.4068000345428845,,-10.50231638474799,23.020328,58.314828,9.966311292790174,39.95454198676927,330.9540765557631,4.202311363834227,0.003283221512224395,4.496840345511224
2026-07-15T12:27:30+03:00,12.93,293.73,26.00082474303676,14.79384,293.99610383752804,285.6251904506667,-1.3612331296718099,5.6376,5.6181600000000005,0.37242256683503505,,-9.717364205418761,23.02024,58.314852,10.035900123299504,40.2570936081473,334.25319744567537,4.30234836137278,0.0031305005820929897,4.4999708460933165
2026-07-15T12:27:32+03:00,12.93,293.72,26.00082474303676,14.91048,290.9995345689938,284.49073401630767,0.3866319201542795,5.67648,5.69592,0.5213915935690492,,-10.748688236654244,23.020159,58.314869,10.119277346453863,40.23671752963742,331.2362520986312,4.333323992561525,0.002753894531242043,4.502724740624559
2026-07-15T12:27:34+03:00,12.9,293.72,24.99814860155782,14.696639999999999,291.99648113252147,284.51938190606415,0.3065897161745035,5.404319999999999,5.6181600000000005,0.320856365273261,,-11.53936999393478,23.020077,58.314884,10.061218343231097,38.118132645600696,330.11461377812213,4.251793130729045,0.0027413818112962274,4.5054661224358545
2026-07-15T12:27:36+03:00,12.9,293.73,24.99814860155782,14.79384,290.9995345689938,285.72832285379025,-0.025267438765269302,5.5404,5.5598399999999994,0.3666929888837269,,-11.734175644279262,23.01998,58.314903,10.049012451704863,38.47127464664459,329.4708092156384,4.337690840272086,0.003268462163275306,4.50873458459913
2026-07-15T12:27:38+03:00,12.78,293.72,24.99814860155782,14.91048,291.99648113252147,285.5048693136892,-0.29736509567289726,5.6181600000000005,5.6181600000000005,0.4526366581533504,,-10.972141776755265,23.019886,58.314922,10.101584813579246,38.591522288023924,330.5880034205454,4.3912256312299665,0.0031798881018902606,4.51191447270102
2026-07-15T12:27:40+03:00,12.78,293.73,24.99814860155782,15.20208,292.99915727400037,284.0209086243004,-0.48695683008168666,5.20992,5.79312,0.395340878640268,,-10.27313326669566,23.019803,58.314938,10.708979810922797,36.862163799266995,329.8613210732674,4.168357906426705,0.0027913475468455003,4.514705820247865
2026-07-15T12:27:42+03:00,12.78,293.73,24.99814860155782,14.91048,288.9999118639872,283.53389449843917,0.28361410858975755,5.52096,5.50152,0.3609634109324186,,-10.21010790923127,23.019714,58.314954,10.177738166181168,38.250203287260376,327.2501151512476,4.335691235539703,0.002969894732268946,4.517675714980134
2026-07-15T12:27:44+03:00,12.78,293.73,26.00082474303676,14.91048,289.9968584275149,283.8490212857612,-0.6041839949654532,5.28768,5.67648,0.3609634109324186,,-9.190243033898403,23.019624,58.314968,10.41910761389394,38.85551510164535,328.8523735291602,4.117677528528249,0.0029634291386539534,4.520639144118788
2026-07-15T12:27:46+03:00,12.78,293.73,26.997771306564392,14.91048,290.9995345689938,283.3906550496565,0.01850653678272559,5.1710400000000005,5.404319999999999,0.3781521447863433,,-8.875116246576452,23.019537,58.314983,10.566993351009287,39.8329278522597,330.83246242125347,3.9709219018534663,0.0028909168718244055,4.523530060990613
2026-07-15T12:27:48+03:00,12.78,293.73,26.00082474303676,14.91048,285.99761301750175,282.55413666876547,-0.7284012449498156,5.22936,5.598719999999999,0.41252961249419273,,-9.087110630774855,23.019447,58.314995,10.464587135984866,38.65519025752744,324.6528032750292,4.083707402095049,0.0029315570476002558,4.526461618038213
2026-07-15T12:27:50+03:00,12.78,293.74,26.00082474303676,14.696639999999999,287.9972357225083,281.98117887363463,0.2631595153035871,5.20992,5.5404,0.320856365273261,,-10.399183981624443,23.019357,58.315008,10.271181144947604,38.848773973029324,326.84600969553765,4.057507972774535,0.0029469211822803977,4.529408539220493
2026-07-15T12:27:52+03:00,12.78,293.73,26.997771306564392,14.79384,282.99531417101616,283.0869874182372,0.0168449591768462,5.151599999999999,5.50152,0.544309905374282,,-10.021031836838098,23.019271,58.31502,10.468204737786989,39.90659261087683,322.901906781893,3.9517477459494437,0.002809323155036202,4.532217862375529
2026-07-15T12:27:54+03:00,12.71,293.73,26.00082474303676,14.696639999999999,285.99761301750175,282.1645253680765,0.0888657540247907,4.957199999999999,5.46264,0.4354479242994257,,-9.705905049516145,23.019184,58.315035,10.469200794330048,37.98117753787281,323.97879055537453,3.9073293074055764,0.0028909130346384685,4.535108775410168
2026-07-15T12:27:56+03:00,12.63,293.74,26.997771306564392,14.59944,286.9945595810294,282.90364092379525,0.25433596525857244,5.1127199999999995,5.5404,0.4354479242994257,,-11.625313663204404,23.019093,58.31505,10.308558932230891,40.0093393218167,327.0038989028461,3.9160350048292454,0.0030111564931340107,4.538119931903302
2026-07-15T12:27:58+03:00,12.63,293.74,26.997771306564392,14.696639999999999,287.9972357225083,283.99226073454383,-1.1471760974109344,5.07384,5.326560000000001,0.38388172273765153,,-11.235702362515443,23.019005,58.315064,10.433148348614107,39.75188289952516,327.7491186220335,3.9008738187175807,0.002902933497963794,4.541022865401266
2026-07-15T12:28:00+03:00,12.63,293.73,26.997771306564392,14.59944,290.9995345689938,282.77186063091517,0.36606273530908295,5.22936,5.50152,0.4526366581533504,,-10.399183981624443,23.018925,58.31508,10.219494865155138,40.42977199498304,331.42930656397687,3.980596305325932,0.0027026195013038646,4.54372548490257
2026-07-15T12:28:02+03:00,12.63,293.73,28.000447448043335,14.59944,287.9972357225083,283.8375621298585,-0.16810581709138356,5.19048,5.46264,0.3666929888837269,,-9.814767030591003,23.018838,58.315093,10.308690618920004,41.67371794820917,329.6709536707175,3.876994002511105,0.00285570105189839,4.5465811859544685
2026-07-15T12:28:04+03:00,12.56,293.73,26.00082474303676,14.696639999999999,290.9995345689938,284.42197908089196,-1.3785937508642738,5.307119999999999,5.326560000000001,0.3036676314193363,,-8.680310596231973,23.018747,58.315111,10.195663673172664,39.191406375223465,330.19094094421723,4.113226443485041,0.0030699701093077213,4.549651156063776
2026-07-15T12:28:06+03:00,12.48,293.73,26.997771306564392,14.59944,287.9972357225083,280.36543789136573,-1.5843428950957523,5.404319999999999,5.52096,0.5042028597151245,,-10.783065704362093,23.018661,58.315125,10.086953241411143,41.074283879800504,329.07151960230885,4.074091848634711,0.0028425562413003204,4.552493712305076
2026-07-15T12:28:08+03:00,12.48,293.73,26.00082474303676,14.502239999999999,284.9949368760228,279.849775875748,0.9814767030591001,5.326560000000001,5.46264,0.18907607239317165,,-11.482074214421695,23.018566,58.315139,9.991486445373276,39.516234808245315,324.5111716842681,4.109144452372542,0.0031150972071352263,4.555608809512211
2026-07-15T12:28:10+03:00,12.33,293.72,26.00082474303676,14.59944,284.9949368760228,282.9666662812597,0.21520294785113722,5.3654399999999995,5.20992,0.3552338329811104,,-9.654338847954373,23.018474,58.315151,10.056001143700593,39.527760695001064,324.52269757102385,4.138451345047428,0.0029927868752306556,4.558601596387442
2026-07-15T12:28:12+03:00,12.33,293.73,26.00082474303676,15.10488,287.9972357225083,281.3451957210395,-0.5048331132897683,5.3654399999999995,5.19048,0.4068000345428845,,-10.27313326669566,23.018388,58.315165,10.548082821577287,38.88557206773169,326.88280779024,4.1764652259703805,0.002842553308248028,4.56144414969569
2026-07-15T12:28:14+03:00,12.18,293.72,26.00082474303676,15.29928,285.99761301750175,282.26192819324876,1.1453426324665157,5.307119999999999,5.26824,0.5213915935690492,,-11.023707978317038,23.018294,58.315179,10.783280774267604,38.460705493674,324.4583185111758,4.1556602041366135,0.0030847081533019747,4.564528857848992
2026-07-15T12:28:16+03:00,12.18,293.72,24.99814860155782,15.396479999999999,287.9972357225083,279.95863785682286,-0.2294695969498947,5.01552,5.326560000000001,0.5672282171795151,,-10.393454403673134,23.018204,58.315194,11.055871765073173,36.050649747732734,324.04788547024106,4.0550332411378305,0.002981037485519396,4.567509895334512
2026-07-15T12:28:18+03:00,12.15,293.72,26.00082474303676,15.10488,287.9972357225083,278.96742087124653,-1.1523900133466247,5.151599999999999,5.46264,0.5213915935690492,,-9.465262775561202,23.018114,58.315208,10.715377065513168,38.16775462393065,326.16499034643897,4.050212655494524,0.002963410649851807,4.570473305984364
2026-07-15T12:28:20+03:00,12.03,293.72,26.00082474303676,15.20208,280.99569146600965,277.42616440234457,0.31804887207712,5.46264,5.09328,0.5557690612768985,,-10.221567065133888,23.018031,58.315219,10.567248025189219,39.09889779445504,320.09458926046466,4.239328419157185,0.0027025477734347854,4.573175853757799
2026-07-15T12:28:22+03:00,12.03,293.73,26.00082474303676,15.20208,277.99912219747546,278.62364619416803,0.05975949803214487,4.996079999999999,5.38488,0.5958761069360561,,-10.17573044152342,23.017938,58.315226,10.933285984426993,37.55674375128001,315.55586594875547,3.9606426954389815,0.0029661263590027216,4.576141980116802
2026-07-15T12:28:24+03:00,12.03,293.73,26.997771306564392,15.29928,281.99836760748855,279.7867505182836,0.9389059388808799,5.3654399999999995,5.20992,0.5958761069360561,,-10.40491355957575,23.017846,58.315236,10.796863125389173,40.035392171828335,322.0337597793169,4.108034331185154,0.0029661023242047338,4.579108082441007
2026-07-15T12:28:26+03:00,11.88,293.72,26.997771306564392,15.10488,285.99761301750175,280.6232688991746,0.5754788094293989,5.404319999999999,5.13216,0.6302535746439055,,-11.321646031785066,23.017759,58.31525,10.577930140201286,40.40840386532989,326.40601688283164,4.115082910699038,0.002872718405939183,4.581980800846946
2026-07-15T12:28:28+03:00,11.88,293.72,26.997771306564392,15.10488,288.9999118639872,280.8982886408374,-0.6719649021294295,5.28768,5.326560000000001,0.5844169510334397,,-10.003843102984174,23.017678,58.315269,10.66701285043719,40.002277527271275,329.0021893912585,4.050462772108978,0.002800699739815537,4.584781500586761
2026-07-15T12:28:30+03:00,11.73,293.72,28.000447448043335,15.007679999999999,291.99648113252147,278.5205137910445,-1.292249011138059,5.22936,4.957199999999999,0.5614986392282068,,-9.91789943371455,23.017596,58.315284,10.676553505979149,41.29456663242266,333.2910477649441,3.9289578870082313,0.002741354159324755,4.587522854746085
2026-07-15T12:28:32+03:00,11.73,293.72,28.000447448043335,14.696639999999999,284.9949368760228,278.4804067453853,-0.04131025702893236,5.1127199999999995,5.22936,0.4640958140559668,,-8.347995075056094,23.01751,58.315294,10.461484775019912,41.26471416189253,326.2596510379153,3.8430805723307815,0.0027808654568496688,4.590303720202935
2026-07-15T12:28:34+03:00,11.58,293.72,28.000447448043335,14.40504,281.99836760748855,278.1137137565016,-1.8308866343405454,4.93776,4.97664,0.10886198107485642,,-7.671904876801722,23.017427,58.3153,10.309290322350671,40.99523543789266,322.9936030453812,3.726844148859202,0.002645114808243024,4.592948835011178
2026-07-15T12:28:36+03:00,11.47,293.72,28.000447448043335,13.9968,280.99569146600965,273.9540401638518,-0.2158904972052942,4.87944,4.996079999999999,0.5614986392282068,,-11.384671389249457,23.017344,58.31531,9.955666945752329,41.30336530611831,322.299056772128,3.665559102637252,0.002688467453120543,4.595637302464299
2026-07-15T12:28:38+03:00,11.43,293.72,28.000447448043335,13.39416,277.99912219747546,276.2229530325699,1.3555035517205014,4.996079999999999,5.09328,0.5042028597151245,,-10.72576992484901,23.017265,58.315315,9.284079565282049,42.63437719101026,320.6334993884857,3.6755702536161388,0.002512169328749645,4.5981494717930484
2026-07-15T12:28:40+03:00,11.36,293.71,28.997394011570965,13.608,278.9960687610031,275.73593890670867,-0.4145922605566637,4.7628,4.996079999999999,0.5500394833255903,,-12.679556006245116,23.017179,58.315322,9.720444726366336,42.737983614821104,321.73405237582415,3.498109211875473,0.002747533543819194,4.600897005336868
2026-07-15T12:28:42+03:00,11.28,293.7,28.997394011570965,13.39416,278.9960687610031,276.4177586829143,-0.28384329170780986,4.80168,5.19048,0.4239887683968092,,-12.02065454184467,23.017097,58.315332,9.48448261804412,43.2042237590303,322.2002925200334,3.5000317584487397,0.0026577031983277084,4.603554708535196
2026-07-15T12:28:44+03:00,11.25,293.71,30.0000701530499,13.8996,280.99569146600965,276.4177586829143,0.0463522856260836,4.87944,5.13216,0.6016056848873644,,-10.82890232797256,23.017018,58.315345,9.976787578928137,44.154730067379575,325.15042153338925,3.500808977775689,0.0026136657397831113,4.606168374274979
2026-07-15T12:28:46+03:00,11.13,293.71,31.002746294528848,14.21064,280.99569146600965,276.06825442788454,-0.16713178883966112,5.01552,4.957199999999999,0.5557690612768985,,-10.324699468257435,23.016929,58.315356,10.242763052214396,45.611435151299645,326.6071266173093,3.5084602186444886,0.002886580596731793,4.609054954871711
2026-07-15T12:28:48+03:00,11.13,293.7,31.002746294528848,13.8996,278.9960687610031,275.5755107240721,-1.1543380698500696,5.1710400000000005,5.22936,0.5385803274229739,,-12.421724998436249,23.016841,58.315365,9.834816713958359,46.71599455435356,325.71206331535666,3.5453434318847514,0.0028304421193326387,4.611885396991044
2026-07-15T12:28:50+03:00,11.1,293.7,28.997394011570965,13.608,277.99912219747546,275.43227127528934,0.3167310691483191,5.2488,5.07384,0.6245239966925973,,-11.843037625354114,23.016746,58.315373,9.36930188176491,44.755351786468,322.75447398394346,3.72727582533609,0.0030375651896749774,4.614922962180718
2026-07-15T12:28:52+03:00,10.98,293.69,31.002746294528848,13.802399999999999,280.99569146600965,277.0652009914122,1.249277176503247,4.996079999999999,5.19048,0.5271211715203573,,-12.118057367016911,23.016665,58.315384,9.861722020770175,46.128946774199704,327.1246382402094,3.4624718195678343,0.0026413576062656774,4.617564319786984
2026-07-15T12:28:54+03:00,10.98,293.69,31.002746294528848,14.094,282.99531417101616,278.8872067799282,0.8528476780522304,5.38488,5.20992,0.5156620156177408,,-13.493156075330887,23.016575,58.315393,9.87587721309211,47.313684280211476,330.30899845122764,3.6508631639290234,0.002892443474009304,4.620456763260994
2026-07-15T12:28:56+03:00,10.95,293.69,28.997394011570965,14.094,281.99836760748855,280.70921256844423,-1.2331197666805578,4.93776,5.26824,0.5271211715203573,,-11.722716488376644,23.016487,58.315402,10.06403450785094,42.75676080260425,324.75512841009277,3.6255127876528115,0.002830439266137648,4.623287202527131
2026-07-15T12:28:58+03:00,10.83,293.69,28.997394011570965,14.30784,285.99761301750175,281.01860977781485,1.0187189597426038,5.19048,5.07384,0.5328507494716656,,-11.172677005051053,23.016391,58.315413,10.086902509965777,43.44242298805952,329.4400360055613,3.7686296915495876,0.003102111696092159,4.626389314223224
2026-07-15T12:29:00+03:00,10.83,293.69,28.997394011570965,14.59944,287.9972357225083,283.046880372578,1.5954582763212903,5.20992,5.19048,0.6245239966925973,,-11.745634800181875,23.016307,58.315426,10.355339770302658,43.11391504959346,331.1111507721018,3.8032223903786933,0.002764698989563438,4.629154013212787
2026-07-15T12:29:02+03:00,10.76,293.68,28.000447448043335,14.79384,287.9972357225083,284.62251430918775,-1.2835973484315832,4.93776,5.307119999999999,0.3036676314193363,,-6.228051233072049,23.016223,58.31544,10.688490916539912,40.5265794009847,328.523815123493,3.75321411981967,0.002782284034544577,4.631936297247331
2026-07-15T12:29:04+03:00,10.68,293.69,28.997394011570965,14.59944,291.99648113252147,277.16833339453575,-5.147853901911907,4.80168,5.1710400000000005,0.08594366926962349,,-5.18526804593395,23.016145,58.315455,10.657006511543177,41.613677539754434,333.61015867227593,3.5899260088303415,0.002622412504911068,4.634558709752242
2026-07-15T12:29:06+03:00,10.68,293.68,33.00236899953541,14.30784,285.99761301750175,267.1071945120385,-4.356828369954293,4.957199999999999,5.0544,-0.10886198107485642,,-2.211617089204978,23.016056,58.315468,10.503467595971934,47.89825153613654,333.89586455363826,3.323551077205331,0.0029164565801592683,4.637475166332401
2026-07-15T12:29:08+03:00,10.57,293.68,37.998560973076195,13.8996,279.998744902482,254.17553707593584,-7.9928758336340096,5.03496,5.07384,0.09167324722093173,,-3.7528735581068924,23.015971,58.315476,10.404391343860112,55.33159440873301,335.33033931121497,2.864016584563509,0.0027262848670452505,4.640201451199447
2026-07-15T12:29:10+03:00,10.46,293.68,45.00010522957485,13.39416,265.9956563894847,238.1613667020293,-2.7079131313472966,5.01552,5.13216,0.4526366581533504,,-11.218513628661519,23.015893,58.315466,10.466811397615588,64.8059744902195,330.8016308797042,2.135031324445476,0.0025348416303190226,4.642736292829766
2026-07-15T12:29:12+03:00,10.38,293.68,48.00240407606037,12.091679999999998,241.99445435145452,237.40506241245663,1.2727684461036108,5.46264,4.74336,0.49847328176381617,,-13.768175816993685,23.015812,58.315443,9.362573817043062,73.6991498019839,315.6936041534384,1.5332589912913035,0.002907029484495976,4.645643322314262
2026-07-15T12:29:14+03:00,10.53,293.68,50.998973344594575,11.99448,241.99445435145452,240.66519226675098,1.2448654014807397,5.890319999999999,5.38488,0.3380450991271857,,-12.106598211114294,23.015722,58.315419,9.46767199498872,79.91288857167754,321.9073429231321,1.031661625669235,0.0031866305002344014,4.648829952814497
2026-07-15T12:29:16+03:00,10.38,293.68,52.99859604960115,12.49992,248.99599860795314,240.21255560859763,0.761403613949351,5.6181600000000005,5.52096,0.32658594322456924,,-10.65701498943331,23.015636,58.315402,10.162784409109943,79.19765624830018,328.1936548562533,1.0529639522593324,0.002901035545694925,4.651730988360192
2026-07-15T12:29:18+03:00,10.38,293.67,54.00127219108009,12.908159999999999,246.9963759029466,242.65335581585495,-0.43218206486717997,5.5598399999999994,5.52096,0.1432394487827058,,-11.258620674320678,23.015556,58.315384,10.638019913146277,79.01468045690426,326.01105635985084,1.0594690680944816,0.0027476746751895174,4.654478663035381
2026-07-15T12:29:20+03:00,10.12,293.67,52.99859604960115,12.49992,249.9986747494321,243.6560319573339,0.022803720246206766,5.5404,5.5404,-0.08594366926962349,,-10.30751073440351,23.015469,58.315371,10.177644927990645,78.76765394303779,328.76632869246987,1.0792040654577688,0.0028556793136291026,4.65733434234901
2026-07-15T12:29:22+03:00,10.08,293.68,52.99859604960115,12.49992,249.9986747494321,244.06283199187678,-0.4169986832962131,5.5404,5.443199999999999,0.13178029288008933,,-10.8575502177291,23.015384,58.315357,10.177644927990645,78.76765394303779,328.76632869246987,1.0792040654577688,0.0028123977173643015,4.6601467400663745
2026-07-15T12:29:24+03:00,9.93,293.67,52.99859604960115,12.49992,251.9982974544387,243.19766572122924,0.33185715493977286,5.773680000000001,5.50152,0.3552338329811104,,-9.929358589617168,23.015277,58.315339,10.13478800879609,80.06132215464454,332.05961960908326,0.996502899874785,0.0035471504378943976,4.663693890504269
2026-07-15T12:29:26+03:00,9.78,293.67,52.99859604960115,12.59712,250.9956213129597,243.49560377469723,-0.2833849254717052,5.28768,5.69592,0.10886198107485642,,-11.487803792373008,23.015189,58.315323,10.318485450465202,77.1563918589639,328.1520131719236,1.1754016922824821,0.0029400135277468727,4.6666339040320155
2026-07-15T12:29:28+03:00,9.37,293.68,52.00164948607352,12.69432,250.9956213129597,245.32333914116458,0.05890006133944863,5.50152,5.94864,0.37242256683503505,,-11.482074214421695,23.015101,58.315304,10.267543567032387,76.97765747211095,327.97327878507065,1.2396629673347233,0.0030038384821324876,4.669637742514148
2026-07-15T12:29:30+03:00,9.3,293.67,52.00164948607352,12.69432,252.99524401796634,245.55252225921691,0.4351041496223471,5.307119999999999,6.2208000000000006,0.31512678732195276,,-10.834631905923866,23.015004,58.315289,10.313087234437432,75.92535784317191,328.92060186113827,1.2906159260435943,0.0031923771181123694,4.67283011963226
2026-07-15T12:29:32+03:00,9.56,293.67,50.002026781066945,12.59712,251.9982974544387,245.73586875365876,-0.4023309637408641,5.346,5.754239999999999,0.12605071492878112,,-10.158541707669496,23.014913,58.315274,10.034677818901004,74.08908292518683,326.08738037962553,1.4655656063942002,0.003011137968189861,4.6758412576004496
2026-07-15T12:29:34+03:00,9.93,293.67,50.002026781066945,12.69432,254.9948667229729,246.11975047639646,0.180940071702314,5.67648,6.201359999999999,0.09740282517223994,,-9.837685342396234,23.014822,58.31526,10.03667062328046,75.67714178650472,330.6720085094776,1.404279313819191,0.002993690605476923,4.678834948205926
2026-07-15T12:29:36+03:00,10.01,293.67,50.002026781066945,12.908159999999999,253.99792015944524,246.68697869357595,0.5141723253504007,5.851439999999999,5.87088,-0.16615776058793874,,-9.006896539456541,23.014722,58.315245,10.186404671149745,76.10952890677996,330.1074490662252,1.4047352972650202,0.003283347673461639,4.682118295879388
2026-07-15T12:29:38+03:00,10.08,293.65,50.998973344594575,13.19976,254.9948667229729,247.1224266178754,-0.4965252252603714,5.50152,5.79312,-0.045836623610465865,,-10.376265669819208,23.014623,58.31523,10.634728563650427,74.70377764526305,329.69864436823593,1.4513529865816148,0.0032530028830589286,4.685371298762447
2026-07-15T12:29:40+03:00,9.93,293.66,48.999350639587995,12.908159999999999,255.99754286445182,246.0280772291755,-1.259762304154141,5.6376,5.7153599999999996,-0.05156620156177409,,-9.442344463755967,23.014523,58.315221,10.144835340352856,73.7958448588172,329.793387723269,1.5732328653851524,0.00320314285560535,4.688574441618052
2026-07-15T12:29:42+03:00,9.82,293.67,50.002026781066945,12.69432,254.9948667229729,241.15793597056347,-2.660071155453873,5.598719999999999,6.10416,0.1546986046853223,,-11.676879864766178,23.014435,58.31521,10.056189572605227,75.24786626697775,330.24273298995064,1.4256466476097671,0.0028558682373471607,4.6914303098553995
2026-07-15T12:29:44+03:00,9.78,293.66,52.99859604960115,12.69432,246.9963759029466,242.11477548843197,2.273725714197159,5.6376,5.65704,-0.1432394487827058,,-10.381995247770517,23.01434,58.315192,10.333784827811597,78.82766647978308,325.82404238272966,1.0923450609369727,0.003188455976715436,4.694618765832115
2026-07-15T12:29:46+03:00,9.78,293.66,52.99859604960115,12.79152,248.99599860795314,247.01929421475182,2.2950397441760257,5.851439999999999,5.81256,-0.09167324722093173,,-10.490857228845375,23.014244,58.315171,10.381190958536703,79.75183235918978,328.74783096714293,1.0410418325568749,0.0032831927148234143,4.697901958546939
2026-07-15T12:29:48+03:00,9.78,293.65,50.998973344594575,12.908159999999999,253.99792015944524,250.96124384525186,1.7131438074411613,5.851439999999999,5.87088,-0.017188733853924696,,-8.284969717591705,23.014139,58.315156,10.285476978879739,77.23783640561636,331.2357565650616,1.2926093696741239,0.003435417297175408,4.701337375844114
2026-07-15T12:29:50+03:00,9.78,293.65,50.002026781066945,13.19976,260.9994644159439,251.56857910809057,0.03437746770784939,5.5598399999999994,6.10416,0.011459155902616466,,-7.030192146255201,23.01404,58.315145,10.526298322472126,73.86970123882739,334.86916565477134,1.5446496889080823,0.0031947347800845667,4.704532110624198
2026-07-15T12:29:52+03:00,9.78,293.65,48.999350639587995,13.19976,263.9960336844781,247.44901256109998,0.07150513283232673,5.5598399999999994,5.6376,0.14896902673401402,,-10.192919175377344,23.01394,58.315138,10.433109936913194,72.71409241165867,336.7101260961368,1.6520510415747742,0.0031850521973939496,4.707717162821592
2026-07-15T12:29:54+03:00,9.78,293.65,48.999350639587995,13.10256,255.99754286445182,249.54030851332743,0.8989134847807487,5.67648,5.598719999999999,-0.18334649444186346,,-9.316293748827185,23.013849,58.315125,10.31055710921567,73.5502510158523,329.5477938803041,1.6074332894764274,0.0029773641661378822,4.71069452698773
2026-07-15T12:29:56+03:00,9.63,293.64,48.999350639587995,12.908159999999999,258.99984171093735,246.43487726371836,-0.13836930752409382,5.7348,5.52096,0.10313240312354818,,-9.522558555074282,23.013751,58.315113,10.118141163263228,74.32439871379644,333.3242404247338,1.5494883121281509,0.0031769615699720265,4.713871488557702
2026-07-15T12:29:58+03:00,9.48,293.63,50.002026781066945,13.296959999999999,255.99754286445182,246.55519840069587,0.09115758520531396,5.6181600000000005,5.598719999999999,-0.22918311805232927,,-10.14708255176688,23.013659,58.315104,10.598996538933623,73.95994775732073,329.95749062177254,1.552349588132984,0.0029545178333954623,4.716826006391098
2026-07-15T12:30:00+03:00,9.48,293.64,50.002026781066945,13.19976,255.99754286445182,246.82448856440735,-1.7056380603249477,5.2488,5.6376,-0.045836623610465865,,-9.041274007164391,23.013567,58.315094,10.616917663847628,72.25699602172314,328.25453888617494,1.5995613327743914,0.0029661129404702073,4.719792119331568
2026-07-15T12:30:02+03:00,8.92,293.64,50.998973344594575,13.19976,257.9971655694584,246.21715330156866,-0.1851799593862821,5.6376,5.443199999999999,0.045836623610465865,,-7.9984908200262925,23.013462,58.315082,10.599642121132474,75.41331089017005,333.41047645962846,1.4197987468608266,0.0033925640721005294,4.723184683403669
2026-07-15T12:30:04+03:00,8.73,293.64,50.998973344594575,13.19976,251.9982974544387,244.4524432925657,-1.8821090612252416,5.773680000000001,5.79312,-0.06875493541569878,,-7.368237245382387,23.013361,58.315062,10.56619184486299,76.1274467006405,328.1257441550792,1.3843148810029087,0.0034077977894157994,4.726592481193085
2026-07-15T12:30:06+03:00,8.58,293.63,52.00164948607352,13.00536,244.99675319794,240.96885989817034,-3.430412911007265,6.14304,5.9292,-0.11459155902616464,,-9.43088530785335,23.013264,58.315044,10.416647776301883,79.69416131537487,324.69091451331485,1.0990050678565577,0.003247934979008935,4.7298404161720935
2026-07-15T12:30:08+03:00,8.58,293.63,52.99859604960115,12.69432,248.99599860795314,239.69689359297993,1.8562113688853283,5.79312,5.94864,0.011459155902616466,,-8.663121862378048,23.013174,58.31503,10.304780729637683,79.67601951580629,328.6720181237594,1.0382081678141721,0.002963423284087833,4.7328038394561815
2026-07-15T12:30:10+03:00,8.51,293.62,52.00164948607352,12.30552,241.99445435145452,241.35847119885932,-0.7427824856075993,6.045839999999999,6.045839999999999,0.1604281826366305,,-9.906440277811933,23.013085,58.315007,9.817046059771156,81.0343238881982,323.02877823965275,0.9422003173102586,0.0031315450349565553,4.735935384491138
2026-07-15T12:30:12+03:00,8.58,293.62,52.00164948607352,12.30552,242.99713049293345,240.48184577230913,-1.9742406746822776,5.96808,6.08472,-0.040107045659157625,,-8.233403516029929,23.012994,58.314982,9.829464502462994,80.58659563595182,323.58372612888525,0.976119867669881,0.003242261688906104,4.739177646180044
2026-07-15T12:30:14+03:00,8.58,293.61,54.99821875460771,12.402719999999999,248.99599860795314,233.49749024966442,-3.8214566061840523,5.6181600000000005,6.10416,-0.25210142985756223,,-6.485882240880918,23.012898,58.314964,10.26905497929338,81.62295885340772,330.6189574613609,0.8184906731411111,0.0032181903330232354,4.742395836513068
2026-07-15T12:30:16+03:00,8.43,293.61,56.99784145961429,12.091679999999998,243.9998066344124,223.4134330553619,-5.8947616836444485,5.79312,5.87088,-0.5786873730821314,,-3.9133017407435227,23.012803,58.314946,10.171636311407283,85.52934951272202,329.5291561471344,0.4515645445442499,0.0031884756018221846,4.74558431211489
2026-07-15T12:30:18+03:00,8.28,293.6,63.999385716112954,11.99448,238.99788508292028,206.35647949431728,-10.784211619952353,6.24024,5.96808,-1.0943493886998723,,0.8422479588423101,23.012714,58.31492,10.825151991239617,95.20520317794636,334.20308826086665,-0.5661334099769759,0.003215231609826231,4.748799543724717
2026-07-15T12:30:20+03:00,8.32,293.6,73.00055267761819,11.60568,221.99822730138877,189.70059638986427,-3.4143700927436016,6.78456,5.57928,-0.27501974166279514,,0.017188733853924696,23.012622,58.314872,11.605220860874368,106.99203112240625,328.990258423795,-1.982710967441525,0.0040940001508171005,4.752893543875534
2026-07-15T12:30:22+03:00,8.43,293.6,82.99866620265107,10.692,198.9997014048375,184.26322691407276,-3.632265942231854,6.0652800000000004,6.10416,-0.5557690612768985,,-3.0710537819012123,23.012579,58.314821,11.631725634615103,114.16702762091252,313.16672902575004,-2.4831138788837857,0.0033526521557114258,4.756246196031245
2026-07-15T12:30:24+03:00,8.32,293.6,88.99753431767077,9.29232,194.99472641687308,175.20476417305446,-4.582401853897298,5.7153599999999996,5.28768,-0.246371851906254,,-1.4954198452914487,23.012551,58.314767,10.823780416133795,120.86502178068551,315.8597481975586,-2.932078673236495,0.003364044465157241,4.759610240496403
2026-07-15T12:30:26+03:00,8.28,293.6,99.99832398418258,8.49528,190.9954810068599,169.48091579969753,-0.5722129499971531,5.346,5.307119999999999,-0.2578310078088704,,-2.417881895452074,23.012537,58.314717,10.794425040089514,129.19008434972486,320.1855653565848,-3.3781116361852446,0.003037714899120894,4.762647955395524
2026-07-15T12:30:28+03:00,8.13,293.59,103.99756939419571,7.795439999999999,180.99736748182707,169.24600310369388,-0.05145161000274793,5.598719999999999,5.346,-0.045836623610465865,,-7.276563998161455,23.01253,58.314664,10.64086795897338,134.69664113596772,315.6940086177948,-3.9378766886414653,0.003193365583317895,4.765841320978842
2026-07-15T12:30:30+03:00,8.13,293.59,108.00254438216018,7.1928,177.99506863534154,170.26013840107544,1.8491066922257058,5.5404,5.52096,-0.09740282517223994,,-11.527910838032163,23.012535,58.314611,10.347223584137378,138.61536106413823,316.61042969947977,-4.156897525245679,0.0031896177140253554,4.769030938692867
2026-07-15T12:30:32+03:00,8.28,293.59,103.00062283066809,6.901199999999999,180.99736748182707,173.68642601595778,0.7077747643251059,5.6181600000000005,5.326560000000001,0.09167324722093173,,-11.648231975009637,23.012526,58.31456,9.830296522430396,136.83992636186542,317.83729384369246,-4.098141387732368,0.0030786344544172436,4.772109573147285
2026-07-15T12:30:34+03:00,8.13,293.59,99.99832398418258,6.39576,184.9966128918402,176.08711917755593,1.243031936536321,5.48208,5.52096,-0.1432394487827058,,-12.99468279356707,23.012516,58.314512,9.11777688976737,136.30595506862136,321.30256796046154,-3.9637573629102096,0.0029023932908128925,4.775011966438098
2026-07-15T12:30:36+03:00,7.98,293.6,97.00175471564837,5.90976,188.99585830185336,179.31287156414243,1.1446550831123585,5.69592,5.69592,-0.1604281826366305,,-15.22921819457728,23.012504,58.31446,8.693412969740944,137.5669834278303,326.56284172968367,-4.203968608512922,0.0031484791337955276,4.778160445571893
2026-07-15T12:30:38+03:00,7.98,293.59,93.99945586916286,5.50152,188.99585830185336,182.1260943382348,0.640967885412852,5.6376,6.0264,-0.813600069085769,,-12.049302431601213,23.012489,58.314412,8.14712918609388,137.65241839470858,326.64827669656194,-4.166591929116882,0.0029237794707962133,4.781084225042689
2026-07-15T12:30:40+03:00,7.76,293.59,95.00213201064179,6.006959999999999,195.99740255835198,173.74372179547083,-7.961821521137919,5.79312,5.79312,-0.4812845479098915,,-10.605448787871538,23.012471,58.314363,8.701279220888752,136.54975404881804,332.54715660717,-4.205642016231888,0.0029996040814677626,4.784083829124157
2026-07-15T12:30:42+03:00,7.65,293.59,103.99756939419571,6.6095999999999995,192.9951037118665,162.0439236188994,-0.6330037720605336,5.03496,5.5404,-0.395340878640268,,-5.912924445750096,23.012452,58.314314,9.22695870056589,135.96761663208912,328.96272034395565,-3.6198697247583684,0.0030057456725695775,4.787089574796727
2026-07-15T12:30:44+03:00,7.65,293.59,114.0014124971799,6.39576,181.9943140453547,163.60809839960658,1.4883724644113396,5.01552,5.6181600000000005,-0.5099324376664327,,-5.443099053742821,23.012448,58.314266,9.599858248549019,142.50955407205475,324.50386811740947,-3.979588620310267,0.0028879329929101475,4.7899775077896365
2026-07-15T12:30:46+03:00,7.87,293.59,120.0002806121996,5.79312,177.99506863534154,159.62604172344737,-2.612286475339962,5.3654399999999995,5.6376,-0.2578310078088704,,-4.2456172619194,23.01245,58.314216,9.665975748544682,148.73248999664008,326.72755863198165,-4.586127491784906,0.0030060490923021752,4.792983556881938
2026-07-15T12:30:48+03:00,7.5,293.6,120.99722717572726,6.492959999999999,176.99812207181392,156.62374287696184,-0.9222901628220862,5.1710400000000005,5.22936,-0.34377467707849396,,-2.3835044277442243,23.012459,58.314164,10.172540092468235,146.8295718390472,323.8276939108611,-4.328402554936829,0.0031384907967179475,4.796122047678656
2026-07-15T12:30:50+03:00,7.01,293.6,127.99877143222591,6.6095999999999995,170.9992539567942,154.98508358288768,-1.041923750445402,5.09328,5.38488,-0.22918311805232927,,-2.6069579678452457,23.012478,58.314115,10.539407036062817,150.38331282542717,321.3825667822214,-4.427848234291031,0.003005746346946859,4.799127794025603
2026-07-15T12:30:52+03:00,7.38,293.59,135.00031568872456,6.901199999999999,167.99695511030868,153.56987782891454,-0.32011152013959093,5.28768,5.3654399999999995,-0.395340878640268,,-3.798710181717358,23.012501,58.314065,11.277985173059285,154.36167728143036,322.35863239173904,-4.767072586821704,0.003091869544354703,4.802219663569958
2026-07-15T12:30:54+03:00,7.53,293.59,140.99918380374427,6.7068,165.99733240530213,154.154294779948,0.5086719305171449,5.26824,5.3654399999999995,-0.17188733853924698,,-5.626445548184684,23.012525,58.314017,11.298350840705817,158.0636305577808,324.06096296308294,-4.886815772237934,0.002983014122398952,4.805202677692357
2026-07-15T12:30:56+03:00,7.61,293.59,142.99880650875087,6.201359999999999,165.99733240530213,154.74444130893275,-1.3805991031472316,5.57928,5.52096,-0.2864788975654116,,-5.420180741937589,23.012553,58.313967,11.173564403766225,160.48714881213812,326.48448121744025,-5.258842957682317,0.0031327062709410594,4.808335383963298
2026-07-15T12:30:58+03:00,7.72,293.59,140.00223724021666,6.29856,168.99963125178763,151.66765794908022,-1.7055234687659215,5.7348,5.1127199999999995,-0.20053522829578813,,-4.514907425630887,23.012572,58.313914,11.309383590077177,159.02426973677095,328.0239009885586,-5.354767091823455,0.0032416961119596096,4.811577080075257
2026-07-15T12:31:00+03:00,7.83,293.59,138.99956109873773,6.29856,165.99733240530213,152.7620073377801,1.9122466412491226,5.404319999999999,5.13216,-0.246371851906254,,-6.038975160678876,23.012594,58.313859,10.966219227929535,157.86330848920485,323.860640894507,-5.005954124288501,0.0033781057607975788,4.814955185836055
2026-07-15T12:31:02+03:00,7.68,293.59,140.99918380374427,5.79312,165.99733240530213,153.466745425791,-0.5275795377564619,5.22936,5.0544,-0.03437746770784939,,-5.145161000274793,23.012617,58.313812,10.391924918831393,159.4619473197788,325.45927972508093,-4.896978711297028,0.002916899045151558,4.817872084881206
2026-07-15T12:31:04+03:00,7.61,293.59,138.99956109873773,5.79312,168.99963125178763,151.77079035220376,-0.8335390003563217,5.1710400000000005,5.01552,-0.02864788975654116,,-3.4721242384927886,23.012631,58.313765,10.272119569126854,158.28451520435476,327.28414645614237,-4.80406478553229,0.002859433074120002,4.820731517955326
2026-07-15T12:31:06+03:00,7.8,293.61,142.99880650875087,5.79312,164.99465626382317,151.22075086887818,-0.6733400008377435,4.87944,5.0544,0.18334649444186346,,-6.016056848873643,23.012649,58.313724,10.125157533425657,159.85857060001632,324.8532268638395,-4.581040351700097,0.00252909496369463,4.823260612919021
2026-07-15T12:31:08+03:00,7.91,293.6,138.99956109873773,5.50152,160.99541085381,151.63901005932368,0.21084846860814294,4.89888,4.89888,0.17188733853924698,,-3.85600596123044,23.012679,58.313676,9.744037387427783,158.25868461635244,319.25409547016244,-4.550401646960414,0.0030366689672199853,4.826297281886241
2026-07-15T12:31:10+03:00,7.76,293.6,133.99763954724563,5.90976,163.9977097002955,152.52136506382513,-0.3669221720017792,4.93776,5.09328,-0.02864788975654116,,-3.6153636872754946,23.012705,58.313631,9.992328392172592,154.82047851949292,318.81818821978845,-4.468569974490286,0.002826669396514609,4.829123951282756
2026-07-15T12:31:12+03:00,7.57,293.6,133.99763954724563,6.29856,164.99465626382317,155.38042446152795,1.6984760878858123,4.704479999999999,4.91832,0.25210142985756223,,-6.067623050435417,23.012724,58.313587,10.147398817501502,153.47956899337598,318.4742252571991,-4.20945201300689,0.0027119192333254637,4.831835870516081
2026-07-15T12:31:14+03:00,7.57,293.6,135.99726225225223,5.90976,163.9977097002955,156.57217667540004,0.231073878776261,4.89888,4.82112,0.2119943841984046,,-7.8208739035357375,23.012747,58.313546,10.028652685026321,155.83449779644423,319.8322074967397,-4.469575300356029,0.002569178277102377,4.834405048793184
2026-07-15T12:31:16+03:00,7.42,293.6,133.99763954724563,6.10416,168.99963125178763,155.603878001629,-0.12032113697747288,4.87944,4.859999999999999,0.07448451336700701,,-5.380073696278431,23.012761,58.313504,10.121688321077126,154.2888308899773,323.28846214176497,-4.396338686486952,0.002562928637114451,4.836967977430298
2026-07-15T12:31:18+03:00,7.53,293.61,133.99763954724563,6.492959999999999,170.9992539567942,154.2975342287307,-0.2367461609480562,5.2488,4.68504,0.13178029288008933,,-5.385803274229739,23.012773,58.313458,10.81918068617005,154.42338926162267,325.42264321841685,-4.734463984382378,0.0027907923107459666,4.839758769741044
2026-07-15T12:31:20+03:00,7.53,293.59,138.00261453521009,7.095599999999999,168.99963125178763,153.85062714852864,-0.9844560835937803,4.7628,4.704479999999999,0.14896902673401402,,-4.9446257719790045,23.012791,58.313415,11.102383178939977,154.68314968107816,323.6827809328658,-4.305365577426275,0.002646374967972561,4.842405144709017
2026-07-15T12:31:22+03:00,7.68,293.6,142.00185994522323,6.901199999999999,167.99695511030868,151.47858187668706,-0.5829845565456127,4.89888,4.84056,0.12605071492878112,,-4.1711327485523935,23.012812,58.313368,11.176283397392499,157.6572346402879,325.6541897505966,-4.53110263904282,0.0029018253550866613,4.845306970064104
2026-07-15T12:31:24+03:00,7.53,293.59,140.99918380374427,6.804,161.99808699528896,149.36436761265432,-0.9600480815212075,5.13216,4.859999999999999,0.005729577951308233,,-4.577932783095277,23.012833,58.313322,11.265323455009117,157.6600029934872,319.65808998877617,-4.74696369077722,0.002843341053684573,4.848150311117788
2026-07-15T12:31:26+03:00,7.57,293.6,140.99918380374427,6.492959999999999,162.99503355881663,148.21845202239265,-0.38307958182446844,4.87944,4.91832,0.08594366926962349,,-4.761279277537141,23.012861,58.313274,10.733591500999179,157.62326431771933,320.61829787653596,-4.512021519232644,0.003017572448803608,4.851167883566592
2026-07-15T12:31:28+03:00,7.83,293.6,142.99880650875087,5.90976,159.99846429028239,148.4361759845424,0.33861805692231656,5.46264,4.89888,0.18334649444186346,,-4.0622707674775365,23.012889,58.31323,10.785611546990063,160.74569296594333,320.7441572562257,-5.1570830485551085,0.0027885810895641534,4.8539564646561555
2026-07-15T12:31:30+03:00,7.57,293.6,142.99880650875087,5.20992,159.99846429028239,149.18675069616376,0.05150890578226101,4.78224,4.68504,0.03437746770784939,,-4.222698950114167,23.012919,58.313185,9.476740414437216,160.67888660597404,320.6773508962564,-4.512899908259607,0.002865898431583617,4.856822363087739
2026-07-15T12:31:32+03:00,7.68,293.6,144.99842921375745,4.89888,161.99808699528896,147.63976464931054,-1.2084252857104192,4.723920000000001,4.5684000000000005,0.10886198107485642,,-3.8617355391817485,23.012943,58.313146,9.177538623371852,162.1707426897771,324.16882968506604,-4.497045094709466,0.002463629752882743,4.859285992840621
2026-07-15T12:31:34+03:00,7.98,293.6,144.99842921375745,4.704479999999999,157.9988415852758,141.49765708550808,-2.858944806143781,4.41288,4.58784,-0.09740282517223994,,-1.1860226359208041,23.012973,58.313105,8.695785344644596,161.9214254505132,319.92026703578904,-4.195024238326436,0.0026401756491772543,4.8619261684897985
2026-07-15T12:31:36+03:00,7.98,293.6,151.9999734702561,4.704479999999999,156.99616544379688,132.17563375872962,-4.09263753061947,4.82112,4.510079999999999,-0.22918311805232927,,-1.3178029288008932,23.013005,58.313066,9.24269151104854,166.17491014716592,323.1710755909628,-4.681450865744159,0.0025526596202777255,4.864478828110077
2026-07-15T12:31:38+03:00,7.83,293.61,172.99887666180075,4.29624,147.99499848229166,124.01671475606668,-4.247966388879437,4.5684000000000005,4.45176,0.03437746770784939,,0.10886198107485642,23.01305,58.313035,8.848115958738894,176.60704551308262,324.6020439953743,-4.560392111610175,0.002343223252270056,4.866822051362346
2026-07-15T12:31:40+03:00,7.98,293.62,-166.99914911008833,4.19904,138.99956109873773,117.07246627908111,-1.4437963479501614,4.33512,4.14072,-0.10886198107485642,,0.9969465635276323,23.013091,58.313014,8.479308008948035,173.6036728988634,325.3958881998743,-4.308134149998538,0.0018080505466286094,4.868630101908975
2026-07-15T12:31:42+03:00,7.98,293.61,-153.00179017504234,4.19904,133.99763954724563,113.98995334127729,-2.1795314526776517,3.96576,3.71304,0.13178029288008933,,1.7188733853924696,23.013141,58.312988,7.939422449268986,166.1079140222676,327.889725524978,-3.849760147829443,0.0022213798275631624,4.870851481736538
2026-07-15T12:31:44+03:00,8.13,293.61,-146.0002459185437,5.20992,126.99609529074696,110.56366572639496,-1.1736467475459782,4.14072,3.92688,0.045836623610465865,,1.065701498943331,23.013197,58.312964,8.947529750438294,160.99796142687984,325.9981338638671,-3.9150797092094862,0.002281940015329076,4.8731334217518665
2026-07-15T12:31:46+03:00,8.28,293.61,-138.00175509851738,6.006959999999999,123.99952602221278,108.74738951583025,-1.268127487963051,4.16016,3.73248,0.18334649444186346,,0.5557690612768985,23.013256,58.312943,9.514923841110488,155.01246739448837,328.9870586277244,-3.7707678844520305,0.002250206602679433,4.8753836283545455
2026-07-15T12:31:48+03:00,8.43,293.62,-134.99945625203188,6.6095999999999995,119.9945510342483,107.49834152244506,-0.15269325240236437,4.0824,3.888,0.09740282517223994,,2.4809072529164644,23.013316,58.312927,9.92533164309593,151.9079297464292,328.08662128781907,-3.6014608073661125,0.0021245395415210163,4.877508167896067
2026-07-15T12:31:50+03:00,8.43,293.62,-131.00021084201873,6.901199999999999,115.99530562423517,110.54074741458973,5.280951997720798,4.23792,3.61584,0.22918311805232927,,-0.246371851906254,23.013386,58.312909,10.196168740485884,149.28167766128286,326.71362796295233,-3.643293052607967,0.002460750387980417,4.879968918284047
2026-07-15T12:31:52+03:00,8.43,293.62,-132.9998335470253,7.1928,111.99606021422201,119.98882145629699,2.3250627326408804,3.92688,3.61584,0.09167324722093173,,-1.8162762105647094,23.013449,58.312894,10.280227804339917,149.22220213154722,322.7738580826748,-3.3738113456123697,0.0021839235815509107,4.882152841865598
2026-07-15T12:31:54+03:00,8.58,293.62,-142.00100050853052,7.3094399999999995,122.99684988073382,120.66491165455136,-0.5690043863444206,3.8296799999999998,3.5964,-0.08021409131831525,,0.0,23.013503,58.312875,10.593028096092922,154.86126816794808,328.1355817127857,-3.4669397346593107,0.0020521138675394894,4.8842049557331375
2026-07-15T12:31:56+03:00,8.58,293.63,-144.99756977706474,6.006959999999999,135.99726225225223,118.24130018114798,-0.42244178234995594,3.888,3.57696,-0.13178029288008933,,0.040107045659157625,23.013549,58.312852,9.4584177902443,158.63576453125148,337.3614977210008,-3.6208298349781782,0.002005154276828915,4.886210110009967
2026-07-15T12:31:58+03:00,8.58,293.63,-144.00062321353712,6.10416,130.99534070076012,118.05222410875483,0.2647637971299534,3.71304,3.6935999999999996,0.2807493196141034,,-0.8078704911344607,23.013596,58.312832,9.365919588155323,157.475503186825,333.51983751393516,-3.4297938319394277,0.0019097872441151563,4.888119897254081
2026-07-15T12:32:00+03:00,8.43,293.64,-146.0002459185437,6.6095999999999995,132.9949634057667,118.02930579694959,0.11590936195496554,3.86856,3.9851999999999994,0.1432394487827058,,-2.5725805001373967,23.013652,58.312808,10.052316462866745,158.42750138475105,334.5674620210157,-3.597579266948142,0.002281946058333274,4.890401843312414
2026-07-15T12:32:02+03:00,8.43,293.64,-149.99949132855681,7.40664,141.99613036727192,119.7080721366829,0.9215453176884162,4.19904,4.19904,0.20053522829578813,,-3.076783359852521,23.013701,58.312778,11.240912058150728,160.76428821945308,341.23184214781884,-3.9646126697721775,0.0023759554021660664,4.89277779871458
2026-07-15T12:32:04+03:00,8.43,293.63,-157.0010355850555,7.698239999999999,140.99918380374427,119.00333404867199,-0.6336340256351773,4.23792,4.52952,-0.2119943841984046,,0.7276563998161455,23.013743,58.312747,11.71688497449476,165.1252054030068,335.8739784007375,-4.095903499235296,0.002287037542226077,4.8950648362568066
2026-07-15T12:32:06+03:00,8.51,293.65,-153.99873673856996,7.503839999999999,134.99458611077327,114.61447733796987,-3.6813684252745653,4.393439999999999,4.35456,-0.1432394487827058,,2.2631832907667517,23.013792,58.31272,11.613422620917841,163.54514412725058,331.44944198352266,-4.213498830386643,0.0022421774693740515,4.897307013726181
2026-07-15T12:32:08+03:00,8.58,293.65,-144.99756977706474,6.901199999999999,135.99726225225223,111.17673056718493,-0.45813705298660623,4.393439999999999,4.45176,-0.22345354010102106,,2.125673419935354,23.013847,58.312692,10.798184774857583,158.49396901212464,337.5032932401276,-4.087564246497643,0.0024182915934868147,4.899725305319667
2026-07-15T12:32:10+03:00,8.43,293.66,-136.99907895703842,6.9984,123.99952602221278,110.8730629357656,0.2197293144326707,4.4712,4.58784,-0.09740282517223994,,0.6016056848873644,23.013914,58.312668,10.711605070312475,153.53893393005393,330.46059209215883,-4.002785273516547,0.0025604874987926675,4.90228579281846
2026-07-15T12:32:12+03:00,8.58,293.66,-131.99715740554637,6.804,122.99684988073382,111.40591368523725,0.63684258928791,4.52952,4.704479999999999,-0.10886198107485642,,0.44117750225073393,23.013981,58.312646,10.394824282871518,150.89235137708621,332.1044985036476,-3.9574746558124314,0.0024947368189478965,4.904780529637407
2026-07-15T12:32:14+03:00,8.62,293.65,-127.99791199553322,6.39576,125.99914872721935,112.1278405071021,0.6694438878308538,4.6655999999999995,4.859999999999999,-0.13750987083139757,,0.1546986046853223,23.01405,58.312621,9.970687215975017,149.63619172919772,336.3629569980216,-4.025634301946033,0.0026465632497509996,4.907427092887159
2026-07-15T12:32:16+03:00,8.73,293.65,-125.99828929052664,6.29856,125.99914872721935,114.9124153914379,1.2357553725381596,4.64616,4.78224,0.045836623610465865,,-0.4239887683968092,23.014128,58.312596,9.780556244461811,148.60007818471695,337.3990705425024,-3.965736875497593,0.002884994976820953,4.910312087863979
2026-07-15T12:32:18+03:00,8.73,293.66,-125.99828929052664,6.492959999999999,127.99877143222591,115.49683234247135,0.09660068425905678,4.723920000000001,4.78224,-0.05156620156177409,,0.6073352628386726,23.014197,58.31257,10.02645646778198,148.40464902910864,339.59412240311724,-4.023690730837848,0.00268115094775832,4.912993238811738
2026-07-15T12:32:20+03:00,8.88,293.66,-127.00096543200556,6.492959999999999,125.99914872721935,115.18170555514939,-0.9097423871087211,4.91832,4.7628,-0.13750987083139757,,2.137132575837971,23.014274,58.312546,10.236529208887685,149.56486549529956,336.4342832319198,-4.240591245997358,0.0028269524588654137,4.915820191270603
2026-07-15T12:32:22+03:00,8.66,293.66,-127.00096543200556,6.39576,127.99877143222591,115.82914786364722,0.39316363901877094,4.89888,4.7628,0.005729577951308233,,1.5469860468532228,23.014332,58.312512,10.130045618184138,149.72012004536268,338.2786513868632,-4.230538870892856,0.002744107534748282,4.918564298805351
2026-07-15T12:32:24+03:00,8.43,293.67,-131.99715740554637,6.39576,131.99801684223905,116.68285497839217,-0.0943088530785335,4.74336,4.91832,-0.022918311805232933,,1.260507149287811,23.014388,58.312482,10.198153175465828,152.21965002338862,339.77836681885043,-4.196644472265141,0.00252545573772197,4.921089754543073
2026-07-15T12:32:26+03:00,8.43,293.66,-131.00021084201873,6.7068,126.99609529074696,116.27605494384926,0.09774659984931845,5.1127199999999995,4.80168,-0.13178029288008933,,0.664631042351755,23.014446,58.312455,10.775610341850365,151.98297189029336,335.0131234004536,-4.513550263598762,0.002446919142693719,4.923536673685766
2026-07-15T12:32:28+03:00,8.62,293.66,-129.99753470053977,6.7068,127.99877143222591,115.78331124003675,-0.5130837055396522,4.97664,4.97664,-0.017188733853924696,,1.1516451682129547,23.01451,58.312429,10.613904975692876,151.04832115544968,336.9504502767762,-4.3547006730481606,0.0025545384587341994,4.926091212144501
2026-07-15T12:32:30+03:00,8.58,293.66,-127.00096543200556,6.7068,123.99952602221278,116.72869160200261,1.9525255742468193,4.87944,4.957199999999999,-0.011459155902616466,,1.6615776058793876,23.014579,58.312407,10.400975452767526,149.00435552696507,334.9951704952477,-4.182687443009071,0.0025485153861282313,4.928639727530629
2026-07-15T12:32:32+03:00,8.62,293.67,-121.9990438805135,6.492959999999999,126.99609529074696,116.69431413429479,-0.0346639466054148,4.89888,5.01552,0.011459155902616466,,0.17188733853924698,23.014651,58.312379,9.993410038679665,146.56414381126967,340.4319514794773,-4.088131057253152,0.0028285173566410153,4.93146824488727
2026-07-15T12:32:34+03:00,8.88,293.67,-121.9990438805135,6.39576,130.99534070076012,117.94909170563129,-0.0959131349048998,5.01552,4.996079999999999,-0.005729577951308233,,0.6359831525952138,23.014713,58.312348,10.002891839618869,147.16374013655178,343.8316005642083,-4.214158335392241,0.0027026192880798116,4.93417086417535
2026-07-15T12:32:36+03:00,8.88,293.67,-125.99828929052664,6.10416,132.9949634057667,116.96360429800626,-0.8166940411794754,5.19048,5.26824,-0.011459155902616466,,0.590146528984748,23.014784,58.312317,10.072066984165199,150.63877248203528,342.35619092373145,-4.523741095128521,0.002915040280441848,4.937085904455792
2026-07-15T12:32:38+03:00,9.11,293.68,-127.00096543200556,6.6095999999999995,129.99839413723248,116.42502397058328,0.41367552808445435,5.1127199999999995,5.1710400000000005,-0.03437746770784939,,0.5729577951308232,23.01485,58.312287,10.511990233543882,149.85766533850375,340.14072879872873,-4.421381215324068,0.0027557565763083073,4.9398416610321
2026-07-15T12:32:40+03:00,9.18,293.68,-127.00096543200556,6.7068,131.99801684223905,117.25581277352298,0.27696779816623995,5.1127199999999995,5.19048,-0.05156620156177409,,0.1776169164905552,23.014924,58.312255,10.60162524147069,149.6536195997559,342.3443972424832,-4.412210165335485,0.0030263426844136295,4.942868003716513
2026-07-15T12:32:42+03:00,9.15,293.67,-125.99828929052664,6.492959999999999,129.99839413723248,118.5965340141291,0.37368307398432293,5.28768,5.1127199999999995,-0.045836623610465865,,-0.3781521447863433,23.014997,58.312224,10.510800824302999,150.01492598841617,339.9834681488163,-4.579953792215117,0.002963882260711116,4.945831885977224
2026-07-15T12:32:44+03:00,9.18,293.68,-127.99791199553322,6.39576,129.99839413723248,118.83144671013274,0.5260325517096088,5.09328,4.996079999999999,-0.06875493541569878,,-0.5786873730821314,23.015065,58.312193,10.341963522182413,150.8339847588155,339.16440937841696,-4.447509628013997,0.00284284723425867,4.948674733211483
2026-07-15T12:32:46+03:00,9.18,293.68,-127.99791199553322,6.492959999999999,128.99571799575352,118.98614531481807,0.49325936582812574,5.13216,4.957199999999999,0.06875493541569878,,-0.040107045659157625,23.015131,58.312162,10.465512184734012,150.73119638342556,338.26452161232794,-4.476965882735614,0.002795463122995237,4.951470196334478
2026-07-15T12:32:48+03:00,8.96,293.68,-129.00058813701216,6.6095999999999995,129.99839413723248,119.28408336828609,-0.05918654023701405,5.326560000000001,5.1127199999999995,0.022918311805232933,,-0.9339212060632418,23.015198,58.312135,10.787579205626061,151.56529167594948,338.433102461283,-4.68396534871101,0.0026662727126909843,4.954136469047169
2026-07-15T12:32:50+03:00,8.73,293.68,-131.00021084201873,6.492959999999999,133.99763954724563,119.45024112887403,-0.24866368308677728,5.01552,5.0544,0.20626480624709637,,-0.45836623610465854,23.015259,58.312104,10.490187069461372,152.15182613685954,341.8458134103861,-4.434665246912126,0.0026798474569951374,4.956816316504164
2026-07-15T12:32:52+03:00,8.58,293.69,-131.00021084201873,6.10416,131.99801684223905,118.71685515110659,-0.7322973579567051,5.03496,5.0544,0.06302535746439056,,0.45836623610465854,23.015326,58.312072,10.145869253961127,152.99540459054265,339.0026122516964,-4.485998860025447,0.002859168073101913,4.959675484577266
2026-07-15T12:32:54+03:00,8.58,293.69,-131.99715740554637,6.006959999999999,131.99801684223905,119.03198193842854,0.4373386850233574,4.82112,4.89888,0.022918311805232933,,-0.8021409131831525,23.015395,58.312038,9.90358741516246,153.2068993378347,338.7911175044044,-4.3035250626485215,0.0029871260677065054,4.962662610644973
2026-07-15T12:32:56+03:00,8.58,293.69,-132.9998335470253,5.598719999999999,127.99877143222591,119.1408439195034,0.1760126346641889,5.03496,5.01552,0.06302535746439056,,-1.180293057969496,23.015458,58.31201,9.754307941703779,155.179351071925,332.8194203603009,-4.569861876290803,0.0026056382405282765,4.965268248885501
2026-07-15T12:32:58+03:00,8.58,293.69,-138.998701662045,5.09328,129.99839413723248,120.10341301532317,0.27593647413500444,4.89888,5.03496,0.10313240312354818,,-1.7990874767107847,23.015521,58.31198,9.359586355655805,159.08257308338784,330.91582105384464,-4.576023853512294,0.002684857145126953,4.9679531060306275
2026-07-15T12:33:00+03:00,8.55,293.69,-142.99794707205817,4.80168,129.99839413723248,120.49302431601213,0.16638694370599105,4.704479999999999,4.91832,0.11459155902616464,,-2.0855663742761967,23.015581,58.311951,9.014915122775673,161.302941161487,328.69545297574547,-4.456209227963954,0.002574380214883908,4.970527486245511
2026-07-15T12:33:02+03:00,8.43,293.69,-146.9971924820713,4.60728,129.99839413723248,121.1691145142665,-0.07563042895726867,4.704479999999999,4.859999999999999,0.12032113697747288,,-1.6844959176846201,23.015639,58.311922,8.928277142958683,163.67577010257142,326.3226240346611,-4.514826014168874,0.0025282727666729493,4.973055759012184
2026-07-15T12:33:04+03:00,8.51,293.7,-151.00216747003577,4.393439999999999,131.99801684223905,120.48729473806081,-1.7872272503515767,4.89888,4.87944,0.045836623610465865,,-0.693278932108296,23.015696,58.311889,8.997271616825271,166.3069511696463,325.69106567259274,-4.7596432793895564,0.002678344653156534,4.97573410366534
2026-07-15T12:33:06+03:00,8.62,293.7,-153.00179017504234,4.19904,130.99534070076012,116.83182400512617,-2.2975034626950883,5.1710400000000005,4.723920000000001,0.02864788975654116,,0.5099324376664327,23.015763,58.311859,9.11404281748398,167.92742109931964,323.0679196014405,-5.056674413582397,0.0027797287575934905,4.978513832422934
2026-07-15T12:33:08+03:00,8.92,293.7,-151.00216747003577,4.393439999999999,126.99609529074696,113.48002090361085,-0.3066470119540166,4.7628,4.45176,0.06875493541569878,,0.4354479242994257,23.015835,58.311832,8.865117829185191,166.09875687043626,320.8973384203107,-4.623303632912422,0.0027931986798195112,4.981307031102753
2026-07-15T12:33:10+03:00,9.22,293.7,-144.00062321353712,5.20992,124.99647258574039,113.34824061073076,0.2604666136664722,4.82112,4.68504,0.18907607239317165,,-0.9912169855763242,23.015912,58.31181,9.540859304007723,161.27879227713655,323.71768030860386,-4.566041963865448,0.002767583110289683,4.984074614213043
2026-07-15T12:33:12+03:00,9.48,293.7,-138.00175509851738,5.79312,121.9999033172062,112.01897852602725,-1.7913525464765188,5.13216,4.89888,0.1546986046853223,,-0.641712730546522,23.015991,58.311784,10.202437311823193,157.67059244537555,324.32931087183067,-4.747324147761487,0.0029435104662065893,4.987018124679249
2026-07-15T12:33:14+03:00,9.56,293.71,-134.99945625203188,6.29856,122.99684988073382,108.86771065280772,-0.7698833893172872,5.07384,4.82112,0.06302535746439056,,0.8823550045014679,23.016066,58.311756,10.517155358991195,154.94555906001676,328.05129082071704,-4.596421171743106,0.0029052270302964626,4.989923351709545
2026-07-15T12:33:16+03:00,9.86,293.72,-131.00021084201873,7.095599999999999,120.99722717572726,106.36961466603734,-0.817668069431198,4.89888,5.01552,0.022918311805232933,,1.0370536091867901,23.016132,58.311731,10.952471326880605,150.72907234205078,330.2681548336765,-4.27337864061784,0.0025691970765685445,4.992492548786114
2026-07-15T12:33:18+03:00,10.08,293.71,-127.99791199553322,7.892639999999999,117.99492832924174,105.69352446778296,1.022328593851928,5.3654399999999995,5.151599999999999,-0.017188733853924696,,0.5271211715203573,23.016202,58.311706,11.967569184760128,148.6872165422446,329.3077117869971,-4.583925554227715,0.002672661221283996,4.995165210007398
2026-07-15T12:33:20+03:00,10.23,293.7,-123.99866658552006,7.892639999999999,117.99492832924174,110.07092202258245,1.725405104256961,5.151599999999999,5.20992,0.011459155902616466,,0.07448451336700701,23.016277,58.311683,11.58897917187223,145.62392229789472,332.371006031347,-4.251869520815068,0.0027420920767962276,4.997907302084195
2026-07-15T12:33:22+03:00,10.53,293.7,-127.99791199553322,7.698239999999999,118.99760447072069,111.69239258280268,0.12421724998436247,5.57928,4.97664,-0.08021409131831525,,0.005729577951308233,23.016349,58.311659,11.969749453124239,149.54797827145717,329.44962619926355,-4.809639860979508,0.0026924394912630923,5.000599741575458
2026-07-15T12:33:24+03:00,10.53,293.71,-132.9998335470253,7.3094399999999995,125.99914872721935,115.03273652841537,2.249546895242638,5.3654399999999995,4.84056,-0.09167324722093173,,0.1604281826366305,23.016424,58.311631,11.649438169007299,152.6845520556087,333.3145966716107,-4.767158781486062,0.0029052338517682676,5.0035049754272265
2026-07-15T12:33:26+03:00,10.65,293.72,-134.99945625203188,6.804,124.99647258574039,116.09270844940738,-2.280085545723111,5.13216,5.19048,-0.08021409131831525,,0.12605071492878112,23.016496,58.311605,11.046096295377811,154.17928321237173,330.81718937336865,-4.619772039967927,0.002758720656002839,5.006263696083229
2026-07-15T12:33:28+03:00,10.68,293.72,-138.00175509851738,6.10416,130.99534070076012,111.7038517387053,-1.4655687441651326,5.07384,4.91832,-0.29220847551671986,,3.1569974511708363,23.016562,58.311576,10.442152916602511,156.9745619738545,334.02077872690563,-4.66961369712637,0.0027168374444986438,5.008980533527728
2026-07-15T12:33:30+03:00,10.68,293.72,-134.99945625203188,5.90976,132.9949634057667,109.35472477866892,-0.5883130640403292,5.28768,4.859999999999999,-0.3495042550298022,,4.348749665042948,23.01663,58.311546,10.347804103812221,156.1814603792936,336.8135030264731,-4.83732322777502,0.002803847354270199,5.011784380881998
2026-07-15T12:33:32+03:00,10.68,293.72,-127.00096543200556,6.29856,124.99647258574039,110.13394738004683,-0.16632964792647797,4.996079999999999,4.87944,-0.29793805346802804,,3.460665082590172,23.016702,58.311518,10.124696668793375,150.20991720238578,334.7865553833546,-4.33585532485583,0.0028285618340759323,5.014612942716075
2026-07-15T12:33:34+03:00,10.68,293.72,-125.001342726999,6.6095999999999995,121.9999033172062,110.12821780209553,-0.8236841262800714,5.03496,5.09328,-0.23491269600363757,,2.3090199143772177,23.016779,58.311496,10.35447220585841,148.47415652642104,333.52574679078515,-4.2918220714913815,0.0027676020704775666,5.017380544786552
2026-07-15T12:33:36+03:00,10.83,293.72,-125.99828929052664,6.201359999999999,122.99684988073382,108.9192768543695,0.11000789666511807,4.957199999999999,5.0544,-0.22345354010102106,,1.8964903018830246,23.016857,58.311474,9.958306796224445,149.74747804500578,333.249371835728,-4.282095439681802,0.002795381393755915,5.020175926180308
2026-07-15T12:33:38+03:00,10.83,293.71,-125.99828929052664,6.006959999999999,120.99722717572726,109.2114853298862,0.4369376145667658,5.09328,5.01552,-0.20053522829578813,,1.7417916971977028,23.016927,58.311456,9.899006163459992,150.59748295399095,330.39974422173634,-4.437226035139338,0.0024608319357961733,5.0226367581161036
2026-07-15T12:33:40+03:00,10.98,293.72,-125.001342726999,5.598719999999999,118.99760447072069,109.19429659603229,-0.8422479588423101,4.91832,4.87944,-0.18907607239317165,,1.3407212406061262,23.017002,58.311432,9.334073931725607,150.57184311209704,328.4257613586236,-4.283721273896933,0.0027728967627103176,5.025409654878814
2026-07-15T12:33:42+03:00,10.98,293.72,-125.99828929052664,5.69592,118.99760447072069,108.94219516617473,0.36755242557642304,4.859999999999999,4.87944,-0.20626480624709637,,1.5641747807071475,23.01708,58.311404,9.412975685656866,150.68847621543395,328.30912825528674,-4.237778215763023,0.002982961847906685,5.0283926167267206
2026-07-15T12:33:44+03:00,10.95,293.72,-125.99828929052664,5.79312,120.99722717572726,108.94219516617473,-0.10582530476066304,5.2488,4.859999999999999,-0.17188733853924698,,1.2261296815799616,23.017147,58.311375,9.841451101247074,151.56027011631548,329.4369570594118,-4.6153672334116385,0.0027411405021203665,5.031133757228841
2026-07-15T12:33:46+03:00,10.68,293.72,-125.99828929052664,5.79312,122.99684988073382,108.8505219189538,0.20397297506657305,5.13216,4.91832,-0.18334649444186346,,1.3407212406061262,23.017222,58.311346,9.73904579876379,151.23347426011375,331.7633756206201,-4.498789810226661,0.002940478088436806,5.034074235317278
2026-07-15T12:33:48+03:00,10.53,293.73,-125.001342726999,6.201359999999999,122.99684988073382,109.22294448578884,0.24665833080381938,5.1710400000000005,4.97664,-0.20053522829578813,,1.2261296815799616,23.017297,58.311321,10.098715473585141,149.80053800122448,333.1963118795093,-4.469223996088207,0.002804643548463663,5.036878878865742
2026-07-15T12:33:50+03:00,10.46,293.73,-125.001342726999,6.29856,123.99952602221278,108.25464581201774,-0.18592480451995216,5.19048,5.01552,-0.18907607239317165,,1.082890232797256,23.017364,58.311296,10.203800674013806,149.62651916216853,334.37300686004426,-4.47807516392107,0.0025948944556398843,5.039473773321381
2026-07-15T12:33:52+03:00,10.53,293.72,-125.001342726999,6.492959999999999,126.99609529074696,107.50980067834767,-0.533194524148744,5.2488,5.03496,-0.1546986046853223,,1.3579099744600511,23.017437,58.311265,10.430963252074584,149.343558791363,337.652536499384,-4.515228554074138,0.0029639308600953288,5.042437704181476
2026-07-15T12:33:54+03:00,10.27,293.74,-123.00172002199243,6.901199999999999,115.99530562423517,107.1087302217561,-0.6633132394229541,5.03496,5.0544,-0.18907607239317165,,1.4667719555349077,23.017511,58.311243,10.527514810177886,146.6487080807233,329.34659754351185,-4.205780302227779,0.002684786340189627,5.045122490521666
2026-07-15T12:33:56+03:00,10.08,293.73,-123.00172002199243,7.095599999999999,118.99760447072069,106.12897239208239,0.13750987083139757,4.68504,5.01552,-0.17188733853924698,,1.598552248414997,23.017576,58.311222,10.416807041255975,145.16153090434443,333.8360735663763,-3.845320790673915,0.0024094636661864013,5.0475319541878525
2026-07-15T12:33:58+03:00,9.78,293.73,-123.00172002199243,7.095599999999999,118.99760447072069,106.04302872281276,-0.31781968895906765,4.859999999999999,5.19048,-0.16615776058793874,,0.9511099399171665,23.017651,58.311202,10.560881200865614,145.70378790733253,333.2938165633882,-4.015018764335964,0.0026557772886838414,5.050187731476536
2026-07-15T12:34:00+03:00,9.78,293.74,-123.00172002199243,6.7068,114.99835906070751,106.20345690544939,-0.028533298197514996,4.1796,5.09328,-0.1604281826366305,,1.0198648753328654,23.017713,58.311184,9.642924604790213,144.31724936028957,330.68110970041795,-3.394918426570695,0.0022367305203720637,5.0524244619969085
2026-07-15T12:34:02+03:00,9.71,293.73,-123.00172002199243,6.6095999999999995,116.99798176571409,107.58428519171467,0.8152616466916484,4.704479999999999,5.19048,-0.16615776058793874,,0.7047380880109125,23.017782,58.311166,9.984553997818718,146.2772711690451,330.720710596669,-3.9128757510264305,0.002432528368687013,5.054856990365596
2026-07-15T12:34:04+03:00,9.78,293.75,-123.00172002199243,6.7068,116.99798176571409,107.82492746566962,-0.20145196076799746,4.78224,5.151599999999999,-0.1546986046853223,,0.5042028597151245,23.017854,58.311148,10.138520134125914,146.30417946067743,330.6938023050367,-3.9787978235658032,0.0025177212615491297,5.057374711627145
2026-07-15T12:34:06+03:00,9.78,293.74,-123.99866658552006,6.492959999999999,117.99492832924174,107.95670775854971,0.13762446239042375,5.151599999999999,5.1710400000000005,-0.1776169164905552,,0.7677634454753031,23.017931,58.311126,10.300740589841283,148.49432349864085,329.5006048306009,-4.39219437225911,0.0027676244123286445,5.0601423360394735
2026-07-15T12:34:08+03:00,9.93,293.73,-125.001342726999,6.29856,112.99873635570096,108.59269091114493,-0.04938896194027696,4.80168,5.1710400000000005,-0.2119943841984046,,0.7734930234266114,23.018007,58.311108,9.870322309456126,148.48526343562986,324.5134729200711,-4.093459803431686,0.002632326677566829,5.0627746627170405
2026-07-15T12:34:10+03:00,10.08,293.74,-125.001342726999,6.29856,116.99798176571409,107.98535564830625,0.7353340342708985,4.49064,5.1127199999999995,-0.20626480624709637,,1.1172677005051053,23.018073,58.311087,9.606534867691964,147.51551256836774,329.48246919734635,-3.7880204830645257,0.0024364219120883253,5.065211084629129
2026-07-15T12:34:12+03:00,10.23,293.74,-123.99866658552006,6.006959999999999,115.99530562423517,108.45518104031352,0.07946924618464518,4.58784,5.1710400000000005,-0.17188733853924698,,0.6760901982543714,23.018146,58.311065,9.378291064841546,147.92550398014743,328.06980164408776,-3.8875446612148195,0.002657362669276261,5.067868447298405
2026-07-15T12:34:14+03:00,10.5,293.75,-123.99866658552006,6.10416,117.99492832924174,108.28329370177427,-0.3280756334919094,4.859999999999999,5.13216,-0.1604281826366305,,0.23491269600363757,23.018225,58.311036,9.698324662572126,148.54643445856993,329.4484938706718,-4.145887808097323,0.0030431318070901644,5.070911579105496
2026-07-15T12:34:16+03:00,10.68,293.75,-123.99866658552006,6.39576,117.99492832924174,108.33485990333605,-0.14570316730176835,4.91832,5.03496,-0.1604281826366305,,-0.20626480624709637,23.018298,58.311011,10.013730010100936,148.0273875226445,329.96754080659724,-4.172217259488198,0.0027515479870386856,5.0736631270925345
2026-07-15T12:34:18+03:00,10.68,293.75,-123.99866658552006,6.6095999999999995,116.99798176571409,108.3577782151413,-0.014495832216809829,4.68504,4.89888,-0.10313240312354818,,-0.13178029288008933,23.018378,58.310986,10.013362111795733,146.82226279427584,330.17571897143824,-3.9212707753291856,0.0029391828339329906,5.076602309926468
2026-07-15T12:34:20+03:00,10.42,293.75,-125.001342726999,6.7068,118.99760447072069,108.28329370177427,0.4678773355038302,4.52952,4.78224,-0.12032113697747288,,0.29220847551671986,23.018449,58.310964,10.01737314642173,146.74082862627537,332.2567758444453,-3.7875772837790884,0.0026027820460593357,5.079205091972527
2026-07-15T12:34:22+03:00,10.08,293.76,-125.001342726999,6.9984,124.99647258574039,108.2259979222612,0.03569527063665028,4.58784,4.80168,-0.10313240312354818,,0.37242256683503505,23.018529,58.310936,10.337280457839952,146.31947045798228,338.6770021277581,-3.8177372129716187,0.003035336934104144,5.082240428906632
2026-07-15T12:34:24+03:00,10.16,293.75,-125.001342726999,6.9984,122.99684988073382,108.03692184986804,-0.10187189597426037,4.7628,4.87944,-0.13750987083139757,,1.0485127650894066,23.018599,58.310908,10.483321142923574,146.84976672242456,336.1470831583093,-3.9876048022293205,0.002778091987125721,5.085018520893757
2026-07-15T12:34:26+03:00,10.35,293.75,-125.99828929052664,6.901199999999999,123.99952602221278,107.9452486026471,0.3348938312539662,5.07384,4.68504,-0.13750987083139757,,1.0141352973815572,23.018673,58.310881,10.70196293274483,148.55304963453943,335.44647638767333,-4.32861252191245,0.0028448828399873605,5.087863403733745
2026-07-15T12:34:28+03:00,10.42,293.75,-127.99791199553322,6.804,121.9999033172062,108.30621201357953,-0.21050469393106447,4.6655999999999995,4.84056,-0.08021409131831525,,0.492743703812508,23.018752,58.310858,10.351253353015084,148.802918407027,333.1969849101792,-3.990910594137864,0.0028519253764978498,5.0907153291102425
2026-07-15T12:34:30+03:00,10.38,293.76,-129.99753470053977,6.804,121.9999033172062,108.26610496792036,-0.19234193182541737,5.19048,4.84056,-0.09740282517223994,,0.5786873730821314,23.018835,58.310835,10.89195015832312,151.4091862031258,330.5907171140804,-4.557551376872988,0.0029630286635860125,5.093678357773829
2026-07-15T12:34:32+03:00,10.23,293.76,-125.001342726999,6.901199999999999,123.99952602221278,108.32340074743344,-0.009912169855763242,5.443199999999999,4.704479999999999,-0.14896902673401402,,1.065701498943331,23.018917,58.310808,10.970359260096934,148.9824100733336,335.01711594887917,-4.664872164573496,0.003055753877734648,5.096734111651563
2026-07-15T12:34:34+03:00,10.38,293.75,-125.001342726999,6.492959999999999,121.9999033172062,107.65304012713038,-0.4027320341974557,5.6181600000000005,4.84056,-0.1432394487827058,,1.0714310768946396,23.01901,58.310781,10.750351359648716,150.34736009890077,331.6525432183054,-4.882410028658415,0.003355124735546537,5.1000892363871095
2026-07-15T12:34:36+03:00,10.27,293.76,-123.99866658552006,6.6095999999999995,120.99722717572726,107.05143444224302,0.03729955246301659,5.3654399999999995,4.859999999999999,-0.1432394487827058,,0.9281916281119336,23.01909,58.310751,10.589389358936542,148.83729428187095,332.1599328938563,-4.59121380529366,0.0031036168327667588,5.103192853219876
2026-07-15T12:34:38+03:00,10.38,293.76,-123.99866658552006,6.7068,126.99609529074696,107.35510207366234,0.27673861504818764,5.151599999999999,4.859999999999999,-0.14896902673401402,,1.6558480279280792,23.019154,58.310722,10.49570793064903,148.01030749473347,338.9857877960135,-4.3692956154800955,0.0026687441306290547,5.105861597350505
2026-07-15T12:34:40+03:00,10.27,293.75,-125.001342726999,6.7068,120.99722717572726,107.98535564830625,0.49979108469261707,4.78224,4.723920000000001,-0.10886198107485642,,1.5412564689019144,23.019223,58.310697,10.22963616018321,147.51713695013115,333.4800902255961,-4.034068653808784,0.002646660803991465,5.1085082581544965
2026-07-15T12:34:42+03:00,10.23,293.75,-127.00096543200556,6.492959999999999,128.99571799575352,109.14845997242182,0.6533437737876777,4.91832,4.957199999999999,-0.07448451336700701,,1.2948846169956605,23.019278,58.310673,10.236529208887685,149.56486549529956,339.43085250045397,-4.240591245997358,0.0022576509569694914,5.110765909111466
2026-07-15T12:34:44+03:00,10.16,293.76,-129.00058813701216,6.39576,126.99609529074696,110.4662629012227,0.7038786513182164,4.87944,4.82112,-0.16615776058793874,,1.2719663051904275,23.019334,58.310646,10.197769203958098,150.83013374835883,336.1659615423881,-4.260622285875437,0.00240009149791563,5.1131660006093815
2026-07-15T12:34:46+03:00,10.23,293.76,-131.99715740554637,6.29856,122.99684988073382,111.2168376128441,-0.45813705298660623,4.704479999999999,4.68504,-0.06302535746439056,,1.4381240657783663,23.019391,58.310627,10.072558002669304,152.30769066321687,330.68915921751693,-4.165610100815447,0.002131559041950282,5.1152975596513315
2026-07-15T12:34:48+03:00,10.08,293.75,-127.00096543200556,6.29856,122.99684988073382,108.42653315055699,-1.3744684547393318,4.97664,4.7628,-0.16615776058793874,,2.3262086482311424,23.019473,58.310596,10.107830250738784,150.15516981849163,332.8416800622422,-4.316619780361465,0.0031899706706382796,5.1184875303219695
2026-07-15T12:34:50+03:00,10.12,293.76,-123.99866658552006,6.39576,115.99530562423517,106.75922596672629,-0.7686228821679993,4.60728,4.704479999999999,-0.040107045659157625,,1.8964903018830246,23.019544,58.310575,9.75126537308882,147.05960926117402,328.93569636306114,-3.86659866755911,0.002572786183900953,5.12106031650587
2026-07-15T12:34:52+03:00,10.46,293.77,-123.99866658552006,6.7068,118.99760447072069,105.91124842993268,-0.8571448615157116,4.97664,4.80168,0.06302535746439056,,2.761656572530568,23.019615,58.310549,10.347731885235229,147.4970838078947,331.500520662826,-4.197119503175998,0.0027328146210249564,5.123793131126895
2026-07-15T12:34:54+03:00,10.91,293.77,-123.99866658552006,6.7068,117.99492832924174,105.24088780962961,-0.10267403688744353,5.28768,4.89888,-0.1546986046853223,,1.501149423242757,23.019694,58.310527,10.6113681711624,148.39956190360735,329.5953664256344,-4.503638289834607,0.0028232982118050285,5.1266164293387
2026-07-15T12:34:56+03:00,11.13,293.76,-123.99866658552006,6.7068,115.99530562423517,105.32683147889924,1.1965650593512112,4.41288,4.7628,-0.18334649444186346,,1.306343772898277,23.019769,58.310508,9.876923607281924,145.73950613013264,330.2557994941025,-3.647186434922201,0.0026291574059949738,5.129245586744695
2026-07-15T12:34:58+03:00,11.17,293.77,-123.99866658552006,6.7068,116.99798176571409,105.9971920992023,0.05563420190720293,5.1710400000000005,4.97664,-0.20626480624709637,,1.0542423430407146,23.01985,58.310489,10.512200883366038,148.06643942286397,328.9315423428501,-4.38846521663398,0.0028010140794778866,5.1320466008241725
2026-07-15T12:35:00+03:00,11.55,293.76,-125.99828929052664,6.7068,117.99492832924174,105.96854420944575,0.043544792429942566,5.52096,4.89888,-0.20626480624709637,,1.403746598070517,23.019932,58.310466,10.908224942810898,150.1701598877229,327.82476844151887,-4.789468728064035,0.00293516177442742,5.1349817625986
2026-07-15T12:35:02+03:00,11.73,293.76,-127.00096543200556,6.492959999999999,115.99530562423517,105.19505118601916,-0.7156242861183981,4.80168,4.89888,-0.18907607239317165,,1.7417916971977028,23.020016,58.310445,10.136134039226192,149.23087557713927,326.7644300470959,-4.12577488607999,0.002937388968841595,5.137919151567441
2026-07-15T12:35:04+03:00,11.73,293.76,-129.99753470053977,6.39576,130.99534070076012,104.16372715478367,-0.354947354083545,5.151599999999999,5.0544,-0.12605071492878112,,1.3922874421679003,23.020084,58.310415,10.478559034997204,152.12237557497534,338.8729651257848,-4.553748073260103,0.0028038999268615514,5.1407230514943025
2026-07-15T12:35:06+03:00,11.73,293.77,-134.00250968850426,6.804,116.99798176571409,103.60222851555545,-0.49835869020479,4.6655999999999995,5.01552,-0.1546986046853223,,1.7246029633437776,23.020155,58.310392,10.590927336400965,152.4766080547854,324.5213737109287,-4.137557855944449,0.0026338600900072317,5.14335691158431
2026-07-15T12:35:08+03:00,11.88,293.77,-134.99945625203188,6.9984,122.99684988073382,102.94905662910631,-0.35701000214601597,5.03496,5.19048,-0.29220847551671986,,2.6012283898939375,23.020227,58.310367,11.142716008881683,153.633179050471,329.36367083026283,-4.511168534496195,0.00272518655765726,5.146082098141967
2026-07-15T12:35:10+03:00,11.88,293.75,-131.99715740554637,6.901199999999999,135.99726225225223,102.29588474265718,0.06944248476985578,5.326560000000001,4.91832,-0.3552338329811104,,2.566850922186088,23.020294,58.31033,11.18883880698155,152.71691654737157,343.2803457048807,-4.733994102056197,0.0030694862306266044,5.149151584372594
2026-07-15T12:35:12+03:00,11.88,293.76,-131.00021084201873,6.9984,122.99684988073382,102.25577769699801,0.1922846360459043,4.84056,5.19048,-0.29793805346802804,,2.068377640422272,23.020374,58.310309,10.81010420521227,150.7518461459977,332.24500373473614,-4.223445479698546,0.0028238732608840047,5.151975457633478
2026-07-15T12:35:14+03:00,11.88,293.76,-131.99715740554637,7.095599999999999,123.99952602221278,102.62820026383305,-0.042112397942115506,5.7348,5.26824,-0.29793805346802804,,1.5699043586584558,23.020457,58.310284,11.734086676035957,153.2948299457929,330.70469607641985,-5.123073704844182,0.0030210253987064816,5.154996483032185
2026-07-15T12:35:16+03:00,12.03,293.77,-127.99791199553322,7.3094399999999995,120.99722717572726,102.46777208119642,0.14140598383828717,5.26824,5.50152,-0.3323155211758775,,2.0741072183735803,23.020543,58.310259,11.340004219008888,149.47305654613473,331.5241706295925,-4.538011330657809,0.0031035619531829457,5.158100044985368
2026-07-15T12:35:18+03:00,12.03,293.77,-121.9990438805135,7.095599999999999,110.99911365069438,102.63965941973568,-0.4736069134551385,5.13216,5.151599999999999,-0.320856365273261,,1.4839606893888322,23.020624,58.310244,10.736870800436014,145.91311743458684,325.08599621610756,-4.25039674907651,0.0027119018642834196,5.160811946849651
2026-07-15T12:35:20+03:00,12.03,293.77,-119.0024746119793,6.901199999999999,113.99568291922859,102.77716929056707,-0.22013038488926226,4.723920000000001,5.346,-0.29220847551671986,,1.0542423430407146,23.020712,58.310228,10.077436515649227,143.20597317675086,330.7897097424777,-3.7828859221758404,0.0029403917571858345,5.1637523386068365
2026-07-15T12:35:22+03:00,12.03,293.77,-119.0024746119793,7.1928,111.99606021422201,102.46777208119642,-0.24344976715108682,4.74336,5.07384,-0.29220847551671986,,0.8594366926962348,23.020804,58.310212,10.359532873542946,142.60916121065964,329.38689900356235,-3.76865513922119,0.003060028123322026,5.166812366730158
2026-07-15T12:35:24+03:00,12.03,293.77,-114.0005530604872,6.6095999999999995,109.99643750921543,102.6625777315409,0.8106206885510887,4.64616,4.91832,-0.26356058576017866,,0.6187944187412892,23.020889,58.310206,9.500279914304008,140.53732689772548,329.45911061148996,-3.587015837981297,0.0027080639629436863,5.169520430693102
2026-07-15T12:35:26+03:00,12.03,293.77,-119.99942117550692,6.6095999999999995,109.99643750921543,105.13202582855475,1.8986675415045222,5.01552,4.91832,-0.22345354010102106,,0.3093972093706446,23.020965,58.310198,10.099121444786167,145.47308223318697,324.52335527602844,-4.132086296973281,0.0024474635649469334,5.1719678942580485
2026-07-15T12:35:28+03:00,12.03,293.77,-123.00172002199243,6.39576,116.99798176571409,106.78214427853153,0.7471942606301066,4.68504,4.97664,-0.20626480624709637,,0.3380450991271857,23.021036,58.31018,9.772226412347669,146.7094288452624,330.2885529204517,-3.9162141588058765,0.0024893026589901885,5.1744571969170385
2026-07-15T12:35:30+03:00,12.03,293.76,-127.99791199553322,6.006959999999999,121.9999033172062,107.24624009258748,0.1653556196747556,4.60728,4.87944,-0.19480565034447989,,0.7964113352318443,23.021107,58.31016,9.559643818229295,150.3187974721773,331.6811058450289,-4.00277729711404,0.0025438585615038286,5.177001055478542
2026-07-15T12:35:32+03:00,12.03,293.77,-127.00096543200556,5.598719999999999,114.99835906070751,106.7706851226289,-0.4457038688322674,5.0544,4.957199999999999,-0.20053522829578813,,0.9453803619658584,23.021193,58.310141,9.536976183249532,152.04122070044932,322.9571383602582,-4.464476308068849,0.0029459008349889283,5.179946956313532
2026-07-15T12:35:34+03:00,11.96,293.77,-129.00058813701216,5.69592,117.99492832924174,107.71606548459476,1.1694068598620104,4.80168,4.89888,-0.1546986046853223,,0.8307888029396938,23.021271,58.310117,9.482820177652439,152.1736055075625,325.82132282167925,-4.246442682077189,0.002854297192128969,5.1828012535056605
2026-07-15T12:35:36+03:00,11.88,293.77,-129.99753470053977,6.201359999999999,117.99492832924174,109.10262334881135,0.5034580145814543,4.276800000000001,4.957199999999999,-0.12605071492878112,,0.38388172273765153,23.021338,58.310098,9.53111385747194,150.1031518349854,327.89177649425636,-3.7076612876199566,0.0024041559092726683,5.185205409414933
2026-07-15T12:35:38+03:00,11.88,293.77,-127.99791199553322,6.006959999999999,112.99873635570096,109.0682458811035,-0.44885513670548693,4.16016,4.78224,-0.20053522829578813,,1.0198648753328654,23.021408,58.310081,9.173860686292917,148.93588627126786,324.0628500844331,-3.563553279874994,0.002435081302867416,5.187640490717801
2026-07-15T12:35:40+03:00,11.88,293.77,-127.99791199553322,6.10416,100.9952705477102,109.09116419290874,0.05500394833255903,4.19904,4.64616,-0.22345354010102106,,1.6443888720254627,23.02149,58.31006,9.297958173684197,148.84546751087805,312.14980303683217,-3.5934337715515308,0.0028805191214527326,5.190521009839253
2026-07-15T12:35:42+03:00,11.88,293.77,-129.99753470053977,6.201359999999999,103.99756939419571,108.97657263388257,0.7042224259952948,4.21848,4.723920000000001,-0.22345354010102106,,1.306343772898277,23.02157,58.310046,9.480599405140506,149.9274735982304,314.0700957959653,-3.6506379915186726,0.0026625526545926634,5.193183562493846
2026-07-15T12:35:44+03:00,11.88,293.77,-131.00021084201873,6.901199999999999,114.99835906070751,107.36083165161365,-0.8907201883103778,4.859999999999999,4.80168,-0.1604281826366305,,0.9912169855763242,23.021652,58.310023,10.735667979464523,150.97784739438384,324.02051166632367,-4.249740477250265,0.002935190379187038,5.196118752873033
2026-07-15T12:35:46+03:00,11.88,293.78,-129.99753470053977,7.3094399999999995,119.9945510342483,105.25234696553221,-1.8361578460557493,4.74336,4.84056,-0.14896902673401402,,0.888084582452776,23.021725,58.310001,10.977142729210533,149.3287957646918,330.6657552695565,-4.079805450425321,0.002657422810434993,5.198776175683467
2026-07-15T12:35:48+03:00,11.96,293.78,-132.9998335470253,6.804,125.99914872721935,104.99451595772337,0.7081185390021844,4.957199999999999,5.01552,-0.12605071492878112,,0.5958761069360561,23.021799,58.309979,10.810830764103374,152.5940179070306,333.40513082018873,-4.400840218775533,0.0026848590068202583,5.201461034690288
2026-07-15T12:35:50+03:00,12.03,293.79,-131.99715740554637,6.804,120.99722717572726,107.50980067834767,1.1315343496038628,4.91832,4.704479999999999,-0.07448451336700701,,-0.2864788975654116,23.021865,58.309947,10.736187720963771,151.90174665332785,329.0954805223994,-4.338652826471363,0.00283597830119248,5.20429701299148
2026-07-15T12:35:52+03:00,12.03,293.78,-132.9998335470253,6.7068,118.99760447072069,108.37496694899521,0.3752873558106892,4.7628,4.82112,-0.11459155902616464,,-0.22345354010102106,23.02194,58.309925,10.546830904779913,152.2849920191046,326.7126124516161,-4.216372697020907,0.002712387210997292,5.207009400202478
2026-07-15T12:35:54+03:00,12.18,293.79,-132.9998335470253,6.492959999999999,114.99835906070751,108.68436415836587,0.02492366408819081,4.82112,4.74336,-0.1432394487827058,,0.4239887683968092,23.022009,58.309905,10.397078760434479,152.8236656378726,322.17469342283493,-4.288892933218046,0.0024883962088377673,5.209497796411315
2026-07-15T12:35:56+03:00,12.18,293.78,-131.00021084201873,5.90976,122.99684988073382,109.4005614022794,0.24408002072573068,5.09328,4.548959999999999,-0.13178029288008933,,0.3552338329811104,23.022088,58.309877,10.018072022325292,153.56327340775564,329.4335764729782,-4.5606582155558835,0.0030091729254740473,5.21250696933679
2026-07-15T12:35:58+03:00,12.3,293.77,-136.0021323935108,6.10416,138.99956109873773,109.17710786217837,0.1157374746164263,5.48208,4.62672,-0.10886198107485642,,0.25210142985756223,23.022155,58.309846,10.74518245913483,156.75842846055116,342.24113263818657,-5.03720519928774,0.0028191825821224383,5.215326151918912
2026-07-15T12:36:00+03:00,12.33,293.78,-142.99794707205817,5.69592,133.99763954724563,110.13394738004683,-0.305558392143268,5.2488,4.52952,-0.12605071492878112,,0.1776169164905552,23.022213,58.309817,10.380044360775898,160.7157950628946,333.28184448435104,-4.954300489983044,0.0025283517098469883,5.217854503628759
2026-07-15T12:36:02+03:00,12.33,293.78,-146.9971924820713,5.404319999999999,126.99609529074696,108.27183454587167,-1.1694068598620104,4.64616,4.276800000000001,-0.14896902673401402,,0.5099324376664327,23.022272,58.309796,9.638934501507203,162.21842422274455,324.7776710680024,-4.42420199007523,0.0022503438169332118,5.220104847445692
2026-07-15T12:36:04+03:00,12.33,293.77,-149.0025447650292,4.704479999999999,123.99952602221278,104.8799243986972,-1.1888874248964583,4.64616,4.62672,-0.1604281826366305,,1.008405719430249,23.022342,58.309772,9.01063042792362,164.40217795513476,319.59734806707803,-4.47505488261418,0.002639435246595903,5.222744282692288
2026-07-15T12:36:06+03:00,12.45,293.79,-146.9971924820713,4.704479999999999,124.99647258574039,103.19542848101257,-1.1864810021569088,4.64616,4.393439999999999,-0.10886198107485642,,0.7276563998161455,23.022409,58.309756,8.965528400410902,163.39273372094704,321.60373886479334,-4.452351641098784,0.0023239393532172646,5.225068222045505
2026-07-15T12:36:08+03:00,12.48,293.78,-142.00100050853052,4.89888,114.99835906070751,102.27869600880325,-0.032887777440509254,4.704479999999999,4.49064,-0.08594366926962349,,0.6359831525952138,23.022481,58.309745,9.080403124822304,160.60115531519475,314.3972037455128,-4.437403638225569,0.0023676792555637842,5.227435901301068
2026-07-15T12:36:10+03:00,12.48,293.78,-144.99756977706474,4.80168,117.99492832924174,102.14118613797184,0.33535219749007084,3.8296799999999998,4.41288,-0.06875493541569878,,0.41252961249419273,23.022541,58.309734,8.237007436116617,160.4651094263341,317.52981890290766,-3.6092361239067015,0.002006631551990976,5.229442532853059
2026-07-15T12:36:12+03:00,12.48,293.78,-138.00175509851738,4.704479999999999,113.99568291922859,103.03500029837595,0.161459506667866,3.92688,4.49064,-0.02864788975654116,,-0.022918311805232933,23.022601,58.309718,8.062932750425997,157.0203350257593,316.9753478934693,-3.6152564337592885,0.0021246928007629257,5.231567225653822
2026-07-15T12:36:14+03:00,12.48,293.79,-134.99945625203188,5.307119999999999,114.99835906070751,103.40169328725968,0.4549284893338736,4.1796,4.5684000000000005,0.005729577951308233,,0.3666929888837269,23.022671,58.309703,8.775184072623887,154.6812773741661,320.3170816865414,-3.778119548562655,0.0023871526214777183,5.2339543782753
2026-07-15T12:36:16+03:00,12.33,293.78,-131.00021084201873,5.598719999999999,115.99530562423517,103.88297783516956,-0.042169693721628584,4.23792,4.6655999999999995,0.03437746770784939,,0.20626480624709637,23.022742,58.309687,8.9687397854689,151.89267729374578,324.1026283304894,-3.7381279439108575,0.002439485264821667,5.236393863540122
2026-07-15T12:36:18+03:00,12.22,293.78,-129.99753470053977,6.39576,115.99530562423517,104.36999196103078,0.14238001209000956,4.374,4.64616,0.02864788975654116,,0.05729577951308232,23.022822,58.309675,9.797949492707472,149.99568818809755,325.9996174361376,-3.7878305220542487,0.002627060733615885,5.239020924273738
2026-07-15T12:36:20+03:00,12.18,293.78,-129.00058813701216,6.804,116.99798176571409,104.49604267595954,0.2929533206503899,4.31568,4.60728,0.045836623610465865,,0.23491269600363757,23.022893,58.309657,10.093491155146266,148.40793025459317,328.5900515111209,-3.676093852005784,0.002489332511312055,5.24151025678505
2026-07-15T12:36:22+03:00,12.03,293.79,-129.00058813701216,6.492959999999999,117.99492832924174,104.99451595772337,0.22689128687180599,4.510079999999999,4.58784,0.06875493541569878,,0.24064227395494575,23.022964,58.309634,9.967826460313463,149.58747723820005,328.4074510910417,-3.889506739330151,0.002633900981679611,5.24414415776673
2026-07-15T12:36:24+03:00,12.03,293.78,-129.00058813701216,6.6095999999999995,119.9945510342483,104.50750183186216,0.2337094846338628,4.7628,4.84056,0.05156620156177409,,-0.040107045659157625,23.023035,58.309613,10.295331244231244,150.0712044518145,329.9233465824338,-4.12766209713102,0.0025728393123474608,5.246716997079077
2026-07-15T12:36:26+03:00,11.88,293.79,-129.00058813701216,6.7068,117.99492832924174,104.16372715478367,0.02549662188332163,4.64616,4.6655999999999995,0.045836623610465865,,0.13178029288008933,23.023112,58.309591,10.285368382210581,149.55235294294485,328.4425753862969,-4.005419942268927,0.0027677170985562767,5.249484714177633
2026-07-15T12:36:28+03:00,11.77,293.79,-129.00058813701216,6.7068,119.9945510342483,104.74241452786579,0.5141150295708877,4.548959999999999,4.62672,0.0,,0.26929016371148695,23.023188,58.309568,10.201691896876435,149.2757142840376,330.7188367502107,-3.9104488356888814,0.002769530026443545,5.252254244204077
2026-07-15T12:36:30+03:00,11.58,293.78,-127.99791199553322,6.901199999999999,115.99530562423517,104.89711313255111,-0.8085007447091046,5.07384,4.548959999999999,0.011459155902616466,,0.5156620156177408,23.023269,58.309546,10.792770525752049,149.74227038128706,326.2530352429481,-4.382618267543972,0.002879308844717707,5.255133553048795
2026-07-15T12:36:32+03:00,11.73,293.78,-129.99753470053977,6.9984,113.99568291922859,103.80849332180256,-0.9032106682442298,5.13216,4.43232,0.005729577951308233,,0.5213915935690492,23.023339,58.309531,11.022168055587064,150.89518884036002,323.10049407886856,-4.484129249920922,0.0023871625728291296,5.257520715621625
2026-07-15T12:36:34+03:00,11.85,293.78,-129.00058813701216,6.9984,116.99798176571409,102.77716929056707,0.0350077212824933,4.52952,4.41288,-0.005729577951308233,,0.5213915935690492,23.023406,58.309515,10.459101694122573,148.66774717952404,328.33023458619004,-3.8689631043494277,0.0023239524748434434,5.259844668096468
2026-07-15T12:36:36+03:00,11.62,293.79,-125.99828929052664,6.9984,113.99568291922859,102.7313326669566,0.35655163590991135,4.60728,4.64616,0.045836623610465865,,0.16615776058793874,23.023481,58.309498,10.397484564411096,147.00610127330316,326.98958164592545,-3.8642573214590956,0.0025792746556713665,5.2624239427521395
2026-07-15T12:36:38+03:00,11.58,293.78,-127.00096543200556,6.6095999999999995,112.99873635570096,102.96624536296025,-0.25387759902246776,4.29624,4.49064,0.07448451336700701,,-0.05156620156177409,23.023558,58.30948,9.814481564818248,147.4634646742117,325.53527168148923,-3.621939370623997,0.0026612451399567467,5.265085187892097
2026-07-15T12:36:40+03:00,11.58,293.78,-131.00021084201873,6.6095999999999995,113.99568291922859,103.34439750774659,0.838695620512499,4.45176,4.58784,0.040107045659157625,,0.3495042550298022,23.023619,58.309462,10.105115906011982,150.41973928029157,323.575943638937,-3.8715400762986345,0.002209229892015214,5.267294417784112
2026-07-15T12:36:42+03:00,11.43,293.79,-129.00058813701216,6.492959999999999,115.99530562423517,103.68817218482509,0.7568199515883044,4.62672,4.52952,0.06302535746439056,,0.19480565034447989,23.023693,58.30944,10.06859028593382,149.92348182610837,326.0718237981268,-4.00376400534622,0.002684889993936588,5.269979307778049
2026-07-15T12:36:44+03:00,11.88,293.78,-129.99753470053977,6.6095999999999995,115.99530562423517,103.24126510462304,-0.6516821961817983,4.74336,4.4712,0.022918311805232933,,0.418259190445501,23.023773,58.309418,10.319360145034183,150.6151824398072,325.380123184428,-4.133097621055912,0.0028513045770906555,5.272830612355139
2026-07-15T12:36:46+03:00,11.88,293.78,-131.00021084201873,6.804,116.99798176571409,101.92346217582214,-0.8175534778721717,4.7628,4.548959999999999,-0.011459155902616466,,0.985487407625016,23.023853,58.309393,10.559331289963644,150.90216627106656,326.0958154946475,-4.16168991755859,0.0029392806039018156,5.27576989295904
2026-07-15T12:36:48+03:00,11.88,293.78,-127.99791199553322,6.6095999999999995,115.99530562423517,101.29893817912955,1.0868436415836584,4.58784,4.64616,0.06875493541569878,,1.180293057969496,23.023916,58.309373,10.103055061997496,148.96607874311883,327.02922688111636,-3.9311468067782824,0.0023243436752891315,5.278094236634329
2026-07-15T12:36:50+03:00,11.96,293.78,-125.001342726999,6.6095999999999995,104.99451595772337,103.72254965253292,1.7160085964168157,4.374,4.60728,0.05729577951308232,,-0.2807493196141034,23.023988,58.309353,9.797164667653625,146.4525709995259,318.54194495819746,-3.6454169031654957,0.002571775239627456,5.280666011873957
2026-07-15T12:36:52+03:00,11.88,293.78,-127.00096543200556,6.492959999999999,112.99873635570096,105.80811602680913,0.0833080634120217,4.29624,4.704479999999999,0.09740282517223994,,-0.49847328176381617,23.024052,58.309334,9.70528707023168,147.70419306240615,325.2945432932948,-3.6316156946980196,0.0023212726791699053,5.282987284553127
2026-07-15T12:36:54+03:00,11.88,293.78,-129.99753470053977,6.6095999999999995,118.99760447072069,106.92538372731423,0.8272364646098825,4.68504,4.64616,0.08021409131831525,,0.2807493196141034,23.024114,58.309314,10.268583244054849,150.4555128404385,328.5420916302822,-4.075858737871517,0.0022973793080367025,5.285284663861164
2026-07-15T12:36:56+03:00,11.88,293.78,-131.99715740554637,6.492959999999999,119.9945510342483,107.88795282313401,0.23004255474502552,4.4712,4.60728,-0.017188733853924696,,-0.865166270647543,23.024193,58.309295,10.04985131300215,151.30487188842363,328.6896791458247,-3.9220784883583377,0.0027435479671556956,5.28802821182832
2026-07-15T12:36:58+03:00,11.88,293.79,-134.00250968850426,5.50152,119.9945510342483,107.42385700907806,-1.0360795809350676,4.62672,4.64616,0.06875493541569878,,-0.26929016371148695,23.024263,58.309273,9.329443838977177,154.90169404847208,325.0928569857762,-4.18987130111714,0.0025757263600055583,5.290603938188325
2026-07-15T12:37:00+03:00,11.88,293.79,-136.99907895703842,4.704479999999999,121.9999033172062,106.94257246116817,-0.2648210929094665,4.31568,4.62672,0.1432394487827058,,0.3495042550298022,23.02433,58.309252,8.393698434114205,157.52679072127032,324.4731125959359,-3.9879402220813924,0.0024635775769750214,5.2930675157653
2026-07-15T12:37:02+03:00,11.88,293.78,-134.99945625203188,4.704479999999999,121.9999033172062,107.60720350351991,-0.297193208334358,4.393439999999999,4.510079999999999,0.12032113697747288,,0.16615776058793874,23.024392,58.30923,8.406208334069618,156.6883974883143,325.3115058288919,-4.0347870777871515,0.0023625106197916043,5.295430026385092
2026-07-15T12:37:04+03:00,11.88,293.78,-132.9998335470253,5.50152,118.99760447072069,107.91660071289054,0.267972360782686,4.393439999999999,4.548959999999999,0.08594366926962349,,0.7333859777674538,23.024451,58.309215,9.085017945406292,153.71225262695458,325.2853518437661,-3.9390755319170445,0.0020697264022205447,5.297499752787313
2026-07-15T12:37:06+03:00,11.81,293.78,-134.99945625203188,5.90976,121.9999033172062,107.8707640892801,-0.22167737093611553,4.393439999999999,4.41288,0.12032113697747288,,1.1000789666511805,23.024519,58.309193,9.536567496697002,154.011262886771,327.9886404304352,-3.9491762324938158,0.002521743910840839,5.300021496698154
2026-07-15T12:37:08+03:00,11.73,293.77,-136.99907895703842,6.39576,119.9945510342483,107.52698941220159,0.014266649098757498,4.510079999999999,4.35456,0.09740282517223994,,0.19480565034447989,23.024582,58.309169,10.170462109429321,154.60309007697415,325.39146095727415,-4.0742187649125245,0.0024573350872531185,5.302478831785407
2026-07-15T12:37:10+03:00,11.58,293.77,-134.99945625203188,6.29856,121.9999033172062,106.902465415509,0.04555014471290045,4.45176,4.548959999999999,0.06875493541569878,,0.7219268218648373,23.02465,58.309144,9.957095008127183,153.42948992829457,328.5704133889116,-3.981585490554881,0.002620806923710623,5.305099638709117
2026-07-15T12:37:12+03:00,11.28,293.77,-131.00021084201873,6.201359999999999,119.9945510342483,106.89100625960639,0.05809792042626547,4.31568,4.29624,0.10886198107485642,,-0.2864788975654116,23.024718,58.309124,9.602001661584849,150.82883200498372,329.16571902926455,-3.7683113621714264,0.0024608380367890075,5.307560476745906
2026-07-15T12:37:14+03:00,10.91,293.77,-136.0021323935108,5.90976,118.99760447072069,106.81652174623937,-0.05792603308772623,4.35456,4.41288,0.06875493541569878,,0.17188733853924698,23.024784,58.309106,9.53479677087696,154.498200964625,324.4994035060957,-3.9303029104327862,0.00234817479395892,5.309908651539866
2026-07-15T12:37:16+03:00,10.91,293.76,-140.00137780352395,5.50152,119.9945510342483,107.50407110039637,0.6972896366742118,4.41288,4.49064,0.1546986046853223,,1.5126085791453732,23.024848,58.309087,9.323966084822148,157.7121459991806,322.2824050350677,-4.0831943425267205,0.002321284964214807,5.312229936504081
2026-07-15T12:37:18+03:00,10.83,293.76,-140.00137780352395,5.598719999999999,125.99914872721935,107.77909084205916,-0.6656623663829905,4.60728,4.43232,0.05729577951308232,,-0.6016056848873644,23.024912,58.309067,9.596537227249677,157.97579504356807,328.0233536836513,-4.271066123789869,0.00235144061249722,5.314581377116578
2026-07-15T12:37:20+03:00,10.68,293.76,-142.99794707205817,5.69592,121.9999033172062,107.06862317609693,-0.32200228086352267,4.64616,4.33512,0.040107045659157625,,-0.3323155211758775,23.024981,58.309044,9.813235703745345,159.55368709340613,322.4462162238001,-4.3534515859968606,0.0025803905377440807,5.317161767654323
2026-07-15T12:37:22+03:00,10.61,293.76,-144.00062321353712,5.69592,121.9999033172062,106.67901187540798,0.9278478534348551,4.43232,4.14072,0.06875493541569878,,-0.641712730546522,23.025048,58.309022,9.640456465682215,159.67902609450428,322.32087722270194,-4.156460697063207,0.002494920614484245,5.319656688268807
2026-07-15T12:37:24+03:00,10.31,293.77,-138.00175509851738,5.69592,120.99722717572726,108.27183454587167,1.1366336739805272,4.16016,4.31568,0.1546986046853223,,-1.3521803965087429,23.025112,58.309009,9.217940956522746,155.57807187944954,325.4191552962777,-3.7879317293589336,0.0021667253114099477,5.321823413580217
2026-07-15T12:37:26+03:00,10.2,293.77,-132.9998335470253,5.79312,120.99722717572726,108.37496694899521,-1.439212685589115,4.23792,4.04352,0.13750987083139757,,-1.2948846169956605,23.025178,58.308992,9.219939431361317,152.64326928710858,328.35395788861865,-3.763962346318981,0.002321098913206675,5.324144512493424
2026-07-15T12:37:28+03:00,10.08,293.77,-132.9998335470253,5.20992,124.99647258574039,108.09421762938112,0.006589014644004467,4.276800000000001,3.8296799999999998,0.10313240312354818,,-0.3380450991271857,23.025238,58.308973,8.707839731439119,154.05094893708048,330.9455236486599,-3.845628002328948,0.0022121999989758454,5.3263567124924
2026-07-15T12:37:30+03:00,10.23,293.76,-129.99753470053977,4.60728,118.99760447072069,109.00522052363911,0.5224229176002846,4.0824,3.96576,0.1776169164905552,,-0.7047380880109125,23.025305,58.308949,7.878569313125096,153.38529698197905,325.61230748874164,-3.649826059631653,0.00256067126913703,5.328917383761537
2026-07-15T12:37:32+03:00,10.53,293.77,-134.99945625203188,4.80168,124.99647258574039,107.9452486026471,-0.6794706492456433,4.0629599999999995,4.21848,0.14896902673401402,,-0.7964113352318443,23.025364,58.308926,8.194721050725722,155.52276244651065,329.47371013922975,-3.6978053226741694,0.0023199474845087315,5.3312373312460455
2026-07-15T12:37:34+03:00,10.76,293.76,-138.998701662045,5.20992,121.9999033172062,106.70765976516452,-0.9146125283673332,3.9074399999999994,3.888,0.1776169164905552,,-0.6703606203030631,23.025415,58.3089,8.552115133591307,156.44186290347804,325.5580404137282,-3.5817744060044556,0.0022440614768681907,5.333481392722914
2026-07-15T12:37:36+03:00,10.98,293.77,-142.00100050853052,5.20992,119.9945510342483,105.71071320163689,-0.3984921465134876,4.1212800000000005,3.9851999999999994,0.1604281826366305,,-0.38961130068895977,23.025475,58.308877,8.829965137088415,158.70014178726117,321.29440924698713,-3.8397641271184244,0.0023453830014392944,5.335826775724353
2026-07-15T12:37:38+03:00,10.98,293.76,-140.9983243670516,5.50152,116.99798176571409,105.33829063480185,0.30819399800086983,3.9463199999999996,4.0629599999999995,0.18907607239317165,,-1.208940947726037,23.025533,58.308864,8.920998885272514,157.16294723357947,319.8350345321346,-3.636977270009556,0.001991193252007678,5.337817968976361
2026-07-15T12:37:40+03:00,11.13,293.77,-138.00175509851738,5.69592,116.99798176571409,106.15762028183893,-0.04268535573724633,3.9463199999999996,3.9463199999999996,0.18907607239317165,,-1.7360621192463943,23.025592,58.308855,9.02366732449835,155.0166859414698,321.9812958242443,-3.577066095065073,0.0019399937124614667,5.3397579626888225
2026-07-15T12:37:42+03:00,11.28,293.77,-140.00137780352395,5.69592,115.99530562423517,107.07435275404825,0.803172237214388,4.101839999999999,3.888,0.20626480624709637,,-1.822005788516018,23.025648,58.308836,9.223050679427294,156.61186711834364,319.38343850589155,-3.7648199597010414,0.0021050412974743145,5.341863003986297
2026-07-15T12:37:45+03:00,11.28,293.78,-140.00137780352395,5.50152,117.99492832924174,107.63012181532514,0.06697876625079323,3.6741599999999996,3.8491199999999997,0.18907607239317165,,-1.1459155902616465,23.025703,58.308821,8.644976781395654,155.8549755230289,322.1399528062128,-3.3527188338330904,0.0019568248121769657,5.343819828798473
2026-07-15T12:37:47+03:00,11.25,293.77,-140.00137780352395,5.598719999999999,120.99722717572726,108.1629725647968,-0.08989707805602616,3.7713599999999996,3.8296799999999998,0.1776169164905552,,-0.8307888029396938,23.025767,58.308799,8.827185716392881,155.9406955163977,325.05653165932955,-3.44371922355647,0.002415123467642802,5.346234952266116
2026-07-15T12:37:49+03:00,11.28,293.77,-140.00137780352395,5.69592,117.99492832924174,108.2259979222612,0.6941956645805055,3.5964,3.888,0.1776169164905552,,-0.7333859777674538,23.025823,58.308776,8.761436842104697,155.29966961099794,322.6952587182438,-3.2673501437942205,0.00224458963474796,5.348479541900864
2026-07-15T12:37:51+03:00,11.1,293.76,-142.00100050853052,5.404319999999999,118.99760447072069,108.30621201357953,0.11843037625354115,3.5964,3.61584,0.2119943841984046,,-1.1287268564077217,23.02588,58.308759,8.530702875062971,157.04416479099513,321.95343967972553,-3.3115858486508696,0.002069723355357472,5.350549265256221
2026-07-15T12:37:53+03:00,10.72,293.77,-147.99986862355027,4.704479999999999,124.99647258574039,108.2259979222612,-0.029679213787776645,4.04352,3.7713599999999996,0.22918311805232927,,-1.5355268909506061,23.025938,58.30874,8.411087877239428,162.7587981875894,322.237674398151,-3.861826326558709,0.002158369182287554,5.352707634438509
2026-07-15T12:37:55+03:00,10.31,293.77,-149.99949132855681,4.393439999999999,123.99952602221278,108.5067472418753,0.11195595316856286,3.81024,3.6741599999999996,0.22918311805232927,,-1.3636395524113596,23.025997,58.308719,7.925574499282201,163.90845841991182,320.09106760230094,-3.6609551126500652,0.0022503907752189543,5.354958025213729
2026-07-15T12:37:56+03:00,9.78,293.78,-151.00216747003577,4.29624,122.99684988073382,108.55258386548577,0.20351460883046843,4.16016,3.7908,0.20626480624709637,,-0.9052733163067008,23.026046,58.3087,8.187154639524916,165.26265803275672,317.7341918479771,-4.023299734773128,0.0019231077531055578,5.356881132966834
2026-07-15T12:37:58+03:00,9.63,293.77,-151.9991140335634,4.60728,120.99722717572726,108.46664019621613,0.6229770106457442,3.7908,3.6547199999999997,0.22345354010102106,,-0.911002894258009,23.026106,58.308682,8.150999243766982,164.6109207854451,316.38630639028213,-3.6548846669966157,0.002181790389136444,5.359062923355971
2026-07-15T12:38:00+03:00,9.75,293.78,-147.99986862355027,4.393439999999999,123.99952602221278,108.28902327972558,-0.1302333068332361,3.6352800000000003,3.6547199999999997,0.23491269600363757,,-1.673036761782004,23.026161,58.308662,7.720527277494801,162.44887146066,321.5506545615528,-3.4660512918171817,0.0021122154507414613,5.361175138806712
2026-07-15T12:38:03+03:00,9.78,293.78,-146.9971924820713,4.19904,121.9999033172062,107.41239785317543,-1.0017021132272181,3.7713599999999996,3.7908,0.25210142985756223,,-1.1917522138721122,23.026212,58.308646,7.643086783603976,162.58790996147417,319.411993355732,-3.5985457490621093,0.001875744148068977,5.363050882954781
2026-07-15T12:38:05+03:00,9.52,293.78,-146.0002459185437,4.393439999999999,123.99952602221278,105.25807654348354,-2.000023775463165,3.6741599999999996,3.81024,0.21772396214971285,,-0.4469070802020421,23.026265,58.30863,7.7179548674939245,161.43875800366217,322.5607680185506,-3.4830447269854736,0.0019302381200279183,5.364981121074809
2026-07-15T12:38:07+03:00,9.33,293.78,-144.99756977706474,4.19904,120.99722717572726,102.62820026383305,-0.6129502492309546,3.4992,3.6352800000000003,0.2578310078088704,,-0.44117750225073393,23.026313,58.308615,7.3449087514227305,160.85681400847577,320.1404131672515,-3.3057012638666188,0.0017635971959858454,5.366744718270795
2026-07-15T12:38:09+03:00,9.56,293.77,-140.00137780352395,4.704479999999999,116.99798176571409,101.05256632722329,0.09281916281119336,3.4992,3.92688,0.2578310078088704,,-0.3609634109324186,23.026363,58.308602,7.719984507890279,156.93986686527623,320.0581149004379,-3.219593855457801,0.0017616435587765762,5.368506361829571
2026-07-15T12:38:11+03:00,9.78,293.79,-136.99907895703842,5.307119999999999,116.99798176571409,100.11864512116006,-0.26103957146160306,4.0824,3.9074399999999994,0.22345354010102106,,-0.14896902673401402,23.026423,58.308588,8.747670774530004,155.55822082664912,321.43976093906497,-3.7165442505270714,0.002073107034745213,5.370579468864316
2026-07-15T12:38:13+03:00,10.01,293.79,-134.99945625203188,6.29856,113.99568291922859,99.63163099529883,-0.6355247863591091,4.101839999999999,4.0824,0.16615776058793874,,0.5672282171795151,23.026488,58.308574,9.645401978583392,152.499693504258,321.4959894149706,-3.6383663841228873,0.0022183275191085096,5.372797796383424
2026-07-15T12:38:15+03:00,10.08,293.78,-129.99753470053977,6.6095999999999995,114.99835906070751,99.1732647591942,0.08262051405786472,4.19904,4.257359999999999,0.1776169164905552,,0.26356058576017866,23.026551,58.308559,9.848692383752518,149.06120878669742,325.9371502740101,-3.601588092466891,0.0021841456308611187,5.374981942014285
2026-07-15T12:38:17+03:00,10.16,293.79,-127.99791199553322,6.6095999999999995,117.99492832924174,99.4540140788083,0.32263253443816653,4.00464,4.276800000000001,0.18334649444186346,,-0.40107045659157625,23.02662,58.30854,9.608038562450215,147.1728186503194,330.82210967892235,-3.3651371175720897,0.0024599954521893545,5.377441937466474
2026-07-15T12:38:19+03:00,10.23,293.79,-127.00096543200556,6.39576,111.99606021422201,99.91238031491297,0.5662541889277926,4.0824,4.33512,0.1432394487827058,,-0.6130648407899808,23.026691,58.308517,9.433942966738583,147.21898733512103,324.77707287910096,-3.4322617759297547,0.0026339612398720274,5.380075898706346
2026-07-15T12:38:21+03:00,10.23,293.79,-127.99791199553322,6.10416,116.99798176571409,100.6400367147291,0.2975942787909496,4.23792,4.52952,0.12032113697747288,,-0.7276563998161455,23.026757,58.308498,9.331252388080122,148.96897466597912,328.02900709973494,-3.6314240003530096,0.0023765001022572783,5.382452398808604
2026-07-15T12:38:23+03:00,9.82,293.79,-125.99828929052664,5.90976,116.99798176571409,100.41658317462807,-0.22866745603671151,4.45176,4.4712,0.1604281826366305,,-1.065701498943331,23.026832,58.308478,9.255811560470248,148.89808544085844,328.09989632485565,-3.81181871637789,0.002655939907511834,5.385108338716115
2026-07-15T12:38:25+03:00,9.45,293.79,-127.00096543200556,5.90976,116.99798176571409,100.34782823921239,-0.0168449591768462,4.41288,4.43232,0.1432394487827058,,-1.0313240312354817,23.026905,58.308459,9.262236084802096,149.36533564399394,327.63264612172014,-3.796991530091891,0.0025725412274203736,5.387680879943535
2026-07-15T12:38:27+03:00,9.07,293.79,-127.00096543200556,6.10416,116.99798176571409,100.76608742965787,-0.3792407645970919,4.29624,4.45176,0.10313240312354818,,-0.8766254265501595,23.026977,58.308442,9.342605344287152,148.5471779796036,328.4508037861105,-3.664993913768281,0.0024926408659459213,5.390173520809482
2026-07-15T12:38:29+03:00,8.77,293.79,-127.99791199553322,6.006959999999999,114.99835906070751,100.9035973004893,0.5068384655727262,4.16016,4.29624,0.12032113697747288,,-1.1229972784564135,23.027044,58.308425,9.173860686292917,148.93588627126786,326.06247278943965,-3.563553279874994,0.0023495228788407395,5.392523043688322
2026-07-15T12:38:31+03:00,8.58,293.79,-127.99791199553322,5.90976,113.99568291922859,100.8463015209762,0.07402614713090236,4.49064,4.45176,0.16615776058793874,,-1.5068790011940651,23.027112,58.308411,9.368413931936601,150.19133616854293,323.8043467506857,-3.8964847455780567,0.0023062678124685975,5.394829311500791
2026-07-15T12:38:33+03:00,8.73,293.8,-131.00021084201873,5.79312,115.99530562423517,101.70573821367242,-0.6963156084224895,4.52952,4.45176,0.17188733853924698,,-1.6844959176846201,23.027182,58.308391,9.407815036997832,152.30714528295917,323.688160341276,-4.010670680152099,0.0025161723793322545,5.397345483880123
2026-07-15T12:38:35+03:00,8.88,293.79,-127.99791199553322,6.201359999999999,115.99530562423517,101.80887061679597,0.0340336930307709,4.393439999999999,4.276800000000001,0.1546986046853223,,-1.3750987083139758,23.027258,58.308369,9.555385027582334,149.24110237418816,326.754203250047,-3.7754016191433353,0.002740092143621646,5.400085576023745
2026-07-15T12:38:37+03:00,9.03,293.8,-125.001342726999,5.404319999999999,116.99798176571409,101.3390452247887,-0.2271204699898583,4.393439999999999,4.276800000000001,0.13178029288008933,,-1.111538122553797,23.027323,58.308352,8.703297614994026,149.4263969247136,327.57158484100046,-3.7826484086288423,0.0022928219939225615,5.402378398017667
2026-07-15T12:38:39+03:00,9.15,293.8,-127.99791199553322,4.704479999999999,117.99492832924174,101.51666214127927,-0.15933956282588194,4.257359999999999,4.276800000000001,0.12605071492878112,,-1.3235325067522015,23.027396,58.308333,8.057161457005176,152.60494661717203,325.3899817120697,-3.7799188441539657,0.002572548584662489,5.40495094660233
2026-07-15T12:38:41+03:00,9.18,293.8,-127.99791199553322,4.996079999999999,115.99530562423517,101.87762555221168,0.4356198116379649,4.52952,4.1796,0.1604281826366305,,-1.478231111437524,23.027463,58.308316,8.563919294565608,152.63041739860216,323.364888225633,-4.022483595306218,0.002349528749368189,5.407300475351699
2026-07-15T12:38:43+03:00,9.41,293.81,-127.99791199553322,5.69592,114.99835906070751,102.10680867026402,-0.5832137396636651,4.393439999999999,4.23792,0.1546986046853223,,-1.403746598070517,23.027531,58.308301,9.086134965253237,150.39599998737393,324.60235907333356,-3.8199222914615123,0.0023288784759529437,5.409629353827651
2026-07-15T12:38:45+03:00,9.48,293.79,-125.001342726999,6.201359999999999,112.99873635570096,102.11826782616663,-0.9890970417343402,4.0629599999999995,4.23792,0.13750987083139757,,-1.180293057969496,23.027599,58.308284,9.158001996280582,146.3112268336718,326.68750952202913,-3.3806379765492056,0.0023780048634465577,5.412007358691098
2026-07-15T12:38:47+03:00,9.63,293.8,-123.00172002199243,6.7068,114.99835906070751,101.65417201211065,0.4610591377417735,3.96576,4.41288,0.12605071492878112,,-0.664631042351755,23.02767,58.308268,9.47005257706295,143.56257209750433,331.4357869632032,-3.190477637700601,0.002439567915546081,5.414446926606645
2026-07-15T12:38:49+03:00,9.63,293.8,-121.00209731698585,6.804,115.99530562423517,100.65722544858302,0.41843107778404015,4.1796,4.1796,0.12032113697747288,,-0.7448451336700701,23.027735,58.30826,9.646686509936282,142.80253588959212,333.19276973464304,-3.329288285403757,0.0021081140211296366,5.416555040627774
2026-07-15T12:38:51+03:00,9.48,293.8,-119.99942117550692,6.7068,108.99949094568781,100.17021132272183,-0.6969458619971334,4.58784,4.0629599999999995,0.09167324722093173,,-0.8193296470370772,23.027796,58.308245,9.83862942750344,143.81773108757085,325.18175985811695,-3.703043151195624,0.0021267984157013736,5.418681839043475
2026-07-15T12:38:53+03:00,9.0,293.8,-121.00209731698585,6.7068,112.99873635570096,99.39671829929522,1.9572811239464052,4.33512,4.101839999999999,0.13178029288008933,,-0.7276563998161455,23.027867,58.308228,9.681192928292052,143.5726391094256,329.42609724627533,-3.488082315343701,0.002463885098547224,5.421145724142022
2026-07-15T12:38:55+03:00,8.88,293.8,-123.00172002199243,6.492959999999999,115.99530562423517,102.4505833473425,0.8755368067394109,4.00464,4.101839999999999,0.17188733853924698,,-1.5641747807071475,23.027939,58.308213,9.301631747862945,144.16743191380067,331.8278737104345,-3.246686537269581,0.002445832720898241,5.42359155686292
2026-07-15T12:38:56+03:00,9.18,293.81,-127.99791199553322,6.39576,112.99873635570096,103.24126510462304,-0.07013003412401277,4.0629599999999995,3.92688,0.19480565034447989,,-1.5699043586584558,23.028002,58.308198,9.45561776089581,147.7899974153711,325.20873894032985,-3.437670962812338,0.0021841641222216965,5.425775720985142
2026-07-15T12:38:58+03:00,9.37,293.8,-138.998701662045,5.90976,121.9999033172062,103.27564257233088,0.048873299924659226,3.92688,4.101839999999999,0.13178029288008933,,-0.45836623610465854,23.028061,58.308181,9.239801241551982,155.18907955954867,326.81082375765754,-3.56441921953733,0.002124899550900763,5.427900620536042
2026-07-15T12:39:00+03:00,9.63,293.79,-140.9983243670516,5.50152,121.9999033172062,102.59955237407651,-0.24018390771884113,4.374,4.00464,0.13178029288008933,,-0.4812845479098915,23.028119,58.308163,9.316632814253984,158.18379802902018,323.816105288186,-4.0607375107383605,0.002127202001898374,5.430027822537941
2026-07-15T12:39:02+03:00,9.63,293.8,-138.998701662045,5.598719999999999,120.99722717572726,102.14691571592317,-0.12519127823608486,4.0824,4.1212800000000005,0.1776169164905552,,-1.1917522138721122,23.028182,58.308144,9.083533670913782,156.14780762964017,324.8494195460871,-3.733729104204486,0.00229389277358395,5.432321715311525
2026-07-15T12:39:04+03:00,9.63,293.81,-132.9998335470253,5.90976,116.99798176571409,101.85470724040644,-0.7366518371996994,4.393439999999999,3.86856,0.2119943841984046,,-0.5099324376664327,23.028247,58.308123,9.467973322154132,152.8384656907393,324.1595160749748,-3.9089448230606942,0.0024096168312436575,5.434731332142769
2026-07-15T12:39:06+03:00,9.9,293.81,-129.99753470053977,5.90976,117.99492832924174,101.37342269249655,0.5597797658428143,4.14072,3.8491199999999997,0.17188733853924698,,-0.716197243913529,23.028301,58.308109,9.139370225680388,150.30633616022698,327.6885921690148,-3.596986737560383,0.0019015310902515698,5.4366328632330205
2026-07-15T12:39:08+03:00,10.08,293.81,-127.00096543200556,6.10416,115.99530562423517,99.96394651647472,-0.5058644373210038,3.9463199999999996,3.92688,0.13750987083139757,,-0.3609634109324186,23.02836,58.308097,9.045941945133977,147.3906181533112,328.604687470924,-3.3242385522873,0.0019978336089733245,5.438630696841994
2026-07-15T12:39:10+03:00,10.05,293.81,-123.00172002199243,5.598719999999999,116.99798176571409,97.7236815375132,-0.9642879692051756,3.888,3.96576,0.12605071492878112,,0.5385803274229739,23.02842,58.308081,8.377023238595838,145.90905018344597,331.0889315822681,-3.2198428466229894,0.0021247709812261995,5.4407554678232195
2026-07-15T12:39:12+03:00,9.93,293.82,-121.00209731698585,5.69592,117.99492832924174,95.44903909084383,-1.3132192664398468,3.81024,4.04352,0.13750987083139757,,1.111538122553797,23.028482,58.308065,8.325764527514684,144.09786915937005,333.8970591698717,-3.0863699669250075,0.0021812748045014147,5.442936742627721
2026-07-15T12:39:14+03:00,10.23,293.8,-119.0024746119793,5.69592,115.99530562423517,93.84475726447754,-1.1578331124003676,3.8491199999999997,4.16016,0.09167324722093173,,0.9052733163067008,23.028539,58.308051,8.277625813135181,142.9996096338345,332.9956959904007,-3.0740281319267915,0.0019869276597682863,5.444923670287489
2026-07-15T12:39:16+03:00,10.23,293.81,-116.00017576549378,5.79312,109.99643750921543,92.64727547265412,-0.3170748438253976,4.16016,4.0824,0.11459155902616464,,0.7563042895726866,23.02861,58.308036,8.485108196414773,142.14672922352122,327.8497082856942,-3.284799186156439,0.0024165174574117872,5.447340187744901
2026-07-15T12:39:18+03:00,10.38,293.8,-114.99749962401484,6.006959999999999,106.99986824068124,92.52122475772534,-0.07442721758749393,4.0629599999999995,4.257359999999999,0.13178029288008933,,0.19480565034447989,23.028675,58.308025,8.556760876316812,140.48701534529638,326.51285289538487,-3.134494056210901,0.0021564178131299257,5.449496605558031
2026-07-15T12:39:20+03:00,10.46,293.8,-116.00017576549378,5.90976,105.9971920992023,93.58692625666866,1.396240850954303,4.21848,4.276800000000001,0.09740282517223994,,0.2807493196141034,23.028749,58.308014,8.635875103201876,142.04314924965638,323.9540428495459,-3.3261625697667907,0.0024284933300472863,5.451925098888078
2026-07-15T12:39:22+03:00,10.53,293.8,-114.99749962401484,5.50152,106.99986824068124,95.58081938372393,0.835143282182688,3.96576,4.33512,0.045836623610465865,,-0.5271211715203573,23.028815,58.308003,8.027040081175484,141.59823533406131,325.4016329066199,-3.1078642953961184,0.002186497257659438,5.454111596145737
2026-07-15T12:39:24+03:00,10.5,293.79,-116.00017576549378,5.50152,108.99949094568781,96.11939971114691,-0.8014533638289956,4.14072,4.276800000000001,0.1776169164905552,,0.1604281826366305,23.028879,58.307988,8.208825865898657,142.96038784617713,326.03910309951067,-3.305202399899266,0.0022129750582397406,5.456324571203977
2026-07-15T12:39:26+03:00,10.31,293.79,-116.99712232902141,5.598719999999999,109.99643750921543,94.33177139033874,-0.304125997655441,4.35456,4.0824,0.13178029288008933,,0.6818197762056798,23.028936,58.307974,8.511299476447357,144.1180067532609,325.8784307559545,-3.528177224827352,0.0019869312093669616,5.458311502413344
2026-07-15T12:39:28+03:00,10.23,293.8,-116.00017576549378,5.598719999999999,107.99681480420887,93.08272339695354,-0.5294130027008807,4.276800000000001,4.393439999999999,0.040107045659157625,,1.208940947726037,23.02901,58.307959,8.404169467356851,143.21878979955176,324.77802500465714,-3.4254079038556604,0.0025046639940967366,5.460816166407441
2026-07-15T12:39:30+03:00,10.23,293.79,-114.99749962401484,5.69592,108.99949094568781,93.26606989139539,0.19824339711526484,4.21848,4.393439999999999,0.2864788975654116,,-0.41252961249419273,23.029093,58.307949,8.399203888745376,142.07531413491284,326.92417681077495,-3.327618639167556,0.0026889983214611044,5.463505164728902
2026-07-15T12:39:32+03:00,10.08,293.79,-116.00017576549378,6.39576,106.99986824068124,93.69005865979221,0.6691001131537753,4.31568,4.4712,0.1432394487827058,,-0.6474423084978302,23.029162,58.307937,9.150457898785929,141.08138873245673,325.9184795082245,-3.35776790199794,0.002295154233890137,5.465800318962792
2026-07-15T12:39:34+03:00,9.56,293.8,-116.00017576549378,6.29856,107.99681480420887,94.21717983131258,-0.251241993164866,4.29624,4.33512,0.09740282517223994,,-0.2119943841984046,23.029239,58.307925,9.047344464138362,141.26498443649228,326.7318303677166,-3.3512740758981496,0.0025362211433390017,5.468336540106131
2026-07-15T12:39:36+03:00,9.48,293.81,-119.99942117550692,5.69592,107.99681480420887,94.11977700614034,0.04108107391088003,4.29624,4.62672,0.005729577951308233,,1.6959550735872368,23.029317,58.307915,8.681693033779334,145.3759828752259,322.62083192898297,-3.53536845780701,0.0025353524062737562,5.470871892512405
2026-07-15T12:39:38+03:00,9.33,293.81,-117.99979847050034,5.307119999999999,109.99643750921543,94.07394038252986,-0.8530195653907696,4.23792,4.21848,-0.06302535746439056,,2.469448097013848,23.029387,58.307903,8.200198753176075,145.14933141503752,324.8471060941779,-3.47782441257895,0.002325155335188452,5.473197047847593
2026-07-15T12:39:40+03:00,9.48,293.8,-114.99749962401484,5.20992,108.99949094568781,93.12856002056401,-0.720265244258958,4.5684000000000005,4.5684000000000005,-0.10313240312354818,,3.151267873219528,23.029454,58.307888,8.254037526436486,145.10530119128683,323.894189754401,-3.747023650141246,0.002299818668154877,5.475496866515749
2026-07-15T12:39:42+03:00,9.9,293.8,-112.99787691900828,5.50152,106.99986824068124,92.33787826328346,-0.30618864571791193,4.19904,4.58784,-0.05729577951308232,,2.841870663848883,23.029522,58.307879,8.12094348183138,141.42017792057527,325.57969032010595,-3.2825581021206887,0.00221438992374506,5.477711256439494
2026-07-15T12:39:44+03:00,10.46,293.8,-112.00093035548062,5.79312,103.99756939419571,91.39249790131761,-0.22356813166004721,4.6655999999999995,4.35456,-0.12032113697747288,,2.8934368654106573,23.029612,58.307866,8.693612353664413,141.84150765139938,322.15606174279634,-3.6685831612045643,0.0029474734349477874,5.480658729874442
2026-07-15T12:39:46+03:00,10.65,293.81,-112.00093035548062,5.598719999999999,103.99756939419571,90.71640770306324,-0.03844546805327824,4.45176,4.52952,-0.14896902673401402,,3.2601298542943837,23.029694,58.307853,8.356918742843357,141.59888713204603,322.3986822621497,-3.4887614758503096,0.0027047198551004114,5.483363449729542
2026-07-15T12:39:48+03:00,10.68,293.79,-110.99825421400169,5.598719999999999,104.99451595772337,89.47881886558066,-0.6309984197775756,4.41288,4.548959999999999,-0.2119943841984046,,3.678389044739885,23.029777,58.307843,8.278030607253957,140.84501268465533,324.14950327306804,-3.421927127267945,0.00268900597655574,5.486052455706098
2026-07-15T12:39:50+03:00,10.68,293.78,-108.00168494546749,6.006959999999999,106.99986824068124,88.17247509268239,0.28435895372342757,4.6655999999999995,4.60728,-0.17188733853924698,,3.3919101471744737,23.029852,58.307832,8.670295549345399,138.7835604096971,328.21630783098414,-3.509585081906083,0.0024589049369921957,5.4885113606430895
2026-07-15T12:39:52+03:00,10.83,293.79,-106.99900880398854,5.90976,98.99564784270365,88.94023853815769,0.7987031664123675,4.5684000000000005,4.64616,-0.10313240312354818,,2.738738260725335,23.029923,58.307825,8.46059320511928,138.08815360317402,320.9074942395296,-3.399681989798461,0.0022811709075627818,5.490792531550652
2026-07-15T12:39:54+03:00,10.8,293.79,-106.99900880398854,6.10416,99.99832398418258,89.6449766261686,-0.5479195394836063,4.5684000000000005,4.87944,-0.06875493541569878,,1.8964903018830246,23.030003,58.30782,8.627654541640073,137.42150362985984,322.57682035432276,-3.363946241944009,0.0025440477726765493,5.493336579323329
2026-07-15T12:39:56+03:00,10.16,293.78,-106.00206224046092,6.10416,102.99489325271679,88.29279622965986,-0.9393643051169847,4.68504,4.78224,-0.17188733853924698,,3.036676314193363,23.030087,58.307813,8.658974020431668,137.34079420354786,325.65409904916896,-3.445365550336647,0.00268570887486558,5.496022288198195
2026-07-15T12:39:58+03:00,9.82,293.79,-106.99900880398854,6.201359999999999,102.99489325271679,87.6911905447725,-0.42272826124752144,4.64616,4.78224,-0.19480565034447989,,3.495042550298022,23.030166,58.307806,8.768730868666712,137.4436738143822,325.55121943833456,-3.4224210345866513,0.0025298902979552455,5.49855217849615
2026-07-15T12:40:00+03:00,9.78,293.78,-106.00206224046092,6.901199999999999,99.99832398418258,88.63084132878704,0.615242080411478,4.704479999999999,4.80168,-0.16615776058793874,,3.2257523865865347,23.030245,58.307799,9.362634893433931,134.88384223433195,325.1144817498506,-3.3198188055876723,0.002529890784612396,5.501082069280763
2026-07-15T12:40:02+03:00,9.86,293.79,-104.99938609898197,7.095599999999999,101.99794668918915,87.12969190554429,-0.7081758347816975,4.64616,4.82112,-0.1776169164905552,,3.2200228086352265,23.030321,58.307793,9.433916803127723,133.4053212483022,328.592625440887,-3.1926320154723142,0.0024268702248368217,5.5035089395056
2026-07-15T12:40:04+03:00,10.08,293.78,-104.00243953545433,7.3094399999999995,100.9952705477102,86.19004112152975,-0.6556929007477141,4.62672,4.74336,-0.19480565034447989,,3.6210932652268033,23.030396,58.307786,9.549881098468632,132.04213903529654,328.9531315124137,-3.098407887464591,0.002405430773395495,5.505914370278995
2026-07-15T12:40:06+03:00,10.23,293.78,-106.00206224046092,7.3094399999999995,98.99564784270365,87.31303839998616,0.8997156256939319,4.82112,4.74336,-0.14896902673401402,,2.7215495268714105,23.030479,58.30778,9.803075952801786,134.21439232457118,324.78125551813247,-3.3619847175804813,0.0026456663395776946,5.508560036618572
2026-07-15T12:40:08+03:00,10.38,293.78,-108.00168494546749,7.40664,97.99870127917599,89.77675691904868,0.3606196362553401,4.68504,4.87944,-0.10313240312354818,,2.389234005695533,23.030566,58.307777,9.912410727306558,134.7137250353967,323.2849762437793,-3.296229945294978,0.00275319390183904,5.511313230520411
2026-07-15T12:40:10+03:00,10.53,293.79,-110.00130765047405,7.40664,99.99832398418258,89.91999636783139,-1.0271414393310268,4.87944,4.97664,-0.19480565034447989,,2.8819777095080408,23.030657,58.307768,10.16809675772374,136.80490112289124,323.1934228612913,-3.5572443900812396,0.002924071506007376,5.514237302026419
2026-07-15T12:40:12+03:00,10.65,293.79,-110.99825421400169,7.095599999999999,103.99756939419571,89.18661039006395,0.12564964447218954,4.82112,4.74336,-0.23491269600363757,,3.810169337619975,23.030749,58.307758,9.904919109203542,138.0256333415674,325.9719360526283,-3.5842332719451595,0.002966702920627195,5.517204004947046
2026-07-15T12:40:14+03:00,10.53,293.79,-112.00093035548062,7.095599999999999,100.9952705477102,89.29547237113879,0.9714499416443109,4.87944,4.859999999999999,-0.23491269600363757,,3.8674651171330567,23.030834,58.307745,10.00485836725661,138.88528268665607,322.10998786105415,-3.6761433096945857,0.0027955557723845356,5.51999956071943
2026-07-15T12:40:16+03:00,10.38,293.8,-110.00130765047405,6.901199999999999,99.99832398418258,90.13772032998111,0.5966209520697263,4.859999999999999,4.859999999999999,-0.18907607239317165,,2.9908396905828973,23.030903,58.307733,9.705163385969596,138.07200473650386,321.92631924767875,-3.615767819521009,0.0022951661621218897,5.522294726881552
2026-07-15T12:40:18+03:00,10.5,293.79,-108.00168494546749,6.9984,100.9952705477102,89.53611464509375,-0.908309992620894,4.6655999999999995,4.93776,-0.20626480624709637,,3.0481354700959793,23.030978,58.307722,9.535572054119218,135.7333960313974,325.2618745163128,-3.3410347505986535,0.0024589120303607766,5.524753638911912
2026-07-15T12:40:20+03:00,10.57,293.8,-106.99900880398854,6.804,104.99451595772337,88.22404129424416,-0.8555405796893453,4.7628,4.859999999999999,-0.2119943841984046,,3.036676314193363,23.031057,58.307712,9.376932113304024,136.05970538607076,328.93481057165263,-3.429517400806361,0.002566054808665437,5.527319693720577
2026-07-15T12:40:22+03:00,10.72,293.8,-106.00206224046092,6.804,103.99756939419571,88.7397033098619,0.8459148887311474,4.49064,4.87944,-0.20626480624709637,,2.778845306384493,23.031131,58.307702,9.127222952184454,134.2274191715607,329.770150222635,-3.13225779232215,0.0024128416104008165,5.529732535330978
2026-07-15T12:40:24+03:00,10.83,293.79,-106.99900880398854,6.804,100.9952705477102,90.88256546365119,1.6333880823589508,4.74336,4.89888,-0.13178029288008933,,1.3636395524113596,23.03121,58.307694,9.362943800598359,135.97715696471235,325.01811358299784,-3.4107736873675085,0.0025405861948519974,5.53227312152583
2026-07-15T12:40:26+03:00,11.51,293.8,-108.99863150899512,6.6095999999999995,101.99794668918915,95.80427292382495,3.041890230129054,4.74336,4.5684000000000005,-0.09167324722093173,,0.12032113697747288,23.03129,58.307684,9.305863655975301,137.81154521481142,324.1864014743777,-3.5145448467430023,0.0025967667500556933,5.534869888275886
2026-07-15T12:40:28+03:00,11.73,293.8,-112.00093035548062,6.39576,106.99986824068124,104.97159764591812,5.201826526213231,4.4712,4.548959999999999,-0.12032113697747288,,-0.5557690612768985,23.031367,58.307669,9.073217609598785,139.18849398128827,327.81137425939295,-3.3840895201591543,0.0025932895515541573,5.537463177827441
2026-07-15T12:40:30+03:00,12.07,293.81,-114.99749962401484,5.50152,109.99643750921543,114.40821253172278,5.6444364229517925,4.723920000000001,4.548959999999999,-0.02864788975654116,,-2.0855663742761967,23.031447,58.307657,8.634044199582167,144.72501035283568,325.27142715637973,-3.856559889950602,0.0026271993051353664,5.540090377132576
2026-07-15T12:40:32+03:00,12.18,293.8,-129.00058813701216,4.60728,123.99952602221278,122.45826955331087,3.386352456561705,4.257359999999999,4.31568,0.045836623610465865,,-1.5355268909506061,23.031503,58.307632,8.00253120785919,153.42167187674954,330.5778541454632,-3.8074572482837197,0.0023206091248052243,5.542410986257381
2026-07-15T12:40:34+03:00,12.33,293.8,-155.00141288004892,3.4992,138.99956109873773,124.56102466144097,0.6556356049682011,4.393439999999999,4.276800000000001,0.03437746770784939,,-1.432394487827058,23.031557,58.307602,7.708004111892694,168.9394819180844,330.06007918065336,-4.311832273155905,0.0024818159817206545,5.544892802239102
2026-07-15T12:40:36+03:00,12.48,293.8,-164.99952640508178,2.7993599999999996,140.99918380374427,125.0022021636917,0.23319382261824503,4.31568,4.101839999999999,0.08021409131831525,,-1.4896902673401402,23.031615,58.307572,7.056942159993556,174.10694570136096,326.8922381023833,-4.292872800189555,0.0025702434404628943,5.547463045679565
2026-07-15T12:40:38+03:00,12.48,293.8,-159.9976048535897,2.00232,135.99726225225223,128.08471510149553,2.6325691812875935,4.1212800000000005,3.92688,0.09740282517223994,,-1.7876283208081685,23.03167,58.307544,6.041764092628389,173.49078632008144,322.5064759321708,-4.094712740219616,0.0024184730959166023,5.549881518775481
2026-07-15T12:40:40+03:00,12.52,293.81,-159.9976048535897,1.30248,141.99613036727192,134.65081143369477,3.7767086023843346,3.888,3.6352800000000003,0.13178029288008933,,-2.2631832907667517,23.031707,58.307519,5.131290245543601,175.01900787673992,326.977122490532,-3.8733171903628913,0.0019034776718211065,5.551784996447302
2026-07-15T12:40:42+03:00,12.56,293.82,-179.0026149180791,1.49688,145.99537577728506,141.53776413116725,3.690363862658119,3.8491199999999997,3.57696,0.16615776058793874,,-1.948056503444799,23.031743,58.307487,5.345836707730992,179.72073664538578,326.2746391318993,-3.84907427926201,0.0022342777764159084,5.554019274223718
2026-07-15T12:40:44+03:00,12.71,293.82,163.9977097002955,2.1967199999999996,149.99462118729824,144.35098690525962,0.2790304462287109,3.71304,3.6547199999999997,0.17188733853924698,,-1.948056503444799,23.031774,58.307457,5.856034907426216,174.06433473476977,324.058955922068,-3.6931330502608826,0.0020518134209750525,5.556071087644693
2026-07-15T12:40:46+03:00,12.93,293.82,148.00072806024295,2.60496,158.99578814880346,143.75511079832356,-0.41092533066782644,3.18816,3.6935999999999996,0.09740282517223994,,-1.432394487827058,23.031804,58.307425,5.57103411956662,165.65382163266776,324.6496097814712,-3.088741516095096,0.002144088588530176,5.558215176233222
2026-07-15T12:40:48+03:00,13.08,293.82,144.99842921375745,3.09096,156.99616544379688,142.70659803323414,-0.38222014513177216,3.46032,3.5964,0.11459155902616464,,-1.409476176021825,23.03183,58.3074,6.249026998098072,163.51767383686428,320.51383928066116,-3.3181261031821654,0.0017123624354417868,5.559927538668664
2026-07-15T12:40:50+03:00,13.23,293.82,142.99880650875087,3.4992,155.99921888026924,142.90713326152994,2.220841709706584,4.14072,3.5575200000000002,0.06875493541569878,,-1.5469860468532228,23.031858,58.307369,7.24795078638942,163.1088057592418,319.10802463951103,-3.9620820955473017,0.002062481437406385,5.56199002010607
2026-07-15T12:40:52+03:00,13.12,293.81,144.99842921375745,3.3047999999999997,158.99578814880346,146.91210824949437,-0.31535597044000513,4.16016,3.47976,0.09167324722093173,,-0.9167324722093171,23.031901,58.307334,7.124073296829729,164.5683946540204,323.5641828028239,-4.010181124163134,0.0025039280341714997,5.564493948140242
2026-07-15T12:40:54+03:00,13.38,293.82,150.0003507652495,3.5964,158.99578814880346,145.2619897995176,-0.6331756593990727,4.02408,3.36312,0.05156620156177409,,-0.22918311805232927,23.031925,58.307306,7.361656700405063,165.86171181598735,324.8574999647908,-3.902186600052777,0.0018457861150450062,5.566339734255287
2026-07-15T12:40:56+03:00,13.38,293.82,138.00261453521009,3.9074399999999994,154.9965427387903,143.91553898096018,0.44387040388784876,3.6935999999999996,3.3242399999999996,0.06302535746439056,,-0.08594366926962349,23.03195,58.307277,7.096658040122766,158.38262241045288,313.3791651492432,-3.4338098770781404,0.0019135640299434542,5.568253298285231
2026-07-15T12:40:58+03:00,13.38,293.83,129.99839413723248,3.6935999999999996,152.99692003378374,146.05840113474946,1.0275998055671314,3.46032,3.402,0.09167324722093173,,-0.9396507840145503,23.031971,58.307249,6.484360592794069,154.12801078983392,307.12493082361766,-3.1134963318242916,0.0018089518250875506,5.570062250110318
2026-07-15T12:41:00+03:00,13.38,293.83,127.99877143222591,3.3047999999999997,154.9965427387903,147.36474490764775,0.27897315044919785,3.36312,3.18816,0.11459155902616464,,-1.627200138171538,23.031992,58.307221,5.993109991107028,154.2438079588001,309.24035069759043,-3.0289983425784346,0.0018089520175007304,5.571871202127819
2026-07-15T12:41:02+03:00,13.38,293.82,131.00107027871144,3.3047999999999997,156.99616544379688,147.37620406355035,0.5089011136351972,3.44088,3.34368,0.09740282517223994,,-2.1199438419840457,23.032011,58.30719,6.138593052048703,156.02724598886635,313.02341143266324,-3.1440654613990175,0.0019575551358416952,5.5738287572636604
2026-07-15T12:41:04+03:00,13.38,293.82,135.00031568872456,3.6935999999999996,158.99578814880346,146.90064909359177,-0.7197495822433401,3.5964,3.36312,0.12032113697747288,,-0.8021409131831525,23.03203,58.307158,6.735192191450323,157.18372767465266,316.1795158234561,-3.314992697050104,0.0020148542907506106,5.575843611554411
2026-07-15T12:41:06+03:00,13.38,293.82,136.99993839373113,4.19904,163.9977097002955,145.02134752556265,-0.7765296997408048,3.4992,3.28536,0.12032113697747288,,-0.985487407625016,23.032044,58.307129,7.167167262555036,156.44907798328518,320.4467876835807,-3.2077352602099642,0.0017983137461438379,5.577641925300555
2026-07-15T12:41:08+03:00,13.38,293.81,138.99956109873773,4.60728,157.9988415852758,144.52860382175015,0.8093601814018009,3.38256,3.3242399999999996,0.1546986046853223,,-0.5042028597151245,23.032066,58.307101,7.496130871234954,156.21966395846957,314.2185055437454,-3.0953742664738475,0.0018207663758069807,5.579462691676362
2026-07-15T12:41:10+03:00,13.53,293.82,142.99880650875087,4.704479999999999,150.99729732877717,146.23601805124002,1.0255371575046606,3.1104000000000003,3.28536,0.18907607239317165,,-1.1745634800181877,23.032088,58.307076,7.428251748633268,157.59484149352448,308.59213882230165,-2.8756012569534657,0.0016555161859802801,5.5811182078623425
2026-07-15T12:41:12+03:00,13.5,293.81,144.0014826502298,4.393439999999999,158.99578814880346,148.03510552795078,0.8025992794192572,3.38256,3.18816,0.2578310078088704,,-1.4610423775835992,23.032115,58.307047,7.40204044555987,159.58213692415313,318.5779250729566,-3.170044815538328,0.001940475461536234,5.583058683323879
2026-07-15T12:41:14+03:00,13.53,293.83,142.99880650875087,4.19904,160.99541085381,147.63403507135922,-0.31558515355805744,3.38256,3.44088,0.22345354010102106,,-1.6959550735872368,23.032145,58.307014,7.1944519922150665,159.43566630969414,320.43107716350414,-3.1670177763085627,0.002198175982379117,5.5852568593062575
2026-07-15T12:41:16+03:00,13.53,293.82,140.99918380374427,4.101839999999999,159.99846429028239,146.7860575345656,-0.8000209693411684,3.26592,3.46032,0.21772396214971285,,-1.5469860468532228,23.032174,58.306981,6.950742150925634,158.19880239707803,318.1972666873604,-3.0323350797756645,0.0021847525828655365,5.587441611889123
2026-07-15T12:41:18+03:00,13.53,293.82,138.99956109873773,4.704479999999999,159.99846429028239,146.5053082149515,0.7392874430573012,3.3242399999999996,3.28536,0.13750987083139757,,-0.911002894258009,23.032199,58.30695,7.535786748034368,155.82207758380665,315.82054187408903,-3.0326310276078656,0.0020236826062738134,5.589465294495397
2026-07-15T12:41:20+03:00,13.53,293.83,140.99918380374427,4.89888,156.99616544379688,147.92051396892464,0.9008042455046802,3.44088,3.61584,0.12605071492878112,,-0.836518380891002,23.03222,58.306922,7.876435427651557,156.9569178807324,313.9530833245293,-3.1663349127992837,0.001808954072203216,5.5912742485676
2026-07-15T12:41:22+03:00,13.53,293.82,142.99880650875087,4.89888,161.99808699528896,149.35863803470298,-0.330596647790485,3.6741599999999996,3.4992,0.13178029288008933,,-1.0198648753328654,23.032235,58.306891,8.139271241176749,158.76269164381566,320.7607786391046,-3.4246409252597294,0.0019226041557761386,5.593196852723376
2026-07-15T12:41:24+03:00,13.53,293.81,142.00185994522323,4.80168,163.9977097002955,148.40752809478582,-0.2973077998933842,3.6547199999999997,3.53808,0.12032113697747288,,-0.664631042351755,23.032255,58.30686,8.00444191353392,158.32719147640887,322.3249011767044,-3.396360320337038,0.0019674654604118413,5.595164318183788
2026-07-15T12:41:26+03:00,13.65,293.83,142.00185994522323,4.510079999999999,160.99541085381,147.70851958472622,0.5292411153623414,3.7713599999999996,3.6547199999999997,0.07448451336700701,,-0.2864788975654116,23.032272,58.306828,7.833991370100712,159.24175481725828,320.2371656710683,-3.5265392071335726,0.0019969588589722853,5.59716127704276
2026-07-15T12:41:28+03:00,13.68,293.83,142.00185994522323,4.510079999999999,160.99541085381,148.99194504581928,1.1628751409975189,3.6935999999999996,3.4992,0.14896902673401402,,-1.0198648753328654,23.032294,58.306799,7.7613281540683365,159.03829959537728,320.0337104491873,-3.4491567039765716,0.0018764689877246575,5.5990377460304845
2026-07-15T12:41:30+03:00,13.68,293.83,142.99880650875087,4.393439999999999,159.99846429028239,149.96024371959038,0.058441695103343974,3.86856,3.6935999999999996,0.1432394487827058,,-1.2948846169956605,23.032318,58.306766,7.836792764925749,160.2816285268435,320.2800928171259,-3.641716962062182,0.002123414653816746,5.601161160684302
2026-07-15T12:41:32+03:00,13.68,293.82,142.99880650875087,4.704479999999999,161.99808699528896,149.96597329754167,-0.12731122207806891,3.6547199999999997,3.7908,0.12605071492878112,,-0.8708958485988514,23.032339,58.306731,7.934194970275246,159.0932271358418,321.09131413113073,-3.414101634589752,0.0022058161686514697,5.6033669768529535
2026-07-15T12:41:34+03:00,13.68,293.83,140.00223724021666,4.393439999999999,163.9977097002955,149.18102111821244,-0.7578512756195398,3.71304,3.73248,0.09740282517223994,,-0.492743703812508,23.032357,58.306697,7.6212068741726045,158.2514368079863,322.2491465082818,-3.4487415244611572,0.0021212396189696416,5.605488216471923
2026-07-15T12:41:36+03:00,13.68,293.82,138.99956109873773,4.704479999999999,162.99503355881663,148.48201260815284,0.19812880555623866,3.6352800000000003,3.6935999999999996,0.05156620156177409,,-0.38961130068895977,23.032377,58.306663,7.820579350439417,156.75543703065097,319.75047058946757,-3.3401994688273287,0.002139029587440509,5.607627246059364
2026-07-15T12:41:38+03:00,13.68,293.82,142.00185994522323,4.393439999999999,159.99846429028239,150.08629443451915,0.4678773355038302,3.6741599999999996,3.6352800000000003,0.10886198107485642,,-0.9797578296737078,23.032398,58.306631,7.631701560370084,159.24264667299587,319.2411109632783,-3.4356692910310955,0.002034558192434184,5.6096618042517985
2026-07-15T12:41:40+03:00,13.68,293.82,144.0014826502298,4.393439999999999,160.99541085381,149.94878456368775,0.32137202728887876,3.888,3.7713599999999996,0.11459155902616464,,-0.8250592249883855,23.032426,58.306593,7.8776989850176,160.8647202606657,321.86013111447573,-3.673177305645554,0.0024492677826202266,5.612111072034419
2026-07-15T12:41:42+03:00,13.83,293.82,138.99956109873773,4.704479999999999,162.99503355881663,150.75092547687092,0.5808646127036285,3.61584,3.6935999999999996,0.09740282517223994,,-0.38388172273765153,23.032444,58.306561,7.802721093053218,156.69910021142323,319.6941337702399,-3.3209327023951425,0.0020056800006992763,5.614116752035118
2026-07-15T12:41:44+03:00,13.83,293.81,138.00261453521009,4.393439999999999,164.99465626382317,151.38690862946612,0.6438899701680192,3.5575200000000002,3.7713599999999996,0.09167324722093173,,-0.5099324376664327,23.032461,58.30653,7.428967270179246,156.6904133805262,321.68506964434937,-3.2671558813465627,0.0019391324038888834,5.616055884439007
2026-07-15T12:41:46+03:00,13.98,293.83,135.99726225225223,4.510079999999999,164.99465626382317,151.5874438577619,0.13458778607623037,3.81024,3.9074399999999994,0.13750987083139757,,-0.6990085100596044,23.032473,58.306494,7.718845823594379,156.05213444252124,321.0467907063444,-3.4822361612210204,0.0021968089322186263,5.618252693371225
2026-07-15T12:41:48+03:00,13.98,293.82,135.99726225225223,4.80168,161.99808699528896,151.07178184214416,-0.5959334027155693,3.6547199999999997,3.6935999999999996,0.10313240312354818,,-0.5500394833255903,23.032491,58.306459,7.852326967840331,154.8618038676676,316.85989086295655,-3.308566140882652,0.0021792096172546177,5.62043190298848
2026-07-15T12:41:50+03:00,13.98,293.83,133.000692983718,4.60728,163.9977097002955,150.79103252253006,0.22379731477809955,4.0629599999999995,3.7908,0.06875493541569878,,-0.11459155902616464,23.032508,58.306421,7.954113641300355,154.93672120973213,318.93443091002763,-3.680393656806539,0.0023463343843230173,5.6227782373728035
2026-07-15T12:41:52+03:00,13.98,293.83,131.99801684223905,4.101839999999999,160.99541085381,150.94000154926405,-0.027215495268714106,3.9463199999999996,3.9074399999999994,0.07448451336700701,,-0.4068000345428845,23.032529,58.306386,7.352575484229693,155.50605608742268,316.5014669412327,-3.591171319584767,0.002205818112200806,5.624984055485005
2026-07-15T12:41:54+03:00,13.98,293.83,133.000692983718,4.00464,162.99503355881663,150.99729732877717,0.341712029016023,3.9074399999999994,3.8491199999999997,0.040107045659157625,,-0.38961130068895977,23.032549,58.30635,7.255975265965121,156.19429900990394,319.1893325687206,-3.574993090704603,0.0022541663360545815,5.6272382218210595
2026-07-15T12:41:56+03:00,14.02,293.82,138.00261453521009,4.393439999999999,162.99503355881663,150.8941649256536,-0.0226891286871806,4.29624,3.888,0.08021409131831525,,-0.5614986392282068,23.032569,58.306316,8.112660983701264,158.75531001818834,321.75034357700497,-4.004273780883853,0.0021390314165653556,5.6293772532376245
2026-07-15T12:41:58+03:00,14.13,293.82,140.00223724021666,4.510079999999999,163.9977097002955,150.92854239336143,-0.2732435724978896,3.6741599999999996,4.02408,0.1776169164905552,,-0.22345354010102106,23.032586,58.306284,7.696036350085511,157.87225148036126,321.8699611806568,-3.403544579181687,0.001996961078178942,5.631374214315803
2026-07-15T12:42:00+03:00,14.13,293.82,138.00261453521009,3.7908,162.99503355881663,149.50760706143703,-1.1033448260834264,4.02408,3.81024,0.08594366926962349,,-0.24064227395494575,23.032605,58.306246,7.296361794649417,159.6577647872681,322.65279834608475,-3.773109954963879,0.002361586351535718,5.633735800667339
2026-07-15T12:42:02+03:00,14.13,293.82,135.99726225225223,3.5964,162.99503355881663,148.77995066162086,0.6175912073715144,4.14072,3.9074399999999994,0.07448451336700701,,-0.3666929888837269,23.03263,58.306209,7.176561187700093,159.6268773781206,322.62191093693724,-3.881698921113669,0.002359956741903176,5.636095757409242
2026-07-15T12:42:04+03:00,14.13,293.82,133.99763954724563,3.3047999999999997,161.99808699528896,149.4159338142161,0.1863831707560568,3.73248,3.9851999999999994,0.14896902673401402,,-1.3980170201192088,23.032657,58.306179,6.479949048327018,158.47662508511152,320.4747120804005,-3.4722065901839234,0.0019946538515518883,5.638090411260794
2026-07-15T12:42:06+03:00,14.13,293.81,133.99763954724563,2.99376,162.99503355881663,149.72533102358673,0.017876283208081684,4.29624,3.81024,0.08021409131831525,,-0.3781521447863433,23.032678,58.306142,6.72969417182045,161.3360483237897,324.3310818826063,-4.070308504926796,0.0023207547474902094,5.640411166008285
2026-07-15T12:42:08+03:00,14.13,293.81,133.000692983718,3.2076,161.99808699528896,149.7081422897328,0.533137228369231,3.8491199999999997,3.9074399999999994,0.06875493541569878,,0.07448451336700701,23.032702,58.306099,6.476506848258663,158.76394097655734,320.7620279718463,-3.587749465781567,0.0026934631692241053,5.643104629177508
2026-07-15T12:42:10+03:00,14.13,293.81,133.99763954724563,3.3047999999999997,161.99808699528896,150.1435902140322,-0.4580224614275801,4.0629599999999995,3.9074399999999994,0.08594366926962349,,-0.4354479242994257,23.032725,58.306063,6.788466869102282,159.50002214015362,321.4981091354426,-3.8056621878551025,0.002282524761199738,5.645387153938708
2026-07-15T12:42:12+03:00,14.25,293.82,133.000692983718,3.402,163.9977097002955,150.4816353131594,0.48134184368940464,3.9851999999999994,3.7519199999999997,0.09167324722093173,,-0.22345354010102106,23.032747,58.30603,6.778514112124123,158.46635100855818,322.4640607088537,-3.707041674397093,0.0021017053335860895,5.647488859272294
2026-07-15T12:42:14+03:00,14.21,293.81,135.99726225225223,3.402,162.99503355881663,150.43579868954896,0.23645968205049073,4.14072,3.9074399999999994,0.08021409131831525,,-0.41252961249419273,23.032769,58.305994,6.998894286155605,160.26477453206968,323.2598080908863,-3.897507028724438,0.0022726733878310713,5.649761532660126
2026-07-15T12:42:16+03:00,14.13,293.81,138.00261453521009,3.9074399999999994,162.99503355881663,150.6191451839908,-0.12960305325859223,4.101839999999999,4.101839999999999,0.10313240312354818,,-0.5614986392282068,23.03279,58.305958,7.477697021877457,159.53508525260557,322.5301188114222,-3.8429583744063622,0.002263219552186644,5.652024752212312
2026-07-15T12:42:18+03:00,14.13,293.81,135.99726225225223,3.4992,161.99808699528896,150.4128803777437,0.5906048952208526,4.276800000000001,3.9851999999999994,0.10313240312354818,,-0.38961130068895977,23.032814,58.305923,7.215594932133506,160.31243149572637,322.31051849101533,-4.026793935302599,0.0022361298365956416,5.6542608820489075
2026-07-15T12:42:20+03:00,14.17,293.82,133.000692983718,3.402,162.99503355881663,150.1435902140322,-0.6791268745685648,4.52952,3.9463199999999996,0.12605071492878112,,-0.5786873730821314,23.032832,58.305882,7.287580941714389,160.03732979557935,323.032363354396,-4.257364954758308,0.0025291232808706634,5.656790005329778
2026-07-15T12:42:22+03:00,14.25,293.83,135.00031568872456,3.402,161.99808699528896,150.1034831683731,0.4431828545336917,4.1212800000000005,4.1212800000000005,0.06875493541569878,,-0.25210142985756223,23.032848,58.30584,6.956060455925118,159.76797190976487,321.7660589050538,-3.866996430361696,0.0025745920864902513,5.6593645974162685
2026-07-15T12:42:24+03:00,13.98,293.82,138.00261453521009,3.402,159.99846429028239,149.8399225826129,0.2855048693136892,4.1212800000000005,3.86856,0.09167324722093173,,-0.590146528984748,23.032869,58.305805,7.028376314574567,161.10298611684172,321.1014504071241,-3.899152236912519,0.0022058213865014265,5.66157041880277
2026-07-15T12:42:26+03:00,13.98,293.81,138.00261453521009,3.402,165.99733240530213,149.8284634267103,-0.3425141699292061,4.02408,4.04352,0.12032113697747288,,-0.888084582452776,23.032885,58.305767,6.936486610356024,160.84295877111947,326.8402911764216,-3.8012372332209927,0.0023393130338432914,5.663909731836613
2026-07-15T12:42:28+03:00,13.98,293.83,135.00031568872456,3.6935999999999996,163.9977097002955,149.67949439997628,-0.1487398436159617,4.1212800000000005,4.04352,0.11459155902616464,,-0.492743703812508,23.0329,58.305729,7.221870678929261,158.79872920390793,322.79643890420346,-3.842334379061913,0.0023326959253327003,5.666242427761945
2026-07-15T12:42:30+03:00,13.98,293.81,129.99839413723248,3.6935999999999996,162.99503355881663,149.8456521605642,0.40341958355161267,3.9463199999999996,3.9851999999999994,0.10886198107485642,,-0.8193296470370772,23.032921,58.305695,6.924897469296653,155.8829430035189,318.87797656233556,-3.6018558948958628,0.0021485711638533035,5.668390998925799
2026-07-15T12:42:32+03:00,13.95,293.82,129.00144757370484,3.7908,161.99808699528896,149.70241271178148,-0.5366895666990421,4.14072,4.0824,0.13750987083139757,,-0.9568395178684748,23.032945,58.305659,7.160501108335142,155.70618397091417,317.7042709662031,-3.7740496637836083,0.0022927720714261005,5.670683770997225
2026-07-15T12:42:34+03:00,13.8,293.83,129.99839413723248,4.19904,162.99503355881663,149.61646904251188,-0.7784204604647366,4.257359999999999,4.257359999999999,0.13750987083139757,,-0.9568395178684748,23.032967,58.305621,7.664090720653232,155.18346152504284,318.1784950838595,-3.8642199043120478,0.002387418948950486,5.673071189946175
2026-07-15T12:42:36+03:00,13.68,293.83,131.99801684223905,3.7908,163.9977097002955,149.34717887880038,-0.022001579333023612,4.23792,4.0824,0.09740282517223994,,-0.7677634454753031,23.032988,58.305585,7.336798610567673,157.41942194292335,321.41713164321885,-3.913042880564025,0.002263221600973809,5.67533441154715
2026-07-15T12:42:38+03:00,13.68,293.82,133.000692983718,3.6935999999999996,162.99503355881663,149.284153521336,0.2920938839576937,4.23792,4.257359999999999,0.07448451336700701,,-0.590146528984748,23.033012,58.305544,7.276936977729717,158.20952083677446,321.2045543955911,-3.935110123910798,0.0025783305429041494,5.6779127420900535
2026-07-15T12:42:40+03:00,13.53,293.83,133.99763954724563,3.7908,162.99503355881663,149.53052537324226,0.3053292090252157,4.1796,4.21848,0.10313240312354818,,-0.8193296470370772,23.033034,58.305505,7.338300525408903,158.18508967159357,321.18012323041023,-3.880295302981152,0.002444988462903228,5.680357730552957
2026-07-15T12:42:42+03:00,13.5,293.82,131.00107027871144,3.6935999999999996,161.99808699528896,149.7081422897328,-0.5381219611868692,4.19904,4.19904,0.09740282517223994,,-0.9568395178684748,23.033061,58.305466,7.185085071766913,157.17216453017448,319.1702515254634,-3.8701492671715383,0.0024944553181786427,5.682852185871135
2026-07-15T12:42:44+03:00,13.38,293.83,131.00107027871144,3.6935999999999996,162.99503355881663,149.41020423626478,-0.3721360879374697,4.0629599999999995,4.21848,0.06302535746439056,,-0.544309905374282,23.033088,58.30543,7.05986096905437,156.74369929496112,319.7387328537777,-3.7328355427257853,0.0023258112403334815,5.685177997111468
2026-07-15T12:42:46+03:00,13.27,293.83,129.99839413723248,3.5964,161.99808699528896,149.67376482202496,0.37362577820480986,4.1796,4.0824,0.08021409131831525,,-0.7620338675239948,23.033112,58.305394,7.051712191793471,157.00226348650136,319.0003504817903,-3.8474065985730657,0.0022927739480855243,5.687470771059554
2026-07-15T12:42:48+03:00,13.23,293.83,135.99726225225223,3.4992,160.99541085381,149.7081422897328,-0.12874361656589597,4.04352,4.14072,0.08594366926962349,,-1.0255944532841736,23.033136,58.305359,6.996393037705276,159.66881901716974,320.66422987097974,-3.791608661957923,0.0022361339318896414,5.689706904991444
2026-07-15T12:42:50+03:00,13.08,293.83,133.000692983718,3.4992,162.99503355881663,149.23258731977424,-0.2688317974753823,4.19904,4.19904,0.06875493541569878,,0.544309905374282,23.033152,58.305321,7.065280198100361,158.7639409765573,321.7589745353739,-3.913908508125346,0.0023393144104187002,5.692046219401862
2026-07-15T12:42:52+03:00,13.05,293.83,131.99801684223905,3.7908,162.99503355881663,149.135184494602,-0.2843016579439145,4.276800000000001,4.31568,0.11459155902616464,,-0.6703606203030631,23.033176,58.305287,7.372713201884297,157.53544200984308,320.5304755686597,-3.9522596336952693,0.0021796799357022274,5.694225899337565
2026-07-15T12:42:54+03:00,12.93,293.83,135.00031568872456,3.5964,158.99578814880346,148.0924013074639,-0.8519309455800211,4.19904,4.0824,0.08594366926962349,,-0.5385803274229739,23.033203,58.305252,7.205747086301489,159.33421351498762,318.3300016637911,-3.9288525086441943,0.002269997069042828,5.696495896406607
2026-07-15T12:42:56+03:00,12.78,293.84,131.99801684223905,3.5964,159.99846429028239,148.91746053245225,0.4033622877720996,4.14072,4.21848,0.06875493541569878,,-0.34377467707849396,23.033223,58.305212,7.071623147920115,157.79315934807312,317.79162363835553,-3.8335840280563045,0.0024858850559883916,5.698981781462596
2026-07-15T12:42:58+03:00,12.6,293.84,133.99763954724563,3.4992,161.99808699528896,148.86589433089048,0.49669711259891064,4.23792,4.0629599999999995,0.11459155902616464,,-0.9339212060632418,23.033247,58.305174,7.1278414383047135,159.319751279722,321.31783827501096,-3.9648531287655104,0.0024065606678749726,5.701388342130471
2026-07-15T12:43:00+03:00,12.3,293.83,135.00031568872456,3.4992,161.99808699528896,149.2956126772386,-0.1283425461093044,4.257359999999999,4.1796,0.09167324722093173,,-0.664631042351755,23.033269,58.305139,7.17200607353302,159.81861005232514,321.81669704761407,-3.9959799295149496,0.0022155245661345034,5.703603866696605
2026-07-15T12:43:02+03:00,11.85,293.83,135.00031568872456,3.4992,162.99503355881663,149.83419300466159,-0.2550808103922425,4.52952,3.8491199999999997,0.05729577951308232,,-0.47555496995858326,23.033296,58.305102,7.428050293135558,160.5428698605443,323.53790341936093,-4.270843589089937,0.0023818387497108956,5.705985705446317
2026-07-15T12:43:04+03:00,11.32,293.839,133.000692983718,3.4992,166.99427896882975,148.28720695780834,-0.1691944369021321,4.93776,4.02408,0.011459155902616466,,0.6474423084978302,23.033315,58.305065,7.758453558181488,160.74034348460526,327.734622453435,-4.6614105665287155,0.0023035068532783016,5.7082892122995945
2026-07-15T12:43:06+03:00,10.68,293.828,135.99726225225223,3.402,162.99503355881663,148.45336471839633,0.07626068253191257,4.374,4.0824,0.03437746770784939,,-0.017188733853924696,23.03334,58.305023,7.218901942639567,160.8899979729066,323.88503153172326,-4.13295662772411,0.0026450988390408856,5.710934311138636
2026-07-15T12:43:08+03:00,10.2,293.84,135.99726225225223,3.402,161.99808699528896,148.91173095450097,0.09929358589617167,4.35456,4.21848,0.06302535746439056,,-0.6990085100596044,23.033362,58.304986,7.200536059127127,160.83935606631567,322.83744306160463,-4.113326275014227,0.002329982030673871,5.71326429316931
2026-07-15T12:43:10+03:00,9.93,293.837,135.99726225225223,3.6935999999999996,159.99846429028239,149.1466436505046,-0.11946170028477665,3.96576,3.92688,0.040107045659157625,,-0.40107045659157625,23.033386,58.304949,7.102298263478183,158.82118440459357,318.8196486948759,-3.697902431886974,0.002349589592263202,5.7156138827615734
2026-07-15T12:43:12+03:00,9.78,293.835,135.00031568872456,3.5964,162.99503355881663,148.29293653575968,-0.4982440986457639,4.23792,4.0824,0.06302535746439056,,-0.3495042550298022,23.033407,58.304911,7.2421383489505375,159.4427695356305,322.43780309444713,-3.968057365271727,0.002378424585124553,5.717992307346698
2026-07-15T12:43:14+03:00,9.78,293.843,135.99726225225223,3.4992,163.9977097002955,147.77727452014193,-0.5004213382672611,3.86856,4.101839999999999,0.045836623610465865,,-0.17188733853924698,23.033426,58.304877,6.832603471116699,159.15905609599312,323.1567657962886,-3.615446603623935,0.0021299276937025735,5.7201222350404
2026-07-15T12:43:16+03:00,9.78,293.846,136.99993839373113,3.4992,160.99541085381,147.81165198784979,0.1530370270794429,3.9851999999999994,3.92688,0.12605071492878112,,-0.12605071492878112,23.033448,58.304844,6.965893430469889,159.96519797126592,320.96060882507595,-3.7440344304223006,0.0021017130318992596,5.722223948072299
2026-07-15T12:43:18+03:00,9.9,293.837,140.00223724021666,3.5964,160.99541085381,148.2528294901005,0.3087096600164876,4.14072,3.8296799999999998,0.14896902673401402,,-0.8021409131831525,23.033465,58.304815,7.272949079060701,161.4678216821045,322.46323253591447,-3.9260042139869675,0.0018239270637939661,5.724047875136093
2026-07-15T12:43:20+03:00,10.27,293.843,136.99993839373113,3.4992,159.99846429028239,148.28147737985705,-0.15865201347172497,4.00464,3.92688,-0.005729577951308233,,0.5385803274229739,23.033491,58.304783,6.984160188468529,160.0198341777718,320.0182984680542,-3.7636045715695756,0.0020913743806526244,5.726139249516746
2026-07-15T12:43:22+03:00,10.65,293.848,135.00031568872456,3.3047999999999997,158.99578814880346,148.01218721614555,-0.5840158805768482,4.04352,3.92688,0.017188733853924696,,0.6302535746439055,23.033514,58.304753,6.794853361011783,159.8845876375275,318.88037578633094,-3.796872456742018,0.001944025505489982,5.728083275022236
2026-07-15T12:43:24+03:00,11.28,293.848,135.99726225225223,3.3047999999999997,157.9988415852758,147.4048519533069,-0.31489760420390045,3.7519199999999997,3.9074399999999994,0.12605071492878112,,1.0485127650894066,23.033534,58.304719,6.544957493790513,159.46515256897865,317.46399415425446,-3.5135193227426527,0.002139039834879589,5.730222314857116
2026-07-15T12:43:26+03:00,11.88,293.844,142.00185994522323,3.09096,157.9988415852758,146.5568744165133,0.18621128341751753,3.6547199999999997,3.71304,0.25210142985756223,,0.38388172273765153,23.033559,58.304684,6.380841447616988,162.6491693465674,320.6480109318432,-3.4884178287373637,0.002247039515669608,5.732469354372785
2026-07-15T12:43:28+03:00,12.45,293.839,144.99842921375745,2.99376,157.9988415852758,147.25588292657287,0.32526814029576834,3.6741599999999996,3.7908,0.13178029288008933,,0.25210142985756223,23.033589,58.30465,6.362571630451242,164.3420638993784,322.3409054846542,-3.537812470759575,0.0022525905948755152,5.734721944967661
2026-07-15T12:43:30+03:00,12.93,293.85,144.99842921375745,2.99376,159.99846429028239,147.909054813022,0.48105536479183925,3.7908,3.71304,0.1604281826366305,,-0.5385803274229739,23.033612,58.304614,6.4749596646427605,164.62062943789505,324.6190937281774,-3.655055074676064,0.0022825342277160428,5.737004479195377
2026-07-15T12:43:32+03:00,13.08,293.843,140.99918380374427,2.89656,161.99808699528896,147.536632246187,-0.3878924273035673,3.9463199999999996,3.71304,0.10886198107485642,,0.47555496995858326,23.033637,58.30458,6.459877936532757,163.60919928982662,325.6072862851156,-3.785938770381492,0.002190866854378989,5.7391953460497565
2026-07-15T12:43:34+03:00,13.23,293.848,138.99956109873773,2.89656,158.99578814880346,147.3360970178912,-0.5523886102856267,3.8296799999999998,4.04352,0.03437746770784939,,0.3323155211758775,23.033659,58.304549,6.308742337036252,162.46899448711014,321.4647826359136,-3.65180700703333,0.00198865525929259,5.741184001309049
2026-07-15T12:43:36+03:00,13.38,293.851,140.00223724021666,3.09096,159.99846429028239,147.03815896442316,0.1299468279356707,4.00464,3.6935999999999996,0.20626480624709637,,-0.7276563998161455,23.033684,58.304513,6.675048445938274,162.68429652320665,322.68276081348904,-3.823146751442689,0.0023034129369630453,5.743487414246013
2026-07-15T12:43:38+03:00,13.5,293.846,142.00185994522323,3.5964,161.99808699528896,146.97513360695876,0.1666161268240434,4.04352,3.73248,0.10313240312354818,,-1.3407212406061262,23.033705,58.30448,7.225193057941189,162.15530813026498,324.15339512555397,-3.8489888995969768,0.0020914878552242056,5.7455789021012365
2026-07-15T12:43:40+03:00,13.53,293.847,138.99956109873773,3.402,161.99808699528896,146.88918993768914,0.35643704435088513,4.04352,3.6935999999999996,0.18907607239317165,,-2.039729750665731,23.033728,58.304445,6.977619420311349,161.34492498838935,323.3430119836783,-3.8310790216988124,0.002225634513345704,5.7478045366145825
2026-07-15T12:43:42+03:00,13.68,293.844,138.00261453521009,3.402,159.99846429028239,147.3590153296964,-0.4151652183517945,3.8491199999999997,3.6547199999999997,0.1546986046853223,,-1.3922874421679003,23.03375,58.304412,6.771458837409008,160.35714703216627,320.3556113224487,-3.62512545228067,0.002101715837023849,5.7499062524516065
2026-07-15T12:43:44+03:00,13.68,293.843,138.99956109873773,3.4992,157.9988415852758,146.90064909359177,-0.1759553388846758,3.7519199999999997,3.86856,0.1432394487827058,,-1.0255944532841736,23.033781,58.304376,6.792489349888218,160.24635876444646,318.24520034972227,-3.531136535056496,0.002375042811118555,5.752281295262725
2026-07-15T12:43:46+03:00,13.68,293.851,138.00261453521009,3.6935999999999996,159.99846429028239,147.22150545886504,1.1720424657196118,3.8296799999999998,3.7908,0.13750987083139757,,-1.0943493886998723,23.033808,58.304345,7.023817740581965,159.3990942215232,319.3975585118056,-3.584787180934275,0.0020491726461223676,5.754330467908848
2026-07-15T12:43:48+03:00,13.68,293.85,138.99956109873773,3.9074399999999994,158.99578814880346,149.5477141070962,-0.35752566416163367,3.6741599999999996,3.73248,0.19480565034447989,,-1.5068790011940651,23.033831,58.304313,7.101933618636074,158.84066303261645,317.8364511814199,-3.4264489144056607,0.002056028335600173,5.756386496244448
2026-07-15T12:43:50+03:00,13.68,293.846,138.00261453521009,3.5964,164.99465626382317,148.5908745892277,-0.6866326216847786,3.6547199999999997,3.8296799999999998,0.1432394487827058,,-0.962569095819783,23.03384,58.304279,6.769595248630466,159.1781883885092,324.1728446523324,-3.4160317899387653,0.0020633328135542285,5.758449829058002
2026-07-15T12:43:52+03:00,13.8,293.844,135.00031568872456,3.4992,159.99846429028239,148.46482387429893,0.7389436683802227,3.81024,3.61584,0.18334649444186346,,-1.0198648753328654,23.033853,58.304244,6.754098636101948,158.50994706885257,318.5084113591349,-3.5453566185579244,0.0021434559312287662,5.760593284989231
2026-07-15T12:43:54+03:00,13.83,293.843,138.99956109873773,3.4992,158.99578814880346,150.02899865500606,0.1631210842737454,3.8491199999999997,3.7713599999999996,0.1776169164905552,,-1.4438536437296745,23.033875,58.304208,6.884047956228162,160.51978060473343,319.51556875353685,-3.628783581675069,0.0022726841089637643,5.762865969098195
2026-07-15T12:43:55+03:00,13.83,293.852,135.00031568872456,3.9074399999999994,160.99541085381,150.1435902140322,0.3015476875773523,3.86856,3.6741599999999996,0.22918311805232927,,-1.4954198452914487,23.033896,58.304173,7.184110849867827,157.38149549394433,318.37690634775436,-3.571013789697623,0.0022058305847297353,5.765071799682925
2026-07-15T12:43:58+03:00,13.87,293.852,138.00261453521009,3.9074399999999994,162.99503355881663,150.6019564501369,-0.5499248917665641,4.0629599999999995,3.9463199999999996,0.26929016371148695,,-1.8162762105647094,23.033916,58.30414,7.441283292720618,159.4304170830597,322.4254506418763,-3.803930815663444,0.002081691059121317,5.7671534907420465
2026-07-15T12:44:00+03:00,13.83,293.852,133.000692983718,3.5964,165.99733240530213,149.53052537324226,0.5074687191473701,3.96576,3.6741599999999996,0.17188733853924698,,-0.6359831525952138,23.033934,58.304102,6.9365369827845225,157.71696961467802,323.71430201998015,-3.669605226461375,0.0023537695102178757,5.769507260252264
2026-07-15T12:44:02+03:00,13.98,293.848,135.00031568872456,3.4992,159.99846429028239,148.9346492663062,0.06669228735322782,3.888,3.81024,0.18907607239317165,,-0.9511099399171665,23.033956,58.304067,6.826512289341072,158.74903917879215,318.74750346907456,-3.623622964377619,0.002215531167717914,5.7717227914199825
2026-07-15T12:44:04+03:00,13.98,293.846,138.99956109873773,3.5964,158.99578814880346,148.1095900413178,-0.19566508703717614,4.0629599999999995,3.71304,0.10313240312354818,,-0.9453803619658584,23.033981,58.304034,7.176159635739845,160.80446450080194,319.8002526496054,-3.837067520415057,0.0021349121798531338,5.773857703599836
2026-07-15T12:44:06+03:00,14.1,293.846,138.00261453521009,3.3047999999999997,160.99541085381,148.24709991214922,0.10897657263388258,3.8296799999999998,3.86856,0.11459155902616464,,-0.017188733853924696,23.034008,58.304001,6.663324385036966,160.618838737639,321.61424959144904,-3.6126590077725282,0.0021590689287052135,5.776016772528541
2026-07-15T12:44:08+03:00,14.13,293.847,138.99956109873773,3.09096,160.99541085381,148.53930838766593,0.5213915935690492,3.9463199999999996,3.7713599999999996,0.05156620156177409,,0.2119943841984046,23.034037,58.303965,6.598418196857651,162.10180138474084,323.0972122385508,-3.7553341606192308,0.0023497159093083023,5.778366488437849
2026-07-15T12:44:10+03:00,14.13,293.846,144.99842921375745,2.89656,161.99808699528896,148.02364637204818,-0.17629911356175432,4.0824,3.8491199999999997,0.040107045659157625,,0.31512678732195276,23.034061,58.303932,6.665469737236511,165.566018799097,327.56410579438597,-3.9535410722805935,0.0021234363248263874,5.7804899247626755
2026-07-15T12:44:12+03:00,14.21,293.843,138.99956109873773,3.2076,160.99541085381,147.59965760365137,-0.06107730096094576,3.9851999999999994,3.8296799999999998,0.05156620156177409,,-0.017188733853924696,23.034084,58.303896,6.7427875571743705,161.81444098842925,322.80985184223925,-3.7861422214658935,0.0022825389184875284,5.782772463681163
2026-07-15T12:44:14+03:00,14.28,293.843,131.99801684223905,2.7993599999999996,158.99578814880346,146.84335331407868,-0.7924579264454417,3.9074399999999994,3.6741599999999996,0.05156620156177409,,0.1432394487827058,23.034108,58.303859,6.143475031835039,160.2062765727893,319.20206472159276,-3.6765801257995183,0.00234959712482952,5.785122060805993
2026-07-15T12:44:16+03:00,14.32,293.852,131.00107027871144,2.1967199999999996,157.9988415852758,145.6516011002066,0.003838817227376516,3.8296799999999998,3.61584,0.03437746770784939,,-0.09740282517223994,23.034133,58.303828,5.525465221429976,162.54001477527686,320.5388563605527,-3.6532341114604048,0.002023709786188131,5.787145770592181
2026-07-15T12:44:18+03:00,14.4,293.843,140.00223724021666,2.1967199999999996,156.99616544379688,146.10996733631123,0.4170559790757262,3.6935999999999996,3.6352800000000003,0.08594366926962349,,-0.4239887683968092,23.034156,58.303794,5.5587532289218125,165.28528454084395,322.28144998464086,-3.572459329099616,0.0021689111847664182,5.789314681776947
2026-07-15T12:44:20+03:00,14.43,293.848,135.99726225225223,2.39112,157.9988415852758,146.95794487310485,-0.5606964983150236,3.7908,3.71304,0.11459155902616464,,-0.48701412586119974,23.034177,58.30376,5.7556563820613755,163.22572413830991,321.2245657235857,-3.62949830571716,0.002148582359596485,5.791463264136543
2026-07-15T12:44:22+03:00,14.43,293.852,135.00031568872456,2.60496,159.99846429028239,145.64014194430396,0.19102412889661646,3.6352800000000003,3.6741599999999996,0.1604281826366305,,-1.3750987083139758,23.0342,58.303728,5.778703372119706,161.4125166577387,321.4109809480211,-3.445656765484755,0.002056032578586324,5.79351929671513
2026-07-15T12:44:24+03:00,14.58,293.846,144.99842921375745,2.39112,159.99846429028239,144.50568550994493,-0.35059287484055074,3.61584,3.8296799999999998,0.18907607239317165,,-2.1886987773997446,23.034223,58.303696,5.740740996583599,166.17754333697337,326.1760076272558,-3.511127854840211,0.0020560328100023887,5.795575329525132
2026-07-15T12:44:26+03:00,14.73,293.843,144.99842921375745,2.29392,156.99616544379688,142.9415107292378,-0.40152882282768093,3.7713599999999996,3.61584,0.18334649444186346,,-2.1600508876432034,23.034247,58.303665,5.801572752539008,166.89132096111157,323.8874864049085,-3.673084481061713,0.002011599990201917,5.797586929515334
2026-07-15T12:44:28+03:00,14.73,293.846,144.0014826502298,2.50776,151.9999734702561,141.9732120554667,-0.32263253443816653,3.51864,3.6935999999999996,0.18907607239317165,,-2.0741072183735803,23.034268,58.303635,5.739976804865285,165.12028996346714,317.12026343372327,-3.4006497133665436,0.0019213269618344562,5.799508256477169
2026-07-15T12:44:30+03:00,14.73,293.851,144.99842921375745,2.50776,153.99959617526267,141.44609088394634,-0.5458568914211354,3.6547199999999997,3.61584,0.2119943841984046,,-2.486636830867773,23.034293,58.303607,5.887348331576865,165.85783255746836,319.857428732731,-3.54395443312798,0.0018590102713126465,5.801367266748481
2026-07-15T12:44:32+03:00,14.73,293.851,146.00110535523638,2.29392,153.99959617526267,142.19666559556768,0.0032658594322456922,3.47976,3.5964,0.18907607239317165,,-2.343397382085067,23.03432,58.30358,5.532287886012861,166.59349517079954,320.59309134606224,-3.3849350139221572,0.0018332862686546282,5.8032005530171356
2026-07-15T12:44:34+03:00,14.73,293.852,150.99729732877717,2.50776,151.9999734702561,142.8211895922603,0.3710474681267211,3.38256,3.28536,0.20053522829578813,,-2.4006931615981495,23.034348,58.303553,5.706870224864341,167.6984292135366,319.69840268379266,-3.304895521812908,0.0018481874685759522,5.805048740485711
2026-07-15T12:44:36+03:00,14.73,293.856,146.00110535523638,3.402,151.9999734702561,142.6607614096237,0.09665798003856987,3.44088,3.46032,0.21772396214971285,,-2.3491269600363753,23.034375,58.303525,6.543907859218826,163.10007799444946,315.10005146470553,-3.2922820867384277,0.001886704096450681,5.8069354445821615
2026-07-15T12:44:38+03:00,14.73,293.858,144.0014826502298,3.09096,156.99616544379688,142.36855293410696,-0.12095139055211677,3.6352800000000003,3.47976,0.20626480624709637,,-2.148591731740587,23.0344,58.303493,6.399272093671471,163.50686777306169,320.50303321685857,-3.485701938644021,0.0020791893019518836,5.8090146338841135
2026-07-15T12:44:40+03:00,14.58,293.848,142.00185994522323,2.99376,158.99578814880346,142.34563462230173,-0.08474045789984876,3.8296799999999998,3.402,0.20053522829578813,,-2.0511889065683473,23.034427,58.303461,6.457462174837886,163.4162548770534,322.41204302585686,-3.6703790452672753,0.0021039866721732268,5.811118620556287
2026-07-15T12:44:42+03:00,14.58,293.847,140.99918380374427,2.89656,157.9988415852758,141.75548809331696,-0.04016434143867071,3.6741599999999996,3.4992,0.22918311805232927,,-2.3835044277442243,23.03445,58.30343,6.199254452580048,162.8993662067361,320.89820779201193,-3.5117245124300966,0.0019999159479856844,5.813118536504272
2026-07-15T12:44:44+03:00,14.58,293.846,138.00261453521009,3.09096,154.9965427387903,141.71538104765781,-0.24683021814235864,3.7519199999999997,3.402,0.2119943841984046,,-2.486636830867773,23.034464,58.303404,6.3928239587977895,161.12458996414432,316.12113270293463,-3.5501578352170915,0.0016241424840858078,5.814742678988358
2026-07-15T12:44:46+03:00,14.58,293.852,136.99993839373113,2.99376,157.9988415852758,141.4289021500924,-0.0576968499696739,3.53808,3.402,0.22918311805232927,,-2.223076245107594,23.03449,58.303372,6.0806108097858305,160.3800810365141,318.3789226217899,-3.3326618194062476,0.0020913872380638587,5.816834066226422
2026-07-15T12:44:48+03:00,14.58,293.847,136.99993839373113,3.402,155.99921888026924,142.19666559556768,1.626455293037868,3.6741599999999996,3.46032,0.3380450991271857,,-2.3262086482311424,23.034518,58.303341,6.5845377458750525,159.36795830264467,315.3671771829139,-3.438509032833826,0.002062524598213128,5.818896590824635
2026-07-15T12:44:50+03:00,14.58,293.843,140.00223724021666,3.6935999999999996,156.99616544379688,144.31087985960045,1.407241640620815,3.57696,3.28536,0.1432394487827058,,-2.2345354010102105,23.034543,58.303311,6.832256584452095,159.66658726393348,316.66275270773036,-3.3540669433936685,0.0019685096758888174,5.820865100500524
2026-07-15T12:44:52+03:00,14.58,293.848,138.00261453521009,3.3047999999999997,160.99541085381,145.51982080732648,-0.029392734890211235,3.96576,3.34368,0.14896902673401402,,-2.5840396560400127,23.034571,58.303278,6.791843107319058,160.99979542170666,321.9952062755167,-3.7496951362987843,0.0021717427264721033,5.823036843226996
2026-07-15T12:44:54+03:00,14.58,293.843,133.99763954724563,3.3047999999999997,158.99578814880346,146.1787222717269,0.2618417123747862,3.4992,3.44088,0.24064227395494575,,-2.320479070279834,23.034595,58.303249,6.2635208951201795,157.6937002270978,316.68948837590125,-3.2373478338040234,0.0019007881397296346,5.824937631366725
2026-07-15T12:44:56+03:00,14.58,293.839,135.99726225225223,3.09096,160.99541085381,145.6057644765961,-0.5342258481799796,3.47976,3.402,0.1546986046853223,,-2.211617089204978,23.034614,58.303216,6.093947645074204,159.36822759430106,320.36363844811103,-3.256583100856467,0.002072331772551593,5.827009963139277
2026-07-15T12:44:58+03:00,14.55,293.841,138.00261453521009,2.99376,158.99578814880346,144.61454749101978,-0.9717364205418761,3.42144,3.28536,0.22918311805232927,,-1.260507149287811,23.034631,58.303186,5.991118154100794,160.46713999323518,319.46292814203866,-3.22453576098727,0.001881462139707255,5.828891425278984
2026-07-15T12:45:00+03:00,14.43,293.836,138.00261453521009,3.2076,160.99541085381,142.91286283948122,-0.835200577962201,3.51864,3.47976,0.25210142985756223,,-1.7246029633437776,23.034655,58.303157,6.280530119514384,160.0181849596657,321.0135958134757,-3.3068218352035426,0.0019007889256387877,5.830792214204623
2026-07-15T12:45:02+03:00,14.43,293.847,140.99918380374427,3.3047999999999997,152.99692003378374,141.0793978950626,-0.5350279890931627,3.2270399999999997,3.38256,0.19480565034447989,,-1.283425461093044,23.034679,58.30313,6.157222582119222,160.25804620276017,313.2549662365439,-3.037365756110541,0.0017911868801172087,5.83258340108474
2026-07-15T12:45:04+03:00,14.43,293.846,140.00223724021666,3.2076,157.9988415852758,140.60384292510403,0.16804852131187045,3.47976,3.34368,0.26929016371148695,,-1.0427831871380984,23.034699,58.3031,6.284796797436701,160.84971261497435,318.8485542002502,-3.287194798368242,0.0019106585127268009,5.834494059597467
2026-07-15T12:45:06+03:00,14.43,293.839,140.99918380374427,3.2076,155.99921888026924,140.05380344177843,-0.40410713290576966,3.47976,3.38256,0.18334649444186346,,-0.8823550045014679,23.034726,58.303069,6.30442174390944,161.325288879101,317.32450775937025,-3.2965565369126755,0.0020491854432494057,5.836543245040716
2026-07-15T12:45:08+03:00,14.43,293.839,135.00031568872456,3.09096,152.99692003378374,140.48352178812655,-0.3422276910316407,3.5964,3.28536,0.24064227395494575,,-1.6214705602202295,23.034756,58.303039,6.181349034879877,159.29330794211052,312.29022797589425,-3.364082411034616,0.0020369914624654745,5.838580236503182
2026-07-15T12:45:10+03:00,14.32,293.835,135.99726225225223,3.2076,149.99462118729824,140.89605140062073,0.07362507667431077,3.2270399999999997,3.38256,0.2578310078088704,,-1.1573747461642627,23.034789,58.303017,5.966041172193074,158.06857245058,308.06319363787827,-2.993504037181573,0.0016837068532548607,5.840263943356437
2026-07-15T12:45:12+03:00,14.4,293.833,135.99726225225223,3.09096,152.99692003378374,141.47473877370285,0.29484408137432166,3.3242399999999996,3.2270399999999997,0.492743703812508,,-2.4006931615981495,23.034819,58.30299,5.948654442366268,158.8404101875281,311.83733022131184,-3.1001151510838585,0.0018792350713014465,5.8421431784277384
2026-07-15T12:45:14+03:00,14.28,293.835,133.000692983718,3.09096,157.9988415852758,142.23104306327556,-0.35781214305919906,3.28536,3.44088,0.320856365273261,,-2.4293410513546903,23.034846,58.302961,5.847997630951899,157.25982950535592,315.25867109063176,-3.029980100543453,0.0019405187323933814,5.844083697160132
2026-07-15T12:45:16+03:00,14.28,293.835,131.00107027871144,3.2076,155.99921888026924,143.4514431669042,0.30212064537248307,3.34368,3.3047999999999997,0.29220847551671986,,-2.5840396560400127,23.034871,58.302933,5.961703524416375,156.0428744708238,312.04209335109306,-3.0556205073117333,0.0018590166590906154,5.845942713819222
2026-07-15T12:45:18+03:00,14.28,293.825,129.99839413723248,3.3047999999999997,157.9988415852758,144.0530488517916,-0.23451162554704597,3.3242399999999996,3.36312,0.12605071492878112,,-2.9908396905828973,23.03489,58.302903,6.0079169293266785,155.07755021125809,313.0763917965339,-3.0146833580927868,0.0019004526246770546,5.8478431664439
2026-07-15T12:45:20+03:00,14.17,293.832,129.00144757370484,4.00464,158.99578814880346,144.71767989414332,-0.09385048684242885,3.3047999999999997,3.34368,0.3323155211758775,,-2.1715100435458203,23.034905,58.302872,6.604308354324763,151.88604918603832,310.88183733484175,-2.91487376753022,0.0019226174134196266,5.849765783857319
2026-07-15T12:45:22+03:00,14.13,293.826,129.00144757370484,4.29624,157.9988415852758,144.5744404453606,-0.08445397900228334,3.3242399999999996,3.26592,0.4068000345428845,,-1.3464508185574346,23.034926,58.302842,6.8908912307112775,151.01932623624995,309.01816782152576,-2.9079892608721964,0.0019213320928754638,5.851687115950194
2026-07-15T12:45:24+03:00,14.13,293.833,133.000692983718,3.9074399999999994,154.9965427387903,143.86970235734972,0.1345304902967173,3.38256,3.2464799999999996,0.40107045659157625,,-1.6902254956359284,23.034948,58.302818,6.688660771703348,154.707231986246,309.7037747250363,-3.0582959067084325,0.0016011920886706047,5.853288308038865
2026-07-15T12:45:26+03:00,14.13,293.828,133.000692983718,4.00464,157.9988415852758,143.05037271031264,-0.3267578305631085,3.53808,3.1687199999999995,0.3380450991271857,,-2.039729750665731,23.034969,58.302792,6.919646858906815,154.95973838343983,312.95857996871564,-3.2055379496481584,0.0016977103071985143,5.854986018346064
2026-07-15T12:45:28+03:00,14.1,293.833,133.000692983718,3.7908,156.99616544379688,142.21958390737296,-0.4675908566062648,3.61584,3.5575200000000002,0.29220847551671986,,-1.432394487827058,23.034993,58.302761,6.792709953658079,155.91188288583442,312.9080483296313,-3.300968471057352,0.002011607286492079,5.856997625632555
2026-07-15T12:45:30+03:00,14.06,293.829,133.99763954724563,3.7908,156.99616544379688,141.23409649974792,-0.13624936368210977,3.53808,3.3242399999999996,0.45836623610465854,,-1.4896902673401402,23.035015,58.30273,6.746933331969014,156.1601897236832,313.1563551674801,-3.236207672715377,0.0019886677391525464,5.858986293371708
2026-07-15T12:45:32+03:00,13.98,293.82,133.99763954724563,4.00464,153.99959617526267,141.6466261122421,1.0706862317609693,3.402,3.2464799999999996,0.09167324722093173,,-1.925138191639566,23.035039,58.3027,6.821853926356262,155.02065008989342,309.02024626515606,-3.083777072709566,0.0019560615224784236,5.860942354894187
2026-07-15T12:45:34+03:00,13.83,293.83,133.99763954724563,3.7908,152.99692003378374,145.23907148771238,1.6270282508329987,3.36312,3.1687199999999995,0.09167324722093173,,-2.807493196141034,23.035075,58.302664,6.587280666347791,155.54509868904466,308.5420187228284,-3.0614057692793883,0.0024443953147572873,5.863386750208944
2026-07-15T12:45:36+03:00,13.68,293.83,131.00107027871144,3.7908,159.99846429028239,145.03280668146527,-0.6250969544877282,3.53808,3.51864,0.3552338329811104,,-2.773115728433184,23.035098,58.302636,6.669848717056053,154.60024562714568,314.5987099174281,-3.196079038928521,0.0018330841702095667,5.865219834379154
2026-07-15T12:45:38+03:00,13.46,293.83,129.00144757370484,3.4992,161.99808699528896,142.90713326152994,-1.3128181959832552,3.57696,3.1687199999999995,0.3666929888837269,,-1.9537860813961072,23.035117,58.302603,6.386964095989399,154.8010264930846,316.79911348837356,-3.2365574585755663,0.0020723347835291477,5.867292169162683
2026-07-15T12:45:40+03:00,12.9,293.82,135.99726225225223,3.4992,157.9988415852758,142.5977360521593,0.6494476607807881,3.6352800000000003,3.402,0.37242256683503505,,-2.899166443361966,23.035143,58.302571,6.615107252443917,158.44018676922752,316.4390283545033,-3.3809356592979394,0.002091394536697868,5.8693835636993805
2026-07-15T12:45:42+03:00,12.48,293.83,131.99801684223905,3.2076,153.99959617526267,144.2765023918926,0.3369564793164372,3.38256,3.44088,0.418259190445501,,-3.036676314193363,23.03517,58.302544,6.020784944026301,156.67625774711803,310.6758539223807,-3.106145301944735,0.0018332978819183225,5.871216861581299
2026-07-15T12:45:44+03:00,12.22,293.83,135.00031568872456,3.2076,159.99846429028239,143.57176430388168,-0.417571641091344,3.5964,3.36312,0.38961130068895977,,-2.6814424812122524,23.035197,58.302509,6.287844089654516,158.8560477657,318.85451205598235,-3.3542799323862473,0.0022700219012701753,5.8734868834825695
2026-07-15T12:45:46+03:00,12.03,293.83,133.99763954724563,3.4992,157.9988415852758,142.51179238288967,-0.8193296470370772,3.51864,3.2464799999999996,0.3609634109324186,,-2.223076245107594,23.035224,58.30248,6.459903761714796,157.0661937269705,315.0650353122463,-3.2405113887566137,0.0019405238255566979,5.875427407308126
2026-07-15T12:45:48+03:00,11.62,293.82,136.99993839373113,3.402,154.9965427387903,142.01331910112586,1.2821076581642432,3.51864,3.26592,0.3552338329811104,,-2.4637185190625397,23.035248,58.302452,6.439225575960347,158.88034748499643,313.87689022378675,-3.2822929534812557,0.00184582881416969,5.877273236122296
2026-07-15T12:45:50+03:00,10.98,293.83,136.99993839373113,3.2076,157.9988415852758,143.62333050544345,0.5982252338960925,3.73248,3.3242399999999996,0.395340878640268,,-2.6699833253096363,23.035272,58.302422,6.460035848293189,160.20639716543232,318.20523875070813,-3.5119597953641075,0.0019560638308756635,5.879229299953171
2026-07-15T12:45:52+03:00,10.83,293.83,133.99763954724563,3.3047999999999997,155.99921888026924,143.13631637958227,0.3994088789856969,3.73248,3.51864,0.3609634109324186,,-2.5267438765269303,23.035298,58.302388,6.479949048327018,158.47662508511152,314.47584396538076,-3.4722065901839234,0.0022024635758860532,5.881431763529057
2026-07-15T12:45:54+03:00,11.1,293.82,135.00031568872456,3.2076,154.9965427387903,144.60308833511718,1.0366525387301986,3.5964,3.3242399999999996,0.38961130068895977,,-2.790304462287109,23.035324,58.302358,6.287844089654516,158.8560477657,313.8525905044903,-3.3542799323862473,0.0019813972359202367,5.883413160764977
2026-07-15T12:45:56+03:00,10.98,293.82,131.00107027871144,3.3047999999999997,156.99616544379688,148.17834497673348,1.6441596889074104,3.42144,3.34368,0.41252961249419273,,-3.214293230683918,23.035346,58.302329,6.120835066591226,155.95330972764145,312.94947517143834,-3.124505899103918,0.0018765014884636493,5.885289662253441
2026-07-15T12:45:58+03:00,10.83,293.82,131.00107027871144,3.5964,159.99846429028239,149.6508465102197,-0.3613644813890102,3.42144,3.34368,0.4640958140559668,,-3.477853816444097,23.035361,58.302297,6.386401923338815,154.84960773554968,314.84807202583204,-3.0970716151971076,0.0019809290937125965,5.8872705913471535
2026-07-15T12:46:00+03:00,10.83,293.82,127.00182486869828,3.7908,164.99465626382317,147.8918660791681,-1.0124164239961646,3.6352800000000003,3.46032,0.3495042550298022,,-2.125673419935354,23.035373,58.302269,6.646269176557254,152.9027041688617,317.8973604326849,-3.2362509599662515,0.0017251607982336043,5.888995752145387
2026-07-15T12:46:02+03:00,10.46,293.82,127.00182486869828,3.6935999999999996,158.99578814880346,145.65733067815788,-0.2314176534533395,3.3242399999999996,3.46032,0.3552338329811104,,-2.125673419935354,23.035395,58.302237,6.282717868423046,151.99781089917437,310.9935990479778,-2.9350700766911224,0.002045098501616863,5.891040850647004
2026-07-15T12:46:04+03:00,10.38,293.82,125.99914872721935,3.4992,159.99846429028239,144.4999559319936,-0.43120803661545754,3.36312,3.4992,0.3666929888837269,,-2.440800207257307,23.035416,58.302206,6.11466085414277,152.4206723705349,312.4191366608173,-2.9809709585844835,0.0019778579334598792,5.893018708580463
2026-07-15T12:46:06+03:00,10.5,293.82,121.9999033172062,3.4992,158.99578814880346,143.57176430388168,-0.2510128100468137,3.61584,3.51864,0.3609634109324186,,-2.492366408819081,23.035436,58.302179,6.223208214002792,151.52058703980808,310.5163751886115,-3.178281794543061,0.0017415006257465158,5.8947602092062095
2026-07-15T12:46:08+03:00,10.68,293.83,121.9999033172062,3.402,161.99808699528896,142.64930225372106,0.1545840131262961,3.53808,3.38256,0.3380450991271857,,-2.3835044277442243,23.03546,58.302147,6.070286412262834,151.62266502868798,313.62075202397693,-3.1129324587515375,0.0020674135693248812,5.896827622775534
2026-07-15T12:46:10+03:00,10.68,293.82,123.99952602221278,3.402,156.99616544379688,142.56335858445144,-0.28802588361226483,3.36312,3.38256,0.4068000345428845,,-2.687172059163561,23.035487,58.302115,5.9732611718175335,151.8246772897077,308.8208427335046,-2.9646134785000866,0.0021039998184911902,5.898931622594025
2026-07-15T12:46:12+03:00,10.68,293.82,131.99801684223905,3.6935999999999996,151.9999734702561,143.187882581144,0.27364464295448115,3.34368,3.34368,0.37242256683503505,,-2.498095986770389,23.035518,58.302085,6.430401012696042,154.73071719113773,306.73069066139385,-3.0237283872112735,0.002051884345746796,5.900983506939772
2026-07-15T12:46:14+03:00,10.5,293.82,131.99801684223905,3.4992,154.9965427387903,143.6519783952,0.9336920229451896,3.3047999999999997,3.3242399999999996,0.4239887683968092,,-2.7100903709687945,23.035543,58.302057,6.216218336450403,155.270164515782,310.26670725457234,-3.0017183106000744,0.0018590249614842986,5.902842531901256
2026-07-15T12:46:16+03:00,9.97,293.83,131.00107027871144,3.4992,154.9965427387903,144.64892495872763,0.6028661920366523,3.402,3.38256,0.38388172273765153,,-2.521014298575622,23.03557,58.302028,6.279980807579189,155.13278603760736,310.12932877639764,-3.086582864773677,0.0019405286130900242,5.9047830605143465
2026-07-15T12:46:18+03:00,9.3,293.82,131.00107027871144,3.4992,155.99921888026924,145.55419827503434,0.4115555842424703,3.36312,3.18816,0.3666929888837269,,-2.3262086482311424,23.035592,58.301998,6.244726977921403,154.98277639060336,310.98199527087263,-3.0475944471033403,0.0019324673794553079,5.906715527893802
2026-07-15T12:46:20+03:00,8.73,293.82,131.00107027871144,3.4992,159.99846429028239,145.03280668146527,0.062051329212668156,3.5575200000000002,3.3242399999999996,0.3609634109324186,,-2.2345354010102105,23.035612,58.301964,6.421414773295467,155.7163237453314,315.71478803561376,-3.2427523428551637,0.002139054357138247,5.90885458225094
2026-07-15T12:46:22+03:00,8.58,293.82,129.99839413723248,3.5964,154.9965427387903,144.52287424379887,0.010026761414789406,3.44088,3.4992,0.3380450991271857,,-2.2803720246206765,23.035637,58.301936,6.3782386540808185,154.40875524561463,309.4052979844049,-3.1033246551132487,0.0018590261089696102,5.910713608359909
2026-07-15T12:46:24+03:00,8.51,293.82,123.99952602221278,3.4992,158.99578814880346,144.0931558974507,0.1046793891704014,3.42144,3.4992,0.3495042550298022,,-2.3147494923285254,23.035661,58.301905,6.110658039693694,151.65746359648483,310.6532517452883,-3.011295385260826,0.002011614196121248,5.9127252225560305
2026-07-15T12:46:26+03:00,8.58,293.82,125.0022021636917,3.2076,156.99616544379688,145.42241798215426,-0.14553127996322912,3.42144,3.46032,0.3609634109324186,,-2.566850922186088,23.035681,58.301879,5.880918036099144,153.46310407606254,310.4592695198594,-3.060980499976251,0.0016856291160518915,5.914410851672082
2026-07-15T12:46:28+03:00,8.77,293.82,129.00144757370484,3.2076,156.99616544379688,144.99842921375745,-0.13985899779143396,3.47976,3.2270399999999997,0.3380450991271857,,-2.343397382085067,23.035701,58.30185,6.037086140751248,155.6127618962272,312.6089273400241,-3.1692806824592514,0.0018540444537077626,5.91626489612579
2026-07-15T12:46:30+03:00,9.03,293.82,131.00107027871144,3.4992,157.9988415852758,144.45411930838316,0.19841528445380407,3.36312,3.42144,0.3380450991271857,,-2.3090199143772177,23.035726,58.301818,6.244726977921403,154.98277639060336,312.9816179758792,-3.0475944471033403,0.002079203495772088,5.918344099621563
2026-07-15T12:46:32+03:00,9.33,293.82,131.00107027871144,3.4992,152.99692003378374,144.09888547540206,-0.5942145293301768,3.14928,3.28536,0.3609634109324186,,-2.4751776749651566,23.035754,58.301789,6.051625000135891,154.12655937379918,307.1234794075829,-2.833596680222221,0.0019546160383300953,5.920298715659893
2026-07-15T12:46:34+03:00,9.6,293.82,131.00107027871144,3.2076,153.99959617526267,144.24212492418476,-0.354947354083545,3.3047999999999997,3.5575200000000002,0.3609634109324186,,-2.492366408819081,23.035776,58.301763,5.926194082114339,155.8902387533114,309.88983492857403,-3.016504444799687,0.0017103036639892258,5.922009019323882
2026-07-15T12:46:36+03:00,9.82,293.82,129.00144757370484,3.09096,160.99541085381,144.63173622487372,-0.19583697437571537,3.57696,3.38256,0.3609634109324186,,-2.274642446669368,23.035797,58.301735,6.022038329517198,156.49174388200754,317.4871547358175,-3.2800816434974056,0.0018089897181630527,5.923818009042045
2026-07-15T12:46:38+03:00,9.93,293.82,127.00182486869828,3.3047999999999997,156.99616544379688,144.7807052516077,-0.18649776231508294,3.6352800000000003,3.402,0.37242256683503505,,-2.3835044277442243,23.035822,58.301701,6.2127154950577,154.860918034605,311.8570834784019,-3.2909435087973775,0.002190890007047579,5.9260088990490924
2026-07-15T12:46:40+03:00,9.93,293.83,127.99877143222591,3.4992,159.99846429028239,144.96978132400088,0.02045459328617039,3.53808,3.47976,0.3781521447863433,,-2.6184171237478617,23.035845,58.301668,6.325055256041518,154.15378191295483,314.1522462032372,-3.1841566443158063,0.0021123854602352163,5.928121284509328
2026-07-15T12:46:42+03:00,10.16,293.82,125.99914872721935,4.00464,158.99578814880346,145.13593908458884,-0.3179915762976069,3.61584,3.38256,0.3666929888837269,,-2.389234005695533,23.035866,58.301636,6.792165698501222,151.51041008429235,310.5061982330958,-3.177975491780386,0.002034588712781382,5.93015587322211
2026-07-15T12:46:44+03:00,10.23,293.83,127.99877143222591,3.5964,158.99578814880346,145.34220389083595,0.5440234264767166,3.5575200000000002,3.46032,0.3609634109324186,,-2.4637185190625397,23.035883,58.301603,6.429889670975516,153.84750683667738,312.84329498548084,-3.1933158166528357,0.002054938138521482,5.9322108113606316
2026-07-15T12:46:46+03:00,10.23,293.83,127.99877143222591,3.2076,159.99846429028239,145.6000348986448,0.34165473323650997,3.61584,3.3047999999999997,0.3609634109324186,,-2.3777748497929165,23.035901,58.301571,6.135445838032501,155.67088106833268,315.66934535861503,-3.2947317802413445,0.0020057027239638726,5.9342165140845955
2026-07-15T12:46:48+03:00,9.63,293.83,125.99914872721935,2.99376,159.99846429028239,144.98124047990353,-0.3568954105869898,3.6352800000000003,3.44088,0.38388172273765153,,-2.595498811942629,23.035924,58.301542,5.913671871291192,155.8225324527848,315.8209967430672,-3.3163977978318613,0.001888429938292339,5.936104944022888
2026-07-15T12:46:50+03:00,9.33,293.83,129.00144757370484,2.89656,155.99921888026924,144.93540385629305,-0.20276976369679836,3.4992,3.36312,0.41252961249419273,,-3.9877862541105293,23.035955,58.301508,5.778580431842948,157.0739518507036,313.07317073097283,-3.222792609101,0.0022660919095811847,5.938371035932469
2026-07-15T12:46:52+03:00,9.33,293.83,129.99839413723248,3.402,156.99616544379688,144.8380010311208,-0.0930483459292457,3.53808,3.28536,0.4812845479098915,,-4.486259535874345,23.035974,58.301478,6.290070370277665,155.5230734162248,312.5192388600217,-3.2201063712151097,0.0019004602546775714,5.940271496187147
2026-07-15T12:46:54+03:00,9.18,293.83,131.00107027871144,3.09096,159.99846429028239,144.82081229726688,0.3548327625245188,3.61584,3.46032,0.45836623610465854,,-4.686794764170134,23.035992,58.301448,6.106834373685833,157.54310334537865,317.54156763566107,-3.3416405910315667,0.001890725105376928,5.942162221292524
2026-07-15T12:46:56+03:00,9.3,293.83,127.99877143222591,2.99376,159.99846429028239,144.637465802825,0.2676285861056075,3.6935999999999996,3.4992,0.48701412586119974,,-5.225375091593108,23.03602,58.301415,6.018352760601855,156.92140808843592,316.9198723787183,-3.3979939030155633,0.002171761685755176,5.944333982978279
2026-07-15T12:46:58+03:00,9.48,293.83,133.99763954724563,3.2076,157.9988415852758,144.47703762018838,0.00962569095819783,3.46032,3.46032,0.46982539200727513,,-4.698253920072751,23.036044,58.301388,6.138593394036868,157.9205656371642,315.91940722244,-3.2065526312554984,0.0017912026718881137,5.946125185650167
2026-07-15T12:47:00+03:00,9.48,293.83,131.99801684223905,3.09096,157.9988415852758,144.47703762018838,0.12066491165455136,3.4992,3.46032,0.41252961249419273,,-5.1222426884695595,23.036065,58.301356,6.022653924960488,157.57892988470797,315.57777146998376,-3.234680898462682,0.002034590423697023,5.948159776073863
2026-07-15T12:47:02+03:00,9.48,293.82,131.00107027871144,3.7908,161.99808699528896,144.73486862799726,0.36463034082125584,3.8296799999999998,3.44088,0.49847328176381617,,-5.746766685162156,23.036079,58.301325,6.934389924429606,155.63375196449175,317.6318389597807,-3.4885583601221084,0.001915084584291261,5.950074860658154
2026-07-15T12:47:04+03:00,9.48,293.83,127.99877143222591,3.4992,158.99578814880346,146.21882931738608,1.1310759833677582,3.44088,3.47976,0.40107045659157625,,-4.938896194027696,23.036099,58.301296,6.237722361086697,153.76454854987426,312.76033669867775,-3.086417810818771,0.0018540478231112666,5.951928908481266
2026-07-15T12:47:06+03:00,9.48,293.82,127.99877143222591,3.402,158.99578814880346,146.20737016148348,0.08462586634082259,3.36312,3.5964,0.492743703812508,,-5.294130027008806,23.036124,58.301269,6.0804416714053735,153.83877820992683,312.8345663587303,-3.0185918258532096,0.0018047963945924783,5.953733704875859
2026-07-15T12:47:08+03:00,9.63,293.83,127.00182486869828,3.5964,162.99503355881663,146.4537420133897,-0.2062075104675833,3.73248,3.47976,0.418259190445501,,-5.4316398978402045,23.036145,58.301238,6.5591996445006595,154.03129086150477,317.02632442032143,-3.355623883450858,0.0019778640179650164,5.955711568893824
2026-07-15T12:47:10+03:00,9.48,293.84,127.99877143222591,3.4992,159.99846429028239,146.2245588953374,-0.3179342805180938,3.81024,3.4992,0.3495042550298022,,-5.105053954615635,23.036167,58.301203,6.571061670378328,155.18839709987031,315.18686139015267,-3.4585263366504297,0.002215548805262973,5.957927117699087
2026-07-15T12:47:12+03:00,9.26,293.83,125.99914872721935,3.402,162.99503355881663,145.1130207727836,-0.703649468200164,3.7519199999999997,3.4992,0.12032113697747288,,-4.497718691776963,23.036188,58.301172,6.376144617918108,154.4272556887736,317.42228924759024,-3.3843742936541057,0.0019778644320665962,5.959904982131153
2026-07-15T12:47:14+03:00,9.22,293.84,123.00257945868512,3.402,160.99541085381,143.86970235734972,-0.5799478802314193,3.888,3.5964,0.1604281826366305,,-4.961814505832929,23.036211,58.301138,6.410850309948785,153.5742114857503,314.5696223395603,-3.481748874037199,0.002168929445828242,5.962073911576981
2026-07-15T12:47:16+03:00,9.48,293.84,123.99952602221278,3.4992,160.99541085381,143.02172482055607,-0.07053110458060435,3.81024,3.42144,0.3380450991271857,,-5.31704833881404,23.036237,58.301104,6.455490046805097,153.29592527340412,314.2913361272141,-3.4038376361334124,0.002202474686422938,5.964276386263404
2026-07-15T12:47:18+03:00,9.63,293.84,129.00144757370484,3.2076,156.99616544379688,143.39987696534246,0.6617662533761007,3.6741599999999996,3.46032,0.40107045659157625,,-4.629498984657051,23.036263,58.301074,6.214659317218303,156.35281039811275,313.34897584190963,-3.365650652706471,0.0019814095853225707,5.966257795848727
2026-07-15T12:47:20+03:00,9.9,293.84,133.000692983718,3.4992,157.9988415852758,144.26504323598996,0.7587680080917492,3.6547199999999997,3.402,0.4526366581533504,,-4.870141258611998,23.036287,58.301044,6.560884732074723,157.0419064932528,315.0407480785286,-3.365231055660337,0.0019560752700428044,5.9682138711187696
2026-07-15T12:47:22+03:00,10.23,293.84,129.00144757370484,3.2076,160.99541085381,145.1072911948323,-0.09470992353512507,3.81024,3.42144,0.40107045659157625,,-4.7039834980240585,23.036311,58.301011,6.339548020029071,156.8461211608778,317.8415320146878,-3.5033333650535883,0.0021234586605487823,5.970337329779318
2026-07-15T12:47:24+03:00,10.76,293.84,125.0022021636917,3.402,160.99541085381,147.48506604462523,1.0603156956691016,3.6741599999999996,3.38256,0.38961130068895977,,-4.979003239686854,23.036341,58.300981,6.277951201475887,153.64805921653058,314.6434700703406,-3.292357464007862,0.0020370170955478174,5.972374346874866
2026-07-15T12:47:26+03:00,11.43,293.84,125.0022021636917,3.4992,158.99578814880346,149.76543806924587,1.2292236536736683,3.5575200000000002,3.46032,0.3380450991271857,,-4.629498984657051,23.036368,58.300951,6.259507626780129,152.74758630093598,311.74337444973946,-3.16262763789339,0.0019947077135479023,5.974369054588414
2026-07-15T12:47:28+03:00,12.15,293.84,125.99914872721935,3.4992,163.9977097002955,150.73373674301698,0.4828888297362578,3.8296799999999998,3.5575200000000002,0.3781521447863433,,-4.3029130414324825,23.036386,58.300922,6.5317786026074085,154.31579184394053,318.31350154423603,-3.4512942583419863,0.0018334905840855726,5.9762025451725
2026-07-15T12:47:30+03:00,12.33,293.84,123.00257945868512,3.5964,163.9977097002955,151.23221002478078,-0.07087487925768284,3.7908,3.46032,0.38961130068895977,,-3.930490474597447,23.036402,58.300888,6.492739710308911,152.31984982665625,316.31755952695175,-3.3569604335600447,0.002105214929803827,5.978307760102304
2026-07-15T12:47:32+03:00,12.37,293.85,121.9999033172062,3.9074399999999994,164.99465626382317,151.01448606263108,0.5031142399043759,3.8296799999999998,3.44088,0.37242256683503505,,-4.308642619383791,23.036416,58.300856,6.7671394722120315,150.68076267532945,315.6754189391526,-3.339116798962448,0.001973618303374935,5.980281378405679
2026-07-15T12:47:34+03:00,12.63,293.85,123.99952602221278,3.6935999999999996,166.99427896882975,150.48736489111073,-0.016902254956359285,3.8491199999999997,3.57696,0.40107045659157625,,-3.517960862103255,23.036437,58.300815,6.660212035266736,152.62788239036036,319.6221613591901,-3.418169566375403,0.002552111188040345,5.98283348959372
2026-07-15T12:47:36+03:00,12.86,293.84,121.9999033172062,3.5964,163.9977097002955,150.22380430535054,-0.20735342605784493,3.7519199999999997,3.61584,0.38388172273765153,,-4.2456172619194,23.036457,58.300781,6.427424726907547,151.67208235744403,315.6697920577395,-3.3026134999864007,0.0021390605942406757,5.98497255018796
2026-07-15T12:47:38+03:00,12.93,293.85,120.99722717572726,3.9074399999999994,161.99808699528896,150.59049729423427,-0.24751776749651563,3.81024,3.57696,0.41252961249419273,,-5.082135642810402,23.036475,58.300747,6.717205329374027,150.09033054170945,312.0884175369984,-3.302764078607205,0.0021212652379300097,5.98709381542589
2026-07-15T12:47:40+03:00,12.71,293.86,120.99722717572726,3.7908,162.99503355881663,150.41860995569505,0.08221944360127315,3.7713599999999996,3.57696,0.26929016371148695,,-4.228428528065476,23.036495,58.300714,6.581685883640342,150.4152763135234,313.41030987234,-3.27967495287334,0.002081709617077296,5.989175525042968
2026-07-15T12:47:42+03:00,11.96,293.87,116.99798176571409,3.5964,164.99465626382317,148.83151686318263,-1.8135833089275948,3.888,3.5575200000000002,0.4469070802020421,,-4.629498984657051,23.036512,58.300682,6.383249866726488,149.8667421930299,314.86139845685307,-3.3625763362980017,0.0019969839321698113,5.991172508975137
2026-07-15T12:47:44+03:00,11.85,293.86,118.00065790719304,3.4992,161.99808699528896,145.54846869708302,-2.142231900214635,3.7908,3.6935999999999996,0.3781521447863433,,-4.045082033623611,23.036532,58.300647,6.250575683554604,150.377117092341,312.37520408763,-3.295333298997581,0.0021965600212836,5.9933690689964205
2026-07-15T12:47:46+03:00,12.22,293.86,125.0022021636917,3.4992,162.99503355881663,138.74745966888017,-4.614372898865598,3.6935999999999996,3.5964,0.34377467707849396,,-3.586715797518954,23.036549,58.300616,6.38078672336951,153.30712616286735,316.302159721684,-3.2999629477421313,0.0019391572502289042,5.9953082262466495
2026-07-15T12:47:48+03:00,12.63,293.86,129.99839413723248,3.3047999999999997,152.99692003378374,133.2069577899651,0.14060384292510403,3.8491199999999997,3.4992,0.3495042550298022,,-3.9075721627922144,23.036573,58.300584,6.487690916527934,157.03126927054126,310.028189304325,-3.543953908597171,0.0020674258454862772,5.997375652092136
2026-07-15T12:47:50+03:00,13.08,293.87,146.00110535523638,3.09096,146.99805191876402,137.8937525541352,3.479916464506568,3.53808,3.34368,0.4640958140559668,,-6.285347012585132,23.036605,58.300559,6.340748793447154,164.1818482808599,311.17990019962394,-3.404098871651768,0.0018109670073731413,5.9991866190995085
2026-07-15T12:47:52+03:00,13.08,293.86,144.99842921375745,2.7021599999999997,149.99462118729824,145.58284616479088,5.098063869515039,3.34368,3.3242399999999996,0.5271211715203573,,-7.282293576112763,23.036637,58.30053,5.769221551795296,164.41548711643014,314.4101083037284,-3.2207503436000757,0.002014943565324254,6.001201562664833
2026-07-15T12:47:54+03:00,13.23,293.86,129.99839413723248,2.7021599999999997,157.9988415852758,151.07178184214416,0.4430682629746656,3.5575200000000002,3.46032,0.5385803274229739,,-6.7609019825437136,23.036656,58.300498,5.68466567985112,158.64523431550472,316.64407590078054,-3.313273453353176,0.0020148879298591345,6.003216450594692
2026-07-15T12:47:56+03:00,13.38,293.87,120.99722717572726,3.09096,160.99541085381,152.3437481473346,0.2719257695690887,3.44088,3.3242399999999996,0.48701412586119974,,-5.357155384473197,23.036676,58.30047,5.687557253940086,152.2347725119967,313.23018336580674,-3.0447103583575936,0.0017976580676295412,6.005014108662322
2026-07-15T12:47:58+03:00,13.38,293.86,116.99798176571409,3.5964,164.99465626382317,152.85941016295232,0.7190047371096701,3.6935999999999996,3.402,0.3781521447863433,,-4.870141258611998,23.036691,58.300432,6.215887203449765,148.96714428989503,313.9618005537182,-3.164941740269508,0.002332710328226366,6.007346818990548
2026-07-15T12:48:00+03:00,13.38,293.85,114.99835906070751,3.7908,154.9965427387903,153.10005243690728,0.15034412544232803,3.402,3.18816,0.38961130068895977,,-4.698253920072751,23.036711,58.300402,6.0698866777564735,145.5268459570853,300.5233886958756,-2.8045798421223433,0.0019106744356908248,6.009257493426239
2026-07-15T12:48:02+03:00,13.38,293.86,114.0014124971799,3.9074399999999994,155.99921888026924,153.56987782891454,0.11923251716672431,3.2076,3.36312,0.3666929888837269,,-4.910248304271155,23.036732,58.300376,5.979382976754369,143.34593584268322,299.34515472295243,-2.573311603282182,0.0016977279992345304,6.010955221425474
